----,
DateTime:        , 2025/11/18, 17:39:23, 1763501962816,
RFID_EPC:        ,--Not Acquired--,
RFID_UserData:   ,--Not Acquired--,
Barcode:         ,--Not Acquired--,
PIF:,            0.00,
PARs:,            0.0,     0.0,     0.0,     0.0,     0.0,     0.0,
Light:,           0.0,     0.0,     0.0,     0.0,     0.0,     0.0,
Cycles:,            1,
                    1,      69,      70,      70,
Lamps:,        #10000,
Gain:,              5,      25, 
SNR_raw:,     705.09,
Position:,        0.0,              0.0,   NoData,
DataPt,      Time(us),   EX,         EM,       Fit,
==========,==========,==========,==========,=========,
    0,        0.0,      0.000,       0.000,    187.218,
    1,        0.8,    164.137,     188.258,    191.241,
    2,        3.3,    179.951,     196.372,    195.933,
    3,        5.8,    180.108,     203.767,    200.892,
    4,        8.3,    180.291,     208.108,    206.078,
    5,       10.8,    180.213,     212.527,    211.446,
    6,       13.3,    180.317,     217.616,    216.967,
    7,       15.8,    180.422,     222.478,    222.611,
    8,       18.3,    180.435,     227.561,    228.348,
    9,       20.8,    180.618,     233.309,    234.158,
   10,       23.3,    180.710,     239.057,    240.016,
   11,       25.8,    180.540,     245.264,    245.895,
   12,       28.3,    180.488,     250.987,    251.780,
   13,       30.8,    180.828,     256.929,    257.663,
   14,       33.3,    180.762,     263.329,    263.519,
   15,       35.8,    180.632,     269.277,    269.333,
   16,       38.3,    180.789,     274.464,    275.098,
   17,       40.8,    180.645,     280.108,    280.796,
   18,       43.3,    180.893,     286.467,    286.425,
   19,       45.8,    180.854,     291.284,    291.969,
   20,       48.3,    180.762,     296.743,    297.420,
   21,       50.8,    180.933,     302.322,    302.773,
   22,       53.3,    180.933,     307.628,    308.020,
   23,       55.8,    180.959,     313.110,    313.154,
   24,       58.3,    180.933,     318.461,    318.169,
   25,       60.8,    180.920,     324.011,    323.062,
   26,       63.3,    180.959,     328.472,    327.829,
   27,       65.8,    180.828,     334.019,    332.465,
   28,       68.3,    181.181,     337.673,    336.973,
   29,       70.8,    180.972,     342.263,    341.345,
   30,       73.3,    181.077,     346.373,    345.582,
   31,       75.8,    181.064,     350.706,    349.684,
   32,       78.3,    180.998,     354.589,    353.649,
   33,       80.8,    181.064,     358.217,    357.478,
   34,       83.3,    180.920,     361.597,    361.171,
   35,       85.8,    181.037,     365.228,    364.731,
   36,       88.3,    180.998,     368.623,    368.157,
   37,       90.8,    180.972,     372.102,    371.452,
   38,       93.3,    181.024,     374.756,    374.617,
   39,       95.8,    181.050,     377.795,    377.657,
   40,       98.3,    181.037,     380.695,    380.571,
   41,      100.8,    180.972,     383.485,    383.364,
   42,      103.3,    181.077,     385.803,    386.039,
   43,      105.8,    181.090,     388.316,    388.598,
   44,      108.3,    181.090,     390.856,    391.044,
   45,      110.8,    181.037,     393.068,    393.381,
   46,      113.3,    181.129,     395.519,    395.613,
   47,      115.8,    180.959,     396.223,    397.742,
   48,      118.3,    180.946,     399.788,    399.772,
   49,      120.8,    181.168,     400.843,    401.705,
   50,      123.3,    180.972,     403.377,    403.548,
   51,      125.8,    181.116,     404.492,    405.301,
   52,      128.3,    181.050,     406.296,    406.969,
   53,      130.8,    181.194,     407.518,    408.554,
   54,      133.3,    181.077,     409.440,    410.062,
   55,      135.8,    181.286,     411.284,    411.493,
   56,      138.3,    181.077,     412.422,    412.853,
   57,      140.8,    181.142,     413.598,    414.144,
   58,      143.3,    181.155,     415.114,    415.368,
   59,      145.8,    181.011,     416.549,    416.531,
   60,      148.3,    180.985,     417.714,    417.633,
   61,      150.8,    181.011,     419.090,    418.677,
   62,      153.3,    181.155,     420.192,    419.665,
   63,      155.8,    181.181,     420.904,    420.601,
   64,      158.3,    181.155,     421.848,    421.488,
   65,      160.8,    181.286,     422.867,    422.326,
   66,      163.3,    181.168,     424.026,    423.121,
   67,      165.8,    181.208,     425.258,    423.873,
   68,      168.3,    181.155,     426.375,    424.584,
   69,      170.8,    181.247,     427.594,    425.256,
   70,      175.8,    179.846,     427.254,    427.882,
----,
DateTime:        , 2025/11/18, 17:39:31, 1763501971373,
RFID_EPC:        ,--Not Acquired--,
RFID_UserData:   ,--Not Acquired--,
Barcode:         ,--Not Acquired--,
PIF:,            0.00,
PARs:,            0.0,     0.0,     0.0,     0.0,     0.0,     0.0,
Light:,           0.0,     0.0,     0.0,     0.0,     0.0,     0.0,
Cycles:,            1,
                    1,      69,      70,      70,
Lamps:,        #10000,
Gain:,              5,      25, 
SNR_raw:,     592.82,
Position:,        0.0,              0.0,   NoData,
DataPt,      Time(us),   EX,         EM,       Fit,
==========,==========,==========,==========,=========,
    0,        0.0,      0.000,       0.000,    199.753,
    1,        0.8,    164.261,     200.778,    204.213,
    2,        3.3,    179.939,     209.082,    209.201,
    3,        5.8,    180.292,     216.648,    214.291,
    4,        8.3,    180.332,     221.148,    219.456,
    5,       10.8,    180.436,     225.786,    224.681,
    6,       13.3,    180.489,     231.483,    229.946,
    7,       15.8,    180.606,     235.318,    235.238,
    8,       18.3,    180.541,     240.278,    240.538,
    9,       20.8,    180.619,     245.489,    245.837,
   10,       23.3,    180.711,     251.340,    251.123,
   11,       25.8,    180.672,     255.380,    256.380,
   12,       28.3,    180.685,     260.896,    261.599,
   13,       30.8,    180.790,     266.608,    266.773,
   14,       33.3,    180.646,     271.471,    271.886,
   15,       35.8,    180.763,     276.715,    276.937,
   16,       38.3,    180.816,     280.838,    281.916,
   17,       40.8,    180.698,     286.224,    286.812,
   18,       43.3,    180.868,     290.820,    291.626,
   19,       45.8,    181.012,     295.560,    296.350,
   20,       48.3,    180.776,     300.703,    300.974,
   21,       50.8,    180.947,     305.173,    305.499,
   22,       53.3,    181.051,     310.188,    309.921,
   23,       55.8,    180.960,     314.103,    314.233,
   24,       58.3,    180.842,     318.953,    318.431,
   25,       60.8,    181.012,     323.072,    322.520,
   26,       63.3,    180.829,     327.381,    326.490,
   27,       65.8,    180.960,     331.013,    330.347,
   28,       68.3,    181.025,     334.539,    334.087,
   29,       70.8,    180.907,     337.631,    337.708,
   30,       73.3,    181.117,     341.769,    341.215,
   31,       75.8,    180.960,     344.718,    344.602,
   32,       78.3,    180.920,     348.109,    347.873,
   33,       80.8,    180.855,     351.331,    351.027,
   34,       83.3,    180.842,     354.896,    354.067,
   35,       85.8,    181.051,     357.468,    356.997,
   36,       88.3,    180.868,     360.594,    359.814,
   37,       90.8,    180.986,     363.233,    362.524,
   38,       93.3,    181.025,     365.253,    365.127,
   39,       95.8,    181.104,     367.414,    367.626,
   40,       98.3,    181.130,     370.121,    370.023,
   41,      100.8,    181.091,     372.521,    372.321,
   42,      103.3,    181.064,     374.563,    374.521,
   43,      105.8,    180.986,     376.715,    376.627,
   44,      108.3,    180.947,     377.902,    378.641,
   45,      110.8,    180.986,     380.693,    380.567,
   46,      113.3,    181.130,     381.605,    382.408,
   47,      115.8,    181.012,     383.842,    384.166,
   48,      118.3,    180.999,     385.306,    385.843,
   49,      120.8,    181.012,     387.599,    387.444,
   50,      123.3,    181.104,     388.176,    388.970,
   51,      125.8,    181.077,     390.330,    390.424,
   52,      128.3,    181.156,     391.265,    391.810,
   53,      130.8,    181.025,     393.205,    393.129,
   54,      133.3,    180.986,     394.395,    394.385,
   55,      135.8,    181.025,     395.304,    395.581,
   56,      138.3,    180.986,     396.606,    396.717,
   57,      140.8,    181.104,     397.231,    397.798,
   58,      143.3,    181.051,     398.782,    398.826,
   59,      145.8,    181.156,     399.214,    399.802,
   60,      148.3,    181.221,     400.725,    400.729,
   61,      150.8,    181.208,     401.085,    401.610,
   62,      153.3,    181.077,     402.369,    402.446,
   63,      155.8,    181.143,     403.328,    403.240,
   64,      158.3,    180.986,     404.120,    403.994,
   65,      160.8,    181.091,     405.212,    404.708,
   66,      163.3,    181.077,     406.014,    405.386,
   67,      165.8,    181.012,     407.045,    406.029,
   68,      168.3,    181.117,     407.693,    406.639,
   69,      170.8,    181.117,     408.466,    407.216,
   70,      175.8,    179.913,     407.753,    408.904,
----,
DateTime:        , 2025/11/18, 17:39:40, 1763501979936,
RFID_EPC:        ,--Not Acquired--,
RFID_UserData:   ,--Not Acquired--,
Barcode:         ,--Not Acquired--,
PIF:,            0.00,
PARs:,            0.0,     0.0,     0.0,     0.0,     0.0,     0.0,
Light:,           0.0,     0.0,     0.0,     0.0,     0.0,     0.0,
Cycles:,            1,
                    1,      69,      70,      70,
Lamps:,        #10000,
Gain:,              5,      25, 
SNR_raw:,     476.59,
Position:,        0.0,              0.0,   NoData,
DataPt,      Time(us),   EX,         EM,       Fit,
==========,==========,==========,==========,=========,
    0,        0.0,      0.000,       0.000,    205.108,
    1,        0.8,    164.104,     204.991,    208.889,
    2,        3.3,    180.192,     213.182,    213.276,
    3,        5.8,    180.296,     220.637,    217.871,
    4,        8.3,    180.283,     224.868,    222.627,
    5,       10.8,    180.283,     228.751,    227.504,
    6,       13.3,    180.453,     233.523,    232.470,
    7,       15.8,    180.375,     237.616,    237.490,
    8,       18.3,    180.663,     242.551,    242.548,
    9,       20.8,    180.480,     247.452,    247.612,
   10,       23.3,    180.545,     252.679,    252.666,
   11,       25.8,    180.650,     257.294,    257.697,
   12,       28.3,    180.741,     262.585,    262.689,
   13,       30.8,    180.663,     267.127,    267.626,
   14,       33.3,    180.663,     271.888,    272.498,
   15,       35.8,    180.846,     276.810,    277.300,
   16,       38.3,    180.768,     281.577,    282.019,
   17,       40.8,    180.689,     286.238,    286.647,
   18,       43.3,    180.807,     289.591,    291.181,
   19,       45.8,    180.833,     295.190,    295.615,
   20,       48.3,    180.833,     299.171,    299.944,
   21,       50.8,    180.898,     303.927,    304.165,
   22,       53.3,    180.938,     307.509,    308.274,
   23,       55.8,    181.108,     310.975,    312.270,
   24,       58.3,    180.977,     315.841,    316.149,
   25,       60.8,    181.055,     319.681,    319.911,
   26,       63.3,    180.964,     323.601,    323.553,
   27,       65.8,    180.977,     327.113,    327.077,
   28,       68.3,    181.082,     331.674,    330.483,
   29,       70.8,    180.938,     334.480,    333.769,
   30,       73.3,    180.859,     338.164,    336.937,
   31,       75.8,    181.029,     340.276,    339.990,
   32,       78.3,    181.029,     343.591,    342.927,
   33,       80.8,    181.186,     346.494,    345.753,
   34,       83.3,    181.108,     348.742,    348.467,
   35,       85.8,    181.095,     351.418,    351.072,
   36,       88.3,    181.095,     354.069,    353.570,
   37,       90.8,    181.173,     356.675,    355.964,
   38,       93.3,    181.095,     358.707,    358.256,
   39,       95.8,    180.912,     360.729,    360.448,
   40,       98.3,    180.938,     362.887,    362.543,
   41,      100.8,    180.977,     364.908,    364.546,
   42,      103.3,    180.977,     366.898,    366.458,
   43,      105.8,    181.343,     368.251,    368.282,
   44,      108.3,    181.069,     369.805,    370.023,
   45,      110.8,    181.029,     371.321,    371.681,
   46,      113.3,    180.912,     373.553,    373.261,
   47,      115.8,    181.134,     374.861,    374.766,
   48,      118.3,    181.029,     375.519,    376.197,
   49,      120.8,    181.108,     377.013,    377.559,
   50,      123.3,    181.173,     378.312,    378.853,
   51,      125.8,    181.095,     380.243,    380.083,
   52,      128.3,    181.003,     380.988,    381.253,
   53,      130.8,    180.951,     382.093,    382.363,
   54,      133.3,    181.016,     383.170,    383.416,
   55,      135.8,    181.082,     384.136,    384.416,
   56,      138.3,    181.147,     384.991,    385.364,
   57,      140.8,    180.951,     386.072,    386.263,
   58,      143.3,    181.029,     386.457,    387.116,
   59,      145.8,    181.029,     388.114,    387.923,
   60,      148.3,    181.082,     388.554,    388.689,
   61,      150.8,    181.029,     389.329,    389.414,
   62,      153.3,    181.082,     390.321,    390.100,
   63,      155.8,    181.095,     391.176,    390.750,
   64,      158.3,    181.134,     391.975,    391.365,
   65,      160.8,    181.042,     392.505,    391.947,
   66,      163.3,    181.069,     392.779,    392.498,
   67,      165.8,    180.977,     393.199,    393.020,
   68,      168.3,    181.239,     393.845,    393.512,
   69,      170.8,    181.016,     394.440,    393.978,
   70,      175.8,    179.760,     394.861,    395.660,
----,
DateTime:        , 2025/11/18, 17:39:48, 1763501988420,
RFID_EPC:        ,--Not Acquired--,
RFID_UserData:   ,--Not Acquired--,
Barcode:         ,--Not Acquired--,
PIF:,            0.00,
PARs:,            0.0,     0.0,     0.0,     0.0,     0.0,     0.0,
Light:,           0.0,     0.0,     0.0,     0.0,     0.0,     0.0,
Cycles:,            1,
                    1,      69,      70,      70,
Lamps:,        #10000,
Gain:,              5,      25, 
SNR_raw:,     645.40,
Position:,        0.0,              0.0,   NoData,
DataPt,      Time(us),   EX,         EM,       Fit,
==========,==========,==========,==========,=========,
    0,        0.0,      0.000,       0.000,    203.088,
    1,        0.8,    164.206,     203.525,    207.314,
    2,        3.3,    180.133,     212.028,    212.090,
    3,        5.8,    180.277,     219.773,    216.999,
    4,        8.3,    180.499,     223.491,    222.017,
    5,       10.8,    180.316,     228.266,    227.110,
    6,       13.3,    180.368,     232.968,    232.264,
    7,       15.8,    180.447,     238.186,    237.460,
    8,       18.3,    180.512,     242.421,    242.681,
    9,       20.8,    180.473,     248.015,    247.908,
   10,       23.3,    180.538,     252.578,    253.130,
   11,       25.8,    180.643,     258.078,    258.332,
   12,       28.3,    180.552,     263.637,    263.500,
   13,       30.8,    180.800,     268.141,    268.629,
   14,       33.3,    180.839,     273.170,    273.704,
   15,       35.8,    180.853,     278.348,    278.715,
   16,       38.3,    180.983,     283.341,    283.655,
   17,       40.8,    180.774,     287.763,    288.511,
   18,       43.3,    180.800,     292.146,    293.279,
   19,       45.8,    180.879,     297.547,    297.955,
   20,       48.3,    180.826,     301.947,    302.530,
   21,       50.8,    180.735,     306.637,    306.998,
   22,       53.3,    180.709,     311.330,    311.357,
   23,       55.8,    180.826,     314.888,    315.605,
   24,       58.3,    180.983,     319.808,    319.741,
   25,       60.8,    180.983,     323.787,    323.758,
   26,       63.3,    180.944,     327.615,    327.655,
   27,       65.8,    181.049,     332.507,    331.431,
   28,       68.3,    181.049,     335.490,    335.086,
   29,       70.8,    180.944,     339.000,    338.616,
   30,       73.3,    181.154,     342.582,    342.027,
   31,       75.8,    180.866,     345.892,    345.311,
   32,       78.3,    180.866,     348.988,    348.474,
   33,       80.8,    180.970,     352.433,    351.519,
   34,       83.3,    180.983,     354.950,    354.445,
   35,       85.8,    180.983,     357.712,    357.254,
   36,       88.3,    181.049,     360.234,    359.949,
   37,       90.8,    180.931,     363.122,    362.530,
   38,       93.3,    181.049,     364.984,    365.003,
   39,       95.8,    180.970,     367.685,    367.367,
   40,       98.3,    181.154,     369.410,    369.628,
   41,      100.8,    181.180,     371.785,    371.788,
   42,      103.3,    181.075,     374.099,    373.849,
   43,      105.8,    181.049,     376.142,    375.813,
   44,      108.3,    181.075,     377.633,    377.685,
   45,      110.8,    181.193,     379.485,    379.469,
   46,      113.3,    180.944,     381.223,    381.165,
   47,      115.8,    181.023,     382.162,    382.779,
   48,      118.3,    181.075,     384.150,    384.313,
   49,      120.8,    180.997,     385.201,    385.770,
   50,      123.3,    180.997,     387.300,    387.154,
   51,      125.8,    180.983,     387.991,    388.467,
   52,      128.3,    181.075,     389.341,    389.713,
   53,      130.8,    180.997,     390.615,    390.894,
   54,      133.3,    181.114,     391.465,    392.014,
   55,      135.8,    181.127,     392.762,    393.074,
   56,      138.3,    181.232,     393.749,    394.079,
   57,      140.8,    181.140,     394.942,    395.030,
   58,      143.3,    181.167,     395.327,    395.930,
   59,      145.8,    181.036,     396.607,    396.781,
   60,      148.3,    181.101,     397.457,    397.586,
   61,      150.8,    181.049,     398.566,    398.348,
   62,      153.3,    180.931,     399.379,    399.067,
   63,      155.8,    181.075,     399.503,    399.747,
   64,      158.3,    180.892,     400.681,    400.389,
   65,      160.8,    181.114,     401.183,    400.996,
   66,      163.3,    181.114,     401.735,    401.568,
   67,      165.8,    181.271,     403.152,    402.109,
   68,      168.3,    181.127,     403.142,    402.619,
   69,      170.8,    181.193,     404.210,    403.100,
   70,      175.8,    179.936,     404.254,    404.298,
----,
DateTime:        , 2025/11/18, 17:39:57, 1763501996908,
RFID_EPC:        ,--Not Acquired--,
RFID_UserData:   ,--Not Acquired--,
Barcode:         ,--Not Acquired--,
PIF:,            0.00,
PARs:,            0.0,     0.0,     0.0,     0.0,     0.0,     0.0,
Light:,           0.0,     0.0,     0.0,     0.0,     0.0,     0.0,
Cycles:,            1,
                    1,      69,      70,      70,
Lamps:,        #10000,
Gain:,              5,      25, 
SNR_raw:,     644.01,
Position:,        0.0,              0.0,   NoData,
DataPt,      Time(us),   EX,         EM,       Fit,
==========,==========,==========,==========,=========,
    0,        0.0,      0.000,       0.000,    199.865,
    1,        0.8,    164.138,     200.685,    204.100,
    2,        3.3,    179.988,     208.987,    208.900,
    3,        5.8,    180.380,     216.543,    213.852,
    4,        8.3,    180.354,     220.899,    218.918,
    5,       10.8,    180.498,     225.376,    224.079,
    6,       13.3,    180.550,     229.631,    229.309,
    7,       15.8,    180.577,     234.803,    234.588,
    8,       18.3,    180.577,     239.787,    239.898,
    9,       20.8,    180.406,     244.337,    245.216,
   10,       23.3,    180.590,     250.734,    250.537,
   11,       25.8,    180.734,     254.850,    255.845,
   12,       28.3,    180.498,     260.723,    261.119,
   13,       30.8,    180.721,     265.603,    266.357,
   14,       33.3,    180.590,     271.333,    271.540,
   15,       35.8,    180.851,     276.470,    276.668,
   16,       38.3,    180.707,     281.117,    281.722,
   17,       40.8,    180.851,     286.091,    286.700,
   18,       43.3,    180.694,     290.878,    291.590,
   19,       45.8,    180.838,     295.181,    296.389,
   20,       48.3,    180.995,     300.560,    301.093,
   21,       50.8,    180.917,     305.997,    305.691,
   22,       53.3,    180.773,     310.113,    310.178,
   23,       55.8,    180.812,     314.691,    314.554,
   24,       58.3,    180.891,     318.867,    318.815,
   25,       60.8,    180.917,     323.574,    322.958,
   26,       63.3,    180.995,     327.743,    326.981,
   27,       65.8,    180.969,     331.548,    330.882,
   28,       68.3,    180.943,     335.133,    334.660,
   29,       70.8,    181.061,     339.444,    338.315,
   30,       73.3,    180.865,     342.356,    341.843,
   31,       75.8,    181.074,     345.494,    345.250,
   32,       78.3,    180.956,     348.372,    348.532,
   33,       80.8,    181.074,     352.011,    351.694,
   34,       83.3,    180.917,     355.633,    354.733,
   35,       85.8,    180.956,     357.766,    357.653,
   36,       88.3,    181.022,     360.730,    360.457,
   37,       90.8,    181.074,     363.277,    363.146,
   38,       93.3,    181.061,     365.844,    365.723,
   39,       95.8,    181.113,     367.947,    368.189,
   40,       98.3,    181.113,     370.486,    370.549,
   41,      100.8,    180.917,     372.989,    372.802,
   42,      103.3,    181.022,     374.762,    374.955,
   43,      105.8,    181.009,     376.336,    377.009,
   44,      108.3,    181.074,     379.072,    378.968,
   45,      110.8,    181.035,     380.480,    380.835,
   46,      113.3,    180.982,     382.358,    382.613,
   47,      115.8,    181.152,     383.655,    384.305,
   48,      118.3,    181.087,     385.781,    385.915,
   49,      120.8,    181.100,     387.300,    387.445,
   50,      123.3,    180.943,     388.962,    388.899,
   51,      125.8,    181.074,     390.006,    390.279,
   52,      128.3,    181.009,     390.810,    391.590,
   53,      130.8,    180.930,     392.970,    392.833,
   54,      133.3,    181.100,     393.705,    394.012,
   55,      135.8,    181.192,     395.161,    395.129,
   56,      138.3,    181.139,     396.159,    396.188,
   57,      140.8,    181.022,     396.748,    397.192,
   58,      143.3,    181.152,     398.118,    398.141,
   59,      145.8,    181.113,     398.646,    399.040,
   60,      148.3,    181.061,     399.755,    399.891,
   61,      150.8,    181.139,     400.244,    400.696,
   62,      153.3,    181.218,     401.506,    401.457,
   63,      155.8,    181.192,     402.115,    402.176,
   64,      158.3,    181.100,     402.761,    402.857,
   65,      160.8,    181.061,     403.953,    403.499,
   66,      163.3,    181.179,     404.463,    404.106,
   67,      165.8,    180.956,     405.623,    404.680,
   68,      168.3,    181.152,     405.736,    405.221,
   69,      170.8,    181.179,     406.339,    405.732,
   70,      175.8,    179.870,     406.294,    406.951,
----,
DateTime:        , 2025/11/18, 17:40:05, 1763502005385,
RFID_EPC:        ,--Not Acquired--,
RFID_UserData:   ,--Not Acquired--,
Barcode:         ,--Not Acquired--,
PIF:,            0.00,
PARs:,            0.0,     0.0,     0.0,     0.0,     0.0,     0.0,
Light:,           0.0,     0.0,     0.0,     0.0,     0.0,     0.0,
Cycles:,            1,
                    1,      69,      70,      70,
Lamps:,        #10000,
Gain:,              5,      25, 
SNR_raw:,     677.01,
Position:,        0.0,              0.0,   NoData,
DataPt,      Time(us),   EX,         EM,       Fit,
==========,==========,==========,==========,=========,
    0,        0.0,      0.000,       0.000,    200.229,
    1,        0.8,    164.216,     201.076,    204.588,
    2,        3.3,    180.026,     209.474,    209.474,
    3,        5.8,    180.170,     217.129,    214.464,
    4,        8.3,    180.287,     221.424,    219.538,
    5,       10.8,    180.392,     225.731,    224.678,
    6,       13.3,    180.287,     230.077,    229.863,
    7,       15.8,    180.379,     235.504,    235.082,
    8,       18.3,    180.575,     240.454,    240.323,
    9,       20.8,    180.628,     245.034,    245.569,
   10,       23.3,    180.601,     250.496,    250.806,
   11,       25.8,    180.654,     255.516,    256.022,
   12,       28.3,    180.628,     260.868,    261.207,
   13,       30.8,    180.601,     266.000,    266.347,
   14,       33.3,    180.654,     271.569,    271.437,
   15,       35.8,    180.798,     275.999,    276.469,
   16,       38.3,    180.811,     281.288,    281.431,
   17,       40.8,    180.719,     285.526,    286.314,
   18,       43.3,    180.785,     290.511,    291.113,
   19,       45.8,    180.811,     294.783,    295.822,
   20,       48.3,    180.863,     299.563,    300.435,
   21,       50.8,    180.889,     304.385,    304.948,
   22,       53.3,    180.876,     308.940,    309.353,
   23,       55.8,    181.073,     313.465,    313.652,
   24,       58.3,    180.798,     317.924,    317.833,
   25,       60.8,    180.837,     322.721,    321.898,
   26,       63.3,    180.916,     326.008,    325.847,
   27,       65.8,    180.889,     330.146,    329.675,
   28,       68.3,    181.177,     334.148,    333.386,
   29,       70.8,    181.164,     337.925,    336.975,
   30,       73.3,    180.863,     340.921,    340.438,
   31,       75.8,    181.060,     344.417,    343.782,
   32,       78.3,    181.060,     347.731,    347.005,
   33,       80.8,    181.020,     350.679,    350.108,
   34,       83.3,    180.876,     353.391,    353.090,
   35,       85.8,    181.073,     356.542,    355.957,
   36,       88.3,    180.902,     359.641,    358.707,
   37,       90.8,    181.164,     361.550,    361.347,
   38,       93.3,    181.164,     363.869,    363.875,
   39,       95.8,    181.164,     366.408,    366.296,
   40,       98.3,    181.046,     368.635,    368.610,
   41,      100.8,    180.955,     370.811,    370.820,
   42,      103.3,    181.125,     373.223,    372.932,
   43,      105.8,    180.994,     374.598,    374.947,
   44,      108.3,    180.955,     376.558,    376.867,
   45,      110.8,    180.942,     378.575,    378.697,
   46,      113.3,    181.073,     380.179,    380.439,
   47,      115.8,    181.020,     381.173,    382.098,
   48,      118.3,    181.033,     383.465,    383.675,
   49,      120.8,    181.086,     384.901,    385.175,
   50,      123.3,    181.190,     385.561,    386.599,
   51,      125.8,    181.099,     387.744,    387.952,
   52,      128.3,    181.112,     388.489,    389.236,
   53,      130.8,    181.164,     389.591,    390.454,
   54,      133.3,    181.125,     391.222,    391.609,
   55,      135.8,    181.033,     392.524,    392.703,
   56,      138.3,    181.099,     393.487,    393.740,
   57,      140.8,    180.994,     394.378,    394.722,
   58,      143.3,    181.086,     395.835,    395.652,
   59,      145.8,    181.190,     396.047,    396.532,
   60,      148.3,    181.177,     396.628,    397.365,
   61,      150.8,    181.125,     398.289,    398.152,
   62,      153.3,    181.190,     399.028,    398.897,
   63,      155.8,    181.060,     399.427,    399.601,
   64,      158.3,    181.243,     400.347,    400.266,
   65,      160.8,    180.981,     401.368,    400.895,
   66,      163.3,    181.164,     401.956,    401.488,
   67,      165.8,    181.073,     403.043,    402.049,
   68,      168.3,    181.112,     403.507,    402.578,
   69,      170.8,    181.060,     404.176,    403.078,
   70,      175.8,    179.842,     404.576,    404.271,
----,
DateTime:        , 2025/11/18, 17:40:14, 1763502013858,
RFID_EPC:        ,--Not Acquired--,
RFID_UserData:   ,--Not Acquired--,
Barcode:         ,--Not Acquired--,
PIF:,            0.00,
PARs:,            0.0,     0.0,     0.0,     0.0,     0.0,     0.0,
Light:,           0.0,     0.0,     0.0,     0.0,     0.0,     0.0,
Cycles:,            1,
                    1,      69,      70,      70,
Lamps:,        #10000,
Gain:,              5,      25, 
SNR_raw:,     481.64,
Position:,        0.0,              0.0,   NoData,
DataPt,      Time(us),   EX,         EM,       Fit,
==========,==========,==========,==========,=========,
    0,        0.0,      0.000,       0.000,    201.384,
    1,        0.8,    164.116,     202.296,    205.816,
    2,        3.3,    180.004,     210.720,    210.756,
    3,        5.8,    180.227,     218.392,    215.775,
    4,        8.3,    180.266,     222.893,    220.851,
    5,       10.8,    180.371,     227.088,    225.973,
    6,       13.3,    180.384,     231.839,    231.125,
    7,       15.8,    180.475,     236.487,    236.297,
    8,       18.3,    180.659,     241.118,    241.478,
    9,       20.8,    180.410,     246.328,    246.647,
   10,       23.3,    180.567,     251.320,    251.803,
   11,       25.8,    180.685,     256.469,    256.933,
   12,       28.3,    180.580,     261.491,    262.024,
   13,       30.8,    180.659,     266.691,    267.070,
   14,       33.3,    180.711,     271.815,    272.062,
   15,       35.8,    180.829,     276.947,    276.993,
   16,       38.3,    180.737,     281.403,    281.850,
   17,       40.8,    180.711,     285.982,    286.629,
   18,       43.3,    180.724,     290.498,    291.324,
   19,       45.8,    180.842,     295.175,    295.931,
   20,       48.3,    180.881,     299.755,    300.443,
   21,       50.8,    180.894,     305.040,    304.855,
   22,       53.3,    180.881,     308.932,    309.163,
   23,       55.8,    181.064,     312.928,    313.365,
   24,       58.3,    181.025,     317.415,    317.456,
   25,       60.8,    180.999,     321.549,    321.432,
   26,       63.3,    180.881,     325.739,    325.290,
   27,       65.8,    180.750,     329.626,    329.029,
   28,       68.3,    180.960,     333.776,    332.653,
   29,       70.8,    180.946,     336.785,    336.158,
   30,       73.3,    181.077,     340.186,    339.546,
   31,       75.8,    180.946,     343.859,    342.813,
   32,       78.3,    180.986,     346.989,    345.963,
   33,       80.8,    181.103,     349.634,    348.997,
   34,       83.3,    181.103,     352.506,    351.915,
   35,       85.8,    181.064,     355.012,    354.718,
   36,       88.3,    181.156,     357.924,    357.410,
   37,       90.8,    181.064,     360.204,    359.990,
   38,       93.3,    181.130,     362.172,    362.463,
   39,       95.8,    180.933,     365.217,    364.828,
   40,       98.3,    180.960,     367.043,    367.090,
   41,      100.8,    180.999,     369.174,    369.253,
   42,      103.3,    181.051,     371.387,    371.318,
   43,      105.8,    181.051,     372.271,    373.289,
   44,      108.3,    181.090,     374.620,    375.169,
   45,      110.8,    181.234,     376.529,    376.961,
   46,      113.3,    181.130,     378.293,    378.667,
   47,      115.8,    180.973,     380.500,    380.289,
   48,      118.3,    181.012,     381.080,    381.833,
   49,      120.8,    180.999,     383.097,    383.300,
   50,      123.3,    181.038,     384.560,    384.694,
   51,      125.8,    181.182,     386.021,    386.019,
   52,      128.3,    181.077,     387.348,    387.275,
   53,      130.8,    180.973,     387.794,    388.467,
   54,      133.3,    180.946,     389.729,    389.598,
   55,      135.8,    181.326,     389.575,    390.670,
   56,      138.3,    181.117,     390.908,    391.685,
   57,      140.8,    181.103,     391.931,    392.647,
   58,      143.3,    181.025,     393.426,    393.558,
   59,      145.8,    180.999,     394.257,    394.419,
   60,      148.3,    181.143,     395.489,    395.235,
   61,      150.8,    181.051,     396.352,    396.006,
   62,      153.3,    181.208,     397.112,    396.736,
   63,      155.8,    180.946,     397.797,    397.425,
   64,      158.3,    181.143,     398.470,    398.077,
   65,      160.8,    181.352,     398.782,    398.692,
   66,      163.3,    181.143,     400.237,    399.274,
   67,      165.8,    181.182,     399.929,    399.824,
   68,      168.3,    180.973,     401.497,    400.342,
   69,      170.8,    181.117,     401.951,    400.832,
   70,      175.8,    179.860,     401.312,    401.787,
----,
DateTime:        , 2025/11/18, 17:40:22, 1763502022314,
RFID_EPC:        ,--Not Acquired--,
RFID_UserData:   ,--Not Acquired--,
Barcode:         ,--Not Acquired--,
PIF:,            0.00,
PARs:,            0.0,     0.0,     0.0,     0.0,     0.0,     0.0,
Light:,           0.0,     0.0,     0.0,     0.0,     0.0,     0.0,
Cycles:,            1,
                    1,      69,      70,      70,
Lamps:,        #10000,
Gain:,              5,      25, 
SNR_raw:,     482.83,
Position:,        0.0,              0.0,   NoData,
DataPt,      Time(us),   EX,         EM,       Fit,
==========,==========,==========,==========,=========,
    0,        0.0,      0.000,       0.000,    201.583,
    1,        0.8,    164.083,     202.459,    205.738,
    2,        3.3,    180.046,     210.431,    210.472,
    3,        5.8,    180.164,     217.691,    215.366,
    4,        8.3,    180.190,     222.654,    220.382,
    5,       10.8,    180.465,     226.970,    225.499,
    6,       13.3,    180.491,     231.147,    230.684,
    7,       15.8,    180.556,     235.938,    235.915,
    8,       18.3,    180.569,     241.015,    241.172,
    9,       20.8,    180.478,     246.568,    246.432,
   10,       23.3,    180.543,     251.463,    251.685,
   11,       25.8,    180.661,     256.503,    256.917,
   12,       28.3,    180.622,     261.763,    262.111,
   13,       30.8,    180.635,     266.615,    267.257,
   14,       33.3,    180.818,     271.876,    272.348,
   15,       35.8,    180.713,     276.349,    277.369,
   16,       38.3,    180.766,     282.133,    282.314,
   17,       40.8,    180.609,     286.365,    287.172,
   18,       43.3,    180.844,     291.079,    291.945,
   19,       45.8,    180.870,     295.792,    296.621,
   20,       48.3,    180.857,     300.790,    301.195,
   21,       50.8,    180.896,     305.479,    305.663,
   22,       53.3,    180.831,     309.903,    310.020,
   23,       55.8,    180.975,     314.077,    314.266,
   24,       58.3,    180.988,     318.585,    318.396,
   25,       60.8,    180.988,     321.900,    322.408,
   26,       63.3,    180.949,     326.612,    326.300,
   27,       65.8,    181.027,     330.226,    330.072,
   28,       68.3,    181.053,     333.824,    333.722,
   29,       70.8,    180.805,     337.602,    337.247,
   30,       73.3,    181.080,     341.507,    340.655,
   31,       75.8,    180.988,     344.774,    343.940,
   32,       78.3,    181.014,     347.487,    347.106,
   33,       80.8,    180.910,     350.894,    350.152,
   34,       83.3,    181.158,     354.055,    353.083,
   35,       85.8,    181.106,     357.029,    355.899,
   36,       88.3,    180.988,     358.366,    358.600,
   37,       90.8,    180.988,     361.571,    361.191,
   38,       93.3,    181.014,     364.281,    363.672,
   39,       95.8,    181.106,     366.636,    366.049,
   40,       98.3,    181.040,     367.984,    368.322,
   41,      100.8,    180.962,     370.796,    370.494,
   42,      103.3,    181.053,     372.708,    372.569,
   43,      105.8,    180.896,     375.132,    374.549,
   44,      108.3,    180.962,     376.212,    376.438,
   45,      110.8,    180.988,     378.147,    378.239,
   46,      113.3,    181.158,     380.110,    379.955,
   47,      115.8,    181.053,     381.103,    381.588,
   48,      118.3,    181.106,     382.539,    383.143,
   49,      120.8,    181.250,     383.890,    384.621,
   50,      123.3,    181.040,     385.991,    386.027,
   51,      125.8,    181.224,     387.146,    387.362,
   52,      128.3,    181.250,     388.525,    388.631,
   53,      130.8,    180.936,     389.199,    389.835,
   54,      133.3,    181.119,     390.572,    390.977,
   55,      135.8,    181.093,     391.623,    392.060,
   56,      138.3,    181.080,     392.755,    393.088,
   57,      140.8,    181.145,     393.938,    394.061,
   58,      143.3,    181.119,     394.547,    394.984,
   59,      145.8,    181.145,     395.815,    395.857,
   60,      148.3,    181.106,     396.343,    396.685,
   61,      150.8,    181.119,     397.529,    397.468,
   62,      153.3,    181.145,     398.907,    398.209,
   63,      155.8,    181.093,     398.801,    398.910,
   64,      158.3,    181.014,     399.858,    399.573,
   65,      160.8,    181.001,     400.881,    400.200,
   66,      163.3,    181.171,     401.167,    400.793,
   67,      165.8,    180.949,     402.434,    401.354,
   68,      168.3,    181.080,     402.806,    401.883,
   69,      170.8,    181.132,     402.579,    402.383,
   70,      175.8,    179.928,     402.827,    403.637,
----,
DateTime:        , 2025/11/18, 17:40:30, 1763502030772,
RFID_EPC:        ,--Not Acquired--,
RFID_UserData:   ,--Not Acquired--,
Barcode:         ,--Not Acquired--,
PIF:,            0.00,
PARs:,            0.0,     0.0,     0.0,     0.0,     0.0,     0.0,
Light:,           0.0,     0.0,     0.0,     0.0,     0.0,     0.0,
Cycles:,            1,
                    1,      69,      70,      70,
Lamps:,        #10000,
Gain:,              5,      25, 
SNR_raw:,     694.28,
Position:,        0.0,              0.0,   NoData,
DataPt,      Time(us),   EX,         EM,       Fit,
==========,==========,==========,==========,=========,
    0,        0.0,      0.000,       0.000,    201.219,
    1,        0.8,    164.134,     202.152,    205.563,
    2,        3.3,    180.072,     210.579,    210.436,
    3,        5.8,    180.059,     218.261,    215.408,
    4,        8.3,    180.413,     221.825,    220.469,
    5,       10.8,    180.360,     226.436,    225.592,
    6,       13.3,    180.465,     231.291,    230.766,
    7,       15.8,    180.478,     236.483,    235.972,
    8,       18.3,    180.504,     240.881,    241.196,
    9,       20.8,    180.426,     246.085,    246.423,
   10,       23.3,    180.727,     250.987,    251.649,
   11,       25.8,    180.622,     256.669,    256.852,
   12,       28.3,    180.648,     261.613,    262.024,
   13,       30.8,    180.740,     266.571,    267.157,
   14,       33.3,    180.609,     272.080,    272.234,
   15,       35.8,    180.845,     277.255,    277.257,
   16,       38.3,    180.805,     282.182,    282.209,
   17,       40.8,    180.831,     286.676,    287.084,
   18,       43.3,    180.792,     291.052,    291.874,
   19,       45.8,    180.779,     295.720,    296.573,
   20,       48.3,    180.792,     300.345,    301.176,
   21,       50.8,    180.858,     305.323,    305.678,
   22,       53.3,    180.897,     309.900,    310.074,
   23,       55.8,    180.884,     314.235,    314.360,
   24,       58.3,    180.936,     318.676,    318.532,
   25,       60.8,    180.831,     323.174,    322.586,
   26,       63.3,    180.818,     327.069,    326.521,
   27,       65.8,    181.054,     331.172,    330.340,
   28,       68.3,    180.962,     334.655,    334.035,
   29,       70.8,    181.054,     338.021,    337.609,
   30,       73.3,    180.975,     341.262,    341.059,
   31,       75.8,    181.028,     344.809,    344.387,
   32,       78.3,    180.949,     348.053,    347.593,
   33,       80.8,    181.002,     351.157,    350.678,
   34,       83.3,    181.132,     354.437,    353.645,
   35,       85.8,    181.015,     357.209,    356.493,
   36,       88.3,    180.949,     359.327,    359.224,
   37,       90.8,    181.015,     361.849,    361.842,
   38,       93.3,    181.041,     364.338,    364.349,
   39,       95.8,    181.041,     366.768,    366.747,
   40,       98.3,    180.936,     369.412,    369.039,
   41,      100.8,    181.119,     371.137,    371.228,
   42,      103.3,    181.145,     373.070,    373.317,
   43,      105.8,    181.041,     375.054,    375.309,
   44,      108.3,    181.093,     377.264,    377.206,
   45,      110.8,    181.119,     378.535,    379.013,
   46,      113.3,    181.172,     380.634,    380.733,
   47,      115.8,    181.145,     382.124,    382.368,
   48,      118.3,    181.002,     383.643,    383.921,
   49,      120.8,    180.975,     385.246,    385.396,
   50,      123.3,    181.172,     386.484,    386.797,
   51,      125.8,    181.119,     387.369,    388.126,
   52,      128.3,    181.093,     388.640,    389.386,
   53,      130.8,    181.015,     390.024,    390.580,
   54,      133.3,    181.172,     391.231,    391.711,
   55,      135.8,    181.002,     392.925,    392.783,
   56,      138.3,    181.172,     393.439,    393.797,
   57,      140.8,    181.119,     394.547,    394.757,
   58,      143.3,    181.119,     395.651,    395.664,
   59,      145.8,    181.015,     396.211,    396.523,
   60,      148.3,    181.093,     398.027,    397.334,
   61,      150.8,    181.106,     397.778,    398.101,
   62,      153.3,    181.237,     398.925,    398.825,
   63,      155.8,    181.145,     399.900,    399.509,
   64,      158.3,    180.962,     400.194,    400.155,
   65,      160.8,    181.145,     401.114,    400.765,
   66,      163.3,    181.119,     401.172,    401.341,
   67,      165.8,    181.093,     402.445,    401.884,
   68,      168.3,    181.015,     403.282,    402.396,
   69,      170.8,    181.106,     403.851,    402.879,
   70,      175.8,    179.889,     403.804,    403.979,
----,
DateTime:        , 2025/11/18, 17:40:39, 1763502039253,
RFID_EPC:        ,--Not Acquired--,
RFID_UserData:   ,--Not Acquired--,
Barcode:         ,--Not Acquired--,
PIF:,            0.00,
PARs:,            0.0,     0.0,     0.0,     0.0,     0.0,     0.0,
Light:,           0.0,     0.0,     0.0,     0.0,     0.0,     0.0,
Cycles:,            1,
                    1,      69,      70,      70,
Lamps:,        #10000,
Gain:,              5,      25, 
SNR_raw:,     503.64,
Position:,        0.0,              0.0,   NoData,
DataPt,      Time(us),   EX,         EM,       Fit,
==========,==========,==========,==========,=========,
    0,        0.0,      0.000,       0.000,    201.094,
    1,        0.8,    164.192,     202.080,    205.429,
    2,        3.3,    180.054,     210.203,    210.299,
    3,        5.8,    180.237,     217.602,    215.280,
    4,        8.3,    180.250,     222.358,    220.346,
    5,       10.8,    180.381,     226.188,    225.481,
    6,       13.3,    180.394,     231.271,    230.666,
    7,       15.8,    180.473,     236.379,    235.885,
    8,       18.3,    180.433,     240.864,    241.121,
    9,       20.8,    180.695,     246.160,    246.366,
   10,       23.3,    180.761,     251.604,    251.602,
   11,       25.8,    180.826,     256.711,    256.818,
   12,       28.3,    180.604,     262.010,    261.995,
   13,       30.8,    180.878,     266.367,    267.133,
   14,       33.3,    180.891,     271.655,    272.218,
   15,       35.8,    180.669,     276.749,    277.234,
   16,       38.3,    180.617,     281.812,    282.177,
   17,       40.8,    180.721,     286.518,    287.042,
   18,       43.3,    180.787,     290.508,    291.823,
   19,       45.8,    180.944,     295.893,    296.514,
   20,       48.3,    180.774,     300.597,    301.103,
   21,       50.8,    180.905,     305.686,    305.591,
   22,       53.3,    180.983,     309.421,    309.973,
   23,       55.8,    180.970,     314.306,    314.242,
   24,       58.3,    180.826,     318.538,    318.394,
   25,       60.8,    180.970,     322.595,    322.431,
   26,       63.3,    180.852,     326.897,    326.346,
   27,       65.8,    180.944,     330.379,    330.141,
   28,       68.3,    180.944,     334.358,    333.815,
   29,       70.8,    180.813,     337.808,    337.363,
   30,       73.3,    180.826,     341.765,    340.789,
   31,       75.8,    180.852,     344.812,    344.093,
   32,       78.3,    181.022,     347.581,    347.278,
   33,       80.8,    181.114,     350.608,    350.343,
   34,       83.3,    181.075,     353.556,    353.288,
   35,       85.8,    181.049,     356.258,    356.115,
   36,       88.3,    181.127,     358.975,    358.828,
   37,       90.8,    181.153,     362.235,    361.427,
   38,       93.3,    180.996,     364.428,    363.914,
   39,       95.8,    180.918,     366.576,    366.292,
   40,       98.3,    181.114,     369.270,    368.567,
   41,      100.8,    181.022,     371.335,    370.738,
   42,      103.3,    181.075,     372.443,    372.809,
   43,      105.8,    180.852,     374.228,    374.783,
   44,      108.3,    181.153,     376.477,    376.666,
   45,      110.8,    181.035,     377.937,    378.457,
   46,      113.3,    181.114,     379.540,    380.162,
   47,      115.8,    181.127,     381.500,    381.783,
   48,      118.3,    181.192,     382.577,    383.324,
   49,      120.8,    181.166,     384.398,    384.787,
   50,      123.3,    180.957,     385.838,    386.176,
   51,      125.8,    181.022,     387.576,    387.493,
   52,      128.3,    181.009,     388.267,    388.742,
   53,      130.8,    181.101,     388.844,    389.926,
   54,      133.3,    181.127,     390.996,    391.048,
   55,      135.8,    181.114,     391.687,    392.111,
   56,      138.3,    181.009,     392.798,    393.117,
   57,      140.8,    181.153,     393.700,    394.069,
   58,      143.3,    181.062,     395.114,    394.969,
   59,      145.8,    181.075,     394.865,    395.820,
   60,      148.3,    180.931,     395.732,    396.625,
   61,      150.8,    181.062,     397.876,    397.386,
   62,      153.3,    181.127,     398.284,    398.104,
   63,      155.8,    181.179,     398.831,    398.783,
   64,      158.3,    181.075,     400.056,    399.424,
   65,      160.8,    181.062,     400.527,    400.029,
   66,      163.3,    181.062,     401.079,    400.600,
   67,      165.8,    181.179,     401.812,    401.138,
   68,      168.3,    181.153,     402.311,    401.646,
   69,      170.8,    181.166,     403.055,    402.126,
   70,      175.8,    179.805,     402.547,    403.143,
----,
DateTime:        , 2025/11/18, 17:40:47, 1763502047729,
RFID_EPC:        ,--Not Acquired--,
RFID_UserData:   ,--Not Acquired--,
Barcode:         ,--Not Acquired--,
PIF:,            0.00,
PARs:,            0.0,     0.0,     0.0,     0.0,     0.0,     0.0,
Light:,           0.0,     0.0,     0.0,     0.0,     0.0,     0.0,
Cycles:,            1,
                    1,      69,      70,      70,
Lamps:,        #10000,
Gain:,              5,      25, 
SNR_raw:,     558.79,
Position:,        0.0,              0.0,   NoData,
DataPt,      Time(us),   EX,         EM,       Fit,
==========,==========,==========,==========,=========,
    0,        0.0,      0.000,       0.000,    201.034,
    1,        0.8,    164.116,     202.174,    205.506,
    2,        3.3,    180.047,     210.485,    210.492,
    3,        5.8,    180.231,     218.054,    215.554,
    4,        8.3,    180.231,     222.271,    220.672,
    5,       10.8,    180.270,     226.660,    225.834,
    6,       13.3,    180.427,     231.894,    231.029,
    7,       15.8,    180.479,     236.592,    236.242,
    8,       18.3,    180.519,     241.194,    241.459,
    9,       20.8,    180.584,     246.533,    246.671,
   10,       23.3,    180.610,     251.702,    251.865,
   11,       25.8,    180.715,     256.647,    257.033,
   12,       28.3,    180.610,     261.447,    262.160,
   13,       30.8,    180.898,     266.669,    267.246,
   14,       33.3,    180.807,     272.114,    272.274,
   15,       35.8,    180.820,     276.519,    277.237,
   16,       38.3,    180.623,     282.023,    282.125,
   17,       40.8,    180.741,     286.155,    286.936,
   18,       43.3,    180.794,     290.718,    291.663,
   19,       45.8,    180.780,     295.828,    296.300,
   20,       48.3,    180.885,     300.522,    300.842,
   21,       50.8,    180.924,     305.210,    305.285,
   22,       53.3,    180.911,     309.544,    309.623,
   23,       55.8,    180.990,     314.161,    313.855,
   24,       58.3,    181.095,     318.176,    317.976,
   25,       60.8,    180.872,     321.996,    321.980,
   26,       63.3,    181.016,     326.711,    325.871,
   27,       65.8,    180.898,     329.799,    329.643,
   28,       68.3,    180.990,     334.052,    333.298,
   29,       70.8,    180.911,     337.624,    336.833,
   30,       73.3,    180.767,     340.659,    340.246,
   31,       75.8,    181.042,     344.229,    343.546,
   32,       78.3,    180.938,     347.192,    346.725,
   33,       80.8,    181.068,     350.254,    349.789,
   34,       83.3,    181.082,     352.328,    352.738,
   35,       85.8,    181.068,     355.888,    355.572,
   36,       88.3,    181.042,     358.369,    358.292,
   37,       90.8,    181.068,     361.189,    360.903,
   38,       93.3,    180.924,     363.467,    363.404,
   39,       95.8,    181.147,     365.670,    365.801,
   40,       98.3,    180.951,     368.388,    368.092,
   41,      100.8,    181.068,     370.026,    370.285,
   42,      103.3,    180.924,     372.642,    372.378,
   43,      105.8,    181.068,     374.334,    374.377,
   44,      108.3,    180.977,     376.070,    376.284,
   45,      110.8,    181.029,     377.729,    378.102,
   46,      113.3,    181.003,     379.662,    379.833,
   47,      115.8,    181.108,     381.099,    381.483,
   48,      118.3,    181.055,     382.093,    383.052,
   49,      120.8,    181.029,     383.916,    384.544,
   50,      123.3,    181.082,     385.572,    385.962,
   51,      125.8,    181.121,     386.703,    387.310,
   52,      128.3,    181.095,     388.747,    388.589,
   53,      130.8,    181.173,     389.903,    389.803,
   54,      133.3,    181.042,     390.848,    390.955,
   55,      135.8,    181.186,     392.304,    392.047,
   56,      138.3,    181.108,     392.474,    393.081,
   57,      140.8,    181.186,     394.401,    394.062,
   58,      143.3,    181.029,     394.522,    394.990,
   59,      145.8,    181.016,     396.097,    395.869,
   60,      148.3,    180.859,     396.441,    396.700,
   61,      150.8,    181.108,     397.443,    397.486,
   62,      153.3,    181.199,     398.125,    398.230,
   63,      155.8,    181.212,     398.538,    398.933,
   64,      158.3,    181.108,     399.873,    399.598,
   65,      160.8,    181.160,     400.640,    400.226,
   66,      163.3,    181.173,     401.053,    400.819,
   67,      165.8,    181.095,     401.889,    401.379,
   68,      168.3,    181.147,     401.663,    401.908,
   69,      170.8,    181.212,     403.394,    402.407,
   70,      175.8,    179.733,     403.487,    403.416,
----,
DateTime:        , 2025/11/18, 17:40:56, 1763502056217,
RFID_EPC:        ,--Not Acquired--,
RFID_UserData:   ,--Not Acquired--,
Barcode:         ,--Not Acquired--,
PIF:,            0.00,
PARs:,            0.0,     0.0,     0.0,     0.0,     0.0,     0.0,
Light:,           0.0,     0.0,     0.0,     0.0,     0.0,     0.0,
Cycles:,            1,
                    1,      69,      70,      70,
Lamps:,        #10000,
Gain:,              5,      25, 
SNR_raw:,     609.07,
Position:,        0.0,              0.0,   NoData,
DataPt,      Time(us),   EX,         EM,       Fit,
==========,==========,==========,==========,=========,
    0,        0.0,      0.000,       0.000,    201.257,
    1,        0.8,    164.038,     202.515,    205.623,
    2,        3.3,    180.056,     210.628,    210.521,
    3,        5.8,    180.266,     218.011,    215.524,
    4,        8.3,    180.292,     222.084,    220.606,
    5,       10.8,    180.344,     226.566,    225.752,
    6,       13.3,    180.423,     231.900,    230.944,
    7,       15.8,    180.449,     236.078,    236.168,
    8,       18.3,    180.515,     241.089,    241.408,
    9,       20.8,    180.528,     246.500,    246.651,
   10,       23.3,    180.515,     251.282,    251.882,
   11,       25.8,    180.606,     256.913,    257.092,
   12,       28.3,    180.789,     261.520,    262.273,
   13,       30.8,    180.698,     266.412,    267.407,
   14,       33.3,    180.855,     272.152,    272.490,
   15,       35.8,    180.946,     277.541,    277.512,
   16,       38.3,    180.946,     282.072,    282.462,
   17,       40.8,    180.724,     287.621,    287.327,
   18,       43.3,    180.855,     291.062,    292.109,
   19,       45.8,    180.868,     295.685,    296.799,
   20,       48.3,    180.829,     300.395,    301.389,
   21,       50.8,    180.776,     306.124,    305.874,
   22,       53.3,    180.816,     310.372,    310.253,
   23,       55.8,    180.842,     315.082,    314.521,
   24,       58.3,    180.776,     319.179,    318.672,
   25,       60.8,    181.012,     323.294,    322.710,
   26,       63.3,    180.973,     326.679,    326.628,
   27,       65.8,    181.130,     330.813,    330.428,
   28,       68.3,    180.933,     334.819,    334.102,
   29,       70.8,    181.025,     338.406,    337.656,
   30,       73.3,    180.933,     341.452,    341.085,
   31,       75.8,    180.933,     344.547,    344.392,
   32,       78.3,    180.946,     348.059,    347.577,
   33,       80.8,    181.012,     350.916,    350.643,
   34,       83.3,    180.881,     353.934,    353.589,
   35,       85.8,    181.012,     356.883,    356.418,
   36,       88.3,    181.077,     359.184,    359.133,
   37,       90.8,    181.051,     361.776,    361.735,
   38,       93.3,    181.103,     364.433,    364.226,
   39,       95.8,    181.025,     366.469,    366.609,
   40,       98.3,    181.117,     368.934,    368.887,
   41,      100.8,    181.051,     370.945,    371.062,
   42,      103.3,    181.077,     373.432,    373.138,
   43,      105.8,    181.012,     374.893,    375.117,
   44,      108.3,    180.933,     377.377,    377.002,
   45,      110.8,    180.999,     378.456,    378.798,
   46,      113.3,    180.946,     380.444,    380.507,
   47,      115.8,    181.012,     381.743,    382.132,
   48,      118.3,    181.064,     383.289,    383.677,
   49,      120.8,    181.117,     384.835,    385.145,
   50,      123.3,    181.287,     385.908,    386.540,
   51,      125.8,    181.117,     387.044,    387.862,
   52,      128.3,    181.103,     388.838,    389.117,
   53,      130.8,    181.077,     390.220,    390.306,
   54,      133.3,    181.195,     390.849,    391.434,
   55,      135.8,    181.077,     392.319,    392.501,
   56,      138.3,    180.920,     393.654,    393.512,
   57,      140.8,    181.169,     394.549,    394.469,
   58,      143.3,    181.130,     395.076,    395.375,
   59,      145.8,    181.234,     395.510,    396.231,
   60,      148.3,    181.038,     396.712,    397.041,
   61,      150.8,    181.130,     397.505,    397.807,
   62,      153.3,    181.208,     398.658,    398.530,
   63,      155.8,    181.051,     399.335,    399.214,
   64,      158.3,    181.169,     400.510,    399.859,
   65,      160.8,    181.090,     401.457,    400.469,
   66,      163.3,    181.077,     401.596,    401.045,
   67,      165.8,    180.986,     402.242,    401.588,
   68,      168.3,    181.130,     402.916,    402.100,
   69,      170.8,    181.064,     402.951,    402.584,
   70,      175.8,    179.821,     403.068,    403.710,
----,
DateTime:        , 2025/11/18, 17:41:04, 1763502064694,
RFID_EPC:        ,--Not Acquired--,
RFID_UserData:   ,--Not Acquired--,
Barcode:         ,--Not Acquired--,
PIF:,            0.00,
PARs:,            0.0,     0.0,     0.0,     0.0,     0.0,     0.0,
Light:,           0.0,     0.0,     0.0,     0.0,     0.0,     0.0,
Cycles:,            1,
                    1,      69,      70,      70,
Lamps:,        #10000,
Gain:,              5,      25, 
SNR_raw:,     606.72,
Position:,        0.0,              0.0,   NoData,
DataPt,      Time(us),   EX,         EM,       Fit,
==========,==========,==========,==========,=========,
    0,        0.0,      0.000,       0.000,    202.231,
    1,        0.8,    164.194,     203.296,    206.526,
    2,        3.3,    180.172,     211.411,    211.353,
    3,        5.8,    180.159,     218.806,    216.287,
    4,        8.3,    180.316,     222.941,    221.312,
    5,       10.8,    180.408,     227.374,    226.409,
    6,       13.3,    180.487,     232.039,    231.560,
    7,       15.8,    180.604,     236.871,    236.751,
    8,       18.3,    180.657,     241.785,    241.964,
    9,       20.8,    180.683,     247.173,    247.186,
   10,       23.3,    180.722,     251.768,    252.403,
   11,       25.8,    180.748,     257.264,    257.603,
   12,       28.3,    180.709,     262.190,    262.771,
   13,       30.8,    180.748,     268.108,    267.900,
   14,       33.3,    180.774,     273.047,    272.978,
   15,       35.8,    180.801,     277.322,    277.997,
   16,       38.3,    180.879,     282.620,    282.947,
   17,       40.8,    180.748,     287.029,    287.818,
   18,       43.3,    180.918,     292.065,    292.607,
   19,       45.8,    180.801,     296.459,    297.303,
   20,       48.3,    180.918,     301.130,    301.904,
   21,       50.8,    180.722,     305.884,    306.398,
   22,       53.3,    180.840,     310.551,    310.787,
   23,       55.8,    180.945,     315.124,    315.066,
   24,       58.3,    180.892,     319.527,    319.230,
   25,       60.8,    180.866,     323.776,    323.276,
   26,       63.3,    180.958,     327.591,    327.203,
   27,       65.8,    180.905,     331.776,    331.008,
   28,       68.3,    181.010,     335.120,    334.692,
   29,       70.8,    180.958,     338.864,    338.252,
   30,       73.3,    180.853,     342.378,    341.687,
   31,       75.8,    180.997,     345.420,    345.000,
   32,       78.3,    180.971,     349.007,    348.191,
   33,       80.8,    180.971,     351.880,    351.260,
   34,       83.3,    180.984,     354.175,    354.210,
   35,       85.8,    181.010,     357.549,    357.041,
   36,       88.3,    180.931,     360.689,    359.755,
   37,       90.8,    181.115,     362.312,    362.357,
   38,       93.3,    181.088,     365.346,    364.847,
   39,       95.8,    180.997,     367.631,    367.227,
   40,       98.3,    181.088,     369.985,    369.502,
   41,      100.8,    180.997,     371.498,    371.673,
   42,      103.3,    181.154,     373.936,    373.744,
   43,      105.8,    180.997,     375.366,    375.718,
   44,      108.3,    181.154,     377.027,    377.599,
   45,      110.8,    180.997,     379.233,    379.388,
   46,      113.3,    181.167,     380.533,    381.090,
   47,      115.8,    180.997,     382.659,    382.708,
   48,      118.3,    181.102,     383.873,    384.245,
   49,      120.8,    180.879,     385.783,    385.703,
   50,      123.3,    180.984,     386.333,    387.088,
   51,      125.8,    181.075,     387.794,    388.401,
   52,      128.3,    180.984,     388.985,    389.646,
   53,      130.8,    181.232,     389.886,    390.825,
   54,      133.3,    181.193,     390.964,    391.943,
   55,      135.8,    181.219,     392.784,    393.000,
   56,      138.3,    181.036,     394.396,    394.001,
   57,      140.8,    181.115,     394.998,    394.948,
   58,      143.3,    180.931,     395.619,    395.843,
   59,      145.8,    181.010,     396.442,    396.690,
   60,      148.3,    180.945,     397.138,    397.490,
   61,      150.8,    181.219,     398.523,    398.245,
   62,      153.3,    181.075,     399.171,    398.958,
   63,      155.8,    180.984,     399.594,    399.632,
   64,      158.3,    181.102,     400.438,    400.268,
   65,      160.8,    181.141,     401.124,    400.868,
   66,      163.3,    181.180,     401.921,    401.434,
   67,      165.8,    181.115,     402.728,    401.968,
   68,      168.3,    180.997,     403.764,    402.472,
   69,      170.8,    181.036,     404.008,    402.947,
   70,      175.8,    179.636,     404.485,    404.201,
----,
DateTime:        , 2025/11/18, 17:41:13, 1763502073173,
RFID_EPC:        ,--Not Acquired--,
RFID_UserData:   ,--Not Acquired--,
Barcode:         ,--Not Acquired--,
PIF:,            0.00,
PARs:,            0.0,     0.0,     0.0,     0.0,     0.0,     0.0,
Light:,           0.0,     0.0,     0.0,     0.0,     0.0,     0.0,
Cycles:,            1,
                    1,      69,      70,      70,
Lamps:,        #10000,
Gain:,              5,      25, 
SNR_raw:,     531.00,
Position:,        0.0,              0.0,   NoData,
DataPt,      Time(us),   EX,         EM,       Fit,
==========,==========,==========,==========,=========,
    0,        0.0,      0.000,       0.000,    201.788,
    1,        0.8,    164.083,     202.824,    206.150,
    2,        3.3,    180.088,     211.242,    211.049,
    3,        5.8,    180.167,     218.908,    216.051,
    4,        8.3,    180.403,     222.170,    221.142,
    5,       10.8,    180.376,     227.857,    226.297,
    6,       13.3,    180.389,     231.832,    231.499,
    7,       15.8,    180.481,     236.479,    236.736,
    8,       18.3,    180.651,     241.792,    241.993,
    9,       20.8,    180.677,     247.402,    247.253,
   10,       23.3,    180.625,     252.457,    252.501,
   11,       25.8,    180.782,     257.105,    257.731,
   12,       28.3,    180.677,     262.235,    262.924,
   13,       30.8,    180.690,     267.419,    268.072,
   14,       33.3,    180.664,     273.214,    273.165,
   15,       35.8,    180.821,     277.733,    278.197,
   16,       38.3,    180.612,     282.706,    283.152,
   17,       40.8,    180.756,     287.349,    288.030,
   18,       43.3,    180.756,     292.107,    292.821,
   19,       45.8,    180.965,     296.631,    297.522,
   20,       48.3,    181.018,     301.960,    302.125,
   21,       50.8,    180.913,     306.446,    306.622,
   22,       53.3,    181.122,     310.840,    311.013,
   23,       55.8,    180.978,     315.397,    315.290,
   24,       58.3,    180.991,     319.684,    319.450,
   25,       60.8,    180.965,     323.708,    323.492,
   26,       63.3,    180.874,     328.517,    327.411,
   27,       65.8,    180.900,     331.896,    331.209,
   28,       68.3,    180.834,     335.113,    334.883,
   29,       70.8,    181.005,     339.328,    338.437,
   30,       73.3,    180.991,     342.116,    341.867,
   31,       75.8,    181.018,     345.602,    345.174,
   32,       78.3,    180.808,     349.431,    348.356,
   33,       80.8,    181.135,     352.223,    351.421,
   34,       83.3,    180.900,     355.003,    354.364,
   35,       85.8,    181.122,     357.328,    357.192,
   36,       88.3,    180.887,     360.225,    359.901,
   37,       90.8,    181.031,     362.480,    362.499,
   38,       93.3,    181.031,     364.469,    364.985,
   39,       95.8,    180.926,     367.443,    367.362,
   40,       98.3,    180.952,     369.600,    369.634,
   41,      100.8,    181.057,     372.038,    371.805,
   42,      103.3,    181.162,     373.258,    373.876,
   43,      105.8,    181.109,     376.127,    375.850,
   44,      108.3,    181.109,     378.004,    377.732,
   45,      110.8,    181.044,     378.693,    379.522,
   46,      113.3,    181.018,     380.736,    381.226,
   47,      115.8,    181.018,     382.725,    382.846,
   48,      118.3,    181.122,     383.939,    384.387,
   49,      120.8,    181.083,     385.127,    385.849,
   50,      123.3,    181.122,     386.700,    387.238,
   51,      125.8,    180.834,     388.422,    388.555,
   52,      128.3,    181.122,     389.129,    389.805,
   53,      130.8,    181.070,     390.678,    390.989,
   54,      133.3,    181.109,     392.029,    392.111,
   55,      135.8,    181.018,     393.663,    393.174,
   56,      138.3,    181.109,     394.016,    394.181,
   57,      140.8,    181.135,     395.064,    395.133,
   58,      143.3,    181.135,     395.947,    396.035,
   59,      145.8,    181.044,     397.252,    396.887,
   60,      148.3,    180.978,     397.396,    397.693,
   61,      150.8,    180.965,     398.529,    398.455,
   62,      153.3,    181.057,     398.880,    399.174,
   63,      155.8,    181.162,     399.864,    399.854,
   64,      158.3,    181.044,     400.345,    400.496,
   65,      160.8,    181.214,     401.404,    401.102,
   66,      163.3,    181.109,     402.299,    401.675,
   67,      165.8,    181.109,     402.740,    402.215,
   68,      168.3,    181.122,     403.153,    402.725,
   69,      170.8,    181.005,     404.520,    403.206,
   70,      175.8,    179.945,     404.347,    404.406,
----,
DateTime:        , 2025/11/18, 17:41:21, 1763502081659,
RFID_EPC:        ,--Not Acquired--,
RFID_UserData:   ,--Not Acquired--,
Barcode:         ,--Not Acquired--,
PIF:,            0.00,
PARs:,            0.0,     0.0,     0.0,     0.0,     0.0,     0.0,
Light:,           0.0,     0.0,     0.0,     0.0,     0.0,     0.0,
Cycles:,            1,
                    1,      69,      70,      70,
Lamps:,        #10000,
Gain:,              5,      25, 
SNR_raw:,     562.11,
Position:,        0.0,              0.0,   NoData,
DataPt,      Time(us),   EX,         EM,       Fit,
==========,==========,==========,==========,=========,
    0,        0.0,      0.000,       0.000,    201.742,
    1,        0.8,    164.129,     202.280,    206.096,
    2,        3.3,    179.990,     211.045,    210.990,
    3,        5.8,    180.252,     219.026,    216.000,
    4,        8.3,    180.305,     222.845,    221.097,
    5,       10.8,    180.331,     227.360,    226.261,
    6,       13.3,    180.291,     232.401,    231.472,
    7,       15.8,    180.514,     237.212,    236.719,
    8,       18.3,    180.579,     241.556,    241.984,
    9,       20.8,    180.658,     247.097,    247.252,
   10,       23.3,    180.593,     252.170,    252.506,
   11,       25.8,    180.736,     256.949,    257.739,
   12,       28.3,    180.802,     262.055,    262.936,
   13,       30.8,    180.684,     267.760,    268.084,
   14,       33.3,    180.645,     273.133,    273.175,
   15,       35.8,    180.710,     277.793,    278.201,
   16,       38.3,    180.763,     283.134,    283.154,
   17,       40.8,    180.894,     287.130,    288.029,
   18,       43.3,    180.920,     292.395,    292.816,
   19,       45.8,    180.894,     296.417,    297.508,
   20,       48.3,    180.907,     301.592,    302.101,
   21,       50.8,    180.789,     305.882,    306.586,
   22,       53.3,    180.933,     310.392,    310.966,
   23,       55.8,    180.880,     315.015,    315.233,
   24,       58.3,    180.880,     319.990,    319.384,
   25,       60.8,    181.024,     323.492,    323.420,
   26,       63.3,    180.841,     328.023,    327.333,
   27,       65.8,    180.920,     332.081,    331.127,
   28,       68.3,    180.985,     335.497,    334.801,
   29,       70.8,    180.972,     338.726,    338.352,
   30,       73.3,    180.920,     342.030,    341.780,
   31,       75.8,    180.920,     345.789,    345.087,
   32,       78.3,    180.959,     348.477,    348.273,
   33,       80.8,    181.011,     352.575,    351.340,
   34,       83.3,    181.064,     353.909,    354.290,
   35,       85.8,    181.064,     357.885,    357.123,
   36,       88.3,    181.051,     359.899,    359.842,
   37,       90.8,    180.972,     363.040,    362.447,
   38,       93.3,    180.867,     365.351,    364.942,
   39,       95.8,    180.867,     367.783,    367.330,
   40,       98.3,    181.051,     370.062,    369.614,
   41,      100.8,    181.155,     371.505,    371.798,
   42,      103.3,    181.103,     373.821,    373.883,
   43,      105.8,    181.116,     375.671,    375.873,
   44,      108.3,    181.024,     377.518,    377.769,
   45,      110.8,    180.920,     379.505,    379.575,
   46,      113.3,    181.064,     381.302,    381.295,
   47,      115.8,    180.920,     382.380,    382.932,
   48,      118.3,    181.011,     384.175,    384.489,
   49,      120.8,    180.972,     386.137,    385.969,
   50,      123.3,    181.129,     387.127,    387.376,
   51,      125.8,    181.103,     388.508,    388.712,
   52,      128.3,    181.142,     389.307,    389.980,
   53,      130.8,    181.234,     390.766,    391.183,
   54,      133.3,    181.168,     391.569,    392.324,
   55,      135.8,    181.129,     392.869,    393.405,
   56,      138.3,    181.090,     393.948,    394.430,
   57,      140.8,    181.077,     395.302,    395.400,
   58,      143.3,    181.037,     396.272,    396.319,
   59,      145.8,    181.195,     397.142,    397.189,
   60,      148.3,    181.037,     398.371,    398.013,
   61,      150.8,    181.116,     398.860,    398.791,
   62,      153.3,    181.103,     399.000,    399.528,
   63,      155.8,    181.221,     400.065,    400.224,
   64,      158.3,    181.077,     400.935,    400.883,
   65,      160.8,    181.247,     401.993,    401.504,
   66,      163.3,    181.129,     402.807,    402.092,
   67,      165.8,    181.129,     403.469,    402.647,
   68,      168.3,    181.051,     404.086,    403.172,
   69,      170.8,    181.103,     404.632,    403.667,
   70,      175.8,    179.833,     404.041,    404.759,
----,
DateTime:        , 2025/11/18, 17:41:30, 1763502090162,
RFID_EPC:        ,--Not Acquired--,
RFID_UserData:   ,--Not Acquired--,
Barcode:         ,--Not Acquired--,
PIF:,            0.00,
PARs:,            0.0,     0.0,     0.0,     0.0,     0.0,     0.0,
Light:,           0.0,     0.0,     0.0,     0.0,     0.0,     0.0,
Cycles:,            1,
                    1,      69,      70,      70,
Lamps:,        #10000,
Gain:,              5,      25, 
SNR_raw:,     524.49,
Position:,        0.0,              0.0,   NoData,
DataPt,      Time(us),   EX,         EM,       Fit,
==========,==========,==========,==========,=========,
    0,        0.0,      0.000,       0.000,    201.079,
    1,        0.8,    164.086,     202.210,    205.618,
    2,        3.3,    179.947,     210.615,    210.673,
    3,        5.8,    180.143,     218.271,    215.805,
    4,        8.3,    180.313,     222.834,    220.998,
    5,       10.8,    180.352,     227.111,    226.235,
    6,       13.3,    180.457,     232.077,    231.506,
    7,       15.8,    180.496,     236.902,    236.796,
    8,       18.3,    180.562,     242.133,    242.094,
    9,       20.8,    180.627,     247.139,    247.389,
   10,       23.3,    180.627,     252.454,    252.667,
   11,       25.8,    180.523,     257.585,    257.916,
   12,       28.3,    180.575,     262.827,    263.129,
   13,       30.8,    180.575,     267.700,    268.296,
   14,       33.3,    180.693,     273.392,    273.410,
   15,       35.8,    180.667,     278.413,    278.459,
   16,       38.3,    180.667,     283.284,    283.437,
   17,       40.8,    180.902,     287.338,    288.340,
   18,       43.3,    180.863,     292.045,    293.156,
   19,       45.8,    180.994,     297.469,    297.883,
   20,       48.3,    180.810,     301.531,    302.507,
   21,       50.8,    181.085,     306.485,    307.033,
   22,       53.3,    181.098,     311.433,    311.451,
   23,       55.8,    180.981,     316.166,    315.754,
   24,       58.3,    180.889,     319.975,    319.940,
   25,       60.8,    180.928,     324.549,    324.009,
   26,       63.3,    181.007,     328.496,    327.958,
   27,       65.8,    181.007,     332.253,    331.784,
   28,       68.3,    180.954,     335.886,    335.487,
   29,       70.8,    180.968,     339.508,    339.065,
   30,       73.3,    181.085,     343.374,    342.520,
   31,       75.8,    180.981,     346.004,    345.850,
   32,       78.3,    181.125,     349.483,    349.058,
   33,       80.8,    180.889,     352.039,    352.140,
   34,       83.3,    180.928,     356.053,    355.101,
   35,       85.8,    181.020,     358.082,    357.944,
   36,       88.3,    181.033,     360.929,    360.669,
   37,       90.8,    181.046,     363.554,    363.279,
   38,       93.3,    181.072,     366.042,    365.777,
   39,       95.8,    181.111,     368.502,    368.164,
   40,       98.3,    181.216,     370.607,    370.445,
   41,      100.8,    180.968,     373.106,    372.619,
   42,      103.3,    181.072,     374.547,    374.693,
   43,      105.8,    181.164,     376.013,    376.669,
   44,      108.3,    181.020,     378.191,    378.549,
   45,      110.8,    181.125,     380.291,    380.338,
   46,      113.3,    181.033,     381.919,    382.038,
   47,      115.8,    180.981,     383.466,    383.653,
   48,      118.3,    181.098,     384.542,    385.186,
   49,      120.8,    181.072,     386.255,    386.641,
   50,      123.3,    181.098,     387.193,    388.020,
   51,      125.8,    181.242,     388.430,    389.328,
   52,      128.3,    181.164,     390.255,    390.567,
   53,      130.8,    181.164,     391.248,    391.740,
   54,      133.3,    181.046,     393.491,    392.849,
   55,      135.8,    181.072,     393.324,    393.898,
   56,      138.3,    180.941,     394.935,    394.890,
   57,      140.8,    181.164,     395.112,    395.828,
   58,      143.3,    180.954,     396.895,    396.713,
   59,      145.8,    181.098,     396.801,    397.550,
   60,      148.3,    181.007,     398.549,    398.339,
   61,      150.8,    181.125,     398.952,    399.085,
   62,      153.3,    181.033,     399.817,    399.788,
   63,      155.8,    181.085,     400.474,    400.451,
   64,      158.3,    181.151,     401.323,    401.077,
   65,      160.8,    181.072,     402.160,    401.666,
   66,      163.3,    180.941,     403.004,    402.222,
   67,      165.8,    181.072,     402.823,    402.745,
   68,      168.3,    181.046,     403.433,    403.238,
   69,      170.8,    181.007,     404.957,    403.703,
   70,      175.8,    179.881,     404.266,    404.525,
----,
DateTime:        , 2025/11/18, 17:41:38, 1763502098625,
RFID_EPC:        ,--Not Acquired--,
RFID_UserData:   ,--Not Acquired--,
Barcode:         ,--Not Acquired--,
PIF:,            0.00,
PARs:,            0.0,     0.0,     0.0,     0.0,     0.0,     0.0,
Light:,           0.0,     0.0,     0.0,     0.0,     0.0,     0.0,
Cycles:,            1,
                    1,      69,      70,      70,
Lamps:,        #10000,
Gain:,              5,      25, 
SNR_raw:,     542.15,
Position:,        0.0,              0.0,   NoData,
DataPt,      Time(us),   EX,         EM,       Fit,
==========,==========,==========,==========,=========,
    0,        0.0,      0.000,       0.000,    202.069,
    1,        0.8,    164.093,     202.933,    206.431,
    2,        3.3,    180.137,     211.209,    211.330,
    3,        5.8,    180.399,     218.737,    216.337,
    4,        8.3,    180.425,     222.585,    221.426,
    5,       10.8,    180.504,     228.250,    226.582,
    6,       13.3,    180.347,     232.552,    231.781,
    7,       15.8,    180.517,     236.875,    237.017,
    8,       18.3,    180.491,     242.561,    242.269,
    9,       20.8,    180.569,     247.661,    247.526,
   10,       23.3,    180.517,     252.829,    252.774,
   11,       25.8,    180.674,     257.370,    258.004,
   12,       28.3,    180.687,     263.550,    263.202,
   13,       30.8,    180.779,     268.063,    268.360,
   14,       33.3,    180.753,     272.859,    273.465,
   15,       35.8,    180.661,     277.536,    278.505,
   16,       38.3,    180.779,     282.998,    283.479,
   17,       40.8,    180.792,     287.624,    288.374,
   18,       43.3,    180.831,     292.428,    293.186,
   19,       45.8,    180.779,     297.270,    297.905,
   20,       48.3,    180.831,     301.607,    302.528,
   21,       50.8,    180.857,     307.093,    307.048,
   22,       53.3,    180.792,     311.076,    311.461,
   23,       55.8,    180.988,     316.264,    315.766,
   24,       58.3,    180.896,     319.851,    319.954,
   25,       60.8,    180.962,     324.488,    324.027,
   26,       63.3,    181.027,     328.238,    327.981,
   27,       65.8,    181.080,     331.677,    331.814,
   28,       68.3,    181.001,     336.130,    335.524,
   29,       70.8,    180.831,     340.096,    339.108,
   30,       73.3,    180.949,     343.191,    342.569,
   31,       75.8,    180.975,     346.678,    345.908,
   32,       78.3,    180.988,     349.968,    349.125,
   33,       80.8,    180.975,     352.093,    352.220,
   34,       83.3,    180.883,     355.256,    355.193,
   35,       85.8,    181.027,     358.288,    358.049,
   36,       88.3,    181.067,     361.083,    360.789,
   37,       90.8,    180.883,     363.660,    363.412,
   38,       93.3,    180.975,     365.575,    365.924,
   39,       95.8,    181.014,     368.148,    368.327,
   40,       98.3,    181.067,     371.245,    370.623,
   41,      100.8,    181.119,     373.125,    372.816,
   42,      103.3,    181.014,     374.777,    374.907,
   43,      105.8,    180.988,     377.262,    376.900,
   44,      108.3,    180.975,     378.726,    378.798,
   45,      110.8,    180.910,     380.411,    380.605,
   46,      113.3,    181.132,     382.042,    382.325,
   47,      115.8,    181.014,     383.948,    383.959,
   48,      118.3,    181.027,     385.246,    385.511,
   49,      120.8,    181.184,     386.788,    386.986,
   50,      123.3,    181.027,     387.897,    388.385,
   51,      125.8,    181.171,     389.466,    389.712,
   52,      128.3,    181.093,     390.187,    390.970,
   53,      130.8,    181.054,     392.370,    392.161,
   54,      133.3,    181.040,     392.399,    393.289,
   55,      135.8,    180.936,     394.173,    394.357,
   56,      138.3,    181.067,     395.655,    395.368,
   57,      140.8,    181.132,     396.175,    396.324,
   58,      143.3,    181.014,     397.096,    397.228,
   59,      145.8,    181.211,     397.990,    398.083,
   60,      148.3,    180.975,     398.840,    398.890,
   61,      150.8,    181.158,     398.878,    399.653,
   62,      153.3,    181.197,     400.006,    400.373,
   63,      155.8,    181.171,     400.726,    401.053,
   64,      158.3,    181.132,     402.027,    401.695,
   65,      160.8,    181.184,     402.684,    402.300,
   66,      163.3,    181.211,     403.398,    402.871,
   67,      165.8,    181.080,     404.131,    403.410,
   68,      168.3,    181.132,     404.567,    403.918,
   69,      170.8,    181.211,     405.274,    404.397,
   70,      175.8,    179.836,     405.146,    405.327,
----,
DateTime:        , 2025/11/18, 17:41:47, 1763502107108,
RFID_EPC:        ,--Not Acquired--,
RFID_UserData:   ,--Not Acquired--,
Barcode:         ,--Not Acquired--,
PIF:,            0.00,
PARs:,            0.0,     0.0,     0.0,     0.0,     0.0,     0.0,
Light:,           0.0,     0.0,     0.0,     0.0,     0.0,     0.0,
Cycles:,            1,
                    1,      69,      70,      70,
Lamps:,        #10000,
Gain:,              5,      25, 
SNR_raw:,     521.73,
Position:,        0.0,              0.0,   NoData,
DataPt,      Time(us),   EX,         EM,       Fit,
==========,==========,==========,==========,=========,
    0,        0.0,      0.000,       0.000,    201.749,
    1,        0.8,    164.281,     202.579,    206.139,
    2,        3.3,    179.997,     211.006,    211.066,
    3,        5.8,    180.259,     218.685,    216.106,
    4,        8.3,    180.377,     223.199,    221.234,
    5,       10.8,    180.390,     227.507,    226.427,
    6,       13.3,    180.351,     232.436,    231.667,
    7,       15.8,    180.586,     236.784,    236.944,
    8,       18.3,    180.442,     242.515,    242.233,
    9,       20.8,    180.665,     247.198,    247.528,
   10,       23.3,    180.652,     252.419,    252.811,
   11,       25.8,    180.639,     257.641,    258.068,
   12,       28.3,    180.783,     262.415,    263.293,
   13,       30.8,    180.861,     268.051,    268.472,
   14,       33.3,    180.940,     273.461,    273.597,
   15,       35.8,    180.730,     278.537,    278.650,
   16,       38.3,    180.796,     283.414,    283.630,
   17,       40.8,    180.678,     287.916,    288.526,
   18,       43.3,    180.691,     293.208,    293.333,
   19,       45.8,    180.783,     297.484,    298.047,
   20,       48.3,    180.927,     302.001,    302.663,
   21,       50.8,    180.835,     306.799,    307.171,
   22,       53.3,    180.927,     310.292,    311.571,
   23,       55.8,    180.796,     315.937,    315.856,
   24,       58.3,    180.992,     320.125,    320.027,
   25,       60.8,    180.927,     324.330,    324.078,
   26,       63.3,    180.992,     328.965,    328.009,
   27,       65.8,    180.927,     332.068,    331.816,
   28,       68.3,    180.874,     335.924,    335.500,
   29,       70.8,    180.953,     339.868,    339.060,
   30,       73.3,    180.874,     342.669,    342.497,
   31,       75.8,    181.018,     346.374,    345.812,
   32,       78.3,    180.953,     349.594,    349.003,
   33,       80.8,    180.940,     352.383,    352.074,
   34,       83.3,    180.940,     355.699,    355.024,
   35,       85.8,    181.097,     358.262,    357.859,
   36,       88.3,    181.031,     360.601,    360.577,
   37,       90.8,    181.097,     363.010,    363.182,
   38,       93.3,    181.005,     366.399,    365.676,
   39,       95.8,    180.966,     368.357,    368.060,
   40,       98.3,    181.044,     370.186,    370.340,
   41,      100.8,    180.861,     373.325,    372.516,
   42,      103.3,    181.044,     375.157,    374.593,
   43,      105.8,    181.031,     376.178,    376.574,
   44,      108.3,    181.110,     378.334,    378.462,
   45,      110.8,    181.031,     379.934,    380.260,
   46,      113.3,    181.293,     381.703,    381.972,
   47,      115.8,    181.097,     383.331,    383.599,
   48,      118.3,    181.018,     384.381,    385.146,
   49,      120.8,    181.018,     386.370,    386.615,
   50,      123.3,    180.966,     387.697,    388.010,
   51,      125.8,    181.031,     388.662,    389.333,
   52,      128.3,    181.018,     390.016,    390.589,
   53,      130.8,    181.031,     391.866,    391.780,
   54,      133.3,    181.057,     392.472,    392.908,
   55,      135.8,    181.110,     393.463,    393.977,
   56,      138.3,    181.136,     394.842,    394.989,
   57,      140.8,    181.084,     396.171,    395.947,
   58,      143.3,    181.084,     396.944,    396.854,
   59,      145.8,    180.992,     397.034,    397.712,
   60,      148.3,    181.005,     398.663,    398.523,
   61,      150.8,    180.979,     399.052,    399.290,
   62,      153.3,    181.097,     400.118,    400.014,
   63,      155.8,    180.966,     401.070,    400.699,
   64,      158.3,    181.254,     401.537,    401.346,
   65,      160.8,    181.201,     401.763,    401.957,
   66,      163.3,    181.110,     403.291,    402.533,
   67,      165.8,    181.306,     403.737,    403.078,
   68,      168.3,    181.123,     404.366,    403.592,
   69,      170.8,    181.254,     404.737,    404.076,
   70,      175.8,    179.880,     405.048,    405.169,
----,
DateTime:        , 2025/11/18, 17:41:55, 1763502115594,
RFID_EPC:        ,--Not Acquired--,
RFID_UserData:   ,--Not Acquired--,
Barcode:         ,--Not Acquired--,
PIF:,            0.00,
PARs:,            0.0,     0.0,     0.0,     0.0,     0.0,     0.0,
Light:,           0.0,     0.0,     0.0,     0.0,     0.0,     0.0,
Cycles:,            1,
                    1,      69,      70,      70,
Lamps:,        #10000,
Gain:,              5,      25, 
SNR_raw:,     625.66,
Position:,        0.0,              0.0,   NoData,
DataPt,      Time(us),   EX,         EM,       Fit,
==========,==========,==========,==========,=========,
    0,        0.0,      0.000,       0.000,    201.158,
    1,        0.8,    164.100,     202.316,    205.705,
    2,        3.3,    180.089,     210.660,    210.777,
    3,        5.8,    180.246,     218.258,    215.927,
    4,        8.3,    180.220,     223.172,    221.133,
    5,       10.8,    180.364,     227.651,    226.387,
    6,       13.3,    180.364,     232.419,    231.669,
    7,       15.8,    180.586,     237.117,    236.972,
    8,       18.3,    180.651,     241.681,    242.281,
    9,       20.8,    180.481,     247.228,    247.576,
   10,       23.3,    180.625,     252.346,    252.854,
   11,       25.8,    180.691,     257.789,    258.103,
   12,       28.3,    180.664,     262.697,    263.310,
   13,       30.8,    180.861,     268.494,    268.472,
   14,       33.3,    180.730,     273.447,    273.571,
   15,       35.8,    180.717,     278.225,    278.603,
   16,       38.3,    180.717,     283.316,    283.559,
   17,       40.8,    180.691,     288.449,    288.432,
   18,       43.3,    180.848,     292.622,    293.221,
   19,       45.8,    180.965,     296.963,    297.917,
   20,       48.3,    180.926,     301.449,    302.513,
   21,       50.8,    180.835,     306.136,    307.002,
   22,       53.3,    180.835,     311.445,    311.383,
   23,       55.8,    180.887,     315.777,    315.653,
   24,       58.3,    181.044,     320.143,    319.811,
   25,       60.8,    180.979,     323.906,    323.851,
   26,       63.3,    181.018,     328.366,    327.772,
   27,       65.8,    181.018,     331.680,    331.573,
   28,       68.3,    180.848,     336.084,    335.249,
   29,       70.8,    180.952,     339.537,    338.805,
   30,       73.3,    180.939,     342.988,    342.239,
   31,       75.8,    181.005,     346.400,    345.552,
   32,       78.3,    180.887,     349.168,    348.743,
   33,       80.8,    180.900,     352.570,    351.815,
   34,       83.3,    180.952,     354.790,    354.770,
   35,       85.8,    181.018,     357.534,    357.608,
   36,       88.3,    180.926,     360.257,    360.331,
   37,       90.8,    180.965,     363.384,    362.943,
   38,       93.3,    180.900,     366.169,    365.443,
   39,       95.8,    180.874,     368.102,    367.837,
   40,       98.3,    181.109,     369.942,    370.128,
   41,      100.8,    181.162,     372.264,    372.317,
   42,      103.3,    181.031,     374.301,    374.407,
   43,      105.8,    181.214,     376.461,    376.402,
   44,      108.3,    180.979,     378.277,    378.302,
   45,      110.8,    180.979,     379.382,    380.113,
   46,      113.3,    181.005,     381.095,    381.838,
   47,      115.8,    181.214,     383.304,    383.480,
   48,      118.3,    181.070,     384.492,    385.042,
   49,      120.8,    180.979,     386.123,    386.525,
   50,      123.3,    181.018,     387.918,    387.935,
   51,      125.8,    181.122,     388.908,    389.274,
   52,      128.3,    181.175,     390.341,    390.546,
   53,      130.8,    181.149,     391.502,    391.751,
   54,      133.3,    181.175,     392.328,    392.895,
   55,      135.8,    181.083,     393.963,    393.979,
   56,      138.3,    181.005,     394.796,    395.006,
   57,      140.8,    181.005,     396.122,    395.978,
   58,      143.3,    181.201,     396.135,    396.900,
   59,      145.8,    181.044,     397.694,    397.771,
   60,      148.3,    181.070,     398.630,    398.596,
   61,      150.8,    181.070,     399.403,    399.377,
   62,      153.3,    181.044,     400.345,    400.114,
   63,      155.8,    181.240,     400.573,    400.812,
   64,      158.3,    181.083,     401.252,    401.472,
   65,      160.8,    181.136,     402.461,    402.095,
   66,      163.3,    181.201,     402.647,    402.683,
   67,      165.8,    181.109,     403.955,    403.240,
   68,      168.3,    181.136,     404.559,    403.765,
   69,      170.8,    181.201,     405.296,    404.260,
   70,      175.8,    179.879,     404.827,    405.244,
----,
DateTime:        , 2025/11/18, 17:42:04, 1763502124055,
RFID_EPC:        ,--Not Acquired--,
RFID_UserData:   ,--Not Acquired--,
Barcode:         ,--Not Acquired--,
PIF:,            0.00,
PARs:,            0.0,     0.0,     0.0,     0.0,     0.0,     0.0,
Light:,           0.0,     0.0,     0.0,     0.0,     0.0,     0.0,
Cycles:,            1,
                    1,      69,      70,      70,
Lamps:,        #10000,
Gain:,              5,      25, 
SNR_raw:,     530.88,
Position:,        0.0,              0.0,   NoData,
DataPt,      Time(us),   EX,         EM,       Fit,
==========,==========,==========,==========,=========,
    0,        0.0,      0.000,       0.000,    201.472,
    1,        0.8,    164.223,     202.165,    205.979,
    2,        3.3,    180.042,     210.906,    211.002,
    3,        5.8,    180.290,     218.869,    216.106,
    4,        8.3,    180.225,     223.277,    221.268,
    5,       10.8,    180.369,     227.423,    226.481,
    6,       13.3,    180.473,     232.278,    231.730,
    7,       15.8,    180.395,     237.368,    236.997,
    8,       18.3,    180.539,     242.385,    242.276,
    9,       20.8,    180.617,     247.374,    247.553,
   10,       23.3,    180.670,     252.837,    252.818,
   11,       25.8,    180.565,     257.636,    258.054,
   12,       28.3,    180.761,     262.888,    263.260,
   13,       30.8,    180.539,     268.308,    268.415,
   14,       33.3,    180.709,     272.593,    273.519,
   15,       35.8,    180.657,     277.543,    278.559,
   16,       38.3,    180.709,     282.775,    283.530,
   17,       40.8,    180.787,     287.852,    288.424,
   18,       43.3,    180.644,     292.067,    293.229,
   19,       45.8,    180.722,     297.363,    297.944,
   20,       48.3,    180.918,     302.457,    302.566,
   21,       50.8,    180.984,     307.210,    307.087,
   22,       53.3,    180.866,     311.612,    311.498,
   23,       55.8,    181.049,     315.936,    315.801,
   24,       58.3,    180.905,     320.278,    319.987,
   25,       60.8,    180.827,     324.731,    324.054,
   26,       63.3,    180.931,     328.301,    328.003,
   27,       65.8,    180.879,     331.934,    331.829,
   28,       68.3,    180.984,     335.721,    335.535,
   29,       70.8,    180.971,     339.724,    339.118,
   30,       73.3,    180.997,     343.100,    342.577,
   31,       75.8,    181.036,     346.119,    345.913,
   32,       78.3,    181.049,     349.739,    349.126,
   33,       80.8,    180.997,     353.155,    352.217,
   34,       83.3,    181.075,     355.543,    355.188,
   35,       85.8,    180.931,     358.478,    358.038,
   36,       88.3,    180.971,     360.942,    360.772,
   37,       90.8,    181.036,     363.795,    363.392,
   38,       93.3,    180.971,     366.026,    365.899,
   39,       95.8,    180.814,     368.556,    368.295,
   40,       98.3,    181.062,     370.922,    370.585,
   41,      100.8,    180.892,     372.487,    372.771,
   42,      103.3,    181.036,     374.400,    374.857,
   43,      105.8,    181.128,     376.420,    376.845,
   44,      108.3,    181.219,     378.326,    378.739,
   45,      110.8,    181.167,     380.423,    380.541,
   46,      113.3,    181.023,     382.272,    382.254,
   47,      115.8,    181.075,     383.929,    383.883,
   48,      118.3,    181.088,     384.895,    385.429,
   49,      120.8,    181.206,     385.859,    386.898,
   50,      123.3,    180.997,     388.405,    388.290,
   51,      125.8,    180.984,     389.206,    389.610,
   52,      128.3,    181.193,     390.412,    390.862,
   53,      130.8,    181.102,     391.493,    392.047,
   54,      133.3,    181.350,     392.611,    393.170,
   55,      135.8,    181.062,     394.229,    394.232,
   56,      138.3,    181.154,     394.582,    395.237,
   57,      140.8,    181.062,     395.886,    396.187,
   58,      143.3,    181.324,     396.197,    397.085,
   59,      145.8,    181.075,     398.177,    397.934,
   60,      148.3,    181.180,     398.388,    398.735,
   61,      150.8,    181.075,     399.723,    399.492,
   62,      153.3,    180.984,     401.030,    400.206,
   63,      155.8,    180.931,     401.146,    400.880,
   64,      158.3,    181.167,     402.281,    401.516,
   65,      160.8,    181.167,     402.171,    402.116,
   66,      163.3,    181.010,     403.072,    402.682,
   67,      165.8,    181.232,     403.460,    403.215,
   68,      168.3,    181.036,     404.229,    403.717,
   69,      170.8,    181.337,     404.330,    404.191,
   70,      175.8,    179.754,     405.332,    405.149,
----,
DateTime:        , 2025/11/18, 17:42:12, 1763502132535,
RFID_EPC:        ,--Not Acquired--,
RFID_UserData:   ,--Not Acquired--,
Barcode:         ,--Not Acquired--,
PIF:,            0.00,
PARs:,            0.0,     0.0,     0.0,     0.0,     0.0,     0.0,
Light:,           0.0,     0.0,     0.0,     0.0,     0.0,     0.0,
Cycles:,            1,
                    1,      69,      70,      70,
Lamps:,        #10000,
Gain:,              5,      25, 
SNR_raw:,     602.73,
Position:,        0.0,              0.0,   NoData,
DataPt,      Time(us),   EX,         EM,       Fit,
==========,==========,==========,==========,=========,
    0,        0.0,      0.000,       0.000,    202.148,
    1,        0.8,    164.142,     202.508,    206.387,
    2,        3.3,    179.949,     211.003,    211.193,
    3,        5.8,    180.119,     218.744,    216.147,
    4,        8.3,    180.263,     223.230,    221.218,
    5,       10.8,    180.420,     227.802,    226.379,
    6,       13.3,    180.446,     232.757,    231.604,
    7,       15.8,    180.381,     237.387,    236.869,
    8,       18.3,    180.551,     242.480,    242.161,
    9,       20.8,    180.551,     247.465,    247.457,
   10,       23.3,    180.551,     252.118,    252.743,
   11,       25.8,    180.721,     257.746,    258.008,
   12,       28.3,    180.760,     262.558,    263.237,
   13,       30.8,    180.695,     267.745,    268.414,
   14,       33.3,    180.839,     272.951,    273.536,
   15,       35.8,    180.839,     278.370,    278.588,
   16,       38.3,    180.695,     282.687,    283.559,
   17,       40.8,    180.695,     287.225,    288.445,
   18,       43.3,    180.878,     292.131,    293.242,
   19,       45.8,    180.930,     297.242,    297.942,
   20,       48.3,    180.982,     301.797,    302.540,
   21,       50.8,    180.812,     306.506,    307.027,
   22,       53.3,    180.852,     311.194,    311.403,
   23,       55.8,    180.930,     315.591,    315.664,
   24,       58.3,    180.904,     320.059,    319.808,
   25,       60.8,    180.839,     324.046,    323.831,
   26,       63.3,    180.917,     328.548,    327.734,
   27,       65.8,    180.878,     331.716,    331.514,
   28,       68.3,    180.773,     335.669,    335.170,
   29,       70.8,    180.943,     339.444,    338.705,
   30,       73.3,    180.956,     342.403,    342.118,
   31,       75.8,    181.048,     346.096,    345.409,
   32,       78.3,    180.969,     349.783,    348.579,
   33,       80.8,    180.956,     352.792,    351.630,
   34,       83.3,    181.166,     355.255,    354.564,
   35,       85.8,    180.996,     357.246,    357.381,
   36,       88.3,    181.087,     360.379,    360.085,
   37,       90.8,    180.917,     363.039,    362.675,
   38,       93.3,    180.996,     365.202,    365.158,
   39,       95.8,    180.930,     368.208,    367.533,
   40,       98.3,    181.087,     370.319,    369.806,
   41,      100.8,    180.982,     372.301,    371.978,
   42,      103.3,    181.244,     373.860,    374.054,
   43,      105.8,    180.969,     375.975,    376.034,
   44,      108.3,    181.100,     377.581,    377.922,
   45,      110.8,    181.126,     380.066,    379.722,
   46,      113.3,    181.166,     380.867,    381.438,
   47,      115.8,    181.126,     382.827,    383.070,
   48,      118.3,    181.087,     384.235,    384.624,
   49,      120.8,    181.035,     385.561,    386.101,
   50,      123.3,    181.022,     386.804,    387.506,
   51,      125.8,    181.061,     388.046,    388.840,
   52,      128.3,    181.022,     389.787,    390.107,
   53,      130.8,    181.074,     391.000,    391.310,
   54,      133.3,    181.126,     392.544,    392.451,
   55,      135.8,    181.166,     393.562,    393.534,
   56,      138.3,    181.257,     394.246,    394.560,
   57,      140.8,    180.982,     395.176,    395.534,
   58,      143.3,    181.048,     396.470,    396.456,
   59,      145.8,    181.139,     396.932,    397.329,
   60,      148.3,    181.153,     398.007,    398.156,
   61,      150.8,    181.166,     399.193,    398.939,
   62,      153.3,    181.022,     399.621,    399.680,
   63,      155.8,    181.113,     401.075,    400.381,
   64,      158.3,    181.061,     401.080,    401.045,
   65,      160.8,    181.100,     402.098,    401.672,
   66,      163.3,    181.100,     402.981,    402.265,
   67,      165.8,    181.231,     403.242,    402.825,
   68,      168.3,    181.139,     403.777,    403.355,
   69,      170.8,    181.126,     404.800,    403.856,
   70,      175.8,    179.896,     405.011,    405.211,
----,
DateTime:        , 2025/11/18, 17:42:21, 1763502141009,
RFID_EPC:        ,--Not Acquired--,
RFID_UserData:   ,--Not Acquired--,
Barcode:         ,--Not Acquired--,
PIF:,            0.00,
PARs:,            0.0,     0.0,     0.0,     0.0,     0.0,     0.0,
Light:,           0.0,     0.0,     0.0,     0.0,     0.0,     0.0,
Cycles:,            1,
                    1,      69,      70,      70,
Lamps:,        #10000,
Gain:,              5,      25, 
SNR_raw:,     693.87,
Position:,        0.0,              0.0,   NoData,
DataPt,      Time(us),   EX,         EM,       Fit,
==========,==========,==========,==========,=========,
    0,        0.0,      0.000,       0.000,    201.698,
    1,        0.8,    164.113,     202.665,    206.129,
    2,        3.3,    180.234,     211.215,    211.093,
    3,        5.8,    180.181,     219.001,    216.146,
    4,        8.3,    180.312,     223.168,    221.274,
    5,       10.8,    180.142,     226.932,    226.453,
    6,       13.3,    180.417,     231.796,    231.680,
    7,       15.8,    180.430,     237.322,    236.932,
    8,       18.3,    180.600,     242.192,    242.201,
    9,       20.8,    180.522,     247.283,    247.467,
   10,       23.3,    180.783,     252.014,    252.726,
   11,       25.8,    180.731,     257.952,    257.958,
   12,       28.3,    180.836,     263.001,    263.157,
   13,       30.8,    180.862,     267.608,    268.310,
   14,       33.3,    180.770,     273.164,    273.405,
   15,       35.8,    180.796,     278.545,    278.435,
   16,       38.3,    180.653,     283.306,    283.388,
   17,       40.8,    180.875,     287.602,    288.266,
   18,       43.3,    180.849,     292.067,    293.056,
   19,       45.8,    180.914,     297.157,    297.753,
   20,       48.3,    180.927,     301.226,    302.350,
   21,       50.8,    180.953,     306.488,    306.843,
   22,       53.3,    180.849,     311.420,    311.226,
   23,       55.8,    181.019,     315.437,    315.498,
   24,       58.3,    180.980,     319.925,    319.654,
   25,       60.8,    180.901,     323.823,    323.690,
   26,       63.3,    180.914,     328.111,    327.606,
   27,       65.8,    180.953,     332.019,    331.400,
   28,       68.3,    180.993,     335.815,    335.072,
   29,       70.8,    181.045,     339.253,    338.621,
   30,       73.3,    181.058,     342.100,    342.047,
   31,       75.8,    180.940,     345.970,    345.348,
   32,       78.3,    181.150,     348.883,    348.529,
   33,       80.8,    181.058,     352.262,    351.588,
   34,       83.3,    181.071,     355.330,    354.527,
   35,       85.8,    180.875,     357.927,    357.346,
   36,       88.3,    180.967,     360.177,    360.051,
   37,       90.8,    180.914,     362.934,    362.641,
   38,       93.3,    180.993,     365.319,    365.121,
   39,       95.8,    180.980,     367.555,    367.493,
   40,       98.3,    180.980,     369.655,    369.759,
   41,      100.8,    180.967,     372.223,    371.922,
   42,      103.3,    181.071,     374.217,    373.986,
   43,      105.8,    181.019,     375.983,    375.954,
   44,      108.3,    181.006,     377.446,    377.828,
   45,      110.8,    181.032,     379.160,    379.612,
   46,      113.3,    181.084,     381.038,    381.310,
   47,      115.8,    180.862,     382.612,    382.923,
   48,      118.3,    181.032,     384.683,    384.457,
   49,      120.8,    181.019,     385.485,    385.913,
   50,      123.3,    180.993,     386.977,    387.295,
   51,      125.8,    181.084,     388.106,    388.606,
   52,      128.3,    180.927,     389.438,    389.849,
   53,      130.8,    181.058,     390.593,    391.027,
   54,      133.3,    181.202,     391.386,    392.144,
   55,      135.8,    181.176,     392.547,    393.201,
   56,      138.3,    181.228,     394.199,    394.202,
   57,      140.8,    181.006,     394.573,    395.149,
   58,      143.3,    181.045,     395.371,    396.044,
   59,      145.8,    181.111,     396.774,    396.891,
   60,      148.3,    181.032,     397.720,    397.692,
   61,      150.8,    180.940,     398.916,    398.448,
   62,      153.3,    181.150,     399.449,    399.163,
   63,      155.8,    181.071,     399.511,    399.838,
   64,      158.3,    181.111,     400.860,    400.475,
   65,      160.8,    181.189,     401.901,    401.077,
   66,      163.3,    181.228,     402.034,    401.644,
   67,      165.8,    181.137,     402.679,    402.180,
   68,      168.3,    181.045,     403.546,    402.686,
   69,      170.8,    181.163,     404.277,    403.162,
   70,      175.8,    179.671,     404.294,    404.289,
----,
DateTime:        , 2025/11/18, 17:42:29, 1763502149491,
RFID_EPC:        ,--Not Acquired--,
RFID_UserData:   ,--Not Acquired--,
Barcode:         ,--Not Acquired--,
PIF:,            0.00,
PARs:,            0.0,     0.0,     0.0,     0.0,     0.0,     0.0,
Light:,           0.0,     0.0,     0.0,     0.0,     0.0,     0.0,
Cycles:,            1,
                    1,      69,      70,      70,
Lamps:,        #10000,
Gain:,              5,      25, 
SNR_raw:,     742.69,
Position:,        0.0,              0.0,   NoData,
DataPt,      Time(us),   EX,         EM,       Fit,
==========,==========,==========,==========,=========,
    0,        0.0,      0.000,       0.000,    201.930,
    1,        0.8,    163.971,     202.475,    205.901,
    2,        3.3,    180.054,     210.847,    210.513,
    3,        5.8,    180.355,     218.458,    215.353,
    4,        8.3,    180.211,     221.962,    220.362,
    5,       10.8,    180.329,     227.030,    225.502,
    6,       13.3,    180.630,     231.302,    230.742,
    7,       15.8,    180.368,     235.851,    236.039,
    8,       18.3,    180.381,     241.488,    241.371,
    9,       20.8,    180.617,     246.599,    246.721,
   10,       23.3,    180.394,     252.003,    252.058,
   11,       25.8,    180.735,     256.398,    257.378,
   12,       28.3,    180.564,     262.621,    262.655,
   13,       30.8,    180.722,     267.373,    267.882,
   14,       33.3,    180.761,     272.626,    273.046,
   15,       35.8,    180.722,     277.333,    278.135,
   16,       38.3,    180.787,     282.985,    283.142,
   17,       40.8,    180.748,     287.141,    288.057,
   18,       43.3,    180.813,     291.572,    292.876,
   19,       45.8,    180.708,     296.610,    297.590,
   20,       48.3,    180.944,     301.198,    302.199,
   21,       50.8,    180.826,     306.372,    306.695,
   22,       53.3,    180.839,     310.110,    311.075,
   23,       55.8,    180.761,     314.781,    315.334,
   24,       58.3,    180.918,     320.035,    319.476,
   25,       60.8,    181.062,     323.315,    323.497,
   26,       63.3,    180.944,     327.505,    327.392,
   27,       65.8,    180.957,     331.791,    331.164,
   28,       68.3,    180.957,     335.328,    334.812,
   29,       70.8,    180.800,     339.270,    338.333,
   30,       73.3,    180.892,     342.304,    341.732,
   31,       75.8,    181.193,     345.599,    345.012,
   32,       78.3,    180.905,     348.913,    348.167,
   33,       80.8,    180.957,     352.128,    351.204,
   34,       83.3,    181.088,     354.966,    354.123,
   35,       85.8,    181.114,     357.565,    356.927,
   36,       88.3,    181.166,     359.890,    359.619,
   37,       90.8,    181.075,     362.613,    362.198,
   38,       93.3,    181.088,     364.795,    364.669,
   39,       95.8,    181.049,     367.525,    367.035,
   40,       98.3,    180.983,     369.758,    369.297,
   41,      100.8,    181.036,     371.640,    371.460,
   42,      103.3,    181.075,     373.989,    373.526,
   43,      105.8,    180.957,     375.448,    375.498,
   44,      108.3,    181.036,     377.384,    377.379,
   45,      110.8,    181.114,     378.988,    379.173,
   46,      113.3,    181.009,     380.533,    380.882,
   47,      115.8,    181.140,     382.356,    382.510,
   48,      118.3,    180.996,     383.654,    384.060,
   49,      120.8,    181.193,     385.225,    385.535,
   50,      123.3,    181.153,     386.523,    386.937,
   51,      125.8,    181.153,     388.069,    388.270,
   52,      128.3,    181.153,     389.173,    389.537,
   53,      130.8,    181.088,     390.529,    390.740,
   54,      133.3,    181.193,     391.407,    391.882,
   55,      135.8,    181.022,     392.769,    392.966,
   56,      138.3,    181.127,     393.977,    393.995,
   57,      140.8,    181.101,     394.918,    394.970,
   58,      143.3,    181.022,     395.973,    395.895,
   59,      145.8,    181.062,     396.771,    396.772,
   60,      148.3,    181.271,     397.636,    397.601,
   61,      150.8,    181.127,     398.063,    398.388,
   62,      153.3,    181.232,     398.936,    399.132,
   63,      155.8,    181.232,     399.709,    399.837,
   64,      158.3,    181.114,     400.852,    400.505,
   65,      160.8,    181.049,     401.439,    401.138,
   66,      163.3,    181.049,     402.433,    401.736,
   67,      165.8,    181.009,     402.852,    402.302,
   68,      168.3,    181.258,     403.403,    402.836,
   69,      170.8,    181.022,     403.928,    403.342,
   70,      175.8,    179.819,     404.185,    405.032,
----,
DateTime:        , 2025/11/18, 17:42:38, 1763502157965,
RFID_EPC:        ,--Not Acquired--,
RFID_UserData:   ,--Not Acquired--,
Barcode:         ,--Not Acquired--,
PIF:,            0.00,
PARs:,            0.0,     0.0,     0.0,     0.0,     0.0,     0.0,
Light:,           0.0,     0.0,     0.0,     0.0,     0.0,     0.0,
Cycles:,            1,
                    1,      69,      70,      70,
Lamps:,        #10000,
Gain:,              5,      25, 
SNR_raw:,     551.17,
Position:,        0.0,              0.0,   NoData,
DataPt,      Time(us),   EX,         EM,       Fit,
==========,==========,==========,==========,=========,
    0,        0.0,      0.000,       0.000,    201.130,
    1,        0.8,    164.096,     202.321,    205.597,
    2,        3.3,    179.941,     210.437,    210.585,
    3,        5.8,    180.046,     217.833,    215.659,
    4,        8.3,    180.255,     222.351,    220.805,
    5,       10.8,    180.216,     227.061,    225.998,
    6,       13.3,    180.347,     232.108,    231.231,
    7,       15.8,    180.504,     235.784,    236.488,
    8,       18.3,    180.530,     242.065,    241.754,
    9,       20.8,    180.517,     246.957,    247.014,
   10,       23.3,    180.530,     252.257,    252.259,
   11,       25.8,    180.556,     257.205,    257.477,
   12,       28.3,    180.674,     262.462,    262.659,
   13,       30.8,    180.530,     268.321,    267.790,
   14,       33.3,    180.648,     272.796,    272.868,
   15,       35.8,    180.713,     278.009,    277.881,
   16,       38.3,    180.831,     283.027,    282.824,
   17,       40.8,    180.831,     286.676,    287.687,
   18,       43.3,    180.831,     290.769,    292.462,
   19,       45.8,    181.014,     295.999,    297.148,
   20,       48.3,    181.001,     300.440,    301.735,
   21,       50.8,    180.883,     306.054,    306.216,
   22,       53.3,    180.857,     309.968,    310.588,
   23,       55.8,    181.027,     314.428,    314.852,
   24,       58.3,    180.792,     319.484,    318.997,
   25,       60.8,    180.975,     323.691,    323.028,
   26,       63.3,    181.053,     327.307,    326.941,
   27,       65.8,    180.988,     331.403,    330.732,
   28,       68.3,    181.067,     335.346,    334.403,
   29,       70.8,    181.093,     337.948,    337.952,
   30,       73.3,    180.923,     342.025,    341.376,
   31,       75.8,    181.040,     344.674,    344.680,
   32,       78.3,    181.001,     348.285,    347.862,
   33,       80.8,    180.923,     351.200,    350.922,
   34,       83.3,    180.936,     354.380,    353.864,
   35,       85.8,    180.896,     356.889,    356.688,
   36,       88.3,    181.014,     359.972,    359.399,
   37,       90.8,    181.067,     362.519,    361.997,
   38,       93.3,    180.975,     364.691,    364.484,
   39,       95.8,    181.106,     366.968,    366.864,
   40,       98.3,    181.237,     369.131,    369.140,
   41,      100.8,    181.132,     371.884,    371.312,
   42,      103.3,    180.870,     373.749,    373.384,
   43,      105.8,    181.093,     375.719,    375.360,
   44,      108.3,    181.093,     377.044,    377.244,
   45,      110.8,    180.988,     378.920,    379.036,
   46,      113.3,    181.040,     380.357,    380.742,
   47,      115.8,    181.027,     382.373,    382.365,
   48,      118.3,    180.949,     383.092,    383.907,
   49,      120.8,    181.040,     385.107,    385.371,
   50,      123.3,    181.067,     385.825,    386.762,
   51,      125.8,    181.210,     387.947,    388.082,
   52,      128.3,    181.224,     388.250,    389.335,
   53,      130.8,    181.119,     390.351,    390.521,
   54,      133.3,    181.315,     391.583,    391.646,
   55,      135.8,    181.145,     392.724,    392.711,
   56,      138.3,    181.080,     393.197,    393.719,
   57,      140.8,    181.106,     394.024,    394.673,
   58,      143.3,    181.106,     395.791,    395.576,
   59,      145.8,    181.014,     396.322,    396.429,
   60,      148.3,    181.237,     396.940,    397.237,
   61,      150.8,    181.080,     397.836,    397.999,
   62,      153.3,    181.184,     398.489,    398.720,
   63,      155.8,    181.158,     399.540,    399.401,
   64,      158.3,    181.302,     400.326,    400.044,
   65,      160.8,    181.119,     400.731,    400.651,
   66,      163.3,    181.001,     401.876,    401.224,
   67,      165.8,    180.975,     402.487,    401.765,
   68,      168.3,    181.145,     402.661,    402.275,
   69,      170.8,    181.040,     403.446,    402.756,
   70,      175.8,    179.876,     403.723,    403.649,
----,
DateTime:        , 2025/11/18, 17:42:46, 1763502166469,
RFID_EPC:        ,--Not Acquired--,
RFID_UserData:   ,--Not Acquired--,
Barcode:         ,--Not Acquired--,
PIF:,            0.00,
PARs:,            0.0,     0.0,     0.0,     0.0,     0.0,     0.0,
Light:,           0.0,     0.0,     0.0,     0.0,     0.0,     0.0,
Cycles:,            1,
                    1,      69,      70,      70,
Lamps:,        #10000,
Gain:,              5,      25, 
SNR_raw:,     509.07,
Position:,        0.0,              0.0,   NoData,
DataPt,      Time(us),   EX,         EM,       Fit,
==========,==========,==========,==========,=========,
    0,        0.0,      0.000,       0.000,    200.810,
    1,        0.8,    164.049,     201.891,    205.280,
    2,        3.3,    180.183,     210.364,    210.279,
    3,        5.8,    180.117,     218.080,    215.357,
    4,        8.3,    180.327,     222.042,    220.505,
    5,       10.8,    180.379,     226.634,    225.705,
    6,       13.3,    180.366,     231.530,    230.939,
    7,       15.8,    180.641,     236.270,    236.201,
    8,       18.3,    180.340,     241.433,    241.463,
    9,       20.8,    180.667,     246.310,    246.729,
   10,       23.3,    180.562,     251.548,    251.976,
   11,       25.8,    180.693,     256.679,    257.200,
   12,       28.3,    180.614,     262.216,    262.383,
   13,       30.8,    180.732,     267.136,    267.522,
   14,       33.3,    180.641,     272.586,    272.602,
   15,       35.8,    180.510,     277.658,    277.614,
   16,       38.3,    180.798,     282.747,    282.559,
   17,       40.8,    180.732,     286.944,    287.422,
   18,       43.3,    180.732,     291.260,    292.198,
   19,       45.8,    180.876,     295.783,    296.883,
   20,       48.3,    180.942,     300.981,    301.472,
   21,       50.8,    180.876,     305.402,    305.955,
   22,       53.3,    180.850,     310.313,    310.329,
   23,       55.8,    180.968,     314.642,    314.595,
   24,       58.3,    180.968,     318.620,    318.745,
   25,       60.8,    180.889,     322.628,    322.777,
   26,       63.3,    181.085,     327.028,    326.693,
   27,       65.8,    180.706,     330.924,    330.481,
   28,       68.3,    180.928,     335.381,    334.152,
   29,       70.8,    181.203,     338.294,    337.704,
   30,       73.3,    181.007,     341.534,    341.131,
   31,       75.8,    180.915,     345.134,    344.435,
   32,       78.3,    180.889,     347.948,    347.617,
   33,       80.8,    180.955,     351.580,    350.680,
   34,       83.3,    181.046,     353.501,    353.625,
   35,       85.8,    180.994,     357.139,    356.452,
   36,       88.3,    181.033,     359.824,    359.165,
   37,       90.8,    181.099,     361.792,    361.766,
   38,       93.3,    181.020,     364.822,    364.255,
   39,       95.8,    181.138,     366.682,    366.638,
   40,       98.3,    180.981,     369.100,    368.914,
   41,      100.8,    181.099,     370.958,    371.088,
   42,      103.3,    181.072,     372.779,    373.164,
   43,      105.8,    181.242,     374.857,    375.144,
   44,      108.3,    181.085,     376.507,    377.030,
   45,      110.8,    180.968,     379.294,    378.825,
   46,      113.3,    181.072,     380.069,    380.535,
   47,      115.8,    181.138,     381.809,    382.161,
   48,      118.3,    181.085,     383.465,    383.706,
   49,      120.8,    181.190,     384.679,    385.174,
   50,      123.3,    180.994,     386.643,    386.568,
   51,      125.8,    181.203,     387.962,    387.891,
   52,      128.3,    180.902,     388.608,    389.146,
   53,      130.8,    181.164,     389.371,    390.336,
   54,      133.3,    181.099,     390.616,    391.463,
   55,      135.8,    181.085,     392.411,    392.531,
   56,      138.3,    181.059,     392.689,    393.542,
   57,      140.8,    180.942,     395.045,    394.500,
   58,      143.3,    181.046,     395.479,    395.405,
   59,      145.8,    181.059,     396.113,    396.262,
   60,      148.3,    180.994,     396.588,    397.072,
   61,      150.8,    181.229,     397.618,    397.838,
   62,      153.3,    181.085,     398.486,    398.562,
   63,      155.8,    181.190,     399.139,    399.246,
   64,      158.3,    180.981,     400.374,    399.892,
   65,      160.8,    181.164,     401.294,    400.502,
   66,      163.3,    181.229,     401.149,    401.078,
   67,      165.8,    181.256,     402.084,    401.622,
   68,      168.3,    181.125,     403.037,    402.135,
   69,      170.8,    181.269,     403.710,    402.619,
   70,      175.8,    179.725,     403.618,    403.638,
----,
DateTime:        , 2025/11/18, 17:42:55, 1763502174955,
RFID_EPC:        ,--Not Acquired--,
RFID_UserData:   ,--Not Acquired--,
Barcode:         ,--Not Acquired--,
PIF:,            0.00,
PARs:,            0.0,     0.0,     0.0,     0.0,     0.0,     0.0,
Light:,           0.0,     0.0,     0.0,     0.0,     0.0,     0.0,
Cycles:,            1,
                    1,      69,      70,      70,
Lamps:,        #10000,
Gain:,              5,      25, 
SNR_raw:,     616.72,
Position:,        0.0,              0.0,   NoData,
DataPt,      Time(us),   EX,         EM,       Fit,
==========,==========,==========,==========,=========,
    0,        0.0,      0.000,       0.000,    200.532,
    1,        0.8,    164.157,     201.880,    205.009,
    2,        3.3,    179.952,     209.842,    210.003,
    3,        5.8,    180.292,     217.092,    215.085,
    4,        8.3,    180.292,     222.195,    220.228,
    5,       10.8,    180.292,     226.299,    225.419,
    6,       13.3,    180.266,     231.547,    230.641,
    7,       15.8,    180.475,     236.154,    235.889,
    8,       18.3,    180.619,     241.281,    241.146,
    9,       20.8,    180.711,     245.696,    246.399,
   10,       23.3,    180.737,     251.193,    251.636,
   11,       25.8,    180.606,     256.248,    256.842,
   12,       28.3,    180.829,     261.905,    262.014,
   13,       30.8,    180.737,     266.686,    267.136,
   14,       33.3,    180.646,     272.246,    272.199,
   15,       35.8,    180.606,     277.177,    277.196,
   16,       38.3,    180.724,     281.534,    282.122,
   17,       40.8,    180.646,     286.639,    286.966,
   18,       43.3,    180.868,     290.709,    291.728,
   19,       45.8,    180.920,     295.378,    296.398,
   20,       48.3,    180.894,     301.392,    300.970,
   21,       50.8,    180.999,     304.974,    305.441,
   22,       53.3,    180.855,     309.419,    309.802,
   23,       55.8,    180.960,     313.551,    314.055,
   24,       58.3,    180.920,     318.151,    318.193,
   25,       60.8,    180.829,     322.626,    322.213,
   26,       63.3,    180.894,     326.379,    326.116,
   27,       65.8,    181.051,     330.514,    329.903,
   28,       68.3,    180.776,     334.225,    333.564,
   29,       70.8,    181.051,     337.584,    337.109,
   30,       73.3,    180.920,     341.255,    340.531,
   31,       75.8,    181.130,     344.394,    343.835,
   32,       78.3,    180.920,     347.335,    347.017,
   33,       80.8,    181.051,     350.729,    350.081,
   34,       83.3,    180.973,     353.313,    353.026,
   35,       85.8,    180.986,     356.050,    355.856,
   36,       88.3,    180.986,     359.144,    358.572,
   37,       90.8,    181.091,     361.256,    361.177,
   38,       93.3,    181.012,     363.954,    363.672,
   39,       95.8,    180.960,     365.938,    366.059,
   40,       98.3,    181.221,     368.720,    368.345,
   41,      100.8,    180.999,     370.389,    370.527,
   42,      103.3,    181.104,     372.715,    372.611,
   43,      105.8,    180.907,     374.778,    374.599,
   44,      108.3,    181.038,     376.385,    376.495,
   45,      110.8,    181.104,     378.126,    378.302,
   46,      113.3,    180.960,     380.085,    380.022,
   47,      115.8,    181.130,     381.274,    381.659,
   48,      118.3,    180.999,     382.654,    383.216,
   49,      120.8,    181.156,     384.531,    384.697,
   50,      123.3,    181.156,     385.745,    386.104,
   51,      125.8,    181.104,     387.182,    387.439,
   52,      128.3,    181.169,     388.035,    388.707,
   53,      130.8,    181.143,     389.968,    389.910,
   54,      133.3,    181.156,     390.492,    391.050,
   55,      135.8,    181.091,     391.517,    392.131,
   56,      138.3,    181.077,     392.760,    393.155,
   57,      140.8,    181.104,     393.918,    394.126,
   58,      143.3,    181.130,     394.745,    395.044,
   59,      145.8,    181.064,     395.329,    395.913,
   60,      148.3,    181.012,     396.880,    396.736,
   61,      150.8,    181.091,     396.708,    397.514,
   62,      153.3,    181.169,     398.633,    398.250,
   63,      155.8,    181.143,     398.912,    398.946,
   64,      158.3,    181.248,     399.785,    399.603,
   65,      160.8,    181.038,     400.578,    400.224,
   66,      163.3,    181.287,     400.801,    400.811,
   67,      165.8,    181.156,     402.084,    401.366,
   68,      168.3,    181.012,     403.067,    401.889,
   69,      170.8,    180.947,     403.655,    402.384,
   70,      175.8,    179.651,     403.338,    403.406,
----,
DateTime:        , 2025/11/18, 17:43:03, 1763502183435,
RFID_EPC:        ,--Not Acquired--,
RFID_UserData:   ,--Not Acquired--,
Barcode:         ,--Not Acquired--,
PIF:,            0.00,
PARs:,            0.0,     0.0,     0.0,     0.0,     0.0,     0.0,
Light:,           0.0,     0.0,     0.0,     0.0,     0.0,     0.0,
Cycles:,            1,
                    1,      69,      70,      70,
Lamps:,        #10000,
Gain:,              5,      25, 
SNR_raw:,     582.96,
Position:,        0.0,              0.0,   NoData,
DataPt,      Time(us),   EX,         EM,       Fit,
==========,==========,==========,==========,=========,
    0,        0.0,      0.000,       0.000,    200.562,
    1,        0.8,    164.170,     201.986,    204.979,
    2,        3.3,    180.003,     209.936,    209.919,
    3,        5.8,    180.317,     217.173,    214.956,
    4,        8.3,    180.291,     221.420,    220.064,
    5,       10.8,    180.343,     226.457,    225.230,
    6,       13.3,    180.448,     230.870,    230.438,
    7,       15.8,    180.435,     236.096,    235.672,
    8,       18.3,    180.566,     240.577,    240.922,
    9,       20.8,    180.526,     246.391,    246.170,
   10,       23.3,    180.448,     250.599,    251.404,
   11,       25.8,    180.461,     256.122,    256.614,
   12,       28.3,    180.487,     261.515,    261.790,
   13,       30.8,    180.710,     266.394,    266.927,
   14,       33.3,    180.644,     271.805,    272.008,
   15,       35.8,    180.775,     277.030,    277.028,
   16,       38.3,    180.893,     281.382,    281.981,
   17,       40.8,    180.710,     285.984,    286.850,
   18,       43.3,    180.775,     290.638,    291.635,
   19,       45.8,    180.762,     295.638,    296.328,
   20,       48.3,    180.984,     300.800,    300.928,
   21,       50.8,    180.762,     305.485,    305.421,
   22,       53.3,    180.945,     310.039,    309.810,
   23,       55.8,    180.919,     314.284,    314.087,
   24,       58.3,    180.958,     318.416,    318.251,
   25,       60.8,    180.945,     322.418,    322.298,
   26,       63.3,    181.194,     326.281,    326.229,
   27,       65.8,    180.814,     330.947,    330.034,
   28,       68.3,    180.971,     334.197,    333.719,
   29,       70.8,    180.984,     338.040,    337.282,
   30,       73.3,    181.128,     340.753,    340.724,
   31,       75.8,    180.840,     344.834,    344.040,
   32,       78.3,    180.867,     348.102,    347.234,
   33,       80.8,    181.024,     350.783,    350.310,
   34,       83.3,    180.971,     353.316,    353.265,
   35,       85.8,    181.089,     356.068,    356.104,
   36,       88.3,    181.076,     358.965,    358.828,
   37,       90.8,    181.089,     361.811,    361.438,
   38,       93.3,    181.089,     363.799,    363.936,
   39,       95.8,    181.128,     366.812,    366.326,
   40,       98.3,    180.958,     368.041,    368.609,
   41,      100.8,    181.128,     370.677,    370.790,
   42,      103.3,    181.063,     373.130,    372.871,
   43,      105.8,    181.024,     374.205,    374.855,
   44,      108.3,    180.997,     376.801,    376.744,
   45,      110.8,    180.958,     378.209,    378.543,
   46,      113.3,    181.194,     379.594,    380.256,
   47,      115.8,    181.089,     381.249,    381.883,
   48,      118.3,    181.102,     382.768,    383.430,
   49,      120.8,    181.207,     384.754,    384.900,
   50,      123.3,    181.154,     386.411,    386.294,
   51,      125.8,    180.971,     387.686,    387.617,
   52,      128.3,    181.037,     388.982,    388.870,
   53,      130.8,    180.984,     389.979,    390.059,
   54,      133.3,    180.984,     390.421,    391.184,
   55,      135.8,    181.102,     392.044,    392.250,
   56,      138.3,    181.089,     393.066,    393.259,
   57,      140.8,    181.233,     393.968,    394.214,
   58,      143.3,    181.181,     395.186,    395.117,
   59,      145.8,    181.154,     396.016,    395.971,
   60,      148.3,    181.102,     396.351,    396.777,
   61,      150.8,    181.024,     397.296,    397.540,
   62,      153.3,    181.128,     398.281,    398.259,
   63,      155.8,    181.050,     398.564,    398.939,
   64,      158.3,    181.128,     399.938,    399.581,
   65,      160.8,    181.181,     400.484,    400.186,
   66,      163.3,    181.063,     401.297,    400.758,
   67,      165.8,    181.181,     401.809,    401.297,
   68,      168.3,    181.141,     402.227,    401.805,
   69,      170.8,    181.154,     402.861,    402.284,
   70,      175.8,    179.898,     402.783,    403.282,
----,
DateTime:        , 2025/11/18, 17:43:12, 1763502191908,
RFID_EPC:        ,--Not Acquired--,
RFID_UserData:   ,--Not Acquired--,
Barcode:         ,--Not Acquired--,
PIF:,            0.00,
PARs:,            0.0,     0.0,     0.0,     0.0,     0.0,     0.0,
Light:,           0.0,     0.0,     0.0,     0.0,     0.0,     0.0,
Cycles:,            1,
                    1,      69,      70,      70,
Lamps:,        #10000,
Gain:,              5,      25, 
SNR_raw:,     425.74,
Position:,        0.0,              0.0,   NoData,
DataPt,      Time(us),   EX,         EM,       Fit,
==========,==========,==========,==========,=========,
    0,        0.0,      0.000,       0.000,    201.289,
    1,        0.8,    164.121,     202.412,    205.587,
    2,        3.3,    180.070,     210.423,    210.419,
    3,        5.8,    180.423,     217.711,    215.369,
    4,        8.3,    180.384,     222.193,    220.408,
    5,       10.8,    180.318,     226.488,    225.515,
    6,       13.3,    180.423,     231.013,    230.678,
    7,       15.8,    180.384,     236.385,    235.877,
    8,       18.3,    180.488,     241.345,    241.101,
    9,       20.8,    180.593,     246.300,    246.335,
   10,       23.3,    180.567,     251.098,    251.563,
   11,       25.8,    180.554,     256.101,    256.773,
   12,       28.3,    180.593,     261.140,    261.954,
   13,       30.8,    180.816,     266.128,    267.099,
   14,       33.3,    180.776,     271.496,    272.192,
   15,       35.8,    180.802,     277.098,    277.225,
   16,       38.3,    180.659,     281.636,    282.185,
   17,       40.8,    180.829,     286.791,    287.072,
   18,       43.3,    180.907,     291.310,    291.875,
   19,       45.8,    180.868,     296.238,    296.585,
   20,       48.3,    180.763,     301.278,    301.195,
   21,       50.8,    180.737,     305.748,    305.701,
   22,       53.3,    180.959,     309.572,    310.103,
   23,       55.8,    180.829,     314.552,    314.391,
   24,       58.3,    180.933,     318.349,    318.565,
   25,       60.8,    180.855,     323.022,    322.619,
   26,       63.3,    180.881,     327.508,    326.552,
   27,       65.8,    180.933,     331.172,    330.364,
   28,       68.3,    180.894,     334.339,    334.051,
   29,       70.8,    180.986,     338.038,    337.615,
   30,       73.3,    180.973,     341.488,    341.055,
   31,       75.8,    180.946,     344.411,    344.370,
   32,       78.3,    180.959,     347.923,    347.561,
   33,       80.8,    180.959,     351.460,    350.630,
   34,       83.3,    181.077,     354.214,    353.578,
   35,       85.8,    181.077,     356.423,    356.408,
   36,       88.3,    181.038,     359.041,    359.119,
   37,       90.8,    181.064,     361.971,    361.716,
   38,       93.3,    181.051,     364.317,    364.200,
   39,       95.8,    181.012,     366.937,    366.573,
   40,       98.3,    181.103,     368.961,    368.841,
   41,      100.8,    181.130,     370.674,    371.004,
   42,      103.3,    181.077,     373.321,    373.066,
   43,      105.8,    181.038,     375.280,    375.030,
   44,      108.3,    181.090,     376.387,    376.899,
   45,      110.8,    180.973,     379.063,    378.677,
   46,      113.3,    181.169,     379.867,    380.368,
   47,      115.8,    180.999,     381.771,    381.974,
   48,      118.3,    181.208,     383.096,    383.499,
   49,      120.8,    181.038,     384.450,    384.945,
   50,      123.3,    181.169,     385.166,    386.317,
   51,      125.8,    181.208,     387.179,    387.617,
   52,      128.3,    181.064,     387.929,    388.849,
   53,      130.8,    181.130,     389.997,    390.015,
   54,      133.3,    181.064,     390.580,    391.119,
   55,      135.8,    181.130,     391.543,    392.163,
   56,      138.3,    180.920,     392.991,    393.150,
   57,      140.8,    181.182,     393.527,    394.083,
   58,      143.3,    181.130,     393.641,    394.965,
   59,      145.8,    181.064,     396.434,    395.798,
   60,      148.3,    180.999,     397.240,    396.585,
   61,      150.8,    181.051,     397.568,    397.327,
   62,      153.3,    180.920,     398.076,    398.028,
   63,      155.8,    181.156,     399.215,    398.689,
   64,      158.3,    181.038,     399.474,    399.313,
   65,      160.8,    181.143,     400.348,    399.900,
   66,      163.3,    181.156,     400.981,    400.455,
   67,      165.8,    181.090,     400.795,    400.977,
   68,      168.3,    181.143,     402.335,    401.469,
   69,      170.8,    181.143,     402.997,    401.933,
   70,      175.8,    179.978,     402.827,    403.037,
----,
DateTime:        , 2025/11/18, 17:43:20, 1763502200374,
RFID_EPC:        ,--Not Acquired--,
RFID_UserData:   ,--Not Acquired--,
Barcode:         ,--Not Acquired--,
PIF:,            0.00,
PARs:,            0.0,     0.0,     0.0,     0.0,     0.0,     0.0,
Light:,           0.0,     0.0,     0.0,     0.0,     0.0,     0.0,
Cycles:,            1,
                    1,      69,      70,      70,
Lamps:,        #10000,
Gain:,              5,      25, 
SNR_raw:,     555.41,
Position:,        0.0,              0.0,   NoData,
DataPt,      Time(us),   EX,         EM,       Fit,
==========,==========,==========,==========,=========,
    0,        0.0,      0.000,       0.000,    200.115,
    1,        0.8,    164.123,     201.191,    204.629,
    2,        3.3,    179.967,     209.739,    209.665,
    3,        5.8,    180.019,     217.532,    214.780,
    4,        8.3,    180.307,     221.843,    219.965,
    5,       10.8,    180.347,     226.231,    225.198,
    6,       13.3,    180.333,     230.684,    230.463,
    7,       15.8,    180.477,     236.151,    235.751,
    8,       18.3,    180.504,     240.992,    241.046,
    9,       20.8,    180.425,     246.418,    246.331,
   10,       23.3,    180.464,     250.798,    251.600,
   11,       25.8,    180.595,     255.821,    256.842,
   12,       28.3,    180.504,     261.712,    262.043,
   13,       30.8,    180.765,     266.755,    267.201,
   14,       33.3,    180.857,     271.817,    272.302,
   15,       35.8,    180.674,     277.296,    277.332,
   16,       38.3,    180.661,     281.744,    282.286,
   17,       40.8,    180.752,     287.244,    287.161,
   18,       43.3,    180.961,     291.112,    291.950,
   19,       45.8,    180.975,     296.064,    296.645,
   20,       48.3,    180.935,     300.770,    301.239,
   21,       50.8,    180.896,     305.479,    305.726,
   22,       53.3,    180.844,     309.991,    310.103,
   23,       55.8,    180.935,     313.924,    314.368,
   24,       58.3,    180.961,     318.521,    318.518,
   25,       60.8,    180.975,     322.476,    322.548,
   26,       63.3,    181.040,     326.447,    326.460,
   27,       65.8,    180.909,     330.995,    330.247,
   28,       68.3,    180.975,     334.743,    333.912,
   29,       70.8,    181.053,     338.022,    337.455,
   30,       73.3,    180.988,     342.123,    340.874,
   31,       75.8,    181.001,     345.081,    344.170,
   32,       78.3,    180.883,     348.402,    347.342,
   33,       80.8,    181.014,     350.802,    350.395,
   34,       83.3,    181.249,     353.988,    353.331,
   35,       85.8,    180.975,     356.625,    356.147,
   36,       88.3,    181.210,     359.362,    358.849,
   37,       90.8,    181.092,     361.915,    361.437,
   38,       93.3,    181.066,     364.176,    363.914,
   39,       95.8,    181.014,     366.712,    366.282,
   40,       98.3,    180.988,     368.533,    368.544,
   41,      100.8,    181.040,     370.747,    370.705,
   42,      103.3,    180.922,     372.094,    372.765,
   43,      105.8,    180.988,     374.280,    374.730,
   44,      108.3,    180.948,     376.129,    376.602,
   45,      110.8,    181.092,     378.591,    378.384,
   46,      113.3,    181.053,     379.557,    380.080,
   47,      115.8,    181.092,     381.463,    381.693,
   48,      118.3,    181.053,     382.540,    383.225,
   49,      120.8,    181.066,     384.169,    384.680,
   50,      123.3,    181.171,     386.155,    386.062,
   51,      125.8,    181.210,     386.733,    387.373,
   52,      128.3,    181.184,     388.004,    388.616,
   53,      130.8,    181.145,     388.971,    389.794,
   54,      133.3,    180.948,     390.609,    390.910,
   55,      135.8,    181.014,     391.130,    391.967,
   56,      138.3,    180.948,     392.488,    392.967,
   57,      140.8,    181.079,     394.082,    393.914,
   58,      143.3,    181.145,     394.933,    394.810,
   59,      145.8,    181.158,     395.456,    395.657,
   60,      148.3,    181.079,     396.291,    396.457,
   61,      150.8,    181.184,     397.166,    397.214,
   62,      153.3,    181.289,     398.481,    397.929,
   63,      155.8,    181.262,     398.428,    398.605,
   64,      158.3,    181.171,     399.733,    399.243,
   65,      160.8,    181.158,     399.983,    399.845,
   66,      163.3,    181.079,     401.150,    400.414,
   67,      165.8,    181.014,     402.179,    400.950,
   68,      168.3,    180.948,     402.546,    401.456,
   69,      170.8,    181.053,     403.749,    401.934,
   70,      175.8,    179.993,     402.348,    402.918,
----,
DateTime:        , 2025/11/18, 17:43:29, 1763502208870,
RFID_EPC:        ,--Not Acquired--,
RFID_UserData:   ,--Not Acquired--,
Barcode:         ,--Not Acquired--,
PIF:,            0.00,
PARs:,            0.0,     0.0,     0.0,     0.0,     0.0,     0.0,
Light:,           0.0,     0.0,     0.0,     0.0,     0.0,     0.0,
Cycles:,            1,
                    1,      69,      70,      70,
Lamps:,        #10000,
Gain:,              5,      25, 
SNR_raw:,     567.70,
Position:,        0.0,              0.0,   NoData,
DataPt,      Time(us),   EX,         EM,       Fit,
==========,==========,==========,==========,=========,
    0,        0.0,      0.000,       0.000,    200.472,
    1,        0.8,    164.178,     201.245,    204.893,
    2,        3.3,    179.932,     209.795,    209.837,
    3,        5.8,    180.063,     217.590,    214.875,
    4,        8.3,    180.233,     221.713,    219.988,
    5,       10.8,    180.233,     226.151,    225.158,
    6,       13.3,    180.403,     231.370,    230.371,
    7,       15.8,    180.351,     236.206,    235.607,
    8,       18.3,    180.573,     241.121,    240.860,
    9,       20.8,    180.613,     245.941,    246.112,
   10,       23.3,    180.704,     250.575,    251.351,
   11,       25.8,    180.587,     255.612,    256.561,
   12,       28.3,    180.639,     260.741,    261.736,
   13,       30.8,    180.678,     266.551,    266.864,
   14,       33.3,    180.704,     271.715,    271.937,
   15,       35.8,    180.691,     276.715,    276.944,
   16,       38.3,    180.613,     280.711,    281.876,
   17,       40.8,    180.691,     286.345,    286.729,
   18,       43.3,    180.770,     290.646,    291.497,
   19,       45.8,    180.901,     295.853,    296.175,
   20,       48.3,    180.874,     300.761,    300.753,
   21,       50.8,    180.887,     305.383,    305.227,
   22,       53.3,    180.822,     309.476,    309.593,
   23,       55.8,    180.901,     313.653,    313.848,
   24,       58.3,    180.874,     318.011,    317.989,
   25,       60.8,    181.071,     322.526,    322.016,
   26,       63.3,    180.966,     326.360,    325.922,
   27,       65.8,    180.874,     330.174,    329.706,
   28,       68.3,    180.966,     333.764,    333.371,
   29,       70.8,    180.927,     337.153,    336.913,
   30,       73.3,    181.031,     340.935,    340.335,
   31,       75.8,    181.084,     344.481,    343.637,
   32,       78.3,    181.097,     346.997,    346.818,
   33,       80.8,    180.979,     350.206,    349.878,
   34,       83.3,    180.940,     353.709,    352.819,
   35,       85.8,    180.927,     356.387,    355.644,
   36,       88.3,    181.005,     358.222,    358.356,
   37,       90.8,    180.914,     361.388,    360.954,
   38,       93.3,    181.084,     364.030,    363.445,
   39,       95.8,    181.267,     366.311,    365.830,
   40,       98.3,    180.901,     368.269,    368.107,
   41,      100.8,    181.110,     369.831,    370.284,
   42,      103.3,    181.254,     371.744,    372.364,
   43,      105.8,    180.966,     374.656,    374.346,
   44,      108.3,    181.071,     375.875,    376.236,
   45,      110.8,    180.966,     377.640,    378.036,
   46,      113.3,    180.927,     379.822,    379.750,
   47,      115.8,    181.071,     381.398,    381.382,
   48,      118.3,    180.979,     382.807,    382.933,
   49,      120.8,    181.058,     383.856,    384.407,
   50,      123.3,    181.018,     385.375,    385.807,
   51,      125.8,    181.215,     386.172,    387.138,
   52,      128.3,    181.228,     388.020,    388.400,
   53,      130.8,    181.123,     389.017,    389.598,
   54,      133.3,    181.215,     390.145,    390.733,
   55,      135.8,    181.136,     391.418,    391.809,
   56,      138.3,    181.018,     392.999,    392.828,
   57,      140.8,    181.136,     393.737,    393.794,
   58,      143.3,    181.162,     394.784,    394.708,
   59,      145.8,    181.058,     395.123,    395.572,
   60,      148.3,    181.149,     396.248,    396.391,
   61,      150.8,    181.045,     397.582,    397.165,
   62,      153.3,    181.254,     397.895,    397.897,
   63,      155.8,    181.215,     398.643,    398.588,
   64,      158.3,    181.228,     399.387,    399.242,
   65,      160.8,    181.293,     400.125,    399.860,
   66,      163.3,    181.188,     400.798,    400.443,
   67,      165.8,    181.188,     401.571,    400.995,
   68,      168.3,    181.058,     402.745,    401.515,
   69,      170.8,    181.058,     402.745,    402.007,
   70,      175.8,    179.867,     402.965,    403.114,
----,
DateTime:        , 2025/11/18, 17:43:37, 1763502217371,
RFID_EPC:        ,--Not Acquired--,
RFID_UserData:   ,--Not Acquired--,
Barcode:         ,--Not Acquired--,
PIF:,            0.00,
PARs:,            0.0,     0.0,     0.0,     0.0,     0.0,     0.0,
Light:,           0.0,     0.0,     0.0,     0.0,     0.0,     0.0,
Cycles:,            1,
                    1,      69,      70,      70,
Lamps:,        #10000,
Gain:,              5,      25, 
SNR_raw:,     489.60,
Position:,        0.0,              0.0,   NoData,
DataPt,      Time(us),   EX,         EM,       Fit,
==========,==========,==========,==========,=========,
    0,        0.0,      0.000,       0.000,    200.449,
    1,        0.8,    164.155,     201.151,    204.848,
    2,        3.3,    180.067,     209.834,    209.778,
    3,        5.8,    180.211,     217.745,    214.807,
    4,        8.3,    180.250,     222.135,    219.912,
    5,       10.8,    180.368,     225.982,    225.080,
    6,       13.3,    180.447,     230.428,    230.292,
    7,       15.8,    180.368,     235.629,    235.530,
    8,       18.3,    180.421,     240.882,    240.781,
    9,       20.8,    180.551,     246.135,    246.036,
   10,       23.3,    180.604,     250.604,    251.279,
   11,       25.8,    180.722,     255.974,    256.501,
   12,       28.3,    180.617,     260.995,    261.683,
   13,       30.8,    180.813,     266.131,    266.824,
   14,       33.3,    180.722,     271.578,    271.907,
   15,       35.8,    180.813,     276.418,    276.926,
   16,       38.3,    180.826,     281.707,    281.873,
   17,       40.8,    180.774,     286.214,    286.738,
   18,       43.3,    180.617,     291.003,    291.511,
   19,       45.8,    180.996,     295.586,    296.199,
   20,       48.3,    180.852,     300.798,    300.784,
   21,       50.8,    180.865,     304.978,    305.265,
   22,       53.3,    180.918,     309.422,    309.639,
   23,       55.8,    180.983,     313.620,    313.901,
   24,       58.3,    180.970,     317.953,    318.047,
   25,       60.8,    181.036,     322.147,    322.077,
   26,       63.3,    180.905,     326.802,    325.984,
   27,       65.8,    180.879,     330.277,    329.769,
   28,       68.3,    180.865,     334.061,    333.432,
   29,       70.8,    180.892,     337.550,    336.973,
   30,       73.3,    180.918,     341.260,    340.391,
   31,       75.8,    181.036,     344.794,    343.689,
   32,       78.3,    180.970,     347.571,    346.865,
   33,       80.8,    181.036,     350.649,    349.920,
   34,       83.3,    180.931,     353.174,    352.856,
   35,       85.8,    180.944,     355.690,    355.675,
   36,       88.3,    181.075,     358.305,    358.380,
   37,       90.8,    181.009,     361.749,    360.972,
   38,       93.3,    180.996,     363.101,    363.453,
   39,       95.8,    180.996,     365.974,    365.827,
   40,       98.3,    180.996,     368.405,    368.096,
   41,      100.8,    181.258,     369.197,    370.264,
   42,      103.3,    181.022,     371.998,    372.333,
   43,      105.8,    181.022,     374.650,    374.305,
   44,      108.3,    180.957,     376.111,    376.184,
   45,      110.8,    181.166,     378.105,    377.974,
   46,      113.3,    181.075,     379.180,    379.678,
   47,      115.8,    181.101,     381.445,    381.299,
   48,      118.3,    180.983,     382.466,    382.839,
   49,      120.8,    181.101,     384.095,    384.302,
   50,      123.3,    180.957,     385.616,    385.692,
   51,      125.8,    181.101,     386.414,    387.011,
   52,      128.3,    180.996,     387.853,    388.262,
   53,      130.8,    181.127,     388.898,    389.448,
   54,      133.3,    181.114,     390.141,    390.572,
   55,      135.8,    181.153,     391.160,    391.638,
   56,      138.3,    181.258,     392.038,    392.647,
   57,      140.8,    181.140,     393.397,    393.602,
   58,      143.3,    181.140,     394.170,    394.506,
   59,      145.8,    181.009,     395.228,    395.361,
   60,      148.3,    181.166,     396.542,    396.170,
   61,      150.8,    181.009,     396.775,    396.935,
   62,      153.3,    181.140,     397.703,    397.657,
   63,      155.8,    181.036,     399.259,    398.340,
   64,      158.3,    181.258,     398.769,    398.985,
   65,      160.8,    181.114,     400.079,    399.595,
   66,      163.3,    181.022,     400.061,    400.170,
   67,      165.8,    181.258,     401.637,    400.713,
   68,      168.3,    181.140,     402.009,    401.226,
   69,      170.8,    181.127,     402.590,    401.710,
   70,      175.8,    179.832,     403.044,    402.900,
----,
DateTime:        , 2025/11/18, 17:43:46, 1763502225887,
RFID_EPC:        ,--Not Acquired--,
RFID_UserData:   ,--Not Acquired--,
Barcode:         ,--Not Acquired--,
PIF:,            0.00,
PARs:,            0.0,     0.0,     0.0,     0.0,     0.0,     0.0,
Light:,           0.0,     0.0,     0.0,     0.0,     0.0,     0.0,
Cycles:,            1,
                    1,      69,      70,      70,
Lamps:,        #10000,
Gain:,              5,      25, 
SNR_raw:,     605.25,
Position:,        0.0,              0.0,   NoData,
DataPt,      Time(us),   EX,         EM,       Fit,
==========,==========,==========,==========,=========,
    0,        0.0,      0.000,       0.000,    200.027,
    1,        0.8,    164.224,     201.311,    204.573,
    2,        3.3,    180.005,     209.495,    209.632,
    3,        5.8,    180.319,     216.949,    214.768,
    4,        8.3,    180.306,     221.623,    219.956,
    5,       10.8,    180.267,     226.553,    225.184,
    6,       13.3,    180.371,     231.190,    230.440,
    7,       15.8,    180.384,     235.830,    235.712,
    8,       18.3,    180.437,     240.860,    240.986,
    9,       20.8,    180.411,     245.662,    246.251,
   10,       23.3,    180.581,     250.968,    251.500,
   11,       25.8,    180.607,     256.801,    256.718,
   12,       28.3,    180.659,     261.487,    261.898,
   13,       30.8,    180.646,     267.041,    267.028,
   14,       33.3,    180.829,     271.748,    272.104,
   15,       35.8,    180.869,     276.665,    277.114,
   16,       38.3,    180.699,     281.795,    282.046,
   17,       40.8,    180.633,     286.658,    286.896,
   18,       43.3,    180.725,     290.386,    291.660,
   19,       45.8,    180.829,     295.970,    296.334,
   20,       48.3,    180.895,     300.396,    300.910,
   21,       50.8,    180.986,     305.106,    305.385,
   22,       53.3,    180.790,     309.530,    309.749,
   23,       55.8,    180.934,     313.927,    314.005,
   24,       58.3,    181.013,     318.320,    318.148,
   25,       60.8,    180.895,     322.066,    322.172,
   26,       63.3,    180.947,     326.504,    326.080,
   27,       65.8,    180.790,     329.996,    329.864,
   28,       68.3,    180.882,     334.362,    333.530,
   29,       70.8,    180.777,     337.543,    337.072,
   30,       73.3,    181.130,     340.749,    340.499,
   31,       75.8,    180.921,     344.239,    343.801,
   32,       78.3,    181.026,     347.465,    346.985,
   33,       80.8,    181.052,     350.728,    350.050,
   34,       83.3,    181.209,     353.625,    352.999,
   35,       85.8,    181.117,     355.902,    355.830,
   36,       88.3,    181.052,     358.903,    358.546,
   37,       90.8,    181.013,     361.632,    361.149,
   38,       93.3,    181.235,     363.616,    363.645,
   39,       95.8,    181.013,     366.604,    366.032,
   40,       98.3,    180.973,     368.010,    368.313,
   41,      100.8,    181.157,     370.729,    370.495,
   42,      103.3,    180.960,     371.794,    372.575,
   43,      105.8,    181.039,     374.837,    374.561,
   44,      108.3,    181.130,     376.193,    376.455,
   45,      110.8,    181.078,     378.400,    378.258,
   46,      113.3,    181.222,     379.866,    379.976,
   47,      115.8,    180.973,     381.493,    381.609,
   48,      118.3,    181.065,     383.067,    383.163,
   49,      120.8,    181.039,     384.338,    384.639,
   50,      123.3,    180.908,     385.611,    386.040,
   51,      125.8,    181.183,     387.013,    387.372,
   52,      128.3,    180.973,     388.676,    388.634,
   53,      130.8,    181.039,     389.419,    389.832,
   54,      133.3,    180.947,     390.169,    390.967,
   55,      135.8,    181.183,     391.428,    392.044,
   56,      138.3,    181.026,     392.873,    393.063,
   57,      140.8,    181.078,     393.532,    394.028,
   58,      143.3,    181.091,     394.608,    394.942,
   59,      145.8,    181.222,     394.875,    395.807,
   60,      148.3,    181.157,     396.674,    396.625,
   61,      150.8,    181.157,     397.005,    397.398,
   62,      153.3,    181.117,     397.974,    398.129,
   63,      155.8,    181.157,     398.550,    398.820,
   64,      158.3,    181.091,     400.130,    399.472,
   65,      160.8,    180.960,     399.977,    400.089,
   66,      163.3,    181.209,     401.746,    400.671,
   67,      165.8,    181.235,     401.578,    401.221,
   68,      168.3,    181.248,     402.542,    401.740,
   69,      170.8,    181.183,     403.239,    402.229,
   70,      175.8,    179.926,     403.165,    403.170,
