----,
DateTime:        , 2025/11/21, 13:26:45, 1763746005801,
RFID_EPC:        ,--Not Acquired--,
RFID_UserData:   ,--Not Acquired--,
Barcode:         ,--Not Acquired--,
PIF:,            0.00,
PARs:,            0.0,     0.0,     0.0,     0.0,     0.0,     0.0,
Light:,           0.0,     0.0,     0.0,     0.0,     0.0,     0.0,
Cycles:,            1,
                    1,      69,      70,      70,
Lamps:,        #10000,
Gain:,              5,     100, 
SNR_raw:,     464.29,
Position:,        0.0,              0.0,   NoData,
DataPt,      Time(us),   EX,         EM,       Fit,
==========,==========,==========,==========,=========,
    0,        0.0,      0.000,       0.000,     97.292,
    1,        0.8,    163.475,      98.119,     99.089,
    2,        3.3,    180.581,     101.827,    101.336,
    3,        5.8,    180.637,     105.183,    103.820,
    4,        8.3,    180.630,     107.513,    106.493,
    5,       10.8,    180.615,     109.847,    109.312,
    6,       13.3,    180.775,     112.516,    112.246,
    7,       15.8,    180.749,     115.630,    115.264,
    8,       18.3,    180.853,     117.997,    118.343,
    9,       20.8,    180.816,     120.454,    121.461,
   10,       23.3,    180.808,     124.662,    124.602,
   11,       25.8,    180.790,     126.667,    127.751,
   12,       28.3,    180.838,     129.619,    130.896,
   13,       30.8,    180.827,     133.387,    134.027,
   14,       33.3,    180.838,     136.808,    137.135,
   15,       35.8,    180.890,     139.864,    140.212,
   16,       38.3,    180.857,     143.097,    143.253,
   17,       40.8,    180.905,     145.712,    146.251,
   18,       43.3,    180.909,     148.915,    149.202,
   19,       45.8,    180.897,     151.356,    152.103,
   20,       48.3,    180.975,     154.938,    154.949,
   21,       50.8,    180.998,     158.344,    157.739,
   22,       53.3,    180.879,     160.771,    160.469,
   23,       55.8,    180.890,     163.525,    163.138,
   24,       58.3,    180.883,     166.185,    165.744,
   25,       60.8,    180.879,     168.621,    168.285,
   26,       63.3,    180.905,     170.919,    170.762,
   27,       65.8,    180.938,     173.650,    173.174,
   28,       68.3,    181.020,     176.113,    175.520,
   29,       70.8,    180.942,     178.510,    177.799,
   30,       73.3,    180.998,     180.555,    180.013,
   31,       75.8,    180.968,     183.126,    182.161,
   32,       78.3,    180.994,     184.536,    184.243,
   33,       80.8,    180.942,     186.579,    186.259,
   34,       83.3,    180.935,     188.798,    188.212,
   35,       85.8,    180.968,     190.310,    190.100,
   36,       88.3,    180.983,     191.841,    191.926,
   37,       90.8,    180.819,     193.563,    193.689,
   38,       93.3,    180.942,     195.201,    195.392,
   39,       95.8,    180.964,     197.276,    197.034,
   40,       98.3,    180.998,     198.345,    198.618,
   41,      100.8,    180.994,     200.007,    200.144,
   42,      103.3,    181.001,     201.656,    201.614,
   43,      105.8,    181.024,     202.846,    203.030,
   44,      108.3,    181.031,     204.937,    204.392,
   45,      110.8,    180.964,     205.565,    205.702,
   46,      113.3,    180.901,     206.743,    206.961,
   47,      115.8,    181.046,     208.345,    208.170,
   48,      118.3,    180.935,     209.136,    209.332,
   49,      120.8,    180.927,     210.361,    210.448,
   50,      123.3,    180.961,     211.096,    211.518,
   51,      125.8,    181.035,     212.666,    212.544,
   52,      128.3,    180.961,     213.196,    213.528,
   53,      130.8,    180.953,     214.310,    214.472,
   54,      133.3,    181.020,     215.225,    215.375,
   55,      135.8,    181.039,     215.865,    216.241,
   56,      138.3,    180.938,     216.759,    217.070,
   57,      140.8,    181.013,     217.664,    217.864,
   58,      143.3,    180.953,     218.510,    218.623,
   59,      145.8,    180.968,     219.376,    219.350,
   60,      148.3,    181.039,     220.284,    220.044,
   61,      150.8,    181.016,     220.864,    220.708,
   62,      153.3,    181.050,     221.155,    221.343,
   63,      155.8,    181.005,     221.762,    221.950,
   64,      158.3,    181.031,     223.055,    222.530,
   65,      160.8,    180.975,     223.456,    223.084,
   66,      163.3,    181.020,     223.953,    223.613,
   67,      165.8,    180.935,     224.612,    224.119,
   68,      168.3,    180.949,     225.588,    224.602,
   69,      170.8,    181.035,     225.923,    225.062,
   70,      175.8,    179.972,     227.258,    226.970,
----,
DateTime:        , 2025/11/21, 13:26:48, 1763746008360,
RFID_EPC:        ,--Not Acquired--,
RFID_UserData:   ,--Not Acquired--,
Barcode:         ,--Not Acquired--,
PIF:,            0.00,
PARs:,            0.0,     0.0,     0.0,     0.0,     0.0,     0.0,
Light:,           0.0,     0.0,     0.0,     0.0,     0.0,     0.0,
Cycles:,            1,
                    1,      69,      70,      70,
Lamps:,        #10000,
Gain:,              5,     100, 
SNR_raw:,     243.31,
Position:,        0.0,              0.0,   NoData,
DataPt,      Time(us),   EX,         EM,       Fit,
==========,==========,==========,==========,=========,
    0,        0.0,      0.000,       0.000,    108.093,
    1,        0.8,    163.456,     108.897,    110.102,
    2,        3.3,    180.577,     112.765,    112.451,
    3,        5.8,    180.622,     116.265,    114.915,
    4,        8.3,    180.681,     117.666,    117.467,
    5,       10.8,    180.726,     120.735,    120.083,
    6,       13.3,    180.763,     123.145,    122.744,
    7,       15.8,    180.830,     125.090,    125.431,
    8,       18.3,    180.822,     128.303,    128.131,
    9,       20.8,    180.856,     130.269,    130.831,
   10,       23.3,    180.834,     133.714,    133.522,
   11,       25.8,    180.785,     135.188,    136.193,
   12,       28.3,    180.841,     138.796,    138.839,
   13,       30.8,    180.793,     141.267,    141.452,
   14,       33.3,    180.834,     143.447,    144.029,
   15,       35.8,    180.782,     146.033,    146.564,
   16,       38.3,    180.860,     149.066,    149.054,
   17,       40.8,    180.930,     151.550,    151.497,
   18,       43.3,    180.915,     153.442,    153.889,
   19,       45.8,    180.904,     155.773,    156.229,
   20,       48.3,    180.908,     157.981,    158.515,
   21,       50.8,    180.930,     160.835,    160.746,
   22,       53.3,    180.919,     163.609,    162.921,
   23,       55.8,    180.945,     165.575,    165.040,
   24,       58.3,    180.886,     166.846,    167.102,
   25,       60.8,    180.923,     169.907,    169.107,
   26,       63.3,    180.834,     171.650,    171.055,
   27,       65.8,    180.886,     173.369,    172.946,
   28,       68.3,    180.967,     174.396,    174.781,
   29,       70.8,    180.949,     176.735,    176.561,
   30,       73.3,    180.986,     178.356,    178.285,
   31,       75.8,    180.964,     180.368,    179.955,
   32,       78.3,    181.023,     181.524,    181.571,
   33,       80.8,    180.889,     183.648,    183.134,
   34,       83.3,    180.915,     185.501,    184.645,
   35,       85.8,    180.915,     186.607,    186.105,
   36,       88.3,    181.016,     187.939,    187.515,
   37,       90.8,    180.934,     189.019,    188.876,
   38,       93.3,    180.990,     189.956,    190.190,
   39,       95.8,    181.005,     191.597,    191.457,
   40,       98.3,    180.964,     192.414,    192.678,
   41,      100.8,    181.075,     194.284,    193.856,
   42,      103.3,    180.990,     195.260,    194.990,
   43,      105.8,    181.053,     195.965,    196.082,
   44,      108.3,    180.953,     197.179,    197.133,
   45,      110.8,    180.923,     197.211,    198.145,
   46,      113.3,    180.923,     199.090,    199.118,
   47,      115.8,    180.938,     199.295,    200.053,
   48,      118.3,    180.960,     200.265,    200.953,
   49,      120.8,    180.986,     201.784,    201.817,
   50,      123.3,    181.005,     202.868,    202.648,
   51,      125.8,    181.016,     203.408,    203.446,
   52,      128.3,    180.997,     204.092,    204.212,
   53,      130.8,    180.993,     204.427,    204.948,
   54,      133.3,    181.034,     205.596,    205.653,
   55,      135.8,    180.979,     206.544,    206.331,
   56,      138.3,    180.945,     206.250,    206.981,
   57,      140.8,    180.982,     207.534,    207.605,
   58,      143.3,    180.897,     208.738,    208.203,
   59,      145.8,    180.990,     208.520,    208.776,
   60,      148.3,    180.997,     209.396,    209.325,
   61,      150.8,    181.042,     210.007,    209.852,
   62,      153.3,    180.986,     209.851,    210.357,
   63,      155.8,    181.064,     211.086,    210.840,
   64,      158.3,    181.001,     211.822,    211.303,
   65,      160.8,    181.045,     212.101,    211.747,
   66,      163.3,    180.986,     212.171,    212.172,
   67,      165.8,    180.941,     213.108,    212.579,
   68,      168.3,    180.993,     213.488,    212.968,
   69,      170.8,    180.982,     213.833,    213.341,
   70,      175.8,    179.968,     214.928,    214.678,
----,
DateTime:        , 2025/11/21, 13:26:51, 1763746010958,
RFID_EPC:        ,--Not Acquired--,
RFID_UserData:   ,--Not Acquired--,
Barcode:         ,--Not Acquired--,
PIF:,            0.00,
PARs:,            0.0,     0.0,     0.0,     0.0,     0.0,     0.0,
Light:,           0.0,     0.0,     0.0,     0.0,     0.0,     0.0,
Cycles:,            1,
                    1,      69,      70,      70,
Lamps:,        #10000,
Gain:,              5,     100, 
SNR_raw:,     241.51,
Position:,        0.0,              0.0,   NoData,
DataPt,      Time(us),   EX,         EM,       Fit,
==========,==========,==========,==========,=========,
    0,        0.0,      0.000,       0.000,    110.230,
    1,        0.8,    163.446,     110.617,    112.203,
    2,        3.3,    180.625,     114.484,    114.471,
    3,        5.8,    180.707,     117.981,    116.816,
    4,        8.3,    180.714,     119.968,    119.220,
    5,       10.8,    180.748,     121.827,    121.665,
    6,       13.3,    180.740,     124.931,    124.136,
    7,       15.8,    180.804,     126.878,    126.623,
    8,       18.3,    180.748,     129.130,    129.113,
    9,       20.8,    180.785,     131.206,    131.598,
   10,       23.3,    180.770,     133.318,    134.070,
   11,       25.8,    180.856,     136.241,    136.522,
   12,       28.3,    180.796,     138.720,    138.949,
   13,       30.8,    180.882,     141.418,    141.344,
   14,       33.3,    180.930,     143.370,    143.705,
   15,       35.8,    180.859,     146.080,    146.026,
   16,       38.3,    180.904,     147.924,    148.306,
   17,       40.8,    180.896,     150.473,    150.540,
   18,       43.3,    180.971,     153.174,    152.727,
   19,       45.8,    180.859,     155.148,    154.865,
   20,       48.3,    180.867,     156.358,    156.952,
   21,       50.8,    180.878,     158.560,    158.987,
   22,       53.3,    180.971,     161.573,    160.971,
   23,       55.8,    180.930,     163.268,    162.901,
   24,       58.3,    181.015,     164.848,    164.777,
   25,       60.8,    181.015,     166.505,    166.599,
   26,       63.3,    180.941,     168.232,    168.367,
   27,       65.8,    180.859,     169.745,    170.081,
   28,       68.3,    180.930,     172.221,    171.741,
   29,       70.8,    180.844,     173.298,    173.348,
   30,       73.3,    180.923,     174.660,    174.902,
   31,       75.8,    180.945,     176.186,    176.404,
   32,       78.3,    180.945,     177.844,    177.855,
   33,       80.8,    180.952,     179.163,    179.255,
   34,       83.3,    180.960,     181.035,    180.606,
   35,       85.8,    180.967,     181.912,    181.907,
   36,       88.3,    180.982,     183.554,    183.161,
   37,       90.8,    180.960,     183.908,    184.369,
   38,       93.3,    180.982,     185.654,    185.530,
   39,       95.8,    180.937,     187.137,    186.648,
   40,       98.3,    180.949,     187.678,    187.722,
   41,      100.8,    180.934,     189.351,    188.753,
   42,      103.3,    180.952,     189.774,    189.744,
   43,      105.8,    180.923,     191.132,    190.695,
   44,      108.3,    180.978,     191.294,    191.608,
   45,      110.8,    180.986,     192.833,    192.483,
   46,      113.3,    180.986,     192.833,    193.322,
   47,      115.8,    181.030,     194.664,    194.126,
   48,      118.3,    181.023,     195.224,    194.896,
   49,      120.8,    180.989,     195.260,    195.633,
   50,      123.3,    181.008,     196.013,    196.339,
   51,      125.8,    180.963,     196.614,    197.015,
   52,      128.3,    180.978,     197.703,    197.661,
   53,      130.8,    180.934,     197.863,    198.279,
   54,      133.3,    180.934,     198.747,    198.870,
   55,      135.8,    180.975,     198.812,    199.435,
   56,      138.3,    181.079,     199.913,    199.975,
   57,      140.8,    181.004,     200.216,    200.490,
   58,      143.3,    181.030,     201.182,    200.983,
   59,      145.8,    181.015,     201.530,    201.453,
   60,      148.3,    180.986,     202.336,    201.902,
   61,      150.8,    180.941,     202.497,    202.330,
   62,      153.3,    180.941,     202.497,    202.739,
   63,      155.8,    180.952,     203.258,    203.129,
   64,      158.3,    180.967,     203.683,    203.502,
   65,      160.8,    181.030,     204.054,    203.856,
   66,      163.3,    180.975,     204.117,    204.195,
   67,      165.8,    181.001,     204.530,    204.517,
   68,      168.3,    180.997,     204.423,    204.825,
   69,      170.8,    180.963,     205.677,    205.118,
   70,      175.8,    179.934,     206.298,    206.104,
----,
DateTime:        , 2025/11/21, 13:26:53, 1763746013523,
RFID_EPC:        ,--Not Acquired--,
RFID_UserData:   ,--Not Acquired--,
Barcode:         ,--Not Acquired--,
PIF:,            0.00,
PARs:,            0.0,     0.0,     0.0,     0.0,     0.0,     0.0,
Light:,           0.0,     0.0,     0.0,     0.0,     0.0,     0.0,
Cycles:,            1,
                    1,      69,      70,      70,
Lamps:,        #10000,
Gain:,              5,     100, 
SNR_raw:,     301.02,
Position:,        0.0,              0.0,   NoData,
DataPt,      Time(us),   EX,         EM,       Fit,
==========,==========,==========,==========,=========,
    0,        0.0,      0.000,       0.000,    106.404,
    1,        0.8,    163.474,     106.928,    108.404,
    2,        3.3,    180.526,     110.765,    110.716,
    3,        5.8,    180.679,     114.236,    113.126,
    4,        8.3,    180.708,     116.873,    115.609,
    5,       10.8,    180.682,     118.772,    118.148,
    6,       13.3,    180.705,     120.750,    120.725,
    7,       15.8,    180.742,     123.159,    123.328,
    8,       18.3,    180.760,     126.134,    125.942,
    9,       20.8,    180.794,     128.102,    128.559,
   10,       23.3,    180.838,     130.946,    131.168,
   11,       25.8,    180.820,     133.835,    133.761,
   12,       28.3,    180.805,     135.837,    136.330,
   13,       30.8,    180.861,     138.781,    138.870,
   14,       33.3,    180.887,     140.972,    141.376,
   15,       35.8,    180.835,     143.004,    143.841,
   16,       38.3,    180.857,     145.972,    146.263,
   17,       40.8,    180.812,     148.109,    148.638,
   18,       43.3,    180.924,     150.671,    150.964,
   19,       45.8,    180.824,     153.077,    153.237,
   20,       48.3,    180.905,     155.551,    155.456,
   21,       50.8,    180.950,     157.723,    157.620,
   22,       53.3,    180.957,     159.375,    159.727,
   23,       55.8,    180.942,     161.709,    161.776,
   24,       58.3,    180.954,     164.352,    163.767,
   25,       60.8,    180.909,     165.387,    165.699,
   26,       63.3,    180.905,     168.044,    167.572,
   27,       65.8,    180.898,     169.709,    169.386,
   28,       68.3,    180.931,     171.999,    171.141,
   29,       70.8,    180.902,     173.354,    172.838,
   30,       73.3,    180.902,     174.681,    174.478,
   31,       75.8,    181.028,     176.437,    176.061,
   32,       78.3,    180.961,     177.828,    177.588,
   33,       80.8,    181.039,     179.740,    179.060,
   34,       83.3,    181.028,     180.746,    180.478,
   35,       85.8,    181.009,     182.201,    181.842,
   36,       88.3,    180.995,     183.652,    183.155,
   37,       90.8,    180.972,     184.669,    184.417,
   38,       93.3,    180.898,     185.740,    185.630,
   39,       95.8,    181.039,     187.031,    186.794,
   40,       98.3,    180.965,     187.550,    187.912,
   41,      100.8,    180.939,     189.014,    188.984,
   42,      103.3,    181.035,     189.576,    190.012,
   43,      105.8,    180.980,     190.629,    190.997,
   44,      108.3,    180.928,     191.789,    191.941,
   45,      110.8,    181.021,     192.354,    192.845,
   46,      113.3,    180.954,     193.309,    193.710,
   47,      115.8,    180.983,     193.940,    194.537,
   48,      118.3,    180.935,     194.877,    195.329,
   49,      120.8,    180.976,     195.717,    196.085,
   50,      123.3,    180.961,     196.948,    196.809,
   51,      125.8,    180.946,     197.296,    197.499,
   52,      128.3,    180.939,     198.299,    198.159,
   53,      130.8,    181.028,     197.980,    198.789,
   54,      133.3,    181.073,     199.257,    199.390,
   55,      135.8,    181.069,     199.040,    199.964,
   56,      138.3,    180.987,     200.677,    200.512,
   57,      140.8,    181.017,     201.197,    201.034,
   58,      143.3,    181.028,     201.074,    201.532,
   59,      145.8,    180.991,     202.110,    202.006,
   60,      148.3,    180.916,     202.193,    202.459,
   61,      150.8,    180.935,     202.946,    202.891,
   62,      153.3,    180.939,     203.605,    203.302,
   63,      155.8,    180.987,     203.882,    203.693,
   64,      158.3,    180.983,     204.218,    204.066,
   65,      160.8,    181.009,     204.851,    204.420,
   66,      163.3,    180.995,     204.979,    204.758,
   67,      165.8,    181.024,     205.497,    205.080,
   68,      168.3,    181.047,     205.803,    205.386,
   69,      170.8,    181.035,     205.927,    205.677,
   70,      175.8,    179.920,     207.314,    206.892,
----,
DateTime:        , 2025/11/21, 13:26:56, 1763746016108,
RFID_EPC:        ,--Not Acquired--,
RFID_UserData:   ,--Not Acquired--,
Barcode:         ,--Not Acquired--,
PIF:,            0.00,
PARs:,            0.0,     0.0,     0.0,     0.0,     0.0,     0.0,
Light:,           0.0,     0.0,     0.0,     0.0,     0.0,     0.0,
Cycles:,            1,
                    1,      69,      70,      70,
Lamps:,        #10000,
Gain:,              5,     100, 
SNR_raw:,     316.64,
Position:,        0.0,              0.0,   NoData,
DataPt,      Time(us),   EX,         EM,       Fit,
==========,==========,==========,==========,=========,
    0,        0.0,      0.000,       0.000,    103.427,
    1,        0.8,    163.429,     104.143,    105.362,
    2,        3.3,    180.615,     107.931,    107.646,
    3,        5.8,    180.678,     111.358,    110.060,
    4,        8.3,    180.723,     113.433,    112.571,
    5,       10.8,    180.704,     115.991,    115.155,
    6,       13.3,    180.797,     118.475,    117.791,
    7,       15.8,    180.749,     120.277,    120.460,
    8,       18.3,    180.756,     122.817,    123.146,
    9,       20.8,    180.797,     125.113,    125.839,
   10,       23.3,    180.775,     127.894,    128.525,
   11,       25.8,    180.816,     130.630,    131.196,
   12,       28.3,    180.897,     133.446,    133.845,
   13,       30.8,    180.819,     136.158,    136.464,
   14,       33.3,    180.883,     138.543,    139.049,
   15,       35.8,    180.868,     140.987,    141.594,
   16,       38.3,    180.901,     143.835,    144.094,
   17,       40.8,    180.953,     146.557,    146.548,
   18,       43.3,    180.935,     149.004,    148.952,
   19,       45.8,    180.868,     151.050,    151.302,
   20,       48.3,    180.808,     153.754,    153.598,
   21,       50.8,    180.868,     155.915,    155.838,
   22,       53.3,    180.946,     157.727,    158.021,
   23,       55.8,    180.894,     160.426,    160.146,
   24,       58.3,    180.883,     162.094,    162.211,
   25,       60.8,    180.987,     164.322,    164.218,
   26,       63.3,    180.964,     166.552,    166.166,
   27,       65.8,    180.953,     168.662,    168.054,
   28,       68.3,    180.938,     170.003,    169.883,
   29,       70.8,    180.964,     171.968,    171.653,
   30,       73.3,    180.890,     173.697,    173.364,
   31,       75.8,    180.949,     175.519,    175.018,
   32,       78.3,    180.901,     177.003,    176.615,
   33,       80.8,    180.912,     178.429,    178.155,
   34,       83.3,    180.920,     179.748,    179.641,
   35,       85.8,    180.968,     181.248,    181.072,
   36,       88.3,    181.031,     182.620,    182.450,
   37,       90.8,    180.994,     183.763,    183.776,
   38,       93.3,    180.979,     184.662,    185.052,
   39,       95.8,    180.975,     185.771,    186.278,
   40,       98.3,    180.979,     187.314,    187.455,
   41,      100.8,    181.009,     188.278,    188.586,
   42,      103.3,    180.920,     189.808,    189.670,
   43,      105.8,    180.998,     191.163,    190.711,
   44,      108.3,    180.905,     191.924,    191.708,
   45,      110.8,    180.942,     192.990,    192.664,
   46,      113.3,    180.938,     193.547,    193.579,
   47,      115.8,    181.050,     194.864,    194.455,
   48,      118.3,    181.005,     195.243,    195.293,
   49,      120.8,    181.016,     196.446,    196.096,
   50,      123.3,    181.005,     196.679,    196.863,
   51,      125.8,    181.013,     197.224,    197.596,
   52,      128.3,    180.964,     198.382,    198.297,
   53,      130.8,    181.009,     198.775,    198.966,
   54,      133.3,    180.994,     199.454,    199.605,
   55,      135.8,    180.968,     200.035,    200.215,
   56,      138.3,    181.001,     200.551,    200.798,
   57,      140.8,    181.009,     201.316,    201.353,
   58,      143.3,    181.046,     201.385,    201.883,
   59,      145.8,    181.009,     202.090,    202.388,
   60,      148.3,    180.998,     202.654,    202.870,
   61,      150.8,    181.013,     202.748,    203.330,
   62,      153.3,    180.998,     203.538,    203.767,
   63,      155.8,    180.916,     204.073,    204.185,
   64,      158.3,    180.972,     205.115,    204.582,
   65,      160.8,    180.972,     205.336,    204.960,
   66,      163.3,    180.901,     205.637,    205.321,
   67,      165.8,    180.946,     206.360,    205.664,
   68,      168.3,    180.998,     206.853,    205.990,
   69,      170.8,    181.001,     206.407,    206.301,
   70,      175.8,    180.020,     207.310,    207.449,
----,
DateTime:        , 2025/11/21, 13:26:58, 1763746018608,
RFID_EPC:        ,--Not Acquired--,
RFID_UserData:   ,--Not Acquired--,
Barcode:         ,--Not Acquired--,
PIF:,            0.00,
PARs:,            0.0,     0.0,     0.0,     0.0,     0.0,     0.0,
Light:,           0.0,     0.0,     0.0,     0.0,     0.0,     0.0,
Cycles:,            1,
                    1,      69,      70,      70,
Lamps:,        #10000,
Gain:,              5,     100, 
SNR_raw:,     290.68,
Position:,        0.0,              0.0,   NoData,
DataPt,      Time(us),   EX,         EM,       Fit,
==========,==========,==========,==========,=========,
    0,        0.0,      0.000,       0.000,    103.424,
    1,        0.8,    163.482,     103.865,    105.365,
    2,        3.3,    180.620,     107.729,    107.650,
    3,        5.8,    180.717,     111.224,    110.058,
    4,        8.3,    180.791,     114.276,    112.560,
    5,       10.8,    180.653,     115.913,    115.126,
    6,       13.3,    180.735,     118.516,    117.738,
    7,       15.8,    180.754,     120.717,    120.376,
    8,       18.3,    180.672,     122.764,    123.025,
    9,       20.8,    180.787,     125.451,    125.675,
   10,       23.3,    180.784,     127.445,    128.312,
   11,       25.8,    180.891,     130.133,    130.931,
   12,       28.3,    180.828,     132.723,    133.522,
   13,       30.8,    180.824,     135.380,    136.079,
   14,       33.3,    180.880,     137.992,    138.598,
   15,       35.8,    180.880,     140.424,    141.074,
   16,       38.3,    180.876,     143.081,    143.504,
   17,       40.8,    180.858,     145.639,    145.884,
   18,       43.3,    180.850,     147.968,    148.213,
   19,       45.8,    180.858,     150.284,    150.488,
   20,       48.3,    180.925,     152.992,    152.708,
   21,       50.8,    180.917,     154.767,    154.873,
   22,       53.3,    180.977,     157.037,    156.981,
   23,       55.8,    180.895,     158.766,    159.031,
   24,       58.3,    180.906,     160.746,    161.023,
   25,       60.8,    180.954,     163.245,    162.958,
   26,       63.3,    180.992,     164.538,    164.835,
   27,       65.8,    180.936,     167.131,    166.654,
   28,       68.3,    180.947,     169.000,    168.416,
   29,       70.8,    180.910,     170.582,    170.122,
   30,       73.3,    180.839,     172.418,    171.771,
   31,       75.8,    180.932,     173.877,    173.366,
   32,       78.3,    181.044,     175.096,    174.906,
   33,       80.8,    181.055,     176.411,    176.393,
   34,       83.3,    180.984,     178.248,    177.828,
   35,       85.8,    181.040,     180.071,    179.211,
   36,       88.3,    180.992,     180.561,    180.544,
   37,       90.8,    180.962,     181.917,    181.827,
   38,       93.3,    180.977,     183.559,    183.063,
   39,       95.8,    180.884,     184.207,    184.252,
   40,       98.3,    180.865,     185.442,    185.395,
   41,      100.8,    180.951,     186.791,    186.494,
   42,      103.3,    180.954,     187.561,    187.550,
   43,      105.8,    181.025,     189.145,    188.563,
   44,      108.3,    181.003,     189.721,    189.537,
   45,      110.8,    180.977,     190.190,    190.471,
   46,      113.3,    181.044,     191.225,    191.367,
   47,      115.8,    181.010,     192.033,    192.226,
   48,      118.3,    180.962,     192.416,    193.050,
   49,      120.8,    180.954,     193.971,    193.839,
   50,      123.3,    180.921,     194.007,    194.595,
   51,      125.8,    180.884,     194.821,    195.319,
   52,      128.3,    180.962,     195.621,    196.012,
   53,      130.8,    180.988,     195.925,    196.676,
   54,      133.3,    180.999,     197.349,    197.310,
   55,      135.8,    180.988,     197.582,    197.917,
   56,      138.3,    181.051,     197.845,    198.498,
   57,      140.8,    181.033,     198.749,    199.053,
   58,      143.3,    181.014,     199.543,    199.583,
   59,      145.8,    180.969,     199.813,    200.091,
   60,      148.3,    180.969,     201.029,    200.575,
   61,      150.8,    180.988,     200.897,    201.038,
   62,      153.3,    180.947,     201.495,    201.480,
   63,      155.8,    181.003,     202.317,    201.902,
   64,      158.3,    180.973,     202.682,    202.306,
   65,      160.8,    180.940,     202.941,    202.690,
   66,      163.3,    180.992,     203.214,    203.058,
   67,      165.8,    181.062,     203.797,    203.408,
   68,      168.3,    180.992,     203.987,    203.742,
   69,      170.8,    181.051,     204.473,    204.061,
   70,      175.8,    179.921,     205.423,    205.251,
----,
DateTime:        , 2025/11/21, 13:27:01, 1763746021190,
RFID_EPC:        ,--Not Acquired--,
RFID_UserData:   ,--Not Acquired--,
Barcode:         ,--Not Acquired--,
PIF:,            0.00,
PARs:,            0.0,     0.0,     0.0,     0.0,     0.0,     0.0,
Light:,           0.0,     0.0,     0.0,     0.0,     0.0,     0.0,
Cycles:,            1,
                    1,      69,      70,      70,
Lamps:,        #10000,
Gain:,              5,     100, 
SNR_raw:,     343.39,
Position:,        0.0,              0.0,   NoData,
DataPt,      Time(us),   EX,         EM,       Fit,
==========,==========,==========,==========,=========,
    0,        0.0,      0.000,       0.000,    104.625,
    1,        0.8,    163.377,     105.278,    106.674,
    2,        3.3,    180.567,     109.060,    109.006,
    3,        5.8,    180.653,     112.481,    111.401,
    4,        8.3,    180.734,     114.311,    113.843,
    5,       10.8,    180.760,     116.950,    116.321,
    6,       13.3,    180.790,     118.922,    118.822,
    7,       15.8,    180.790,     121.799,    121.337,
    8,       18.3,    180.760,     124.253,    123.855,
    9,       20.8,    180.812,     126.098,    126.371,
   10,       23.3,    180.816,     128.750,    128.876,
   11,       25.8,    180.705,     131.043,    131.362,
   12,       28.3,    180.827,     133.166,    133.827,
   13,       30.8,    180.902,     135.543,    136.264,
   14,       33.3,    180.905,     138.526,    138.669,
   15,       35.8,    180.894,     140.635,    141.037,
   16,       38.3,    180.894,     142.957,    143.364,
   17,       40.8,    180.995,     145.308,    145.650,
   18,       43.3,    180.857,     148.183,    147.888,
   19,       45.8,    180.898,     150.251,    150.079,
   20,       48.3,    180.831,     151.965,    152.219,
   21,       50.8,    180.909,     154.221,    154.308,
   22,       53.3,    180.853,     156.702,    156.344,
   23,       55.8,    180.868,     158.569,    158.326,
   24,       58.3,    181.017,     160.427,    160.255,
   25,       60.8,    180.883,     162.315,    162.127,
   26,       63.3,    180.998,     164.090,    163.945,
   27,       65.8,    180.965,     165.778,    165.707,
   28,       68.3,    180.902,     167.605,    167.414,
   29,       70.8,    180.920,     169.246,    169.065,
   30,       73.3,    180.928,     170.897,    170.661,
   31,       75.8,    180.920,     172.562,    172.203,
   32,       78.3,    180.887,     173.479,    173.692,
   33,       80.8,    180.972,     175.386,    175.128,
   34,       83.3,    181.047,     176.971,    176.512,
   35,       85.8,    180.983,     177.806,    177.844,
   36,       88.3,    181.058,     179.280,    179.127,
   37,       90.8,    181.028,     180.304,    180.361,
   38,       93.3,    180.976,     181.461,    181.546,
   39,       95.8,    180.987,     182.554,    182.685,
   40,       98.3,    180.939,     183.819,    183.779,
   41,      100.8,    180.905,     184.848,    184.828,
   42,      103.3,    180.909,     185.839,    185.834,
   43,      105.8,    180.905,     187.059,    186.798,
   44,      108.3,    180.968,     187.546,    187.722,
   45,      110.8,    181.032,     188.365,    188.606,
   46,      113.3,    181.017,     189.927,    189.453,
   47,      115.8,    181.047,     189.675,    190.263,
   48,      118.3,    181.028,     190.799,    191.038,
   49,      120.8,    181.028,     192.015,    191.778,
   50,      123.3,    180.980,     192.287,    192.486,
   51,      125.8,    180.995,     193.266,    193.162,
   52,      128.3,    180.954,     193.751,    193.808,
   53,      130.8,    180.987,     194.047,    194.424,
   54,      133.3,    180.946,     194.975,    195.012,
   55,      135.8,    180.916,     195.892,    195.573,
   56,      138.3,    181.002,     196.130,    196.108,
   57,      140.8,    180.987,     196.368,    196.619,
   58,      143.3,    180.954,     196.735,    197.105,
   59,      145.8,    181.017,     197.772,    197.568,
   60,      148.3,    180.998,     197.350,    198.010,
   61,      150.8,    180.920,     197.988,    198.431,
   62,      153.3,    180.991,     198.905,    198.831,
   63,      155.8,    180.950,     199.171,    199.213,
   64,      158.3,    180.950,     199.503,    199.576,
   65,      160.8,    180.995,     199.785,    199.921,
   66,      163.3,    181.028,     200.301,    200.250,
   67,      165.8,    181.006,     200.767,    200.563,
   68,      168.3,    181.002,     201.213,    200.861,
   69,      170.8,    180.991,     202.110,    201.144,
   70,      175.8,    179.987,     202.792,    202.151,
----,
DateTime:        , 2025/11/21, 13:27:03, 1763746023762,
RFID_EPC:        ,--Not Acquired--,
RFID_UserData:   ,--Not Acquired--,
Barcode:         ,--Not Acquired--,
PIF:,            0.00,
PARs:,            0.0,     0.0,     0.0,     0.0,     0.0,     0.0,
Light:,           0.0,     0.0,     0.0,     0.0,     0.0,     0.0,
Cycles:,            1,
                    1,      69,      70,      70,
Lamps:,        #10000,
Gain:,              5,     100, 
SNR_raw:,     252.45,
Position:,        0.0,              0.0,   NoData,
DataPt,      Time(us),   EX,         EM,       Fit,
==========,==========,==========,==========,=========,
    0,        0.0,      0.000,       0.000,    104.200,
    1,        0.8,    163.309,     104.587,    106.251,
    2,        3.3,    180.665,     108.716,    108.597,
    3,        5.8,    180.706,     112.448,    111.012,
    4,        8.3,    180.706,     113.997,    113.480,
    5,       10.8,    180.740,     116.964,    115.989,
    6,       13.3,    180.777,     118.710,    118.525,
    7,       15.8,    180.777,     121.365,    121.078,
    8,       18.3,    180.732,     123.608,    123.638,
    9,       20.8,    180.755,     125.806,    126.195,
   10,       23.3,    180.788,     128.106,    128.743,
   11,       25.8,    180.792,     131.090,    131.274,
   12,       28.3,    180.807,     133.181,    133.782,
   13,       30.8,    180.896,     135.990,    136.262,
   14,       33.3,    180.918,     138.073,    138.709,
   15,       35.8,    180.881,     140.977,    141.118,
   16,       38.3,    180.900,     143.726,    143.485,
   17,       40.8,    180.918,     145.259,    145.808,
   18,       43.3,    180.903,     147.814,    148.083,
   19,       45.8,    180.851,     150.510,    150.307,
   20,       48.3,    180.836,     152.403,    152.479,
   21,       50.8,    180.877,     155.022,    154.598,
   22,       53.3,    180.888,     156.450,    156.661,
   23,       55.8,    180.881,     159.000,    158.668,
   24,       58.3,    180.993,     160.780,    160.618,
   25,       60.8,    180.903,     162.186,    162.510,
   26,       63.3,    180.948,     165.241,    164.345,
   27,       65.8,    181.004,     166.405,    166.122,
   28,       68.3,    180.892,     167.724,    167.840,
   29,       70.8,    180.896,     169.490,    169.500,
   30,       73.3,    180.929,     171.448,    171.104,
   31,       75.8,    180.940,     172.985,    172.651,
   32,       78.3,    180.970,     174.946,    174.142,
   33,       80.8,    180.911,     175.777,    175.578,
   34,       83.3,    181.011,     177.006,    176.960,
   35,       85.8,    181.045,     178.188,    178.289,
   36,       88.3,    180.974,     179.805,    179.566,
   37,       90.8,    180.996,     180.777,    180.792,
   38,       93.3,    181.045,     181.613,    181.968,
   39,       95.8,    180.985,     183.109,    183.097,
   40,       98.3,    180.922,     183.836,    184.178,
   41,      100.8,    180.888,     185.086,    185.214,
   42,      103.3,    180.900,     186.512,    186.205,
   43,      105.8,    180.967,     187.438,    187.153,
   44,      108.3,    180.944,     187.682,    188.060,
   45,      110.8,    181.052,     188.675,    188.927,
   46,      113.3,    181.015,     190.040,    189.755,
   47,      115.8,    180.996,     190.612,    190.546,
   48,      118.3,    181.093,     191.062,    191.301,
   49,      120.8,    180.974,     192.293,    192.021,
   50,      123.3,    180.989,     192.388,    192.708,
   51,      125.8,    181.022,     193.788,    193.363,
   52,      128.3,    180.970,     193.955,    193.987,
   53,      130.8,    180.952,     193.974,    194.582,
   54,      133.3,    180.944,     194.977,    195.148,
   55,      135.8,    180.978,     195.273,    195.687,
   56,      138.3,    180.933,     196.426,    196.200,
   57,      140.8,    181.037,     196.424,    196.688,
   58,      143.3,    181.030,     196.984,    197.153,
   59,      145.8,    180.981,     197.037,    197.594,
   60,      148.3,    181.045,     197.189,    198.014,
   61,      150.8,    181.007,     198.887,    198.413,
   62,      153.3,    180.948,     198.400,    198.793,
   63,      155.8,    180.911,     199.878,    199.154,
   64,      158.3,    180.996,     199.783,    199.496,
   65,      160.8,    180.996,     199.894,    199.821,
   66,      163.3,    181.030,     200.409,    200.130,
   67,      165.8,    181.052,     200.826,    200.423,
   68,      168.3,    180.989,     201.007,    200.702,
   69,      170.8,    180.892,     201.446,    200.966,
   70,      175.8,    180.000,     202.111,    201.962,
----,
DateTime:        , 2025/11/21, 13:27:06, 1763746026291,
RFID_EPC:        ,--Not Acquired--,
RFID_UserData:   ,--Not Acquired--,
Barcode:         ,--Not Acquired--,
PIF:,            0.00,
PARs:,            0.0,     0.0,     0.0,     0.0,     0.0,     0.0,
Light:,           0.0,     0.0,     0.0,     0.0,     0.0,     0.0,
Cycles:,            1,
                    1,      69,      70,      70,
Lamps:,        #10000,
Gain:,              5,     100, 
SNR_raw:,     228.09,
Position:,        0.0,              0.0,   NoData,
DataPt,      Time(us),   EX,         EM,       Fit,
==========,==========,==========,==========,=========,
    0,        0.0,      0.000,       0.000,    103.809,
    1,        0.8,    163.454,     104.494,    105.785,
    2,        3.3,    180.547,     108.236,    108.069,
    3,        5.8,    180.610,     111.622,    110.446,
    4,        8.3,    180.696,     113.672,    112.896,
    5,       10.8,    180.722,     115.979,    115.400,
    6,       13.3,    180.777,     118.046,    117.943,
    7,       15.8,    180.781,     120.698,    120.510,
    8,       18.3,    180.893,     123.277,    123.091,
    9,       20.8,    180.796,     124.781,    125.673,
   10,       23.3,    180.848,     128.174,    128.248,
   11,       25.8,    180.807,     130.305,    130.808,
   12,       28.3,    180.818,     133.062,    133.346,
   13,       30.8,    180.740,     135.332,    135.854,
   14,       33.3,    180.800,     138.053,    138.330,
   15,       35.8,    180.852,     140.446,    140.767,
   16,       38.3,    180.908,     142.725,    143.163,
   17,       40.8,    180.952,     145.011,    145.514,
   18,       43.3,    180.948,     147.666,    147.816,
   19,       45.8,    180.937,     149.886,    150.068,
   20,       48.3,    180.956,     152.523,    152.266,
   21,       50.8,    180.978,     154.825,    154.410,
   22,       53.3,    180.885,     156.674,    156.497,
   23,       55.8,    180.863,     158.462,    158.528,
   24,       58.3,    180.882,     160.547,    160.501,
   25,       60.8,    180.904,     163.181,    162.415,
   26,       63.3,    180.904,     164.618,    164.272,
   27,       65.8,    180.904,     166.166,    166.070,
   28,       68.3,    180.974,     168.201,    167.810,
   29,       70.8,    180.934,     170.118,    169.492,
   30,       73.3,    180.904,     172.025,    171.117,
   31,       75.8,    181.023,     172.575,    172.685,
   32,       78.3,    180.978,     174.275,    174.197,
   33,       80.8,    180.971,     175.830,    175.654,
   34,       83.3,    180.937,     177.631,    177.057,
   35,       85.8,    180.967,     178.707,    178.407,
   36,       88.3,    180.922,     179.524,    179.705,
   37,       90.8,    180.867,     181.128,    180.952,
   38,       93.3,    181.000,     181.767,    182.150,
   39,       95.8,    180.941,     183.264,    183.299,
   40,       98.3,    181.067,     184.572,    184.401,
   41,      100.8,    180.926,     185.158,    185.458,
   42,      103.3,    181.012,     186.507,    186.470,
   43,      105.8,    180.982,     186.317,    187.440,
   44,      108.3,    180.967,     188.653,    188.367,
   45,      110.8,    180.948,     188.783,    189.255,
   46,      113.3,    180.945,     190.887,    190.104,
   47,      115.8,    181.004,     190.161,    190.915,
   48,      118.3,    180.956,     191.317,    191.690,
   49,      120.8,    181.030,     192.675,    192.431,
   50,      123.3,    181.041,     193.547,    193.137,
   51,      125.8,    181.090,     193.274,    193.812,
   52,      128.3,    181.023,     194.451,    194.455,
   53,      130.8,    181.038,     194.545,    195.069,
   54,      133.3,    180.993,     195.035,    195.654,
   55,      135.8,    180.952,     196.295,    196.212,
   56,      138.3,    180.922,     196.548,    196.744,
   57,      140.8,    180.919,     197.216,    197.250,
   58,      143.3,    180.941,     197.412,    197.732,
   59,      145.8,    180.956,     198.059,    198.191,
   60,      148.3,    181.015,     199.210,    198.628,
   61,      150.8,    181.049,     199.504,    199.044,
   62,      153.3,    181.101,     199.557,    199.439,
   63,      155.8,    181.053,     200.163,    199.815,
   64,      158.3,    181.004,     200.106,    200.173,
   65,      160.8,    180.956,     200.933,    200.514,
   66,      163.3,    180.971,     201.137,    200.838,
   67,      165.8,    180.978,     201.129,    201.146,
   68,      168.3,    180.908,     201.871,    201.438,
   69,      170.8,    180.919,     202.632,    201.716,
   70,      175.8,    179.952,     202.720,    202.807,
----,
DateTime:        , 2025/11/21, 13:27:09, 1763746028824,
RFID_EPC:        ,--Not Acquired--,
RFID_UserData:   ,--Not Acquired--,
Barcode:         ,--Not Acquired--,
PIF:,            0.00,
PARs:,            0.0,     0.0,     0.0,     0.0,     0.0,     0.0,
Light:,           0.0,     0.0,     0.0,     0.0,     0.0,     0.0,
Cycles:,            1,
                    1,      69,      70,      70,
Lamps:,        #10000,
Gain:,              5,     100, 
SNR_raw:,     254.18,
Position:,        0.0,              0.0,   NoData,
DataPt,      Time(us),   EX,         EM,       Fit,
==========,==========,==========,==========,=========,
    0,        0.0,      0.000,       0.000,    103.504,
    1,        0.8,    163.597,     103.914,    105.499,
    2,        3.3,    180.608,     108.341,    107.813,
    3,        5.8,    180.686,     112.350,    110.226,
    4,        8.3,    180.660,     113.694,    112.713,
    5,       10.8,    180.649,     116.026,    115.252,
    6,       13.3,    180.701,     118.096,    117.826,
    7,       15.8,    180.749,     120.498,    120.420,
    8,       18.3,    180.798,     122.679,    123.023,
    9,       20.8,    180.835,     125.308,    125.622,
   10,       23.3,    180.805,     127.209,    128.208,
   11,       25.8,    180.824,     129.961,    130.773,
   12,       28.3,    180.794,     132.969,    133.312,
   13,       30.8,    180.827,     135.267,    135.817,
   14,       33.3,    180.835,     137.474,    138.286,
   15,       35.8,    180.857,     140.664,    140.712,
   16,       38.3,    180.902,     142.840,    143.095,
   17,       40.8,    180.887,     144.289,    145.429,
   18,       43.3,    180.954,     147.441,    147.713,
   19,       45.8,    180.898,     149.587,    149.945,
   20,       48.3,    180.898,     151.909,    152.123,
   21,       50.8,    180.954,     153.741,    154.247,
   22,       53.3,    180.939,     156.075,    156.314,
   23,       55.8,    180.935,     158.510,    158.325,
   24,       58.3,    180.924,     161.173,    160.279,
   25,       60.8,    180.890,     162.640,    162.175,
   26,       63.3,    180.920,     165.156,    164.014,
   27,       65.8,    180.943,     165.799,    165.796,
   28,       68.3,    180.946,     167.895,    167.522,
   29,       70.8,    180.972,     169.750,    169.191,
   30,       73.3,    181.009,     171.151,    170.804,
   31,       75.8,    180.998,     172.709,    172.363,
   32,       78.3,    180.946,     173.643,    173.867,
   33,       80.8,    180.939,     175.197,    175.317,
   34,       83.3,    180.943,     176.520,    176.715,
   35,       85.8,    180.920,     178.974,    178.062,
   36,       88.3,    180.920,     179.637,    179.358,
   37,       90.8,    180.920,     181.185,    180.605,
   38,       93.3,    181.043,     181.835,    181.804,
   39,       95.8,    180.920,     183.175,    182.957,
   40,       98.3,    180.998,     184.090,    184.064,
   41,      100.8,    180.980,     185.546,    185.126,
   42,      103.3,    181.043,     186.475,    186.146,
   43,      105.8,    180.972,     187.432,    187.123,
   44,      108.3,    180.972,     187.874,    188.061,
   45,      110.8,    180.935,     188.908,    188.959,
   46,      113.3,    180.965,     189.650,    189.819,
   47,      115.8,    180.890,     190.060,    190.643,
   48,      118.3,    180.950,     191.324,    191.431,
   49,      120.8,    180.876,     192.287,    192.185,
   50,      123.3,    181.002,     192.484,    192.906,
   51,      125.8,    181.054,     193.202,    193.595,
   52,      128.3,    181.006,     194.359,    194.254,
   53,      130.8,    180.976,     194.280,    194.883,
   54,      133.3,    180.980,     195.271,    195.484,
   55,      135.8,    180.983,     195.598,    196.058,
   56,      138.3,    180.957,     196.400,    196.606,
   57,      140.8,    181.017,     196.777,    197.129,
   58,      143.3,    180.943,     197.190,    197.628,
   59,      145.8,    180.969,     198.488,    198.104,
   60,      148.3,    181.009,     198.885,    198.558,
   61,      150.8,    180.998,     198.786,    198.991,
   62,      153.3,    180.998,     199.449,    199.403,
   63,      155.8,    181.032,     200.296,    199.796,
   64,      158.3,    181.028,     200.301,    200.171,
   65,      160.8,    181.013,     201.090,    200.528,
   66,      163.3,    181.002,     200.992,    200.868,
   67,      165.8,    180.950,     202.045,    201.192,
   68,      168.3,    181.013,     202.085,    201.500,
   69,      170.8,    180.976,     201.795,    201.794,
   70,      175.8,    179.969,     202.257,    202.783,
----,
DateTime:        , 2025/11/21, 13:27:11, 1763746031332,
RFID_EPC:        ,--Not Acquired--,
RFID_UserData:   ,--Not Acquired--,
Barcode:         ,--Not Acquired--,
PIF:,            0.00,
PARs:,            0.0,     0.0,     0.0,     0.0,     0.0,     0.0,
Light:,           0.0,     0.0,     0.0,     0.0,     0.0,     0.0,
Cycles:,            1,
                    1,      69,      70,      70,
Lamps:,        #10000,
Gain:,              5,     100, 
SNR_raw:,     287.40,
Position:,        0.0,              0.0,   NoData,
DataPt,      Time(us),   EX,         EM,       Fit,
==========,==========,==========,==========,=========,
    0,        0.0,      0.000,       0.000,    104.861,
    1,        0.8,    163.488,     105.451,    106.752,
    2,        3.3,    180.644,     109.087,    108.958,
    3,        5.8,    180.640,     112.378,    111.272,
    4,        8.3,    180.774,     114.507,    113.670,
    5,       10.8,    180.748,     116.516,    116.131,
    6,       13.3,    180.763,     119.383,    118.639,
    7,       15.8,    180.774,     120.924,    121.176,
    8,       18.3,    180.771,     124.135,    123.731,
    9,       20.8,    180.741,     125.594,    126.290,
   10,       23.3,    180.823,     128.524,    128.845,
   11,       25.8,    180.878,     130.585,    131.387,
   12,       28.3,    180.852,     133.479,    133.907,
   13,       30.8,    180.878,     135.450,    136.399,
   14,       33.3,    180.919,     138.847,    138.858,
   15,       35.8,    180.927,     141.162,    141.279,
   16,       38.3,    180.901,     143.283,    143.657,
   17,       40.8,    180.893,     146.164,    145.988,
   18,       43.3,    180.863,     147.957,    148.270,
   19,       45.8,    180.915,     150.789,    150.500,
   20,       48.3,    180.901,     152.570,    152.677,
   21,       50.8,    180.893,     155.119,    154.797,
   22,       53.3,    180.949,     157.061,    156.862,
   23,       55.8,    180.930,     158.846,    158.868,
   24,       58.3,    180.979,     161.124,    160.816,
   25,       60.8,    180.968,     162.902,    162.706,
   26,       63.3,    180.975,     164.774,    164.537,
   27,       65.8,    180.949,     166.566,    166.309,
   28,       68.3,    180.901,     168.269,    168.022,
   29,       70.8,    180.927,     170.456,    169.677,
   30,       73.3,    180.938,     171.882,    171.274,
   31,       75.8,    180.915,     172.898,    172.815,
   32,       78.3,    180.979,     174.827,    174.300,
   33,       80.8,    180.990,     175.590,    175.730,
   34,       83.3,    180.986,     176.920,    177.106,
   35,       85.8,    180.994,     178.459,    178.429,
   36,       88.3,    180.930,     179.959,    179.701,
   37,       90.8,    180.986,     180.898,    180.922,
   38,       93.3,    180.953,     181.926,    182.094,
   39,       95.8,    180.901,     183.084,    183.219,
   40,       98.3,    180.878,     184.102,    184.297,
   41,      100.8,    180.953,     185.463,    185.329,
   42,      103.3,    180.908,     186.172,    186.318,
   43,      105.8,    180.979,     187.646,    187.265,
   44,      108.3,    181.031,     188.145,    188.171,
   45,      110.8,    181.008,     189.494,    189.037,
   46,      113.3,    181.023,     189.699,    189.866,
   47,      115.8,    181.016,     190.591,    190.657,
   48,      118.3,    181.053,     191.104,    191.413,
   49,      120.8,    180.886,     192.055,    192.135,
   50,      123.3,    180.912,     192.027,    192.825,
   51,      125.8,    180.882,     193.828,    193.482,
   52,      128.3,    180.908,     193.358,    194.110,
   53,      130.8,    180.930,     194.329,    194.708,
   54,      133.3,    180.971,     195.390,    195.278,
   55,      135.8,    180.982,     195.931,    195.821,
   56,      138.3,    181.008,     196.234,    196.339,
   57,      140.8,    181.001,     196.242,    196.832,
   58,      143.3,    181.049,     196.852,    197.301,
   59,      145.8,    181.012,     197.887,    197.748,
   60,      148.3,    180.997,     198.014,    198.174,
   61,      150.8,    181.001,     198.562,    198.579,
   62,      153.3,    180.923,     199.311,    198.965,
   63,      155.8,    180.930,     200.077,    199.331,
   64,      158.3,    180.949,     199.946,    199.680,
   65,      160.8,    180.923,     200.306,    200.012,
   66,      163.3,    181.016,     200.756,    200.327,
   67,      165.8,    180.945,     200.945,    200.627,
   68,      168.3,    181.020,     201.525,    200.912,
   69,      170.8,    181.016,     201.308,    201.182,
   70,      175.8,    179.953,     202.609,    202.416,
----,
DateTime:        , 2025/11/21, 13:27:14, 1763746033898,
RFID_EPC:        ,--Not Acquired--,
RFID_UserData:   ,--Not Acquired--,
Barcode:         ,--Not Acquired--,
PIF:,            0.00,
PARs:,            0.0,     0.0,     0.0,     0.0,     0.0,     0.0,
Light:,           0.0,     0.0,     0.0,     0.0,     0.0,     0.0,
Cycles:,            1,
                    1,      69,      70,      70,
Lamps:,        #10000,
Gain:,              5,     100, 
SNR_raw:,     328.67,
Position:,        0.0,              0.0,   NoData,
DataPt,      Time(us),   EX,         EM,       Fit,
==========,==========,==========,==========,=========,
    0,        0.0,      0.000,       0.000,    104.091,
    1,        0.8,    163.503,     104.463,    105.934,
    2,        3.3,    180.588,     108.437,    108.123,
    3,        5.8,    180.659,     112.034,    110.447,
    4,        8.3,    180.722,     113.876,    112.873,
    5,       10.8,    180.774,     116.056,    115.374,
    6,       13.3,    180.733,     117.853,    117.924,
    7,       15.8,    180.730,     120.179,    120.506,
    8,       18.3,    180.767,     122.699,    123.104,
    9,       20.8,    180.837,     125.195,    125.704,
   10,       23.3,    180.730,     128.147,    128.294,
   11,       25.8,    180.741,     130.463,    130.866,
   12,       28.3,    180.763,     132.660,    133.412,
   13,       30.8,    180.886,     135.555,    135.927,
   14,       33.3,    180.819,     138.370,    138.404,
   15,       35.8,    180.945,     140.595,    140.839,
   16,       38.3,    180.890,     142.739,    143.229,
   17,       40.8,    180.982,     145.649,    145.570,
   18,       43.3,    180.945,     147.669,    147.859,
   19,       45.8,    180.893,     150.144,    150.095,
   20,       48.3,    180.979,     151.731,    152.277,
   21,       50.8,    180.864,     154.371,    154.403,
   22,       53.3,    180.882,     156.677,    156.471,
   23,       55.8,    180.778,     158.426,    158.482,
   24,       58.3,    180.923,     160.842,    160.436,
   25,       60.8,    180.960,     162.909,    162.333,
   26,       63.3,    180.949,     164.577,    164.172,
   27,       65.8,    181.012,     166.508,    165.953,
   28,       68.3,    180.949,     167.561,    167.678,
   29,       70.8,    180.964,     169.868,    169.347,
   30,       73.3,    180.934,     171.444,    170.959,
   31,       75.8,    180.930,     173.105,    172.517,
   32,       78.3,    180.916,     174.335,    174.021,
   33,       80.8,    180.878,     175.588,    175.472,
   34,       83.3,    180.837,     177.286,    176.870,
   35,       85.8,    180.945,     178.065,    178.218,
   36,       88.3,    180.904,     179.763,    179.516,
   37,       90.8,    181.034,     180.629,    180.765,
   38,       93.3,    180.975,     182.346,    181.966,
   39,       95.8,    181.072,     182.911,    183.122,
   40,       98.3,    180.994,     184.205,    184.232,
   41,      100.8,    180.949,     185.577,    185.299,
   42,      103.3,    181.008,     186.511,    186.323,
   43,      105.8,    180.953,     187.342,    187.306,
   44,      108.3,    180.893,     187.956,    188.249,
   45,      110.8,    180.975,     189.087,    189.153,
   46,      113.3,    180.960,     189.766,    190.020,
   47,      115.8,    181.005,     190.382,    190.850,
   48,      118.3,    180.971,     191.301,    191.646,
   49,      120.8,    180.953,     192.315,    192.407,
   50,      123.3,    181.023,     192.682,    193.136,
   51,      125.8,    180.949,     193.425,    193.834,
   52,      128.3,    181.005,     193.918,    194.502,
   53,      130.8,    181.008,     194.577,    195.140,
   54,      133.3,    180.990,     195.149,    195.750,
   55,      135.8,    180.882,     196.371,    196.334,
   56,      138.3,    181.034,     195.874,    196.891,
   57,      140.8,    181.060,     197.503,    197.424,
   58,      143.3,    181.079,     198.145,    197.932,
   59,      145.8,    181.023,     198.206,    198.418,
   60,      148.3,    180.979,     199.029,    198.882,
   61,      150.8,    181.008,     199.217,    199.325,
   62,      153.3,    181.005,     199.663,    199.748,
   63,      155.8,    180.968,     200.478,    200.151,
   64,      158.3,    180.942,     200.507,    200.536,
   65,      160.8,    180.979,     201.129,    200.903,
   66,      163.3,    180.953,     201.710,    201.253,
   67,      165.8,    180.975,     202.238,    201.587,
   68,      168.3,    181.016,     202.082,    201.905,
   69,      170.8,    181.046,     203.374,    202.208,
   70,      175.8,    180.020,     203.533,    203.437,
----,
DateTime:        , 2025/11/21, 13:27:16, 1763746036472,
RFID_EPC:        ,--Not Acquired--,
RFID_UserData:   ,--Not Acquired--,
Barcode:         ,--Not Acquired--,
PIF:,            0.00,
PARs:,            0.0,     0.0,     0.0,     0.0,     0.0,     0.0,
Light:,           0.0,     0.0,     0.0,     0.0,     0.0,     0.0,
Cycles:,            1,
                    1,      69,      70,      70,
Lamps:,        #10000,
Gain:,              5,     100, 
SNR_raw:,     301.64,
Position:,        0.0,              0.0,   NoData,
DataPt,      Time(us),   EX,         EM,       Fit,
==========,==========,==========,==========,=========,
    0,        0.0,      0.000,       0.000,    103.969,
    1,        0.8,    163.460,     104.613,    105.892,
    2,        3.3,    180.713,     108.263,    108.142,
    3,        5.8,    180.702,     111.565,    110.506,
    4,        8.3,    180.695,     114.115,    112.957,
    5,       10.8,    180.743,     115.966,    115.473,
    6,       13.3,    180.758,     118.390,    118.035,
    7,       15.8,    180.650,     121.118,    120.625,
    8,       18.3,    180.791,     122.572,    123.230,
    9,       20.8,    180.840,     125.194,    125.839,
   10,       23.3,    180.832,     128.185,    128.439,
   11,       25.8,    180.829,     130.510,    131.022,
   12,       28.3,    180.858,     132.922,    133.580,
   13,       30.8,    180.855,     135.579,    136.107,
   14,       33.3,    180.873,     138.108,    138.597,
   15,       35.8,    180.862,     140.549,    141.046,
   16,       38.3,    180.832,     143.227,    143.448,
   17,       40.8,    180.936,     145.687,    145.801,
   18,       43.3,    180.869,     148.284,    148.102,
   19,       45.8,    180.892,     150.366,    150.349,
   20,       48.3,    180.862,     152.492,    152.540,
   21,       50.8,    180.936,     154.861,    154.675,
   22,       53.3,    180.940,     157.069,    156.751,
   23,       55.8,    180.918,     159.188,    158.767,
   24,       58.3,    180.962,     161.028,    160.725,
   25,       60.8,    180.903,     162.960,    162.623,
   26,       63.3,    180.936,     165.030,    164.462,
   27,       65.8,    180.925,     166.478,    166.241,
   28,       68.3,    180.929,     168.353,    167.962,
   29,       70.8,    180.892,     169.936,    169.624,
   30,       73.3,    180.929,     171.670,    171.229,
   31,       75.8,    180.992,     173.267,    172.778,
   32,       78.3,    181.026,     174.340,    174.271,
   33,       80.8,    181.033,     175.548,    175.709,
   34,       83.3,    180.966,     177.492,    177.095,
   35,       85.8,    181.044,     178.631,    178.427,
   36,       88.3,    180.921,     179.636,    179.709,
   37,       90.8,    180.925,     180.959,    180.941,
   38,       93.3,    180.918,     181.961,    182.125,
   39,       95.8,    180.966,     183.570,    183.261,
   40,       98.3,    180.836,     184.366,    184.352,
   41,      100.8,    180.918,     185.056,    185.398,
   42,      103.3,    180.970,     186.440,    186.401,
   43,      105.8,    180.981,     187.202,    187.362,
   44,      108.3,    181.037,     187.476,    188.282,
   45,      110.8,    180.992,     189.069,    189.164,
   46,      113.3,    181.022,     189.590,    190.009,
   47,      115.8,    180.951,     190.549,    190.817,
   48,      118.3,    180.988,     191.283,    191.589,
   49,      120.8,    180.903,     192.147,    192.329,
   50,      123.3,    180.895,     193.371,    193.036,
   51,      125.8,    180.944,     193.762,    193.711,
   52,      128.3,    180.936,     194.323,    194.356,
   53,      130.8,    181.014,     194.902,    194.972,
   54,      133.3,    181.026,     195.221,    195.561,
   55,      135.8,    180.970,     196.497,    196.122,
   56,      138.3,    181.026,     196.657,    196.659,
   57,      140.8,    181.018,     196.997,    197.170,
   58,      143.3,    181.011,     197.336,    197.658,
   59,      145.8,    180.951,     197.622,    198.124,
   60,      148.3,    180.985,     198.801,    198.569,
   61,      150.8,    181.044,     198.736,    198.992,
   62,      153.3,    180.947,     199.505,    199.396,
   63,      155.8,    180.959,     200.377,    199.781,
   64,      158.3,    181.033,     199.743,    200.147,
   65,      160.8,    180.981,     200.242,    200.497,
   66,      163.3,    180.944,     201.831,    200.830,
   67,      165.8,    181.033,     201.621,    201.147,
   68,      168.3,    181.059,     201.923,    201.448,
   69,      170.8,    181.011,     202.530,    201.736,
   70,      175.8,    179.903,     203.109,    203.057,
----,
DateTime:        , 2025/11/21, 13:27:19, 1763746039042,
RFID_EPC:        ,--Not Acquired--,
RFID_UserData:   ,--Not Acquired--,
Barcode:         ,--Not Acquired--,
PIF:,            0.00,
PARs:,            0.0,     0.0,     0.0,     0.0,     0.0,     0.0,
Light:,           0.0,     0.0,     0.0,     0.0,     0.0,     0.0,
Cycles:,            1,
                    1,      69,      70,      70,
Lamps:,        #10000,
Gain:,              5,     100, 
SNR_raw:,     270.02,
Position:,        0.0,              0.0,   NoData,
DataPt,      Time(us),   EX,         EM,       Fit,
==========,==========,==========,==========,=========,
    0,        0.0,      0.000,       0.000,    103.694,
    1,        0.8,    163.531,     104.078,    105.692,
    2,        3.3,    180.569,     108.082,    107.994,
    3,        5.8,    180.651,     111.707,    110.384,
    4,        8.3,    180.736,     113.978,    112.841,
    5,       10.8,    180.588,     115.733,    115.346,
    6,       13.3,    180.740,     118.845,    117.888,
    7,       15.8,    180.748,     120.389,    120.451,
    8,       18.3,    180.822,     122.883,    123.025,
    9,       20.8,    180.855,     125.183,    125.600,
   10,       23.3,    180.833,     127.963,    128.166,
   11,       25.8,    180.889,     129.804,    130.716,
   12,       28.3,    180.822,     133.170,    133.243,
   13,       30.8,    180.859,     135.133,    135.743,
   14,       33.3,    180.803,     137.940,    138.208,
   15,       35.8,    180.904,     140.296,    140.635,
   16,       38.3,    180.833,     142.452,    143.021,
   17,       40.8,    180.915,     145.041,    145.362,
   18,       43.3,    180.878,     147.282,    147.655,
   19,       45.8,    180.904,     149.472,    149.898,
   20,       48.3,    180.892,     152.024,    152.089,
   21,       50.8,    180.959,     154.399,    154.226,
   22,       53.3,    180.948,     156.398,    156.309,
   23,       55.8,    180.889,     158.772,    158.334,
   24,       58.3,    180.930,     160.394,    160.303,
   25,       60.8,    180.892,     162.085,    162.215,
   26,       63.3,    180.881,     165.081,    164.069,
   27,       65.8,    180.885,     165.962,    165.865,
   28,       68.3,    180.948,     168.004,    167.604,
   29,       70.8,    180.974,     169.969,    169.285,
   30,       73.3,    180.956,     171.423,    170.910,
   31,       75.8,    180.985,     172.721,    172.479,
   32,       78.3,    180.952,     174.411,    173.992,
   33,       80.8,    180.859,     175.385,    175.450,
   34,       83.3,    180.985,     176.920,    176.855,
   35,       85.8,    180.933,     178.850,    178.206,
   36,       88.3,    180.933,     179.956,    179.506,
   37,       90.8,    180.930,     180.291,    180.756,
   38,       93.3,    180.922,     181.404,    181.956,
   39,       95.8,    180.963,     183.242,    183.107,
   40,       98.3,    181.034,     184.165,    184.213,
   41,      100.8,    181.026,     185.167,    185.272,
   42,      103.3,    181.004,     186.294,    186.287,
   43,      105.8,    180.982,     187.422,    187.260,
   44,      108.3,    181.023,     188.043,    188.190,
   45,      110.8,    180.963,     189.099,    189.081,
   46,      113.3,    180.933,     189.462,    189.932,
   47,      115.8,    180.941,     191.223,    190.746,
   48,      118.3,    180.937,     190.895,    191.524,
   49,      120.8,    180.985,     192.170,    192.267,
   50,      123.3,    180.967,     192.190,    192.976,
   51,      125.8,    181.023,     193.346,    193.653,
   52,      128.3,    180.989,     193.824,    194.298,
   53,      130.8,    180.989,     195.592,    194.914,
   54,      133.3,    181.056,     195.409,    195.501,
   55,      135.8,    181.000,     196.022,    196.061,
   56,      138.3,    180.978,     196.488,    196.594,
   57,      140.8,    180.948,     197.073,    197.102,
   58,      143.3,    180.971,     197.822,    197.586,
   59,      145.8,    180.918,     197.769,    198.046,
   60,      148.3,    181.011,     198.441,    198.484,
   61,      150.8,    180.959,     198.940,    198.901,
   62,      153.3,    180.997,     199.672,    199.298,
   63,      155.8,    181.008,     199.771,    199.675,
   64,      158.3,    181.067,     200.036,    200.034,
   65,      160.8,    180.993,     200.671,    200.375,
   66,      163.3,    181.052,     200.605,    200.699,
   67,      165.8,    180.956,     201.154,    201.008,
   68,      168.3,    180.993,     201.776,    201.301,
   69,      170.8,    181.026,     202.291,    201.579,
   70,      175.8,    179.974,     202.362,    202.556,
----,
DateTime:        , 2025/11/21, 13:27:21, 1763746041531,
RFID_EPC:        ,--Not Acquired--,
RFID_UserData:   ,--Not Acquired--,
Barcode:         ,--Not Acquired--,
PIF:,            0.00,
PARs:,            0.0,     0.0,     0.0,     0.0,     0.0,     0.0,
Light:,           0.0,     0.0,     0.0,     0.0,     0.0,     0.0,
Cycles:,            1,
                    1,      69,      70,      70,
Lamps:,        #10000,
Gain:,              5,     100, 
SNR_raw:,     244.21,
Position:,        0.0,              0.0,   NoData,
DataPt,      Time(us),   EX,         EM,       Fit,
==========,==========,==========,==========,=========,
    0,        0.0,      0.000,       0.000,    103.649,
    1,        0.8,    163.466,     104.242,    105.652,
    2,        3.3,    180.600,     108.217,    107.957,
    3,        5.8,    180.656,     111.815,    110.345,
    4,        8.3,    180.723,     113.212,    112.799,
    5,       10.8,    180.719,     116.313,    115.300,
    6,       13.3,    180.767,     118.163,    117.836,
    7,       15.8,    180.771,     120.263,    120.392,
    8,       18.3,    180.801,     122.345,    122.958,
    9,       20.8,    180.775,     125.460,    125.525,
   10,       23.3,    180.812,     127.315,    128.083,
   11,       25.8,    180.767,     130.333,    130.624,
   12,       28.3,    180.789,     132.640,    133.144,
   13,       30.8,    180.815,     135.276,    135.635,
   14,       33.3,    180.897,     137.647,    138.094,
   15,       35.8,    180.923,     140.280,    140.516,
   16,       38.3,    180.905,     142.617,    142.896,
   17,       40.8,    180.920,     145.258,    145.232,
   18,       43.3,    180.916,     147.140,    147.520,
   19,       45.8,    180.875,     149.717,    149.759,
   20,       48.3,    180.908,     152.011,    151.945,
   21,       50.8,    180.894,     154.456,    154.078,
   22,       53.3,    180.871,     156.465,    156.156,
   23,       55.8,    180.953,     158.494,    158.179,
   24,       58.3,    180.916,     160.074,    160.146,
   25,       60.8,    180.946,     162.811,    162.055,
   26,       63.3,    180.979,     163.886,    163.907,
   27,       65.8,    180.990,     165.755,    165.702,
   28,       68.3,    180.968,     168.096,    167.440,
   29,       70.8,    180.972,     169.640,    169.120,
   30,       73.3,    180.968,     170.970,    170.744,
   31,       75.8,    180.975,     172.510,    172.313,
   32,       78.3,    180.953,     173.968,    173.825,
   33,       80.8,    180.882,     175.252,    175.284,
   34,       83.3,    180.897,     177.228,    176.688,
   35,       85.8,    180.986,     178.577,    178.040,
   36,       88.3,    181.050,     179.730,    179.341,
   37,       90.8,    180.979,     180.573,    180.592,
   38,       93.3,    180.998,     181.770,    181.793,
   39,       95.8,    181.050,     182.491,    182.946,
   40,       98.3,    181.009,     183.638,    184.053,
   41,      100.8,    180.923,     185.161,    185.114,
   42,      103.3,    180.938,     185.367,    186.131,
   43,      105.8,    180.923,     187.262,    187.105,
   44,      108.3,    180.894,     188.177,    188.037,
   45,      110.8,    181.001,     188.286,    188.930,
   46,      113.3,    180.957,     189.659,    189.784,
   47,      115.8,    180.920,     191.135,    190.600,
   48,      118.3,    180.916,     191.028,    191.380,
   49,      120.8,    181.009,     192.035,    192.125,
   50,      123.3,    181.001,     192.927,    192.837,
   51,      125.8,    181.046,     193.321,    193.516,
   52,      128.3,    180.912,     193.132,    194.165,
   53,      130.8,    180.957,     194.522,    194.783,
   54,      133.3,    180.964,     194.956,    195.373,
   55,      135.8,    180.942,     195.864,    195.935,
   56,      138.3,    181.053,     196.738,    196.471,
   57,      140.8,    180.986,     196.700,    196.982,
   58,      143.3,    181.009,     197.560,    197.468,
   59,      145.8,    180.975,     198.259,    197.931,
   60,      148.3,    181.035,     198.636,    198.372,
   61,      150.8,    181.038,     199.184,    198.792,
   62,      153.3,    180.998,     199.671,    199.191,
   63,      155.8,    180.920,     199.978,    199.572,
   64,      158.3,    181.020,     199.978,    199.933,
   65,      160.8,    180.897,     200.114,    200.277,
   66,      163.3,    180.957,     200.490,    200.604,
   67,      165.8,    180.946,     200.834,    200.915,
   68,      168.3,    181.064,     201.807,    201.210,
   69,      170.8,    180.949,     202.709,    201.491,
   70,      175.8,    180.013,     202.208,    202.473,
----,
DateTime:        , 2025/11/21, 13:27:24, 1763746044067,
RFID_EPC:        ,--Not Acquired--,
RFID_UserData:   ,--Not Acquired--,
Barcode:         ,--Not Acquired--,
PIF:,            0.00,
PARs:,            0.0,     0.0,     0.0,     0.0,     0.0,     0.0,
Light:,           0.0,     0.0,     0.0,     0.0,     0.0,     0.0,
Cycles:,            1,
                    1,      69,      70,      70,
Lamps:,        #10000,
Gain:,              5,     100, 
SNR_raw:,     268.22,
Position:,        0.0,              0.0,   NoData,
DataPt,      Time(us),   EX,         EM,       Fit,
==========,==========,==========,==========,=========,
    0,        0.0,      0.000,       0.000,    104.396,
    1,        0.8,    163.491,     105.082,    106.220,
    2,        3.3,    180.663,     108.716,    108.389,
    3,        5.8,    180.707,     112.004,    110.695,
    4,        8.3,    180.715,     114.102,    113.106,
    5,       10.8,    180.737,     116.412,    115.592,
    6,       13.3,    180.730,     117.856,    118.132,
    7,       15.8,    180.744,     120.723,    120.706,
    8,       18.3,    180.704,     123.407,    123.297,
    9,       20.8,    180.741,     125.705,    125.892,
   10,       23.3,    180.763,     127.902,    128.480,
   11,       25.8,    180.826,     130.512,    131.052,
   12,       28.3,    180.871,     132.802,    133.600,
   13,       30.8,    180.837,     135.591,    136.115,
   14,       33.3,    180.953,     138.158,    138.595,
   15,       35.8,    180.904,     140.737,    141.031,
   16,       38.3,    180.908,     143.388,    143.422,
   17,       40.8,    180.953,     145.342,    145.764,
   18,       43.3,    180.841,     148.196,    148.053,
   19,       45.8,    180.871,     149.831,    150.288,
   20,       48.3,    180.863,     152.380,    152.467,
   21,       50.8,    180.867,     154.367,    154.589,
   22,       53.3,    180.930,     156.635,    156.653,
   23,       55.8,    180.986,     158.465,    158.658,
   24,       58.3,    180.941,     161.268,    160.604,
   25,       60.8,    180.927,     162.939,    162.491,
   26,       63.3,    180.945,     164.470,    164.318,
   27,       65.8,    181.005,     165.852,    166.086,
   28,       68.3,    181.008,     168.611,    167.796,
   29,       70.8,    180.886,     169.499,    169.447,
   30,       73.3,    180.897,     171.258,    171.041,
   31,       75.8,    180.860,     172.952,    172.578,
   32,       78.3,    180.949,     174.745,    174.059,
   33,       80.8,    180.964,     175.394,    175.486,
   34,       83.3,    180.938,     176.967,    176.859,
   35,       85.8,    180.997,     178.124,    178.180,
   36,       88.3,    181.005,     178.890,    179.449,
   37,       90.8,    180.960,     181.145,    180.669,
   38,       93.3,    181.023,     181.966,    181.839,
   39,       95.8,    180.897,     182.756,    182.963,
   40,       98.3,    180.982,     184.327,    184.040,
   41,      100.8,    180.941,     185.474,    185.073,
   42,      103.3,    180.934,     186.366,    186.063,
   43,      105.8,    180.949,     187.125,    187.010,
   44,      108.3,    180.945,     188.565,    187.917,
   45,      110.8,    180.979,     188.973,    188.785,
   46,      113.3,    181.053,     189.779,    189.614,
   47,      115.8,    181.049,     190.224,    190.407,
   48,      118.3,    181.001,     191.159,    191.166,
   49,      120.8,    180.941,     192.217,    191.890,
   50,      123.3,    180.901,     192.150,    192.582,
   51,      125.8,    180.982,     192.947,    193.242,
   52,      128.3,    180.886,     193.161,    193.872,
   53,      130.8,    180.941,     194.317,    194.473,
   54,      133.3,    180.975,     194.944,    195.047,
   55,      135.8,    181.005,     195.686,    195.593,
   56,      138.3,    181.008,     195.571,    196.114,
   57,      140.8,    181.053,     196.407,    196.610,
   58,      143.3,    180.994,     196.692,    197.083,
   59,      145.8,    181.027,     197.540,    197.534,
   60,      148.3,    181.049,     197.294,    197.963,
   61,      150.8,    180.967,     198.157,    198.372,
   62,      153.3,    180.982,     198.583,    198.761,
   63,      155.8,    180.953,     199.389,    199.131,
   64,      158.3,    180.956,     199.496,    199.483,
   65,      160.8,    180.964,     200.593,    199.819,
   66,      163.3,    180.945,     200.392,    200.138,
   67,      165.8,    181.038,     200.842,    200.441,
   68,      168.3,    181.027,     201.517,    200.729,
   69,      170.8,    181.001,     201.656,    201.003,
   70,      175.8,    179.964,     201.929,    202.215,
----,
DateTime:        , 2025/11/21, 13:27:26, 1763746046649,
RFID_EPC:        ,--Not Acquired--,
RFID_UserData:   ,--Not Acquired--,
Barcode:         ,--Not Acquired--,
PIF:,            0.00,
PARs:,            0.0,     0.0,     0.0,     0.0,     0.0,     0.0,
Light:,           0.0,     0.0,     0.0,     0.0,     0.0,     0.0,
Cycles:,            1,
                    1,      69,      70,      70,
Lamps:,        #10000,
Gain:,              5,     100, 
SNR_raw:,     270.93,
Position:,        0.0,              0.0,   NoData,
DataPt,      Time(us),   EX,         EM,       Fit,
==========,==========,==========,==========,=========,
    0,        0.0,      0.000,       0.000,    103.553,
    1,        0.8,    163.419,     104.027,    105.391,
    2,        3.3,    180.695,     107.818,    107.578,
    3,        5.8,    180.680,     111.247,    109.900,
    4,        8.3,    180.676,     113.241,    112.325,
    5,       10.8,    180.765,     114.956,    114.826,
    6,       13.3,    180.795,     117.924,    117.380,
    7,       15.8,    180.773,     120.262,    119.967,
    8,       18.3,    180.732,     122.613,    122.570,
    9,       20.8,    180.795,     125.004,    125.179,
   10,       23.3,    180.787,     127.442,    127.779,
   11,       25.8,    180.821,     130.073,    130.364,
   12,       28.3,    180.747,     132.561,    132.924,
   13,       30.8,    180.892,     135.551,    135.453,
   14,       33.3,    180.932,     137.620,    137.947,
   15,       35.8,    180.940,     139.604,    140.399,
   16,       38.3,    180.936,     142.260,    142.807,
   17,       40.8,    180.892,     144.728,    145.166,
   18,       43.3,    180.936,     146.571,    147.474,
   19,       45.8,    180.873,     149.718,    149.728,
   20,       48.3,    180.858,     151.058,    151.928,
   21,       50.8,    180.840,     154.391,    154.070,
   22,       53.3,    180.825,     155.952,    156.156,
   23,       55.8,    180.944,     158.724,    158.184,
   24,       58.3,    180.984,     160.235,    160.154,
   25,       60.8,    180.944,     161.929,    162.064,
   26,       63.3,    180.944,     164.803,    163.916,
   27,       65.8,    181.003,     165.964,    165.709,
   28,       68.3,    180.970,     167.542,    167.444,
   29,       70.8,    180.944,     169.335,    169.121,
   30,       73.3,    180.940,     170.996,    170.741,
   31,       75.8,    180.929,     172.223,    172.304,
   32,       78.3,    180.958,     173.742,    173.811,
   33,       80.8,    180.914,     174.779,    175.263,
   34,       83.3,    180.944,     176.519,    176.662,
   35,       85.8,    180.988,     178.244,    178.007,
   36,       88.3,    180.921,     179.968,    179.302,
   37,       90.8,    181.044,     180.951,    180.546,
   38,       93.3,    180.936,     182.606,    181.741,
   39,       95.8,    180.962,     183.243,    182.888,
   40,       98.3,    180.936,     184.374,    183.988,
   41,      100.8,    180.925,     185.049,    185.043,
   42,      103.3,    180.955,     186.013,    186.054,
   43,      105.8,    180.970,     187.435,    187.023,
   44,      108.3,    180.895,     187.843,    187.951,
   45,      110.8,    180.970,     188.650,    188.838,
   46,      113.3,    180.970,     189.314,    189.688,
   47,      115.8,    180.988,     190.399,    190.500,
   48,      118.3,    181.063,     191.094,    191.276,
   49,      120.8,    180.996,     191.938,    192.017,
   50,      123.3,    181.018,     192.688,    192.726,
   51,      125.8,    180.984,     193.497,    193.402,
   52,      128.3,    180.944,     194.094,    194.048,
   53,      130.8,    180.999,     194.586,    194.664,
   54,      133.3,    180.914,     195.342,    195.252,
   55,      135.8,    181.003,     195.687,    195.812,
   56,      138.3,    181.018,     196.003,    196.346,
   57,      140.8,    180.940,     196.750,    196.855,
   58,      143.3,    180.947,     196.963,    197.341,
   59,      145.8,    181.014,     197.333,    197.803,
   60,      148.3,    180.973,     198.372,    198.243,
   61,      150.8,    181.055,     199.055,    198.661,
   62,      153.3,    180.996,     198.789,    199.060,
   63,      155.8,    180.951,     199.280,    199.440,
   64,      158.3,    180.962,     200.042,    199.802,
   65,      160.8,    180.992,     200.451,    200.145,
   66,      163.3,    180.977,     200.467,    200.472,
   67,      165.8,    180.984,     200.791,    200.783,
   68,      168.3,    181.003,     201.323,    201.079,
   69,      170.8,    180.999,     202.100,    201.360,
   70,      175.8,    179.985,     202.573,    202.519,
----,
DateTime:        , 2025/11/21, 13:27:29, 1763746049189,
RFID_EPC:        ,--Not Acquired--,
RFID_UserData:   ,--Not Acquired--,
Barcode:         ,--Not Acquired--,
PIF:,            0.00,
PARs:,            0.0,     0.0,     0.0,     0.0,     0.0,     0.0,
Light:,           0.0,     0.0,     0.0,     0.0,     0.0,     0.0,
Cycles:,            1,
                    1,      69,      70,      70,
Lamps:,        #10000,
Gain:,              5,     100, 
SNR_raw:,     320.38,
Position:,        0.0,              0.0,   NoData,
DataPt,      Time(us),   EX,         EM,       Fit,
==========,==========,==========,==========,=========,
    0,        0.0,      0.000,       0.000,    103.685,
    1,        0.8,    163.506,     104.094,    105.651,
    2,        3.3,    180.595,     108.057,    107.929,
    3,        5.8,    180.573,     111.645,    110.304,
    4,        8.3,    180.595,     113.514,    112.752,
    5,       10.8,    180.651,     116.025,    115.257,
    6,       13.3,    180.662,     118.010,    117.799,
    7,       15.8,    180.770,     120.706,    120.366,
    8,       18.3,    180.829,     122.768,    122.944,
    9,       20.8,    180.848,     125.741,    125.524,
   10,       23.3,    180.893,     127.590,    128.095,
   11,       25.8,    180.800,     130.089,    130.648,
   12,       28.3,    180.904,     132.114,    133.178,
   13,       30.8,    180.841,     135.368,    135.677,
   14,       33.3,    180.755,     137.866,    138.141,
   15,       35.8,    180.893,     140.415,    140.567,
   16,       38.3,    180.859,     142.210,    142.949,
   17,       40.8,    180.867,     144.416,    145.284,
   18,       43.3,    180.896,     147.267,    147.571,
   19,       45.8,    180.881,     150.043,    149.806,
   20,       48.3,    180.974,     152.397,    151.988,
   21,       50.8,    180.993,     153.929,    154.116,
   22,       53.3,    180.952,     156.285,    156.188,
   23,       55.8,    180.952,     158.606,    158.203,
   24,       58.3,    180.933,     160.501,    160.161,
   25,       60.8,    180.941,     162.373,    162.062,
   26,       63.3,    180.893,     164.628,    163.905,
   27,       65.8,    180.878,     165.747,    165.690,
   28,       68.3,    180.878,     167.959,    167.418,
   29,       70.8,    180.907,     169.368,    169.089,
   30,       73.3,    180.904,     170.920,    170.704,
   31,       75.8,    180.985,     172.500,    172.263,
   32,       78.3,    180.941,     173.979,    173.768,
   33,       80.8,    181.015,     175.676,    175.219,
   34,       83.3,    181.023,     177.326,    176.617,
   35,       85.8,    180.967,     178.044,    177.963,
   36,       88.3,    180.993,     179.455,    179.258,
   37,       90.8,    180.896,     180.656,    180.503,
   38,       93.3,    180.978,     181.569,    181.700,
   39,       95.8,    180.978,     183.006,    182.850,
   40,       98.3,    180.978,     183.890,    183.954,
   41,      100.8,    180.919,     184.835,    185.013,
   42,      103.3,    181.004,     185.631,    186.029,
   43,      105.8,    180.948,     186.573,    187.003,
   44,      108.3,    180.937,     187.689,    187.937,
   45,      110.8,    181.052,     188.233,    188.830,
   46,      113.3,    180.933,     189.794,    189.686,
   47,      115.8,    180.997,     190.390,    190.505,
   48,      118.3,    180.948,     191.215,    191.288,
   49,      120.8,    180.945,     191.771,    192.037,
   50,      123.3,    181.011,     192.253,    192.754,
   51,      125.8,    181.041,     192.774,    193.438,
   52,      128.3,    181.000,     193.701,    194.091,
   53,      130.8,    181.067,     194.845,    194.716,
   54,      133.3,    181.041,     195.646,    195.312,
   55,      135.8,    180.985,     195.375,    195.881,
   56,      138.3,    180.989,     196.365,    196.424,
   57,      140.8,    180.997,     197.020,    196.942,
   58,      143.3,    180.919,     197.105,    197.436,
   59,      145.8,    180.971,     197.380,    197.907,
   60,      148.3,    180.904,     198.116,    198.356,
   61,      150.8,    180.978,     198.588,    198.784,
   62,      153.3,    181.038,     199.185,    199.192,
   63,      155.8,    181.064,     200.040,    199.580,
   64,      158.3,    180.997,     200.004,    199.950,
   65,      160.8,    181.090,     201.116,    200.302,
   66,      163.3,    181.015,     200.978,    200.637,
   67,      165.8,    181.026,     201.628,    200.957,
   68,      168.3,    180.926,     201.408,    201.261,
   69,      170.8,    180.948,     202.047,    201.551,
   70,      175.8,    179.934,     202.741,    202.678,
----,
DateTime:        , 2025/11/21, 13:27:31, 1763746051755,
RFID_EPC:        ,--Not Acquired--,
RFID_UserData:   ,--Not Acquired--,
Barcode:         ,--Not Acquired--,
PIF:,            0.00,
PARs:,            0.0,     0.0,     0.0,     0.0,     0.0,     0.0,
Light:,           0.0,     0.0,     0.0,     0.0,     0.0,     0.0,
Cycles:,            1,
                    1,      69,      70,      70,
Lamps:,        #10000,
Gain:,              5,     100, 
SNR_raw:,     269.65,
Position:,        0.0,              0.0,   NoData,
DataPt,      Time(us),   EX,         EM,       Fit,
==========,==========,==========,==========,=========,
    0,        0.0,      0.000,       0.000,    103.457,
    1,        0.8,    163.586,     103.921,    105.431,
    2,        3.3,    180.665,     108.111,    107.729,
    3,        5.8,    180.691,     111.904,    110.129,
    4,        8.3,    180.702,     113.446,    112.607,
    5,       10.8,    180.684,     115.450,    115.138,
    6,       13.3,    180.725,     118.523,    117.704,
    7,       15.8,    180.777,     120.259,    120.291,
    8,       18.3,    180.673,     122.542,    122.883,
    9,       20.8,    180.836,     124.754,    125.471,
   10,       23.3,    180.818,     127.421,    128.046,
   11,       25.8,    180.821,     130.073,    130.599,
   12,       28.3,    180.877,     132.466,    133.124,
   13,       30.8,    180.836,     135.371,    135.615,
   14,       33.3,    180.899,     137.646,    138.068,
   15,       35.8,    180.896,     139.860,    140.479,
   16,       38.3,    180.844,     142.333,    142.843,
   17,       40.8,    180.881,     145.289,    145.159,
   18,       43.3,    180.862,     146.963,    147.425,
   19,       45.8,    180.884,     149.598,    149.639,
   20,       48.3,    180.929,     152.214,    151.799,
   21,       50.8,    180.951,     153.743,    153.905,
   22,       53.3,    180.929,     155.531,    155.956,
   23,       55.8,    180.929,     158.515,    157.950,
   24,       58.3,    181.037,     160.520,    159.889,
   25,       60.8,    180.936,     161.825,    161.771,
   26,       63.3,    180.959,     163.573,    163.597,
   27,       65.8,    180.851,     165.772,    165.366,
   28,       68.3,    180.936,     167.462,    167.081,
   29,       70.8,    180.907,     168.816,    168.740,
   30,       73.3,    180.851,     171.080,    170.345,
   31,       75.8,    180.940,     171.769,    171.896,
   32,       78.3,    181.018,     174.126,    173.394,
   33,       80.8,    180.892,     175.574,    174.841,
   34,       83.3,    180.963,     176.501,    176.236,
   35,       85.8,    180.881,     177.465,    177.582,
   36,       88.3,    181.044,     179.404,    178.879,
   37,       90.8,    180.951,     179.938,    180.127,
   38,       93.3,    181.003,     181.323,    181.330,
   39,       95.8,    180.951,     182.148,    182.486,
   40,       98.3,    180.970,     183.235,    183.599,
   41,      100.8,    180.959,     184.572,    184.668,
   42,      103.3,    180.959,     186.120,    185.696,
   43,      105.8,    180.955,     186.897,    186.682,
   44,      108.3,    181.048,     186.912,    187.630,
   45,      110.8,    181.033,     188.142,    188.539,
   46,      113.3,    181.037,     189.243,    189.411,
   47,      115.8,    180.989,     190.067,    190.247,
   48,      118.3,    180.996,     190.612,    191.049,
   49,      120.8,    180.966,     191.417,    191.817,
   50,      123.3,    180.907,     192.143,    192.553,
   51,      125.8,    180.948,     193.316,    193.258,
   52,      128.3,    180.936,     193.328,    193.932,
   53,      130.8,    180.963,     194.405,    194.578,
   54,      133.3,    180.985,     195.265,    195.195,
   55,      135.8,    181.041,     195.647,    195.786,
   56,      138.3,    181.011,     196.563,    196.351,
   57,      140.8,    180.989,     196.808,    196.892,
   58,      143.3,    181.037,     197.750,    197.408,
   59,      145.8,    180.955,     198.171,    197.902,
   60,      148.3,    180.959,     198.609,    198.374,
   61,      150.8,    180.989,     199.239,    198.824,
   62,      153.3,    180.959,     199.272,    199.254,
   63,      155.8,    180.963,     199.931,    199.665,
   64,      158.3,    180.963,     200.152,    200.058,
   65,      160.8,    181.003,     200.107,    200.432,
   66,      163.3,    181.037,     201.175,    200.789,
   67,      165.8,    180.970,     201.691,    201.131,
   68,      168.3,    180.970,     201.359,    201.456,
   69,      170.8,    181.000,     201.547,    201.767,
   70,      175.8,    179.892,     202.566,    202.851,
----,
DateTime:        , 2025/11/21, 13:27:34, 1763746054334,
RFID_EPC:        ,--Not Acquired--,
RFID_UserData:   ,--Not Acquired--,
Barcode:         ,--Not Acquired--,
PIF:,            0.00,
PARs:,            0.0,     0.0,     0.0,     0.0,     0.0,     0.0,
Light:,           0.0,     0.0,     0.0,     0.0,     0.0,     0.0,
Cycles:,            1,
                    1,      69,      70,      70,
Lamps:,        #10000,
Gain:,              5,     100, 
SNR_raw:,     245.27,
Position:,        0.0,              0.0,   NoData,
DataPt,      Time(us),   EX,         EM,       Fit,
==========,==========,==========,==========,=========,
    0,        0.0,      0.000,       0.000,    104.598,
    1,        0.8,    163.499,     105.322,    106.454,
    2,        3.3,    180.581,     108.732,    108.636,
    3,        5.8,    180.652,     111.817,    110.936,
    4,        8.3,    180.704,     114.110,    113.328,
    5,       10.8,    180.770,     116.280,    115.788,
    6,       13.3,    180.778,     118.488,    118.295,
    7,       15.8,    180.878,     121.186,    120.834,
    8,       18.3,    180.763,     122.813,    123.389,
    9,       20.8,    180.815,     126.096,    125.948,
   10,       23.3,    180.778,     127.781,    128.500,
   11,       25.8,    180.800,     130.973,    131.038,
   12,       28.3,    180.819,     132.951,    133.552,
   13,       30.8,    180.841,     135.810,    136.038,
   14,       33.3,    180.938,     138.280,    138.489,
   15,       35.8,    180.860,     140.551,    140.901,
   16,       38.3,    180.860,     143.094,    143.269,
   17,       40.8,    180.949,     145.676,    145.592,
   18,       43.3,    180.964,     147.654,    147.865,
   19,       45.8,    180.867,     149.613,    150.087,
   20,       48.3,    180.930,     152.655,    152.256,
   21,       50.8,    180.782,     154.551,    154.370,
   22,       53.3,    180.897,     156.774,    156.429,
   23,       55.8,    180.912,     158.641,    158.431,
   24,       58.3,    180.927,     160.397,    160.378,
   25,       60.8,    180.975,     162.232,    162.267,
   26,       63.3,    180.967,     164.118,    164.100,
   27,       65.8,    180.979,     166.097,    165.876,
   28,       68.3,    180.971,     167.540,    167.596,
   29,       70.8,    180.930,     169.347,    169.259,
   30,       73.3,    180.964,     171.084,    170.868,
   31,       75.8,    180.915,     172.788,    172.422,
   32,       78.3,    180.882,     174.036,    173.922,
   33,       80.8,    180.967,     176.164,    175.369,
   34,       83.3,    180.886,     176.576,    176.764,
   35,       85.8,    181.012,     177.668,    178.109,
   36,       88.3,    181.031,     179.196,    179.404,
   37,       90.8,    181.008,     181.207,    180.650,
   38,       93.3,    180.953,     182.368,    181.849,
   39,       95.8,    180.979,     183.558,    183.002,
   40,       98.3,    180.993,     184.427,    184.110,
   41,      100.8,    180.953,     184.910,    185.174,
   42,      103.3,    180.956,     186.012,    186.196,
   43,      105.8,    180.919,     187.266,    187.176,
   44,      108.3,    180.927,     188.143,    188.117,
   45,      110.8,    180.956,     189.106,    189.019,
   46,      113.3,    180.967,     189.647,    189.883,
   47,      115.8,    180.953,     190.989,    190.712,
   48,      118.3,    180.960,     190.981,    191.505,
   49,      120.8,    180.997,     191.384,    192.265,
   50,      123.3,    180.986,     193.164,    192.992,
   51,      125.8,    181.042,     192.994,    193.688,
   52,      128.3,    180.941,     194.206,    194.354,
   53,      130.8,    180.923,     194.337,    194.991,
   54,      133.3,    180.901,     195.466,    195.600,
   55,      135.8,    181.008,     195.682,    196.181,
   56,      138.3,    180.923,     196.437,    196.737,
   57,      140.8,    180.986,     197.032,    197.269,
   58,      143.3,    180.993,     197.355,    197.776,
   59,      145.8,    181.020,     198.100,    198.260,
   60,      148.3,    180.964,     198.714,    198.723,
   61,      150.8,    181.027,     199.749,    199.165,
   62,      153.3,    181.020,     199.868,    199.586,
   63,      155.8,    180.997,     199.893,    199.988,
   64,      158.3,    180.949,     200.499,    200.372,
   65,      160.8,    180.941,     201.391,    200.738,
   66,      163.3,    181.005,     201.542,    201.087,
   67,      165.8,    180.967,     201.694,    201.420,
   68,      168.3,    181.042,     201.832,    201.738,
   69,      170.8,    181.020,     201.857,    202.040,
   70,      175.8,    179.983,     203.798,    203.300,
----,
DateTime:        , 2025/11/21, 13:27:37, 1763746056905,
RFID_EPC:        ,--Not Acquired--,
RFID_UserData:   ,--Not Acquired--,
Barcode:         ,--Not Acquired--,
PIF:,            0.00,
PARs:,            0.0,     0.0,     0.0,     0.0,     0.0,     0.0,
Light:,           0.0,     0.0,     0.0,     0.0,     0.0,     0.0,
Cycles:,            1,
                    1,      69,      70,      70,
Lamps:,        #10000,
Gain:,              5,     100, 
SNR_raw:,     259.68,
Position:,        0.0,              0.0,   NoData,
DataPt,      Time(us),   EX,         EM,       Fit,
==========,==========,==========,==========,=========,
    0,        0.0,      0.000,       0.000,    104.027,
    1,        0.8,    163.424,     104.391,    105.863,
    2,        3.3,    180.554,     108.250,    108.050,
    3,        5.8,    180.595,     111.742,    110.376,
    4,        8.3,    180.603,     114.063,    112.808,
    5,       10.8,    180.748,     116.073,    115.318,
    6,       13.3,    180.748,     118.176,    117.882,
    7,       15.8,    180.841,     120.659,    120.481,
    8,       18.3,    180.815,     122.225,    123.097,
    9,       20.8,    180.859,     125.401,    125.717,
   10,       23.3,    180.919,     128.124,    128.330,
   11,       25.8,    180.818,     130.297,    130.925,
   12,       28.3,    180.855,     133.034,    133.495,
   13,       30.8,    180.848,     135.694,    136.033,
   14,       33.3,    180.844,     138.130,    138.533,
   15,       35.8,    180.837,     140.679,    140.990,
   16,       38.3,    180.915,     142.940,    143.402,
   17,       40.8,    180.930,     145.360,    145.764,
   18,       43.3,    180.930,     147.682,    148.073,
   19,       45.8,    180.922,     150.562,    150.329,
   20,       48.3,    180.993,     152.271,    152.528,
   21,       50.8,    180.934,     155.195,    154.670,
   22,       53.3,    180.904,     156.990,    156.754,
   23,       55.8,    180.878,     158.892,    158.778,
   24,       58.3,    180.919,     161.067,    160.744,
   25,       60.8,    180.982,     162.005,    162.650,
   26,       63.3,    180.841,     164.233,    164.496,
   27,       65.8,    180.844,     166.552,    166.283,
   28,       68.3,    180.986,     168.522,    168.012,
   29,       70.8,    180.989,     169.623,    169.682,
   30,       73.3,    180.934,     171.444,    171.295,
   31,       75.8,    180.974,     173.616,    172.852,
   32,       78.3,    180.974,     174.610,    174.352,
   33,       80.8,    180.956,     176.507,    175.798,
   34,       83.3,    180.915,     177.431,    177.191,
   35,       85.8,    180.967,     179.038,    178.530,
   36,       88.3,    180.934,     179.956,    179.819,
   37,       90.8,    180.904,     181.533,    181.057,
   38,       93.3,    181.008,     181.981,    182.246,
   39,       95.8,    180.974,     183.562,    183.388,
   40,       98.3,    181.034,     184.164,    184.484,
   41,      100.8,    180.971,     185.444,    185.535,
   42,      103.3,    180.922,     186.378,    186.542,
   43,      105.8,    180.941,     187.354,    187.507,
   44,      108.3,    180.859,     188.323,    188.431,
   45,      110.8,    180.907,     189.379,    189.316,
   46,      113.3,    181.004,     190.493,    190.163,
   47,      115.8,    180.978,     190.741,    190.972,
   48,      118.3,    180.915,     192.024,    191.747,
   49,      120.8,    180.982,     192.506,    192.487,
   50,      123.3,    180.974,     192.955,    193.194,
   51,      125.8,    181.064,     193.634,    193.869,
   52,      128.3,    181.023,     194.009,    194.514,
   53,      130.8,    181.015,     194.790,    195.130,
   54,      133.3,    181.004,     195.355,    195.718,
   55,      135.8,    180.967,     195.174,    196.279,
   56,      138.3,    180.963,     196.504,    196.813,
   57,      140.8,    180.952,     197.069,    197.323,
   58,      143.3,    180.982,     198.362,    197.810,
   59,      145.8,    180.974,     198.260,    198.273,
   60,      148.3,    181.004,     198.559,    198.714,
   61,      150.8,    181.041,     198.960,    199.135,
   62,      153.3,    180.967,     199.484,    199.536,
   63,      155.8,    181.034,     200.073,    199.917,
   64,      158.3,    181.015,     200.425,    200.280,
   65,      160.8,    180.997,     201.109,    200.626,
   66,      163.3,    181.004,     200.769,    200.955,
   67,      165.8,    180.967,     201.805,    201.269,
   68,      168.3,    180.956,     202.259,    201.567,
   69,      170.8,    180.971,     202.132,    201.851,
   70,      175.8,    180.001,     203.110,    203.076,
----,
DateTime:        , 2025/11/21, 13:27:39, 1763746059469,
RFID_EPC:        ,--Not Acquired--,
RFID_UserData:   ,--Not Acquired--,
Barcode:         ,--Not Acquired--,
PIF:,            0.00,
PARs:,            0.0,     0.0,     0.0,     0.0,     0.0,     0.0,
Light:,           0.0,     0.0,     0.0,     0.0,     0.0,     0.0,
Cycles:,            1,
                    1,      69,      70,      70,
Lamps:,        #10000,
Gain:,              5,     100, 
SNR_raw:,     265.21,
Position:,        0.0,              0.0,   NoData,
DataPt,      Time(us),   EX,         EM,       Fit,
==========,==========,==========,==========,=========,
    0,        0.0,      0.000,       0.000,    104.145,
    1,        0.8,    163.541,     104.805,    106.198,
    2,        3.3,    180.638,     108.765,    108.546,
    3,        5.8,    180.686,     112.349,    110.968,
    4,        8.3,    180.694,     113.784,    113.446,
    5,       10.8,    180.712,     116.539,    115.966,
    6,       13.3,    180.731,     118.851,    118.514,
    7,       15.8,    180.731,     120.953,    121.080,
    8,       18.3,    180.738,     123.383,    123.652,
    9,       20.8,    180.831,     126.306,    126.223,
   10,       23.3,    180.787,     128.439,    128.784,
   11,       25.8,    180.846,     130.829,    131.328,
   12,       28.3,    180.947,     133.410,    133.849,
   13,       30.8,    180.883,     135.889,    136.341,
   14,       33.3,    180.898,     138.420,    138.799,
   15,       35.8,    180.932,     141.600,    141.219,
   16,       38.3,    180.883,     143.297,    143.596,
   17,       40.8,    180.846,     146.202,    145.929,
   18,       43.3,    180.861,     147.627,    148.214,
   19,       45.8,    180.865,     150.389,    150.448,
   20,       48.3,    180.846,     152.726,    152.630,
   21,       50.8,    180.883,     155.128,    154.759,
   22,       53.3,    180.869,     157.131,    156.833,
   23,       55.8,    180.958,     158.601,    158.851,
   24,       58.3,    180.954,     160.593,    160.812,
   25,       60.8,    180.906,     162.737,    162.716,
   26,       63.3,    180.965,     165.115,    164.562,
   27,       65.8,    180.965,     166.441,    166.350,
   28,       68.3,    180.950,     168.444,    168.081,
   29,       70.8,    180.876,     169.840,    169.754,
   30,       73.3,    180.917,     171.681,    171.371,
   31,       75.8,    180.950,     172.865,    172.931,
   32,       78.3,    180.928,     174.766,    174.436,
   33,       80.8,    180.965,     176.166,    175.886,
   34,       83.3,    180.961,     177.496,    177.282,
   35,       85.8,    180.987,     178.465,    178.625,
   36,       88.3,    180.973,     180.248,    179.917,
   37,       90.8,    181.036,     180.959,    181.158,
   38,       93.3,    180.965,     183.019,    182.350,
   39,       95.8,    180.913,     183.624,    183.493,
   40,       98.3,    180.876,     184.767,    184.589,
   41,      100.8,    180.939,     185.587,    185.640,
   42,      103.3,    180.880,     186.533,    186.647,
   43,      105.8,    180.895,     187.291,    187.610,
   44,      108.3,    180.991,     187.854,    188.533,
   45,      110.8,    180.987,     189.074,    189.415,
   46,      113.3,    181.066,     189.766,    190.258,
   47,      115.8,    180.950,     191.323,    191.064,
   48,      118.3,    180.987,     192.168,    191.833,
   49,      120.8,    180.969,     192.409,    192.568,
   50,      123.3,    181.002,     193.257,    193.270,
   51,      125.8,    180.973,     194.284,    193.939,
   52,      128.3,    180.965,     193.960,    194.577,
   53,      130.8,    180.969,     195.061,    195.185,
   54,      133.3,    180.984,     195.708,    195.765,
   55,      135.8,    181.036,     196.425,    196.318,
   56,      138.3,    181.040,     197.084,    196.844,
   57,      140.8,    180.950,     196.850,    197.345,
   58,      143.3,    181.036,     197.861,    197.822,
   59,      145.8,    180.995,     197.354,    198.276,
   60,      148.3,    180.995,     198.901,    198.708,
   61,      150.8,    181.002,     198.892,    199.119,
   62,      153.3,    180.965,     199.707,    199.509,
   63,      155.8,    180.991,     200.120,    199.881,
   64,      158.3,    180.913,     200.317,    200.234,
   65,      160.8,    180.954,     201.267,    200.570,
   66,      163.3,    181.040,     201.392,    200.889,
   67,      165.8,    180.999,     201.217,    201.192,
   68,      168.3,    181.032,     201.511,    201.480,
   69,      170.8,    181.047,     202.157,    201.753,
   70,      175.8,    179.951,     202.722,    202.707,
----,
DateTime:        , 2025/11/21, 13:27:42, 1763746061999,
RFID_EPC:        ,--Not Acquired--,
RFID_UserData:   ,--Not Acquired--,
Barcode:         ,--Not Acquired--,
PIF:,            0.00,
PARs:,            0.0,     0.0,     0.0,     0.0,     0.0,     0.0,
Light:,           0.0,     0.0,     0.0,     0.0,     0.0,     0.0,
Cycles:,            1,
                    1,      69,      70,      70,
Lamps:,        #10000,
Gain:,              5,     100, 
SNR_raw:,     278.87,
Position:,        0.0,              0.0,   NoData,
DataPt,      Time(us),   EX,         EM,       Fit,
==========,==========,==========,==========,=========,
    0,        0.0,      0.000,       0.000,    103.905,
    1,        0.8,    163.532,     104.567,    105.908,
    2,        3.3,    180.641,     108.411,    108.236,
    3,        5.8,    180.715,     111.889,    110.665,
    4,        8.3,    180.663,     114.025,    113.170,
    5,       10.8,    180.767,     117.057,    115.731,
    6,       13.3,    180.711,     118.310,    118.328,
    7,       15.8,    180.726,     120.735,    120.946,
    8,       18.3,    180.748,     123.376,    123.573,
    9,       20.8,    180.655,     125.875,    126.196,
   10,       23.3,    180.767,     128.785,    128.808,
   11,       25.8,    180.812,     130.744,    131.400,
   12,       28.3,    180.904,     133.330,    133.965,
   13,       30.8,    180.860,     135.906,    136.496,
   14,       33.3,    180.882,     138.322,    138.989,
   15,       35.8,    180.934,     141.598,    141.440,
   16,       38.3,    180.923,     143.597,    143.845,
   17,       40.8,    180.834,     145.548,    146.199,
   18,       43.3,    180.864,     148.620,    148.502,
   19,       45.8,    180.856,     150.728,    150.751,
   20,       48.3,    180.890,     153.243,    152.945,
   21,       50.8,    180.934,     154.642,    155.082,
   22,       53.3,    180.957,     156.723,    157.162,
   23,       55.8,    180.860,     159.350,    159.183,
   24,       58.3,    180.934,     161.385,    161.145,
   25,       60.8,    180.971,     163.009,    163.048,
   26,       63.3,    180.882,     165.301,    164.892,
   27,       65.8,    180.953,     167.005,    166.677,
   28,       68.3,    180.916,     168.808,    168.404,
   29,       70.8,    180.860,     170.298,    170.072,
   30,       73.3,    180.930,     171.779,    171.683,
   31,       75.8,    180.923,     173.665,    173.238,
   32,       78.3,    180.968,     175.611,    174.737,
   33,       80.8,    180.979,     177.037,    176.181,
   34,       83.3,    181.009,     177.671,    177.572,
   35,       85.8,    181.023,     178.872,    178.910,
   36,       88.3,    180.912,     180.640,    180.196,
   37,       90.8,    180.938,     181.609,    181.432,
   38,       93.3,    180.990,     182.773,    182.620,
   39,       95.8,    180.886,     183.320,    183.759,
   40,       98.3,    180.990,     184.430,    184.852,
   41,      100.8,    180.912,     185.726,    185.900,
   42,      103.3,    180.975,     186.545,    186.905,
   43,      105.8,    180.923,     188.036,    187.867,
   44,      108.3,    181.068,     188.769,    188.788,
   45,      110.8,    180.997,     189.395,    189.670,
   46,      113.3,    181.009,     191.151,    190.513,
   47,      115.8,    180.994,     191.167,    191.320,
   48,      118.3,    181.061,     191.649,    192.091,
   49,      120.8,    180.949,     192.872,    192.827,
   50,      123.3,    180.938,     193.215,    193.531,
   51,      125.8,    180.997,     193.925,    194.203,
   52,      128.3,    180.897,     194.696,    194.844,
   53,      130.8,    180.942,     195.201,    195.456,
   54,      133.3,    180.945,     195.971,    196.040,
   55,      135.8,    180.997,     196.246,    196.596,
   56,      138.3,    181.035,     196.648,    197.126,
   57,      140.8,    181.061,     198.055,    197.632,
   58,      143.3,    181.098,     198.125,    198.114,
   59,      145.8,    180.997,     198.235,    198.573,
   60,      148.3,    180.938,     199.074,    199.011,
   61,      150.8,    181.005,     199.774,    199.427,
   62,      153.3,    180.971,     200.142,    199.824,
   63,      155.8,    181.009,     200.433,    200.201,
   64,      158.3,    180.964,     200.813,    200.560,
   65,      160.8,    181.031,     201.292,    200.902,
   66,      163.3,    181.020,     200.862,    201.227,
   67,      165.8,    181.009,     201.979,    201.537,
   68,      168.3,    181.012,     201.975,    201.831,
   69,      170.8,    181.072,     202.682,    202.110,
   70,      175.8,    179.879,     202.803,    203.139,
