----,
DateTime:        , 2025/11/20, 15:51:51, 1763668310965,
RFID_EPC:        ,--Not Acquired--,
RFID_UserData:   ,--Not Acquired--,
Barcode:         ,--Not Acquired--,
PIF:,            0.00,
PARs:,            0.0,     0.0,     0.0,     0.0,     0.0,     0.0,
Light:,           0.0,     0.0,     0.0,     0.0,     0.0,     0.0,
Cycles:,            1,
                    1,      69,      70,      70,
Lamps:,        #10000,
Gain:,              2,     100, 
SNR_raw:,     344.18,
Position:,        0.0,              0.0,   NoData,
DataPt,      Time(us),   EX,         EM,       Fit,
==========,==========,==========,==========,=========,
    0,        0.0,      0.000,       0.000,    215.351,
    1,        0.8,    161.879,     217.447,    222.424,
    2,        3.3,    180.625,     232.766,    230.844,
    3,        5.8,    180.740,     246.486,    239.724,
    4,        8.3,    180.669,     253.225,    248.914,
    5,       10.8,    180.763,     260.562,    258.305,
    6,       13.3,    180.808,     266.858,    267.801,
    7,       15.8,    180.778,     276.306,    277.322,
    8,       18.3,    180.838,     285.339,    286.809,
    9,       20.8,    180.767,     294.855,    296.205,
   10,       23.3,    180.789,     302.286,    305.473,
   11,       25.8,    180.800,     311.947,    314.579,
   12,       28.3,    180.800,     321.349,    323.497,
   13,       30.8,    180.804,     330.192,    332.207,
   14,       33.3,    180.867,     338.922,    340.695,
   15,       35.8,    180.957,     346.767,    348.949,
   16,       38.3,    180.927,     355.668,    356.959,
   17,       40.8,    180.931,     364.227,    364.720,
   18,       43.3,    180.950,     372.756,    372.228,
   19,       45.8,    180.968,     379.624,    379.483,
   20,       48.3,    180.890,     388.081,    386.482,
   21,       50.8,    180.935,     394.894,    393.229,
   22,       53.3,    180.912,     401.576,    399.725,
   23,       55.8,    180.905,     408.502,    405.974,
   24,       58.3,    180.864,     414.124,    411.980,
   25,       60.8,    180.946,     419.462,    417.748,
   26,       63.3,    181.009,     425.392,    423.282,
   27,       65.8,    180.980,     430.712,    428.589,
   28,       68.3,    181.021,     435.309,    433.674,
   29,       70.8,    181.036,     440.521,    438.543,
   30,       73.3,    180.968,     444.829,    443.202,
   31,       75.8,    180.931,     449.343,    447.657,
   32,       78.3,    180.965,     452.575,    451.915,
   33,       80.8,    180.935,     456.242,    455.981,
   34,       83.3,    180.980,     460.273,    459.861,
   35,       85.8,    180.976,     463.598,    463.563,
   36,       88.3,    181.013,     466.817,    467.092,
   37,       90.8,    181.054,     468.920,    470.455,
   38,       93.3,    181.013,     472.617,    473.657,
   39,       95.8,    181.036,     476.149,    476.705,
   40,       98.3,    180.972,     478.803,    479.605,
   41,      100.8,    180.980,     480.441,    482.361,
   42,      103.3,    181.047,     484.129,    484.979,
   43,      105.8,    181.024,     486.398,    487.466,
   44,      108.3,    180.927,     489.700,    489.826,
   45,      110.8,    180.983,     490.653,    492.064,
   46,      113.3,    180.968,     493.456,    494.185,
   47,      115.8,    181.006,     494.183,    496.193,
   48,      118.3,    180.983,     496.731,    498.095,
   49,      120.8,    181.036,     497.416,    499.892,
   50,      123.3,    181.002,     498.890,    501.592,
   51,      125.8,    181.002,     501.928,    503.198,
   52,      128.3,    181.058,     504.534,    504.712,
   53,      130.8,    181.024,     505.457,    506.141,
   54,      133.3,    180.953,     506.484,    507.488,
   55,      135.8,    180.931,     507.652,    508.757,
   56,      138.3,    181.002,     508.558,    509.948,
   57,      140.8,    181.006,     511.586,    511.068,
   58,      143.3,    180.980,     512.212,    512.119,
   59,      145.8,    181.036,     512.882,    513.103,
   60,      148.3,    181.058,     515.028,    514.025,
   61,      150.8,    181.129,     514.550,    514.885,
   62,      153.3,    181.032,     516.760,    515.691,
   63,      155.8,    180.987,     516.888,    516.443,
   64,      158.3,    181.002,     518.779,    517.142,
   65,      160.8,    180.968,     519.152,    517.793,
   66,      163.3,    180.935,     521.459,    518.396,
   67,      165.8,    181.036,     521.444,    518.953,
   68,      168.3,    181.006,     522.359,    519.467,
   69,      170.8,    181.043,     521.147,    519.940,
   70,      175.8,    180.057,     523.590,    523.877,
----,
DateTime:        , 2025/11/20, 15:51:52, 1763668312701,
RFID_EPC:        ,--Not Acquired--,
RFID_UserData:   ,--Not Acquired--,
Barcode:         ,--Not Acquired--,
PIF:,            0.00,
PARs:,            0.0,     0.0,     0.0,     0.0,     0.0,     0.0,
Light:,           0.0,     0.0,     0.0,     0.0,     0.0,     0.0,
Cycles:,            1,
                    1,      69,      70,      70,
Lamps:,        #10000,
Gain:,              2,     100, 
SNR_raw:,     224.69,
Position:,        0.0,              0.0,   NoData,
DataPt,      Time(us),   EX,         EM,       Fit,
==========,==========,==========,==========,=========,
    0,        0.0,      0.000,       0.000,    237.236,
    1,        0.8,    161.743,     238.033,    243.677,
    2,        3.3,    180.607,     251.409,    251.289,
    3,        5.8,    180.727,     263.381,    259.268,
    4,        8.3,    180.708,     270.879,    267.491,
    5,       10.8,    180.839,     278.148,    275.865,
    6,       13.3,    180.798,     284.572,    284.303,
    7,       15.8,    180.802,     292.862,    292.742,
    8,       18.3,    180.828,     300.009,    301.129,
    9,       20.8,    180.757,     308.702,    309.419,
   10,       23.3,    180.873,     316.797,    317.582,
   11,       25.8,    180.824,     323.519,    325.588,
   12,       28.3,    180.858,     332.305,    333.416,
   13,       30.8,    180.861,     340.592,    341.051,
   14,       33.3,    180.959,     347.317,    348.481,
   15,       35.8,    180.899,     354.618,    355.696,
   16,       38.3,    180.947,     362.260,    362.690,
   17,       40.8,    180.970,     368.294,    369.461,
   18,       43.3,    180.936,     376.376,    376.005,
   19,       45.8,    180.932,     382.187,    382.324,
   20,       48.3,    180.925,     389.112,    388.418,
   21,       50.8,    180.880,     393.907,    394.289,
   22,       53.3,    180.925,     400.166,    399.940,
   23,       55.8,    180.891,     406.321,    405.376,
   24,       58.3,    180.876,     412.436,    410.601,
   25,       60.8,    180.880,     417.127,    415.619,
   26,       63.3,    180.981,     421.039,    420.435,
   27,       65.8,    180.959,     426.064,    425.055,
   28,       68.3,    181.056,     432.464,    429.485,
   29,       70.8,    180.974,     435.147,    433.729,
   30,       73.3,    181.007,     440.038,    437.794,
   31,       75.8,    180.974,     442.882,    441.685,
   32,       78.3,    180.981,     446.456,    445.408,
   33,       80.8,    180.951,     450.398,    448.968,
   34,       83.3,    180.944,     451.798,    452.371,
   35,       85.8,    180.936,     457.344,    455.622,
   36,       88.3,    181.007,     459.374,    458.726,
   37,       90.8,    180.970,     462.508,    461.689,
   38,       93.3,    181.011,     464.613,    464.515,
   39,       95.8,    181.022,     468.727,    467.210,
   40,       98.3,    181.033,     470.908,    469.779,
   41,      100.8,    181.015,     471.233,    472.227,
   42,      103.3,    180.951,     474.161,    474.559,
   43,      105.8,    180.970,     476.323,    476.778,
   44,      108.3,    181.011,     478.700,    478.888,
   45,      110.8,    180.959,     479.944,    480.896,
   46,      113.3,    181.007,     482.301,    482.802,
   47,      115.8,    181.078,     483.769,    484.612,
   48,      118.3,    181.082,     485.692,    486.330,
   49,      120.8,    181.022,     486.681,    487.961,
   50,      123.3,    181.063,     489.332,    489.507,
   51,      125.8,    181.030,     488.594,    490.972,
   52,      128.3,    180.985,     492.307,    492.360,
   53,      130.8,    181.030,     492.461,    493.673,
   54,      133.3,    180.880,     493.421,    494.916,
   55,      135.8,    180.955,     495.704,    496.089,
   56,      138.3,    180.977,     496.747,    497.195,
   57,      140.8,    180.861,     498.171,    498.241,
   58,      143.3,    180.966,     498.712,    499.223,
   59,      145.8,    181.082,     500.602,    500.145,
   60,      148.3,    181.071,     500.633,    501.013,
   61,      150.8,    181.026,     500.205,    501.828,
   62,      153.3,    181.067,     503.129,    502.592,
   63,      155.8,    181.074,     502.832,    503.307,
   64,      158.3,    181.052,     504.275,    503.976,
   65,      160.8,    180.996,     505.536,    504.603,
   66,      163.3,    181.000,     506.078,    505.186,
   67,      165.8,    180.955,     507.861,    505.730,
   68,      168.3,    180.988,     508.043,    506.233,
   69,      170.8,    181.030,     507.652,    506.698,
   70,      175.8,    179.968,     511.248,    511.155,
----,
DateTime:        , 2025/11/20, 15:51:54, 1763668314444,
RFID_EPC:        ,--Not Acquired--,
RFID_UserData:   ,--Not Acquired--,
Barcode:         ,--Not Acquired--,
PIF:,            0.00,
PARs:,            0.0,     0.0,     0.0,     0.0,     0.0,     0.0,
Light:,           0.0,     0.0,     0.0,     0.0,     0.0,     0.0,
Cycles:,            1,
                    1,      69,      70,      70,
Lamps:,        #10000,
Gain:,              2,     100, 
SNR_raw:,     392.75,
Position:,        0.0,              0.0,   NoData,
DataPt,      Time(us),   EX,         EM,       Fit,
==========,==========,==========,==========,=========,
    0,        0.0,      0.000,       0.000,    227.295,
    1,        0.8,    161.727,     231.872,    234.882,
    2,        3.3,    180.642,     246.028,    243.531,
    3,        5.8,    180.713,     258.697,    252.312,
    4,        8.3,    180.721,     265.603,    261.144,
    5,       10.8,    180.773,     271.058,    269.970,
    6,       13.3,    180.844,     278.969,    278.740,
    7,       15.8,    180.770,     285.170,    287.407,
    8,       18.3,    180.799,     295.078,    295.945,
    9,       20.8,    180.792,     302.005,    304.326,
   10,       23.3,    180.773,     309.504,    312.528,
   11,       25.8,    180.889,     317.322,    320.541,
   12,       28.3,    180.732,     325.620,    328.345,
   13,       30.8,    180.833,     333.457,    335.937,
   14,       33.3,    180.841,     342.291,    343.309,
   15,       35.8,    180.941,     347.903,    350.458,
   16,       38.3,    180.975,     356.679,    357.382,
   17,       40.8,    180.990,     364.385,    364.077,
   18,       43.3,    180.960,     370.800,    370.543,
   19,       45.8,    180.926,     376.949,    376.782,
   20,       48.3,    180.926,     383.029,    382.796,
   21,       50.8,    180.908,     389.701,    388.587,
   22,       53.3,    180.904,     393.855,    394.159,
   23,       55.8,    180.930,     400.431,    399.517,
   24,       58.3,    180.956,     404.794,    404.664,
   25,       60.8,    180.960,     410.312,    409.605,
   26,       63.3,    180.979,     416.071,    414.346,
   27,       65.8,    180.975,     420.224,    418.889,
   28,       68.3,    180.938,     424.732,    423.241,
   29,       70.8,    181.016,     428.691,    427.408,
   30,       73.3,    180.982,     433.191,    431.394,
   31,       75.8,    180.982,     436.783,    435.204,
   32,       78.3,    180.990,     440.356,    438.844,
   33,       80.8,    180.919,     442.740,    442.319,
   34,       83.3,    180.971,     446.756,    445.635,
   35,       85.8,    180.934,     449.888,    448.796,
   36,       88.3,    180.934,     452.099,    451.808,
   37,       90.8,    180.941,     455.396,    454.677,
   38,       93.3,    181.009,     457.161,    457.407,
   39,       95.8,    181.046,     459.552,    460.003,
   40,       98.3,    181.053,     462.294,    462.471,
   41,      100.8,    181.065,     464.751,    464.815,
   42,      103.3,    181.012,     466.819,    467.039,
   43,      105.8,    180.941,     469.213,    469.148,
   44,      108.3,    180.938,     471.157,    471.146,
   45,      110.8,    181.005,     471.258,    473.038,
   46,      113.3,    181.001,     474.030,    474.828,
   47,      115.8,    181.042,     474.751,    476.520,
   48,      118.3,    181.072,     476.606,    478.118,
   49,      120.8,    181.039,     478.904,    479.625,
   50,      123.3,    180.979,     480.167,    481.047,
   51,      125.8,    180.997,     481.499,    482.385,
   52,      128.3,    180.994,     482.337,    483.644,
   53,      130.8,    180.945,     484.401,    484.827,
   54,      133.3,    180.956,     484.095,    485.937,
   55,      135.8,    181.057,     486.310,    486.977,
   56,      138.3,    180.990,     487.596,    487.951,
   57,      140.8,    181.024,     488.058,    488.860,
   58,      143.3,    181.012,     488.917,    489.708,
   59,      145.8,    181.046,     489.378,    490.498,
   60,      148.3,    181.132,     491.355,    491.232,
   61,      150.8,    181.005,     491.423,    491.914,
   62,      153.3,    181.087,     492.581,    492.543,
   63,      155.8,    181.031,     493.286,    493.125,
   64,      158.3,    181.016,     493.603,    493.661,
   65,      160.8,    181.031,     495.219,    494.152,
   66,      163.3,    180.960,     495.690,    494.601,
   67,      165.8,    180.982,     496.733,    495.009,
   68,      168.3,    180.997,     496.692,    495.379,
   69,      170.8,    180.994,     497.255,    495.713,
   70,      175.8,    179.951,     496.947,    497.263,
----,
DateTime:        , 2025/11/20, 15:51:56, 1763668316160,
RFID_EPC:        ,--Not Acquired--,
RFID_UserData:   ,--Not Acquired--,
Barcode:         ,--Not Acquired--,
PIF:,            0.00,
PARs:,            0.0,     0.0,     0.0,     0.0,     0.0,     0.0,
Light:,           0.0,     0.0,     0.0,     0.0,     0.0,     0.0,
Cycles:,            1,
                    1,      69,      70,      70,
Lamps:,        #10000,
Gain:,              2,     100, 
SNR_raw:,     192.84,
Position:,        0.0,              0.0,   NoData,
DataPt,      Time(us),   EX,         EM,       Fit,
==========,==========,==========,==========,=========,
    0,        0.0,      0.000,       0.000,    220.809,
    1,        0.8,    161.689,     222.649,    227.490,
    2,        3.3,    180.639,     236.615,    235.391,
    3,        5.8,    180.639,     249.116,    243.674,
    4,        8.3,    180.826,     255.495,    252.229,
    5,       10.8,    180.792,     261.903,    260.953,
    6,       13.3,    180.852,     268.452,    269.771,
    7,       15.8,    180.755,     277.725,    278.612,
    8,       18.3,    180.870,     286.393,    287.427,
    9,       20.8,    180.788,     294.543,    296.167,
   10,       23.3,    180.852,     302.734,    304.799,
   11,       25.8,    180.841,     311.047,    313.290,
   12,       28.3,    180.859,     319.862,    321.617,
   13,       30.8,    180.852,     328.999,    329.760,
   14,       33.3,    180.863,     335.613,    337.704,
   15,       35.8,    180.889,     343.857,    345.436,
   16,       38.3,    181.024,     352.716,    352.951,
   17,       40.8,    180.908,     359.575,    360.237,
   18,       43.3,    180.975,     367.730,    367.292,
   19,       45.8,    180.949,     374.139,    374.112,
   20,       48.3,    180.923,     380.826,    380.697,
   21,       50.8,    180.915,     388.580,    387.045,
   22,       53.3,    180.945,     394.595,    393.160,
   23,       55.8,    180.941,     401.235,    399.042,
   24,       58.3,    180.882,     404.132,    404.693,
   25,       60.8,    180.923,     411.778,    410.119,
   26,       63.3,    181.042,     417.306,    415.324,
   27,       65.8,    181.012,     422.899,    420.312,
   28,       68.3,    180.990,     426.819,    425.086,
   29,       70.8,    180.994,     430.678,    429.654,
   30,       73.3,    180.983,     434.849,    434.019,
   31,       75.8,    180.964,     439.867,    438.187,
   32,       78.3,    180.979,     442.870,    442.164,
   33,       80.8,    180.949,     445.982,    445.957,
   34,       83.3,    180.956,     450.661,    449.569,
   35,       85.8,    180.900,     453.012,    453.009,
   36,       88.3,    180.986,     457.770,    456.280,
   37,       90.8,    181.001,     460.770,    459.389,
   38,       93.3,    180.968,     462.237,    462.343,
   39,       95.8,    180.953,     465.039,    465.146,
   40,       98.3,    180.990,     466.600,    467.804,
   41,      100.8,    181.005,     469.048,    470.323,
   42,      103.3,    180.994,     473.497,    472.708,
   43,      105.8,    181.001,     473.477,    474.964,
   44,      108.3,    180.986,     475.450,    477.097,
   45,      110.8,    180.990,     477.098,    479.111,
   46,      113.3,    180.956,     480.226,    481.013,
   47,      115.8,    180.938,     481.658,    482.805,
   48,      118.3,    181.005,     482.860,    484.493,
   49,      120.8,    181.016,     486.421,    486.081,
   50,      123.3,    180.994,     486.757,    487.574,
   51,      125.8,    181.035,     488.028,    488.975,
   52,      128.3,    181.042,     489.112,    490.289,
   53,      130.8,    181.035,     489.961,    491.520,
   54,      133.3,    181.001,     490.881,    492.673,
   55,      135.8,    180.953,     493.223,    493.750,
   56,      138.3,    181.001,     492.538,    494.754,
   57,      140.8,    180.990,     494.779,    495.689,
   58,      143.3,    181.001,     495.853,    496.558,
   59,      145.8,    181.042,     497.398,    497.364,
   60,      148.3,    181.001,     498.339,    498.111,
   61,      150.8,    181.046,     499.320,    498.800,
   62,      153.3,    181.001,     499.168,    499.437,
   63,      155.8,    181.020,     500.221,    500.021,
   64,      158.3,    181.027,     500.477,    500.556,
   65,      160.8,    180.983,     503.087,    501.046,
   66,      163.3,    180.971,     503.395,    501.491,
   67,      165.8,    181.031,     503.228,    501.893,
   68,      168.3,    181.035,     504.047,    502.255,
   69,      170.8,    181.080,     504.198,    502.579,
   70,      175.8,    179.963,     505.646,    505.726,
----,
DateTime:        , 2025/11/20, 15:51:58, 1763668317873,
RFID_EPC:        ,--Not Acquired--,
RFID_UserData:   ,--Not Acquired--,
Barcode:         ,--Not Acquired--,
PIF:,            0.00,
PARs:,            0.0,     0.0,     0.0,     0.0,     0.0,     0.0,
Light:,           0.0,     0.0,     0.0,     0.0,     0.0,     0.0,
Cycles:,            1,
                    1,      69,      70,      70,
Lamps:,        #10000,
Gain:,              2,     100, 
SNR_raw:,     274.67,
Position:,        0.0,              0.0,   NoData,
DataPt,      Time(us),   EX,         EM,       Fit,
==========,==========,==========,==========,=========,
    0,        0.0,      0.000,       0.000,    215.291,
    1,        0.8,    161.796,     217.867,    222.377,
    2,        3.3,    180.678,     232.088,    230.614,
    3,        5.8,    180.746,     244.819,    239.126,
    4,        8.3,    180.742,     252.847,    247.816,
    5,       10.8,    180.731,     258.949,    256.606,
    6,       13.3,    180.779,     264.411,    265.435,
    7,       15.8,    180.761,     273.013,    274.247,
    8,       18.3,    180.787,     281.824,    282.998,
    9,       20.8,    180.809,     291.467,    291.654,
   10,       23.3,    180.873,     298.000,    300.185,
   11,       25.8,    180.854,     307.154,    308.564,
   12,       28.3,    180.865,     314.322,    316.774,
   13,       30.8,    180.873,     322.050,    324.797,
   14,       33.3,    180.929,     330.517,    332.623,
   15,       35.8,    180.906,     339.126,    340.241,
   16,       38.3,    180.929,     347.927,    347.643,
   17,       40.8,    180.891,     354.356,    354.824,
   18,       43.3,    180.918,     362.872,    361.781,
   19,       45.8,    180.903,     368.983,    368.511,
   20,       48.3,    180.876,     376.500,    375.013,
   21,       50.8,    181.007,     382.305,    381.291,
   22,       53.3,    181.026,     388.066,    387.344,
   23,       55.8,    180.962,     394.833,    393.172,
   24,       58.3,    181.011,     399.976,    398.780,
   25,       60.8,    180.981,     405.291,    404.169,
   26,       63.3,    180.910,     411.807,    409.343,
   27,       65.8,    180.899,     415.978,    414.307,
   28,       68.3,    180.929,     421.437,    419.065,
   29,       70.8,    180.858,     424.367,    423.622,
   30,       73.3,    180.918,     429.201,    427.983,
   31,       75.8,    180.981,     434.023,    432.154,
   32,       78.3,    180.974,     436.804,    436.140,
   33,       80.8,    181.022,     441.659,    439.945,
   34,       83.3,    180.992,     444.494,    443.576,
   35,       85.8,    180.974,     447.855,    447.037,
   36,       88.3,    181.033,     450.469,    450.334,
   37,       90.8,    180.989,     453.896,    453.473,
   38,       93.3,    180.895,     457.171,    456.458,
   39,       95.8,    180.884,     459.963,    459.296,
   40,       98.3,    180.951,     461.174,    461.991,
   41,      100.8,    180.992,     463.832,    464.549,
   42,      103.3,    180.996,     466.309,    466.974,
   43,      105.8,    181.004,     469.052,    469.273,
   44,      108.3,    180.992,     471.015,    471.450,
   45,      110.8,    180.944,     471.970,    473.510,
   46,      113.3,    181.078,     474.104,    475.457,
   47,      115.8,    181.071,     475.505,    477.297,
   48,      118.3,    181.045,     477.230,    479.033,
   49,      120.8,    181.011,     478.700,    480.670,
   50,      123.3,    180.989,     479.865,    482.212,
   51,      125.8,    181.000,     480.111,    483.663,
   52,      128.3,    180.936,     484.701,    485.028,
   53,      130.8,    181.004,     485.073,    486.309,
   54,      133.3,    181.015,     487.529,    487.511,
   55,      135.8,    181.048,     487.715,    488.637,
   56,      138.3,    181.000,     488.951,    489.690,
   57,      140.8,    181.104,     490.325,    490.674,
   58,      143.3,    181.060,     492.103,    491.593,
   59,      145.8,    181.033,     492.174,    492.448,
   60,      148.3,    180.955,     493.493,    493.245,
   61,      150.8,    181.018,     494.425,    493.983,
   62,      153.3,    181.026,     495.509,    494.668,
   63,      155.8,    180.959,     497.075,    495.301,
   64,      158.3,    180.996,     496.420,    495.884,
   65,      160.8,    181.015,     498.026,    496.420,
   66,      163.3,    181.089,     498.096,    496.910,
   67,      165.8,    181.074,     499.242,    497.359,
   68,      168.3,    180.996,     500.011,    497.768,
   69,      170.8,    181.022,     500.767,    498.138,
   70,      175.8,    179.886,     499.600,    500.006,
----,
DateTime:        , 2025/11/20, 15:51:59, 1763668319578,
RFID_EPC:        ,--Not Acquired--,
RFID_UserData:   ,--Not Acquired--,
Barcode:         ,--Not Acquired--,
PIF:,            0.00,
PARs:,            0.0,     0.0,     0.0,     0.0,     0.0,     0.0,
Light:,           0.0,     0.0,     0.0,     0.0,     0.0,     0.0,
Cycles:,            1,
                    1,      69,      70,      70,
Lamps:,        #10000,
Gain:,              2,     100, 
SNR_raw:,     284.13,
Position:,        0.0,              0.0,   NoData,
DataPt,      Time(us),   EX,         EM,       Fit,
==========,==========,==========,==========,=========,
    0,        0.0,      0.000,       0.000,    221.485,
    1,        0.8,    161.675,     222.978,    228.626,
    2,        3.3,    180.535,     237.605,    236.775,
    3,        5.8,    180.699,     250.693,    245.072,
    4,        8.3,    180.770,     256.403,    253.453,
    5,       10.8,    180.815,     264.358,    261.865,
    6,       13.3,    180.819,     270.160,    270.264,
    7,       15.8,    180.778,     277.689,    278.610,
    8,       18.3,    180.782,     284.874,    286.875,
    9,       20.8,    180.853,     291.950,    295.034,
   10,       23.3,    180.815,     301.413,    303.062,
   11,       25.8,    180.838,     308.841,    310.942,
   12,       28.3,    180.834,     317.142,    318.659,
   13,       30.8,    180.875,     324.810,    326.201,
   14,       33.3,    180.916,     332.198,    333.559,
   15,       35.8,    180.886,     339.163,    340.722,
   16,       38.3,    180.927,     346.272,    347.687,
   17,       40.8,    180.909,     353.493,    354.448,
   18,       43.3,    180.954,     362.248,    361.003,
   19,       45.8,    180.931,     367.820,    367.349,
   20,       48.3,    180.856,     374.607,    373.484,
   21,       50.8,    180.901,     379.489,    379.410,
   22,       53.3,    180.927,     385.514,    385.127,
   23,       55.8,    180.939,     391.569,    390.639,
   24,       58.3,    180.957,     396.503,    395.945,
   25,       60.8,    180.939,     402.623,    401.050,
   26,       63.3,    181.010,     407.437,    405.956,
   27,       65.8,    180.995,     412.443,    410.667,
   28,       68.3,    180.942,     416.984,    415.185,
   29,       70.8,    180.987,     419.367,    419.516,
   30,       73.3,    180.961,     424.954,    423.664,
   31,       75.8,    181.002,     429.001,    427.634,
   32,       78.3,    180.991,     432.619,    431.429,
   33,       80.8,    180.998,     434.534,    435.055,
   34,       83.3,    181.010,     439.203,    438.517,
   35,       85.8,    180.987,     443.125,    441.819,
   36,       88.3,    180.991,     445.050,    444.966,
   37,       90.8,    181.013,     449.138,    447.963,
   38,       93.3,    181.043,     450.721,    450.815,
   39,       95.8,    180.980,     453.366,    453.527,
   40,       98.3,    181.024,     455.739,    456.104,
   41,      100.8,    180.939,     458.167,    458.550,
   42,      103.3,    181.036,     460.683,    460.871,
   43,      105.8,    180.980,     461.930,    463.070,
   44,      108.3,    181.002,     465.464,    465.153,
   45,      110.8,    180.935,     467.019,    467.123,
   46,      113.3,    180.980,     468.285,    468.985,
   47,      115.8,    181.039,     469.787,    470.744,
   48,      118.3,    181.051,     471.139,    472.403,
   49,      120.8,    181.028,     472.578,    473.967,
   50,      123.3,    181.062,     474.700,    475.440,
   51,      125.8,    181.047,     475.291,    476.825,
   52,      128.3,    181.110,     477.609,    478.125,
   53,      130.8,    180.991,     478.201,    479.346,
   54,      133.3,    180.976,     479.898,    480.489,
   55,      135.8,    180.957,     479.395,    481.559,
   56,      138.3,    180.995,     482.335,    482.559,
   57,      140.8,    180.983,     483.194,    483.490,
   58,      143.3,    181.028,     482.798,    484.358,
   59,      145.8,    181.058,     484.375,    485.164,
   60,      148.3,    180.995,     486.755,    485.911,
   61,      150.8,    181.017,     485.590,    486.602,
   62,      153.3,    180.976,     486.805,    487.241,
   63,      155.8,    180.991,     487.594,    487.828,
   64,      158.3,    181.006,     487.830,    488.367,
   65,      160.8,    180.991,     490.356,    488.859,
   66,      163.3,    180.983,     490.929,    489.307,
   67,      165.8,    181.010,     491.411,    489.713,
   68,      168.3,    180.968,     490.970,    490.080,
   69,      170.8,    181.013,     491.953,    490.408,
   70,      175.8,    179.990,     492.110,    492.107,
----,
DateTime:        , 2025/11/20, 15:52:01, 1763668321293,
RFID_EPC:        ,--Not Acquired--,
RFID_UserData:   ,--Not Acquired--,
Barcode:         ,--Not Acquired--,
PIF:,            0.00,
PARs:,            0.0,     0.0,     0.0,     0.0,     0.0,     0.0,
Light:,           0.0,     0.0,     0.0,     0.0,     0.0,     0.0,
Cycles:,            1,
                    1,      69,      70,      70,
Lamps:,        #10000,
Gain:,              2,     100, 
SNR_raw:,     234.39,
Position:,        0.0,              0.0,   NoData,
DataPt,      Time(us),   EX,         EM,       Fit,
==========,==========,==========,==========,=========,
    0,        0.0,      0.000,       0.000,    218.955,
    1,        0.8,    161.810,     223.720,    226.671,
    2,        3.3,    180.628,     237.254,    235.351,
    3,        5.8,    180.650,     249.377,    244.065,
    4,        8.3,    180.706,     257.600,    252.771,
    5,       10.8,    180.647,     264.328,    261.427,
    6,       13.3,    180.744,     269.996,    270.008,
    7,       15.8,    180.804,     277.373,    278.487,
    8,       18.3,    180.781,     285.428,    286.837,
    9,       20.8,    180.837,     291.422,    295.044,
   10,       23.3,    180.860,     301.062,    303.091,
   11,       25.8,    180.931,     309.235,    310.966,
   12,       28.3,    180.822,     315.227,    318.653,
   13,       30.8,    180.856,     323.739,    326.149,
   14,       33.3,    180.830,     331.251,    333.445,
   15,       35.8,    180.889,     339.157,    340.539,
   16,       38.3,    180.852,     345.586,    347.424,
   17,       40.8,    180.945,     353.698,    354.101,
   18,       43.3,    180.938,     360.621,    360.566,
   19,       45.8,    180.942,     366.416,    366.819,
   20,       48.3,    180.979,     372.419,    372.860,
   21,       50.8,    180.927,     378.053,    378.688,
   22,       53.3,    180.949,     384.362,    384.306,
   23,       55.8,    180.990,     390.905,    389.718,
   24,       58.3,    180.972,     393.984,    394.923,
   25,       60.8,    180.983,     401.143,    399.926,
   26,       63.3,    180.968,     405.597,    404.730,
   27,       65.8,    180.886,     411.033,    409.336,
   28,       68.3,    180.919,     415.102,    413.751,
   29,       70.8,    180.938,     419.481,    417.979,
   30,       73.3,    180.998,     423.762,    422.024,
   31,       75.8,    180.998,     425.696,    425.891,
   32,       78.3,    180.983,     429.599,    429.584,
   33,       80.8,    180.983,     434.295,    433.107,
   34,       83.3,    180.916,     438.050,    436.465,
   35,       85.8,    181.031,     438.322,    439.665,
   36,       88.3,    181.028,     443.026,    442.710,
   37,       90.8,    180.968,     445.659,    445.604,
   38,       93.3,    181.016,     449.130,    448.354,
   39,       95.8,    180.923,     451.020,    450.963,
   40,       98.3,    180.949,     452.889,    453.436,
   41,      100.8,    180.990,     455.825,    455.780,
   42,      103.3,    181.069,     456.180,    457.998,
   43,      105.8,    181.002,     459.388,    460.095,
   44,      108.3,    181.016,     460.732,    462.076,
   45,      110.8,    180.979,     463.866,    463.944,
   46,      113.3,    181.009,     464.065,    465.705,
   47,      115.8,    180.960,     467.782,    467.362,
   48,      118.3,    180.979,     468.010,    468.919,
   49,      120.8,    181.002,     469.057,    470.382,
   50,      123.3,    181.043,     471.160,    471.754,
   51,      125.8,    180.975,     472.716,    473.038,
   52,      128.3,    181.043,     473.093,    474.239,
   53,      130.8,    181.035,     473.941,    475.360,
   54,      133.3,    181.046,     475.569,    476.405,
   55,      135.8,    181.054,     476.654,    477.376,
   56,      138.3,    181.084,     477.680,    478.278,
   57,      140.8,    181.009,     478.153,    479.113,
   58,      143.3,    181.002,     479.554,    479.884,
   59,      145.8,    180.953,     479.959,    480.595,
   60,      148.3,    181.039,     481.941,    481.247,
   61,      150.8,    180.938,     481.657,    481.845,
   62,      153.3,    180.987,     483.461,    482.389,
   63,      155.8,    180.934,     483.048,    482.884,
   64,      158.3,    181.080,     483.764,    483.331,
   65,      160.8,    181.073,     484.060,    483.733,
   66,      163.3,    181.028,     484.733,    484.091,
   67,      165.8,    181.069,     485.727,    484.409,
   68,      168.3,    181.043,     487.730,    484.687,
   69,      170.8,    181.028,     486.114,    484.929,
   70,      175.8,    179.959,     485.265,    485.361,
----,
DateTime:        , 2025/11/20, 15:52:03, 1763668322972,
RFID_EPC:        ,--Not Acquired--,
RFID_UserData:   ,--Not Acquired--,
Barcode:         ,--Not Acquired--,
PIF:,            0.00,
PARs:,            0.0,     0.0,     0.0,     0.0,     0.0,     0.0,
Light:,           0.0,     0.0,     0.0,     0.0,     0.0,     0.0,
Cycles:,            1,
                    1,      69,      70,      70,
Lamps:,        #10000,
Gain:,              2,     100, 
SNR_raw:,     215.18,
Position:,        0.0,              0.0,   NoData,
DataPt,      Time(us),   EX,         EM,       Fit,
==========,==========,==========,==========,=========,
    0,        0.0,      0.000,       0.000,    217.873,
    1,        0.8,    161.910,     220.184,    224.744,
    2,        3.3,    180.671,     233.944,    232.723,
    3,        5.8,    180.694,     246.273,    240.968,
    4,        8.3,    180.697,     252.909,    249.389,
    5,       10.8,    180.727,     259.784,    257.915,
    6,       13.3,    180.705,     266.180,    266.480,
    7,       15.8,    180.783,     274.362,    275.037,
    8,       18.3,    180.787,     280.994,    283.541,
    9,       20.8,    180.851,     289.466,    291.957,
   10,       23.3,    180.888,     297.422,    300.254,
   11,       25.8,    180.903,     306.795,    308.409,
   12,       28.3,    180.839,     315.750,    316.398,
   13,       30.8,    180.821,     322.419,    324.206,
   14,       33.3,    180.847,     330.114,    331.822,
   15,       35.8,    180.836,     338.982,    339.235,
   16,       38.3,    180.940,     345.971,    346.440,
   17,       40.8,    180.873,     353.287,    353.427,
   18,       43.3,    180.922,     360.930,    360.195,
   19,       45.8,    180.981,     367.165,    366.741,
   20,       48.3,    180.936,     374.717,    373.064,
   21,       50.8,    180.940,     379.683,    379.163,
   22,       53.3,    180.936,     385.771,    385.039,
   23,       55.8,    181.030,     391.924,    390.696,
   24,       58.3,    181.030,     397.448,    396.135,
   25,       60.8,    180.899,     401.329,    401.358,
   26,       63.3,    180.851,     408.625,    406.368,
   27,       65.8,    180.966,     412.231,    411.172,
   28,       68.3,    180.873,     416.867,    415.772,
   29,       70.8,    180.914,     421.747,    420.174,
   30,       73.3,    180.974,     425.476,    424.383,
   31,       75.8,    181.004,     429.549,    428.405,
   32,       78.3,    181.015,     433.666,    432.243,
   33,       80.8,    181.078,     436.275,    435.904,
   34,       83.3,    181.030,     439.983,    439.393,
   35,       85.8,    181.026,     443.582,    442.715,
   36,       88.3,    180.963,     445.948,    445.875,
   37,       90.8,    180.985,     449.761,    448.879,
   38,       93.3,    180.996,     450.838,    451.733,
   39,       95.8,    180.978,     453.924,    454.441,
   40,       98.3,    180.985,     456.668,    457.010,
   41,      100.8,    180.959,     458.391,    459.444,
   42,      103.3,    181.075,     460.860,    461.748,
   43,      105.8,    181.056,     463.116,    463.928,
   44,      108.3,    180.955,     465.861,    465.989,
   45,      110.8,    181.000,     467.956,    467.934,
   46,      113.3,    181.041,     468.678,    469.770,
   47,      115.8,    180.996,     471.833,    471.500,
   48,      118.3,    180.978,     473.263,    473.129,
   49,      120.8,    180.929,     473.390,    474.661,
   50,      123.3,    180.959,     474.141,    476.101,
   51,      125.8,    181.007,     474.842,    477.451,
   52,      128.3,    180.970,     477.980,    478.718,
   53,      130.8,    181.034,     478.917,    479.902,
   54,      133.3,    181.004,     480.101,    481.010,
   55,      135.8,    181.063,     481.875,    482.044,
   56,      138.3,    180.992,     481.788,    483.008,
   57,      140.8,    181.030,     483.898,    483.904,
   58,      143.3,    180.996,     482.331,    484.737,
   59,      145.8,    180.996,     485.645,    485.509,
   60,      148.3,    181.015,     487.253,    486.222,
   61,      150.8,    180.948,     486.881,    486.881,
   62,      153.3,    180.933,     489.408,    487.487,
   63,      155.8,    181.030,     487.765,    488.042,
   64,      158.3,    181.056,     489.904,    488.549,
   65,      160.8,    181.015,     489.186,    489.011,
   66,      163.3,    181.007,     489.759,    489.431,
   67,      165.8,    181.045,     490.763,    489.809,
   68,      168.3,    181.120,     492.216,    490.147,
   69,      170.8,    180.985,     492.030,    490.450,
   70,      175.8,    179.924,     492.651,    492.723,
----,
DateTime:        , 2025/11/20, 15:52:04, 1763668324686,
RFID_EPC:        ,--Not Acquired--,
RFID_UserData:   ,--Not Acquired--,
Barcode:         ,--Not Acquired--,
PIF:,            0.00,
PARs:,            0.0,     0.0,     0.0,     0.0,     0.0,     0.0,
Light:,           0.0,     0.0,     0.0,     0.0,     0.0,     0.0,
Cycles:,            1,
                    1,      69,      70,      70,
Lamps:,        #10000,
Gain:,              2,     100, 
SNR_raw:,     281.02,
Position:,        0.0,              0.0,   NoData,
DataPt,      Time(us),   EX,         EM,       Fit,
==========,==========,==========,==========,=========,
    0,        0.0,      0.000,       0.000,    217.531,
    1,        0.8,    161.762,     218.531,    223.933,
    2,        3.3,    180.625,     232.571,    231.533,
    3,        5.8,    180.714,     245.138,    239.529,
    4,        8.3,    180.741,     252.295,    247.803,
    5,       10.8,    180.741,     258.105,    256.255,
    6,       13.3,    180.771,     264.147,    264.806,
    7,       15.8,    180.856,     272.039,    273.389,
    8,       18.3,    180.849,     280.621,    281.946,
    9,       20.8,    180.815,     288.692,    290.432,
   10,       23.3,    180.819,     296.152,    298.809,
   11,       25.8,    180.883,     304.617,    307.048,
   12,       28.3,    180.845,     312.422,    315.123,
   13,       30.8,    180.830,     321.572,    323.015,
   14,       33.3,    180.860,     328.707,    330.709,
   15,       35.8,    180.972,     337.897,    338.196,
   16,       38.3,    180.901,     344.110,    345.463,
   17,       40.8,    180.931,     351.515,    352.505,
   18,       43.3,    181.002,     359.388,    359.319,
   19,       45.8,    180.954,     366.669,    365.902,
   20,       48.3,    180.961,     373.285,    372.253,
   21,       50.8,    180.935,     378.313,    378.373,
   22,       53.3,    180.931,     385.229,    384.263,
   23,       55.8,    180.927,     390.212,    389.926,
   24,       58.3,    180.883,     396.390,    395.365,
   25,       60.8,    180.913,     401.852,    400.584,
   26,       63.3,    180.987,     408.316,    405.587,
   27,       65.8,    181.010,     410.752,    410.380,
   28,       68.3,    180.942,     416.155,    414.967,
   29,       70.8,    181.047,     420.609,    419.354,
   30,       73.3,    180.987,     424.892,    423.546,
   31,       75.8,    181.032,     429.206,    427.549,
   32,       78.3,    180.898,     431.460,    431.370,
   33,       80.8,    180.965,     434.891,    435.012,
   34,       83.3,    180.935,     438.279,    438.482,
   35,       85.8,    180.950,     442.664,    441.787,
   36,       88.3,    180.957,     445.685,    444.931,
   37,       90.8,    181.006,     447.499,    447.921,
   38,       93.3,    180.987,     450.584,    450.762,
   39,       95.8,    180.987,     453.623,    453.459,
   40,       98.3,    181.028,     456.558,    456.019,
   41,      100.8,    180.991,     458.863,    458.447,
   42,      103.3,    180.950,     459.243,    460.748,
   43,      105.8,    180.927,     463.169,    462.927,
   44,      108.3,    181.017,     462.940,    464.988,
   45,      110.8,    180.976,     464.979,    466.937,
   46,      113.3,    181.002,     467.398,    468.779,
   47,      115.8,    180.939,     470.878,    470.518,
   48,      118.3,    181.040,     471.168,    472.157,
   49,      120.8,    180.950,     472.230,    473.703,
   50,      123.3,    181.013,     473.169,    475.157,
   51,      125.8,    181.017,     474.817,    476.526,
   52,      128.3,    181.103,     475.972,    477.810,
   53,      130.8,    181.043,     476.405,    479.017,
   54,      133.3,    180.961,     480.214,    480.151,
   55,      135.8,    180.931,     480.846,    481.212,
   56,      138.3,    181.013,     481.732,    482.204,
   57,      140.8,    180.972,     482.118,    483.131,
   58,      143.3,    180.969,     483.786,    483.995,
   59,      145.8,    181.017,     483.380,    484.799,
   60,      148.3,    181.088,     484.571,    485.545,
   61,      150.8,    181.092,     485.389,    486.238,
   62,      153.3,    181.066,     486.564,    486.880,
   63,      155.8,    181.088,     488.436,    487.472,
   64,      158.3,    180.987,     488.709,    488.020,
   65,      160.8,    181.025,     490.265,    488.523,
   66,      163.3,    181.013,     490.848,    488.984,
   67,      165.8,    180.983,     491.481,    489.405,
   68,      168.3,    180.894,     491.172,    489.790,
   69,      170.8,    180.983,     493.139,    490.136,
   70,      175.8,    180.008,     493.706,    493.778,
----,
DateTime:        , 2025/11/20, 15:52:06, 1763668326418,
RFID_EPC:        ,--Not Acquired--,
RFID_UserData:   ,--Not Acquired--,
Barcode:         ,--Not Acquired--,
PIF:,            0.00,
PARs:,            0.0,     0.0,     0.0,     0.0,     0.0,     0.0,
Light:,           0.0,     0.0,     0.0,     0.0,     0.0,     0.0,
Cycles:,            1,
                    1,      69,      70,      70,
Lamps:,        #10000,
Gain:,              2,     100, 
SNR_raw:,     236.98,
Position:,        0.0,              0.0,   NoData,
DataPt,      Time(us),   EX,         EM,       Fit,
==========,==========,==========,==========,=========,
    0,        0.0,      0.000,       0.000,    214.848,
    1,        0.8,    161.769,     220.685,    222.976,
    2,        3.3,    180.584,     235.009,    232.089,
    3,        5.8,    180.558,     247.842,    241.202,
    4,        8.3,    180.756,     254.763,    250.278,
    5,       10.8,    180.708,     260.919,    259.264,
    6,       13.3,    180.790,     268.267,    268.134,
    7,       15.8,    180.771,     275.210,    276.858,
    8,       18.3,    180.779,     281.836,    285.416,
    9,       20.8,    180.865,     289.443,    293.795,
   10,       23.3,    180.850,     298.038,    301.978,
   11,       25.8,    180.801,     305.584,    309.953,
   12,       28.3,    180.891,     314.278,    317.719,
   13,       30.8,    180.936,     321.938,    325.269,
   14,       33.3,    180.880,     330.330,    332.595,
   15,       35.8,    180.794,     337.125,    339.696,
   16,       38.3,    180.846,     343.663,    346.573,
   17,       40.8,    180.887,     350.219,    353.229,
   18,       43.3,    180.857,     358.847,    359.661,
   19,       45.8,    181.010,     364.344,    365.876,
   20,       48.3,    180.988,     371.848,    371.872,
   21,       50.8,    181.007,     378.716,    377.654,
   22,       53.3,    181.033,     383.080,    383.224,
   23,       55.8,    180.992,     389.521,    388.585,
   24,       58.3,    180.954,     395.128,    393.741,
   25,       60.8,    180.988,     401.132,    398.697,
   26,       63.3,    180.939,     405.385,    403.458,
   27,       65.8,    180.913,     409.036,    408.027,
   28,       68.3,    180.947,     412.829,    412.411,
   29,       70.8,    181.063,     419.192,    416.616,
   30,       73.3,    180.999,     421.549,    420.644,
   31,       75.8,    181.018,     425.649,    424.501,
   32,       78.3,    180.898,     430.076,    428.190,
   33,       80.8,    180.943,     433.838,    431.718,
   34,       83.3,    181.055,     437.160,    435.091,
   35,       85.8,    180.928,     439.125,    438.312,
   36,       88.3,    180.980,     442.037,    441.386,
   37,       90.8,    180.943,     444.339,    444.318,
   38,       93.3,    180.924,     447.148,    447.113,
   39,       95.8,    180.951,     448.741,    449.776,
   40,       98.3,    180.962,     452.029,    452.312,
   41,      100.8,    180.980,     453.088,    454.724,
   42,      103.3,    180.992,     456.099,    457.017,
   43,      105.8,    181.066,     459.500,    459.197,
   44,      108.3,    181.036,     461.233,    461.266,
   45,      110.8,    181.029,     462.633,    463.229,
   46,      113.3,    180.973,     465.539,    465.089,
   47,      115.8,    180.995,     466.863,    466.851,
   48,      118.3,    180.921,     467.332,    468.518,
   49,      120.8,    180.965,     469.979,    470.094,
   50,      123.3,    180.958,     470.551,    471.583,
   51,      125.8,    180.951,     472.505,    472.988,
   52,      128.3,    181.085,     474.915,    474.314,
   53,      130.8,    181.044,     475.575,    475.561,
   54,      133.3,    181.066,     476.345,    476.735,
   55,      135.8,    181.003,     477.617,    477.838,
   56,      138.3,    181.040,     478.899,    478.873,
   57,      140.8,    181.021,     480.053,    479.843,
   58,      143.3,    180.973,     480.182,    480.750,
   59,      145.8,    180.962,     480.488,    481.597,
   60,      148.3,    181.040,     483.594,    482.387,
   61,      150.8,    181.040,     483.042,    483.123,
   62,      153.3,    181.025,     484.187,    483.805,
   63,      155.8,    180.995,     483.990,    484.438,
   64,      158.3,    181.078,     485.151,    485.023,
   65,      160.8,    181.074,     486.266,    485.562,
   66,      163.3,    181.048,     486.060,    486.057,
   67,      165.8,    181.085,     486.236,    486.510,
   68,      168.3,    180.988,     488.707,    486.923,
   69,      170.8,    181.048,     488.269,    487.298,
   70,      175.8,    179.964,     488.005,    488.146,
----,
DateTime:        , 2025/11/20, 15:52:08, 1763668328095,
RFID_EPC:        ,--Not Acquired--,
RFID_UserData:   ,--Not Acquired--,
Barcode:         ,--Not Acquired--,
PIF:,            0.00,
PARs:,            0.0,     0.0,     0.0,     0.0,     0.0,     0.0,
Light:,           0.0,     0.0,     0.0,     0.0,     0.0,     0.0,
Cycles:,            1,
                    1,      69,      70,      70,
Lamps:,        #10000,
Gain:,              2,     100, 
SNR_raw:,     264.10,
Position:,        0.0,              0.0,   NoData,
DataPt,      Time(us),   EX,         EM,       Fit,
==========,==========,==========,==========,=========,
    0,        0.0,      0.000,       0.000,    220.321,
    1,        0.8,    161.904,     222.354,    227.122,
    2,        3.3,    180.711,     236.130,    235.005,
    3,        5.8,    180.703,     248.474,    243.136,
    4,        8.3,    180.741,     256.168,    251.427,
    5,       10.8,    180.722,     261.451,    259.805,
    6,       13.3,    180.767,     267.472,    268.210,
    7,       15.8,    180.748,     276.905,    276.588,
    8,       18.3,    180.808,     284.556,    284.902,
    9,       20.8,    180.815,     291.734,    293.113,
   10,       23.3,    180.868,     299.390,    301.196,
   11,       25.8,    180.834,     306.635,    309.123,
   12,       28.3,    180.916,     314.510,    316.880,
   13,       30.8,    180.965,     323.267,    324.452,
   14,       33.3,    180.894,     330.857,    331.822,
   15,       35.8,    180.841,     337.589,    338.985,
   16,       38.3,    180.871,     344.720,    345.933,
   17,       40.8,    180.871,     352.460,    352.664,
   18,       43.3,    180.894,     359.880,    359.174,
   19,       45.8,    180.905,     365.938,    365.462,
   20,       48.3,    180.965,     370.238,    371.528,
   21,       50.8,    180.927,     378.329,    377.373,
   22,       53.3,    180.987,     383.453,    383.000,
   23,       55.8,    180.987,     388.978,    388.411,
   24,       58.3,    181.054,     395.737,    393.609,
   25,       60.8,    181.013,     398.866,    398.598,
   26,       63.3,    180.995,     404.708,    403.381,
   27,       65.8,    180.957,     409.213,    407.964,
   28,       68.3,    180.875,     413.822,    412.350,
   29,       70.8,    180.868,     417.985,    416.545,
   30,       73.3,    181.013,     420.687,    420.556,
   31,       75.8,    180.961,     424.677,    424.386,
   32,       78.3,    181.002,     429.277,    428.041,
   33,       80.8,    180.995,     432.057,    431.528,
   34,       83.3,    181.036,     434.721,    434.850,
   35,       85.8,    180.980,     437.894,    438.014,
   36,       88.3,    181.032,     441.358,    441.025,
   37,       90.8,    181.006,     442.803,    443.888,
   38,       93.3,    180.950,     447.362,    446.609,
   39,       95.8,    180.965,     449.811,    449.192,
   40,       98.3,    180.905,     451.066,    451.644,
   41,      100.8,    180.976,     455.033,    453.968,
   42,      103.3,    181.062,     456.474,    456.169,
   43,      105.8,    180.968,     458.643,    458.254,
   44,      108.3,    180.961,     460.044,    460.225,
   45,      110.8,    180.991,     461.073,    462.089,
   46,      113.3,    180.961,     462.531,    463.848,
   47,      115.8,    180.991,     464.664,    465.508,
   48,      118.3,    180.972,     465.265,    467.073,
   49,      120.8,    181.028,     467.883,    468.545,
   50,      123.3,    180.954,     469.458,    469.931,
   51,      125.8,    180.931,     470.621,    471.234,
   52,      128.3,    180.968,     470.524,    472.455,
   53,      130.8,    181.017,     472.607,    473.600,
   54,      133.3,    180.976,     474.925,    474.672,
   55,      135.8,    181.017,     473.989,    475.674,
   56,      138.3,    181.043,     476.129,    476.608,
   57,      140.8,    181.039,     476.968,    477.479,
   58,      143.3,    181.066,     477.175,    478.288,
   59,      145.8,    180.972,     477.421,    479.041,
   60,      148.3,    180.965,     479.099,    479.739,
   61,      150.8,    180.995,     480.125,    480.383,
   62,      153.3,    180.965,     481.309,    480.977,
   63,      155.8,    180.980,     482.651,    481.523,
   64,      158.3,    181.032,     483.340,    482.022,
   65,      160.8,    181.058,     483.546,    482.477,
   66,      163.3,    181.062,     483.260,    482.891,
   67,      165.8,    181.125,     484.471,    483.264,
   68,      168.3,    181.002,     485.353,    483.602,
   69,      170.8,    181.043,     485.243,    483.903,
   70,      175.8,    179.829,     486.969,    486.839,
----,
DateTime:        , 2025/11/20, 15:52:09, 1763668329805,
RFID_EPC:        ,--Not Acquired--,
RFID_UserData:   ,--Not Acquired--,
Barcode:         ,--Not Acquired--,
PIF:,            0.00,
PARs:,            0.0,     0.0,     0.0,     0.0,     0.0,     0.0,
Light:,           0.0,     0.0,     0.0,     0.0,     0.0,     0.0,
Cycles:,            1,
                    1,      69,      70,      70,
Lamps:,        #10000,
Gain:,              2,     100, 
SNR_raw:,     372.85,
Position:,        0.0,              0.0,   NoData,
DataPt,      Time(us),   EX,         EM,       Fit,
==========,==========,==========,==========,=========,
    0,        0.0,      0.000,       0.000,    219.803,
    1,        0.8,    161.648,     223.016,    226.555,
    2,        3.3,    180.656,     235.868,    234.434,
    3,        5.8,    180.705,     247.365,    242.594,
    4,        8.3,    180.754,     253.384,    250.936,
    5,       10.8,    180.746,     261.417,    259.378,
    6,       13.3,    180.824,     267.386,    267.856,
    7,       15.8,    180.795,     275.727,    276.314,
    8,       18.3,    180.821,     281.771,    284.708,
    9,       20.8,    180.791,     290.391,    293.000,
   10,       23.3,    180.783,     297.594,    301.163,
   11,       25.8,    180.873,     305.739,    309.174,
   12,       28.3,    180.944,     314.186,    317.015,
   13,       30.8,    180.937,     322.212,    324.669,
   14,       33.3,    180.925,     331.076,    332.123,
   15,       35.8,    180.963,     337.915,    339.371,
   16,       38.3,    180.914,     345.468,    346.404,
   17,       40.8,    180.899,     351.024,    353.217,
   18,       43.3,    180.832,     359.726,    359.808,
   19,       45.8,    180.918,     364.806,    366.178,
   20,       48.3,    180.903,     372.852,    372.324,
   21,       50.8,    180.963,     379.084,    378.249,
   22,       53.3,    180.952,     383.528,    383.954,
   23,       55.8,    180.944,     389.900,    389.441,
   24,       58.3,    181.011,     396.108,    394.714,
   25,       60.8,    180.996,     401.942,    399.775,
   26,       63.3,    180.993,     406.094,    404.629,
   27,       65.8,    181.019,     412.112,    409.280,
   28,       68.3,    180.974,     414.701,    413.733,
   29,       70.8,    180.959,     420.261,    417.991,
   30,       73.3,    180.948,     423.050,    422.061,
   31,       75.8,    180.929,     426.963,    425.948,
   32,       78.3,    180.974,     430.449,    429.656,
   33,       80.8,    180.970,     433.497,    433.192,
   34,       83.3,    181.004,     437.284,    436.560,
   35,       85.8,    180.985,     440.091,    439.767,
   36,       88.3,    181.075,     444.015,    442.817,
   37,       90.8,    181.045,     446.022,    445.716,
   38,       93.3,    180.970,     448.969,    448.468,
   39,       95.8,    180.993,     450.847,    451.080,
   40,       98.3,    180.978,     453.371,    453.556,
   41,      100.8,    180.981,     455.295,    455.902,
   42,      103.3,    180.895,     457.446,    458.123,
   43,      105.8,    181.000,     460.221,    460.222,
   44,      108.3,    180.955,     461.164,    462.205,
   45,      110.8,    181.037,     464.269,    464.077,
   46,      113.3,    180.966,     464.451,    465.843,
   47,      115.8,    181.011,     466.545,    467.506,
   48,      118.3,    181.037,     468.411,    469.071,
   49,      120.8,    180.974,     469.405,    470.543,
   50,      123.3,    181.045,     471.154,    471.924,
   51,      125.8,    180.933,     473.104,    473.221,
   52,      128.3,    180.996,     473.214,    474.434,
   53,      130.8,    180.985,     474.348,    475.569,
   54,      133.3,    180.978,     475.749,    476.630,
   55,      135.8,    181.011,     477.318,    477.618,
   56,      138.3,    181.041,     478.344,    478.538,
   57,      140.8,    180.974,     479.075,    479.393,
   58,      143.3,    181.030,     480.307,    480.186,
   59,      145.8,    181.019,     481.994,    480.919,
   60,      148.3,    181.000,     481.215,    481.596,
   61,      150.8,    181.030,     481.688,    482.219,
   62,      153.3,    181.008,     483.681,    482.791,
   63,      155.8,    180.996,     484.264,    483.314,
   64,      158.3,    180.974,     483.495,    483.791,
   65,      160.8,    180.903,     485.067,    484.225,
   66,      163.3,    180.978,     486.524,    484.616,
   67,      165.8,    181.086,     486.509,    484.965,
   68,      168.3,    181.019,     486.690,    485.277,
   69,      170.8,    181.041,     486.906,    485.553,
   70,      175.8,    179.984,     487.352,    487.673,
----,
DateTime:        , 2025/11/20, 15:52:11, 1763668331481,
RFID_EPC:        ,--Not Acquired--,
RFID_UserData:   ,--Not Acquired--,
Barcode:         ,--Not Acquired--,
PIF:,            0.00,
PARs:,            0.0,     0.0,     0.0,     0.0,     0.0,     0.0,
Light:,           0.0,     0.0,     0.0,     0.0,     0.0,     0.0,
Cycles:,            1,
                    1,      69,      70,      70,
Lamps:,        #10000,
Gain:,              2,     100, 
SNR_raw:,     278.49,
Position:,        0.0,              0.0,   NoData,
DataPt,      Time(us),   EX,         EM,       Fit,
==========,==========,==========,==========,=========,
    0,        0.0,      0.000,       0.000,    217.956,
    1,        0.8,    161.725,     219.509,    224.724,
    2,        3.3,    180.658,     233.490,    232.629,
    3,        5.8,    180.688,     246.005,    240.826,
    4,        8.3,    180.800,     253.319,    249.222,
    5,       10.8,    180.740,     258.382,    257.727,
    6,       13.3,    180.815,     266.295,    266.279,
    7,       15.8,    180.815,     273.761,    274.818,
    8,       18.3,    180.781,     281.833,    283.298,
    9,       20.8,    180.788,     289.842,    291.682,
   10,       23.3,    180.859,     297.192,    299.941,
   11,       25.8,    180.800,     305.587,    308.046,
   12,       28.3,    180.886,     314.287,    315.981,
   13,       30.8,    180.852,     321.257,    323.727,
   14,       33.3,    180.915,     328.883,    331.274,
   15,       35.8,    180.912,     336.352,    338.611,
   16,       38.3,    180.957,     344.282,    345.731,
   17,       40.8,    180.863,     350.818,    352.628,
   18,       43.3,    180.856,     358.297,    359.300,
   19,       45.8,    180.927,     366.723,    365.747,
   20,       48.3,    180.897,     372.035,    371.967,
   21,       50.8,    180.953,     377.999,    377.962,
   22,       53.3,    180.923,     386.352,    383.732,
   23,       55.8,    180.927,     391.042,    389.282,
   24,       58.3,    180.957,     396.228,    394.614,
   25,       60.8,    181.028,     401.044,    399.733,
   26,       63.3,    180.990,     406.376,    404.641,
   27,       65.8,    181.020,     410.176,    409.344,
   28,       68.3,    181.054,     416.175,    413.847,
   29,       70.8,    181.009,     419.593,    418.154,
   30,       73.3,    181.046,     423.096,    422.270,
   31,       75.8,    180.979,     428.779,    426.202,
   32,       78.3,    180.986,     431.248,    429.953,
   33,       80.8,    180.998,     433.431,    433.531,
   34,       83.3,    180.889,     437.560,    436.940,
   35,       85.8,    180.945,     440.188,    440.186,
   36,       88.3,    180.964,     444.011,    443.275,
   37,       90.8,    181.031,     447.436,    446.211,
   38,       93.3,    181.125,     449.138,    449.001,
   39,       95.8,    181.009,     451.912,    451.650,
   40,       98.3,    181.005,     454.131,    454.162,
   41,      100.8,    180.934,     455.967,    456.545,
   42,      103.3,    181.005,     458.827,    458.801,
   43,      105.8,    180.942,     459.817,    460.936,
   44,      108.3,    180.975,     463.323,    462.956,
   45,      110.8,    180.915,     464.305,    464.864,
   46,      113.3,    180.949,     466.153,    466.664,
   47,      115.8,    181.001,     467.400,    468.362,
   48,      118.3,    181.016,     469.295,    469.962,
   49,      120.8,    181.042,     470.608,    471.468,
   50,      123.3,    181.039,     471.998,    472.883,
   51,      125.8,    181.095,     473.785,    474.213,
   52,      128.3,    180.975,     474.098,    475.461,
   53,      130.8,    181.050,     476.388,    476.630,
   54,      133.3,    180.953,     477.749,    477.725,
   55,      135.8,    180.983,     478.222,    478.747,
   56,      138.3,    180.986,     480.146,    479.701,
   57,      140.8,    180.912,     478.963,    480.591,
   58,      143.3,    181.042,     479.998,    481.416,
   59,      145.8,    181.084,     480.165,    482.181,
   60,      148.3,    181.069,     483.518,    482.889,
   61,      150.8,    181.016,     483.382,    483.545,
   62,      153.3,    180.975,     485.149,    484.149,
   63,      155.8,    181.001,     484.250,    484.704,
   64,      158.3,    180.930,     485.269,    485.213,
   65,      160.8,    180.942,     487.450,    485.677,
   66,      163.3,    180.998,     485.918,    486.097,
   67,      165.8,    181.013,     488.088,    486.477,
   68,      168.3,    181.009,     488.374,    486.819,
   69,      170.8,    181.054,     489.634,    487.124,
   70,      175.8,    179.925,     489.813,    489.874,
----,
DateTime:        , 2025/11/20, 15:52:13, 1763668333194,
RFID_EPC:        ,--Not Acquired--,
RFID_UserData:   ,--Not Acquired--,
Barcode:         ,--Not Acquired--,
PIF:,            0.00,
PARs:,            0.0,     0.0,     0.0,     0.0,     0.0,     0.0,
Light:,           0.0,     0.0,     0.0,     0.0,     0.0,     0.0,
Cycles:,            1,
                    1,      69,      70,      70,
Lamps:,        #10000,
Gain:,              2,     100, 
SNR_raw:,     350.38,
Position:,        0.0,              0.0,   NoData,
DataPt,      Time(us),   EX,         EM,       Fit,
==========,==========,==========,==========,=========,
    0,        0.0,      0.000,       0.000,    218.124,
    1,        0.8,    161.670,     220.820,    225.164,
    2,        3.3,    180.586,     235.273,    233.282,
    3,        5.8,    180.698,     248.205,    241.615,
    4,        8.3,    180.649,     254.361,    250.077,
    5,       10.8,    180.724,     261.172,    258.606,
    6,       13.3,    180.739,     266.683,    267.144,
    7,       15.8,    180.873,     275.055,    275.649,
    8,       18.3,    180.784,     282.382,    284.075,
    9,       20.8,    180.821,     290.896,    292.393,
   10,       23.3,    180.933,     298.177,    300.580,
   11,       25.8,    180.847,     306.889,    308.607,
   12,       28.3,    180.858,     314.335,    316.461,
   13,       30.8,    180.873,     322.049,    324.126,
   14,       33.3,    180.884,     330.874,    331.593,
   15,       35.8,    180.821,     337.350,    338.850,
   16,       38.3,    180.855,     345.305,    345.894,
   17,       40.8,    180.911,     351.831,    352.720,
   18,       43.3,    180.940,     358.405,    359.325,
   19,       45.8,    180.993,     365.484,    365.709,
   20,       48.3,    180.937,     372.230,    371.868,
   21,       50.8,    180.948,     378.009,    377.804,
   22,       53.3,    181.000,     383.977,    383.520,
   23,       55.8,    180.970,     390.395,    389.017,
   24,       58.3,    180.940,     394.329,    394.298,
   25,       60.8,    180.948,     400.391,    399.366,
   26,       63.3,    180.914,     405.441,    404.225,
   27,       65.8,    180.948,     410.063,    408.880,
   28,       68.3,    180.985,     414.951,    413.335,
   29,       70.8,    180.955,     418.888,    417.596,
   30,       73.3,    181.019,     421.227,    421.667,
   31,       75.8,    181.094,     426.851,    425.553,
   32,       78.3,    181.075,     430.485,    429.261,
   33,       80.8,    181.004,     433.416,    432.794,
   34,       83.3,    181.008,     436.998,    436.158,
   35,       85.8,    180.959,     441.260,    439.358,
   36,       88.3,    180.978,     442.596,    442.401,
   37,       90.8,    180.918,     445.229,    445.291,
   38,       93.3,    180.978,     447.016,    448.033,
   39,       95.8,    180.974,     450.617,    450.634,
   40,       98.3,    181.019,     453.820,    453.098,
   41,      100.8,    181.030,     455.173,    455.431,
   42,      103.3,    181.038,     456.811,    457.637,
   43,      105.8,    181.060,     458.688,    459.722,
   44,      108.3,    181.019,     462.106,    461.690,
   45,      110.8,    180.978,     463.316,    463.546,
   46,      113.3,    180.974,     465.260,    465.295,
   47,      115.8,    181.038,     466.478,    466.940,
   48,      118.3,    180.926,     466.767,    468.487,
   49,      120.8,    180.985,     469.375,    469.939,
   50,      123.3,    180.940,     471.149,    471.301,
   51,      125.8,    181.041,     472.820,    472.576,
   52,      128.3,    180.974,     472.720,    473.769,
   53,      130.8,    181.034,     474.497,    474.882,
   54,      133.3,    181.056,     474.990,    475.920,
   55,      135.8,    181.120,     475.652,    476.885,
   56,      138.3,    181.045,     476.953,    477.782,
   57,      140.8,    181.011,     477.318,    478.614,
   58,      143.3,    180.985,     477.939,    479.384,
   59,      145.8,    181.011,     479.804,    480.093,
   60,      148.3,    180.948,     480.249,    480.747,
   61,      150.8,    180.970,     481.571,    481.346,
   62,      153.3,    181.060,     482.161,    481.892,
   63,      155.8,    181.004,     481.757,    482.391,
   64,      158.3,    180.985,     484.017,    482.842,
   65,      160.8,    181.019,     483.651,    483.249,
   66,      163.3,    181.041,     483.591,    483.614,
   67,      165.8,    181.015,     485.042,    483.938,
   68,      168.3,    181.019,     486.413,    484.225,
   69,      170.8,    180.948,     485.499,    484.476,
   70,      175.8,    179.894,     486.797,    486.644,
----,
DateTime:        , 2025/11/20, 15:52:15, 1763668334886,
RFID_EPC:        ,--Not Acquired--,
RFID_UserData:   ,--Not Acquired--,
Barcode:         ,--Not Acquired--,
PIF:,            0.00,
PARs:,            0.0,     0.0,     0.0,     0.0,     0.0,     0.0,
Light:,           0.0,     0.0,     0.0,     0.0,     0.0,     0.0,
Cycles:,            1,
                    1,      69,      70,      70,
Lamps:,        #10000,
Gain:,              2,     100, 
SNR_raw:,     207.67,
Position:,        0.0,              0.0,   NoData,
DataPt,      Time(us),   EX,         EM,       Fit,
==========,==========,==========,==========,=========,
    0,        0.0,      0.000,       0.000,    219.425,
    1,        0.8,    161.841,     220.895,    226.262,
    2,        3.3,    180.667,     235.136,    234.209,
    3,        5.8,    180.727,     247.888,    242.418,
    4,        8.3,    180.656,     254.628,    250.786,
    5,       10.8,    180.656,     260.164,    259.236,
    6,       13.3,    180.775,     267.736,    267.707,
    7,       15.8,    180.827,     274.848,    276.142,
    8,       18.3,    180.693,     282.800,    284.493,
    9,       20.8,    180.831,     290.879,    292.731,
   10,       23.3,    180.906,     297.392,    300.828,
   11,       25.8,    180.940,     305.903,    308.760,
   12,       28.3,    180.824,     314.671,    316.506,
   13,       30.8,    180.846,     321.268,    324.056,
   14,       33.3,    180.910,     329.723,    331.400,
   15,       35.8,    180.872,     336.702,    338.530,
   16,       38.3,    180.883,     344.421,    345.442,
   17,       40.8,    180.943,     352.044,    352.134,
   18,       43.3,    180.812,     358.659,    358.600,
   19,       45.8,    180.917,     365.637,    364.846,
   20,       48.3,    180.958,     370.804,    370.871,
   21,       50.8,    180.880,     376.770,    376.677,
   22,       53.3,    181.018,     383.387,    382.267,
   23,       55.8,    180.940,     389.633,    387.644,
   24,       58.3,    180.996,     394.761,    392.812,
   25,       60.8,    180.917,     399.631,    397.775,
   26,       63.3,    180.936,     403.182,    402.538,
   27,       65.8,    180.910,     408.768,    407.106,
   28,       68.3,    180.988,     413.287,    411.484,
   29,       70.8,    180.835,     417.231,    415.676,
   30,       73.3,    180.984,     420.478,    419.689,
   31,       75.8,    181.007,     424.570,    423.528,
   32,       78.3,    181.037,     428.366,    427.199,
   33,       80.8,    180.984,     431.805,    430.705,
   34,       83.3,    181.003,     435.628,    434.054,
   35,       85.8,    181.044,     438.291,    437.249,
   36,       88.3,    181.018,     440.840,    440.296,
   37,       90.8,    180.981,     444.799,    443.201,
   38,       93.3,    180.977,     444.256,    445.968,
   39,       95.8,    180.958,     449.275,    448.602,
   40,       98.3,    180.966,     451.191,    451.108,
   41,      100.8,    180.992,     455.269,    453.491,
   42,      103.3,    181.010,     457.156,    455.754,
   43,      105.8,    181.093,     459.157,    457.904,
   44,      108.3,    181.014,     458.528,    459.944,
   45,      110.8,    180.999,     461.604,    461.878,
   46,      113.3,    181.037,     462.890,    463.711,
   47,      115.8,    181.007,     464.900,    465.447,
   48,      118.3,    180.958,     466.130,    467.090,
   49,      120.8,    180.947,     468.369,    468.643,
   50,      123.3,    180.988,     469.092,    470.109,
   51,      125.8,    180.913,     471.220,    471.494,
   52,      128.3,    180.984,     471.588,    472.798,
   53,      130.8,    180.981,     474.084,    474.026,
   54,      133.3,    181.055,     474.164,    475.181,
   55,      135.8,    181.089,     476.009,    476.266,
   56,      138.3,    181.093,     475.999,    477.285,
   57,      140.8,    181.033,     478.090,    478.241,
   58,      143.3,    181.052,     478.593,    479.135,
   59,      145.8,    180.999,     479.284,    479.972,
   60,      148.3,    180.996,     481.504,    480.752,
   61,      150.8,    180.954,     481.060,    481.480,
   62,      153.3,    180.917,     481.160,    482.157,
   63,      155.8,    180.943,     482.472,    482.784,
   64,      158.3,    181.025,     485.015,    483.364,
   65,      160.8,    181.093,     483.730,    483.897,
   66,      163.3,    181.044,     485.241,    484.389,
   67,      165.8,    181.070,     485.999,    484.840,
   68,      168.3,    181.037,     487.194,    485.253,
   69,      170.8,    181.052,     487.982,    485.629,
   70,      175.8,    179.964,     488.685,    488.657,
----,
DateTime:        , 2025/11/20, 15:52:16, 1763668336572,
RFID_EPC:        ,--Not Acquired--,
RFID_UserData:   ,--Not Acquired--,
Barcode:         ,--Not Acquired--,
PIF:,            0.00,
PARs:,            0.0,     0.0,     0.0,     0.0,     0.0,     0.0,
Light:,           0.0,     0.0,     0.0,     0.0,     0.0,     0.0,
Cycles:,            1,
                    1,      69,      70,      70,
Lamps:,        #10000,
Gain:,              2,     100, 
SNR_raw:,     311.99,
Position:,        0.0,              0.0,   NoData,
DataPt,      Time(us),   EX,         EM,       Fit,
==========,==========,==========,==========,=========,
    0,        0.0,      0.000,       0.000,    215.324,
    1,        0.8,    161.728,     220.123,    222.918,
    2,        3.3,    180.618,     234.190,    231.569,
    3,        5.8,    180.730,     246.777,    240.349,
    4,        8.3,    180.722,     252.874,    249.183,
    5,       10.8,    180.816,     259.933,    258.017,
    6,       13.3,    180.827,     266.277,    266.798,
    7,       15.8,    180.898,     274.741,    275.490,
    8,       18.3,    180.823,     281.214,    284.055,
    9,       20.8,    180.793,     290.110,    292.469,
   10,       23.3,    180.853,     296.926,    300.714,
   11,       25.8,    180.760,     305.655,    308.770,
   12,       28.3,    180.834,     313.270,    316.627,
   13,       30.8,    180.864,     322.065,    324.276,
   14,       33.3,    180.890,     329.758,    331.708,
   15,       35.8,    180.890,     337.774,    338.918,
   16,       38.3,    180.999,     344.201,    345.906,
   17,       40.8,    180.924,     350.700,    352.664,
   18,       43.3,    180.961,     359.745,    359.195,
   19,       45.8,    180.928,     365.616,    365.499,
   20,       48.3,    180.943,     371.941,    371.577,
   21,       50.8,    180.920,     378.344,    377.431,
   22,       53.3,    180.954,     382.971,    383.065,
   23,       55.8,    180.928,     389.382,    388.481,
   24,       58.3,    180.943,     395.982,    393.685,
   25,       60.8,    180.946,     399.013,    398.679,
   26,       63.3,    180.965,     403.945,    403.470,
   27,       65.8,    180.980,     407.780,    408.061,
   28,       68.3,    180.924,     413.433,    412.457,
   29,       70.8,    180.958,     417.777,    416.664,
   30,       73.3,    180.987,     422.129,    420.687,
   31,       75.8,    180.958,     427.172,    424.530,
   32,       78.3,    181.006,     429.820,    428.201,
   33,       80.8,    180.987,     433.455,    431.703,
   34,       83.3,    181.047,     435.798,    435.043,
   35,       85.8,    180.920,     439.973,    438.224,
   36,       88.3,    180.995,     442.554,    441.254,
   37,       90.8,    181.040,     445.206,    444.137,
   38,       93.3,    181.014,     446.651,    446.877,
   39,       95.8,    181.017,     450.233,    449.481,
   40,       98.3,    181.051,     452.359,    451.954,
   41,      100.8,    180.991,     453.613,    454.299,
   42,      103.3,    181.044,     457.072,    456.522,
   43,      105.8,    180.928,     459.299,    458.628,
   44,      108.3,    180.984,     460.815,    460.620,
   45,      110.8,    180.961,     462.253,    462.504,
   46,      113.3,    180.980,     463.863,    464.284,
   47,      115.8,    180.995,     466.035,    465.964,
   48,      118.3,    180.973,     466.645,    467.548,
   49,      120.8,    181.144,     468.135,    469.040,
   50,      123.3,    181.040,     470.062,    470.444,
   51,      125.8,    181.017,     470.397,    471.764,
   52,      128.3,    180.984,     472.418,    473.004,
   53,      130.8,    180.965,     472.743,    474.166,
   54,      133.3,    180.946,     475.003,    475.253,
   55,      135.8,    180.980,     475.467,    476.270,
   56,      138.3,    180.980,     476.296,    477.219,
   57,      140.8,    180.958,     478.013,    478.104,
   58,      143.3,    181.002,     478.170,    478.927,
   59,      145.8,    181.051,     479.147,    479.690,
   60,      148.3,    180.995,     479.295,    480.397,
   61,      150.8,    180.995,     481.505,    481.051,
   62,      153.3,    181.036,     481.120,    481.653,
   63,      155.8,    181.058,     483.545,    482.206,
   64,      158.3,    181.062,     483.259,    482.712,
   65,      160.8,    180.954,     483.825,    483.175,
   66,      163.3,    180.991,     484.554,    483.594,
   67,      165.8,    180.961,     485.739,    483.974,
   68,      168.3,    180.999,     485.915,    484.315,
   69,      170.8,    180.969,     486.272,    484.619,
   70,      175.8,    179.915,     486.143,    486.224,
----,
DateTime:        , 2025/11/20, 15:52:18, 1763668338287,
RFID_EPC:        ,--Not Acquired--,
RFID_UserData:   ,--Not Acquired--,
Barcode:         ,--Not Acquired--,
PIF:,            0.00,
PARs:,            0.0,     0.0,     0.0,     0.0,     0.0,     0.0,
Light:,           0.0,     0.0,     0.0,     0.0,     0.0,     0.0,
Cycles:,            1,
                    1,      69,      70,      70,
Lamps:,        #10000,
Gain:,              2,     100, 
SNR_raw:,     312.62,
Position:,        0.0,              0.0,   NoData,
DataPt,      Time(us),   EX,         EM,       Fit,
==========,==========,==========,==========,=========,
    0,        0.0,      0.000,       0.000,    218.209,
    1,        0.8,    161.767,     220.688,    224.963,
    2,        3.3,    180.588,     233.883,    232.830,
    3,        5.8,    180.712,     245.695,    240.980,
    4,        8.3,    180.764,     251.986,    249.316,
    5,       10.8,    180.727,     260.338,    257.758,
    6,       13.3,    180.899,     265.618,    266.246,
    7,       15.8,    180.850,     273.155,    274.720,
    8,       18.3,    180.790,     282.371,    283.133,
    9,       20.8,    180.835,     290.320,    291.452,
   10,       23.3,    180.850,     296.655,    299.646,
   11,       25.8,    180.843,     305.238,    307.689,
   12,       28.3,    180.843,     313.532,    315.561,
   13,       30.8,    180.801,     322.177,    323.246,
   14,       33.3,    180.914,     329.439,    330.735,
   15,       35.8,    180.917,     337.171,    338.016,
   16,       38.3,    180.906,     344.101,    345.081,
   17,       40.8,    180.973,     350.604,    351.927,
   18,       43.3,    180.940,     358.683,    358.550,
   19,       45.8,    180.943,     363.926,    364.948,
   20,       48.3,    180.958,     371.356,    371.121,
   21,       50.8,    180.872,     377.891,    377.069,
   22,       53.3,    180.895,     382.543,    382.795,
   23,       55.8,    180.902,     388.884,    388.301,
   24,       58.3,    180.895,     394.704,    393.591,
   25,       60.8,    180.973,     399.506,    398.668,
   26,       63.3,    181.014,     405.769,    403.537,
   27,       65.8,    180.973,     411.110,    408.202,
   28,       68.3,    181.041,     414.272,    412.668,
   29,       70.8,    180.925,     418.959,    416.939,
   30,       73.3,    180.925,     422.551,    421.022,
   31,       75.8,    180.884,     426.241,    424.920,
   32,       78.3,    180.977,     430.441,    428.641,
   33,       80.8,    180.973,     433.489,    432.189,
   34,       83.3,    180.910,     438.340,    435.569,
   35,       85.8,    180.958,     439.604,    438.789,
   36,       88.3,    180.999,     442.267,    441.852,
   37,       90.8,    181.033,     445.775,    444.764,
   38,       93.3,    180.966,     447.875,    447.532,
   39,       95.8,    181.059,     449.577,    450.159,
   40,       98.3,    181.048,     453.471,    452.652,
   41,      100.8,    181.018,     455.203,    455.015,
   42,      103.3,    180.996,     457.193,    457.255,
   43,      105.8,    180.932,     459.288,    459.374,
   44,      108.3,    180.914,     461.547,    461.379,
   45,      110.8,    180.951,     462.833,    463.274,
   46,      113.3,    180.962,     464.738,    465.062,
   47,      115.8,    181.048,     465.346,    466.748,
   48,      118.3,    181.070,     466.393,    468.337,
   49,      120.8,    181.055,     468.089,    469.834,
   50,      123.3,    180.992,     468.805,    471.242,
   51,      125.8,    181.044,     471.432,    472.564,
   52,      128.3,    181.018,     473.433,    473.806,
   53,      130.8,    181.029,     474.233,    474.969,
   54,      133.3,    180.962,     474.961,    476.060,
   55,      135.8,    180.977,     476.304,    477.078,
   56,      138.3,    180.984,     477.389,    478.029,
   57,      140.8,    180.988,     478.208,    478.915,
   58,      143.3,    181.003,     478.997,    479.739,
   59,      145.8,    181.033,     480.023,    480.504,
   60,      148.3,    181.085,     480.989,    481.212,
   61,      150.8,    181.055,     482.725,    481.867,
   62,      153.3,    181.100,     482.605,    482.470,
   63,      155.8,    180.996,     482.884,    483.027,
   64,      158.3,    181.003,     484.246,    483.537,
   65,      160.8,    180.955,     484.376,    484.003,
   66,      163.3,    180.977,     485.421,    484.428,
   67,      165.8,    181.003,     487.837,    484.811,
   68,      168.3,    180.999,     486.742,    485.157,
   69,      170.8,    181.018,     486.968,    485.467,
   70,      175.8,    179.987,     488.441,    488.370,
----,
DateTime:        , 2025/11/20, 15:52:20, 1763668339972,
RFID_EPC:        ,--Not Acquired--,
RFID_UserData:   ,--Not Acquired--,
Barcode:         ,--Not Acquired--,
PIF:,            0.00,
PARs:,            0.0,     0.0,     0.0,     0.0,     0.0,     0.0,
Light:,           0.0,     0.0,     0.0,     0.0,     0.0,     0.0,
Cycles:,            1,
                    1,      69,      70,      70,
Lamps:,        #10000,
Gain:,              2,     100, 
SNR_raw:,     290.37,
Position:,        0.0,              0.0,   NoData,
DataPt,      Time(us),   EX,         EM,       Fit,
==========,==========,==========,==========,=========,
    0,        0.0,      0.000,       0.000,    217.509,
    1,        0.8,    161.746,     221.335,    224.826,
    2,        3.3,    180.608,     234.781,    233.172,
    3,        5.8,    180.702,     246.815,    241.659,
    4,        8.3,    180.721,     253.153,    250.219,
    5,       10.8,    180.732,     260.331,    258.796,
    6,       13.3,    180.814,     268.231,    267.347,
    7,       15.8,    180.810,     274.597,    275.830,
    8,       18.3,    180.825,     283.146,    284.213,
    9,       20.8,    180.881,     291.075,    292.472,
   10,       23.3,    180.859,     298.575,    300.581,
   11,       25.8,    180.807,     306.681,    308.523,
   12,       28.3,    180.825,     313.563,    316.284,
   13,       30.8,    180.836,     321.285,    323.854,
   14,       33.3,    180.851,     329.276,    331.223,
   15,       35.8,    180.911,     338.011,    338.387,
   16,       38.3,    180.952,     344.566,    345.339,
   17,       40.8,    180.975,     351.707,    352.076,
   18,       43.3,    180.919,     358.172,    358.594,
   19,       45.8,    180.889,     365.418,    364.893,
   20,       48.3,    180.870,     371.261,    370.974,
   21,       50.8,    180.877,     377.880,    376.839,
   22,       53.3,    180.840,     382.382,    382.488,
   23,       55.8,    180.911,     388.865,    387.926,
   24,       58.3,    180.930,     393.799,    393.155,
   25,       60.8,    180.934,     400.976,    398.179,
   26,       63.3,    181.072,     404.812,    403.004,
   27,       65.8,    180.990,     409.416,    407.630,
   28,       68.3,    180.952,     413.093,    412.063,
   29,       70.8,    180.975,     417.738,    416.309,
   30,       73.3,    180.990,     422.400,    420.371,
   31,       75.8,    180.851,     425.764,    424.253,
   32,       78.3,    180.952,     428.290,    427.964,
   33,       80.8,    180.945,     434.387,    431.506,
   34,       83.3,    180.975,     436.249,    434.886,
   35,       85.8,    180.937,     438.826,    438.108,
   36,       88.3,    180.926,     442.722,    441.177,
   37,       90.8,    181.008,     443.902,    444.099,
   38,       93.3,    181.053,     446.278,    446.880,
   39,       95.8,    181.031,     449.371,    449.523,
   40,       98.3,    181.094,     451.146,    452.034,
   41,      100.8,    181.079,     453.393,    454.417,
   42,      103.3,    181.008,     455.780,    456.678,
   43,      105.8,    181.012,     459.086,    458.820,
   44,      108.3,    180.986,     460.257,    460.849,
   45,      110.8,    180.960,     463.916,    462.769,
   46,      113.3,    181.046,     462.867,    464.584,
   47,      115.8,    180.967,     464.725,    466.299,
   48,      118.3,    181.019,     466.248,    467.917,
   49,      120.8,    181.005,     468.773,    469.443,
   50,      123.3,    181.038,     470.895,    470.880,
   51,      125.8,    181.120,     472.062,    472.232,
   52,      128.3,    181.008,     473.183,    473.504,
   53,      130.8,    181.027,     473.963,    474.697,
   54,      133.3,    180.967,     474.948,    475.817,
   55,      135.8,    180.986,     476.280,    476.865,
   56,      138.3,    180.963,     477.168,    477.845,
   57,      140.8,    180.975,     477.691,    478.761,
   58,      143.3,    180.956,     479.122,    479.614,
   59,      145.8,    181.001,     480.108,    480.408,
   60,      148.3,    181.072,     480.196,    481.145,
   61,      150.8,    181.064,     482.425,    481.828,
   62,      153.3,    181.083,     482.376,    482.460,
   63,      155.8,    181.075,     482.395,    483.043,
   64,      158.3,    181.064,     484.082,    483.579,
   65,      160.8,    181.023,     485.021,    484.071,
   66,      163.3,    180.993,     486.758,    484.521,
   67,      165.8,    180.960,     485.744,    484.930,
   68,      168.3,    181.019,     487.240,    485.301,
   69,      170.8,    180.990,     487.045,    485.635,
   70,      175.8,    179.958,     487.281,    487.367,
----,
DateTime:        , 2025/11/20, 15:52:21, 1763668341668,
RFID_EPC:        ,--Not Acquired--,
RFID_UserData:   ,--Not Acquired--,
Barcode:         ,--Not Acquired--,
PIF:,            0.00,
PARs:,            0.0,     0.0,     0.0,     0.0,     0.0,     0.0,
Light:,           0.0,     0.0,     0.0,     0.0,     0.0,     0.0,
Cycles:,            1,
                    1,      69,      70,      70,
Lamps:,        #10000,
Gain:,              2,     100, 
SNR_raw:,     225.67,
Position:,        0.0,              0.0,   NoData,
DataPt,      Time(us),   EX,         EM,       Fit,
==========,==========,==========,==========,=========,
    0,        0.0,      0.000,       0.000,    210.662,
    1,        0.8,    161.782,     221.903,    220.051,
    2,        3.3,    180.570,     235.932,    230.290,
    3,        5.8,    180.690,     248.493,    240.279,
    4,        8.3,    180.798,     253.598,    250.017,
    5,       10.8,    180.768,     260.555,    259.496,
    6,       13.3,    180.861,     267.332,    268.722,
    7,       15.8,    180.802,     274.887,    277.689,
    8,       18.3,    180.813,     282.336,    286.401,
    9,       20.8,    180.783,     290.404,    294.857,
   10,       23.3,    180.831,     298.344,    303.065,
   11,       25.8,    180.817,     305.835,    311.021,
   12,       28.3,    180.839,     314.092,    318.732,
   13,       30.8,    180.914,     322.530,    326.202,
   14,       33.3,    180.899,     330.572,    333.430,
   15,       35.8,    180.906,     337.744,    340.420,
   16,       38.3,    180.917,     345.738,    347.177,
   17,       40.8,    180.944,     351.767,    353.705,
   18,       43.3,    180.914,     358.735,    360.006,
   19,       45.8,    180.902,     364.837,    366.084,
   20,       48.3,    180.955,     371.916,    371.947,
   21,       50.8,    180.958,     377.987,    377.597,
   22,       53.3,    180.899,     383.087,    383.038,
   23,       55.8,    180.973,     390.389,    388.276,
   24,       58.3,    181.015,     393.891,    393.317,
   25,       60.8,    180.996,     400.285,    398.164,
   26,       63.3,    180.962,     403.952,    402.820,
   27,       65.8,    180.973,     408.071,    407.293,
   28,       68.3,    180.958,     412.802,    411.586,
   29,       70.8,    180.921,     418.414,    415.704,
   30,       73.3,    180.955,     421.929,    419.654,
   31,       75.8,    180.951,     425.253,    423.439,
   32,       78.3,    180.910,     428.114,    427.063,
   33,       80.8,    180.966,     431.297,    430.534,
   34,       83.3,    180.992,     436.483,    433.855,
   35,       85.8,    180.966,     438.480,    437.030,
   36,       88.3,    181.026,     439.993,    440.065,
   37,       90.8,    181.071,     446.511,    442.964,
   38,       93.3,    180.981,     446.456,    445.731,
   39,       95.8,    181.026,     449.107,    448.371,
   40,       98.3,    180.951,     452.056,    450.886,
   41,      100.8,    181.056,     453.452,    453.284,
   42,      103.3,    180.962,     456.449,    455.567,
   43,      105.8,    181.007,     457.164,    457.739,
   44,      108.3,    180.925,     460.412,    459.804,
   45,      110.8,    180.988,     461.632,    461.767,
   46,      113.3,    181.026,     463.470,    463.630,
   47,      115.8,    181.056,     465.327,    465.399,
   48,      118.3,    180.985,     466.338,    467.075,
   49,      120.8,    181.037,     468.413,    468.663,
   50,      123.3,    181.044,     469.498,    470.166,
   51,      125.8,    180.955,     471.941,    471.587,
   52,      128.3,    180.996,     472.663,    472.929,
   53,      130.8,    181.007,     473.186,    474.196,
   54,      133.3,    181.000,     474.587,    475.390,
   55,      135.8,    180.947,     474.171,    476.514,
   56,      138.3,    181.052,     477.211,    477.571,
   57,      140.8,    180.973,     477.418,    478.564,
   58,      143.3,    180.985,     478.770,    479.496,
   59,      145.8,    181.026,     479.490,    480.368,
   60,      148.3,    181.097,     479.302,    481.183,
   61,      150.8,    181.059,     479.677,    481.944,
   62,      153.3,    181.022,     480.328,    482.653,
   63,      155.8,    181.056,     482.725,    483.312,
   64,      158.3,    180.958,     484.089,    483.923,
   65,      160.8,    180.884,     483.183,    484.488,
   66,      163.3,    180.981,     484.305,    485.009,
   67,      165.8,    180.966,     484.898,    485.488,
   68,      168.3,    181.000,     486.465,    485.927,
   69,      170.8,    181.007,     485.893,    486.327,
   70,      175.8,    179.991,     489.366,    487.464,
----,
DateTime:        , 2025/11/20, 15:52:23, 1763668343385,
RFID_EPC:        ,--Not Acquired--,
RFID_UserData:   ,--Not Acquired--,
Barcode:         ,--Not Acquired--,
PIF:,            0.00,
PARs:,            0.0,     0.0,     0.0,     0.0,     0.0,     0.0,
Light:,           0.0,     0.0,     0.0,     0.0,     0.0,     0.0,
Cycles:,            1,
                    1,      69,      70,      70,
Lamps:,        #10000,
Gain:,              2,     100, 
SNR_raw:,     355.50,
Position:,        0.0,              0.0,   NoData,
DataPt,      Time(us),   EX,         EM,       Fit,
==========,==========,==========,==========,=========,
    0,        0.0,      0.000,       0.000,    217.352,
    1,        0.8,    161.647,     220.233,    224.298,
    2,        3.3,    180.476,     233.527,    232.299,
    3,        5.8,    180.711,     245.419,    240.516,
    4,        8.3,    180.820,     251.908,    248.868,
    5,       10.8,    180.771,     259.168,    257.286,
    6,       13.3,    180.790,     264.949,    265.718,
    7,       15.8,    180.835,     272.901,    274.121,
    8,       18.3,    180.808,     281.237,    282.455,
    9,       20.8,    180.827,     288.121,    290.689,
   10,       23.3,    180.831,     297.516,    298.797,
   11,       25.8,    180.835,     305.528,    306.758,
   12,       28.3,    180.737,     312.332,    314.550,
   13,       30.8,    180.876,     319.557,    322.167,
   14,       33.3,    180.864,     328.423,    329.594,
   15,       35.8,    180.947,     336.287,    336.822,
   16,       38.3,    180.913,     342.153,    343.844,
   17,       40.8,    180.954,     350.089,    350.655,
   18,       43.3,    180.947,     355.630,    357.251,
   19,       45.8,    180.962,     363.337,    363.631,
   20,       48.3,    180.891,     369.284,    369.792,
   21,       50.8,    180.969,     376.031,    375.738,
   22,       53.3,    180.969,     382.386,    381.468,
   23,       55.8,    180.894,     388.625,    386.982,
   24,       58.3,    180.921,     393.819,    392.286,
   25,       60.8,    180.954,     399.549,    397.381,
   26,       63.3,    181.048,     404.038,    402.273,
   27,       65.8,    180.973,     408.625,    406.963,
   28,       68.3,    180.984,     413.849,    411.457,
   29,       70.8,    180.991,     417.975,    415.758,
   30,       73.3,    181.036,     420.634,    419.873,
   31,       75.8,    181.040,     423.939,    423.805,
   32,       78.3,    180.879,     429.844,    427.559,
   33,       80.8,    180.995,     433.161,    431.141,
   34,       83.3,    180.887,     435.631,    434.556,
   35,       85.8,    180.950,     437.413,    437.809,
   36,       88.3,    181.021,     440.003,    440.906,
   37,       90.8,    180.995,     443.106,    443.851,
   38,       93.3,    181.025,     446.071,    446.651,
   39,       95.8,    181.018,     449.128,    449.310,
   40,       98.3,    181.033,     451.300,    451.833,
   41,      100.8,    181.029,     452.138,    454.226,
   42,      103.3,    180.984,     456.118,    456.492,
   43,      105.8,    180.921,     457.383,    458.638,
   44,      108.3,    180.980,     460.271,    460.667,
   45,      110.8,    180.950,     461.452,    462.585,
   46,      113.3,    181.003,     463.805,    464.396,
   47,      115.8,    180.969,     464.168,    466.103,
   48,      118.3,    181.085,     466.080,    467.713,
   49,      120.8,    180.991,     467.702,    469.228,
   50,      123.3,    181.077,     469.136,    470.653,
   51,      125.8,    180.980,     470.217,    471.992,
   52,      128.3,    181.003,     471.816,    473.248,
   53,      130.8,    180.939,     472.811,    474.426,
   54,      133.3,    180.991,     473.779,    475.527,
   55,      135.8,    181.018,     476.473,    476.557,
   56,      138.3,    181.003,     477.341,    477.518,
   57,      140.8,    180.977,     477.686,    478.413,
   58,      143.3,    181.018,     478.683,    479.246,
   59,      145.8,    181.036,     480.014,    480.019,
   60,      148.3,    181.059,     480.231,    480.734,
   61,      150.8,    181.100,     480.950,    481.396,
   62,      153.3,    181.029,     481.139,    482.006,
   63,      155.8,    181.070,     482.686,    482.567,
   64,      158.3,    181.018,     484.759,    483.081,
   65,      160.8,    181.010,     485.332,    483.552,
   66,      163.3,    180.958,     484.920,    483.980,
   67,      165.8,    181.010,     486.161,    484.367,
   68,      168.3,    180.962,     486.291,    484.716,
   69,      170.8,    181.018,     488.074,    485.029,
   70,      175.8,    179.990,     486.893,    487.019,
----,
DateTime:        , 2025/11/20, 15:52:25, 1763668345063,
RFID_EPC:        ,--Not Acquired--,
RFID_UserData:   ,--Not Acquired--,
Barcode:         ,--Not Acquired--,
PIF:,            0.00,
PARs:,            0.0,     0.0,     0.0,     0.0,     0.0,     0.0,
Light:,           0.0,     0.0,     0.0,     0.0,     0.0,     0.0,
Cycles:,            1,
                    1,      69,      70,      70,
Lamps:,        #10000,
Gain:,              2,     100, 
SNR_raw:,     266.12,
Position:,        0.0,              0.0,   NoData,
DataPt,      Time(us),   EX,         EM,       Fit,
==========,==========,==========,==========,=========,
    0,        0.0,      0.000,       0.000,    215.862,
    1,        0.8,    161.779,     221.908,    223.225,
    2,        3.3,    180.563,     235.058,    231.679,
    3,        5.8,    180.690,     246.831,    240.327,
    4,        8.3,    180.743,     255.059,    249.078,
    5,       10.8,    180.761,     260.288,    257.860,
    6,       13.3,    180.843,     266.252,    266.617,
    7,       15.8,    180.881,     275.043,    275.301,
    8,       18.3,    180.832,     281.200,    283.871,
    9,       20.8,    180.776,     289.308,    292.295,
   10,       23.3,    180.787,     297.587,    300.552,
   11,       25.8,    180.780,     307.003,    308.622,
   12,       28.3,    180.802,     313.602,    316.491,
   13,       30.8,    180.896,     320.903,    324.149,
   14,       33.3,    180.967,     328.790,    331.589,
   15,       35.8,    180.922,     337.162,    338.802,
   16,       38.3,    180.941,     343.207,    345.786,
   17,       40.8,    180.948,     352.035,    352.538,
   18,       43.3,    180.970,     357.517,    359.060,
   19,       45.8,    180.937,     364.768,    365.351,
   20,       48.3,    180.922,     371.155,    371.413,
   21,       50.8,    180.911,     376.705,    377.249,
   22,       53.3,    180.952,     383.251,    382.864,
   23,       55.8,    180.948,     388.786,    388.260,
   24,       58.3,    180.937,     395.166,    393.443,
   25,       60.8,    180.967,     400.074,    398.416,
   26,       63.3,    180.989,     405.273,    403.186,
   27,       65.8,    180.989,     408.864,    407.758,
   28,       68.3,    180.989,     413.285,    412.136,
   29,       70.8,    180.997,     416.306,    416.326,
   30,       73.3,    180.955,     421.098,    420.334,
   31,       75.8,    180.955,     426.348,    424.165,
   32,       78.3,    180.929,     429.449,    427.824,
   33,       80.8,    180.982,     432.917,    431.318,
   34,       83.3,    180.982,     434.575,    434.652,
   35,       85.8,    180.929,     439.398,    437.831,
   36,       88.3,    181.004,     441.150,    440.860,
   37,       90.8,    181.019,     444.152,    443.746,
   38,       93.3,    181.030,     447.992,    446.492,
   39,       95.8,    180.997,     448.904,    449.105,
   40,       98.3,    181.053,     451.526,    451.588,
   41,      100.8,    181.023,     454.087,    453.947,
   42,      103.3,    180.929,     456.256,    456.188,
   43,      105.8,    180.948,     457.037,    458.313,
   44,      108.3,    180.978,     460.277,    460.327,
   45,      110.8,    180.948,     461.735,    462.235,
   46,      113.3,    180.944,     464.231,    464.042,
   47,      115.8,    180.963,     465.012,    465.750,
   48,      118.3,    181.068,     468.057,    467.364,
   49,      120.8,    181.038,     468.687,    468.888,
   50,      123.3,    181.045,     469.772,    470.325,
   51,      125.8,    181.015,     471.231,    471.680,
   52,      128.3,    180.959,     472.482,    472.957,
   53,      130.8,    180.997,     472.937,    474.156,
   54,      133.3,    180.899,     474.849,    475.284,
   55,      135.8,    180.974,     475.759,    476.341,
   56,      138.3,    180.959,     477.179,    477.331,
   57,      140.8,    181.041,     477.239,    478.256,
   58,      143.3,    181.008,     478.433,    479.121,
   59,      145.8,    181.026,     478.383,    479.927,
   60,      148.3,    181.034,     480.573,    480.677,
   61,      150.8,    181.023,     481.155,    481.373,
   62,      153.3,    181.079,     481.282,    482.018,
   63,      155.8,    181.064,     482.427,    482.615,
   64,      158.3,    181.041,     483.039,    483.165,
   65,      160.8,    181.015,     484.766,    483.670,
   66,      163.3,    180.989,     485.112,    484.134,
   67,      165.8,    180.944,     484.680,    484.557,
   68,      168.3,    180.941,     486.348,    484.942,
   69,      170.8,    180.997,     486.473,    485.288,
   70,      175.8,    180.059,     488.241,    488.026,
----,
DateTime:        , 2025/11/20, 15:52:26, 1763668346767,
RFID_EPC:        ,--Not Acquired--,
RFID_UserData:   ,--Not Acquired--,
Barcode:         ,--Not Acquired--,
PIF:,            0.00,
PARs:,            0.0,     0.0,     0.0,     0.0,     0.0,     0.0,
Light:,           0.0,     0.0,     0.0,     0.0,     0.0,     0.0,
Cycles:,            1,
                    1,      69,      70,      70,
Lamps:,        #10000,
Gain:,              2,     100, 
SNR_raw:,     267.06,
Position:,        0.0,              0.0,   NoData,
DataPt,      Time(us),   EX,         EM,       Fit,
==========,==========,==========,==========,=========,
    0,        0.0,      0.000,       0.000,    219.429,
    1,        0.8,    161.721,     220.442,    225.939,
    2,        3.3,    180.599,     234.356,    233.578,
    3,        5.8,    180.707,     246.809,    241.541,
    4,        8.3,    180.785,     252.233,    249.729,
    5,       10.8,    180.793,     260.243,    258.055,
    6,       13.3,    180.819,     267.395,    266.450,
    7,       15.8,    180.767,     274.664,    274.853,
    8,       18.3,    180.770,     282.679,    283.216,
    9,       20.8,    180.864,     290.274,    291.503,
   10,       23.3,    180.815,     298.094,    299.675,
   11,       25.8,    180.845,     305.234,    307.708,
   12,       28.3,    180.886,     313.457,    315.580,
   13,       30.8,    180.901,     321.723,    323.273,
   14,       33.3,    180.849,     326.792,    330.771,
   15,       35.8,    180.968,     335.970,    338.066,
   16,       38.3,    180.897,     343.841,    345.148,
   17,       40.8,    180.912,     351.828,    352.011,
   18,       43.3,    180.912,     358.185,    358.652,
   19,       45.8,    180.942,     365.586,    365.068,
   20,       48.3,    180.879,     370.967,    371.259,
   21,       50.8,    180.912,     377.255,    377.224,
   22,       53.3,    180.961,     384.613,    382.967,
   23,       55.8,    180.961,     389.034,    388.489,
   24,       58.3,    181.054,     394.633,    393.793,
   25,       60.8,    180.924,     400.445,    398.882,
   26,       63.3,    181.028,     404.909,    403.760,
   27,       65.8,    180.968,     410.016,    408.433,
   28,       68.3,    180.909,     413.468,    412.905,
   29,       70.8,    180.935,     419.212,    417.181,
   30,       73.3,    180.931,     422.813,    421.265,
   31,       75.8,    180.916,     426.441,    425.165,
   32,       78.3,    180.983,     431.255,    428.885,
   33,       80.8,    180.983,     433.189,    432.430,
   34,       83.3,    180.983,     436.228,    435.808,
   35,       85.8,    181.069,     439.611,    439.022,
   36,       88.3,    181.021,     442.491,    442.080,
   37,       90.8,    180.946,     445.713,    444.986,
   38,       93.3,    180.987,     446.993,    447.746,
   39,       95.8,    180.995,     449.461,    450.365,
   40,       98.3,    180.946,     451.792,    452.849,
   41,      100.8,    180.983,     453.909,    455.203,
   42,      103.3,    180.965,     456.443,    457.431,
   43,      105.8,    180.957,     458.396,    459.540,
   44,      108.3,    180.995,     459.959,    461.533,
   45,      110.8,    181.047,     462.311,    463.415,
   46,      113.3,    181.062,     464.206,    465.191,
   47,      115.8,    181.103,     465.205,    466.865,
   48,      118.3,    181.013,     467.922,    468.444,
   49,      120.8,    181.058,     468.358,    469.929,
   50,      123.3,    181.017,     469.569,    471.326,
   51,      125.8,    180.927,     470.631,    472.639,
   52,      128.3,    180.968,     471.629,    473.870,
   53,      130.8,    180.916,     474.253,    475.024,
   54,      133.3,    180.965,     476.336,    476.103,
   55,      135.8,    180.972,     475.764,    477.111,
   56,      138.3,    181.047,     476.948,    478.051,
   57,      140.8,    181.036,     478.083,    478.927,
   58,      143.3,    181.084,     479.887,    479.740,
   59,      145.8,    181.054,     480.519,    480.496,
   60,      148.3,    180.995,     481.506,    481.198,
   61,      150.8,    181.051,     481.357,    481.845,
   62,      153.3,    180.938,     481.379,    482.444,
   63,      155.8,    181.017,     482.552,    482.993,
   64,      158.3,    181.024,     484.465,    483.496,
   65,      160.8,    180.972,     484.881,    483.956,
   66,      163.3,    180.950,     484.941,    484.376,
   67,      165.8,    181.066,     486.564,    484.754,
   68,      168.3,    180.987,     485.394,    485.095,
   69,      170.8,    181.043,     487.453,    485.401,
   70,      175.8,    179.945,     488.840,    488.768,
----,
DateTime:        , 2025/11/20, 15:52:28, 1763668348464,
RFID_EPC:        ,--Not Acquired--,
RFID_UserData:   ,--Not Acquired--,
Barcode:         ,--Not Acquired--,
PIF:,            0.00,
PARs:,            0.0,     0.0,     0.0,     0.0,     0.0,     0.0,
Light:,           0.0,     0.0,     0.0,     0.0,     0.0,     0.0,
Cycles:,            1,
                    1,      69,      70,      70,
Lamps:,        #10000,
Gain:,              2,     100, 
SNR_raw:,     238.43,
Position:,        0.0,              0.0,   NoData,
DataPt,      Time(us),   EX,         EM,       Fit,
==========,==========,==========,==========,=========,
    0,        0.0,      0.000,       0.000,    219.556,
    1,        0.8,    161.775,     220.677,    226.232,
    2,        3.3,    180.634,     235.350,    234.026,
    3,        5.8,    180.694,     248.487,    242.113,
    4,        8.3,    180.798,     253.597,    250.394,
    5,       10.8,    180.750,     260.858,    258.785,
    6,       13.3,    180.802,     266.590,    267.220,
    7,       15.8,    180.761,     275.502,    275.641,
    8,       18.3,    180.795,     282.088,    284.004,
    9,       20.8,    180.810,     290.637,    292.271,
   10,       23.3,    180.720,     298.528,    300.409,
   11,       25.8,    180.858,     305.764,    308.398,
   12,       28.3,    180.910,     314.520,    316.216,
   13,       30.8,    180.866,     320.956,    323.846,
   14,       33.3,    180.933,     330.233,    331.277,
   15,       35.8,    180.899,     336.928,    338.498,
   16,       38.3,    180.933,     344.327,    345.504,
   17,       40.8,    180.873,     351.904,    352.288,
   18,       43.3,    180.896,     357.389,    358.850,
   19,       45.8,    180.869,     363.798,    365.186,
   20,       48.3,    180.922,     370.879,    371.298,
   21,       50.8,    180.981,     377.387,    377.188,
   22,       53.3,    180.940,     385.210,    382.856,
   23,       55.8,    181.045,     389.130,    388.306,
   24,       58.3,    180.955,     394.020,    393.540,
   25,       60.8,    181.030,     399.381,    398.563,
   26,       63.3,    181.015,     404.662,    403.378,
   27,       65.8,    180.993,     408.028,    407.991,
   28,       68.3,    180.996,     412.992,    412.406,
   29,       70.8,    180.948,     417.247,    416.628,
   30,       73.3,    180.970,     420.787,    420.663,
   31,       75.8,    180.952,     426.357,    424.515,
   32,       78.3,    180.978,     430.716,    428.191,
   33,       80.8,    180.940,     433.292,    431.696,
   34,       83.3,    181.019,     436.971,    435.035,
   35,       85.8,    180.974,     439.290,    438.215,
   36,       88.3,    181.037,     440.517,    441.239,
   37,       90.8,    181.034,     443.840,    444.115,
   38,       93.3,    181.045,     446.574,    446.846,
   39,       95.8,    180.985,     448.932,    449.440,
   40,       98.3,    180.970,     452.008,    451.900,
   41,      100.8,    180.925,     453.225,    454.232,
   42,      103.3,    180.925,     455.989,    456.440,
   43,      105.8,    180.940,     459.544,    458.530,
   44,      108.3,    180.974,     458.906,    460.505,
   45,      110.8,    181.060,     461.173,    462.370,
   46,      113.3,    181.041,     463.154,    464.131,
   47,      115.8,    181.019,     464.593,    465.791,
   48,      118.3,    181.045,     465.906,    467.355,
   49,      120.8,    180.981,     468.280,    468.828,
   50,      123.3,    180.993,     468.527,    470.212,
   51,      125.8,    180.933,     471.169,    471.513,
   52,      128.3,    181.015,     472.613,    472.731,
   53,      130.8,    181.056,     473.334,    473.872,
   54,      133.3,    180.974,     474.930,    474.939,
   55,      135.8,    180.918,     475.354,    475.938,
   56,      138.3,    181.034,     476.154,    476.866,
   57,      140.8,    181.034,     476.154,    477.731,
   58,      143.3,    181.011,     477.871,    478.534,
   59,      145.8,    181.052,     478.591,    479.279,
   60,      148.3,    180.981,     478.502,    479.968,
   61,      150.8,    181.011,     479.804,    480.604,
   62,      153.3,    180.985,     481.531,    481.189,
   63,      155.8,    181.011,     481.185,    481.725,
   64,      158.3,    180.996,     482.883,    482.216,
   65,      160.8,    180.937,     483.318,    482.663,
   66,      163.3,    181.011,     484.224,    483.067,
   67,      165.8,    180.952,     483.831,    483.433,
   68,      168.3,    181.056,     486.313,    483.758,
   69,      170.8,    181.064,     485.189,    484.048,
   70,      175.8,    179.958,     487.176,    487.098,
----,
DateTime:        , 2025/11/20, 15:52:30, 1763668350173,
RFID_EPC:        ,--Not Acquired--,
RFID_UserData:   ,--Not Acquired--,
Barcode:         ,--Not Acquired--,
PIF:,            0.00,
PARs:,            0.0,     0.0,     0.0,     0.0,     0.0,     0.0,
Light:,           0.0,     0.0,     0.0,     0.0,     0.0,     0.0,
Cycles:,            1,
                    1,      69,      70,      70,
Lamps:,        #10000,
Gain:,              2,     100, 
SNR_raw:,     394.56,
Position:,        0.0,              0.0,   NoData,
DataPt,      Time(us),   EX,         EM,       Fit,
==========,==========,==========,==========,=========,
    0,        0.0,      0.000,       0.000,    219.082,
    1,        0.8,    161.766,     221.307,    225.907,
    2,        3.3,    180.680,     235.225,    233.850,
    3,        5.8,    180.673,     247.685,    242.064,
    4,        8.3,    180.695,     254.572,    250.454,
    5,       10.8,    180.762,     261.670,    258.944,
    6,       13.3,    180.833,     267.097,    267.468,
    7,       15.8,    180.729,     274.721,    275.968,
    8,       18.3,    180.766,     283.239,    284.402,
    9,       20.8,    180.785,     290.677,    292.734,
   10,       23.3,    180.848,     298.316,    300.936,
   11,       25.8,    180.871,     306.573,    308.983,
   12,       28.3,    180.886,     314.840,    316.853,
   13,       30.8,    180.987,     322.676,    324.536,
   14,       33.3,    180.960,     330.459,    332.015,
   15,       35.8,    180.912,     337.181,    339.280,
   16,       38.3,    180.863,     346.118,    346.326,
   17,       40.8,    180.927,     351.800,    353.150,
   18,       43.3,    180.908,     359.575,    359.748,
   19,       45.8,    180.893,     366.238,    366.118,
   20,       48.3,    180.938,     371.951,    372.262,
   21,       50.8,    180.975,     378.505,    378.181,
   22,       53.3,    181.020,     384.488,    383.876,
   23,       55.8,    181.009,     390.036,    389.349,
   24,       58.3,    180.949,     396.520,    394.604,
   25,       60.8,    180.998,     400.005,    399.646,
   26,       63.3,    180.897,     406.033,    404.476,
   27,       65.8,    180.953,     410.880,    409.102,
   28,       68.3,    181.013,     414.888,    413.527,
   29,       70.8,    180.927,     419.230,    417.758,
   30,       73.3,    180.927,     423.376,    421.798,
   31,       75.8,    181.016,     427.033,    425.654,
   32,       78.3,    180.957,     429.937,    429.332,
   33,       80.8,    181.001,     433.698,    432.836,
   34,       83.3,    181.016,     436.977,    436.173,
   35,       85.8,    180.972,     440.124,    439.348,
   36,       88.3,    181.061,     443.220,    442.366,
   37,       90.8,    181.084,     445.927,    445.234,
   38,       93.3,    180.953,     448.183,    447.957,
   39,       95.8,    180.916,     450.210,    450.539,
   40,       98.3,    180.916,     452.697,    452.987,
   41,      100.8,    180.942,     453.737,    455.305,
   42,      103.3,    180.983,     457.226,    457.498,
   43,      105.8,    181.001,     458.836,    459.571,
   44,      108.3,    181.035,     460.684,    461.530,
   45,      110.8,    180.987,     461.637,    463.379,
   46,      113.3,    181.013,     464.056,    465.122,
   47,      115.8,    181.024,     466.237,    466.765,
   48,      118.3,    181.005,     466.009,    468.310,
   49,      120.8,    180.949,     468.640,    469.764,
   50,      123.3,    181.001,     469.886,    471.129,
   51,      125.8,    180.979,     470.773,    472.409,
   52,      128.3,    180.987,     471.858,    473.608,
   53,      130.8,    180.994,     474.601,    474.730,
   54,      133.3,    180.998,     475.420,    475.778,
   55,      135.8,    180.975,     476.861,    476.756,
   56,      138.3,    181.031,     476.437,    477.666,
   57,      140.8,    180.968,     478.538,    478.513,
   58,      143.3,    180.983,     478.775,    479.299,
   59,      145.8,    181.039,     479.731,    480.025,
   60,      148.3,    180.953,     481.064,    480.698,
   61,      150.8,    180.942,     481.371,    481.318,
   62,      153.3,    180.964,     482.416,    481.886,
   63,      155.8,    180.994,     482.336,    482.407,
   64,      158.3,    181.110,     483.408,    482.881,
   65,      160.8,    181.020,     484.753,    483.312,
   66,      163.3,    181.061,     484.367,    483.702,
   67,      165.8,    181.061,     484.919,    484.053,
   68,      168.3,    181.013,     485.049,    484.368,
   69,      170.8,    181.031,     486.656,    484.647,
   70,      175.8,    179.918,     487.223,    487.203,
----,
DateTime:        , 2025/11/20, 15:52:32, 1763668351854,
RFID_EPC:        ,--Not Acquired--,
RFID_UserData:   ,--Not Acquired--,
Barcode:         ,--Not Acquired--,
PIF:,            0.00,
PARs:,            0.0,     0.0,     0.0,     0.0,     0.0,     0.0,
Light:,           0.0,     0.0,     0.0,     0.0,     0.0,     0.0,
Cycles:,            1,
                    1,      69,      70,      70,
Lamps:,        #10000,
Gain:,              2,     100, 
SNR_raw:,     373.89,
Position:,        0.0,              0.0,   NoData,
DataPt,      Time(us),   EX,         EM,       Fit,
==========,==========,==========,==========,=========,
    0,        0.0,      0.000,       0.000,    218.257,
    1,        0.8,    161.852,     219.954,    225.298,
    2,        3.3,    180.637,     234.002,    233.353,
    3,        5.8,    180.666,     246.587,    241.570,
    4,        8.3,    180.749,     254.220,    249.892,
    5,       10.8,    180.767,     261.386,    258.264,
    6,       13.3,    180.793,     266.326,    266.640,
    7,       15.8,    180.737,     273.325,    274.981,
    8,       18.3,    180.850,     281.449,    283.259,
    9,       20.8,    180.820,     289.792,    291.441,
   10,       23.3,    180.868,     297.454,    299.508,
   11,       25.8,    180.876,     306.288,    307.438,
   12,       28.3,    180.902,     312.600,    315.214,
   13,       30.8,    180.838,     320.176,    322.820,
   14,       33.3,    180.876,     328.955,    330.248,
   15,       35.8,    180.853,     336.737,    337.485,
   16,       38.3,    180.894,     343.847,    344.527,
   17,       40.8,    180.823,     350.895,    351.364,
   18,       43.3,    180.928,     357.877,    357.996,
   19,       45.8,    180.924,     365.623,    364.418,
   20,       48.3,    180.909,     371.457,    370.628,
   21,       50.8,    180.991,     377.642,    376.626,
   22,       53.3,    180.935,     383.562,    382.409,
   23,       55.8,    181.018,     389.189,    387.981,
   24,       58.3,    180.917,     393.828,    393.340,
   25,       60.8,    180.962,     399.256,    398.490,
   26,       63.3,    180.913,     405.167,    403.433,
   27,       65.8,    180.898,     409.623,    408.172,
   28,       68.3,    180.902,     413.760,    412.712,
   29,       70.8,    180.999,     417.958,    417.057,
   30,       73.3,    180.988,     422.681,    421.210,
   31,       75.8,    181.033,     426.443,    425.176,
   32,       78.3,    181.036,     429.472,    428.960,
   33,       80.8,    181.006,     432.029,    432.566,
   34,       83.3,    181.010,     436.163,    435.999,
   35,       85.8,    181.040,     439.129,    439.265,
   36,       88.3,    180.958,     442.368,    442.368,
   37,       90.8,    180.962,     444.846,    445.313,
   38,       93.3,    180.980,     447.563,    448.107,
   39,       95.8,    180.980,     450.325,    450.754,
   40,       98.3,    180.962,     452.582,    453.259,
   41,      100.8,    181.014,     454.385,    455.629,
   42,      103.3,    181.029,     457.662,    457.868,
   43,      105.8,    180.973,     460.290,    459.980,
   44,      108.3,    181.003,     460.214,    461.972,
   45,      110.8,    181.018,     462.938,    463.848,
   46,      113.3,    181.048,     463.414,    465.612,
   47,      115.8,    181.059,     466.147,    467.270,
   48,      118.3,    180.999,     467.406,    468.825,
   49,      120.8,    180.988,     470.198,    470.283,
   50,      123.3,    180.928,     471.182,    471.647,
   51,      125.8,    180.980,     470.770,    472.922,
   52,      128.3,    180.988,     473.513,    474.112,
   53,      130.8,    181.003,     474.026,    475.221,
   54,      133.3,    180.958,     476.078,    476.252,
   55,      135.8,    181.077,     476.039,    477.210,
   56,      138.3,    181.059,     476.917,    478.097,
   57,      140.8,    181.036,     478.909,    478.917,
   58,      143.3,    180.954,     479.127,    479.674,
   59,      145.8,    181.044,     479.994,    480.370,
   60,      148.3,    181.010,     480.360,    481.008,
   61,      150.8,    180.947,     481.910,    481.592,
   62,      153.3,    180.973,     483.498,    482.124,
   63,      155.8,    181.066,     482.972,    482.606,
   64,      158.3,    181.014,     483.388,    483.041,
   65,      160.8,    181.107,     484.519,    483.432,
   66,      163.3,    181.044,     485.242,    483.781,
   67,      165.8,    180.932,     486.371,    484.091,
   68,      168.3,    180.977,     486.527,    484.362,
   69,      170.8,    180.999,     486.743,    484.598,
   70,      175.8,    179.923,     485.210,    485.562,
----,
DateTime:        , 2025/11/20, 15:52:33, 1763668353539,
RFID_EPC:        ,--Not Acquired--,
RFID_UserData:   ,--Not Acquired--,
Barcode:         ,--Not Acquired--,
PIF:,            0.00,
PARs:,            0.0,     0.0,     0.0,     0.0,     0.0,     0.0,
Light:,           0.0,     0.0,     0.0,     0.0,     0.0,     0.0,
Cycles:,            1,
                    1,      69,      70,      70,
Lamps:,        #10000,
Gain:,              2,     100, 
SNR_raw:,     345.22,
Position:,        0.0,              0.0,   NoData,
DataPt,      Time(us),   EX,         EM,       Fit,
==========,==========,==========,==========,=========,
    0,        0.0,      0.000,       0.000,    219.138,
    1,        0.8,    161.840,     221.824,    225.910,
    2,        3.3,    180.668,     235.018,    233.781,
    3,        5.8,    180.687,     246.836,    241.916,
    4,        8.3,    180.735,     253.686,    250.225,
    5,       10.8,    180.728,     262.273,    258.628,
    6,       13.3,    180.780,     266.899,    267.064,
    7,       15.8,    180.788,     274.078,    275.480,
    8,       18.3,    180.825,     282.870,    283.833,
    9,       20.8,    180.859,     290.005,    292.088,
   10,       23.3,    180.866,     298.010,    300.213,
   11,       25.8,    180.904,     305.135,    308.187,
   12,       28.3,    180.870,     314.591,    315.989,
   13,       30.8,    180.848,     321.818,    323.603,
   14,       33.3,    180.978,     330.979,    331.023,
   15,       35.8,    180.937,     337.963,    338.234,
   16,       38.3,    180.900,     345.495,    345.231,
   17,       40.8,    180.900,     351.852,    352.010,
   18,       43.3,    180.877,     359.083,    358.568,
   19,       45.8,    180.971,     364.976,    364.905,
   20,       48.3,    180.930,     371.139,    371.019,
   21,       50.8,    180.993,     377.638,    376.913,
   22,       53.3,    180.963,     383.227,    382.587,
   23,       55.8,    181.008,     390.038,    388.046,
   24,       58.3,    180.993,     393.661,    393.290,
   25,       60.8,    180.937,     399.862,    398.324,
   26,       63.3,    180.922,     404.041,    403.153,
   27,       65.8,    180.919,     409.577,    407.780,
   28,       68.3,    180.945,     413.110,    412.210,
   29,       70.8,    180.941,     417.816,    416.449,
   30,       73.3,    181.004,     421.260,    420.503,
   31,       75.8,    181.046,     426.412,    424.375,
   32,       78.3,    181.034,     428.096,    428.071,
   33,       80.8,    180.963,     433.513,    431.598,
   34,       83.3,    181.027,     436.123,    434.959,
   35,       85.8,    180.960,     438.219,    438.161,
   36,       88.3,    181.034,     442.458,    441.208,
   37,       90.8,    180.930,     443.819,    444.107,
   38,       93.3,    180.933,     447.126,    446.862,
   39,       95.8,    180.956,     449.833,    449.478,
   40,       98.3,    180.855,     451.743,    451.962,
   41,      100.8,    180.978,     452.817,    454.317,
   42,      103.3,    180.986,     456.666,    456.548,
   43,      105.8,    180.948,     458.142,    458.661,
   44,      108.3,    181.001,     460.219,    460.660,
   45,      110.8,    181.057,     461.181,    462.549,
   46,      113.3,    181.008,     464.067,    464.334,
   47,      115.8,    181.016,     464.601,    466.018,
   48,      118.3,    181.001,     467.125,    467.606,
   49,      120.8,    180.960,     468.060,    469.102,
   50,      123.3,    180.952,     468.632,    470.510,
   51,      125.8,    180.870,     470.227,    471.833,
   52,      128.3,    180.978,     471.051,    473.075,
   53,      130.8,    181.042,     473.648,    474.238,
   54,      133.3,    181.012,     473.726,    475.328,
   55,      135.8,    181.019,     476.192,    476.347,
   56,      138.3,    180.993,     477.918,    477.299,
   57,      140.8,    181.027,     477.553,    478.186,
   58,      143.3,    181.031,     478.648,    479.012,
   59,      145.8,    180.978,     479.892,    479.779,
   60,      148.3,    180.997,     480.671,    480.490,
   61,      150.8,    181.019,     481.440,    481.148,
   62,      153.3,    180.975,     482.112,    481.755,
   63,      155.8,    180.997,     483.157,    482.313,
   64,      158.3,    181.042,     483.590,    482.824,
   65,      160.8,    181.046,     483.580,    483.292,
   66,      163.3,    181.034,     485.267,    483.717,
   67,      165.8,    181.004,     485.623,    484.103,
   68,      168.3,    180.989,     485.387,    484.451,
   69,      170.8,    181.034,     487.200,    484.763,
   70,      175.8,    179.951,     487.487,    487.439,
----,
DateTime:        , 2025/11/20, 15:52:35, 1763668355233,
RFID_EPC:        ,--Not Acquired--,
RFID_UserData:   ,--Not Acquired--,
Barcode:         ,--Not Acquired--,
PIF:,            0.00,
PARs:,            0.0,     0.0,     0.0,     0.0,     0.0,     0.0,
Light:,           0.0,     0.0,     0.0,     0.0,     0.0,     0.0,
Cycles:,            1,
                    1,      69,      70,      70,
Lamps:,        #10000,
Gain:,              2,     100, 
SNR_raw:,     287.22,
Position:,        0.0,              0.0,   NoData,
DataPt,      Time(us),   EX,         EM,       Fit,
==========,==========,==========,==========,=========,
    0,        0.0,      0.000,       0.000,    219.249,
    1,        0.8,    161.778,     221.291,    226.204,
    2,        3.3,    180.625,     234.911,    234.213,
    3,        5.8,    180.692,     247.105,    242.431,
    4,        8.3,    180.726,     254.529,    250.779,
    5,       10.8,    180.819,     261.587,    259.194,
    6,       13.3,    180.831,     266.824,    267.619,
    7,       15.8,    180.905,     274.177,    276.009,
    8,       18.3,    180.845,     282.285,    284.323,
    9,       20.8,    180.823,     290.616,    292.529,
   10,       23.3,    180.812,     298.930,    300.601,
   11,       25.8,    180.842,     305.516,    308.521,
   12,       28.3,    180.834,     314.376,    316.268,
   13,       30.8,    180.864,     322.065,    323.829,
   14,       33.3,    180.913,     328.059,    331.196,
   15,       35.8,    180.887,     336.675,    338.356,
   16,       38.3,    180.905,     344.379,    345.306,
   17,       40.8,    180.984,     351.137,    352.042,
   18,       43.3,    180.954,     358.102,    358.559,
   19,       45.8,    180.905,     365.661,    364.855,
   20,       48.3,    180.849,     370.474,    370.932,
   21,       50.8,    180.819,     377.449,    376.789,
   22,       53.3,    180.931,     382.189,    382.431,
   23,       55.8,    180.894,     390.007,    387.858,
   24,       58.3,    181.051,     394.917,    393.076,
   25,       60.8,    180.950,     399.005,    398.086,
   26,       63.3,    180.991,     403.887,    402.892,
   27,       65.8,    180.961,     410.032,    407.499,
   28,       68.3,    180.965,     412.787,    411.912,
   29,       70.8,    180.943,     417.812,    416.135,
   30,       73.3,    180.991,     422.120,    420.174,
   31,       75.8,    180.958,     424.133,    424.034,
   32,       78.3,    180.991,     428.750,    427.720,
   33,       80.8,    180.965,     431.023,    431.237,
   34,       83.3,    180.972,     434.320,    434.590,
   35,       85.8,    180.928,     437.744,    437.786,
   36,       88.3,    180.943,     441.853,    440.829,
   37,       90.8,    180.969,     443.999,    443.724,
   38,       93.3,    181.002,     447.232,    446.477,
   39,       95.8,    180.987,     448.374,    449.093,
   40,       98.3,    181.055,     451.521,    451.577,
   41,      100.8,    180.987,     453.623,    453.934,
   42,      103.3,    180.980,     455.023,    456.169,
   43,      105.8,    180.950,     457.861,    458.286,
   44,      108.3,    180.961,     460.043,    460.291,
   45,      110.8,    180.939,     460.653,    462.187,
   46,      113.3,    180.950,     462.559,    463.979,
   47,      115.8,    180.965,     465.560,    465.671,
   48,      118.3,    181.062,     466.967,    467.267,
   49,      120.8,    181.040,     466.748,    468.771,
   50,      123.3,    181.073,     469.423,    470.188,
   51,      125.8,    181.062,     470.281,    471.521,
   52,      128.3,    181.036,     472.558,    472.773,
   53,      130.8,    180.999,     472.932,    473.950,
   54,      133.3,    181.017,     474.264,    475.052,
   55,      135.8,    180.987,     474.895,    476.085,
   56,      138.3,    180.999,     476.247,    477.050,
   57,      140.8,    180.939,     477.233,    477.952,
   58,      143.3,    181.006,     477.608,    478.791,
   59,      145.8,    181.077,     479.078,    479.571,
   60,      148.3,    181.014,     480.627,    480.297,
   61,      150.8,    181.066,     480.212,    480.968,
   62,      153.3,    181.014,     481.732,    481.589,
   63,      155.8,    181.077,     482.944,    482.162,
   64,      158.3,    181.040,     483.043,    482.688,
   65,      160.8,    181.032,     484.720,    483.171,
   66,      163.3,    180.972,     483.223,    483.613,
   67,      165.8,    181.002,     484.524,    484.014,
   68,      168.3,    180.991,     485.107,    484.378,
   69,      170.8,    180.995,     486.754,    484.705,
   70,      175.8,    179.908,     487.670,    487.504,
----,
DateTime:        , 2025/11/20, 15:52:37, 1763668356935,
RFID_EPC:        ,--Not Acquired--,
RFID_UserData:   ,--Not Acquired--,
Barcode:         ,--Not Acquired--,
PIF:,            0.00,
PARs:,            0.0,     0.0,     0.0,     0.0,     0.0,     0.0,
Light:,           0.0,     0.0,     0.0,     0.0,     0.0,     0.0,
Cycles:,            1,
                    1,      69,      70,      70,
Lamps:,        #10000,
Gain:,              2,     100, 
SNR_raw:,     351.65,
Position:,        0.0,              0.0,   NoData,
DataPt,      Time(us),   EX,         EM,       Fit,
==========,==========,==========,==========,=========,
    0,        0.0,      0.000,       0.000,    218.207,
    1,        0.8,    161.605,     221.837,    225.312,
    2,        3.3,    180.650,     235.430,    233.443,
    3,        5.8,    180.747,     247.583,    241.733,
    4,        8.3,    180.774,     254.462,    250.117,
    5,       10.8,    180.777,     261.095,    258.539,
    6,       13.3,    180.815,     266.571,    266.955,
    7,       15.8,    180.714,     275.850,    275.321,
    8,       18.3,    180.736,     283.286,    283.609,
    9,       20.8,    180.830,     289.775,    291.794,
   10,       23.3,    180.833,     296.958,    299.849,
   11,       25.8,    180.856,     305.492,    307.756,
   12,       28.3,    180.886,     313.734,    315.498,
   13,       30.8,    180.919,     321.690,    323.063,
   14,       33.3,    180.919,     328.876,    330.439,
   15,       35.8,    180.931,     337.146,    337.617,
   16,       38.3,    180.874,     343.332,    344.590,
   17,       40.8,    180.878,     351.618,    351.355,
   18,       43.3,    180.867,     357.998,    357.907,
   19,       45.8,    180.897,     363.743,    364.246,
   20,       48.3,    180.923,     369.494,    370.370,
   21,       50.8,    180.949,     377.178,    376.280,
   22,       53.3,    180.938,     382.728,    381.977,
   23,       55.8,    180.957,     389.320,    387.461,
   24,       58.3,    180.927,     393.806,    392.735,
   25,       60.8,    180.934,     398.487,    397.802,
   26,       63.3,    180.942,     403.997,    402.666,
   27,       65.8,    180.979,     409.163,    407.330,
   28,       68.3,    181.039,     412.619,    411.799,
   29,       70.8,    180.938,     416.717,    416.076,
   30,       73.3,    180.916,     420.362,    420.166,
   31,       75.8,    180.972,     424.929,    424.074,
   32,       78.3,    180.889,     428.162,    427.805,
   33,       80.8,    180.987,     431.800,    431.364,
   34,       83.3,    180.968,     436.542,    434.756,
   35,       85.8,    181.069,     438.507,    437.988,
   36,       88.3,    181.039,     442.170,    441.062,
   37,       90.8,    181.087,     443.432,    443.986,
   38,       93.3,    181.005,     445.567,    446.763,
   39,       95.8,    180.979,     449.499,    449.399,
   40,       98.3,    181.005,     451.921,    451.900,
   41,      100.8,    181.016,     454.379,    454.269,
   42,      103.3,    181.009,     456.055,    456.512,
   43,      105.8,    180.923,     457.100,    458.634,
   44,      108.3,    181.013,     459.636,    460.640,
   45,      110.8,    180.987,     461.084,    462.533,
   46,      113.3,    181.031,     462.627,    464.320,
   47,      115.8,    181.031,     464.284,    466.003,
   48,      118.3,    181.035,     466.208,    467.588,
   49,      120.8,    181.065,     467.788,    469.079,
   50,      123.3,    181.002,     469.609,    470.480,
   51,      125.8,    181.016,     470.123,    471.794,
   52,      128.3,    181.046,     471.979,    473.025,
   53,      130.8,    180.953,     472.222,    474.177,
   54,      133.3,    181.013,     474.276,    475.254,
   55,      135.8,    180.953,     476.091,    476.259,
   56,      138.3,    181.002,     476.515,    477.195,
   57,      140.8,    181.031,     476.989,    478.065,
   58,      143.3,    180.983,     479.051,    478.873,
   59,      145.8,    181.046,     479.159,    479.621,
   60,      148.3,    181.028,     480.313,    480.312,
   61,      150.8,    181.080,     480.451,    480.949,
   62,      153.3,    180.931,     480.571,    481.536,
   63,      155.8,    181.039,     482.769,    482.072,
   64,      158.3,    180.994,     484.546,    482.562,
   65,      160.8,    181.005,     483.135,    483.008,
   66,      163.3,    180.923,     485.289,    483.412,
   67,      165.8,    180.964,     484.903,    483.776,
   68,      168.3,    181.031,     486.656,    484.100,
   69,      170.8,    181.084,     486.791,    484.389,
   70,      175.8,    180.015,     486.132,    486.111,
----,
DateTime:        , 2025/11/20, 15:52:38, 1763668358642,
RFID_EPC:        ,--Not Acquired--,
RFID_UserData:   ,--Not Acquired--,
Barcode:         ,--Not Acquired--,
PIF:,            0.00,
PARs:,            0.0,     0.0,     0.0,     0.0,     0.0,     0.0,
Light:,           0.0,     0.0,     0.0,     0.0,     0.0,     0.0,
Cycles:,            1,
                    1,      69,      70,      70,
Lamps:,        #10000,
Gain:,              2,     100, 
SNR_raw:,     272.25,
Position:,        0.0,              0.0,   NoData,
DataPt,      Time(us),   EX,         EM,       Fit,
==========,==========,==========,==========,=========,
    0,        0.0,      0.000,       0.000,    219.794,
    1,        0.8,    161.743,     221.030,    226.392,
    2,        3.3,    180.658,     235.094,    234.088,
    3,        5.8,    180.673,     247.685,    242.068,
    4,        8.3,    180.688,     254.583,    250.241,
    5,       10.8,    180.710,     260.638,    258.532,
    6,       13.3,    180.807,     266.029,    266.880,
    7,       15.8,    180.785,     272.976,    275.227,
    8,       18.3,    180.804,     282.904,    283.530,
    9,       20.8,    180.875,     289.703,    291.754,
   10,       23.3,    180.804,     297.284,    299.863,
   11,       25.8,    180.800,     305.310,    307.833,
   12,       28.3,    180.837,     314.924,    315.645,
   13,       30.8,    180.871,     320.947,    323.282,
   14,       33.3,    180.916,     328.882,    330.730,
   15,       35.8,    180.923,     335.778,    337.978,
   16,       38.3,    180.908,     344.097,    345.018,
   17,       40.8,    180.949,     351.203,    351.845,
   18,       43.3,    180.890,     357.677,    358.452,
   19,       45.8,    180.923,     365.348,    364.840,
   20,       48.3,    180.890,     372.603,    371.005,
   21,       50.8,    180.990,     378.197,    376.950,
   22,       53.3,    180.871,     383.146,    382.673,
   23,       55.8,    180.882,     389.757,    388.178,
   24,       58.3,    180.946,     394.594,    393.468,
   25,       60.8,    180.878,     399.163,    398.544,
   26,       63.3,    181.009,     404.399,    403.413,
   27,       65.8,    180.908,     409.600,    408.076,
   28,       68.3,    181.061,     414.500,    412.540,
   29,       70.8,    180.979,     417.451,    416.809,
   30,       73.3,    180.987,     422.959,    420.887,
   31,       75.8,    181.047,     426.410,    424.780,
   32,       78.3,    180.987,     428.761,    428.494,
   33,       80.8,    180.949,     433.270,    432.033,
   34,       83.3,    180.990,     435.935,    435.403,
   35,       85.8,    180.908,     438.620,    438.610,
   36,       88.3,    180.968,     442.067,    441.659,
   37,       90.8,    180.964,     444.839,    444.555,
   38,       93.3,    180.931,     447.409,    447.304,
   39,       95.8,    181.058,     449.580,    449.912,
   40,       98.3,    181.002,     451.653,    452.383,
   41,      100.8,    181.069,     453.418,    454.723,
   42,      103.3,    181.076,     456.989,    456.937,
   43,      105.8,    181.091,     458.332,    459.029,
   44,      108.3,    181.032,     461.246,    461.007,
   45,      110.8,    180.987,     461.636,    462.873,
   46,      113.3,    180.976,     463.322,    464.632,
   47,      115.8,    180.957,     466.686,    466.289,
   48,      118.3,    180.931,     467.582,    467.848,
   49,      120.8,    180.979,     468.009,    469.312,
   50,      123.3,    181.065,     468.892,    470.686,
   51,      125.8,    180.987,     471.305,    471.975,
   52,      128.3,    181.032,     472.293,    473.182,
   53,      130.8,    181.039,     473.655,    474.310,
   54,      133.3,    181.065,     473.586,    475.364,
   55,      135.8,    181.028,     476.170,    476.347,
   56,      138.3,    180.934,     477.521,    477.263,
   57,      140.8,    180.998,     478.182,    478.113,
   58,      143.3,    181.069,     478.823,    478.900,
   59,      145.8,    180.976,     479.347,    479.630,
   60,      148.3,    180.994,     480.955,    480.303,
   61,      150.8,    180.949,     481.074,    480.924,
   62,      153.3,    181.032,     481.960,    481.493,
   63,      155.8,    181.013,     482.010,    482.013,
   64,      158.3,    181.061,     484.090,    482.487,
   65,      160.8,    181.073,     482.679,    482.917,
   66,      163.3,    181.017,     483.933,    483.307,
   67,      165.8,    180.998,     485.917,    483.657,
   68,      168.3,    180.968,     485.445,    483.970,
   69,      170.8,    181.061,     486.023,    484.246,
   70,      175.8,    179.974,     487.174,    487.116,
----,
DateTime:        , 2025/11/20, 15:52:40, 1763668360357,
RFID_EPC:        ,--Not Acquired--,
RFID_UserData:   ,--Not Acquired--,
Barcode:         ,--Not Acquired--,
PIF:,            0.00,
PARs:,            0.0,     0.0,     0.0,     0.0,     0.0,     0.0,
Light:,           0.0,     0.0,     0.0,     0.0,     0.0,     0.0,
Cycles:,            1,
                    1,      69,      70,      70,
Lamps:,        #10000,
Gain:,              2,     100, 
SNR_raw:,     293.83,
Position:,        0.0,              0.0,   NoData,
DataPt,      Time(us),   EX,         EM,       Fit,
==========,==========,==========,==========,=========,
    0,        0.0,      0.000,       0.000,    218.993,
    1,        0.8,    161.742,     221.031,    225.637,
    2,        3.3,    180.650,     234.183,    233.416,
    3,        5.8,    180.725,     245.954,    241.501,
    4,        8.3,    180.773,     254.186,    249.789,
    5,       10.8,    180.777,     260.265,    258.193,
    6,       13.3,    180.863,     267.606,    266.648,
    7,       15.8,    180.751,     274.687,    275.090,
    8,       18.3,    180.759,     281.591,    283.474,
    9,       20.8,    180.717,     288.849,    291.762,
   10,       23.3,    180.822,     298.083,    299.927,
   11,       25.8,    180.830,     306.089,    307.940,
   12,       28.3,    180.867,     313.767,    315.783,
   13,       30.8,    180.927,     321.401,    323.440,
   14,       33.3,    180.859,     328.985,    330.896,
   15,       35.8,    180.994,     337.028,    338.146,
   16,       38.3,    180.942,     345.415,    345.179,
   17,       40.8,    180.912,     351.000,    351.990,
   18,       43.3,    180.844,     356.937,    358.577,
   19,       45.8,    180.968,     364.982,    364.941,
   20,       48.3,    180.912,     371.452,    371.079,
   21,       50.8,    180.923,     377.232,    376.993,
   22,       53.3,    180.900,     383.913,    382.684,
   23,       55.8,    181.031,     389.436,    388.157,
   24,       58.3,    180.998,     394.757,    393.414,
   25,       60.8,    180.998,     398.900,    398.458,
   26,       63.3,    180.957,     404.241,    403.293,
   27,       65.8,    181.069,     408.409,    407.925,
   28,       68.3,    180.983,     412.747,    412.357,
   29,       70.8,    180.953,     418.065,    416.595,
   30,       73.3,    180.945,     421.122,    420.644,
   31,       75.8,    180.938,     425.284,    424.509,
   32,       78.3,    180.897,     428.974,    428.196,
   33,       80.8,    180.930,     433.316,    431.711,
   34,       83.3,    180.960,     436.836,    435.058,
   35,       85.8,    181.009,     440.586,    438.244,
   36,       88.3,    181.016,     442.225,    441.274,
   37,       90.8,    180.930,     445.475,    444.153,
   38,       93.3,    181.091,     447.289,    446.887,
   39,       95.8,    181.035,     448.532,    449.482,
   40,       98.3,    181.016,     451.893,    451.941,
   41,      100.8,    180.949,     453.443,    454.272,
   42,      103.3,    180.915,     456.291,    456.478,
   43,      105.8,    180.923,     458.206,    458.564,
   44,      108.3,    180.923,     459.864,    460.535,
   45,      110.8,    181.024,     461.265,    462.396,
   46,      113.3,    181.042,     464.256,    464.150,
   47,      115.8,    181.016,     464.323,    465.804,
   48,      118.3,    180.998,     465.752,    467.361,
   49,      120.8,    181.028,     466.780,    468.825,
   50,      123.3,    181.099,     468.253,    470.200,
   51,      125.8,    180.968,     469.421,    471.491,
   52,      128.3,    181.042,     471.436,    472.701,
   53,      130.8,    181.024,     473.418,    473.833,
   54,      133.3,    180.957,     473.871,    474.891,
   55,      135.8,    180.990,     475.164,    475.878,
   56,      138.3,    180.998,     476.526,    476.798,
   57,      140.8,    181.005,     476.230,    477.653,
   58,      143.3,    180.983,     477.670,    478.447,
   59,      145.8,    181.009,     480.363,    479.182,
   60,      148.3,    180.994,     479.850,    479.862,
   61,      150.8,    181.046,     480.540,    480.487,
   62,      153.3,    180.990,     481.794,    481.063,
   63,      155.8,    181.016,     482.553,    481.590,
   64,      158.3,    181.001,     483.146,    482.072,
   65,      160.8,    181.031,     483.342,    482.510,
   66,      163.3,    180.938,     484.420,    482.907,
   67,      165.8,    181.016,     484.487,    483.264,
   68,      168.3,    180.990,     486.214,    483.583,
   69,      170.8,    181.057,     485.205,    483.866,
   70,      175.8,    180.015,     486.251,    486.408,
----,
DateTime:        , 2025/11/20, 15:52:42, 1763668362043,
RFID_EPC:        ,--Not Acquired--,
RFID_UserData:   ,--Not Acquired--,
Barcode:         ,--Not Acquired--,
PIF:,            0.00,
PARs:,            0.0,     0.0,     0.0,     0.0,     0.0,     0.0,
Light:,           0.0,     0.0,     0.0,     0.0,     0.0,     0.0,
Cycles:,            1,
                    1,      69,      70,      70,
Lamps:,        #10000,
Gain:,              2,     100, 
SNR_raw:,     260.18,
Position:,        0.0,              0.0,   NoData,
DataPt,      Time(us),   EX,         EM,       Fit,
==========,==========,==========,==========,=========,
    0,        0.0,      0.000,       0.000,    219.265,
    1,        0.8,    161.710,     221.385,    225.705,
    2,        3.3,    180.594,     235.069,    233.363,
    3,        5.8,    180.743,     247.312,    241.415,
    4,        8.3,    180.725,     253.424,    249.723,
    5,       10.8,    180.803,     260.781,    258.181,
    6,       13.3,    180.822,     265.731,    266.702,
    7,       15.8,    180.792,     274.072,    275.215,
    8,       18.3,    180.736,     282.733,    283.666,
    9,       20.8,    180.799,     290.654,    292.014,
   10,       23.3,    180.796,     299.233,    300.224,
   11,       25.8,    180.844,     307.171,    308.270,
   12,       28.3,    180.814,     313.582,    316.130,
   13,       30.8,    180.889,     321.744,    323.792,
   14,       33.3,    180.915,     330.542,    331.243,
   15,       35.8,    180.941,     337.402,    338.475,
   16,       38.3,    180.956,     343.730,    345.482,
   17,       40.8,    180.952,     352.303,    352.261,
   18,       43.3,    180.855,     358.298,    358.809,
   19,       45.8,    180.818,     365.561,    365.128,
   20,       48.3,    180.911,     371.729,    371.219,
   21,       50.8,    180.889,     378.685,    377.085,
   22,       53.3,    180.937,     383.834,    382.728,
   23,       55.8,    180.923,     388.011,    388.153,
   24,       58.3,    181.046,     394.099,    393.363,
   25,       60.8,    180.967,     398.967,    398.364,
   26,       63.3,    180.975,     403.371,    403.159,
   27,       65.8,    180.930,     409.274,    407.754,
   28,       68.3,    180.971,     414.155,    412.154,
   29,       70.8,    181.008,     417.384,    416.365,
   30,       73.3,    181.020,     420.120,    420.392,
   31,       75.8,    180.937,     426.114,    424.241,
   32,       78.3,    180.956,     428.281,    427.916,
   33,       80.8,    180.945,     432.452,    431.425,
   34,       83.3,    180.960,     433.522,    434.771,
   35,       85.8,    181.031,     439.704,    437.961,
   36,       88.3,    180.975,     441.498,    441.001,
   37,       90.8,    181.064,     444.041,    443.894,
   38,       93.3,    180.960,     447.060,    446.648,
   39,       95.8,    181.076,     448.431,    449.266,
   40,       98.3,    181.008,     452.465,    451.755,
   41,      100.8,    180.945,     454.558,    454.118,
   42,      103.3,    180.956,     455.912,    456.361,
   43,      105.8,    180.967,     458.094,    458.488,
   44,      108.3,    181.012,     459.638,    460.502,
   45,      110.8,    180.990,     461.352,    462.411,
   46,      113.3,    181.057,     463.114,    464.215,
   47,      115.8,    181.038,     465.371,    465.922,
   48,      118.3,    181.038,     466.200,    467.535,
   49,      120.8,    181.113,     467.388,    469.056,
   50,      123.3,    181.005,     470.430,    470.492,
   51,      125.8,    181.012,     470.963,    471.845,
   52,      128.3,    181.001,     471.821,    473.118,
   53,      130.8,    180.997,     474.040,    474.315,
   54,      133.3,    180.956,     474.148,    475.439,
   55,      135.8,    180.911,     476.200,    476.494,
   56,      138.3,    181.020,     476.744,    477.481,
   57,      140.8,    181.068,     477.444,    478.403,
   58,      143.3,    181.023,     478.115,    479.265,
   59,      145.8,    181.031,     479.200,    480.068,
   60,      148.3,    181.016,     480.621,    480.817,
   61,      150.8,    181.053,     481.350,    481.511,
   62,      153.3,    181.008,     483.127,    482.156,
   63,      155.8,    181.038,     483.047,    482.752,
   64,      158.3,    180.934,     484.155,    483.303,
   65,      160.8,    180.997,     485.919,    483.809,
   66,      163.3,    180.911,     485.321,    484.274,
   67,      165.8,    181.023,     486.401,    484.696,
   68,      168.3,    181.035,     486.095,    485.081,
   69,      170.8,    181.038,     488.294,    485.429,
   70,      175.8,    180.011,     488.152,    488.402,
----,
DateTime:        , 2025/11/20, 15:52:43, 1763668363753,
RFID_EPC:        ,--Not Acquired--,
RFID_UserData:   ,--Not Acquired--,
Barcode:         ,--Not Acquired--,
PIF:,            0.00,
PARs:,            0.0,     0.0,     0.0,     0.0,     0.0,     0.0,
Light:,           0.0,     0.0,     0.0,     0.0,     0.0,     0.0,
Cycles:,            1,
                    1,      69,      70,      70,
Lamps:,        #10000,
Gain:,              2,     100, 
SNR_raw:,     294.41,
Position:,        0.0,              0.0,   NoData,
DataPt,      Time(us),   EX,         EM,       Fit,
==========,==========,==========,==========,=========,
    0,        0.0,      0.000,       0.000,    216.879,
    1,        0.8,    161.862,     220.558,    224.100,
    2,        3.3,    180.609,     234.324,    232.423,
    3,        5.8,    180.613,     246.661,    240.955,
    4,        8.3,    180.710,     252.892,    249.605,
    5,       10.8,    180.811,     259.664,    258.300,
    6,       13.3,    180.837,     264.050,    266.974,
    7,       15.8,    180.882,     273.936,    275.579,
    8,       18.3,    180.859,     280.882,    284.074,
    9,       20.8,    180.859,     289.452,    292.428,
   10,       23.3,    180.859,     297.469,    300.617,
   11,       25.8,    180.803,     305.304,    308.619,
   12,       28.3,    180.777,     312.816,    316.422,
   13,       30.8,    180.818,     321.870,    324.016,
   14,       33.3,    180.911,     329.443,    331.395,
   15,       35.8,    180.833,     337.328,    338.550,
   16,       38.3,    181.016,     343.892,    345.482,
   17,       40.8,    180.979,     351.146,    352.186,
   18,       43.3,    180.975,     357.784,    358.662,
   19,       45.8,    180.949,     365.020,    364.911,
   20,       48.3,    180.941,     369.733,    370.935,
   21,       50.8,    180.885,     376.758,    376.737,
   22,       53.3,    180.923,     382.484,    382.320,
   23,       55.8,    180.911,     388.588,    387.688,
   24,       58.3,    180.956,     394.847,    392.847,
   25,       60.8,    180.900,     399.668,    397.799,
   26,       63.3,    180.897,     403.822,    402.550,
   27,       65.8,    181.012,     409.364,    407.106,
   28,       68.3,    180.997,     411.332,    411.472,
   29,       70.8,    180.997,     416.581,    415.652,
   30,       73.3,    181.031,     419.265,    419.653,
   31,       75.8,    181.020,     425.092,    423.479,
   32,       78.3,    180.997,     428.183,    427.136,
   33,       80.8,    181.012,     431.738,    430.629,
   34,       83.3,    180.994,     435.098,    433.963,
   35,       85.8,    180.964,     438.486,    437.143,
   36,       88.3,    180.915,     441.367,    440.176,
   37,       90.8,    180.889,     442.813,    443.065,
   38,       93.3,    180.994,     445.872,    445.816,
   39,       95.8,    181.009,     448.597,    448.434,
   40,       98.3,    181.042,     449.619,    450.924,
   41,      100.8,    181.016,     453.827,    453.290,
   42,      103.3,    181.031,     454.894,    455.537,
   43,      105.8,    180.968,     456.988,    457.671,
   44,      108.3,    181.016,     459.351,    459.694,
   45,      110.8,    180.953,     461.171,    461.611,
   46,      113.3,    181.087,     462.761,    463.427,
   47,      115.8,    180.919,     464.849,    465.145,
   48,      118.3,    181.009,     466.552,    466.769,
   49,      120.8,    180.964,     468.878,    468.303,
   50,      123.3,    181.024,     469.552,    469.751,
   51,      125.8,    181.053,     470.027,    471.116,
   52,      128.3,    181.065,     472.483,    472.401,
   53,      130.8,    180.986,     473.241,    473.611,
   54,      133.3,    180.986,     474.069,    474.747,
   55,      135.8,    180.982,     474.908,    475.814,
   56,      138.3,    180.990,     476.546,    476.814,
   57,      140.8,    181.001,     477.898,    477.750,
   58,      143.3,    180.979,     477.957,    478.624,
   59,      145.8,    181.057,     478.302,    479.440,
   60,      148.3,    181.020,     479.782,    480.199,
   61,      150.8,    180.971,     480.463,    480.906,
   62,      153.3,    181.050,     481.636,    481.560,
   63,      155.8,    181.050,     482.464,    482.165,
   64,      158.3,    181.016,     483.935,    482.724,
   65,      160.8,    181.001,     483.699,    483.238,
   66,      163.3,    180.990,     484.281,    483.710,
   67,      165.8,    180.915,     485.863,    484.142,
   68,      168.3,    180.997,     485.642,    484.533,
   69,      170.8,    180.919,     485.853,    484.889,
   70,      175.8,    179.936,     487.272,    487.261,
