----,
DateTime:        , 2025/11/19, 16:38:55, 1763584735581,
RFID_EPC:        ,--Not Acquired--,
RFID_UserData:   ,--Not Acquired--,
Barcode:         ,--Not Acquired--,
PIF:,            0.00,
PARs:,            0.0,     0.0,     0.0,     0.0,     0.0,     0.0,
Light:,           0.0,     0.0,     0.0,     0.0,     0.0,     0.0,
Cycles:,            1,
                    1,      69,      70,      70,
Lamps:,        #10000,
Gain:,              2,      50, 
SNR_raw:,     459.91,
Position:,        0.0,              0.0,   NoData,
DataPt,      Time(us),   EX,         EM,       Fit,
==========,==========,==========,==========,=========,
    0,        0.0,      0.000,       0.000,    139.536,
    1,        0.8,    160.897,     140.152,    145.342,
    2,        3.3,    179.934,     153.320,    152.218,
    3,        5.8,    180.219,     165.077,    159.460,
    4,        8.3,    180.395,     169.905,    166.994,
    5,       10.8,    180.351,     177.986,    174.753,
    6,       13.3,    180.380,     183.501,    182.687,
    7,       15.8,    180.336,     190.755,    190.749,
    8,       18.3,    180.409,     197.883,    198.902,
    9,       20.8,    180.497,     206.097,    207.112,
   10,       23.3,    180.461,     213.343,    215.342,
   11,       25.8,    180.468,     221.646,    223.568,
   12,       28.3,    180.483,     230.493,    231.763,
   13,       30.8,    180.739,     236.253,    239.913,
   14,       33.3,    180.812,     245.836,    247.992,
   15,       35.8,    180.826,     253.558,    255.980,
   16,       38.3,    180.629,     262.417,    263.855,
   17,       40.8,    180.943,     269.421,    271.616,
   18,       43.3,    180.973,     279.324,    279.243,
   19,       45.8,    180.936,     286.013,    286.720,
   20,       48.3,    181.009,     293.631,    294.042,
   21,       50.8,    180.841,     301.923,    301.192,
   22,       53.3,    180.914,     308.986,    308.169,
   23,       55.8,    180.856,     316.274,    314.963,
   24,       58.3,    180.914,     323.634,    321.570,
   25,       60.8,    180.965,     330.174,    327.986,
   26,       63.3,    180.922,     335.781,    334.206,
   27,       65.8,    181.039,     342.745,    340.229,
   28,       68.3,    181.075,     348.198,    346.053,
   29,       70.8,    181.185,     352.954,    351.678,
   30,       73.3,    181.002,     359.112,    357.099,
   31,       75.8,    181.046,     363.996,    362.319,
   32,       78.3,    181.031,     369.549,    367.340,
   33,       80.8,    181.031,     373.692,    372.163,
   34,       83.3,    181.009,     378.434,    376.792,
   35,       85.8,    181.104,     382.100,    381.229,
   36,       88.3,    181.031,     386.121,    385.477,
   37,       90.8,    181.207,     390.162,    389.542,
   38,       93.3,    181.207,     393.473,    393.426,
   39,       95.8,    181.134,     396.392,    397.134,
   40,       98.3,    181.192,     399.852,    400.672,
   41,      100.8,    181.221,     404.477,    404.043,
   42,      103.3,    181.163,     405.436,    407.253,
   43,      105.8,    181.163,     407.644,    410.307,
   44,      108.3,    181.082,     411.415,    413.211,
   45,      110.8,    181.134,     414.335,    415.970,
   46,      113.3,    181.207,     417.479,    418.589,
   47,      115.8,    181.214,     421.049,    421.074,
   48,      118.3,    181.192,     421.652,    423.430,
   49,      120.8,    181.170,     423.911,    425.663,
   50,      123.3,    181.068,     426.360,    427.779,
   51,      125.8,    181.126,     428.154,    429.780,
   52,      128.3,    181.112,     430.121,    431.674,
   53,      130.8,    181.360,     432.013,    433.464,
   54,      133.3,    181.097,     434.297,    435.158,
   55,      135.8,    181.112,     435.367,    436.757,
   56,      138.3,    181.207,     438.725,    438.268,
   57,      140.8,    181.170,     438.538,    439.693,
   58,      143.3,    181.192,     440.692,    441.039,
   59,      145.8,    181.280,     441.582,    442.308,
   60,      148.3,    181.185,     442.918,    443.505,
   61,      150.8,    181.192,     444.280,    444.634,
   62,      153.3,    181.273,     445.737,    445.697,
   63,      155.8,    181.207,     447.831,    446.699,
   64,      158.3,    181.075,     448.709,    447.644,
   65,      160.8,    181.082,     448.415,    448.534,
   66,      163.3,    181.185,     451.197,    449.371,
   67,      165.8,    181.126,     452.999,    450.159,
   68,      168.3,    181.346,     453.002,    450.899,
   69,      170.8,    181.134,     454.085,    451.598,
   70,      175.8,    179.722,     455.426,    454.380,
----,
DateTime:        , 2025/11/19, 16:38:57, 1763584737116,
RFID_EPC:        ,--Not Acquired--,
RFID_UserData:   ,--Not Acquired--,
Barcode:         ,--Not Acquired--,
PIF:,            0.00,
PARs:,            0.0,     0.0,     0.0,     0.0,     0.0,     0.0,
Light:,           0.0,     0.0,     0.0,     0.0,     0.0,     0.0,
Cycles:,            1,
                    1,      69,      70,      70,
Lamps:,        #10000,
Gain:,              2,      50, 
SNR_raw:,     406.51,
Position:,        0.0,              0.0,   NoData,
DataPt,      Time(us),   EX,         EM,       Fit,
==========,==========,==========,==========,=========,
    0,        0.0,      0.000,       0.000,    163.706,
    1,        0.8,    161.192,     164.090,    169.425,
    2,        3.3,    179.965,     176.299,    176.047,
    3,        5.8,    180.273,     187.216,    182.893,
    4,        8.3,    180.390,     192.916,    189.908,
    5,       10.8,    180.368,     198.761,    197.043,
    6,       13.3,    180.448,     206.707,    204.264,
    7,       15.8,    180.499,     212.466,    211.536,
    8,       18.3,    180.434,     217.809,    218.825,
    9,       20.8,    180.448,     226.104,    226.107,
   10,       23.3,    180.499,     232.134,    233.361,
   11,       25.8,    180.580,     237.845,    240.566,
   12,       28.3,    180.756,     245.636,    247.707,
   13,       30.8,    180.799,     252.490,    254.765,
   14,       33.3,    180.741,     259.211,    261.720,
   15,       35.8,    180.792,     267.987,    268.564,
   16,       38.3,    180.982,     274.889,    275.288,
   17,       40.8,    180.843,     281.736,    281.875,
   18,       43.3,    181.019,     286.710,    288.324,
   19,       45.8,    180.960,     293.711,    294.621,
   20,       48.3,    180.814,     301.691,    300.758,
   21,       50.8,    180.697,     307.697,    306.731,
   22,       53.3,    180.895,     313.442,    312.543,
   23,       55.8,    180.865,     318.469,    318.185,
   24,       58.3,    180.946,     325.236,    323.657,
   25,       60.8,    180.880,     330.330,    328.955,
   26,       63.3,    181.077,     335.492,    334.083,
   27,       65.8,    180.916,     340.489,    339.033,
   28,       68.3,    180.997,     345.586,    343.811,
   29,       70.8,    181.055,     348.512,    348.417,
   30,       73.3,    181.055,     354.035,    352.851,
   31,       75.8,    180.916,     357.347,    357.114,
   32,       78.3,    180.938,     362.278,    361.210,
   33,       80.8,    180.997,     366.304,    365.143,
   34,       83.3,    181.004,     369.052,    368.914,
   35,       85.8,    181.077,     372.493,    372.528,
   36,       88.3,    181.180,     375.594,    375.989,
   37,       90.8,    180.909,     379.472,    379.297,
   38,       93.3,    181.121,     381.236,    382.460,
   39,       95.8,    181.209,     385.466,    385.482,
   40,       98.3,    180.960,     388.483,    388.365,
   41,      100.8,    181.099,     390.946,    391.114,
   42,      103.3,    181.034,     393.573,    393.735,
   43,      105.8,    181.282,     396.895,    396.231,
   44,      108.3,    181.063,     397.928,    398.608,
   45,      110.8,    181.012,     400.803,    400.868,
   46,      113.3,    181.026,     401.875,    403.017,
   47,      115.8,    181.099,     404.474,    405.060,
   48,      118.3,    181.136,     406.325,    407.000,
   49,      120.8,    181.085,     408.648,    408.842,
   50,      123.3,    181.180,     409.262,    410.590,
   51,      125.8,    181.107,     411.636,    412.248,
   52,      128.3,    181.334,     412.500,    413.820,
   53,      130.8,    181.202,     413.903,    415.310,
   54,      133.3,    181.114,     416.588,    416.722,
   55,      135.8,    181.165,     417.575,    418.059,
   56,      138.3,    181.114,     418.797,    419.325,
   57,      140.8,    181.231,     418.802,    420.523,
   58,      143.3,    181.312,     421.098,    421.657,
   59,      145.8,    181.165,     423.646,    422.730,
   60,      148.3,    181.195,     423.026,    423.744,
   61,      150.8,    181.224,     424.889,    424.703,
   62,      153.3,    181.282,     425.028,    425.609,
   63,      155.8,    181.224,     426.544,    426.466,
   64,      158.3,    181.085,     427.700,    427.276,
   65,      160.8,    181.121,     430.098,    428.041,
   66,      163.3,    181.158,     429.460,    428.763,
   67,      165.8,    181.173,     430.529,    429.445,
   68,      168.3,    181.297,     431.061,    430.088,
   69,      170.8,    181.399,     431.369,    430.694,
   70,      175.8,    179.782,     433.580,    432.949,
----,
DateTime:        , 2025/11/19, 16:38:58, 1763584738643,
RFID_EPC:        ,--Not Acquired--,
RFID_UserData:   ,--Not Acquired--,
Barcode:         ,--Not Acquired--,
PIF:,            0.00,
PARs:,            0.0,     0.0,     0.0,     0.0,     0.0,     0.0,
Light:,           0.0,     0.0,     0.0,     0.0,     0.0,     0.0,
Cycles:,            1,
                    1,      69,      70,      70,
Lamps:,        #10000,
Gain:,              2,      50, 
SNR_raw:,     389.72,
Position:,        0.0,              0.0,   NoData,
DataPt,      Time(us),   EX,         EM,       Fit,
==========,==========,==========,==========,=========,
    0,        0.0,      0.000,       0.000,    162.630,
    1,        0.8,    161.211,     162.210,    167.723,
    2,        3.3,    179.939,     174.155,    173.728,
    3,        5.8,    180.151,     184.845,    180.033,
    4,        8.3,    180.224,     190.318,    186.574,
    5,       10.8,    180.473,     194.766,    193.306,
    6,       13.3,    180.437,     200.347,    200.173,
    7,       15.8,    180.524,     208.005,    207.139,
    8,       18.3,    180.488,     215.250,    214.163,
    9,       20.8,    180.466,     219.986,    221.214,
   10,       23.3,    180.437,     228.058,    228.265,
   11,       25.8,    180.415,     234.460,    235.289,
   12,       28.3,    180.663,     240.226,    242.273,
   13,       30.8,    180.641,     246.898,    249.188,
   14,       33.3,    180.758,     253.930,    256.020,
   15,       35.8,    180.876,     261.229,    262.754,
   16,       38.3,    180.817,     268.227,    269.371,
   17,       40.8,    180.751,     274.410,    275.858,
   18,       43.3,    180.971,     280.985,    282.212,
   19,       45.8,    181.000,     288.398,    288.419,
   20,       48.3,    180.941,     294.294,    294.468,
   21,       50.8,    180.802,     299.775,    300.351,
   22,       53.3,    180.919,     307.043,    306.068,
   23,       55.8,    180.861,     312.118,    311.612,
   24,       58.3,    180.927,     316.979,    316.980,
   25,       60.8,    180.810,     323.268,    322.167,
   26,       63.3,    181.058,     328.347,    327.178,
   27,       65.8,    180.985,     332.624,    332.007,
   28,       68.3,    181.036,     338.053,    336.656,
   29,       70.8,    180.934,     342.114,    341.125,
   30,       73.3,    180.956,     345.664,    345.414,
   31,       75.8,    180.934,     350.404,    349.528,
   32,       78.3,    181.029,     355.468,    353.468,
   33,       80.8,    181.080,     358.681,    357.238,
   34,       83.3,    181.102,     361.398,    360.842,
   35,       85.8,    181.161,     366.249,    364.282,
   36,       88.3,    181.051,     368.404,    367.562,
   37,       90.8,    181.051,     370.890,    370.688,
   38,       93.3,    181.102,     373.270,    373.663,
   39,       95.8,    181.161,     376.461,    376.493,
   40,       98.3,    181.124,     378.746,    379.183,
   41,      100.8,    181.080,     382.151,    381.737,
   42,      103.3,    181.168,     383.622,    384.160,
   43,      105.8,    181.154,     385.585,    386.458,
   44,      108.3,    181.058,     387.444,    388.635,
   45,      110.8,    181.080,     389.330,    390.696,
   46,      113.3,    181.058,     392.139,    392.647,
   47,      115.8,    181.102,     393.700,    394.492,
   48,      118.3,    181.110,     396.445,    396.236,
   49,      120.8,    181.161,     396.609,    397.883,
   50,      123.3,    181.095,     398.410,    399.439,
   51,      125.8,    181.044,     399.903,    400.907,
   52,      128.3,    181.139,     401.073,    402.292,
   53,      130.8,    181.241,     402.778,    403.598,
   54,      133.3,    181.161,     403.509,    404.829,
   55,      135.8,    181.402,     405.728,    405.987,
   56,      138.3,    181.212,     407.258,    407.080,
   57,      140.8,    181.307,     408.699,    408.108,
   58,      143.3,    181.241,     409.675,    409.077,
   59,      145.8,    181.234,     409.691,    409.989,
   60,      148.3,    181.190,     410.894,    410.847,
   61,      150.8,    181.256,     412.124,    411.653,
   62,      153.3,    181.278,     412.626,    412.411,
   63,      155.8,    181.402,     413.721,    413.123,
   64,      158.3,    181.249,     412.969,    413.793,
   65,      160.8,    181.219,     415.243,    414.423,
   66,      163.3,    181.175,     415.067,    415.016,
   67,      165.8,    181.175,     416.999,    415.572,
   68,      168.3,    181.212,     417.191,    416.095,
   69,      170.8,    181.154,     417.602,    416.585,
   70,      175.8,    179.573,     419.327,    419.085,
----,
DateTime:        , 2025/11/19, 16:39:00, 1763584740178,
RFID_EPC:        ,--Not Acquired--,
RFID_UserData:   ,--Not Acquired--,
Barcode:         ,--Not Acquired--,
PIF:,            0.00,
PARs:,            0.0,     0.0,     0.0,     0.0,     0.0,     0.0,
Light:,           0.0,     0.0,     0.0,     0.0,     0.0,     0.0,
Cycles:,            1,
                    1,      69,      70,      70,
Lamps:,        #10000,
Gain:,              2,      50, 
SNR_raw:,     368.19,
Position:,        0.0,              0.0,   NoData,
DataPt,      Time(us),   EX,         EM,       Fit,
==========,==========,==========,==========,=========,
    0,        0.0,      0.000,       0.000,    149.264,
    1,        0.8,    161.220,     148.865,    154.564,
    2,        3.3,    179.887,     161.300,    160.828,
    3,        5.8,    180.070,     172.433,    167.425,
    4,        8.3,    180.231,     178.382,    174.296,
    5,       10.8,    180.289,     184.426,    181.385,
    6,       13.3,    180.428,     189.826,    188.646,
    7,       15.8,    180.297,     196.620,    196.029,
    8,       18.3,    180.414,     205.084,    203.505,
    9,       20.8,    180.714,     210.001,    211.043,
   10,       23.3,    180.640,     217.836,    218.604,
   11,       25.8,    180.618,     223.676,    226.159,
   12,       28.3,    180.589,     231.188,    233.685,
   13,       30.8,    180.575,     237.575,    241.158,
   14,       33.3,    180.787,     246.146,    248.565,
   15,       35.8,    180.823,     253.286,    255.881,
   16,       38.3,    180.728,     261.166,    263.088,
   17,       40.8,    180.831,     269.036,    270.174,
   18,       43.3,    180.809,     275.429,    277.123,
   19,       45.8,    181.006,     283.416,    283.928,
   20,       48.3,    180.867,     289.715,    290.572,
   21,       50.8,    180.991,     297.804,    297.051,
   22,       53.3,    180.816,     303.624,    303.351,
   23,       55.8,    180.918,     310.914,    309.471,
   24,       58.3,    180.962,     317.470,    315.406,
   25,       60.8,    180.926,     322.232,    321.148,
   26,       63.3,    180.991,     328.469,    326.698,
   27,       65.8,    180.867,     333.947,    332.051,
   28,       68.3,    181.145,     338.955,    337.211,
   29,       70.8,    181.145,     343.095,    342.173,
   30,       73.3,    181.087,     347.900,    346.940,
   31,       75.8,    181.138,     352.494,    351.512,
   32,       78.3,    180.926,     357.053,    355.890,
   33,       80.8,    180.940,     360.616,    360.078,
   34,       83.3,    181.116,     365.788,    364.082,
   35,       85.8,    181.160,     367.079,    367.903,
   36,       88.3,    181.072,     373.332,    371.547,
   37,       90.8,    181.043,     375.878,    375.016,
   38,       93.3,    181.006,     378.993,    378.317,
   39,       95.8,    181.079,     383.258,    381.454,
   40,       98.3,    181.065,     384.117,    384.434,
   41,      100.8,    181.138,     386.722,    387.261,
   42,      103.3,    181.204,     388.789,    389.941,
   43,      105.8,    181.211,     391.809,    392.479,
   44,      108.3,    181.255,     394.197,    394.882,
   45,      110.8,    181.116,     396.984,    397.155,
   46,      113.3,    181.167,     397.975,    399.303,
   47,      115.8,    180.999,     401.384,    401.332,
   48,      118.3,    181.108,     402.245,    403.248,
   49,      120.8,    181.043,     405.153,    405.055,
   50,      123.3,    181.152,     405.460,    406.758,
   51,      125.8,    181.065,     407.589,    408.364,
   52,      128.3,    181.211,     408.640,    409.875,
   53,      130.8,    181.152,     410.980,    411.299,
   54,      133.3,    181.328,     411.134,    412.638,
   55,      135.8,    181.152,     412.912,    413.898,
   56,      138.3,    181.189,     414.760,    415.084,
   57,      140.8,    181.284,     416.474,    416.197,
   58,      143.3,    181.196,     418.055,    417.244,
   59,      145.8,    181.160,     419.243,    418.228,
   60,      148.3,    181.174,     419.486,    419.151,
   61,      150.8,    181.101,     420.759,    420.019,
   62,      153.3,    181.240,     419.885,    420.832,
   63,      155.8,    181.247,     421.799,    421.595,
   64,      158.3,    181.167,     422.814,    422.312,
   65,      160.8,    181.226,     424.057,    422.983,
   66,      163.3,    181.211,     424.643,    423.613,
   67,      165.8,    181.152,     425.885,    424.204,
   68,      168.3,    181.196,     426.333,    424.758,
   69,      170.8,    181.247,     428.144,    425.276,
   70,      175.8,    179.894,     428.029,    427.951,
----,
DateTime:        , 2025/11/19, 16:39:01, 1763584741670,
RFID_EPC:        ,--Not Acquired--,
RFID_UserData:   ,--Not Acquired--,
Barcode:         ,--Not Acquired--,
PIF:,            0.00,
PARs:,            0.0,     0.0,     0.0,     0.0,     0.0,     0.0,
Light:,           0.0,     0.0,     0.0,     0.0,     0.0,     0.0,
Cycles:,            1,
                    1,      69,      70,      70,
Lamps:,        #10000,
Gain:,              2,      50, 
SNR_raw:,     356.41,
Position:,        0.0,              0.0,   NoData,
DataPt,      Time(us),   EX,         EM,       Fit,
==========,==========,==========,==========,=========,
    0,        0.0,      0.000,       0.000,    145.333,
    1,        0.8,    161.326,     145.358,    150.613,
    2,        3.3,    179.960,     156.986,    156.820,
    3,        5.8,    180.106,     167.401,    163.330,
    4,        8.3,    180.194,     173.147,    170.092,
    5,       10.8,    180.289,     178.879,    177.060,
    6,       13.3,    180.406,     184.861,    184.193,
    7,       15.8,    180.274,     192.207,    191.448,
    8,       18.3,    180.450,     198.947,    198.800,
    9,       20.8,    180.560,     206.026,    206.218,
   10,       23.3,    180.523,     212.715,    213.667,
   11,       25.8,    180.494,     220.506,    221.124,
   12,       28.3,    180.494,     228.817,    228.566,
   13,       30.8,    180.574,     233.699,    235.972,
   14,       33.3,    180.889,     241.032,    243.331,
   15,       35.8,    180.867,     249.078,    250.614,
   16,       38.3,    180.786,     256.656,    257.803,
   17,       40.8,    180.969,     263.028,    264.889,
   18,       43.3,    181.006,     271.538,    271.854,
   19,       45.8,    181.137,     277.414,    278.689,
   20,       48.3,    180.911,     285.224,    285.371,
   21,       50.8,    180.867,     292.204,    291.896,
   22,       53.3,    180.896,     299.067,    298.257,
   23,       55.8,    180.933,     304.533,    304.446,
   24,       58.3,    180.889,     310.135,    310.455,
   25,       60.8,    180.933,     316.692,    316.280,
   26,       63.3,    181.072,     323.629,    321.919,
   27,       65.8,    181.189,     328.939,    327.369,
   28,       68.3,    181.064,     333.583,    332.623,
   29,       70.8,    181.174,     340.281,    337.683,
   30,       73.3,    181.013,     343.621,    342.546,
   31,       75.8,    181.050,     347.971,    347.214,
   32,       78.3,    181.020,     351.894,    351.689,
   33,       80.8,    181.050,     357.084,    355.973,
   34,       83.3,    180.940,     360.893,    360.067,
   35,       85.8,    180.991,     365.487,    363.976,
   36,       88.3,    180.962,     368.586,    367.703,
   37,       90.8,    181.086,     370.818,    371.255,
   38,       93.3,    181.123,     375.160,    374.634,
   39,       95.8,    181.108,     377.951,    377.845,
   40,       98.3,    181.196,     381.355,    380.894,
   41,      100.8,    181.181,     383.318,    383.786,
   42,      103.3,    181.130,     384.806,    386.526,
   43,      105.8,    181.079,     389.057,    389.120,
   44,      108.3,    181.152,     391.108,    391.574,
   45,      110.8,    181.152,     393.316,    393.893,
   46,      113.3,    181.028,     394.138,    396.083,
   47,      115.8,    181.035,     397.713,    398.150,
   48,      118.3,    181.116,     399.469,    400.099,
   49,      120.8,    181.035,     400.751,    401.937,
   50,      123.3,    181.042,     401.840,    403.667,
   51,      125.8,    181.167,     404.600,    405.296,
   52,      128.3,    181.262,     406.870,    406.828,
   53,      130.8,    181.269,     406.578,    408.269,
   54,      133.3,    181.211,     408.641,    409.623,
   55,      135.8,    181.159,     410.136,    410.896,
   56,      138.3,    181.240,     411.609,    412.091,
   57,      140.8,    181.094,     413.046,    413.213,
   58,      143.3,    181.050,     413.699,    414.266,
   59,      145.8,    181.291,     415.906,    415.253,
   60,      148.3,    181.167,     415.363,    416.179,
   61,      150.8,    181.079,     418.878,    417.047,
   62,      153.3,    181.211,     418.574,    417.860,
   63,      155.8,    181.240,     418.782,    418.621,
   64,      158.3,    181.211,     418.850,    419.334,
   65,      160.8,    181.233,     419.903,    420.002,
   66,      163.3,    181.203,     421.074,    420.627,
   67,      165.8,    181.145,     422.038,    421.213,
   68,      168.3,    181.298,     422.232,    421.760,
   69,      170.8,    181.203,     423.833,    422.272,
   70,      175.8,    179.748,     425.318,    424.610,
----,
DateTime:        , 2025/11/19, 16:39:03, 1763584743197,
RFID_EPC:        ,--Not Acquired--,
RFID_UserData:   ,--Not Acquired--,
Barcode:         ,--Not Acquired--,
PIF:,            0.00,
PARs:,            0.0,     0.0,     0.0,     0.0,     0.0,     0.0,
Light:,           0.0,     0.0,     0.0,     0.0,     0.0,     0.0,
Cycles:,            1,
                    1,      69,      70,      70,
Lamps:,        #10000,
Gain:,              2,      50, 
SNR_raw:,     394.07,
Position:,        0.0,              0.0,   NoData,
DataPt,      Time(us),   EX,         EM,       Fit,
==========,==========,==========,==========,=========,
    0,        0.0,      0.000,       0.000,    149.439,
    1,        0.8,    161.208,     148.566,    154.860,
    2,        3.3,    179.970,     161.113,    161.143,
    3,        5.8,    180.167,     172.340,    167.650,
    4,        8.3,    180.153,     178.460,    174.333,
    5,       10.8,    180.445,     183.712,    181.166,
    6,       13.3,    180.394,     189.308,    188.104,
    7,       15.8,    180.526,     194.986,    195.124,
    8,       18.3,    180.423,     201.194,    202.191,
    9,       20.8,    180.723,     209.160,    209.291,
   10,       23.3,    180.613,     216.484,    216.390,
   11,       25.8,    180.555,     222.924,    223.468,
   12,       28.3,    180.504,     227.419,    230.505,
   13,       30.8,    180.694,     236.035,    237.491,
   14,       33.3,    180.826,     242.499,    244.407,
   15,       35.8,    180.921,     250.386,    251.239,
   16,       38.3,    180.789,     256.929,    257.965,
   17,       40.8,    180.804,     262.993,    264.578,
   18,       43.3,    180.935,     270.262,    271.069,
   19,       45.8,    180.913,     276.928,    277.425,
   20,       48.3,    180.760,     283.249,    283.632,
   21,       50.8,    180.869,     290.265,    289.691,
   22,       53.3,    180.979,     296.443,    295.594,
   23,       55.8,    180.928,     302.607,    301.332,
   24,       58.3,    180.891,     307.643,    306.901,
   25,       60.8,    181.177,     312.954,    312.303,
   26,       63.3,    181.008,     318.494,    317.527,
   27,       65.8,    180.964,     323.544,    322.573,
   28,       68.3,    181.133,     328.488,    327.444,
   29,       70.8,    180.957,     332.675,    332.135,
   30,       73.3,    181.125,     337.335,    336.649,
   31,       75.8,    181.038,     342.194,    340.986,
   32,       78.3,    180.972,     346.187,    345.147,
   33,       80.8,    180.884,     349.948,    349.134,
   34,       83.3,    180.869,     353.846,    352.951,
   35,       85.8,    180.986,     357.762,    356.602,
   36,       88.3,    180.979,     359.986,    360.089,
   37,       90.8,    181.096,     364.447,    363.418,
   38,       93.3,    181.103,     367.469,    366.591,
   39,       95.8,    181.008,     368.215,    369.613,
   40,       98.3,    181.242,     372.429,    372.490,
   41,      100.8,    181.089,     374.678,    375.224,
   42,      103.3,    181.169,     377.547,    377.821,
   43,      105.8,    181.264,     380.659,    380.287,
   44,      108.3,    181.045,     381.397,    382.625,
   45,      110.8,    181.169,     384.999,    384.841,
   46,      113.3,    180.928,     385.789,    386.939,
   47,      115.8,    181.118,     388.697,    388.926,
   48,      118.3,    181.140,     389.478,    390.804,
   49,      120.8,    181.294,     390.527,    392.581,
   50,      123.3,    181.257,     393.916,    394.259,
   51,      125.8,    181.221,     394.547,    395.844,
   52,      128.3,    181.235,     396.446,    397.340,
   53,      130.8,    181.140,     398.311,    398.751,
   54,      133.3,    181.177,     398.230,    400.082,
   55,      135.8,    181.125,     401.379,    401.337,
   56,      138.3,    180.906,     402.695,    402.520,
   57,      140.8,    181.323,     403.148,    403.632,
   58,      143.3,    181.140,     404.659,    404.680,
   59,      145.8,    181.169,     405.422,    405.667,
   60,      148.3,    181.242,     406.638,    406.595,
   61,      150.8,    181.228,     407.498,    407.467,
   62,      153.3,    181.162,     407.922,    408.289,
   63,      155.8,    181.206,     408.651,    409.061,
   64,      158.3,    181.235,     410.516,    409.786,
   65,      160.8,    181.177,     410.097,    410.468,
   66,      163.3,    181.140,     413.216,    411.109,
   67,      165.8,    181.140,     412.388,    411.711,
   68,      168.3,    181.345,     413.025,    412.274,
   69,      170.8,    181.169,     413.425,    412.805,
   70,      175.8,    179.714,     415.661,    414.872,
----,
DateTime:        , 2025/11/19, 16:39:04, 1763584744747,
RFID_EPC:        ,--Not Acquired--,
RFID_UserData:   ,--Not Acquired--,
Barcode:         ,--Not Acquired--,
PIF:,            0.00,
PARs:,            0.0,     0.0,     0.0,     0.0,     0.0,     0.0,
Light:,           0.0,     0.0,     0.0,     0.0,     0.0,     0.0,
Cycles:,            1,
                    1,      69,      70,      70,
Lamps:,        #10000,
Gain:,              2,      50, 
SNR_raw:,     348.43,
Position:,        0.0,              0.0,   NoData,
DataPt,      Time(us),   EX,         EM,       Fit,
==========,==========,==========,==========,=========,
    0,        0.0,      0.000,       0.000,    151.390,
    1,        0.8,    161.285,     150.665,    156.658,
    2,        3.3,    179.907,     162.745,    162.749,
    3,        5.8,    180.353,     173.548,    169.059,
    4,        8.3,    180.324,     179.122,    175.538,
    5,       10.8,    180.266,     183.895,    182.153,
    6,       13.3,    180.266,     189.997,    188.876,
    7,       15.8,    180.295,     196.900,    195.681,
    8,       18.3,    180.661,     203.420,    202.553,
    9,       20.8,    180.558,     209.351,    209.452,
   10,       23.3,    180.441,     215.028,    216.357,
   11,       25.8,    180.522,     221.580,    223.253,
   12,       28.3,    180.756,     228.209,    230.123,
   13,       30.8,    180.770,     234.552,    236.945,
   14,       33.3,    180.822,     241.951,    243.701,
   15,       35.8,    180.902,     249.030,    250.377,
   16,       38.3,    180.756,     255.317,    256.952,
   17,       40.8,    180.778,     261.924,    263.418,
   18,       43.3,    180.792,     269.923,    269.762,
   19,       45.8,    180.858,     275.630,    275.974,
   20,       48.3,    180.873,     281.966,    282.044,
   21,       50.8,    180.873,     288.877,    287.963,
   22,       53.3,    181.056,     293.832,    293.728,
   23,       55.8,    180.961,     300.342,    299.326,
   24,       58.3,    181.056,     306.260,    304.756,
   25,       60.8,    180.990,     310.515,    310.010,
   26,       63.3,    180.939,     315.300,    315.087,
   27,       65.8,    180.931,     321.116,    319.984,
   28,       68.3,    181.004,     327.064,    324.702,
   29,       70.8,    180.939,     329.946,    329.238,
   30,       73.3,    180.924,     334.395,    333.594,
   31,       75.8,    181.114,     339.013,    337.773,
   32,       78.3,    181.004,     342.809,    341.773,
   33,       80.8,    181.070,     346.551,    345.599,
   34,       83.3,    181.092,     349.822,    349.253,
   35,       85.8,    181.326,     352.404,    352.741,
   36,       88.3,    181.165,     356.856,    356.063,
   37,       90.8,    181.217,     358.963,    359.224,
   38,       93.3,    181.070,     362.843,    362.229,
   39,       95.8,    181.121,     364.672,    365.082,
   40,       98.3,    181.165,     367.620,    367.790,
   41,      100.8,    181.114,     369.933,    370.356,
   42,      103.3,    181.121,     373.230,    372.786,
   43,      105.8,    181.056,     374.471,    375.085,
   44,      108.3,    180.909,     376.155,    377.259,
   45,      110.8,    181.180,     378.905,    379.312,
   46,      113.3,    181.129,     380.116,    381.251,
   47,      115.8,    181.202,     381.894,    383.080,
   48,      118.3,    181.092,     383.782,    384.805,
   49,      120.8,    181.260,     385.357,    386.430,
   50,      123.3,    181.173,     388.028,    387.960,
   51,      125.8,    181.114,     388.981,    389.400,
   52,      128.3,    181.143,     388.642,    390.755,
   53,      130.8,    180.990,     390.630,    392.029,
   54,      133.3,    181.099,     393.706,    393.226,
   55,      135.8,    181.341,     394.285,    394.350,
   56,      138.3,    181.121,     393.935,    395.406,
   57,      140.8,    181.121,     395.315,    396.397,
   58,      143.3,    181.217,     396.487,    397.327,
   59,      145.8,    181.282,     396.895,    398.199,
   60,      148.3,    181.151,     399.115,    399.017,
   61,      150.8,    181.136,     400.252,    399.784,
   62,      153.3,    181.151,     400.771,    400.503,
   63,      155.8,    181.092,     402.557,    401.177,
   64,      158.3,    181.056,     403.743,    401.808,
   65,      160.8,    181.246,     403.596,    402.398,
   66,      163.3,    181.092,     404.214,    402.952,
   67,      165.8,    181.246,     404.147,    403.469,
   68,      168.3,    181.121,     404.425,    403.953,
   69,      170.8,    181.217,     405.040,    404.406,
   70,      175.8,    179.827,     406.780,    406.406,
----,
DateTime:        , 2025/11/19, 16:39:06, 1763584746283,
RFID_EPC:        ,--Not Acquired--,
RFID_UserData:   ,--Not Acquired--,
Barcode:         ,--Not Acquired--,
PIF:,            0.00,
PARs:,            0.0,     0.0,     0.0,     0.0,     0.0,     0.0,
Light:,           0.0,     0.0,     0.0,     0.0,     0.0,     0.0,
Cycles:,            1,
                    1,      69,      70,      70,
Lamps:,        #10000,
Gain:,              2,      50, 
SNR_raw:,     360.37,
Position:,        0.0,              0.0,   NoData,
DataPt,      Time(us),   EX,         EM,       Fit,
==========,==========,==========,==========,=========,
    0,        0.0,      0.000,       0.000,    145.327,
    1,        0.8,    161.481,     146.766,    150.783,
    2,        3.3,    179.979,     157.624,    157.144,
    3,        5.8,    180.155,     167.356,    163.762,
    4,        8.3,    180.184,     174.266,    170.580,
    5,       10.8,    180.235,     179.210,    177.549,
    6,       13.3,    180.470,     187.012,    184.635,
    7,       15.8,    180.455,     193.123,    191.793,
    8,       18.3,    180.601,     199.334,    198.998,
    9,       20.8,    180.579,     205.727,    206.216,
   10,       23.3,    180.616,     211.499,    213.423,
   11,       25.8,    180.623,     219.795,    220.596,
   12,       28.3,    180.594,     225.921,    227.715,
   13,       30.8,    180.740,     232.101,    234.768,
   14,       33.3,    180.850,     239.149,    241.736,
   15,       35.8,    180.799,     246.683,    248.601,
   16,       38.3,    180.696,     253.464,    255.348,
   17,       40.8,    180.777,     261.372,    261.972,
   18,       43.3,    180.843,     266.807,    268.461,
   19,       45.8,    180.769,     273.553,    274.803,
   20,       48.3,    180.967,     281.267,    280.998,
   21,       50.8,    180.886,     286.368,    287.031,
   22,       53.3,    180.908,     292.413,    292.899,
   23,       55.8,    181.142,     297.832,    298.602,
   24,       58.3,    181.003,     305.243,    304.129,
   25,       60.8,    181.018,     309.914,    309.480,
   26,       63.3,    180.843,     315.191,    314.649,
   27,       65.8,    180.879,     322.315,    319.639,
   28,       68.3,    180.894,     325.329,    324.449,
   29,       70.8,    181.018,     330.354,    329.082,
   30,       73.3,    180.938,     334.646,    333.534,
   31,       75.8,    181.099,     338.214,    337.812,
   32,       78.3,    180.908,     343.820,    341.913,
   33,       80.8,    181.091,     345.406,    345.843,
   34,       83.3,    181.084,     349.562,    349.603,
   35,       85.8,    181.128,     354.170,    353.199,
   36,       88.3,    181.113,     357.235,    356.632,
   37,       90.8,    181.223,     360.330,    359.907,
   38,       93.3,    181.040,     364.560,    363.028,
   39,       95.8,    180.960,     367.209,    365.998,
   40,       98.3,    180.982,     369.927,    368.824,
   41,      100.8,    180.952,     371.369,    371.510,
   42,      103.3,    181.120,     374.060,    374.062,
   43,      105.8,    181.245,     376.838,    376.484,
   44,      108.3,    181.099,     377.971,    378.781,
   45,      110.8,    181.033,     380.594,    380.958,
   46,      113.3,    181.201,     382.724,    383.019,
   47,      115.8,    181.128,     384.535,    384.971,
   48,      118.3,    181.018,     385.044,    386.817,
   49,      120.8,    181.099,     387.910,    388.562,
   50,      123.3,    181.128,     389.504,    390.210,
   51,      125.8,    181.106,     391.760,    391.768,
   52,      128.3,    181.377,     393.105,    393.238,
   53,      130.8,    181.194,     394.330,    394.625,
   54,      133.3,    181.194,     395.709,    395.933,
   55,      135.8,    181.289,     396.881,    397.167,
   56,      138.3,    181.216,     398.696,    398.329,
   57,      140.8,    181.157,     398.549,    399.425,
   58,      143.3,    181.033,     400.756,    400.456,
   59,      145.8,    181.267,     402.170,    401.427,
   60,      148.3,    181.135,     402.462,    402.341,
   61,      150.8,    181.238,     403.614,    403.200,
   62,      153.3,    181.164,     404.329,    404.009,
   63,      155.8,    181.106,     405.288,    404.770,
   64,      158.3,    181.223,     405.026,    405.485,
   65,      160.8,    181.223,     406.130,    406.156,
   66,      163.3,    181.428,     407.049,    406.787,
   67,      165.8,    181.252,     407.995,    407.380,
   68,      168.3,    181.018,     408.523,    407.939,
   69,      170.8,    181.238,     409.407,    408.462,
   70,      175.8,    179.753,     410.286,    410.210,
----,
DateTime:        , 2025/11/19, 16:39:07, 1763584747735,
RFID_EPC:        ,--Not Acquired--,
RFID_UserData:   ,--Not Acquired--,
Barcode:         ,--Not Acquired--,
PIF:,            0.00,
PARs:,            0.0,     0.0,     0.0,     0.0,     0.0,     0.0,
Light:,           0.0,     0.0,     0.0,     0.0,     0.0,     0.0,
Cycles:,            1,
                    1,      69,      70,      70,
Lamps:,        #10000,
Gain:,              2,      50, 
SNR_raw:,     393.64,
Position:,        0.0,              0.0,   NoData,
DataPt,      Time(us),   EX,         EM,       Fit,
==========,==========,==========,==========,=========,
    0,        0.0,      0.000,       0.000,    146.298,
    1,        0.8,    161.405,     146.216,    151.471,
    2,        3.3,    180.064,     157.977,    157.541,
    3,        5.8,    180.101,     168.517,    163.892,
    4,        8.3,    180.211,     173.686,    170.474,
    5,       10.8,    180.401,     177.937,    177.243,
    6,       13.3,    180.306,     185.518,    184.150,
    7,       15.8,    180.437,     192.588,    191.163,
    8,       18.3,    180.591,     198.238,    198.252,
    9,       20.8,    180.547,     205.486,    205.379,
   10,       23.3,    180.781,     212.135,    212.526,
   11,       25.8,    180.701,     218.040,    219.660,
   12,       28.3,    180.445,     225.554,    226.751,
   13,       30.8,    180.759,     231.800,    233.798,
   14,       33.3,    180.767,     238.152,    240.772,
   15,       35.8,    180.789,     245.038,    247.657,
   16,       38.3,    180.876,     253.488,    254.441,
   17,       40.8,    180.708,     260.918,    261.103,
   18,       43.3,    180.818,     265.184,    267.638,
   19,       45.8,    180.913,     273.612,    274.035,
   20,       48.3,    180.964,     279.337,    280.284,
   21,       50.8,    180.840,     286.994,    286.372,
   22,       53.3,    181.001,     293.369,    292.299,
   23,       55.8,    180.986,     299.194,    298.056,
   24,       58.3,    180.957,     304.493,    303.637,
   25,       60.8,    181.008,     309.379,    309.041,
   26,       63.3,    180.979,     315.507,    314.263,
   27,       65.8,    181.037,     320.376,    319.303,
   28,       68.3,    180.979,     324.900,    324.159,
   29,       70.8,    180.898,     330.296,    328.830,
   30,       73.3,    181.088,     334.367,    333.321,
   31,       75.8,    181.132,     337.875,    337.631,
   32,       78.3,    181.125,     343.133,    341.761,
   33,       80.8,    181.088,     346.516,    345.714,
   34,       83.3,    181.140,     350.558,    349.494,
   35,       85.8,    181.147,     354.132,    353.104,
   36,       88.3,    181.191,     357.358,    356.547,
   37,       90.8,    180.913,     359.565,    359.827,
   38,       93.3,    180.986,     363.840,    362.949,
   39,       95.8,    180.920,     365.631,    365.919,
   40,       98.3,    181.008,     368.492,    368.741,
   41,      100.8,    180.898,     372.032,    371.419,
   42,      103.3,    181.140,     373.745,    373.961,
   43,      105.8,    181.125,     375.983,    376.369,
   44,      108.3,    181.279,     379.526,    378.651,
   45,      110.8,    181.249,     379.863,    380.810,
   46,      113.3,    181.242,     381.258,    382.853,
   47,      115.8,    181.315,     384.689,    384.783,
   48,      118.3,    181.110,     385.124,    386.608,
   49,      120.8,    181.118,     386.489,    388.330,
   50,      123.3,    181.008,     389.209,    389.955,
   51,      125.8,    181.147,     389.187,    391.487,
   52,      128.3,    181.154,     392.483,    392.931,
   53,      130.8,    181.125,     392.823,    394.292,
   54,      133.3,    181.227,     395.084,    395.573,
   55,      135.8,    181.147,     395.535,    396.779,
   56,      138.3,    181.176,     397.127,    397.915,
   57,      140.8,    181.154,     398.555,    398.982,
   58,      143.3,    181.023,     400.502,    399.988,
   59,      145.8,    181.066,     400.405,    400.932,
   60,      148.3,    181.176,     401.819,    401.819,
   61,      150.8,    181.125,     403.313,    402.652,
   62,      153.3,    181.118,     403.881,    403.435,
   63,      155.8,    181.191,     404.822,    404.169,
   64,      158.3,    181.184,     405.114,    404.859,
   65,      160.8,    181.140,     406.868,    405.507,
   66,      163.3,    181.213,     407.256,    406.114,
   67,      165.8,    181.176,     407.062,    406.684,
   68,      168.3,    181.220,     408.343,    407.218,
   69,      170.8,    181.344,     409.442,    407.718,
   70,      175.8,    179.604,     410.348,    410.104,
----,
DateTime:        , 2025/11/19, 16:39:09, 1763584749267,
RFID_EPC:        ,--Not Acquired--,
RFID_UserData:   ,--Not Acquired--,
Barcode:         ,--Not Acquired--,
PIF:,            0.00,
PARs:,            0.0,     0.0,     0.0,     0.0,     0.0,     0.0,
Light:,           0.0,     0.0,     0.0,     0.0,     0.0,     0.0,
Cycles:,            1,
                    1,      69,      70,      70,
Lamps:,        #10000,
Gain:,              2,      50, 
SNR_raw:,     387.17,
Position:,        0.0,              0.0,   NoData,
DataPt,      Time(us),   EX,         EM,       Fit,
==========,==========,==========,==========,=========,
    0,        0.0,      0.000,       0.000,    145.821,
    1,        0.8,    161.200,     146.092,    151.096,
    2,        3.3,    179.946,     157.708,    157.282,
    3,        5.8,    180.254,     168.097,    163.753,
    4,        8.3,    180.107,     173.785,    170.436,
    5,       10.8,    180.275,     180.557,    177.293,
    6,       13.3,    180.627,     186.850,    184.288,
    7,       15.8,    180.451,     191.742,    191.365,
    8,       18.3,    180.583,     197.693,    198.501,
    9,       20.8,    180.612,     205.136,    205.661,
   10,       23.3,    180.583,     211.814,    212.819,
   11,       25.8,    180.407,     218.949,    219.945,
   12,       28.3,    180.517,     226.018,    227.026,
   13,       30.8,    180.714,     231.858,    234.045,
   14,       33.3,    180.663,     238.289,    240.979,
   15,       35.8,    180.656,     244.387,    247.813,
   16,       38.3,    180.787,     253.060,    254.536,
   17,       40.8,    180.817,     259.102,    261.135,
   18,       43.3,    181.073,     265.915,    267.603,
   19,       45.8,    180.890,     272.818,    273.920,
   20,       48.3,    181.014,     280.088,    280.085,
   21,       50.8,    180.985,     286.212,    286.088,
   22,       53.3,    180.978,     293.959,    291.924,
   23,       55.8,    181.000,     297.791,    297.587,
   24,       58.3,    180.831,     304.151,    303.071,
   25,       60.8,    181.014,     308.539,    308.379,
   26,       63.3,    180.941,     314.467,    313.505,
   27,       65.8,    181.182,     317.360,    318.453,
   28,       68.3,    181.014,     324.008,    323.216,
   29,       70.8,    180.963,     328.520,    327.797,
   30,       73.3,    181.102,     334.342,    332.199,
   31,       75.8,    181.124,     337.338,    336.423,
   32,       78.3,    181.131,     341.465,    340.470,
   33,       80.8,    181.095,     346.228,    344.344,
   34,       83.3,    180.970,     349.505,    348.046,
   35,       85.8,    181.043,     352.125,    351.582,
   36,       88.3,    180.948,     355.903,    354.954,
   37,       90.8,    181.014,     359.088,    358.169,
   38,       93.3,    181.109,     361.660,    361.231,
   39,       95.8,    181.117,     364.130,    364.143,
   40,       98.3,    180.956,     367.493,    366.911,
   41,      100.8,    181.124,     369.360,    369.540,
   42,      103.3,    181.248,     371.590,    372.036,
   43,      105.8,    181.212,     374.700,    374.402,
   44,      108.3,    181.175,     376.431,    376.644,
   45,      110.8,    181.161,     378.670,    378.767,
   46,      113.3,    181.139,     380.372,    380.777,
   47,      115.8,    181.117,     382.350,    382.677,
   48,      118.3,    181.212,     384.357,    384.473,
   49,      120.8,    181.168,     386.106,    386.170,
   50,      123.3,    181.263,     387.007,    387.771,
   51,      125.8,    181.022,     388.904,    389.284,
   52,      128.3,    181.197,     390.459,    390.710,
   53,      130.8,    181.161,     391.642,    392.054,
   54,      133.3,    181.197,     392.942,    393.322,
   55,      135.8,    181.058,     394.625,    394.516,
   56,      138.3,    181.117,     395.878,    395.640,
   57,      140.8,    181.102,     396.738,    396.699,
   58,      143.3,    181.139,     396.106,    397.695,
   59,      145.8,    181.029,     398.003,    398.633,
   60,      148.3,    181.256,     399.436,    399.513,
   61,      150.8,    181.109,     400.035,    400.342,
   62,      153.3,    181.197,     400.669,    401.121,
   63,      155.8,    181.270,     401.059,    401.852,
   64,      158.3,    181.219,     403.379,    402.540,
   65,      160.8,    181.073,     403.429,    403.187,
   66,      163.3,    181.226,     405.018,    403.793,
   67,      165.8,    181.168,     405.425,    404.363,
   68,      168.3,    181.153,     406.286,    404.898,
   69,      170.8,    181.182,     408.152,    405.400,
   70,      175.8,    179.815,     407.642,    407.518,
----,
DateTime:        , 2025/11/19, 16:39:10, 1763584750737,
RFID_EPC:        ,--Not Acquired--,
RFID_UserData:   ,--Not Acquired--,
Barcode:         ,--Not Acquired--,
PIF:,            0.00,
PARs:,            0.0,     0.0,     0.0,     0.0,     0.0,     0.0,
Light:,           0.0,     0.0,     0.0,     0.0,     0.0,     0.0,
Cycles:,            1,
                    1,      69,      70,      70,
Lamps:,        #10000,
Gain:,              2,      50, 
SNR_raw:,     319.70,
Position:,        0.0,              0.0,   NoData,
DataPt,      Time(us),   EX,         EM,       Fit,
==========,==========,==========,==========,=========,
    0,        0.0,      0.000,       0.000,    147.526,
    1,        0.8,    161.286,     146.324,    152.861,
    2,        3.3,    179.945,     158.881,    159.044,
    3,        5.8,    180.164,     170.122,    165.448,
    4,        8.3,    180.194,     175.922,    172.027,
    5,       10.8,    180.237,     180.873,    178.743,
    6,       13.3,    180.406,     187.078,    185.568,
    7,       15.8,    180.362,     191.837,    192.463,
    8,       18.3,    180.515,     199.706,    199.409,
    9,       20.8,    180.632,     207.050,    206.377,
   10,       23.3,    180.530,     213.261,    213.339,
   11,       25.8,    180.625,     219.792,    220.280,
   12,       28.3,    180.676,     225.818,    227.177,
   13,       30.8,    180.567,     232.324,    234.010,
   14,       33.3,    180.896,     237.982,    240.774,
   15,       35.8,    180.691,     245.723,    247.440,
   16,       38.3,    180.808,     252.478,    254.004,
   17,       40.8,    180.896,     258.436,    260.451,
   18,       43.3,    180.859,     265.676,    266.769,
   19,       45.8,    180.983,     272.953,    272.952,
   20,       48.3,    180.962,     278.512,    278.987,
   21,       50.8,    180.837,     285.063,    284.866,
   22,       53.3,    180.866,     290.822,    290.585,
   23,       55.8,    181.188,     296.929,    296.146,
   24,       58.3,    181.101,     302.870,    301.536,
   25,       60.8,    181.101,     308.668,    306.752,
   26,       63.3,    180.801,     313.052,    311.789,
   27,       65.8,    181.013,     317.381,    316.653,
   28,       68.3,    180.940,     322.207,    321.339,
   29,       70.8,    180.962,     327.418,    325.849,
   30,       73.3,    180.998,     331.219,    330.184,
   31,       75.8,    181.020,     333.941,    334.344,
   32,       78.3,    181.071,     339.369,    338.333,
   33,       80.8,    181.027,     344.147,    342.151,
   34,       83.3,    181.093,     346.231,    345.803,
   35,       85.8,    181.122,     349.487,    349.292,
   36,       88.3,    181.166,     353.818,    352.622,
   37,       90.8,    181.064,     355.952,    355.795,
   38,       93.3,    181.093,     357.551,    358.817,
   39,       95.8,    181.064,     362.303,    361.693,
   40,       98.3,    180.903,     364.007,    364.425,
   41,      100.8,    181.049,     366.751,    367.021,
   42,      103.3,    181.101,     368.580,    369.485,
   43,      105.8,    181.057,     372.535,    371.822,
   44,      108.3,    181.144,     372.631,    374.036,
   45,      110.8,    181.071,     375.543,    376.132,
   46,      113.3,    181.232,     377.692,    378.116,
   47,      115.8,    181.261,     380.941,    379.993,
   48,      118.3,    181.152,     380.068,    381.766,
   49,      120.8,    181.064,     383.014,    383.442,
   50,      123.3,    181.210,     384.360,    385.023,
   51,      125.8,    181.210,     384.912,    386.515,
   52,      128.3,    181.188,     388.546,    387.923,
   53,      130.8,    180.998,     388.678,    389.251,
   54,      133.3,    181.254,     388.957,    390.501,
   55,      135.8,    181.144,     390.572,    391.679,
   56,      138.3,    181.239,     391.747,    392.788,
   57,      140.8,    181.218,     392.898,    393.831,
   58,      143.3,    181.203,     393.757,    394.814,
   59,      145.8,    181.079,     395.961,    395.738,
   60,      148.3,    181.181,     396.841,    396.607,
   61,      150.8,    181.261,     397.492,    397.423,
   62,      153.3,    181.101,     398.674,    398.191,
   63,      155.8,    181.291,     397.980,    398.912,
   64,      158.3,    181.159,     400.753,    399.590,
   65,      160.8,    181.342,     400.349,    400.225,
   66,      163.3,    181.122,     401.110,    400.823,
   67,      165.8,    181.101,     401.987,    401.385,
   68,      168.3,    181.313,     401.241,    401.910,
   69,      170.8,    181.144,     404.097,    402.405,
   70,      175.8,    179.645,     405.244,    404.458,
----,
DateTime:        , 2025/11/19, 16:39:12, 1763584752277,
RFID_EPC:        ,--Not Acquired--,
RFID_UserData:   ,--Not Acquired--,
Barcode:         ,--Not Acquired--,
PIF:,            0.00,
PARs:,            0.0,     0.0,     0.0,     0.0,     0.0,     0.0,
Light:,           0.0,     0.0,     0.0,     0.0,     0.0,     0.0,
Cycles:,            1,
                    1,      69,      70,      70,
Lamps:,        #10000,
Gain:,              2,      50, 
SNR_raw:,     429.90,
Position:,        0.0,              0.0,   NoData,
DataPt,      Time(us),   EX,         EM,       Fit,
==========,==========,==========,==========,=========,
    0,        0.0,      0.000,       0.000,    148.291,
    1,        0.8,    161.201,     147.642,    153.570,
    2,        3.3,    179.968,     159.475,    159.652,
    3,        5.8,    180.232,     170.059,    165.925,
    4,        8.3,    180.122,     175.714,    172.348,
    5,       10.8,    180.312,     180.798,    178.908,
    6,       13.3,    180.495,     186.155,    185.580,
    7,       15.8,    180.400,     193.182,    192.333,
    8,       18.3,    180.407,     198.994,    199.146,
    9,       20.8,    180.641,     205.933,    206.008,
   10,       23.3,    180.605,     212.619,    212.888,
   11,       25.8,    180.539,     219.897,    219.765,
   12,       28.3,    180.517,     226.018,    226.624,
   13,       30.8,    180.670,     231.914,    233.451,
   14,       33.3,    180.736,     238.193,    240.226,
   15,       35.8,    180.714,     245.138,    246.932,
   16,       38.3,    180.817,     252.189,    253.556,
   17,       40.8,    180.707,     259.813,    260.078,
   18,       43.3,    180.934,     265.567,    266.494,
   19,       45.8,    180.912,     271.956,    272.786,
   20,       48.3,    180.904,     278.877,    278.943,
   21,       50.8,    180.839,     285.061,    284.953,
   22,       53.3,    180.926,     291.002,    290.812,
   23,       55.8,    181.029,     296.638,    296.511,
   24,       58.3,    180.963,     302.825,    302.042,
   25,       60.8,    181.029,     308.515,    307.400,
   26,       63.3,    180.992,     313.550,    312.580,
   27,       65.8,    181.124,     318.567,    317.581,
   28,       68.3,    181.073,     323.075,    322.399,
   29,       70.8,    181.051,     327.809,    327.031,
   30,       73.3,    181.007,     332.032,    331.478,
   31,       75.8,    181.095,     336.565,    335.742,
   32,       78.3,    181.043,     340.802,    339.822,
   33,       80.8,    181.204,     343.259,    343.723,
   34,       83.3,    181.153,     348.324,    347.445,
   35,       85.8,    180.934,     351.234,    350.990,
   36,       88.3,    180.934,     354.550,    354.363,
   37,       90.8,    181.233,     357.826,    357.572,
   38,       93.3,    181.109,     361.384,    360.618,
   39,       95.8,    181.109,     361.936,    363.505,
   40,       98.3,    181.248,     365.797,    366.242,
   41,      100.8,    181.212,     368.630,    368.830,
   42,      103.3,    181.021,     371.227,    371.276,
   43,      105.8,    181.153,     373.717,    373.587,
   44,      108.3,    181.080,     375.801,    375.767,
   45,      110.8,    181.007,     377.610,    377.821,
   46,      113.3,    181.007,     379.820,    379.757,
   47,      115.8,    181.109,     381.538,    381.579,
   48,      118.3,    181.160,     382.810,    383.292,
   49,      120.8,    181.102,     383.486,    384.903,
   50,      123.3,    181.263,     385.904,    386.416,
   51,      125.8,    181.241,     387.054,    387.836,
   52,      128.3,    181.036,     389.149,    389.169,
   53,      130.8,    181.197,     389.079,    390.419,
   54,      133.3,    181.058,     390.759,    391.590,
   55,      135.8,    181.329,     392.657,    392.687,
   56,      138.3,    181.109,     392.581,    393.714,
   57,      140.8,    181.241,     394.779,    394.676,
   58,      143.3,    181.219,     395.654,    395.576,
   59,      145.8,    181.219,     396.758,    396.417,
   60,      148.3,    181.124,     396.414,    397.204,
   61,      150.8,    181.372,     399.179,    397.939,
   62,      153.3,    181.116,     398.086,    398.626,
   63,      155.8,    181.190,     400.133,    399.268,
   64,      158.3,    181.277,     400.215,    399.868,
   65,      160.8,    181.087,     401.464,    400.428,
   66,      163.3,    181.226,     401.432,    400.950,
   67,      165.8,    181.051,     401.821,    401.439,
   68,      168.3,    181.241,     402.227,    401.893,
   69,      170.8,    181.277,     402.422,    402.317,
   70,      175.8,    179.551,     404.620,    404.069,
----,
DateTime:        , 2025/11/19, 16:39:13, 1763584753802,
RFID_EPC:        ,--Not Acquired--,
RFID_UserData:   ,--Not Acquired--,
Barcode:         ,--Not Acquired--,
PIF:,            0.00,
PARs:,            0.0,     0.0,     0.0,     0.0,     0.0,     0.0,
Light:,           0.0,     0.0,     0.0,     0.0,     0.0,     0.0,
Cycles:,            1,
                    1,      69,      70,      70,
Lamps:,        #10000,
Gain:,              2,      50, 
SNR_raw:,     355.89,
Position:,        0.0,              0.0,   NoData,
DataPt,      Time(us),   EX,         EM,       Fit,
==========,==========,==========,==========,=========,
    0,        0.0,      0.000,       0.000,    145.541,
    1,        0.8,    161.231,     144.513,    151.072,
    2,        3.3,    180.005,     157.485,    157.421,
    3,        5.8,    180.071,     169.100,    163.938,
    4,        8.3,    180.137,     173.479,    170.595,
    5,       10.8,    180.246,     179.199,    177.367,
    6,       13.3,    180.481,     185.616,    184.235,
    7,       15.8,    180.488,     193.365,    191.167,
    8,       18.3,    180.605,     197.946,    198.146,
    9,       20.8,    180.678,     205.061,    205.147,
   10,       23.3,    180.605,     211.788,    212.148,
   11,       25.8,    180.641,     218.112,    219.132,
   12,       28.3,    180.627,     224.496,    226.079,
   13,       30.8,    180.576,     230.374,    232.973,
   14,       33.3,    180.612,     238.356,    239.799,
   15,       35.8,    180.868,     243.824,    246.550,
   16,       38.3,    180.883,     251.268,    253.204,
   17,       40.8,    180.875,     258.465,    259.748,
   18,       43.3,    180.985,     264.386,    266.174,
   19,       45.8,    180.824,     271.811,    272.462,
   20,       48.3,    181.051,     278.651,    278.616,
   21,       50.8,    180.927,     285.198,    284.615,
   22,       53.3,    180.963,     292.048,    290.458,
   23,       55.8,    180.868,     296.901,    296.135,
   24,       58.3,    180.927,     302.609,    301.644,
   25,       60.8,    180.897,     308.186,    306.979,
   26,       63.3,    181.058,     312.883,    312.141,
   27,       65.8,    181.073,     318.380,    317.123,
   28,       68.3,    181.117,     324.100,    321.926,
   29,       70.8,    180.897,     328.639,    326.544,
   30,       73.3,    181.124,     331.541,    330.985,
   31,       75.8,    181.051,     336.369,    335.244,
   32,       78.3,    181.066,     340.760,    339.326,
   33,       80.8,    181.088,     344.585,    343.231,
   34,       83.3,    181.124,     347.828,    346.964,
   35,       85.8,    181.095,     349.817,    350.526,
   36,       88.3,    181.095,     353.958,    353.922,
   37,       90.8,    180.905,     357.370,    357.154,
   38,       93.3,    180.978,     359.713,    360.229,
   39,       95.8,    181.080,     362.270,    363.151,
   40,       98.3,    181.161,     365.145,    365.926,
   41,      100.8,    181.175,     368.704,    368.558,
   42,      103.3,    181.256,     370.471,    371.052,
   43,      105.8,    181.058,     374.189,    373.412,
   44,      108.3,    181.088,     375.233,    375.645,
   45,      110.8,    181.124,     376.537,    377.756,
   46,      113.3,    181.117,     378.761,    379.749,
   47,      115.8,    181.175,     380.019,    381.631,
   48,      118.3,    181.205,     382.165,    383.406,
   49,      120.8,    181.102,     383.485,    385.079,
   50,      123.3,    181.051,     385.527,    386.655,
   51,      125.8,    181.336,     387.126,    388.139,
   52,      128.3,    181.146,     389.465,    389.536,
   53,      130.8,    181.219,     389.859,    390.850,
   54,      133.3,    181.146,     392.225,    392.085,
   55,      135.8,    181.095,     393.164,    393.246,
   56,      138.3,    181.073,     393.764,    394.337,
   57,      140.8,    181.219,     395.653,    395.361,
   58,      143.3,    181.256,     396.401,    396.322,
   59,      145.8,    180.978,     397.286,    397.225,
   60,      148.3,    181.226,     398.396,    398.070,
   61,      150.8,    181.219,     398.413,    398.864,
   62,      153.3,    181.175,     397.957,    399.608,
   63,      155.8,    181.109,     400.310,    400.305,
   64,      158.3,    181.088,     401.739,    400.959,
   65,      160.8,    181.248,     403.590,    401.570,
   66,      163.3,    181.102,     402.259,    402.144,
   67,      165.8,    181.102,     402.811,    402.681,
   68,      168.3,    181.124,     404.971,    403.183,
   69,      170.8,    181.358,     405.551,    403.653,
   70,      175.8,    179.647,     405.796,    405.473,
----,
DateTime:        , 2025/11/19, 16:39:15, 1763584755346,
RFID_EPC:        ,--Not Acquired--,
RFID_UserData:   ,--Not Acquired--,
Barcode:         ,--Not Acquired--,
PIF:,            0.00,
PARs:,            0.0,     0.0,     0.0,     0.0,     0.0,     0.0,
Light:,           0.0,     0.0,     0.0,     0.0,     0.0,     0.0,
Cycles:,            1,
                    1,      69,      70,      70,
Lamps:,        #10000,
Gain:,              2,      50, 
SNR_raw:,     350.00,
Position:,        0.0,              0.0,   NoData,
DataPt,      Time(us),   EX,         EM,       Fit,
==========,==========,==========,==========,=========,
    0,        0.0,      0.000,       0.000,    144.504,
    1,        0.8,    161.050,     144.365,    149.845,
    2,        3.3,    179.813,     156.294,    156.044,
    3,        5.8,    179.974,     166.969,    162.470,
    4,        8.3,    180.303,     172.765,    169.089,
    5,       10.8,    180.266,     178.070,    175.852,
    6,       13.3,    180.544,     183.612,    182.738,
    7,       15.8,    180.500,     188.919,    189.706,
    8,       18.3,    180.310,     197.715,    196.723,
    9,       20.8,    180.625,     204.291,    203.780,
   10,       23.3,    180.493,     208.318,    210.839,
   11,       25.8,    180.625,     217.855,    217.886,
   12,       28.3,    180.654,     222.802,    224.899,
   13,       30.8,    180.698,     229.942,    231.858,
   14,       33.3,    180.508,     237.109,    238.740,
   15,       35.8,    180.764,     244.795,    245.543,
   16,       38.3,    180.815,     250.532,    252.245,
   17,       40.8,    180.712,     257.592,    258.830,
   18,       43.3,    180.778,     264.136,    265.289,
   19,       45.8,    180.983,     271.296,    271.617,
   20,       48.3,    180.947,     277.706,    277.797,
   21,       50.8,    181.020,     283.395,    283.824,
   22,       53.3,    181.056,     289.965,    289.689,
   23,       55.8,    180.990,     296.425,    295.385,
   24,       58.3,    181.020,     301.348,    300.908,
   25,       60.8,    180.764,     306.754,    306.249,
   26,       63.3,    180.844,     312.424,    311.411,
   27,       65.8,    180.939,     318.339,    316.393,
   28,       68.3,    181.107,     321.632,    321.196,
   29,       70.8,    181.093,     327.456,    325.815,
   30,       73.3,    181.093,     331.874,    330.251,
   31,       75.8,    181.012,     336.717,    334.504,
   32,       78.3,    180.932,     340.183,    338.577,
   33,       80.8,    181.137,     343.387,    342.476,
   34,       83.3,    181.115,     346.189,    346.200,
   35,       85.8,    181.049,     349.629,    349.753,
   36,       88.3,    180.925,     354.291,    353.139,
   37,       90.8,    181.181,     356.826,    356.364,
   38,       93.3,    181.137,     358.569,    359.432,
   39,       95.8,    181.181,     360.966,    362.347,
   40,       98.3,    181.144,     364.627,    365.113,
   41,      100.8,    181.064,     367.550,    367.736,
   42,      103.3,    181.195,     369.767,    370.222,
   43,      105.8,    181.071,     371.402,    372.575,
   44,      108.3,    180.954,     375.234,    374.801,
   45,      110.8,    181.188,     376.957,    376.906,
   46,      113.3,    181.115,     379.317,    378.893,
   47,      115.8,    181.107,     379.885,    380.770,
   48,      118.3,    181.217,     382.690,    382.540,
   49,      120.8,    181.086,     383.520,    384.209,
   50,      123.3,    181.261,     385.080,    385.782,
   51,      125.8,    181.232,     385.142,    387.263,
   52,      128.3,    181.276,     388.635,    388.657,
   53,      130.8,    181.107,     389.824,    389.969,
   54,      133.3,    181.144,     389.745,    391.203,
   55,      135.8,    181.261,     392.252,    392.362,
   56,      138.3,    181.217,     393.175,    393.451,
   57,      140.8,    181.173,     394.650,    394.475,
   58,      143.3,    181.137,     396.110,    395.436,
   59,      145.8,    181.188,     397.102,    396.338,
   60,      148.3,    181.224,     396.470,    397.184,
   61,      150.8,    181.210,     399.261,    397.978,
   62,      153.3,    181.298,     399.068,    398.722,
   63,      155.8,    181.239,     400.300,    399.420,
   64,      158.3,    181.261,     400.803,    400.074,
   65,      160.8,    181.217,     400.900,    400.687,
   66,      163.3,    181.210,     401.468,    401.262,
   67,      165.8,    181.210,     402.572,    401.800,
   68,      168.3,    181.195,     403.984,    402.304,
   69,      170.8,    181.203,     403.968,    402.776,
   70,      175.8,    179.842,     404.800,    404.688,
----,
DateTime:        , 2025/11/19, 16:39:16, 1763584756805,
RFID_EPC:        ,--Not Acquired--,
RFID_UserData:   ,--Not Acquired--,
Barcode:         ,--Not Acquired--,
PIF:,            0.00,
PARs:,            0.0,     0.0,     0.0,     0.0,     0.0,     0.0,
Light:,           0.0,     0.0,     0.0,     0.0,     0.0,     0.0,
Cycles:,            1,
                    1,      69,      70,      70,
Lamps:,        #10000,
Gain:,              2,      50, 
SNR_raw:,     308.68,
Position:,        0.0,              0.0,   NoData,
DataPt,      Time(us),   EX,         EM,       Fit,
==========,==========,==========,==========,=========,
    0,        0.0,      0.000,       0.000,    144.610,
    1,        0.8,    161.266,     144.791,    150.237,
    2,        3.3,    179.974,     156.421,    156.676,
    3,        5.8,    180.120,     166.833,    163.267,
    4,        8.3,    180.223,     173.674,    169.984,
    5,       10.8,    180.296,     178.318,    176.801,
    6,       13.3,    180.420,     184.846,    183.697,
    7,       15.8,    180.405,     192.622,    190.645,
    8,       18.3,    180.544,     197.181,    197.629,
    9,       20.8,    180.464,     205.027,    204.623,
   10,       23.3,    180.676,     210.875,    211.617,
   11,       25.8,    180.457,     218.889,    218.579,
   12,       28.3,    180.698,     223.301,    225.507,
   13,       30.8,    180.691,     230.781,    232.379,
   14,       33.3,    180.764,     236.773,    239.180,
   15,       35.8,    180.713,     244.587,    245.894,
   16,       38.3,    180.713,     250.674,    252.509,
   17,       40.8,    180.786,     257.487,    259.015,
   18,       43.3,    180.932,     264.464,    265.404,
   19,       45.8,    180.720,     271.968,    271.653,
   20,       48.3,    181.013,     276.500,    277.770,
   21,       50.8,    180.932,     284.085,    283.735,
   22,       53.3,    180.998,     290.335,    289.545,
   23,       55.8,    181.034,     294.695,    295.193,
   24,       58.3,    181.115,     301.742,    300.676,
   25,       60.8,    180.961,     306.695,    305.982,
   26,       63.3,    180.932,     312.825,    311.114,
   27,       65.8,    180.961,     317.471,    316.068,
   28,       68.3,    180.866,     322.891,    320.843,
   29,       70.8,    180.844,     327.077,    325.437,
   30,       73.3,    180.998,     330.114,    329.856,
   31,       75.8,    181.013,     335.060,    334.097,
   32,       78.3,    180.925,     339.091,    338.160,
   33,       80.8,    181.013,     342.794,    342.050,
   34,       83.3,    181.093,     344.574,    345.769,
   35,       85.8,    181.115,     349.502,    349.321,
   36,       88.3,    181.042,     354.062,    352.706,
   37,       90.8,    181.137,     356.636,    355.932,
   38,       93.3,    181.027,     357.957,    359.000,
   39,       95.8,    181.093,     361.141,    361.917,
   40,       98.3,    181.203,     365.613,    364.687,
   41,      100.8,    181.151,     367.648,    367.315,
   42,      103.3,    181.093,     370.252,    369.805,
   43,      105.8,    181.020,     370.954,    372.163,
   44,      108.3,    181.093,     372.737,    374.394,
   45,      110.8,    181.298,     375.625,    376.504,
   46,      113.3,    181.239,     377.678,    378.498,
   47,      115.8,    181.108,     380.713,    380.379,
   48,      118.3,    181.151,     383.105,    382.155,
   49,      120.8,    181.027,     383.644,    383.828,
   50,      123.3,    180.998,     385.364,    385.405,
   51,      125.8,    181.312,     386.350,    386.891,
   52,      128.3,    181.100,     387.354,    388.289,
   53,      130.8,    181.261,     388.942,    389.605,
   54,      133.3,    181.108,     389.824,    390.842,
   55,      135.8,    181.261,     390.321,    392.004,
   56,      138.3,    181.254,     393.371,    393.097,
   57,      140.8,    181.151,     394.973,    394.123,
   58,      143.3,    181.203,     395.414,    395.087,
   59,      145.8,    181.210,     395.398,    395.991,
   60,      148.3,    181.064,     396.546,    396.839,
   61,      150.8,    181.071,     398.186,    397.635,
   62,      153.3,    181.247,     398.077,    398.381,
   63,      155.8,    181.130,     400.266,    399.080,
   64,      158.3,    181.327,     400.106,    399.735,
   65,      160.8,    181.305,     402.085,    400.349,
   66,      163.3,    181.371,     402.215,    400.924,
   67,      165.8,    181.290,     402.117,    401.462,
   68,      168.3,    181.166,     402.393,    401.967,
   69,      170.8,    181.283,     402.961,    402.439,
   70,      175.8,    179.733,     403.933,    403.788,
----,
DateTime:        , 2025/11/19, 16:39:18, 1763584758270,
RFID_EPC:        ,--Not Acquired--,
RFID_UserData:   ,--Not Acquired--,
Barcode:         ,--Not Acquired--,
PIF:,            0.00,
PARs:,            0.0,     0.0,     0.0,     0.0,     0.0,     0.0,
Light:,           0.0,     0.0,     0.0,     0.0,     0.0,     0.0,
Cycles:,            1,
                    1,      69,      70,      70,
Lamps:,        #10000,
Gain:,              2,      50, 
SNR_raw:,     305.16,
Position:,        0.0,              0.0,   NoData,
DataPt,      Time(us),   EX,         EM,       Fit,
==========,==========,==========,==========,=========,
    0,        0.0,      0.000,       0.000,    146.591,
    1,        0.8,    161.311,     147.231,    152.176,
    2,        3.3,    179.922,     159.033,    158.561,
    3,        5.8,    180.127,     169.603,    165.099,
    4,        8.3,    180.259,     174.194,    171.765,
    5,       10.8,    180.310,     180.245,    178.534,
    6,       13.3,    180.456,     186.195,    185.388,
    7,       15.8,    180.471,     192.552,    192.301,
    8,       18.3,    180.456,     199.772,    199.254,
    9,       20.8,    180.734,     205.274,    206.235,
   10,       23.3,    180.675,     211.982,    213.216,
   11,       25.8,    180.734,     219.107,    220.182,
   12,       28.3,    180.690,     224.694,    227.112,
   13,       30.8,    180.712,     232.137,    233.993,
   14,       33.3,    180.646,     240.526,    240.804,
   15,       35.8,    180.807,     245.013,    247.539,
   16,       38.3,    180.653,     253.524,    254.174,
   17,       40.8,    180.873,     260.957,    260.706,
   18,       43.3,    180.887,     267.570,    267.117,
   19,       45.8,    180.873,     273.120,    273.395,
   20,       48.3,    180.792,     279.603,    279.527,
   21,       50.8,    180.975,     285.951,    285.513,
   22,       53.3,    181.012,     291.970,    291.339,
   23,       55.8,    180.865,     297.735,    296.994,
   24,       58.3,    181.056,     303.498,    302.480,
   25,       60.8,    180.968,     308.618,    307.786,
   26,       63.3,    180.931,     314.208,    312.908,
   27,       65.8,    180.931,     319.182,    317.847,
   28,       68.3,    180.975,     322.972,    322.600,
   29,       70.8,    181.019,     328.418,    327.166,
   30,       73.3,    181.107,     332.124,    331.548,
   31,       75.8,    180.990,     335.654,    335.741,
   32,       78.3,    181.158,     339.759,    339.752,
   33,       80.8,    181.136,     343.112,    343.581,
   34,       83.3,    181.187,     347.707,    347.231,
   35,       85.8,    181.114,     352.540,    350.705,
   36,       88.3,    180.990,     355.545,    354.006,
   37,       90.8,    181.143,     356.624,    357.143,
   38,       93.3,    181.012,     361.026,    360.115,
   39,       95.8,    181.092,     362.799,    362.932,
   40,       98.3,    181.056,     365.357,    365.597,
   41,      100.8,    181.048,     368.410,    368.116,
   42,      103.3,    181.165,     370.932,    370.495,
   43,      105.8,    181.048,     373.381,    372.739,
   44,      108.3,    181.209,     373.601,    374.856,
   45,      110.8,    181.158,     377.019,    376.849,
   46,      113.3,    181.063,     377.493,    378.723,
   47,      115.8,    181.151,     380.622,    380.487,
   48,      118.3,    181.187,     379.718,    382.144,
   49,      120.8,    181.129,     382.325,    383.700,
   50,      123.3,    181.026,     383.646,    385.160,
   51,      125.8,    181.173,     385.268,    386.529,
   52,      128.3,    181.151,     388.351,    387.813,
   53,      130.8,    181.158,     388.887,    389.016,
   54,      133.3,    181.121,     389.794,    390.142,
   55,      135.8,    181.209,     389.881,    391.196,
   56,      138.3,    181.173,     392.719,    392.183,
   57,      140.8,    181.195,     392.120,    393.105,
   58,      143.3,    181.143,     394.439,    393.968,
   59,      145.8,    181.004,     394.189,    394.773,
   60,      148.3,    181.151,     394.699,    395.526,
   61,      150.8,    181.129,     396.955,    396.229,
   62,      153.3,    181.085,     397.880,    396.886,
   63,      155.8,    181.195,     398.191,    397.498,
   64,      158.3,    181.202,     400.382,    398.070,
   65,      160.8,    181.275,     399.669,    398.603,
   66,      163.3,    181.173,     400.447,    399.101,
   67,      165.8,    181.238,     400.853,    399.564,
   68,      168.3,    181.114,     401.404,    399.997,
   69,      170.8,    181.326,     402.589,    400.400,
   70,      175.8,    179.695,     401.513,    401.426,
----,
DateTime:        , 2025/11/19, 16:39:19, 1763584759731,
RFID_EPC:        ,--Not Acquired--,
RFID_UserData:   ,--Not Acquired--,
Barcode:         ,--Not Acquired--,
PIF:,            0.00,
PARs:,            0.0,     0.0,     0.0,     0.0,     0.0,     0.0,
Light:,           0.0,     0.0,     0.0,     0.0,     0.0,     0.0,
Cycles:,            1,
                    1,      69,      70,      70,
Lamps:,        #10000,
Gain:,              2,      50, 
SNR_raw:,     388.11,
Position:,        0.0,              0.0,   NoData,
DataPt,      Time(us),   EX,         EM,       Fit,
==========,==========,==========,==========,=========,
    0,        0.0,      0.000,       0.000,    143.978,
    1,        0.8,    161.371,     144.698,    149.615,
    2,        3.3,    179.829,     156.849,    156.061,
    3,        5.8,    180.041,     167.740,    162.669,
    4,        8.3,    180.100,     172.405,    169.405,
    5,       10.8,    180.165,     178.170,    176.242,
    6,       13.3,    180.451,     184.261,    183.167,
    7,       15.8,    180.553,     189.972,    190.149,
    8,       18.3,    180.531,     196.919,    197.164,
    9,       20.8,    180.538,     203.835,    204.193,
   10,       23.3,    180.685,     211.695,    211.223,
   11,       25.8,    180.589,     216.790,    218.227,
   12,       28.3,    180.568,     222.908,    225.192,
   13,       30.8,    180.670,     228.870,    232.106,
   14,       33.3,    180.728,     235.989,    238.953,
   15,       35.8,    180.867,     243.549,    245.723,
   16,       38.3,    180.860,     252.405,    252.396,
   17,       40.8,    180.809,     257.731,    258.960,
   18,       43.3,    180.875,     263.995,    265.407,
   19,       45.8,    180.904,     271.415,    271.726,
   20,       48.3,    180.911,     277.484,    277.907,
   21,       50.8,    180.911,     284.946,    283.941,
   22,       53.3,    180.889,     291.338,    289.819,
   23,       55.8,    180.984,     296.711,    295.540,
   24,       58.3,    180.933,     300.940,    301.093,
   25,       60.8,    181.021,     308.528,    306.477,
   26,       63.3,    180.970,     313.588,    311.686,
   27,       65.8,    181.065,     317.566,    316.719,
   28,       68.3,    181.014,     322.075,    321.572,
   29,       70.8,    180.992,     326.534,    326.245,
   30,       73.3,    181.109,     331.017,    330.740,
   31,       75.8,    181.284,     336.764,    335.059,
   32,       78.3,    180.992,     339.518,    339.193,
   33,       80.8,    180.970,     343.704,    343.151,
   34,       83.3,    181.123,     348.381,    346.937,
   35,       85.8,    180.999,     349.726,    350.550,
   36,       88.3,    181.036,     353.522,    353.995,
   37,       90.8,    180.926,     357.329,    357.276,
   38,       93.3,    181.058,     359.830,    360.399,
   39,       95.8,    181.248,     363.591,    363.369,
   40,       98.3,    181.255,     366.059,    366.189,
   41,      100.8,    181.182,     368.966,    368.862,
   42,      103.3,    181.175,     370.913,    371.395,
   43,      105.8,    181.240,     372.710,    373.793,
   44,      108.3,    181.072,     375.817,    376.060,
   45,      110.8,    181.072,     377.474,    378.203,
   46,      113.3,    181.153,     380.342,    380.226,
   47,      115.8,    181.058,     381.647,    382.135,
   48,      118.3,    181.109,     383.471,    383.935,
   49,      120.8,    181.072,     386.034,    385.631,
   50,      123.3,    181.196,     387.701,    387.229,
   51,      125.8,    181.248,     388.419,    388.733,
   52,      128.3,    181.160,     388.607,    390.148,
   53,      130.8,    181.182,     390.492,    391.478,
   54,      133.3,    181.226,     393.156,    392.728,
   55,      135.8,    181.043,     393.553,    393.901,
   56,      138.3,    181.131,     393.915,    395.003,
   57,      140.8,    181.160,     395.783,    396.037,
   58,      143.3,    181.050,     396.575,    397.007,
   59,      145.8,    181.153,     398.007,    397.916,
   60,      148.3,    181.248,     398.626,    398.769,
   61,      150.8,    181.167,     399.907,    399.568,
   62,      153.3,    181.175,     401.547,    400.316,
   63,      155.8,    181.218,     401.449,    401.018,
   64,      158.3,    181.277,     402.423,    401.674,
   65,      160.8,    181.233,     402.520,    402.289,
   66,      163.3,    181.255,     403.575,    402.864,
   67,      165.8,    181.087,     403.674,    403.402,
   68,      168.3,    181.123,     404.697,    403.905,
   69,      170.8,    181.218,     405.312,    404.376,
   70,      175.8,    179.697,     404.848,    405.222,
----,
DateTime:        , 2025/11/19, 16:39:21, 1763584761189,
RFID_EPC:        ,--Not Acquired--,
RFID_UserData:   ,--Not Acquired--,
Barcode:         ,--Not Acquired--,
PIF:,            0.00,
PARs:,            0.0,     0.0,     0.0,     0.0,     0.0,     0.0,
Light:,           0.0,     0.0,     0.0,     0.0,     0.0,     0.0,
Cycles:,            1,
                    1,      69,      70,      70,
Lamps:,        #10000,
Gain:,              2,      50, 
SNR_raw:,     336.28,
Position:,        0.0,              0.0,   NoData,
DataPt,      Time(us),   EX,         EM,       Fit,
==========,==========,==========,==========,=========,
    0,        0.0,      0.000,       0.000,    145.268,
    1,        0.8,    161.404,     145.287,    150.840,
    2,        3.3,    179.872,     157.140,    157.206,
    3,        5.8,    180.011,     167.767,    163.728,
    4,        8.3,    180.209,     173.688,    170.381,
    5,       10.8,    180.231,     179.215,    177.136,
    6,       13.3,    180.465,     185.355,    183.977,
    7,       15.8,    180.355,     191.844,    190.872,
    8,       18.3,    180.487,     197.799,    197.807,
    9,       20.8,    180.647,     204.542,    204.764,
   10,       23.3,    180.684,     209.482,    211.720,
   11,       25.8,    180.508,     218.272,    218.650,
   12,       28.3,    180.516,     224.357,    225.542,
   13,       30.8,    180.552,     230.958,    232.383,
   14,       33.3,    180.896,     237.705,    239.166,
   15,       35.8,    180.647,     244.399,    245.858,
   16,       38.3,    180.845,     250.767,    252.459,
   17,       40.8,    180.633,     257.982,    258.946,
   18,       43.3,    180.984,     264.112,    265.323,
   19,       45.8,    180.735,     270.285,    271.563,
   20,       48.3,    180.852,     277.851,    277.666,
   21,       50.8,    180.933,     285.189,    283.624,
   22,       53.3,    180.918,     289.910,    289.426,
   23,       55.8,    180.984,     295.054,    295.068,
   24,       58.3,    180.896,     301.554,    300.541,
   25,       60.8,    180.823,     307.760,    305.842,
   26,       63.3,    181.064,     312.044,    310.974,
   27,       65.8,    180.940,     316.956,    315.926,
   28,       68.3,    181.072,     321.144,    320.703,
   29,       70.8,    181.042,     326.167,    325.301,
   30,       73.3,    181.094,     331.873,    329.721,
   31,       75.8,    181.072,     335.503,    333.963,
   32,       78.3,    181.181,     338.887,    338.030,
   33,       80.8,    180.918,     342.420,    341.919,
   34,       83.3,    181.013,     346.384,    345.638,
   35,       85.8,    181.116,     348.120,    349.190,
   36,       88.3,    180.984,     353.623,    352.576,
   37,       90.8,    181.057,     356.241,    355.801,
   38,       93.3,    181.050,     358.741,    358.871,
   39,       95.8,    181.174,     361.807,    361.789,
   40,       98.3,    181.057,     365.078,    364.560,
   41,      100.8,    181.218,     366.134,    367.189,
   42,      103.3,    181.050,     369.512,    369.680,
   43,      105.8,    181.291,     370.950,    372.041,
   44,      108.3,    181.152,     373.719,    374.274,
   45,      110.8,    181.042,     375.050,    376.385,
   46,      113.3,    181.189,     378.059,    378.379,
   47,      115.8,    181.137,     379.822,    380.263,
   48,      118.3,    181.116,     381.800,    382.039,
   49,      120.8,    181.306,     382.503,    383.715,
   50,      123.3,    181.218,     384.620,    385.294,
   51,      125.8,    181.159,     387.228,    386.782,
   52,      128.3,    181.225,     387.915,    388.182,
   53,      130.8,    181.255,     389.232,    389.499,
   54,      133.3,    181.108,     390.374,    390.738,
   55,      135.8,    181.108,     392.031,    391.902,
   56,      138.3,    181.174,     393.820,    392.997,
   57,      140.8,    181.240,     392.849,    394.024,
   58,      143.3,    181.218,     393.449,    394.989,
   59,      145.8,    181.159,     394.956,    395.895,
   60,      148.3,    181.291,     396.876,    396.745,
   61,      150.8,    181.123,     398.072,    397.542,
   62,      153.3,    181.284,     397.719,    398.289,
   63,      155.8,    181.247,     400.558,    398.990,
   64,      158.3,    181.218,     401.450,    399.647,
   65,      160.8,    181.386,     401.629,    400.261,
   66,      163.3,    181.108,     401.141,    400.839,
   67,      165.8,    181.152,     402.148,    401.379,
   68,      168.3,    181.174,     402.651,    401.885,
   69,      170.8,    181.233,     404.177,    402.358,
   70,      175.8,    179.697,     404.292,    404.026,
----,
DateTime:        , 2025/11/19, 16:39:22, 1763584762678,
RFID_EPC:        ,--Not Acquired--,
RFID_UserData:   ,--Not Acquired--,
Barcode:         ,--Not Acquired--,
PIF:,            0.00,
PARs:,            0.0,     0.0,     0.0,     0.0,     0.0,     0.0,
Light:,           0.0,     0.0,     0.0,     0.0,     0.0,     0.0,
Cycles:,            1,
                    1,      69,      70,      70,
Lamps:,        #10000,
Gain:,              2,      50, 
SNR_raw:,     371.22,
Position:,        0.0,              0.0,   NoData,
DataPt,      Time(us),   EX,         EM,       Fit,
==========,==========,==========,==========,=========,
    0,        0.0,      0.000,       0.000,    145.570,
    1,        0.8,    161.248,     145.428,    151.024,
    2,        3.3,    179.961,     157.457,    157.281,
    3,        5.8,    180.114,     168.226,    163.705,
    4,        8.3,    180.173,     173.722,    170.268,
    5,       10.8,    180.334,     178.558,    176.948,
    6,       13.3,    180.334,     184.658,    183.716,
    7,       15.8,    180.209,     190.334,    190.546,
    8,       18.3,    180.465,     196.991,    197.428,
    9,       20.8,    180.539,     204.389,    204.337,
   10,       23.3,    180.524,     210.775,    211.250,
   11,       25.8,    180.575,     217.638,    218.150,
   12,       28.3,    180.604,     222.863,    225.020,
   13,       30.8,    180.721,     230.189,    231.846,
   14,       33.3,    180.802,     237.276,    238.610,
   15,       35.8,    180.860,     244.940,    245.297,
   16,       38.3,    180.707,     250.682,    251.888,
   17,       40.8,    180.853,     257.944,    258.377,
   18,       43.3,    180.780,     263.857,    264.748,
   19,       45.8,    180.816,     270.717,    270.993,
   20,       48.3,    180.860,     276.733,    277.101,
   21,       50.8,    180.787,     282.376,    283.063,
   22,       53.3,    180.846,     289.197,    288.872,
   23,       55.8,    180.999,     294.753,    294.525,
   24,       58.3,    181.028,     301.886,    300.014,
   25,       60.8,    181.175,     306.610,    305.336,
   26,       63.3,    181.043,     311.252,    310.482,
   27,       65.8,    180.941,     316.678,    315.450,
   28,       68.3,    180.985,     320.746,    320.241,
   29,       70.8,    181.036,     325.902,    324.855,
   30,       73.3,    181.043,     330.584,    329.291,
   31,       75.8,    180.933,     334.654,    333.547,
   32,       78.3,    180.904,     338.577,    337.626,
   33,       80.8,    181.058,     342.708,    341.534,
   34,       83.3,    181.043,     345.774,    345.269,
   35,       85.8,    181.211,     348.212,    348.838,
   36,       88.3,    180.999,     352.488,    352.240,
   37,       90.8,    181.167,     354.920,    355.482,
   38,       93.3,    181.036,     358.769,    358.566,
   39,       95.8,    181.094,     360.586,    361.498,
   40,       98.3,    181.102,     363.884,    364.282,
   41,      100.8,    181.124,     367.153,    366.924,
   42,      103.3,    180.977,     370.489,    369.427,
   43,      105.8,    181.072,     372.503,    371.798,
   44,      108.3,    181.241,     374.089,    374.043,
   45,      110.8,    181.175,     374.776,    376.164,
   46,      113.3,    181.116,     377.658,    378.169,
   47,      115.8,    181.219,     378.548,    380.062,
   48,      118.3,    181.284,     381.996,    381.848,
   49,      120.8,    181.321,     383.574,    383.532,
   50,      123.3,    181.058,     384.132,    385.119,
   51,      125.8,    181.087,     386.002,    386.614,
   52,      128.3,    181.124,     387.581,    388.020,
   53,      130.8,    181.270,     388.096,    389.344,
   54,      133.3,    181.087,     389.868,    390.589,
   55,      135.8,    181.299,     391.067,    391.759,
   56,      138.3,    181.277,     393.872,    392.858,
   57,      140.8,    181.080,     393.197,    393.891,
   58,      143.3,    181.350,     395.092,    394.859,
   59,      145.8,    181.204,     395.687,    395.769,
   60,      148.3,    181.226,     395.639,    396.623,
   61,      150.8,    181.050,     397.127,    397.424,
   62,      153.3,    181.241,     397.262,    398.175,
   63,      155.8,    181.241,     398.642,    398.878,
   64,      158.3,    181.145,     399.955,    399.538,
   65,      160.8,    181.204,     401.205,    400.156,
   66,      163.3,    181.189,     401.790,    400.735,
   67,      165.8,    181.299,     403.201,    401.276,
   68,      168.3,    181.277,     404.078,    401.783,
   69,      170.8,    181.145,     403.819,    402.259,
   70,      175.8,    179.910,     404.370,    404.075,
----,
DateTime:        , 2025/11/19, 16:39:24, 1763584764221,
RFID_EPC:        ,--Not Acquired--,
RFID_UserData:   ,--Not Acquired--,
Barcode:         ,--Not Acquired--,
PIF:,            0.00,
PARs:,            0.0,     0.0,     0.0,     0.0,     0.0,     0.0,
Light:,           0.0,     0.0,     0.0,     0.0,     0.0,     0.0,
Cycles:,            1,
                    1,      69,      70,      70,
Lamps:,        #10000,
Gain:,              2,      50, 
SNR_raw:,     407.64,
Position:,        0.0,              0.0,   NoData,
DataPt,      Time(us),   EX,         EM,       Fit,
==========,==========,==========,==========,=========,
    0,        0.0,      0.000,       0.000,    146.587,
    1,        0.8,    161.275,     146.644,    151.774,
    2,        3.3,    179.946,     158.099,    157.764,
    3,        5.8,    180.283,     168.347,    163.961,
    4,        8.3,    180.071,     172.710,    170.319,
    5,       10.8,    180.319,     178.017,    176.824,
    6,       13.3,    180.349,     184.365,    183.443,
    7,       15.8,    180.444,     190.641,    190.156,
    8,       18.3,    180.546,     197.733,    196.937,
    9,       20.8,    180.546,     204.657,    203.762,
   10,       23.3,    180.495,     210.255,    210.609,
   11,       25.8,    180.583,     215.691,    217.461,
   12,       28.3,    180.605,     222.032,    224.298,
   13,       30.8,    180.641,     229.184,    231.101,
   14,       33.3,    180.714,     235.731,    237.855,
   15,       35.8,    180.809,     243.903,    244.544,
   16,       38.3,    180.802,     249.721,    251.151,
   17,       40.8,    180.802,     257.187,    257.660,
   18,       43.3,    180.970,     263.027,    264.065,
   19,       45.8,    181.021,     269.857,    270.350,
   20,       48.3,    180.970,     276.565,    276.501,
   21,       50.8,    180.919,     282.170,    282.508,
   22,       53.3,    180.948,     288.756,    288.366,
   23,       55.8,    181.051,     295.497,    294.068,
   24,       58.3,    181.000,     300.553,    299.605,
   25,       60.8,    181.007,     306.894,    304.972,
   26,       63.3,    180.941,     311.151,    310.163,
   27,       65.8,    180.890,     316.767,    315.177,
   28,       68.3,    181.036,     320.654,    320.014,
   29,       70.8,    181.021,     326.204,    324.669,
   30,       73.3,    181.043,     330.031,    329.144,
   31,       75.8,    181.073,     333.568,    333.439,
   32,       78.3,    181.036,     338.054,    337.554,
   33,       80.8,    181.036,     342.473,    341.490,
   34,       83.3,    180.948,     346.784,    345.251,
   35,       85.8,    181.168,     349.124,    348.841,
   36,       88.3,    181.051,     352.664,    352.262,
   37,       90.8,    180.831,     356.409,    355.516,
   38,       93.3,    181.175,     358.493,    358.612,
   39,       95.8,    180.956,     361.967,    361.551,
   40,       98.3,    181.175,     364.840,    364.340,
   41,      100.8,    181.073,     366.704,    366.982,
   42,      103.3,    181.146,     368.764,    369.485,
   43,      105.8,    181.109,     370.771,    371.851,
   44,      108.3,    181.131,     373.486,    374.088,
   45,      110.8,    181.175,     374.776,    376.200,
   46,      113.3,    181.021,     378.132,    378.193,
   47,      115.8,    181.160,     379.774,    380.072,
   48,      118.3,    181.160,     381.430,    381.842,
   49,      120.8,    181.124,     382.335,    383.508,
   50,      123.3,    181.248,     384.280,    385.077,
   51,      125.8,    181.124,     385.372,    386.551,
   52,      128.3,    181.234,     387.345,    387.937,
   53,      130.8,    181.182,     388.559,    389.239,
   54,      133.3,    181.365,     390.924,    390.461,
   55,      135.8,    181.256,     390.609,    391.608,
   56,      138.3,    181.190,     391.855,    392.684,
   57,      140.8,    181.080,     394.577,    393.694,
   58,      143.3,    181.219,     395.102,    394.640,
   59,      145.8,    181.117,     395.049,    395.526,
   60,      148.3,    181.124,     396.966,    396.356,
   61,      150.8,    181.314,     397.928,    397.133,
   62,      153.3,    181.021,     398.848,    397.861,
   63,      155.8,    181.256,     398.333,    398.541,
   64,      158.3,    181.219,     399.241,    399.178,
   65,      160.8,    181.365,     399.746,    399.772,
   66,      163.3,    181.131,     401.367,    400.330,
   67,      165.8,    181.160,     402.130,    400.851,
   68,      168.3,    181.117,     403.331,    401.338,
   69,      170.8,    181.212,     404.499,    401.792,
   70,      175.8,    179.669,     404.077,    403.724,
----,
DateTime:        , 2025/11/19, 16:39:25, 1763584765772,
RFID_EPC:        ,--Not Acquired--,
RFID_UserData:   ,--Not Acquired--,
Barcode:         ,--Not Acquired--,
PIF:,            0.00,
PARs:,            0.0,     0.0,     0.0,     0.0,     0.0,     0.0,
Light:,           0.0,     0.0,     0.0,     0.0,     0.0,     0.0,
Cycles:,            1,
                    1,      69,      70,      70,
Lamps:,        #10000,
Gain:,              2,      50, 
SNR_raw:,     391.90,
Position:,        0.0,              0.0,   NoData,
DataPt,      Time(us),   EX,         EM,       Fit,
==========,==========,==========,==========,=========,
    0,        0.0,      0.000,       0.000,    146.388,
    1,        0.8,    161.440,     145.565,    151.394,
    2,        3.3,    179.875,     157.634,    157.274,
    3,        5.8,    180.175,     168.448,    163.446,
    4,        8.3,    180.372,     172.976,    169.856,
    5,       10.8,    180.204,     179.241,    176.447,
    6,       13.3,    180.350,     184.918,    183.187,
    7,       15.8,    180.365,     190.725,    190.037,
    8,       18.3,    180.504,     195.287,    196.967,
    9,       20.8,    180.518,     203.580,    203.944,
   10,       23.3,    180.394,     209.818,    210.935,
   11,       25.8,    180.628,     217.021,    217.928,
   12,       28.3,    180.811,     223.438,    224.899,
   13,       30.8,    180.687,     231.063,    231.817,
   14,       33.3,    180.738,     237.361,    238.670,
   15,       35.8,    180.825,     243.052,    245.441,
   16,       38.3,    180.804,     250.548,    252.112,
   17,       40.8,    180.869,     257.368,    258.671,
   18,       43.3,    180.877,     263.163,    265.105,
   19,       45.8,    180.877,     270.903,    271.403,
   20,       48.3,    180.833,     278.158,    277.554,
   21,       50.8,    180.994,     283.159,    283.553,
   22,       53.3,    180.935,     290.159,    289.389,
   23,       55.8,    181.140,     295.352,    295.061,
   24,       58.3,    180.906,     300.709,    300.556,
   25,       60.8,    181.052,     306.265,    305.876,
   26,       63.3,    180.921,     312.292,    311.015,
   27,       65.8,    180.935,     317.793,    315.972,
   28,       68.3,    181.045,     322.020,    320.749,
   29,       70.8,    181.023,     325.926,    325.342,
   30,       73.3,    180.869,     330.073,    329.752,
   31,       75.8,    181.038,     335.013,    333.982,
   32,       78.3,    181.001,     338.396,    338.034,
   33,       80.8,    181.059,     343.534,    341.910,
   34,       83.3,    181.228,     346.801,    345.614,
   35,       85.8,    181.191,     348.803,    349.149,
   36,       88.3,    181.081,     353.984,    352.517,
   37,       90.8,    181.096,     356.717,    355.724,
   38,       93.3,    181.103,     359.187,    358.774,
   39,       95.8,    181.206,     362.019,    361.672,
   40,       98.3,    180.884,     365.428,    364.422,
   41,      100.8,    181.169,     366.784,    367.031,
   42,      103.3,    181.008,     368.768,    369.503,
   43,      105.8,    181.052,     372.268,    371.844,
   44,      108.3,    181.272,     373.749,    374.058,
   45,      110.8,    181.140,     375.124,    376.151,
   46,      113.3,    181.235,     376.859,    378.129,
   47,      115.8,    181.213,     379.112,    379.996,
   48,      118.3,    181.389,     380.950,    381.757,
   49,      120.8,    181.074,     382.716,    383.419,
   50,      123.3,    181.125,     384.264,    384.984,
   51,      125.8,    181.103,     386.796,    386.459,
   52,      128.3,    181.111,     387.608,    387.848,
   53,      130.8,    181.074,     388.515,    389.154,
   54,      133.3,    181.103,     389.004,    390.383,
   55,      135.8,    181.125,     391.166,    391.538,
   56,      138.3,    181.089,     392.073,    392.623,
   57,      140.8,    181.169,     393.555,    393.643,
   58,      143.3,    181.184,     394.903,    394.600,
   59,      145.8,    181.220,     396.479,    395.498,
   60,      148.3,    181.133,     396.119,    396.342,
   61,      150.8,    181.242,     397.534,    397.133,
   62,      153.3,    181.191,     398.750,    397.875,
   63,      155.8,    181.089,     398.423,    398.572,
   64,      158.3,    181.096,     400.064,    399.225,
   65,      160.8,    181.279,     400.488,    399.836,
   66,      163.3,    181.264,     401.348,    400.409,
   67,      165.8,    181.206,     402.581,    400.945,
   68,      168.3,    181.155,     402.143,    401.449,
   69,      170.8,    181.206,     402.581,    401.920,
   70,      175.8,    179.634,     404.435,    404.231,
----,
DateTime:        , 2025/11/19, 16:39:27, 1763584767262,
RFID_EPC:        ,--Not Acquired--,
RFID_UserData:   ,--Not Acquired--,
Barcode:         ,--Not Acquired--,
PIF:,            0.00,
PARs:,            0.0,     0.0,     0.0,     0.0,     0.0,     0.0,
Light:,           0.0,     0.0,     0.0,     0.0,     0.0,     0.0,
Cycles:,            1,
                    1,      69,      70,      70,
Lamps:,        #10000,
Gain:,              2,      50, 
SNR_raw:,     347.77,
Position:,        0.0,              0.0,   NoData,
DataPt,      Time(us),   EX,         EM,       Fit,
==========,==========,==========,==========,=========,
    0,        0.0,      0.000,       0.000,    146.798,
    1,        0.8,    161.264,     146.034,    151.499,
    2,        3.3,    179.967,     157.713,    157.137,
    3,        5.8,    180.179,     168.166,    163.142,
    4,        8.3,    180.187,     172.321,    169.438,
    5,       10.8,    180.479,     177.029,    175.973,
    6,       13.3,    180.530,     184.734,    182.686,
    7,       15.8,    180.464,     190.896,    189.528,
    8,       18.3,    180.625,     196.816,    196.465,
    9,       20.8,    180.684,     202.840,    203.459,
   10,       23.3,    180.742,     209.414,    210.476,
   11,       25.8,    180.582,     216.523,    217.485,
   12,       28.3,    180.618,     222.846,    224.464,
   13,       30.8,    180.603,     229.785,    231.391,
   14,       33.3,    180.750,     235.962,    238.250,
   15,       35.8,    180.808,     242.799,    245.021,
   16,       38.3,    180.764,     250.602,    251.687,
   17,       40.8,    180.874,     257.638,    258.236,
   18,       43.3,    180.794,     263.284,    264.654,
   19,       45.8,    180.962,     269.946,    270.933,
   20,       48.3,    180.998,     276.245,    277.063,
   21,       50.8,    180.852,     283.934,    283.032,
   22,       53.3,    180.801,     289.268,    288.836,
   23,       55.8,    180.998,     294.754,    294.472,
   24,       58.3,    180.867,     300.497,    299.932,
   25,       60.8,    180.962,     304.760,    305.215,
   26,       63.3,    180.962,     311.115,    310.318,
   27,       65.8,    180.991,     314.933,    315.240,
   28,       68.3,    181.108,     320.803,    319.982,
   29,       70.8,    181.057,     326.140,    324.541,
   30,       73.3,    180.998,     330.390,    328.919,
   31,       75.8,    181.013,     332.849,    333.118,
   32,       78.3,    181.028,     337.517,    337.140,
   33,       80.8,    181.137,     340.625,    340.989,
   34,       83.3,    180.998,     345.859,    344.667,
   35,       85.8,    181.101,     349.529,    348.177,
   36,       88.3,    181.028,     351.604,    351.524,
   37,       90.8,    180.962,     356.152,    354.712,
   38,       93.3,    181.181,     357.929,    357.746,
   39,       95.8,    181.130,     362.171,    360.631,
   40,       98.3,    181.115,     363.856,    363.371,
   41,      100.8,    181.035,     366.780,    365.971,
   42,      103.3,    181.094,     368.870,    368.437,
   43,      105.8,    181.211,     370.563,    370.774,
   44,      108.3,    181.050,     372.274,    372.986,
   45,      110.8,    181.086,     375.236,    375.080,
   46,      113.3,    181.079,     376.079,    377.059,
   47,      115.8,    181.181,     378.074,    378.929,
   48,      118.3,    181.115,     380.420,    380.695,
   49,      120.8,    181.086,     381.862,    382.363,
   50,      123.3,    181.174,     382.781,    383.935,
   51,      125.8,    181.189,     384.406,    385.418,
   52,      128.3,    181.203,     385.479,    386.815,
   53,      130.8,    181.167,     387.764,    388.132,
   54,      133.3,    181.174,     389.957,    389.371,
   55,      135.8,    181.020,     390.840,    390.539,
   56,      138.3,    181.196,     391.013,    391.637,
   57,      140.8,    181.159,     391.920,    392.669,
   58,      143.3,    181.174,     392.716,    393.640,
   59,      145.8,    181.137,     393.624,    394.552,
   60,      148.3,    181.050,     396.300,    395.411,
   61,      150.8,    181.167,     396.320,    396.216,
   62,      153.3,    181.364,     396.716,    396.970,
   63,      155.8,    181.247,     398.075,    397.679,
   64,      158.3,    181.240,     398.919,    398.345,
   65,      160.8,    181.247,     399.179,    398.970,
   66,      163.3,    181.284,     399.374,    399.556,
   67,      165.8,    181.050,     400.719,    400.109,
   68,      168.3,    181.072,     401.775,    400.627,
   69,      170.8,    181.072,     402.879,    401.112,
   70,      175.8,    179.711,     403.982,    403.796,
----,
DateTime:        , 2025/11/19, 16:39:28, 1763584768787,
RFID_EPC:        ,--Not Acquired--,
RFID_UserData:   ,--Not Acquired--,
Barcode:         ,--Not Acquired--,
PIF:,            0.00,
PARs:,            0.0,     0.0,     0.0,     0.0,     0.0,     0.0,
Light:,           0.0,     0.0,     0.0,     0.0,     0.0,     0.0,
Cycles:,            1,
                    1,      69,      70,      70,
Lamps:,        #10000,
Gain:,              2,      50, 
SNR_raw:,     370.48,
Position:,        0.0,              0.0,   NoData,
DataPt,      Time(us),   EX,         EM,       Fit,
==========,==========,==========,==========,=========,
    0,        0.0,      0.000,       0.000,    146.297,
    1,        0.8,    161.173,     144.565,    151.149,
    2,        3.3,    179.883,     157.031,    156.931,
    3,        5.8,    180.161,     168.183,    163.062,
    4,        8.3,    180.147,     173.747,    169.467,
    5,       10.8,    180.366,     178.526,    176.095,
    6,       13.3,    180.607,     184.101,    182.897,
    7,       15.8,    180.403,     190.685,    189.815,
    8,       18.3,    180.622,     197.374,    196.822,
    9,       20.8,    180.549,     204.377,    203.876,
   10,       23.3,    180.636,     210.921,    210.949,
   11,       25.8,    180.651,     217.546,    218.013,
   12,       28.3,    180.505,     223.263,    225.039,
   13,       30.8,    180.746,     229.604,    232.015,
   14,       33.3,    180.739,     236.806,    238.916,
   15,       35.8,    180.775,     244.502,    245.724,
   16,       38.3,    180.841,     249.114,    252.426,
   17,       40.8,    180.753,     256.703,    259.005,
   18,       43.3,    180.914,     263.937,    265.453,
   19,       45.8,    180.966,     271.322,    271.758,
   20,       48.3,    181.017,     275.941,    277.910,
   21,       50.8,    181.031,     284.481,    283.902,
   22,       53.3,    180.980,     289.258,    289.725,
   23,       55.8,    180.973,     295.072,    295.375,
   24,       58.3,    181.141,     301.423,    300.850,
   25,       60.8,    180.856,     306.321,    306.141,
   26,       63.3,    180.929,     312.830,    311.250,
   27,       65.8,    180.973,     316.898,    316.177,
   28,       68.3,    180.966,     322.437,    320.919,
   29,       70.8,    181.061,     325.029,    325.478,
   30,       73.3,    181.082,     330.512,    329.856,
   31,       75.8,    180.863,     334.784,    334.051,
   32,       78.3,    181.207,     338.839,    338.070,
   33,       80.8,    180.980,     344.513,    341.913,
   34,       83.3,    181.002,     346.405,    345.584,
   35,       85.8,    180.936,     350.952,    349.087,
   36,       88.3,    181.068,     352.906,    352.426,
   37,       90.8,    181.126,     356.933,    355.606,
   38,       93.3,    180.980,     359.984,    358.631,
   39,       95.8,    181.090,     361.147,    361.506,
   40,       98.3,    180.951,     364.740,    364.236,
   41,      100.8,    181.178,     366.491,    366.826,
   42,      103.3,    181.112,     369.937,    369.282,
   43,      105.8,    181.331,     371.696,    371.608,
   44,      108.3,    181.009,     372.909,    373.810,
   45,      110.8,    181.163,     375.353,    375.894,
   46,      113.3,    181.097,     377.698,    377.863,
   47,      115.8,    181.112,     379.600,    379.724,
   48,      118.3,    181.185,     381.102,    381.480,
   49,      120.8,    181.075,     382.162,    383.138,
   50,      123.3,    181.134,     384.523,    384.702,
   51,      125.8,    181.068,     385.215,    386.176,
   52,      128.3,    181.295,     386.388,    387.564,
   53,      130.8,    181.207,     387.403,    388.872,
   54,      133.3,    181.229,     389.563,    390.103,
   55,      135.8,    181.112,     391.747,    391.262,
   56,      138.3,    181.163,     391.912,    392.353,
   57,      140.8,    181.185,     392.417,    393.378,
   58,      143.3,    181.134,     393.356,    394.342,
   59,      145.8,    181.068,     395.156,    395.249,
   60,      148.3,    181.170,     395.484,    396.099,
   61,      150.8,    181.280,     396.348,    396.897,
   62,      153.3,    181.207,     397.060,    397.647,
   63,      155.8,    181.324,     398.183,    398.350,
   64,      158.3,    181.192,     398.472,    399.012,
   65,      160.8,    181.265,     399.966,    399.632,
   66,      163.3,    181.148,     401.881,    400.214,
   67,      165.8,    181.119,     401.946,    400.761,
   68,      168.3,    181.075,     403.147,    401.275,
   69,      170.8,    181.178,     403.472,    401.755,
   70,      175.8,    179.737,     404.758,    404.390,
----,
DateTime:        , 2025/11/19, 16:39:30, 1763584770319,
RFID_EPC:        ,--Not Acquired--,
RFID_UserData:   ,--Not Acquired--,
Barcode:         ,--Not Acquired--,
PIF:,            0.00,
PARs:,            0.0,     0.0,     0.0,     0.0,     0.0,     0.0,
Light:,           0.0,     0.0,     0.0,     0.0,     0.0,     0.0,
Cycles:,            1,
                    1,      69,      70,      70,
Lamps:,        #10000,
Gain:,              2,      50, 
SNR_raw:,     305.12,
Position:,        0.0,              0.0,   NoData,
DataPt,      Time(us),   EX,         EM,       Fit,
==========,==========,==========,==========,=========,
    0,        0.0,      0.000,       0.000,    146.869,
    1,        0.8,    161.401,     146.839,    152.184,
    2,        3.3,    180.207,     158.103,    158.312,
    3,        5.8,    180.148,     168.195,    164.622,
    4,        8.3,    180.346,     173.278,    171.095,
    5,       10.8,    180.455,     180.377,    177.701,
    6,       13.3,    180.207,     186.175,    184.404,
    7,       15.8,    180.375,     191.823,    191.193,
    8,       18.3,    180.514,     197.769,    198.045,
    9,       20.8,    180.594,     205.156,    204.935,
   10,       23.3,    180.565,     211.835,    211.839,
   11,       25.8,    180.726,     217.456,    218.744,
   12,       28.3,    180.821,     224.808,    225.630,
   13,       30.8,    180.733,     230.727,    232.471,
   14,       33.3,    181.004,     236.459,    239.263,
   15,       35.8,    180.887,     246.010,    245.978,
   16,       38.3,    180.938,     251.744,    252.605,
   17,       40.8,    180.689,     256.794,    259.123,
   18,       43.3,    180.821,     264.627,    265.530,
   19,       45.8,    180.770,     271.893,    271.809,
   20,       48.3,    180.821,     278.729,    277.952,
   21,       50.8,    180.945,     283.511,    283.951,
   22,       53.3,    181.040,     289.438,    289.797,
   23,       55.8,    180.974,     295.622,    295.480,
   24,       58.3,    180.909,     301.533,    300.993,
   25,       60.8,    180.931,     307.577,    306.333,
   26,       63.3,    181.040,     312.085,    311.498,
   27,       65.8,    180.982,     318.264,    316.481,
   28,       68.3,    180.916,     323.078,    321.281,
   29,       70.8,    180.974,     327.118,    325.900,
   30,       73.3,    180.989,     330.959,    330.335,
   31,       75.8,    181.113,     335.149,    334.589,
   32,       78.3,    181.033,     339.165,    338.661,
   33,       80.8,    181.026,     343.045,    342.554,
   34,       83.3,    181.106,     347.034,    346.272,
   35,       85.8,    181.106,     349.795,    349.816,
   36,       88.3,    180.894,     351.587,    353.189,
   37,       90.8,    181.091,     356.726,    356.398,
   38,       93.3,    180.938,     360.621,    359.446,
   39,       95.8,    181.018,     363.499,    362.338,
   40,       98.3,    181.099,     365.547,    365.081,
   41,      100.8,    181.128,     366.592,    367.678,
   42,      103.3,    181.055,     370.330,    370.134,
   43,      105.8,    181.186,     371.165,    372.456,
   44,      108.3,    181.208,     373.879,    374.649,
   45,      110.8,    181.186,     375.304,    376.718,
   46,      113.3,    181.099,     378.523,    378.669,
   47,      115.8,    180.960,     380.471,    380.506,
   48,      118.3,    181.128,     382.879,    382.236,
   49,      120.8,    181.099,     384.045,    383.864,
   50,      123.3,    181.084,     383.247,    385.395,
   51,      125.8,    181.091,     385.165,    386.833,
   52,      128.3,    181.260,     387.842,    388.184,
   53,      130.8,    181.274,     388.362,    389.451,
   54,      133.3,    181.026,     390.000,    390.641,
   55,      135.8,    181.216,     391.522,    391.757,
   56,      138.3,    181.150,     391.389,    392.803,
   57,      140.8,    181.121,     393.660,    393.783,
   58,      143.3,    181.201,     394.865,    394.701,
   59,      145.8,    181.165,     395.773,    395.560,
   60,      148.3,    181.113,     396.161,    396.365,
   61,      150.8,    181.106,     397.557,    397.118,
   62,      153.3,    181.084,     398.434,    397.823,
   63,      155.8,    181.311,     398.211,    398.480,
   64,      158.3,    181.267,     399.135,    399.096,
   65,      160.8,    181.143,     401.065,    399.671,
   66,      163.3,    181.398,     400.499,    400.208,
   67,      165.8,    181.303,     400.985,    400.710,
   68,      168.3,    181.282,     400.758,    401.179,
   69,      170.8,    180.879,     403.307,    401.619,
   70,      175.8,    179.534,     403.823,    403.429,
----,
DateTime:        , 2025/11/19, 16:39:32, 1763584771850,
RFID_EPC:        ,--Not Acquired--,
RFID_UserData:   ,--Not Acquired--,
Barcode:         ,--Not Acquired--,
PIF:,            0.00,
PARs:,            0.0,     0.0,     0.0,     0.0,     0.0,     0.0,
Light:,           0.0,     0.0,     0.0,     0.0,     0.0,     0.0,
Cycles:,            1,
                    1,      69,      70,      70,
Lamps:,        #10000,
Gain:,              2,      50, 
SNR_raw:,     309.89,
Position:,        0.0,              0.0,   NoData,
DataPt,      Time(us),   EX,         EM,       Fit,
==========,==========,==========,==========,=========,
    0,        0.0,      0.000,       0.000,    145.082,
    1,        0.8,    161.242,     145.124,    150.331,
    2,        3.3,    179.823,     156.881,    156.422,
    3,        5.8,    180.101,     167.406,    162.747,
    4,        8.3,    180.137,     172.091,    169.258,
    5,       10.8,    180.247,     177.534,    175.924,
    6,       13.3,    180.459,     183.421,    182.717,
    7,       15.8,    180.547,     190.255,    189.602,
    8,       18.3,    180.547,     197.179,    196.551,
    9,       20.8,    180.561,     203.255,    203.537,
   10,       23.3,    180.525,     209.112,    210.537,
   11,       25.8,    180.576,     216.806,    217.531,
   12,       28.3,    180.569,     223.461,    224.497,
   13,       30.8,    180.540,     230.143,    231.416,
   14,       33.3,    180.795,     236.455,    238.279,
   15,       35.8,    180.642,     243.576,    245.057,
   16,       38.3,    180.825,     249.136,    251.745,
   17,       40.8,    180.774,     256.951,    258.323,
   18,       43.3,    180.774,     263.313,    264.780,
   19,       45.8,    180.854,     270.660,    271.107,
   20,       48.3,    180.986,     278.475,    277.295,
   21,       50.8,    180.861,     283.366,    283.328,
   22,       53.3,    180.869,     289.713,    289.201,
   23,       55.8,    180.876,     294.401,    294.909,
   24,       58.3,    181.000,     301.933,    300.448,
   25,       60.8,    181.022,     307.145,    305.811,
   26,       63.3,    180.978,     313.297,    310.993,
   27,       65.8,    181.117,     316.922,    315.996,
   28,       68.3,    181.154,     320.722,    320.816,
   29,       70.8,    181.168,     325.664,    325.452,
   30,       73.3,    181.212,     330.276,    329.904,
   31,       75.8,    181.022,     335.318,    334.170,
   32,       78.3,    181.095,     339.324,    338.255,
   33,       80.8,    181.220,     342.678,    342.163,
   34,       83.3,    180.912,     347.129,    345.890,
   35,       85.8,    181.117,     351.154,    349.448,
   36,       88.3,    180.891,     353.529,    352.833,
   37,       90.8,    181.132,     356.094,    356.057,
   38,       93.3,    181.029,     360.162,    359.119,
   39,       95.8,    181.161,     362.661,    362.027,
   40,       98.3,    181.073,     365.045,    364.784,
   41,      100.8,    181.103,     366.643,    367.397,
   42,      103.3,    181.271,     369.337,    369.870,
   43,      105.8,    181.117,     370.478,    372.209,
   44,      108.3,    181.044,     373.666,    374.418,
   45,      110.8,    181.176,     375.602,    376.505,
   46,      113.3,    181.073,     378.300,    378.473,
   47,      115.8,    181.059,     379.987,    380.329,
   48,      118.3,    181.227,     382.669,    382.077,
   49,      120.8,    181.146,     383.115,    383.723,
   50,      123.3,    181.285,     384.201,    385.272,
   51,      125.8,    181.256,     385.918,    386.729,
   52,      128.3,    181.205,     387.958,    388.098,
   53,      130.8,    181.095,     387.917,    389.385,
   54,      133.3,    181.161,     389.432,    390.593,
   55,      135.8,    181.139,     391.964,    391.727,
   56,      138.3,    181.015,     393.338,    392.791,
   57,      140.8,    181.154,     394.968,    393.789,
   58,      143.3,    181.263,     395.281,    394.723,
   59,      145.8,    181.293,     394.941,    395.599,
   60,      148.3,    181.271,     395.265,    396.420,
   61,      150.8,    181.220,     397.032,    397.189,
   62,      153.3,    181.212,     397.324,    397.909,
   63,      155.8,    181.285,     399.094,    398.583,
   64,      158.3,    181.168,     399.628,    399.214,
   65,      160.8,    181.088,     401.462,    399.805,
   66,      163.3,    181.285,     402.128,    400.356,
   67,      165.8,    181.220,     401.723,    400.873,
   68,      168.3,    181.037,     402.957,    401.356,
   69,      170.8,    181.146,     403.541,    401.808,
   70,      175.8,    179.750,     403.617,    403.522,
----,
DateTime:        , 2025/11/19, 16:39:33, 1763584773328,
RFID_EPC:        ,--Not Acquired--,
RFID_UserData:   ,--Not Acquired--,
Barcode:         ,--Not Acquired--,
PIF:,            0.00,
PARs:,            0.0,     0.0,     0.0,     0.0,     0.0,     0.0,
Light:,           0.0,     0.0,     0.0,     0.0,     0.0,     0.0,
Cycles:,            1,
                    1,      69,      70,      70,
Lamps:,        #10000,
Gain:,              2,      50, 
SNR_raw:,     299.81,
Position:,        0.0,              0.0,   NoData,
DataPt,      Time(us),   EX,         EM,       Fit,
==========,==========,==========,==========,=========,
    0,        0.0,      0.000,       0.000,    144.435,
    1,        0.8,    161.263,     144.174,    149.747,
    2,        3.3,    179.871,     156.116,    155.900,
    3,        5.8,    180.149,     166.807,    162.277,
    4,        8.3,    180.163,     171.511,    168.834,
    5,       10.8,    180.185,     177.873,    175.536,
    6,       13.3,    180.331,     183.828,    182.357,
    7,       15.8,    180.675,     189.567,    189.273,
    8,       18.3,    180.463,     195.331,    196.240,
    9,       20.8,    180.485,     202.787,    203.240,
   10,       23.3,    180.661,     209.232,    210.255,
   11,       25.8,    180.551,     216.006,    217.254,
   12,       28.3,    180.668,     223.615,    224.225,
   13,       30.8,    180.580,     228.984,    231.141,
   14,       33.3,    180.865,     236.916,    237.998,
   15,       35.8,    180.734,     243.452,    244.767,
   16,       38.3,    180.770,     250.594,    251.438,
   17,       40.8,    180.814,     255.787,    257.997,
   18,       43.3,    180.778,     264.690,    264.431,
   19,       45.8,    180.873,     270.632,    270.733,
   20,       48.3,    180.975,     277.110,    276.891,
   21,       50.8,    181.092,     284.662,    282.899,
   22,       53.3,    180.902,     288.830,    288.741,
   23,       55.8,    180.990,     294.492,    294.419,
   24,       58.3,    180.873,     299.658,    299.921,
   25,       60.8,    180.887,     306.821,    305.247,
   26,       63.3,    180.946,     310.037,    310.395,
   27,       65.8,    180.829,     316.321,    315.359,
   28,       68.3,    181.070,     321.975,    320.145,
   29,       70.8,    181.063,     325.854,    324.747,
   30,       73.3,    181.063,     330.824,    329.167,
   31,       75.8,    181.034,     333.916,    333.405,
   32,       78.3,    181.180,     338.062,    337.466,
   33,       80.8,    181.121,     340.932,    341.348,
   34,       83.3,    181.099,     346.495,    345.057,
   35,       85.8,    181.056,     348.512,    348.594,
   36,       88.3,    181.041,     352.406,    351.965,
   37,       90.8,    181.004,     354.964,    355.173,
   38,       93.3,    181.085,     358.119,    358.224,
   39,       95.8,    180.917,     360.940,    361.121,
   40,       98.3,    181.063,     364.790,    363.871,
   41,      100.8,    181.217,     364.205,    366.478,
   42,      103.3,    181.290,     369.299,    368.948,
   43,      105.8,    181.092,     371.082,    371.286,
   44,      108.3,    181.260,     373.772,    373.497,
   45,      110.8,    181.085,     375.238,    375.585,
   46,      113.3,    181.187,     376.682,    377.558,
   47,      115.8,    181.099,     379.350,    379.419,
   48,      118.3,    181.268,     380.101,    381.175,
   49,      120.8,    181.173,     383.612,    382.829,
   50,      123.3,    181.151,     383.935,    384.388,
   51,      125.8,    181.187,     385.789,    385.855,
   52,      128.3,    181.136,     385.898,    387.235,
   53,      130.8,    181.414,     387.787,    388.533,
   54,      133.3,    181.180,     388.840,    389.753,
   55,      135.8,    181.195,     389.912,    390.900,
   56,      138.3,    181.165,     390.527,    391.978,
   57,      140.8,    181.143,     391.127,    392.989,
   58,      143.3,    181.143,     393.887,    393.939,
   59,      145.8,    181.078,     394.306,    394.830,
   60,      148.3,    181.114,     395.607,    395.666,
   61,      150.8,    181.107,     396.175,    396.449,
   62,      153.3,    181.297,     396.863,    397.183,
   63,      155.8,    181.246,     398.078,    397.870,
   64,      158.3,    181.158,     398.823,    398.515,
   65,      160.8,    181.304,     398.226,    399.119,
   66,      163.3,    181.129,     401.096,    399.685,
   67,      165.8,    181.268,     400.788,    400.214,
   68,      168.3,    181.173,     404.035,    400.710,
   69,      170.8,    181.231,     402.801,    401.174,
   70,      175.8,    179.542,     403.528,    403.236,
----,
DateTime:        , 2025/11/19, 16:39:35, 1763584774875,
RFID_EPC:        ,--Not Acquired--,
RFID_UserData:   ,--Not Acquired--,
Barcode:         ,--Not Acquired--,
PIF:,            0.00,
PARs:,            0.0,     0.0,     0.0,     0.0,     0.0,     0.0,
Light:,           0.0,     0.0,     0.0,     0.0,     0.0,     0.0,
Cycles:,            1,
                    1,      69,      70,      70,
Lamps:,        #10000,
Gain:,              2,      50, 
SNR_raw:,     382.02,
Position:,        0.0,              0.0,   NoData,
DataPt,      Time(us),   EX,         EM,       Fit,
==========,==========,==========,==========,=========,
    0,        0.0,      0.000,       0.000,    145.505,
    1,        0.8,    161.284,     144.776,    150.959,
    2,        3.3,    180.084,     157.448,    157.209,
    3,        5.8,    180.099,     168.796,    163.613,
    4,        8.3,    180.333,     173.291,    170.156,
    5,       10.8,    180.391,     178.224,    176.809,
    6,       13.3,    180.501,     184.764,    183.553,
    7,       15.8,    180.479,     189.219,    190.362,
    8,       18.3,    180.369,     197.650,    197.214,
    9,       20.8,    180.589,     204.055,    204.101,
   10,       23.3,    180.545,     210.197,    210.994,
   11,       25.8,    180.479,     216.646,    217.876,
   12,       28.3,    180.596,     225.088,    224.734,
   13,       30.8,    180.625,     230.588,    231.550,
   14,       33.3,    180.589,     237.003,    238.305,
   15,       35.8,    180.691,     243.509,    244.990,
   16,       38.3,    180.889,     250.154,    251.592,
   17,       40.8,    180.911,     257.310,    258.093,
   18,       43.3,    180.918,     263.656,    264.480,
   19,       45.8,    180.815,     271.271,    270.740,
   20,       48.3,    180.823,     275.408,    276.864,
   21,       50.8,    181.057,     283.060,    282.849,
   22,       53.3,    180.823,     288.957,    288.676,
   23,       55.8,    180.954,     293.720,    294.345,
   24,       58.3,    181.020,     300.243,    299.850,
   25,       60.8,    181.123,     306.974,    305.186,
   26,       63.3,    180.918,     311.744,    310.342,
   27,       65.8,    180.889,     316.493,    315.320,
   28,       68.3,    181.225,     320.320,    320.124,
   29,       70.8,    181.042,     325.615,    324.742,
   30,       73.3,    181.049,     329.744,    329.179,
   31,       75.8,    180.903,     334.157,    333.433,
   32,       78.3,    180.984,     338.705,    337.508,
   33,       80.8,    181.049,     343.000,    341.406,
   34,       83.3,    181.188,     345.497,    345.131,
   35,       85.8,    181.057,     348.510,    348.682,
   36,       88.3,    181.159,     352.729,    352.065,
   37,       90.8,    181.196,     355.141,    355.285,
   38,       93.3,    181.210,     358.147,    358.344,
   39,       95.8,    181.071,     361.736,    361.246,
   40,       98.3,    181.108,     363.871,    363.998,
   41,      100.8,    181.232,     366.657,    366.606,
   42,      103.3,    181.028,     367.347,    369.073,
   43,      105.8,    181.101,     370.512,    371.405,
   44,      108.3,    181.028,     372.872,    373.608,
   45,      110.8,    181.108,     376.019,    375.687,
   46,      113.3,    181.210,     376.634,    377.648,
   47,      115.8,    181.181,     378.627,    379.496,
   48,      118.3,    181.269,     380.650,    381.237,
   49,      120.8,    181.196,     382.735,    382.874,
   50,      123.3,    181.196,     383.563,    384.415,
   51,      125.8,    181.152,     385.588,    385.862,
   52,      128.3,    181.049,     385.530,    387.222,
   53,      130.8,    181.042,     388.860,    388.499,
   54,      133.3,    180.867,     388.961,    389.698,
   55,      135.8,    181.166,     391.077,    390.822,
   56,      138.3,    181.123,     391.724,    391.876,
   57,      140.8,    181.283,     393.307,    392.863,
   58,      143.3,    181.203,     392.378,    393.788,
   59,      145.8,    180.991,     393.942,    394.655,
   60,      148.3,    181.400,     395.534,    395.466,
   61,      150.8,    181.218,     396.485,    396.225,
   62,      153.3,    181.210,     397.604,    396.935,
   63,      155.8,    181.174,     397.961,    397.599,
   64,      158.3,    181.320,     398.743,    398.220,
   65,      160.8,    181.210,     399.260,    398.801,
   66,      163.3,    181.145,     400.509,    399.344,
   67,      165.8,    181.093,     401.174,    399.852,
   68,      168.3,    181.057,     400.979,    400.327,
   69,      170.8,    181.159,     400.201,    400.769,
   70,      175.8,    179.755,     402.770,    402.415,
----,
DateTime:        , 2025/11/19, 16:39:36, 1763584776428,
RFID_EPC:        ,--Not Acquired--,
RFID_UserData:   ,--Not Acquired--,
Barcode:         ,--Not Acquired--,
PIF:,            0.00,
PARs:,            0.0,     0.0,     0.0,     0.0,     0.0,     0.0,
Light:,           0.0,     0.0,     0.0,     0.0,     0.0,     0.0,
Cycles:,            1,
                    1,      69,      70,      70,
Lamps:,        #10000,
Gain:,              2,      50, 
SNR_raw:,     341.72,
Position:,        0.0,              0.0,   NoData,
DataPt,      Time(us),   EX,         EM,       Fit,
==========,==========,==========,==========,=========,
    0,        0.0,      0.000,       0.000,    144.585,
    1,        0.8,    161.413,     146.209,    150.111,
    2,        3.3,    179.922,     157.498,    156.483,
    3,        5.8,    180.178,     167.612,    163.059,
    4,        8.3,    180.193,     172.315,    169.789,
    5,       10.8,    180.332,     177.728,    176.641,
    6,       13.3,    180.369,     184.068,    183.579,
    7,       15.8,    180.486,     191.705,    190.577,
    8,       18.3,    180.522,     198.868,    197.606,
    9,       20.8,    180.551,     203.820,    204.641,
   10,       23.3,    180.500,     211.080,    211.658,
   11,       25.8,    180.566,     217.926,    218.642,
   12,       28.3,    180.676,     223.882,    225.576,
   13,       30.8,    180.756,     230.698,    232.442,
   14,       33.3,    180.698,     235.753,    239.221,
   15,       35.8,    180.902,     243.225,    245.908,
   16,       38.3,    180.749,     251.731,    252.480,
   17,       40.8,    180.749,     257.540,    258.931,
   18,       43.3,    180.807,     264.923,    265.251,
   19,       45.8,    180.807,     269.348,    271.431,
   20,       48.3,    180.873,     274.502,    277.465,
   21,       50.8,    180.763,     284.073,    283.342,
   22,       53.3,    181.122,     289.308,    289.068,
   23,       55.8,    180.917,     294.887,    294.623,
   24,       58.3,    181.071,     300.711,    300.014,
   25,       60.8,    181.114,     307.540,    305.234,
   26,       63.3,    180.961,     312.222,    310.277,
   27,       65.8,    180.932,     315.865,    315.145,
   28,       68.3,    180.880,     320.377,    319.836,
   29,       70.8,    180.983,     326.274,    324.355,
   30,       73.3,    180.888,     330.039,    328.698,
   31,       75.8,    181.122,     333.477,    332.872,
   32,       78.3,    180.946,     339.051,    336.872,
   33,       80.8,    180.983,     342.298,    340.705,
   34,       83.3,    181.129,     345.886,    344.375,
   35,       85.8,    181.122,     348.108,    347.882,
   36,       88.3,    181.144,     351.931,    351.232,
   37,       90.8,    181.144,     354.967,    354.427,
   38,       93.3,    181.202,     357.612,    357.472,
   39,       95.8,    181.056,     361.490,    360.371,
   40,       98.3,    181.180,     363.450,    363.129,
   41,      100.8,    180.976,     365.519,    365.748,
   42,      103.3,    181.180,     366.762,    368.238,
   43,      105.8,    181.012,     370.417,    370.599,
   44,      108.3,    181.210,     371.669,    372.840,
   45,      110.8,    180.997,     374.867,    374.962,
   46,      113.3,    181.063,     376.112,    376.972,
   47,      115.8,    181.188,     378.061,    378.875,
   48,      118.3,    181.188,     379.165,    380.674,
   49,      120.8,    181.129,     382.048,    382.376,
   50,      123.3,    181.005,     382.863,    383.983,
   51,      125.8,    181.210,     384.362,    385.501,
   52,      128.3,    181.231,     387.350,    386.933,
   53,      130.8,    180.997,     388.680,    388.285,
   54,      133.3,    181.166,     389.423,    389.560,
   55,      135.8,    181.217,     391.244,    390.762,
   56,      138.3,    181.158,     391.646,    391.894,
   57,      140.8,    181.414,     392.472,    392.960,
   58,      143.3,    181.231,     393.971,    393.965,
   59,      145.8,    181.239,     394.507,    394.910,
   60,      148.3,    181.166,     395.218,    395.801,
   61,      150.8,    181.114,     396.158,    396.638,
   62,      153.3,    181.217,     398.694,    397.425,
   63,      155.8,    181.129,     399.163,    398.166,
   64,      158.3,    181.093,     398.967,    398.862,
   65,      160.8,    181.231,     400.593,    399.516,
   66,      163.3,    181.239,     400.852,    400.130,
   67,      165.8,    181.341,     401.729,    400.707,
   68,      168.3,    181.129,     402.751,    401.250,
   69,      170.8,    181.297,     403.481,    401.759,
   70,      175.8,    179.725,     403.116,    403.259,
----,
DateTime:        , 2025/11/19, 16:39:38, 1763584777900,
RFID_EPC:        ,--Not Acquired--,
RFID_UserData:   ,--Not Acquired--,
Barcode:         ,--Not Acquired--,
PIF:,            0.00,
PARs:,            0.0,     0.0,     0.0,     0.0,     0.0,     0.0,
Light:,           0.0,     0.0,     0.0,     0.0,     0.0,     0.0,
Cycles:,            1,
                    1,      69,      70,      70,
Lamps:,        #10000,
Gain:,              2,      50, 
SNR_raw:,     314.62,
Position:,        0.0,              0.0,   NoData,
DataPt,      Time(us),   EX,         EM,       Fit,
==========,==========,==========,==========,=========,
    0,        0.0,      0.000,       0.000,    145.434,
    1,        0.8,    161.362,     146.255,    150.515,
    2,        3.3,    179.914,     157.638,    156.516,
    3,        5.8,    180.243,     167.829,    162.831,
    4,        8.3,    180.257,     172.809,    169.384,
    5,       10.8,    180.301,     177.758,    176.121,
    6,       13.3,    180.338,     184.099,    182.992,
    7,       15.8,    180.491,     189.206,    189.962,
    8,       18.3,    180.469,     196.986,    196.989,
    9,       20.8,    180.557,     202.983,    204.044,
   10,       23.3,    180.616,     210.392,    211.101,
   11,       25.8,    180.594,     216.785,    218.132,
   12,       28.3,    180.550,     224.869,    225.115,
   13,       30.8,    180.579,     229.539,    232.034,
   14,       33.3,    180.681,     236.328,    238.874,
   15,       35.8,    181.040,     243.593,    245.626,
   16,       38.3,    180.879,     250.997,    252.264,
   17,       40.8,    180.879,     257.355,    258.779,
   18,       43.3,    180.930,     263.361,    265.163,
   19,       45.8,    180.981,     271.023,    271.405,
   20,       48.3,    181.025,     276.481,    277.497,
   21,       50.8,    181.025,     282.834,    283.432,
   22,       53.3,    180.872,     291.091,    289.200,
   23,       55.8,    181.069,     295.468,    294.803,
   24,       58.3,    180.923,     299.575,    300.232,
   25,       60.8,    181.113,     306.715,    305.489,
   26,       63.3,    180.857,     312.678,    310.564,
   27,       65.8,    181.098,     315.851,    315.464,
   28,       68.3,    180.996,     321.831,    320.184,
   29,       70.8,    181.179,     325.093,    324.728,
   30,       73.3,    181.171,     329.798,    329.093,
   31,       75.8,    181.054,     334.430,    333.282,
   32,       78.3,    181.032,     338.613,    337.295,
   33,       80.8,    181.142,     340.893,    341.139,
   34,       83.3,    181.003,     345.850,    344.812,
   35,       85.8,    180.886,     348.285,    348.320,
   36,       88.3,    180.974,     352.537,    351.667,
   37,       90.8,    180.901,     356.273,    354.857,
   38,       93.3,    181.084,     357.017,    357.895,
   39,       95.8,    181.040,     359.037,    360.785,
   40,       98.3,    181.106,     364.704,    363.532,
   41,      100.8,    181.332,     366.730,    366.142,
   42,      103.3,    181.193,     369.219,    368.618,
   43,      105.8,    181.018,     371.234,    370.965,
   44,      108.3,    181.361,     372.461,    373.190,
   45,      110.8,    181.054,     374.749,    375.295,
   46,      113.3,    181.076,     376.913,    377.287,
   47,      115.8,    181.157,     379.782,    379.171,
   48,      118.3,    180.952,     380.211,    380.951,
   49,      120.8,    181.025,     381.715,    382.631,
   50,      123.3,    181.186,     383.860,    384.217,
   51,      125.8,    180.996,     385.644,    385.714,
   52,      128.3,    181.084,     386.286,    387.125,
   53,      130.8,    181.201,     388.244,    388.454,
   54,      133.3,    181.296,     389.971,    389.706,
   55,      135.8,    181.135,     390.593,    390.886,
   56,      138.3,    181.223,     393.163,    391.997,
   57,      140.8,    181.157,     392.478,    393.042,
   58,      143.3,    181.171,     393.826,    394.025,
   59,      145.8,    181.084,     395.397,    394.950,
   60,      148.3,    181.040,     396.322,    395.820,
   61,      150.8,    181.237,     396.166,    396.636,
   62,      153.3,    181.266,     397.205,    397.403,
   63,      155.8,    181.149,     398.290,    398.124,
   64,      158.3,    181.054,     399.051,    398.801,
   65,      160.8,    181.076,     399.555,    399.437,
   66,      163.3,    181.230,     400.044,    400.033,
   67,      165.8,    181.215,     400.353,    400.592,
   68,      168.3,    181.098,     402.268,    401.118,
   69,      170.8,    181.266,     402.722,    401.610,
   70,      175.8,    179.658,     403.545,    403.502,
----,
DateTime:        , 2025/11/19, 16:39:39, 1763584779371,
RFID_EPC:        ,--Not Acquired--,
RFID_UserData:   ,--Not Acquired--,
Barcode:         ,--Not Acquired--,
PIF:,            0.00,
PARs:,            0.0,     0.0,     0.0,     0.0,     0.0,     0.0,
Light:,           0.0,     0.0,     0.0,     0.0,     0.0,     0.0,
Cycles:,            1,
                    1,      69,      70,      70,
Lamps:,        #10000,
Gain:,              2,      50, 
SNR_raw:,     405.23,
Position:,        0.0,              0.0,   NoData,
DataPt,      Time(us),   EX,         EM,       Fit,
==========,==========,==========,==========,=========,
    0,        0.0,      0.000,       0.000,    146.601,
    1,        0.8,    161.408,     145.903,    151.397,
    2,        3.3,    179.992,     157.445,    157.097,
    3,        5.8,    180.299,     167.777,    163.132,
    4,        8.3,    180.226,     172.839,    169.428,
    5,       10.8,    180.285,     178.052,    175.934,
    6,       13.3,    180.387,     183.494,    182.603,
    7,       15.8,    180.409,     189.569,    189.391,
    8,       18.3,    180.482,     196.419,    196.263,
    9,       20.8,    180.548,     202.439,    203.187,
   10,       23.3,    180.416,     209.516,    210.127,
   11,       25.8,    180.694,     215.558,    217.068,
   12,       28.3,    180.862,     222.821,    223.986,
   13,       30.8,    180.672,     228.868,    230.849,
   14,       33.3,    180.862,     236.368,    237.649,
   15,       35.8,    180.636,     242.477,    244.358,
   16,       38.3,    180.643,     249.664,    250.968,
   17,       40.8,    180.767,     256.960,    257.467,
   18,       43.3,    180.994,     262.992,    263.846,
   19,       45.8,    180.818,     269.331,    270.085,
   20,       48.3,    180.811,     276.255,    276.180,
   21,       50.8,    180.855,     281.441,    282.123,
   22,       53.3,    180.913,     287.707,    287.907,
   23,       55.8,    180.892,     294.375,    293.527,
   24,       58.3,    180.899,     298.786,    298.976,
   25,       60.8,    180.870,     305.469,    304.253,
   26,       63.3,    181.030,     310.445,    309.355,
   27,       65.8,    180.979,     315.782,    314.280,
   28,       68.3,    180.972,     319.939,    319.027,
   29,       70.8,    181.089,     324.702,    323.596,
   30,       73.3,    181.213,     329.446,    327.989,
   31,       75.8,    181.009,     333.410,    332.204,
   32,       78.3,    180.935,     336.584,    336.244,
   33,       80.8,    181.126,     340.648,    340.113,
   34,       83.3,    180.833,     344.793,    343.811,
   35,       85.8,    181.001,     347.788,    347.343,
   36,       88.3,    180.972,     352.264,    350.714,
   37,       90.8,    181.111,     354.479,    353.928,
   38,       93.3,    181.030,     358.227,    356.987,
   39,       95.8,    181.265,     359.971,    359.899,
   40,       98.3,    181.067,     363.125,    362.665,
   41,      100.8,    181.177,     364.285,    365.292,
   42,      103.3,    181.265,     366.867,    367.785,
   43,      105.8,    181.147,     369.864,    370.149,
   44,      108.3,    181.235,     370.237,    372.387,
   45,      110.8,    181.199,     374.175,    374.507,
   46,      113.3,    181.045,     375.873,    376.512,
   47,      115.8,    181.052,     377.791,    378.408,
   48,      118.3,    181.001,     379.832,    380.199,
   49,      120.8,    181.169,     381.135,    381.889,
   50,      123.3,    181.052,     382.486,    383.485,
   51,      125.8,    181.191,     384.952,    384.989,
   52,      128.3,    181.126,     386.196,    386.408,
   53,      130.8,    181.301,     386.098,    387.744,
   54,      133.3,    181.155,     388.894,    389.003,
   55,      135.8,    181.265,     389.210,    390.188,
   56,      138.3,    181.060,     390.755,    391.305,
   57,      140.8,    181.235,     391.480,    392.354,
   58,      143.3,    181.213,     393.183,    393.341,
   59,      145.8,    181.191,     394.058,    394.269,
   60,      148.3,    181.001,     395.025,    395.143,
   61,      150.8,    181.235,     396.446,    395.962,
   62,      153.3,    181.177,     396.850,    396.731,
   63,      155.8,    181.177,     396.850,    397.454,
   64,      158.3,    181.140,     397.482,    398.133,
   65,      160.8,    181.213,     398.701,    398.770,
   66,      163.3,    181.513,     399.971,    399.365,
   67,      165.8,    181.257,     400.812,    399.925,
   68,      168.3,    181.228,     401.980,    400.452,
   69,      170.8,    181.147,     402.711,    400.946,
   70,      175.8,    179.758,     404.433,    403.405,
----,
DateTime:        , 2025/11/19, 16:39:41, 1763584780909,
RFID_EPC:        ,--Not Acquired--,
RFID_UserData:   ,--Not Acquired--,
Barcode:         ,--Not Acquired--,
PIF:,            0.00,
PARs:,            0.0,     0.0,     0.0,     0.0,     0.0,     0.0,
Light:,           0.0,     0.0,     0.0,     0.0,     0.0,     0.0,
Cycles:,            1,
                    1,      69,      70,      70,
Lamps:,        #10000,
Gain:,              2,      50, 
SNR_raw:,     378.67,
Position:,        0.0,              0.0,   NoData,
DataPt,      Time(us),   EX,         EM,       Fit,
==========,==========,==========,==========,=========,
    0,        0.0,      0.000,       0.000,    144.681,
    1,        0.8,    161.244,     145.121,    149.943,
    2,        3.3,    180.045,     157.035,    156.078,
    3,        5.8,    180.082,     167.702,    162.453,
    4,        8.3,    180.301,     172.489,    169.027,
    5,       10.8,    180.213,     178.955,    175.748,
    6,       13.3,    180.323,     182.728,    182.585,
    7,       15.8,    180.542,     189.983,    189.510,
    8,       18.3,    180.557,     196.060,    196.485,
    9,       20.8,    180.572,     202.966,    203.485,
   10,       23.3,    180.638,     209.536,    210.487,
   11,       25.8,    180.638,     217.009,    217.467,
   12,       28.3,    180.550,     222.376,    224.402,
   13,       30.8,    180.645,     229.456,    231.281,
   14,       33.3,    180.638,     234.171,    238.082,
   15,       35.8,    180.893,     243.237,    244.801,
   16,       38.3,    180.776,     250.033,    251.411,
   17,       40.8,    180.842,     255.195,    257.906,
   18,       43.3,    180.930,     263.085,    264.277,
   19,       45.8,    180.828,     269.594,    270.507,
   20,       48.3,    180.945,     276.604,    276.595,
   21,       50.8,    180.937,     281.866,    282.529,
   22,       53.3,    180.937,     288.498,    288.304,
   23,       55.8,    180.915,     294.060,    293.913,
   24,       58.3,    180.952,     300.632,    299.354,
   25,       60.8,    180.974,     305.293,    304.623,
   26,       63.3,    180.886,     309.863,    309.715,
   27,       65.8,    180.945,     316.119,    314.631,
   28,       68.3,    180.967,     319.672,    319.371,
   29,       70.8,    180.959,     325.764,    323.933,
   30,       73.3,    181.084,     329.682,    328.320,
   31,       75.8,    181.098,     334.349,    332.532,
   32,       78.3,    180.872,     338.362,    336.567,
   33,       80.8,    180.974,     342.591,    340.432,
   34,       83.3,    181.076,     345.434,    344.130,
   35,       85.8,    181.127,     347.821,    347.663,
   36,       88.3,    181.062,     350.985,    351.035,
   37,       90.8,    181.091,     354.518,    354.249,
   38,       93.3,    181.018,     358.528,    357.310,
   39,       95.8,    181.149,     360.200,    360.222,
   40,       98.3,    181.223,     364.193,    362.992,
   41,      100.8,    181.069,     366.159,    365.621,
   42,      103.3,    181.186,     367.854,    368.117,
   43,      105.8,    181.062,     369.487,    370.483,
   44,      108.3,    181.288,     372.611,    372.725,
   45,      110.8,    181.098,     374.106,    374.847,
   46,      113.3,    181.084,     376.622,    376.855,
   47,      115.8,    181.127,     378.463,    378.754,
   48,      118.3,    181.179,     380.288,    380.548,
   49,      120.8,    181.149,     380.625,    382.243,
   50,      123.3,    181.215,     382.970,    383.842,
   51,      125.8,    181.230,     384.870,    385.351,
   52,      128.3,    181.259,     385.636,    386.773,
   53,      130.8,    181.062,     386.885,    388.114,
   54,      133.3,    181.186,     388.275,    389.377,
   55,      135.8,    181.047,     390.230,    390.567,
   56,      138.3,    181.186,     391.863,    391.686,
   57,      140.8,    181.244,     392.564,    392.739,
   58,      143.3,    181.164,     394.118,    393.729,
   59,      145.8,    181.069,     394.601,    394.661,
   60,      148.3,    181.010,     396.938,    395.537,
   61,      150.8,    181.274,     396.914,    396.359,
   62,      153.3,    181.340,     397.872,    397.131,
   63,      155.8,    181.310,     398.488,    397.856,
   64,      158.3,    181.340,     399.527,    398.537,
   65,      160.8,    181.054,     400.156,    399.178,
   66,      163.3,    181.266,     400.791,    399.778,
   67,      165.8,    181.135,     400.530,    400.342,
   68,      168.3,    181.201,     401.213,    400.871,
   69,      170.8,    181.274,     402.430,    401.366,
   70,      175.8,    179.643,     403.022,    403.114,
----,
DateTime:        , 2025/11/19, 16:39:42, 1763584782396,
RFID_EPC:        ,--Not Acquired--,
RFID_UserData:   ,--Not Acquired--,
Barcode:         ,--Not Acquired--,
PIF:,            0.00,
PARs:,            0.0,     0.0,     0.0,     0.0,     0.0,     0.0,
Light:,           0.0,     0.0,     0.0,     0.0,     0.0,     0.0,
Cycles:,            1,
                    1,      69,      70,      70,
Lamps:,        #10000,
Gain:,              2,      50, 
SNR_raw:,     414.46,
Position:,        0.0,              0.0,   NoData,
DataPt,      Time(us),   EX,         EM,       Fit,
==========,==========,==========,==========,=========,
    0,        0.0,      0.000,       0.000,    145.087,
    1,        0.8,    161.379,     144.380,    150.518,
    2,        3.3,    179.985,     157.202,    156.742,
    3,        5.8,    180.219,     168.684,    163.132,
    4,        8.3,    180.248,     172.817,    169.656,
    5,       10.8,    180.321,     177.738,    176.292,
    6,       13.3,    180.387,     184.603,    183.016,
    7,       15.8,    180.365,     190.724,    189.803,
    8,       18.3,    180.372,     196.261,    196.632,
    9,       20.8,    180.577,     202.407,    203.492,
   10,       23.3,    180.621,     208.171,    210.356,
   11,       25.8,    180.548,     215.455,    217.204,
   12,       28.3,    180.753,     222.127,    224.026,
   13,       30.8,    180.599,     229.237,    230.795,
   14,       33.3,    180.855,     237.759,    237.509,
   15,       35.8,    180.884,     242.144,    244.146,
   16,       38.3,    180.738,     249.532,    250.686,
   17,       40.8,    180.789,     255.546,    257.124,
   18,       43.3,    180.665,     263.471,    263.442,
   19,       45.8,    180.957,     269.953,    269.642,
   20,       48.3,    181.016,     275.943,    275.707,
   21,       50.8,    181.031,     281.997,    281.628,
   22,       53.3,    180.811,     287.593,    287.391,
   23,       55.8,    180.950,     294.004,    292.998,
   24,       58.3,    180.936,     300.383,    298.441,
   25,       60.8,    180.797,     305.592,    303.713,
   26,       63.3,    180.906,     310.382,    308.815,
   27,       65.8,    180.950,     314.728,    313.743,
   28,       68.3,    181.001,     319.335,    318.495,
   29,       70.8,    180.833,     324.609,    323.067,
   30,       73.3,    181.133,     327.108,    327.467,
   31,       75.8,    181.096,     332.144,    331.690,
   32,       78.3,    181.118,     335.416,    335.737,
   33,       80.8,    181.031,     340.274,    339.610,
   34,       83.3,    181.096,     343.740,    343.313,
   35,       85.8,    181.170,     347.741,    346.849,
   36,       88.3,    180.928,     350.139,    350.219,
   37,       90.8,    180.914,     352.931,    353.428,
   38,       93.3,    180.950,     356.175,    356.481,
   39,       95.8,    181.067,     359.535,    359.384,
   40,       98.3,    180.987,     362.734,    362.139,
   41,      100.8,    181.265,     364.936,    364.755,
   42,      103.3,    181.126,     366.872,    367.233,
   43,      105.8,    181.118,     369.372,    369.578,
   44,      108.3,    181.243,     371.877,    371.798,
   45,      110.8,    181.228,     373.011,    373.896,
   46,      113.3,    181.352,     376.339,    375.879,
   47,      115.8,    180.979,     377.667,    377.749,
   48,      118.3,    181.235,     378.513,    379.513,
   49,      120.8,    180.987,     380.415,    381.176,
   50,      123.3,    181.126,     381.779,    382.743,
   51,      125.8,    181.133,     383.696,    384.218,
   52,      128.3,    181.074,     385.477,    385.606,
   53,      130.8,    181.199,     385.764,    386.911,
   54,      133.3,    181.316,     387.721,    388.139,
   55,      135.8,    181.272,     388.643,    389.292,
   56,      138.3,    181.177,     389.950,    390.375,
   57,      140.8,    181.330,     391.550,    391.392,
   58,      143.3,    181.235,     391.756,    392.347,
   59,      145.8,    181.126,     393.649,    393.243,
   60,      148.3,    181.155,     394.414,    394.083,
   61,      150.8,    181.126,     394.754,    394.871,
   62,      153.3,    181.111,     395.338,    395.610,
   63,      155.8,    181.221,     396.754,    396.302,
   64,      158.3,    181.272,     398.848,    396.950,
   65,      160.8,    181.038,     396.878,    397.557,
   66,      163.3,    181.170,     399.626,    398.126,
   67,      165.8,    181.206,     399.821,    398.658,
   68,      168.3,    181.367,     401.120,    399.155,
   69,      170.8,    181.177,     401.817,    399.622,
   70,      175.8,    179.853,     401.439,    401.268,
