----,
DateTime:        , 2025/11/18, 14:50:44, 1763491844137,
RFID_EPC:        ,--Not Acquired--,
RFID_UserData:   ,--Not Acquired--,
Barcode:         ,--Not Acquired--,
PIF:,            0.00,
PARs:,            0.0,     0.0,     0.0,     0.0,     0.0,     0.0,
Light:,           0.0,     0.0,     0.0,     0.0,     0.0,     0.0,
Cycles:,            1,
                    1,      69,      70,      70,
Lamps:,        #10000,
Gain:,              5,      25, 
SNR_raw:,     383.86,
Position:,        0.0,              0.0,   NoData,
DataPt,      Time(us),   EX,         EM,       Fit,
==========,==========,==========,==========,=========,
    0,        0.0,      0.000,       0.000,    108.253,
    1,        0.8,    164.389,     114.363,    114.796,
    2,        3.3,    179.943,     119.088,    121.793,
    3,        5.8,    180.229,     123.398,    128.610,
    4,        8.3,    180.216,     125.294,    135.206,
    5,       10.8,    180.450,     128.013,    141.566,
    6,       13.3,    180.502,     129.971,    147.668,
    7,       15.8,    180.476,     132.427,    153.501,
    8,       18.3,    180.476,     135.087,    159.058,
    9,       20.8,    180.580,     137.335,    164.338,
   10,       23.3,    180.398,     140.578,    169.338,
   11,       25.8,    180.554,     142.893,    174.065,
   12,       28.3,    180.515,     145.916,    178.524,
   13,       30.8,    180.866,     149.061,    182.723,
   14,       33.3,    180.671,     152.210,    186.667,
   15,       35.8,    180.749,     154.911,    190.366,
   16,       38.3,    180.879,     158.670,    193.832,
   17,       40.8,    180.645,     160.868,    197.072,
   18,       43.3,    180.827,     164.245,    200.098,
   19,       45.8,    180.762,     167.734,    202.921,
   20,       48.3,    180.762,     171.607,    205.553,
   21,       50.8,    180.827,     174.531,    208.002,
   22,       53.3,    180.827,     177.186,    210.280,
   23,       55.8,    180.749,     181.024,    212.398,
   24,       58.3,    181.035,     184.384,    214.363,
   25,       60.8,    180.905,     187.059,    216.187,
   26,       63.3,    180.840,     190.666,    217.880,
   27,       65.8,    180.892,     194.481,    219.448,
   28,       68.3,    181.074,     197.488,    220.898,
   29,       70.8,    180.931,     201.292,    222.243,
   30,       73.3,    180.905,     204.306,    223.487,
   31,       75.8,    180.814,     207.174,    224.639,
   32,       78.3,    180.970,     210.311,    225.702,
   33,       80.8,    180.983,     212.838,    226.684,
   34,       83.3,    180.905,     215.914,    227.592,
   35,       85.8,    180.918,     219.105,    228.431,
   36,       88.3,    180.944,     222.168,    229.205,
   37,       90.8,    181.022,     224.945,    229.918,
   38,       93.3,    181.204,     227.479,    230.574,
   39,       95.8,    181.113,     230.354,    231.180,
   40,       98.3,    181.074,     233.164,    231.740,
   41,      100.8,    181.113,     235.544,    232.256,
   42,      103.3,    181.087,     237.345,    232.731,
   43,      105.8,    181.126,     240.937,    233.169,
   44,      108.3,    181.035,     242.716,    233.574,
   45,      110.8,    181.152,     244.436,    233.946,
   46,      113.3,    180.983,     247.316,    234.290,
   47,      115.8,    181.061,     249.198,    234.607,
   48,      118.3,    180.996,     251.166,    234.899,
   49,      120.8,    181.139,     253.507,    235.166,
   50,      123.3,    181.074,     255.697,    235.413,
   51,      125.8,    181.009,     257.225,    235.641,
   52,      128.3,    181.074,     259.010,    235.850,
   53,      130.8,    181.126,     261.365,    236.041,
   54,      133.3,    181.217,     263.331,    236.216,
   55,      135.8,    181.191,     265.024,    236.378,
   56,      138.3,    181.061,     266.319,    236.529,
   57,      140.8,    181.100,     268.471,    236.667,
   58,      143.3,    181.191,     269.771,    236.792,
   59,      145.8,    181.113,     271.212,    236.909,
   60,      148.3,    181.139,     272.388,    237.016,
   61,      150.8,    181.061,     273.941,    237.116,
   62,      153.3,    181.074,     274.805,    237.207,
   63,      155.8,    181.204,     275.712,    237.290,
   64,      158.3,    181.126,     277.707,    237.366,
   65,      160.8,    181.178,     278.732,    237.436,
   66,      163.3,    181.191,     280.367,    237.500,
   67,      165.8,    181.217,     281.320,    237.559,
   68,      168.3,    181.191,     282.465,    237.613,
   69,      170.8,    181.165,     284.051,    237.663,
   70,      175.8,    179.982,     285.472,    240.366,
----,
DateTime:        , 2025/11/18, 14:50:48, 1763491848608,
RFID_EPC:        ,--Not Acquired--,
RFID_UserData:   ,--Not Acquired--,
Barcode:         ,--Not Acquired--,
PIF:,            0.00,
PARs:,            0.0,     0.0,     0.0,     0.0,     0.0,     0.0,
Light:,           0.0,     0.0,     0.0,     0.0,     0.0,     0.0,
Cycles:,            1,
                    1,      69,      70,      70,
Lamps:,        #10000,
Gain:,              5,      25, 
SNR_raw:,     367.71,
Position:,        0.0,              0.0,   NoData,
DataPt,      Time(us),   EX,         EM,       Fit,
==========,==========,==========,==========,=========,
    0,        0.0,      0.000,       0.000,    123.883,
    1,        0.8,    164.645,     124.025,    126.094,
    2,        3.3,    180.081,     128.667,    128.595,
    3,        5.8,    180.120,     132.911,    131.130,
    4,        8.3,    180.302,     134.885,    133.689,
    5,       10.8,    180.328,     136.972,    136.268,
    6,       13.3,    180.458,     139.201,    138.868,
    7,       15.8,    180.510,     142.042,    141.487,
    8,       18.3,    180.497,     143.714,    144.121,
    9,       20.8,    180.679,     146.558,    146.772,
   10,       23.3,    180.536,     148.890,    149.435,
   11,       25.8,    180.536,     151.659,    152.108,
   12,       28.3,    180.783,     154.992,    154.794,
   13,       30.8,    180.731,     157.250,    157.486,
   14,       33.3,    180.770,     159.208,    160.185,
   15,       35.8,    180.783,     162.405,    162.887,
   16,       38.3,    180.796,     165.380,    165.591,
   17,       40.8,    180.887,     168.503,    168.295,
   18,       43.3,    180.822,     170.665,    170.995,
   19,       45.8,    180.783,     173.689,    173.689,
   20,       48.3,    180.835,     176.404,    176.377,
   21,       50.8,    180.861,     178.922,    179.056,
   22,       53.3,    180.926,     181.842,    181.723,
   23,       55.8,    180.887,     184.314,    184.375,
   24,       58.3,    180.783,     187.186,    187.009,
   25,       60.8,    180.913,     189.815,    189.627,
   26,       63.3,    180.913,     192.137,    192.222,
   27,       65.8,    180.952,     195.300,    194.796,
   28,       68.3,    180.965,     197.276,    197.343,
   29,       70.8,    181.017,     200.644,    199.864,
   30,       73.3,    181.095,     202.767,    202.356,
   31,       75.8,    181.147,     205.027,    204.816,
   32,       78.3,    180.913,     207.724,    207.240,
   33,       80.8,    180.796,     209.739,    209.627,
   34,       83.3,    180.952,     211.990,    211.978,
   35,       85.8,    180.900,     214.704,    214.290,
   36,       88.3,    180.861,     217.294,    216.561,
   37,       90.8,    180.952,     219.506,    218.791,
   38,       93.3,    181.121,     220.957,    220.980,
   39,       95.8,    181.004,     222.868,    223.123,
   40,       98.3,    181.147,     225.232,    225.222,
   41,      100.8,    181.186,     227.943,    227.275,
   42,      103.3,    181.121,     228.908,    229.280,
   43,      105.8,    181.017,     231.691,    231.236,
   44,      108.3,    181.121,     232.883,    233.144,
   45,      110.8,    181.017,     234.895,    235.002,
   46,      113.3,    181.095,     236.671,    236.812,
   47,      115.8,    180.887,     237.939,    238.571,
   48,      118.3,    180.965,     240.046,    240.280,
   49,      120.8,    181.147,     241.572,    241.942,
   50,      123.3,    181.056,     243.129,    243.554,
   51,      125.8,    181.238,     244.320,    245.118,
   52,      128.3,    181.134,     245.895,    246.632,
   53,      130.8,    181.121,     248.122,    248.097,
   54,      133.3,    181.095,     249.041,    249.515,
   55,      135.8,    181.082,     251.047,    250.885,
   56,      138.3,    181.056,     252.408,    252.208,
   57,      140.8,    181.004,     253.033,    253.485,
   58,      143.3,    181.069,     254.710,    254.717,
   59,      145.8,    181.095,     255.998,    255.905,
   60,      148.3,    181.134,     256.716,    257.050,
   61,      150.8,    181.108,     257.857,    258.152,
   62,      153.3,    181.082,     259.109,    259.213,
   63,      155.8,    181.069,     261.006,    260.233,
   64,      158.3,    181.082,     261.318,    261.213,
   65,      160.8,    181.173,     262.401,    262.155,
   66,      163.3,    181.043,     263.473,    263.060,
   67,      165.8,    181.082,     264.300,    263.928,
   68,      168.3,    181.108,     265.256,    264.761,
   69,      170.8,    180.978,     266.331,    265.559,
   70,      175.8,    179.848,     268.116,    266.325,
----,
DateTime:        , 2025/11/18, 14:50:53, 1763491853180,
RFID_EPC:        ,--Not Acquired--,
RFID_UserData:   ,--Not Acquired--,
Barcode:         ,--Not Acquired--,
PIF:,            0.00,
PARs:,            0.0,     0.0,     0.0,     0.0,     0.0,     0.0,
Light:,           0.0,     0.0,     0.0,     0.0,     0.0,     0.0,
Cycles:,            1,
                    1,      69,      70,      70,
Lamps:,        #10000,
Gain:,              5,      25, 
SNR_raw:,     343.27,
Position:,        0.0,              0.0,   NoData,
DataPt,      Time(us),   EX,         EM,       Fit,
==========,==========,==========,==========,=========,
    0,        0.0,      0.000,       0.000,    126.879,
    1,        0.8,    164.403,     126.396,    129.023,
    2,        3.3,    180.021,     131.353,    131.393,
    3,        5.8,    180.164,     135.876,    133.788,
    4,        8.3,    180.203,     137.511,    136.203,
    5,       10.8,    180.229,     139.267,    138.636,
    6,       13.3,    180.320,     141.748,    141.086,
    7,       15.8,    180.411,     144.004,    143.550,
    8,       18.3,    180.762,     146.048,    146.030,
    9,       20.8,    180.684,     148.657,    148.517,
   10,       23.3,    180.710,     151.071,    151.012,
   11,       25.8,    180.567,     153.073,    153.509,
   12,       28.3,    180.684,     155.409,    156.010,
   13,       30.8,    180.697,     158.165,    158.512,
   14,       33.3,    180.723,     160.135,    161.011,
   15,       35.8,    180.697,     163.146,    163.506,
   16,       38.3,    180.671,     165.162,    165.994,
   17,       40.8,    180.775,     167.833,    168.475,
   18,       43.3,    180.762,     170.169,    170.945,
   19,       45.8,    180.918,     173.338,    173.405,
   20,       48.3,    180.697,     175.543,    175.847,
   21,       50.8,    180.866,     178.254,    178.274,
   22,       53.3,    180.788,     180.875,    180.682,
   23,       55.8,    180.892,     183.093,    183.070,
   24,       58.3,    180.853,     185.676,    185.435,
   25,       60.8,    180.931,     188.028,    187.777,
   26,       63.3,    180.970,     190.529,    190.093,
   27,       65.8,    180.879,     192.505,    192.380,
   28,       68.3,    180.944,     194.536,    194.638,
   29,       70.8,    180.853,     197.509,    196.865,
   30,       73.3,    180.996,     199.121,    199.060,
   31,       75.8,    180.905,     201.542,    201.221,
   32,       78.3,    180.996,     202.988,    203.348,
   33,       80.8,    181.061,     205.787,    205.439,
   34,       83.3,    180.879,     207.985,    207.491,
   35,       85.8,    180.970,     210.090,    209.505,
   36,       88.3,    180.970,     211.969,    211.481,
   37,       90.8,    180.983,     213.832,    213.416,
   38,       93.3,    180.905,     215.915,    215.310,
   39,       95.8,    180.983,     217.590,    217.163,
   40,       98.3,    181.074,     219.137,    218.975,
   41,      100.8,    181.139,     221.046,    220.746,
   42,      103.3,    181.139,     222.150,    222.473,
   43,      105.8,    180.983,     223.999,    224.157,
   44,      108.3,    181.165,     225.651,    225.799,
   45,      110.8,    181.022,     227.265,    227.396,
   46,      113.3,    180.983,     229.193,    228.951,
   47,      115.8,    181.048,     230.547,    230.462,
   48,      118.3,    180.983,     231.514,    231.931,
   49,      120.8,    181.074,     233.054,    233.358,
   50,      123.3,    181.074,     233.938,    234.743,
   51,      125.8,    181.165,     235.918,    236.086,
   52,      128.3,    181.087,     236.682,    237.388,
   53,      130.8,    181.126,     238.508,    238.649,
   54,      133.3,    181.191,     239.637,    239.870,
   55,      135.8,    181.360,     240.517,    241.052,
   56,      138.3,    180.931,     242.524,    242.193,
   57,      140.8,    181.061,     243.344,    243.296,
   58,      143.3,    181.126,     243.919,    244.363,
   59,      145.8,    181.035,     245.478,    245.391,
   60,      148.3,    181.022,     246.600,    246.384,
   61,      150.8,    181.165,     247.620,    247.342,
   62,      153.3,    181.217,     248.101,    248.266,
   63,      155.8,    181.191,     249.351,    249.156,
   64,      158.3,    181.217,     250.198,    250.014,
   65,      160.8,    181.191,     251.558,    250.839,
   66,      163.3,    181.165,     252.036,    251.634,
   67,      165.8,    181.204,     252.313,    252.398,
   68,      168.3,    181.204,     252.975,    253.133,
   69,      170.8,    181.165,     254.354,    253.839,
   70,      175.8,    179.982,     255.136,    254.631,
----,
DateTime:        , 2025/11/18, 14:50:57, 1763491857741,
RFID_EPC:        ,--Not Acquired--,
RFID_UserData:   ,--Not Acquired--,
Barcode:         ,--Not Acquired--,
PIF:,            0.00,
PARs:,            0.0,     0.0,     0.0,     0.0,     0.0,     0.0,
Light:,           0.0,     0.0,     0.0,     0.0,     0.0,     0.0,
Cycles:,            1,
                    1,      69,      70,      70,
Lamps:,        #10000,
Gain:,              5,      25, 
SNR_raw:,     317.25,
Position:,        0.0,              0.0,   NoData,
DataPt,      Time(us),   EX,         EM,       Fit,
==========,==========,==========,==========,=========,
    0,        0.0,      0.000,       0.000,    124.489,
    1,        0.8,    164.553,     124.215,    126.617,
    2,        3.3,    180.078,     128.771,    128.980,
    3,        5.8,    180.091,     132.933,    131.376,
    4,        8.3,    180.338,     135.191,    133.806,
    5,       10.8,    180.390,     137.369,    136.264,
    6,       13.3,    180.494,     139.174,    138.748,
    7,       15.8,    180.429,     141.884,    141.252,
    8,       18.3,    180.442,     143.647,    143.776,
    9,       20.8,    180.520,     146.466,    146.317,
   10,       23.3,    180.546,     148.550,    148.871,
   11,       25.8,    180.494,     150.919,    151.434,
   12,       28.3,    180.637,     153.457,    154.007,
   13,       30.8,    180.663,     156.424,    156.585,
   14,       33.3,    180.883,     158.666,    159.168,
   15,       35.8,    180.715,     161.138,    161.749,
   16,       38.3,    180.831,     164.020,    164.327,
   17,       40.8,    180.741,     166.980,    166.898,
   18,       43.3,    180.883,     168.949,    169.462,
   19,       45.8,    180.793,     171.578,    172.014,
   20,       48.3,    180.948,     174.193,    174.554,
   21,       50.8,    180.909,     177.216,    177.078,
   22,       53.3,    180.922,     179.524,    179.583,
   23,       55.8,    180.870,     181.345,    182.066,
   24,       58.3,    180.780,     184.534,    184.525,
   25,       60.8,    180.987,     187.085,    186.961,
   26,       63.3,    180.857,     189.320,    189.368,
   27,       65.8,    181.026,     191.906,    191.748,
   28,       68.3,    180.961,     194.517,    194.095,
   29,       70.8,    181.000,     196.685,    196.410,
   30,       73.3,    181.000,     199.337,    198.689,
   31,       75.8,    181.078,     201.460,    200.932,
   32,       78.3,    180.896,     203.431,    203.136,
   33,       80.8,    180.961,     206.011,    205.300,
   34,       83.3,    180.870,     207.110,    207.423,
   35,       85.8,    180.974,     210.085,    209.504,
   36,       88.3,    180.909,     212.040,    211.543,
   37,       90.8,    180.909,     213.477,    213.537,
   38,       93.3,    181.013,     215.564,    215.487,
   39,       95.8,    181.000,     217.458,    217.392,
   40,       98.3,    181.065,     219.479,    219.252,
   41,      100.8,    180.974,     221.136,    221.064,
   42,      103.3,    181.091,     223.423,    222.831,
   43,      105.8,    181.143,     224.905,    224.551,
   44,      108.3,    180.870,     226.571,    226.222,
   45,      110.8,    181.026,     227.702,    227.847,
   46,      113.3,    180.961,     229.552,    229.425,
   47,      115.8,    181.156,     230.519,    230.958,
   48,      118.3,    181.117,     231.673,    232.444,
   49,      120.8,    181.208,     233.985,    233.884,
   50,      123.3,    181.182,     234.681,    235.279,
   51,      125.8,    181.130,     236.515,    236.628,
   52,      128.3,    181.000,     237.790,    237.932,
   53,      130.8,    181.013,     238.546,    239.193,
   54,      133.3,    181.104,     240.303,    240.410,
   55,      135.8,    181.026,     241.622,    241.585,
   56,      138.3,    181.169,     242.646,    242.719,
   57,      140.8,    181.104,     244.169,    243.812,
   58,      143.3,    181.104,     244.610,    244.865,
   59,      145.8,    181.221,     245.777,    245.880,
   60,      148.3,    181.052,     246.669,    246.856,
   61,      150.8,    181.234,     247.635,    247.796,
   62,      153.3,    181.286,     248.116,    248.699,
   63,      155.8,    181.078,     249.505,    249.567,
   64,      158.3,    180.974,     249.980,    250.401,
   65,      160.8,    181.234,     251.167,    251.202,
   66,      163.3,    181.130,     252.636,    251.970,
   67,      165.8,    181.065,     253.831,    252.708,
   68,      168.3,    181.091,     253.463,    253.415,
   69,      170.8,    181.117,     254.642,    254.093,
   70,      175.8,    179.870,     256.074,    254.967,
----,
DateTime:        , 2025/11/18, 14:51:02, 1763491862283,
RFID_EPC:        ,--Not Acquired--,
RFID_UserData:   ,--Not Acquired--,
Barcode:         ,--Not Acquired--,
PIF:,            0.00,
PARs:,            0.0,     0.0,     0.0,     0.0,     0.0,     0.0,
Light:,           0.0,     0.0,     0.0,     0.0,     0.0,     0.0,
Cycles:,            1,
                    1,      69,      70,      70,
Lamps:,        #10000,
Gain:,              5,      25, 
SNR_raw:,     386.39,
Position:,        0.0,              0.0,   NoData,
DataPt,      Time(us),   EX,         EM,       Fit,
==========,==========,==========,==========,=========,
    0,        0.0,      0.000,       0.000,    121.760,
    1,        0.8,    164.641,     121.598,    123.919,
    2,        3.3,    180.037,     126.433,    126.316,
    3,        5.8,    180.206,     130.850,    128.751,
    4,        8.3,    180.310,     132.439,    131.219,
    5,       10.8,    180.232,     134.272,    133.716,
    6,       13.3,    180.466,     136.757,    136.242,
    7,       15.8,    180.609,     138.975,    138.793,
    8,       18.3,    180.531,     141.583,    141.365,
    9,       20.8,    180.596,     143.636,    143.955,
   10,       23.3,    180.700,     146.099,    146.561,
   11,       25.8,    180.609,     148.830,    149.180,
   12,       28.3,    180.635,     151.023,    151.808,
   13,       30.8,    180.726,     154.488,    154.445,
   14,       33.3,    180.713,     156.934,    157.086,
   15,       35.8,    180.661,     159.194,    159.729,
   16,       38.3,    180.609,     162.451,    162.370,
   17,       40.8,    180.790,     164.500,    165.011,
   18,       43.3,    180.816,     167.020,    167.646,
   19,       45.8,    180.907,     169.590,    170.274,
   20,       48.3,    180.764,     172.158,    172.889,
   21,       50.8,    180.894,     174.909,    175.493,
   22,       53.3,    180.790,     177.996,    178.079,
   23,       55.8,    180.894,     180.547,    180.648,
   24,       58.3,    180.842,     183.917,    183.196,
   25,       60.8,    181.089,     186.206,    185.724,
   26,       63.3,    180.868,     188.977,    188.223,
   27,       65.8,    181.063,     190.983,    190.698,
   28,       68.3,    180.959,     193.414,    193.142,
   29,       70.8,    180.881,     195.929,    195.553,
   30,       73.3,    180.933,     198.084,    197.930,
   31,       75.8,    180.933,     200.295,    200.273,
   32,       78.3,    180.777,     203.233,    202.576,
   33,       80.8,    180.972,     204.893,    204.843,
   34,       83.3,    180.842,     206.920,    207.068,
   35,       85.8,    180.907,     209.389,    209.252,
   36,       88.3,    180.881,     211.299,    211.393,
   37,       90.8,    181.115,     213.897,    213.492,
   38,       93.3,    180.881,     216.274,    215.543,
   39,       95.8,    181.219,     217.747,    217.552,
   40,       98.3,    181.050,     219.387,    219.512,
   41,      100.8,    180.829,     221.424,    221.422,
   42,      103.3,    181.219,     223.265,    223.288,
   43,      105.8,    181.167,     225.317,    225.106,
   44,      108.3,    181.245,     225.992,    226.875,
   45,      110.8,    181.063,     228.207,    228.594,
   46,      113.3,    180.985,     230.295,    230.263,
   47,      115.8,    181.102,     232.134,    231.884,
   48,      118.3,    181.011,     233.135,    233.456,
   49,      120.8,    180.985,     234.715,    234.979,
   50,      123.3,    181.024,     236.432,    236.455,
   51,      125.8,    181.154,     238.029,    237.884,
   52,      128.3,    181.141,     239.261,    239.266,
   53,      130.8,    181.115,     240.731,    240.601,
   54,      133.3,    181.180,     241.859,    241.891,
   55,      135.8,    181.167,     242.759,    243.136,
   56,      138.3,    181.206,     244.031,    244.337,
   57,      140.8,    181.141,     245.775,    245.494,
   58,      143.3,    181.115,     246.694,    246.608,
   59,      145.8,    180.959,     247.680,    247.680,
   60,      148.3,    181.180,     249.034,    248.712,
   61,      150.8,    180.881,     249.777,    249.704,
   62,      153.3,    181.193,     250.672,    250.658,
   63,      155.8,    181.063,     251.404,    251.574,
   64,      158.3,    181.141,     252.400,    252.454,
   65,      160.8,    181.154,     253.375,    253.299,
   66,      163.3,    181.063,     254.276,    254.109,
   67,      165.8,    181.180,     254.774,    254.885,
   68,      168.3,    181.089,     255.896,    255.630,
   69,      170.8,    181.193,     256.742,    256.343,
   70,      175.8,    179.894,     257.263,    257.171,
----,
DateTime:        , 2025/11/18, 14:51:07, 1763491866846,
RFID_EPC:        ,--Not Acquired--,
RFID_UserData:   ,--Not Acquired--,
Barcode:         ,--Not Acquired--,
PIF:,            0.00,
PARs:,            0.0,     0.0,     0.0,     0.0,     0.0,     0.0,
Light:,           0.0,     0.0,     0.0,     0.0,     0.0,     0.0,
Cycles:,            1,
                    1,      69,      70,      70,
Lamps:,        #10000,
Gain:,              5,      25, 
SNR_raw:,     343.44,
Position:,        0.0,              0.0,   NoData,
DataPt,      Time(us),   EX,         EM,       Fit,
==========,==========,==========,==========,=========,
    0,        0.0,      0.000,       0.000,    121.667,
    1,        0.8,    164.655,     121.587,    123.785,
    2,        3.3,    179.998,     126.186,    126.150,
    3,        5.8,    180.232,     130.387,    128.565,
    4,        8.3,    180.271,     132.356,    131.022,
    5,       10.8,    180.414,     134.136,    133.520,
    6,       13.3,    180.479,     136.747,    136.052,
    7,       15.8,    180.388,     138.701,    138.612,
    8,       18.3,    180.583,     141.099,    141.200,
    9,       20.8,    180.492,     143.386,    143.808,
   10,       23.3,    180.609,     146.394,    146.435,
   11,       25.8,    180.583,     148.962,    149.075,
   12,       28.3,    180.726,     151.500,    151.728,
   13,       30.8,    180.726,     154.046,    154.389,
   14,       33.3,    180.739,     156.248,    157.053,
   15,       35.8,    180.752,     158.892,    159.718,
   16,       38.3,    180.843,     161.577,    162.383,
   17,       40.8,    180.869,     164.539,    165.042,
   18,       43.3,    180.739,     167.203,    167.691,
   19,       45.8,    180.791,     170.363,    170.330,
   20,       48.3,    180.830,     172.980,    172.956,
   21,       50.8,    180.934,     175.755,    175.566,
   22,       53.3,    180.713,     178.294,    178.155,
   23,       55.8,    180.895,     180.768,    180.725,
   24,       58.3,    180.804,     183.735,    183.269,
   25,       60.8,    180.960,     186.008,    185.789,
   26,       63.3,    180.999,     188.178,    188.281,
   27,       65.8,    180.830,     190.677,    190.741,
   28,       68.3,    181.063,     193.192,    193.171,
   29,       70.8,    180.895,     195.694,    195.564,
   30,       73.3,    180.934,     197.973,    197.922,
   31,       75.8,    181.050,     200.386,    200.244,
   32,       78.3,    180.856,     203.367,    202.524,
   33,       80.8,    180.999,     205.637,    204.765,
   34,       83.3,    180.973,     207.545,    206.964,
   35,       85.8,    181.076,     209.304,    209.120,
   36,       88.3,    181.167,     211.738,    211.234,
   37,       90.8,    181.025,     213.341,    213.300,
   38,       93.3,    181.076,     215.820,    215.322,
   39,       95.8,    181.206,     217.542,    217.298,
   40,       98.3,    181.037,     219.844,    219.225,
   41,      100.8,    181.063,     221.027,    221.105,
   42,      103.3,    181.037,     222.937,    222.937,
   43,      105.8,    180.908,     224.203,    224.720,
   44,      108.3,    181.206,     226.372,    226.457,
   45,      110.8,    181.063,     228.318,    228.145,
   46,      113.3,    181.050,     229.107,    229.785,
   47,      115.8,    181.063,     231.411,    231.377,
   48,      118.3,    180.947,     233.329,    232.921,
   49,      120.8,    181.193,     234.446,    234.419,
   50,      123.3,    181.102,     235.116,    235.870,
   51,      125.8,    181.063,     236.602,    237.275,
   52,      128.3,    180.986,     238.914,    238.633,
   53,      130.8,    181.063,     239.805,    239.947,
   54,      133.3,    181.025,     240.962,    241.216,
   55,      135.8,    181.102,     242.294,    242.443,
   56,      138.3,    180.934,     243.515,    243.626,
   57,      140.8,    181.063,     244.334,    244.768,
   58,      143.3,    181.180,     245.612,    245.869,
   59,      145.8,    181.180,     246.936,    246.930,
   60,      148.3,    181.141,     247.762,    247.952,
   61,      150.8,    181.180,     248.813,    248.936,
   62,      153.3,    181.102,     249.693,    249.883,
   63,      155.8,    181.076,     250.833,    250.793,
   64,      158.3,    181.180,     251.793,    251.669,
   65,      160.8,    181.063,     252.619,    252.509,
   66,      163.3,    181.012,     254.348,    253.317,
   67,      165.8,    180.947,     254.108,    254.092,
   68,      168.3,    181.102,     255.656,    254.837,
   69,      170.8,    181.219,     256.154,    255.551,
   70,      175.8,    179.738,     257.152,    256.560,
----,
DateTime:        , 2025/11/18, 14:51:11, 1763491871420,
RFID_EPC:        ,--Not Acquired--,
RFID_UserData:   ,--Not Acquired--,
Barcode:         ,--Not Acquired--,
PIF:,            0.00,
PARs:,            0.0,     0.0,     0.0,     0.0,     0.0,     0.0,
Light:,           0.0,     0.0,     0.0,     0.0,     0.0,     0.0,
Cycles:,            1,
                    1,      69,      70,      70,
Lamps:,        #10000,
Gain:,              5,      25, 
SNR_raw:,     370.06,
Position:,        0.0,              0.0,   NoData,
DataPt,      Time(us),   EX,         EM,       Fit,
==========,==========,==========,==========,=========,
    0,        0.0,      0.000,       0.000,    122.558,
    1,        0.8,    164.411,     122.376,    124.673,
    2,        3.3,    180.194,     127.073,    127.027,
    3,        5.8,    180.116,     131.360,    129.416,
    4,        8.3,    180.350,     132.964,    131.841,
    5,       10.8,    180.519,     134.834,    134.297,
    6,       13.3,    180.454,     137.542,    136.779,
    7,       15.8,    180.441,     139.215,    139.285,
    8,       18.3,    180.493,     142.499,    141.811,
    9,       20.8,    180.415,     144.112,    144.355,
   10,       23.3,    180.714,     146.309,    146.918,
   11,       25.8,    180.467,     148.615,    149.489,
   12,       28.3,    180.675,     151.543,    152.073,
   13,       30.8,    180.727,     154.598,    154.664,
   14,       33.3,    180.882,     157.229,    157.262,
   15,       35.8,    180.792,     159.521,    159.859,
   16,       38.3,    180.857,     162.228,    162.456,
   17,       40.8,    180.870,     164.539,    165.049,
   18,       43.3,    180.805,     167.252,    167.635,
   19,       45.8,    180.934,     170.227,    170.213,
   20,       48.3,    180.934,     172.328,    172.780,
   21,       50.8,    180.831,     174.970,    175.331,
   22,       53.3,    180.844,     177.612,    177.866,
   23,       55.8,    180.921,     180.299,    180.382,
   24,       58.3,    180.857,     182.797,    182.877,
   25,       60.8,    181.012,     185.181,    185.350,
   26,       63.3,    180.792,     187.730,    187.795,
   27,       65.8,    181.246,     190.680,    190.217,
   28,       68.3,    181.038,     192.998,    192.607,
   29,       70.8,    181.025,     195.663,    194.965,
   30,       73.3,    180.934,     197.641,    197.289,
   31,       75.8,    180.960,     199.823,    199.577,
   32,       78.3,    181.012,     202.417,    201.830,
   33,       80.8,    180.857,     204.140,    204.042,
   34,       83.3,    180.895,     206.749,    206.215,
   35,       85.8,    180.831,     208.482,    208.347,
   36,       88.3,    180.960,     211.096,    210.437,
   37,       90.8,    180.973,     213.180,    212.485,
   38,       93.3,    181.090,     214.920,    214.490,
   39,       95.8,    181.090,     216.908,    216.450,
   40,       98.3,    181.155,     218.487,    218.365,
   41,      100.8,    180.934,     220.190,    220.232,
   42,      103.3,    181.155,     221.799,    222.054,
   43,      105.8,    181.116,     223.834,    223.829,
   44,      108.3,    180.960,     225.243,    225.556,
   45,      110.8,    181.038,     227.134,    227.236,
   46,      113.3,    180.973,     228.542,    228.869,
   47,      115.8,    181.051,     230.100,    230.455,
   48,      118.3,    180.986,     231.399,    231.994,
   49,      120.8,    181.155,     233.943,    233.488,
   50,      123.3,    181.051,     234.188,    234.934,
   51,      125.8,    181.012,     236.227,    236.335,
   52,      128.3,    180.947,     237.528,    237.690,
   53,      130.8,    181.012,     238.768,    239.001,
   54,      133.3,    181.025,     240.187,    240.268,
   55,      135.8,    181.077,     241.112,    241.492,
   56,      138.3,    180.999,     242.763,    242.673,
   57,      140.8,    181.129,     243.362,    243.813,
   58,      143.3,    181.116,     245.146,    244.912,
   59,      145.8,    181.168,     245.849,    245.971,
   60,      148.3,    181.246,     246.847,    246.991,
   61,      150.8,    181.103,     247.373,    247.973,
   62,      153.3,    181.051,     249.211,    248.917,
   63,      155.8,    180.999,     250.498,    249.825,
   64,      158.3,    180.973,     251.197,    250.697,
   65,      160.8,    181.181,     251.461,    251.536,
   66,      163.3,    180.947,     252.781,    252.341,
   67,      165.8,    181.181,     253.337,    253.114,
   68,      168.3,    181.038,     254.642,    253.855,
   69,      170.8,    181.259,     254.663,    254.567,
   70,      175.8,    179.934,     255.760,    255.460,
----,
DateTime:        , 2025/11/18, 14:51:16, 1763491875986,
RFID_EPC:        ,--Not Acquired--,
RFID_UserData:   ,--Not Acquired--,
Barcode:         ,--Not Acquired--,
PIF:,            0.00,
PARs:,            0.0,     0.0,     0.0,     0.0,     0.0,     0.0,
Light:,           0.0,     0.0,     0.0,     0.0,     0.0,     0.0,
Cycles:,            1,
                    1,      69,      70,      70,
Lamps:,        #10000,
Gain:,              5,      25, 
SNR_raw:,     314.89,
Position:,        0.0,              0.0,   NoData,
DataPt,      Time(us),   EX,         EM,       Fit,
==========,==========,==========,==========,=========,
    0,        0.0,      0.000,       0.000,    121.596,
    1,        0.8,    164.736,     121.649,    123.791,
    2,        3.3,    179.991,     126.260,    126.224,
    3,        5.8,    180.108,     130.477,    128.692,
    4,        8.3,    180.212,     132.400,    131.189,
    5,       10.8,    180.277,     134.682,    133.713,
    6,       13.3,    180.485,     136.521,    136.262,
    7,       15.8,    180.394,     139.472,    138.829,
    8,       18.3,    180.706,     141.667,    141.417,
    9,       20.8,    180.550,     144.115,    144.015,
   10,       23.3,    180.810,     146.452,    146.627,
   11,       25.8,    180.706,     148.861,    149.245,
   12,       28.3,    180.758,     151.473,    151.868,
   13,       30.8,    180.576,     153.730,    154.490,
   14,       33.3,    180.693,     156.398,    157.114,
   15,       35.8,    180.680,     159.287,    159.734,
   16,       38.3,    180.602,     161.903,    162.347,
   17,       40.8,    180.654,     164.403,    164.952,
   18,       43.3,    180.901,     166.611,    167.550,
   19,       45.8,    180.862,     169.522,    170.135,
   20,       48.3,    180.901,     172.028,    172.705,
   21,       50.8,    180.901,     175.124,    175.256,
   22,       53.3,    180.966,     177.934,    177.789,
   23,       55.8,    181.018,     180.645,    180.301,
   24,       58.3,    180.784,     183.202,    182.785,
   25,       60.8,    180.836,     185.583,    185.244,
   26,       63.3,    180.927,     187.811,    187.676,
   27,       65.8,    181.005,     190.161,    190.080,
   28,       68.3,    180.966,     192.744,    192.451,
   29,       70.8,    180.836,     195.426,    194.788,
   30,       73.3,    181.044,     197.300,    197.092,
   31,       75.8,    180.992,     199.015,    199.359,
   32,       78.3,    181.018,     201.306,    201.589,
   33,       80.8,    180.914,     204.186,    203.779,
   34,       83.3,    180.979,     205.439,    205.929,
   35,       85.8,    181.018,     208.267,    208.039,
   36,       88.3,    181.018,     211.029,    210.107,
   37,       90.8,    180.953,     212.652,    212.131,
   38,       93.3,    181.044,     214.534,    214.113,
   39,       95.8,    181.005,     216.679,    216.049,
   40,       98.3,    181.148,     218.496,    217.943,
   41,      100.8,    181.057,     219.931,    219.790,
   42,      103.3,    181.031,     221.841,    221.592,
   43,      105.8,    181.187,     223.085,    223.349,
   44,      108.3,    181.018,     224.619,    225.058,
   45,      110.8,    180.927,     226.722,    226.722,
   46,      113.3,    181.083,     228.404,    228.340,
   47,      115.8,    181.031,     230.127,    229.913,
   48,      118.3,    181.031,     231.673,    231.440,
   49,      120.8,    181.135,     232.976,    232.923,
   50,      123.3,    180.927,     234.570,    234.360,
   51,      125.8,    181.187,     235.558,    235.754,
   52,      128.3,    181.174,     236.900,    237.104,
   53,      130.8,    181.135,     238.276,    238.411,
   54,      133.3,    181.122,     239.728,    239.675,
   55,      135.8,    181.109,     240.739,    240.898,
   56,      138.3,    181.096,     241.530,    242.079,
   57,      140.8,    180.836,     243.315,    243.218,
   58,      143.3,    181.109,     244.163,    244.319,
   59,      145.8,    181.044,     244.582,    245.381,
   60,      148.3,    181.005,     245.518,    246.405,
   61,      150.8,    181.005,     247.176,    247.392,
   62,      153.3,    181.122,     248.452,    248.343,
   63,      155.8,    181.018,     249.589,    249.259,
   64,      158.3,    181.135,     249.869,    250.141,
   65,      160.8,    181.135,     251.194,    250.989,
   66,      163.3,    181.226,     251.841,    251.806,
   67,      165.8,    181.317,     253.479,    252.591,
   68,      168.3,    181.148,     253.716,    253.344,
   69,      170.8,    181.109,     255.206,    254.069,
   70,      175.8,    179.783,     254.862,    254.939,
----,
DateTime:        , 2025/11/18, 14:51:20, 1763491880552,
RFID_EPC:        ,--Not Acquired--,
RFID_UserData:   ,--Not Acquired--,
Barcode:         ,--Not Acquired--,
PIF:,            0.00,
PARs:,            0.0,     0.0,     0.0,     0.0,     0.0,     0.0,
Light:,           0.0,     0.0,     0.0,     0.0,     0.0,     0.0,
Cycles:,            1,
                    1,      69,      70,      70,
Lamps:,        #10000,
Gain:,              5,      25, 
SNR_raw:,     404.01,
Position:,        0.0,              0.0,   NoData,
DataPt,      Time(us),   EX,         EM,       Fit,
==========,==========,==========,==========,=========,
    0,        0.0,      0.000,       0.000,    121.909,
    1,        0.8,    164.665,     121.823,    124.012,
    2,        3.3,    180.177,     126.460,    126.358,
    3,        5.8,    180.267,     130.695,    128.747,
    4,        8.3,    180.345,     132.191,    131.177,
    5,       10.8,    180.306,     134.549,    133.640,
    6,       13.3,    180.254,     136.363,    136.132,
    7,       15.8,    180.423,     138.896,    138.653,
    8,       18.3,    180.527,     141.364,    141.197,
    9,       20.8,    180.475,     143.842,    143.760,
   10,       23.3,    180.566,     145.985,    146.339,
   11,       25.8,    180.709,     148.526,    148.933,
   12,       28.3,    180.774,     151.017,    151.536,
   13,       30.8,    180.631,     153.351,    154.143,
   14,       33.3,    180.917,     156.094,    156.757,
   15,       35.8,    180.891,     159.433,    159.370,
   16,       38.3,    180.787,     161.405,    161.979,
   17,       40.8,    180.618,     163.771,    164.579,
   18,       43.3,    180.878,     166.521,    167.175,
   19,       45.8,    180.852,     169.420,    169.758,
   20,       48.3,    180.839,     172.087,    172.328,
   21,       50.8,    180.865,     175.048,    174.882,
   22,       53.3,    180.891,     177.234,    177.417,
   23,       55.8,    180.865,     179.913,    179.931,
   24,       58.3,    181.021,     182.741,    182.423,
   25,       60.8,    180.878,     185.429,    184.888,
   26,       63.3,    181.060,     187.562,    187.328,
   27,       65.8,    180.852,     190.432,    189.735,
   28,       68.3,    180.878,     192.616,    192.112,
   29,       70.8,    180.969,     195.172,    194.456,
   30,       73.3,    180.956,     197.064,    196.765,
   31,       75.8,    181.034,     199.631,    199.038,
   32,       78.3,    181.047,     201.495,    201.274,
   33,       80.8,    181.008,     203.748,    203.470,
   34,       83.3,    181.021,     205.833,    205.625,
   35,       85.8,    181.034,     207.696,    207.739,
   36,       88.3,    180.930,     209.915,    209.810,
   37,       90.8,    181.086,     211.723,    211.838,
   38,       93.3,    181.021,     214.450,    213.821,
   39,       95.8,    181.060,     215.951,    215.760,
   40,       98.3,    181.008,     217.780,    217.653,
   41,      100.8,    181.008,     219.548,    219.500,
   42,      103.3,    181.099,     221.095,    221.302,
   43,      105.8,    181.060,     222.689,    223.056,
   44,      108.3,    181.034,     224.820,    224.764,
   45,      110.8,    181.060,     226.334,    226.426,
   46,      113.3,    181.112,     228.257,    228.042,
   47,      115.8,    180.917,     229.276,    229.610,
   48,      118.3,    181.086,     230.830,    231.133,
   49,      120.8,    180.956,     232.211,    232.609,
   50,      123.3,    181.138,     233.634,    234.041,
   51,      125.8,    181.099,     235.783,    235.429,
   52,      128.3,    181.034,     236.309,    236.771,
   53,      130.8,    181.034,     238.519,    238.070,
   54,      133.3,    181.060,     239.147,    239.327,
   55,      135.8,    181.034,     240.397,    240.540,
   56,      138.3,    180.982,     241.681,    241.712,
   57,      140.8,    180.982,     243.118,    242.844,
   58,      143.3,    181.164,     243.205,    243.936,
   59,      145.8,    181.112,     244.600,    244.989,
   60,      148.3,    181.164,     245.855,    246.004,
   61,      150.8,    180.969,     246.893,    246.981,
   62,      153.3,    181.138,     247.988,    247.922,
   63,      155.8,    181.151,     248.964,    248.828,
   64,      158.3,    181.008,     250.044,    249.699,
   65,      160.8,    181.112,     250.453,    250.537,
   66,      163.3,    181.138,     251.742,    251.342,
   67,      165.8,    181.112,     252.882,    252.116,
   68,      168.3,    181.138,     253.177,    252.859,
   69,      170.8,    181.099,     254.336,    253.572,
   70,      175.8,    179.813,     254.709,    254.543,
----,
DateTime:        , 2025/11/18, 14:51:25, 1763491885134,
RFID_EPC:        ,--Not Acquired--,
RFID_UserData:   ,--Not Acquired--,
Barcode:         ,--Not Acquired--,
PIF:,            0.00,
PARs:,            0.0,     0.0,     0.0,     0.0,     0.0,     0.0,
Light:,           0.0,     0.0,     0.0,     0.0,     0.0,     0.0,
Cycles:,            1,
                    1,      69,      70,      70,
Lamps:,        #10000,
Gain:,              5,      25, 
SNR_raw:,     378.23,
Position:,        0.0,              0.0,   NoData,
DataPt,      Time(us),   EX,         EM,       Fit,
==========,==========,==========,==========,=========,
    0,        0.0,      0.000,       0.000,    121.621,
    1,        0.8,    164.617,     121.737,    123.731,
    2,        3.3,    179.989,     126.083,    126.076,
    3,        5.8,    180.236,     130.052,    128.463,
    4,        8.3,    180.392,     132.046,    130.886,
    5,       10.8,    180.405,     134.143,    133.340,
    6,       13.3,    180.366,     135.946,    135.822,
    7,       15.8,    180.379,     138.930,    138.328,
    8,       18.3,    180.522,     140.482,    140.857,
    9,       20.8,    180.535,     144.128,    143.405,
   10,       23.3,    180.548,     145.557,    145.968,
   11,       25.8,    180.573,     148.084,    148.544,
   12,       28.3,    180.716,     150.291,    151.132,
   13,       30.8,    180.496,     153.466,    153.723,
   14,       33.3,    180.742,     155.581,    156.322,
   15,       35.8,    180.885,     158.332,    158.923,
   16,       38.3,    180.768,     161.422,    161.521,
   17,       40.8,    180.755,     164.200,    164.115,
   18,       43.3,    180.768,     166.069,    166.702,
   19,       45.8,    180.768,     168.945,    169.280,
   20,       48.3,    180.794,     171.687,    171.846,
   21,       50.8,    180.898,     174.020,    174.398,
   22,       53.3,    180.781,     176.788,    176.932,
   23,       55.8,    180.924,     179.301,    179.449,
   24,       58.3,    180.950,     181.928,    181.944,
   25,       60.8,    180.742,     184.351,    184.412,
   26,       63.3,    181.028,     187.816,    186.857,
   27,       65.8,    181.080,     189.750,    189.275,
   28,       68.3,    180.898,     191.931,    191.661,
   29,       70.8,    180.911,     193.907,    194.014,
   30,       73.3,    180.716,     196.994,    196.331,
   31,       75.8,    180.976,     199.253,    198.615,
   32,       78.3,    181.015,     201.309,    200.863,
   33,       80.8,    180.833,     203.392,    203.069,
   34,       83.3,    181.002,     205.412,    205.237,
   35,       85.8,    181.145,     207.127,    207.366,
   36,       88.3,    181.028,     210.022,    209.450,
   37,       90.8,    181.002,     212.042,    211.490,
   38,       93.3,    180.976,     213.398,    213.486,
   39,       95.8,    180.989,     215.372,    215.437,
   40,       98.3,    181.067,     217.378,    217.342,
   41,      100.8,    180.950,     219.066,    219.200,
   42,      103.3,    180.989,     220.897,    221.011,
   43,      105.8,    181.132,     222.710,    222.776,
   44,      108.3,    181.054,     224.242,    224.494,
   45,      110.8,    181.041,     226.026,    226.163,
   46,      113.3,    181.041,     228.125,    227.786,
   47,      115.8,    180.989,     229.737,    229.360,
   48,      118.3,    181.171,     230.500,    230.889,
   49,      120.8,    181.223,     231.979,    232.372,
   50,      123.3,    181.067,     233.394,    233.807,
   51,      125.8,    181.080,     234.813,    235.196,
   52,      128.3,    180.989,     236.699,    236.539,
   53,      130.8,    181.119,     237.634,    237.838,
   54,      133.3,    181.041,     238.951,    239.093,
   55,      135.8,    181.158,     240.563,    240.305,
   56,      138.3,    181.067,     241.347,    241.474,
   57,      140.8,    181.301,     242.249,    242.602,
   58,      143.3,    181.054,     243.794,    243.689,
   59,      145.8,    181.158,     244.979,    244.735,
   60,      148.3,    181.223,     245.554,    245.743,
   61,      150.8,    181.158,     246.635,    246.713,
   62,      153.3,    181.275,     247.800,    247.646,
   63,      155.8,    181.054,     248.323,    248.542,
   64,      158.3,    180.989,     249.407,    249.402,
   65,      160.8,    181.106,     250.129,    250.229,
   66,      163.3,    181.119,     251.326,    251.023,
   67,      165.8,    181.002,     252.593,    251.784,
   68,      168.3,    181.353,     252.546,    252.515,
   69,      170.8,    181.119,     253.866,    253.215,
   70,      175.8,    179.950,     253.960,    254.096,
----,
DateTime:        , 2025/11/18, 14:51:29, 1763491889684,
RFID_EPC:        ,--Not Acquired--,
RFID_UserData:   ,--Not Acquired--,
Barcode:         ,--Not Acquired--,
PIF:,            0.00,
PARs:,            0.0,     0.0,     0.0,     0.0,     0.0,     0.0,
Light:,           0.0,     0.0,     0.0,     0.0,     0.0,     0.0,
Cycles:,            1,
                    1,      69,      70,      70,
Lamps:,        #10000,
Gain:,              5,      25, 
SNR_raw:,     500.64,
Position:,        0.0,              0.0,   NoData,
DataPt,      Time(us),   EX,         EM,       Fit,
==========,==========,==========,==========,=========,
    0,        0.0,      0.000,       0.000,    121.841,
    1,        0.8,    164.738,     121.890,    123.898,
    2,        3.3,    180.056,     126.313,    126.196,
    3,        5.8,    180.277,     130.355,    128.547,
    4,        8.3,    180.329,     132.203,    130.943,
    5,       10.8,    180.367,     134.060,    133.378,
    6,       13.3,    180.497,     136.068,    135.851,
    7,       15.8,    180.575,     138.003,    138.354,
    8,       18.3,    180.601,     140.863,    140.885,
    9,       20.8,    180.523,     143.139,    143.437,
   10,       23.3,    180.718,     145.973,    146.010,
   11,       25.8,    180.523,     148.236,    148.595,
   12,       28.3,    180.744,     150.489,    151.195,
   13,       30.8,    180.783,     153.443,    153.803,
   14,       33.3,    180.835,     155.943,    156.416,
   15,       35.8,    180.861,     159.349,    159.032,
   16,       38.3,    180.848,     161.240,    161.645,
   17,       40.8,    180.770,     164.297,    164.253,
   18,       43.3,    180.731,     166.324,    166.853,
   19,       45.8,    180.627,     169.520,    169.441,
   20,       48.3,    180.887,     172.041,    172.019,
   21,       50.8,    180.900,     174.240,    174.581,
   22,       53.3,    180.991,     177.025,    177.125,
   23,       55.8,    180.887,     179.891,    179.647,
   24,       58.3,    180.991,     181.887,    182.147,
   25,       60.8,    181.030,     184.831,    184.622,
   26,       63.3,    180.952,     186.900,    187.067,
   27,       65.8,    180.952,     189.663,    189.483,
   28,       68.3,    180.926,     191.902,    191.865,
   29,       70.8,    180.887,     194.596,    194.214,
   30,       73.3,    181.017,     196.556,    196.527,
   31,       75.8,    181.043,     199.290,    198.804,
   32,       78.3,    180.978,     201.350,    201.041,
   33,       80.8,    180.965,     203.575,    203.237,
   34,       83.3,    181.082,     205.542,    205.392,
   35,       85.8,    180.939,     207.694,    207.503,
   36,       88.3,    181.082,     210.181,    209.571,
   37,       90.8,    181.017,     211.693,    211.594,
   38,       93.3,    181.030,     213.887,    213.571,
   39,       95.8,    180.939,     215.874,    215.501,
   40,       98.3,    181.160,     217.487,    217.386,
   41,      100.8,    180.900,     219.679,    219.222,
   42,      103.3,    181.082,     221.226,    221.011,
   43,      105.8,    180.952,     222.490,    222.751,
   44,      108.3,    181.121,     224.380,    224.445,
   45,      110.8,    181.134,     225.910,    226.091,
   46,      113.3,    181.069,     227.648,    227.689,
   47,      115.8,    181.043,     229.338,    229.238,
   48,      118.3,    180.978,     230.746,    230.741,
   49,      120.8,    181.056,     231.751,    232.196,
   50,      123.3,    181.017,     233.680,    233.606,
   51,      125.8,    181.004,     234.691,    234.969,
   52,      128.3,    180.978,     235.940,    236.287,
   53,      130.8,    181.017,     237.326,    237.561,
   54,      133.3,    180.991,     238.686,    238.790,
   55,      135.8,    181.160,     239.678,    239.978,
   56,      138.3,    180.900,     240.796,    241.122,
   57,      140.8,    181.186,     242.403,    242.226,
   58,      143.3,    181.056,     243.019,    243.289,
   59,      145.8,    180.926,     244.077,    244.313,
   60,      148.3,    181.082,     245.082,    245.298,
   61,      150.8,    181.108,     245.820,    246.246,
   62,      153.3,    180.991,     246.973,    247.156,
   63,      155.8,    181.134,     248.214,    248.032,
   64,      158.3,    181.134,     249.429,    248.873,
   65,      160.8,    181.082,     250.163,    249.681,
   66,      163.3,    181.199,     250.553,    250.456,
   67,      165.8,    181.069,     251.727,    251.199,
   68,      168.3,    181.043,     252.426,    251.912,
   69,      170.8,    181.043,     253.089,    252.595,
   70,      175.8,    179.679,     254.454,    253.575,
----,
DateTime:        , 2025/11/18, 14:51:34, 1763491894213,
RFID_EPC:        ,--Not Acquired--,
RFID_UserData:   ,--Not Acquired--,
Barcode:         ,--Not Acquired--,
PIF:,            0.00,
PARs:,            0.0,     0.0,     0.0,     0.0,     0.0,     0.0,
Light:,           0.0,     0.0,     0.0,     0.0,     0.0,     0.0,
Cycles:,            1,
                    1,      69,      70,      70,
Lamps:,        #10000,
Gain:,              5,      25, 
SNR_raw:,     322.96,
Position:,        0.0,              0.0,   NoData,
DataPt,      Time(us),   EX,         EM,       Fit,
==========,==========,==========,==========,=========,
    0,        0.0,      0.000,       0.000,    121.351,
    1,        0.8,    164.585,     121.153,    123.476,
    2,        3.3,    180.160,     125.606,    125.844,
    3,        5.8,    180.303,     129.671,    128.256,
    4,        8.3,    180.368,     132.618,    130.706,
    5,       10.8,    180.368,     134.059,    133.191,
    6,       13.3,    180.303,     136.326,    135.704,
    7,       15.8,    180.446,     138.657,    138.245,
    8,       18.3,    180.485,     141.065,    140.809,
    9,       20.8,    180.524,     142.807,    143.393,
   10,       23.3,    180.550,     145.334,    145.993,
   11,       25.8,    180.679,     148.108,    148.606,
   12,       28.3,    180.692,     151.085,    151.229,
   13,       30.8,    180.563,     153.963,    153.857,
   14,       33.3,    180.744,     156.243,    156.489,
   15,       35.8,    180.744,     158.677,    159.121,
   16,       38.3,    180.731,     161.012,    161.750,
   17,       40.8,    180.757,     163.866,    164.373,
   18,       43.3,    180.744,     166.533,    166.987,
   19,       45.8,    180.666,     169.373,    169.589,
   20,       48.3,    180.926,     171.893,    172.179,
   21,       50.8,    180.965,     174.398,    174.753,
   22,       53.3,    180.796,     176.663,    177.306,
   23,       55.8,    180.887,     179.780,    179.838,
   24,       58.3,    180.900,     182.310,    182.346,
   25,       60.8,    180.913,     184.950,    184.827,
   26,       63.3,    180.913,     187.272,    187.280,
   27,       65.8,    180.783,     190.172,    189.701,
   28,       68.3,    180.913,     193.242,    192.090,
   29,       70.8,    180.965,     195.065,    194.446,
   30,       73.3,    180.952,     197.290,    196.765,
   31,       75.8,    181.043,     199.069,    199.048,
   32,       78.3,    181.004,     201.653,    201.290,
   33,       80.8,    181.069,     203.348,    203.493,
   34,       83.3,    181.030,     205.932,    205.654,
   35,       85.8,    181.030,     208.032,    207.771,
   36,       88.3,    180.978,     210.523,    209.844,
   37,       90.8,    180.900,     212.272,    211.871,
   38,       93.3,    180.900,     214.262,    213.853,
   39,       95.8,    181.095,     215.909,    215.790,
   40,       98.3,    180.991,     218.132,    217.680,
   41,      100.8,    181.186,     219.553,    219.523,
   42,      103.3,    181.134,     220.941,    221.319,
   43,      105.8,    181.043,     223.593,    223.067,
   44,      108.3,    181.199,     225.277,    224.768,
   45,      110.8,    181.173,     226.413,    226.421,
   46,      113.3,    181.108,     227.709,    228.025,
   47,      115.8,    181.095,     229.051,    229.583,
   48,      118.3,    180.952,     231.000,    231.093,
   49,      120.8,    180.965,     232.752,    232.556,
   50,      123.3,    181.095,     233.579,    233.973,
   51,      125.8,    180.952,     235.090,    235.345,
   52,      128.3,    181.134,     236.510,    236.672,
   53,      130.8,    181.043,     237.733,    237.954,
   54,      133.3,    181.173,     238.888,    239.194,
   55,      135.8,    181.238,     239.574,    240.391,
   56,      138.3,    181.160,     241.223,    241.546,
   57,      140.8,    181.173,     242.310,    242.659,
   58,      143.3,    181.004,     243.972,    243.732,
   59,      145.8,    180.978,     244.449,    244.765,
   60,      148.3,    181.030,     246.147,    245.760,
   61,      150.8,    181.186,     246.045,    246.718,
   62,      153.3,    181.082,     247.622,    247.639,
   63,      155.8,    180.939,     248.260,    248.525,
   64,      158.3,    181.147,     249.963,    249.376,
   65,      160.8,    181.147,     249.742,    250.194,
   66,      163.3,    181.212,     251.749,    250.980,
   67,      165.8,    181.134,     252.410,    251.734,
   68,      168.3,    181.186,     253.110,    252.457,
   69,      170.8,    181.147,     253.716,    253.151,
   70,      175.8,    179.809,     255.159,    254.119,
----,
DateTime:        , 2025/11/18, 14:51:38, 1763491898766,
RFID_EPC:        ,--Not Acquired--,
RFID_UserData:   ,--Not Acquired--,
Barcode:         ,--Not Acquired--,
PIF:,            0.00,
PARs:,            0.0,     0.0,     0.0,     0.0,     0.0,     0.0,
Light:,           0.0,     0.0,     0.0,     0.0,     0.0,     0.0,
Cycles:,            1,
                    1,      69,      70,      70,
Lamps:,        #10000,
Gain:,              5,      25, 
SNR_raw:,     377.17,
Position:,        0.0,              0.0,   NoData,
DataPt,      Time(us),   EX,         EM,       Fit,
==========,==========,==========,==========,=========,
    0,        0.0,      0.000,       0.000,    120.980,
    1,        0.8,    164.641,     121.233,    123.173,
    2,        3.3,    180.073,     125.288,    125.601,
    3,        5.8,    180.164,     128.994,    128.059,
    4,        8.3,    180.255,     131.813,    130.546,
    5,       10.8,    180.359,     133.844,    133.060,
    6,       13.3,    180.320,     136.313,    135.595,
    7,       15.8,    180.372,     138.270,    138.151,
    8,       18.3,    180.631,     141.504,    140.729,
    9,       20.8,    180.528,     143.247,    143.320,
   10,       23.3,    180.644,     145.590,    145.925,
   11,       25.8,    180.605,     149.054,    148.540,
   12,       28.3,    180.722,     150.618,    151.164,
   13,       30.8,    180.670,     153.539,    153.793,
   14,       33.3,    180.657,     155.654,    156.423,
   15,       35.8,    180.709,     158.487,    159.055,
   16,       38.3,    180.722,     160.799,    161.683,
   17,       40.8,    180.813,     164.037,    164.308,
   18,       43.3,    180.722,     166.664,    166.923,
   19,       45.8,    180.839,     169.543,    169.529,
   20,       48.3,    180.982,     172.061,    172.124,
   21,       50.8,    180.800,     174.668,    174.701,
   22,       53.3,    180.878,     177.467,    177.260,
   23,       55.8,    180.891,     179.224,    179.799,
   24,       58.3,    180.982,     181.896,    182.315,
   25,       60.8,    181.099,     184.540,    184.808,
   26,       63.3,    180.930,     187.365,    187.271,
   27,       65.8,    180.800,     189.712,    189.702,
   28,       68.3,    180.917,     192.464,    192.102,
   29,       70.8,    180.943,     194.757,    194.469,
   30,       73.3,    180.956,     197.064,    196.800,
   31,       75.8,    181.008,     199.881,    199.094,
   32,       78.3,    181.099,     201.437,    201.349,
   33,       80.8,    181.034,     203.939,    203.563,
   34,       83.3,    180.956,     205.906,    205.734,
   35,       85.8,    181.073,     207.872,    207.862,
   36,       88.3,    181.086,     209.955,    209.945,
   37,       90.8,    180.852,     212.217,    211.980,
   38,       93.3,    180.969,     214.180,    213.970,
   39,       95.8,    180.943,     216.532,    215.911,
   40,       98.3,    180.956,     218.174,    217.805,
   41,      100.8,    180.995,     220.337,    219.651,
   42,      103.3,    180.956,     221.822,    221.447,
   43,      105.8,    180.943,     223.164,    223.194,
   44,      108.3,    181.190,     224.737,    224.894,
   45,      110.8,    181.008,     226.288,    226.543,
   46,      113.3,    181.112,     228.367,    228.143,
   47,      115.8,    181.060,     229.979,    229.694,
   48,      118.3,    180.943,     230.901,    231.196,
   49,      120.8,    181.242,     232.617,    232.651,
   50,      123.3,    180.995,     234.150,    234.057,
   51,      125.8,    181.060,     235.281,    235.416,
   52,      128.3,    181.138,     236.726,    236.729,
   53,      130.8,    181.242,     237.583,    237.996,
   54,      133.3,    181.021,     239.199,    239.217,
   55,      135.8,    181.112,     240.183,    240.395,
   56,      138.3,    181.112,     240.845,    241.529,
   57,      140.8,    181.151,     242.008,    242.620,
   58,      143.3,    181.203,     242.822,    243.671,
   59,      145.8,    181.047,     244.356,    244.680,
   60,      148.3,    181.021,     245.717,    245.650,
   61,      150.8,    181.047,     246.013,    246.581,
   62,      153.3,    181.151,     246.976,    247.476,
   63,      155.8,    181.073,     248.739,    248.333,
   64,      158.3,    181.073,     249.513,    249.156,
   65,      160.8,    181.177,     249.701,    249.945,
   66,      163.3,    181.125,     250.987,    250.701,
   67,      165.8,    181.164,     252.258,    251.425,
   68,      168.3,    181.112,     252.772,    252.118,
   69,      170.8,    181.229,     253.712,    252.781,
   70,      175.8,    179.891,     253.820,    253.569,
----,
DateTime:        , 2025/11/18, 14:51:43, 1763491903328,
RFID_EPC:        ,--Not Acquired--,
RFID_UserData:   ,--Not Acquired--,
Barcode:         ,--Not Acquired--,
PIF:,            0.00,
PARs:,            0.0,     0.0,     0.0,     0.0,     0.0,     0.0,
Light:,           0.0,     0.0,     0.0,     0.0,     0.0,     0.0,
Cycles:,            1,
                    1,      69,      70,      70,
Lamps:,        #10000,
Gain:,              5,      25, 
SNR_raw:,     372.23,
Position:,        0.0,              0.0,   NoData,
DataPt,      Time(us),   EX,         EM,       Fit,
==========,==========,==========,==========,=========,
    0,        0.0,      0.000,       0.000,    120.791,
    1,        0.8,    164.721,     120.567,    122.985,
    2,        3.3,    180.011,     125.254,    125.412,
    3,        5.8,    180.336,     129.536,    127.871,
    4,        8.3,    180.349,     131.190,    130.356,
    5,       10.8,    180.245,     134.151,    132.864,
    6,       13.3,    180.453,     135.991,    135.397,
    7,       15.8,    180.323,     138.307,    137.947,
    8,       18.3,    180.388,     140.918,    140.516,
    9,       20.8,    180.310,     143.309,    143.098,
   10,       23.3,    180.570,     145.428,    145.697,
   11,       25.8,    180.531,     147.565,    148.305,
   12,       28.3,    180.687,     150.537,    150.923,
   13,       30.8,    180.752,     153.249,    153.547,
   14,       33.3,    180.843,     155.494,    156.175,
   15,       35.8,    180.804,     158.514,    158.803,
   16,       38.3,    180.843,     160.581,    161.429,
   17,       40.8,    180.791,     164.168,    164.050,
   18,       43.3,    180.752,     166.195,    166.662,
   19,       45.8,    180.726,     168.432,    169.264,
   20,       48.3,    180.921,     171.898,    171.857,
   21,       50.8,    180.804,     174.333,    174.433,
   22,       53.3,    180.895,     176.677,    176.992,
   23,       55.8,    181.025,     179.313,    179.534,
   24,       58.3,    180.830,     182.160,    182.050,
   25,       60.8,    180.895,     184.969,    184.543,
   26,       63.3,    180.921,     187.817,    187.010,
   27,       65.8,    180.921,     189.475,    189.447,
   28,       68.3,    180.908,     192.253,    191.854,
   29,       70.8,    180.973,     194.504,    194.228,
   30,       73.3,    181.051,     196.851,    196.568,
   31,       75.8,    181.090,     198.797,    198.871,
   32,       78.3,    180.882,     201.900,    201.134,
   33,       80.8,    181.051,     203.479,    203.359,
   34,       83.3,    181.090,     205.644,    205.543,
   35,       85.8,    180.830,     207.709,    207.681,
   36,       88.3,    180.934,     209.579,    209.776,
   37,       90.8,    180.908,     212.152,    211.826,
   38,       93.3,    180.947,     214.317,    213.830,
   39,       95.8,    180.986,     216.150,    215.788,
   40,       98.3,    181.090,     217.903,    217.700,
   41,      100.8,    180.999,     219.560,    219.563,
   42,      103.3,    180.882,     221.360,    221.376,
   43,      105.8,    181.103,     223.409,    223.143,
   44,      108.3,    181.129,     224.592,    224.860,
   45,      110.8,    181.168,     226.420,    226.530,
   46,      113.3,    181.038,     228.129,    228.149,
   47,      115.8,    181.181,     229.495,    229.720,
   48,      118.3,    181.012,     230.814,    231.242,
   49,      120.8,    181.116,     232.890,    232.717,
   50,      123.3,    180.869,     234.092,    234.142,
   51,      125.8,    180.999,     235.913,    235.520,
   52,      128.3,    181.103,     236.993,    236.853,
   53,      130.8,    180.986,     237.477,    238.140,
   54,      133.3,    181.129,     239.388,    239.382,
   55,      135.8,    181.258,     239.989,    240.580,
   56,      138.3,    181.375,     241.598,    241.736,
   57,      140.8,    181.051,     243.026,    242.847,
   58,      143.3,    181.077,     243.985,    243.916,
   59,      145.8,    181.181,     244.507,    244.945,
   60,      148.3,    181.194,     245.483,    245.935,
   61,      150.8,    181.090,     246.618,    246.886,
   62,      153.3,    181.012,     248.161,    247.798,
   63,      155.8,    181.012,     248.492,    248.674,
   64,      158.3,    180.973,     249.098,    249.514,
   65,      160.8,    181.116,     250.006,    250.321,
   66,      163.3,    181.233,     251.390,    251.094,
   67,      165.8,    181.297,     252.403,    251.835,
   68,      168.3,    181.181,     253.118,    252.545,
   69,      170.8,    181.155,     254.148,    253.224,
   70,      175.8,    179.907,     254.353,    254.011,
----,
DateTime:        , 2025/11/18, 14:51:48, 1763491907904,
RFID_EPC:        ,--Not Acquired--,
RFID_UserData:   ,--Not Acquired--,
Barcode:         ,--Not Acquired--,
PIF:,            0.00,
PARs:,            0.0,     0.0,     0.0,     0.0,     0.0,     0.0,
Light:,           0.0,     0.0,     0.0,     0.0,     0.0,     0.0,
Cycles:,            1,
                    1,      69,      70,      70,
Lamps:,        #10000,
Gain:,              5,      25, 
SNR_raw:,     280.80,
Position:,        0.0,              0.0,   NoData,
DataPt,      Time(us),   EX,         EM,       Fit,
==========,==========,==========,==========,=========,
    0,        0.0,      0.000,       0.000,    120.481,
    1,        0.8,    164.651,     120.497,    122.662,
    2,        3.3,    180.032,     125.117,    125.087,
    3,        5.8,    180.305,     129.337,    127.554,
    4,        8.3,    180.357,     131.406,    130.056,
    5,       10.8,    180.370,     133.393,    132.588,
    6,       13.3,    180.370,     135.500,    135.146,
    7,       15.8,    180.370,     138.050,    137.727,
    8,       18.3,    180.499,     140.499,    140.328,
    9,       20.8,    180.603,     142.744,    142.946,
   10,       23.3,    180.733,     145.518,    145.578,
   11,       25.8,    180.655,     148.017,    148.218,
   12,       28.3,    180.759,     150.476,    150.865,
   13,       30.8,    180.811,     152.867,    153.516,
   14,       33.3,    180.876,     155.134,    156.168,
   15,       35.8,    180.798,     158.187,    158.816,
   16,       38.3,    180.772,     160.976,    161.459,
   17,       40.8,    180.746,     164.097,    164.093,
   18,       43.3,    180.642,     166.295,    166.715,
   19,       45.8,    180.733,     168.978,    169.324,
   20,       48.3,    180.759,     172.163,    171.919,
   21,       50.8,    181.045,     173.990,    174.499,
   22,       53.3,    180.863,     177.261,    177.055,
   23,       55.8,    180.798,     179.427,    179.589,
   24,       58.3,    180.811,     181.847,    182.097,
   25,       60.8,    180.889,     184.533,    184.579,
   26,       63.3,    180.993,     187.410,    187.034,
   27,       65.8,    180.941,     190.117,    189.456,
   28,       68.3,    180.902,     191.816,    191.845,
   29,       70.8,    180.941,     195.202,    194.200,
   30,       73.3,    180.954,     196.403,    196.519,
   31,       75.8,    180.798,     198.785,    198.798,
   32,       78.3,    180.889,     201.118,    201.038,
   33,       80.8,    181.019,     202.962,    203.240,
   34,       83.3,    180.928,     204.833,    205.399,
   35,       85.8,    180.850,     207.686,    207.514,
   36,       88.3,    181.201,     210.153,    209.588,
   37,       90.8,    181.032,     211.675,    211.617,
   38,       93.3,    181.110,     213.903,    213.600,
   39,       95.8,    181.071,     216.379,    215.537,
   40,       98.3,    181.071,     218.146,    217.427,
   41,      100.8,    180.993,     219.898,    219.270,
   42,      103.3,    180.993,     221.113,    221.066,
   43,      105.8,    181.058,     222.801,    222.814,
   44,      108.3,    181.136,     224.472,    224.516,
   45,      110.8,    180.993,     226.417,    226.169,
   46,      113.3,    181.097,     227.834,    227.775,
   47,      115.8,    181.188,     228.382,    229.335,
   48,      118.3,    181.084,     230.611,    230.847,
   49,      120.8,    180.876,     232.314,    232.312,
   50,      123.3,    180.993,     234.042,    233.731,
   51,      125.8,    181.058,     234.621,    235.105,
   52,      128.3,    181.084,     236.354,    236.435,
   53,      130.8,    181.058,     237.272,    237.720,
   54,      133.3,    181.071,     239.022,    238.962,
   55,      135.8,    181.214,     240.158,    240.162,
   56,      138.3,    181.214,     241.151,    241.319,
   57,      140.8,    181.123,     241.825,    242.436,
   58,      143.3,    181.175,     243.411,    243.512,
   59,      145.8,    181.097,     244.952,    244.548,
   60,      148.3,    180.954,     245.587,    245.546,
   61,      150.8,    180.993,     246.639,    246.506,
   62,      153.3,    180.915,     247.851,    247.430,
   63,      155.8,    181.006,     248.500,    248.318,
   64,      158.3,    181.188,     248.802,    249.172,
   65,      160.8,    181.175,     250.255,    249.993,
   66,      163.3,    181.149,     250.402,    250.782,
   67,      165.8,    181.240,     251.711,    251.539,
   68,      168.3,    181.175,     252.463,    252.265,
   69,      170.8,    181.136,     253.622,    252.961,
   70,      175.8,    179.811,     254.156,    253.830,
----,
DateTime:        , 2025/11/18, 14:51:52, 1763491912467,
RFID_EPC:        ,--Not Acquired--,
RFID_UserData:   ,--Not Acquired--,
Barcode:         ,--Not Acquired--,
PIF:,            0.00,
PARs:,            0.0,     0.0,     0.0,     0.0,     0.0,     0.0,
Light:,           0.0,     0.0,     0.0,     0.0,     0.0,     0.0,
Cycles:,            1,
                    1,      69,      70,      70,
Lamps:,        #10000,
Gain:,              5,      25, 
SNR_raw:,     394.81,
Position:,        0.0,              0.0,   NoData,
DataPt,      Time(us),   EX,         EM,       Fit,
==========,==========,==========,==========,=========,
    0,        0.0,      0.000,       0.000,    121.698,
    1,        0.8,    164.409,     121.770,    123.689,
    2,        3.3,    180.084,     126.056,    125.932,
    3,        5.8,    180.201,     129.966,    128.239,
    4,        8.3,    180.487,     131.533,    130.605,
    5,       10.8,    180.539,     133.821,    133.021,
    6,       13.3,    180.422,     135.793,    135.479,
    7,       15.8,    180.344,     138.624,    137.973,
    8,       18.3,    180.344,     140.398,    140.502,
    9,       20.8,    180.552,     142.895,    143.060,
   10,       23.3,    180.513,     144.699,    145.643,
   11,       25.8,    180.604,     147.837,    148.246,
   12,       28.3,    180.656,     150.009,    150.865,
   13,       30.8,    180.669,     152.987,    153.496,
   14,       33.3,    180.773,     155.776,    156.135,
   15,       35.8,    180.695,     158.942,    158.778,
   16,       38.3,    180.786,     161.296,    161.423,
   17,       40.8,    180.890,     163.636,    164.065,
   18,       43.3,    180.877,     166.412,    166.702,
   19,       45.8,    180.825,     169.225,    169.329,
   20,       48.3,    180.994,     171.719,    171.945,
   21,       50.8,    180.955,     174.629,    174.546,
   22,       53.3,    180.916,     177.099,    177.127,
   23,       55.8,    180.890,     179.668,    179.688,
   24,       58.3,    180.851,     182.471,    182.224,
   25,       60.8,    181.085,     184.665,    184.738,
   26,       63.3,    180.994,     187.410,    187.221,
   27,       65.8,    181.162,     189.554,    189.676,
   28,       68.3,    180.955,     192.424,    192.095,
   29,       70.8,    181.046,     194.647,    194.480,
   30,       73.3,    180.929,     197.094,    196.827,
   31,       75.8,    181.033,     199.743,    199.137,
   32,       78.3,    181.110,     201.866,    201.407,
   33,       80.8,    180.955,     204.029,    203.633,
   34,       83.3,    180.955,     206.240,    205.817,
   35,       85.8,    181.123,     208.477,    207.957,
   36,       88.3,    181.085,     210.399,    210.051,
   37,       90.8,    181.072,     211.960,    212.099,
   38,       93.3,    180.942,     213.992,    214.098,
   39,       95.8,    181.007,     216.125,    216.050,
   40,       98.3,    180.812,     218.459,    217.952,
   41,      100.8,    181.033,     219.960,    219.806,
   42,      103.3,    180.864,     222.267,    221.610,
   43,      105.8,    181.136,     223.588,    223.366,
   44,      108.3,    180.994,     225.091,    225.072,
   45,      110.8,    181.072,     226.872,    226.729,
   46,      113.3,    181.007,     228.058,    228.336,
   47,      115.8,    181.007,     229.384,    229.894,
   48,      118.3,    181.046,     230.992,    231.403,
   49,      120.8,    181.123,     231.886,    232.865,
   50,      123.3,    181.162,     233.713,    234.279,
   51,      125.8,    180.981,     235.495,    235.645,
   52,      128.3,    181.020,     236.880,    236.965,
   53,      130.8,    181.136,     237.611,    238.239,
   54,      133.3,    180.890,     239.483,    239.468,
   55,      135.8,    181.110,     240.737,    240.653,
   56,      138.3,    181.072,     241.893,    241.795,
   57,      140.8,    181.072,     242.998,    242.895,
   58,      143.3,    181.136,     244.125,    243.953,
   59,      145.8,    181.097,     244.840,    244.971,
   60,      148.3,    181.020,     245.830,    245.950,
   61,      150.8,    181.201,     246.797,    246.891,
   62,      153.3,    181.097,     247.601,    247.794,
   63,      155.8,    181.123,     248.781,    248.662,
   64,      158.3,    180.890,     249.987,    249.493,
   65,      160.8,    181.110,     250.676,    250.292,
   66,      163.3,    181.123,     251.099,    251.057,
   67,      165.8,    181.072,     252.276,    251.790,
   68,      168.3,    181.097,     253.013,    252.493,
   69,      170.8,    181.072,     253.933,    253.165,
   70,      175.8,    179.903,     253.804,    254.223,
----,
DateTime:        , 2025/11/18, 14:51:57, 1763491917021,
RFID_EPC:        ,--Not Acquired--,
RFID_UserData:   ,--Not Acquired--,
Barcode:         ,--Not Acquired--,
PIF:,            0.00,
PARs:,            0.0,     0.0,     0.0,     0.0,     0.0,     0.0,
Light:,           0.0,     0.0,     0.0,     0.0,     0.0,     0.0,
Cycles:,            1,
                    1,      69,      70,      70,
Lamps:,        #10000,
Gain:,              5,      25, 
SNR_raw:,     326.49,
Position:,        0.0,              0.0,   NoData,
DataPt,      Time(us),   EX,         EM,       Fit,
==========,==========,==========,==========,=========,
    0,        0.0,      0.000,       0.000,    120.425,
    1,        0.8,    164.685,     120.108,    122.564,
    2,        3.3,    180.001,     124.931,    124.950,
    3,        5.8,    180.144,     129.341,    127.386,
    4,        8.3,    180.235,     131.162,    129.866,
    5,       10.8,    180.274,     133.464,    132.382,
    6,       13.3,    180.534,     135.487,    134.934,
    7,       15.8,    180.391,     138.144,    137.511,
    8,       18.3,    180.534,     139.697,    140.113,
    9,       20.8,    180.781,     142.936,    142.738,
   10,       23.3,    180.625,     145.716,    145.376,
   11,       25.8,    180.690,     147.656,    148.027,
   12,       28.3,    180.807,     150.105,    150.687,
   13,       30.8,    180.664,     152.881,    153.349,
   14,       33.3,    180.599,     155.926,    156.013,
   15,       35.8,    180.820,     158.279,    158.677,
   16,       38.3,    180.729,     160.351,    161.335,
   17,       40.8,    180.807,     163.379,    163.987,
   18,       43.3,    180.898,     165.840,    166.629,
   19,       45.8,    180.677,     168.921,    169.255,
   20,       48.3,    180.898,     171.921,    171.867,
   21,       50.8,    180.794,     174.011,    174.460,
   22,       53.3,    181.131,     176.336,    177.035,
   23,       55.8,    180.885,     178.899,    179.584,
   24,       58.3,    180.975,     182.456,    182.108,
   25,       60.8,    181.001,     184.197,    184.604,
   26,       63.3,    180.950,     187.013,    187.070,
   27,       65.8,    181.027,     189.474,    189.504,
   28,       68.3,    180.820,     192.457,    191.901,
   29,       70.8,    180.988,     194.267,    194.264,
   30,       73.3,    180.911,     196.561,    196.589,
   31,       75.8,    180.975,     199.143,    198.875,
   32,       78.3,    180.988,     201.449,    201.121,
   33,       80.8,    180.975,     204.006,    203.324,
   34,       83.3,    181.066,     206.554,    205.486,
   35,       85.8,    181.144,     207.790,    207.604,
   36,       88.3,    180.963,     210.541,    209.675,
   37,       90.8,    180.975,     212.404,    211.700,
   38,       93.3,    180.963,     214.299,    213.678,
   39,       95.8,    181.157,     215.945,    215.611,
   40,       98.3,    181.014,     217.773,    217.495,
   41,      100.8,    181.040,     219.619,    219.331,
   42,      103.3,    181.001,     221.214,    221.118,
   43,      105.8,    181.027,     222.397,    222.858,
   44,      108.3,    180.988,     224.545,    224.548,
   45,      110.8,    181.014,     226.280,    226.190,
   46,      113.3,    181.001,     227.512,    227.785,
   47,      115.8,    180.937,     228.920,    229.331,
   48,      118.3,    181.066,     230.192,    230.830,
   49,      120.8,    180.988,     232.169,    232.282,
   50,      123.3,    181.014,     234.125,    233.687,
   51,      125.8,    181.157,     235.375,    235.047,
   52,      128.3,    181.092,     236.012,    236.362,
   53,      130.8,    181.066,     237.703,    237.632,
   54,      133.3,    181.118,     238.408,    238.858,
   55,      135.8,    181.027,     239.411,    240.041,
   56,      138.3,    181.040,     241.051,    241.182,
   57,      140.8,    181.066,     242.452,    242.282,
   58,      143.3,    181.144,     243.342,    243.342,
   59,      145.8,    181.092,     244.074,    244.362,
   60,      148.3,    181.131,     245.236,    245.344,
   61,      150.8,    181.079,     246.301,    246.288,
   62,      153.3,    180.924,     247.287,    247.196,
   63,      155.8,    181.131,     248.218,    248.068,
   64,      158.3,    181.209,     248.994,    248.907,
   65,      160.8,    181.170,     249.931,    249.712,
   66,      163.3,    181.170,     250.482,    250.484,
   67,      165.8,    181.196,     251.330,    251.225,
   68,      168.3,    181.066,     252.394,    251.936,
   69,      170.8,    180.924,     253.256,    252.617,
   70,      175.8,    179.819,     253.810,    253.550,
----,
DateTime:        , 2025/11/18, 14:52:01, 1763491921576,
RFID_EPC:        ,--Not Acquired--,
RFID_UserData:   ,--Not Acquired--,
Barcode:         ,--Not Acquired--,
PIF:,            0.00,
PARs:,            0.0,     0.0,     0.0,     0.0,     0.0,     0.0,
Light:,           0.0,     0.0,     0.0,     0.0,     0.0,     0.0,
Cycles:,            1,
                    1,      69,      70,      70,
Lamps:,        #10000,
Gain:,              5,      25, 
SNR_raw:,     359.49,
Position:,        0.0,              0.0,   NoData,
DataPt,      Time(us),   EX,         EM,       Fit,
==========,==========,==========,==========,=========,
    0,        0.0,      0.000,       0.000,    120.150,
    1,        0.8,    164.539,     120.336,    122.341,
    2,        3.3,    179.999,     124.667,    124.774,
    3,        5.8,    180.220,     128.620,    127.244,
    4,        8.3,    180.259,     130.701,    129.746,
    5,       10.8,    180.415,     133.248,    132.279,
    6,       13.3,    180.545,     135.368,    134.838,
    7,       15.8,    180.454,     138.207,    137.417,
    8,       18.3,    180.610,     140.081,    140.018,
    9,       20.8,    180.480,     142.620,    142.633,
   10,       23.3,    180.662,     145.354,    145.263,
   11,       25.8,    180.584,     147.189,    147.903,
   12,       28.3,    180.714,     150.182,    150.551,
   13,       30.8,    180.649,     152.672,    153.203,
   14,       33.3,    180.740,     155.140,    155.857,
   15,       35.8,    180.727,     158.139,    158.510,
   16,       38.3,    180.636,     160.655,    161.157,
   17,       40.8,    180.675,     162.945,    163.799,
   18,       43.3,    180.883,     165.743,    166.433,
   19,       45.8,    180.766,     169.169,    169.054,
   20,       48.3,    180.909,     171.468,    171.663,
   21,       50.8,    180.896,     174.355,    174.254,
   22,       53.3,    180.805,     176.876,    176.824,
   23,       55.8,    180.766,     179.348,    179.371,
   24,       58.3,    181.065,     182.145,    181.898,
   25,       60.8,    181.000,     184.420,    184.397,
   26,       63.3,    181.000,     186.851,    186.868,
   27,       65.8,    180.818,     189.251,    189.305,
   28,       68.3,    180.987,     191.727,    191.712,
   29,       70.8,    180.948,     194.421,    194.083,
   30,       73.3,    180.818,     197.105,    196.417,
   31,       75.8,    180.961,     199.159,    198.714,
   32,       78.3,    180.961,     201.149,    200.972,
   33,       80.8,    181.104,     203.309,    203.190,
   34,       83.3,    181.195,     205.635,    205.366,
   35,       85.8,    181.026,     208.258,    207.497,
   36,       88.3,    181.026,     210.136,    209.584,
   37,       90.8,    181.039,     211.778,    211.626,
   38,       93.3,    181.078,     214.273,    213.621,
   39,       95.8,    181.065,     215.835,    215.570,
   40,       98.3,    181.039,     217.302,    217.471,
   41,      100.8,    181.039,     220.174,    219.324,
   42,      103.3,    181.000,     221.437,    221.128,
   43,      105.8,    181.156,     223.454,    222.886,
   44,      108.3,    181.013,     223.962,    224.593,
   45,      110.8,    181.078,     226.312,    226.253,
   46,      113.3,    181.104,     227.384,    227.865,
   47,      115.8,    181.104,     229.040,    229.429,
   48,      118.3,    181.026,     230.465,    230.944,
   49,      120.8,    181.039,     232.437,    232.413,
   50,      123.3,    181.220,     233.528,    233.835,
   51,      125.8,    181.104,     234.893,    235.211,
   52,      128.3,    181.026,     236.431,    236.540,
   53,      130.8,    181.143,     237.493,    237.825,
   54,      133.3,    181.065,     238.589,    239.065,
   55,      135.8,    181.013,     239.873,    240.262,
   56,      138.3,    181.104,     240.857,    241.416,
   57,      140.8,    180.974,     242.024,    242.529,
   58,      143.3,    181.246,     243.425,    243.601,
   59,      145.8,    181.169,     244.303,    244.634,
   60,      148.3,    180.948,     245.485,    245.626,
   61,      150.8,    181.091,     246.948,    246.581,
   62,      153.3,    181.039,     248.013,    247.499,
   63,      155.8,    181.065,     248.751,    248.381,
   64,      158.3,    181.130,     249.214,    249.229,
   65,      160.8,    181.169,     250.485,    250.043,
   66,      163.3,    181.039,     251.328,    250.824,
   67,      165.8,    181.130,     252.085,    251.573,
   68,      168.3,    180.987,     252.505,    252.291,
   69,      170.8,    181.065,     253.832,    252.979,
   70,      175.8,    179.869,     253.517,    253.854,
----,
DateTime:        , 2025/11/18, 14:52:06, 1763491926161,
RFID_EPC:        ,--Not Acquired--,
RFID_UserData:   ,--Not Acquired--,
Barcode:         ,--Not Acquired--,
PIF:,            0.00,
PARs:,            0.0,     0.0,     0.0,     0.0,     0.0,     0.0,
Light:,           0.0,     0.0,     0.0,     0.0,     0.0,     0.0,
Cycles:,            1,
                    1,      69,      70,      70,
Lamps:,        #10000,
Gain:,              5,      25, 
SNR_raw:,     390.55,
Position:,        0.0,              0.0,   NoData,
DataPt,      Time(us),   EX,         EM,       Fit,
==========,==========,==========,==========,=========,
    0,        0.0,      0.000,       0.000,    120.519,
    1,        0.8,    164.464,     120.270,    122.619,
    2,        3.3,    180.040,     125.133,    124.971,
    3,        5.8,    180.131,     129.573,    127.375,
    4,        8.3,    180.261,     130.811,    129.826,
    5,       10.8,    180.417,     133.247,    132.319,
    6,       13.3,    180.378,     135.161,    134.848,
    7,       15.8,    180.520,     137.602,    137.408,
    8,       18.3,    180.494,     139.949,    139.995,
    9,       20.8,    180.455,     141.863,    142.602,
   10,       23.3,    180.585,     145.084,    145.230,
   11,       25.8,    180.663,     147.457,    147.873,
   12,       28.3,    180.585,     149.846,    150.524,
   13,       30.8,    180.598,     152.936,    153.183,
   14,       33.3,    180.845,     155.271,    155.848,
   15,       35.8,    180.728,     158.027,    158.512,
   16,       38.3,    180.780,     161.190,    161.173,
   17,       40.8,    180.663,     163.619,    163.826,
   18,       43.3,    180.897,     166.172,    166.473,
   19,       45.8,    181.014,     168.937,    169.109,
   20,       48.3,    180.923,     171.454,    171.728,
   21,       50.8,    180.871,     174.710,    174.329,
   22,       53.3,    180.741,     176.938,    176.908,
   23,       55.8,    180.806,     179.529,    179.464,
   24,       58.3,    180.728,     181.931,    181.994,
   25,       60.8,    180.871,     184.994,    184.498,
   26,       63.3,    181.066,     187.004,    186.974,
   27,       65.8,    180.988,     189.515,    189.417,
   28,       68.3,    181.014,     191.698,    191.826,
   29,       70.8,    180.975,     194.502,    194.199,
   30,       73.3,    180.936,     196.533,    196.534,
   31,       75.8,    180.936,     198.965,    198.830,
   32,       78.3,    181.105,     201.430,    201.086,
   33,       80.8,    181.040,     203.491,    203.300,
   34,       83.3,    180.949,     205.914,    205.470,
   35,       85.8,    181.092,     208.181,    207.597,
   36,       88.3,    180.871,     210.094,    209.676,
   37,       90.8,    180.962,     212.089,    211.711,
   38,       93.3,    181.053,     214.081,    213.699,
   39,       95.8,    181.157,     215.945,    215.640,
   40,       98.3,    181.079,     217.695,    217.534,
   41,      100.8,    181.105,     218.989,    219.379,
   42,      103.3,    181.040,     221.167,    221.175,
   43,      105.8,    181.118,     223.059,    222.923,
   44,      108.3,    180.949,     224.815,    224.621,
   45,      110.8,    181.040,     226.359,    226.271,
   46,      113.3,    181.001,     228.065,    227.873,
   47,      115.8,    181.066,     228.867,    229.428,
   48,      118.3,    181.105,     231.357,    230.935,
   49,      120.8,    181.105,     232.020,    232.394,
   50,      123.3,    181.118,     233.660,    233.807,
   51,      125.8,    180.936,     235.000,    235.173,
   52,      128.3,    180.988,     236.038,    236.494,
   53,      130.8,    181.144,     237.491,    237.772,
   54,      133.3,    181.079,     238.459,    239.004,
   55,      135.8,    181.144,     239.588,    240.194,
   56,      138.3,    181.183,     240.972,    241.342,
   57,      140.8,    181.183,     242.848,    242.449,
   58,      143.3,    181.001,     242.982,    243.514,
   59,      145.8,    181.118,     244.702,    244.540,
   60,      148.3,    181.118,     245.586,    245.528,
   61,      150.8,    181.144,     246.544,    246.479,
   62,      153.3,    181.053,     247.662,    247.392,
   63,      155.8,    181.092,     248.051,    248.270,
   64,      158.3,    181.092,     249.486,    249.114,
   65,      160.8,    181.287,     250.321,    249.925,
   66,      163.3,    181.144,     251.071,    250.702,
   67,      165.8,    181.144,     251.733,    251.449,
   68,      168.3,    181.157,     252.157,    252.165,
   69,      170.8,    181.053,     253.627,    252.851,
   70,      175.8,    179.806,     254.942,    253.867,
----,
DateTime:        , 2025/11/18, 14:52:10, 1763491930694,
RFID_EPC:        ,--Not Acquired--,
RFID_UserData:   ,--Not Acquired--,
Barcode:         ,--Not Acquired--,
PIF:,            0.00,
PARs:,            0.0,     0.0,     0.0,     0.0,     0.0,     0.0,
Light:,           0.0,     0.0,     0.0,     0.0,     0.0,     0.0,
Cycles:,            1,
                    1,      69,      70,      70,
Lamps:,        #10000,
Gain:,              5,      25, 
SNR_raw:,     318.71,
Position:,        0.0,              0.0,   NoData,
DataPt,      Time(us),   EX,         EM,       Fit,
==========,==========,==========,==========,=========,
    0,        0.0,      0.000,       0.000,    120.513,
    1,        0.8,    164.424,     120.664,    122.581,
    2,        3.3,    180.064,     124.799,    124.906,
    3,        5.8,    180.129,     128.575,    127.288,
    4,        8.3,    180.337,     130.977,    129.725,
    5,       10.8,    180.350,     132.853,    132.207,
    6,       13.3,    180.440,     135.225,    134.729,
    7,       15.8,    180.583,     138.108,    137.286,
    8,       18.3,    180.544,     139.467,    139.873,
    9,       20.8,    180.648,     142.708,    142.485,
   10,       23.3,    180.505,     145.148,    145.116,
   11,       25.8,    180.713,     147.748,    147.764,
   12,       28.3,    180.752,     150.040,    150.426,
   13,       30.8,    180.804,     152.983,    153.096,
   14,       33.3,    180.765,     154.786,    155.769,
   15,       35.8,    180.752,     158.006,    158.444,
   16,       38.3,    180.726,     160.574,    161.115,
   17,       40.8,    180.661,     163.178,    163.779,
   18,       43.3,    180.752,     165.862,    166.436,
   19,       45.8,    180.713,     169.108,    169.080,
   20,       48.3,    180.869,     171.395,    171.711,
   21,       50.8,    180.986,     173.826,    174.325,
   22,       53.3,    181.025,     177.103,    176.919,
   23,       55.8,    180.726,     179.830,    179.486,
   24,       58.3,    180.947,     181.932,    182.030,
   25,       60.8,    181.012,     184.187,    184.546,
   26,       63.3,    180.869,     187.097,    187.030,
   27,       65.8,    180.882,     189.626,    189.481,
   28,       68.3,    180.869,     191.851,    191.897,
   29,       70.8,    181.116,     194.130,    194.279,
   30,       73.3,    180.856,     196.731,    196.620,
   31,       75.8,    181.064,     199.377,    198.922,
   32,       78.3,    180.752,     201.713,    201.180,
   33,       80.8,    180.973,     204.229,    203.396,
   34,       83.3,    181.025,     206.049,    205.569,
   35,       85.8,    181.090,     208.294,    207.697,
   36,       88.3,    181.025,     209.805,    209.777,
   37,       90.8,    181.142,     212.541,    211.811,
   38,       93.3,    181.077,     213.390,    213.796,
   39,       95.8,    181.129,     215.868,    215.732,
   40,       98.3,    180.960,     217.396,    217.618,
   41,      100.8,    181.103,     219.212,    219.455,
   42,      103.3,    180.973,     220.806,    221.242,
   43,      105.8,    180.986,     223.332,    222.979,
   44,      108.3,    180.973,     224.895,    224.665,
   45,      110.8,    180.999,     226.742,    226.302,
   46,      113.3,    181.090,     228.284,    227.890,
   47,      115.8,    181.116,     229.908,    229.429,
   48,      118.3,    181.090,     231.156,    230.919,
   49,      120.8,    181.194,     232.017,    232.362,
   50,      123.3,    181.051,     234.299,    233.755,
   51,      125.8,    181.233,     234.395,    235.103,
   52,      128.3,    181.168,     236.355,    236.404,
   53,      130.8,    181.155,     237.808,    237.659,
   54,      133.3,    180.908,     238.795,    238.868,
   55,      135.8,    181.012,     239.321,    240.034,
   56,      138.3,    180.986,     240.903,    241.157,
   57,      140.8,    180.895,     241.798,    242.238,
   58,      143.3,    180.960,     242.816,    243.278,
   59,      145.8,    181.103,     244.171,    244.278,
   60,      148.3,    181.012,     245.067,    245.239,
   61,      150.8,    181.194,     245.924,    246.163,
   62,      153.3,    181.155,     246.971,    247.050,
   63,      155.8,    181.233,     248.189,    247.902,
   64,      158.3,    181.220,     248.207,    248.718,
   65,      160.8,    181.129,     249.656,    249.501,
   66,      163.3,    181.064,     250.298,    250.252,
   67,      165.8,    181.129,     251.534,    250.971,
   68,      168.3,    181.077,     252.379,    251.659,
   69,      170.8,    181.077,     253.262,    252.318,
   70,      175.8,    179.856,     253.647,    253.306,
----,
DateTime:        , 2025/11/18, 14:52:15, 1763491935268,
RFID_EPC:        ,--Not Acquired--,
RFID_UserData:   ,--Not Acquired--,
Barcode:         ,--Not Acquired--,
PIF:,            0.00,
PARs:,            0.0,     0.0,     0.0,     0.0,     0.0,     0.0,
Light:,           0.0,     0.0,     0.0,     0.0,     0.0,     0.0,
Cycles:,            1,
                    1,      69,      70,      70,
Lamps:,        #10000,
Gain:,              5,      25, 
SNR_raw:,     360.70,
Position:,        0.0,              0.0,   NoData,
DataPt,      Time(us),   EX,         EM,       Fit,
==========,==========,==========,==========,=========,
    0,        0.0,      0.000,       0.000,    120.149,
    1,        0.8,    164.529,     120.222,    122.309,
    2,        3.3,    180.115,     124.749,    124.719,
    3,        5.8,    180.323,     128.880,    127.175,
    4,        8.3,    180.232,     130.388,    129.668,
    5,       10.8,    180.388,     133.379,    132.197,
    6,       13.3,    180.661,     134.949,    134.759,
    7,       15.8,    180.375,     137.602,    137.343,
    8,       18.3,    180.505,     139.830,    139.951,
    9,       20.8,    180.622,     142.951,    142.578,
   10,       23.3,    180.726,     144.971,    145.221,
   11,       25.8,    180.674,     148.223,    147.875,
   12,       28.3,    180.946,     149.768,    150.540,
   13,       30.8,    180.764,     152.906,    153.207,
   14,       33.3,    180.648,     155.662,    155.874,
   15,       35.8,    180.842,     158.370,    158.542,
   16,       38.3,    180.855,     160.460,    161.206,
   17,       40.8,    180.881,     163.201,    163.863,
   18,       43.3,    180.803,     165.373,    166.508,
   19,       45.8,    180.868,     168.631,    169.142,
   20,       48.3,    180.751,     171.728,    171.758,
   21,       50.8,    180.829,     173.976,    174.356,
   22,       53.3,    180.881,     177.133,    176.935,
   23,       55.8,    180.972,     179.254,    179.491,
   24,       58.3,    180.907,     182.524,    182.021,
   25,       60.8,    180.894,     184.749,    184.523,
   26,       63.3,    180.985,     187.087,    186.996,
   27,       65.8,    180.920,     189.365,    189.436,
   28,       68.3,    180.894,     191.935,    191.842,
   29,       70.8,    180.933,     194.105,    194.212,
   30,       73.3,    181.089,     197.472,    196.547,
   31,       75.8,    180.842,     199.621,    198.839,
   32,       78.3,    180.842,     201.501,    201.090,
   33,       80.8,    181.037,     203.605,    203.302,
   34,       83.3,    180.998,     205.969,    205.470,
   35,       85.8,    180.920,     207.605,    207.592,
   36,       88.3,    181.154,     209.435,    209.671,
   37,       90.8,    180.959,     212.092,    211.702,
   38,       93.3,    181.011,     213.909,    213.686,
   39,       95.8,    181.180,     215.918,    215.624,
   40,       98.3,    181.076,     217.478,    217.512,
   41,      100.8,    180.959,     219.497,    219.352,
   42,      103.3,    181.024,     220.854,    221.142,
   43,      105.8,    180.868,     222.372,    222.883,
   44,      108.3,    180.998,     224.754,    224.575,
   45,      110.8,    180.881,     226.778,    226.218,
   46,      113.3,    180.959,     227.344,    227.813,
   47,      115.8,    180.933,     229.256,    229.359,
   48,      118.3,    181.063,     230.638,    230.857,
   49,      120.8,    180.829,     232.042,    232.307,
   50,      123.3,    181.154,     233.613,    233.711,
   51,      125.8,    181.050,     234.962,    235.069,
   52,      128.3,    180.959,     236.407,    236.380,
   53,      130.8,    181.193,     237.757,    237.647,
   54,      133.3,    181.115,     238.412,    238.869,
   55,      135.8,    181.011,     239.985,    240.047,
   56,      138.3,    181.128,     241.045,    241.183,
   57,      140.8,    181.219,     242.469,    242.278,
   58,      143.3,    180.998,     243.649,    243.332,
   59,      145.8,    180.959,     244.806,    244.345,
   60,      148.3,    181.206,     245.246,    245.320,
   61,      150.8,    180.946,     246.261,    246.257,
   62,      153.3,    181.167,     247.065,    247.157,
   63,      155.8,    181.011,     247.830,    248.022,
   64,      158.3,    181.128,     248.664,    248.852,
   65,      160.8,    181.115,     249.565,    249.648,
   66,      163.3,    181.141,     250.192,    250.412,
   67,      165.8,    181.219,     251.077,    251.145,
   68,      168.3,    181.063,     252.509,    251.847,
   69,      170.8,    181.115,     253.099,    252.519,
   70,      175.8,    179.946,     253.965,    253.401,
----,
DateTime:        , 2025/11/18, 14:52:20, 1763491939835,
RFID_EPC:        ,--Not Acquired--,
RFID_UserData:   ,--Not Acquired--,
Barcode:         ,--Not Acquired--,
PIF:,            0.00,
PARs:,            0.0,     0.0,     0.0,     0.0,     0.0,     0.0,
Light:,           0.0,     0.0,     0.0,     0.0,     0.0,     0.0,
Cycles:,            1,
                    1,      69,      70,      70,
Lamps:,        #10000,
Gain:,              5,      25, 
SNR_raw:,     398.61,
Position:,        0.0,              0.0,   NoData,
DataPt,      Time(us),   EX,         EM,       Fit,
==========,==========,==========,==========,=========,
    0,        0.0,      0.000,       0.000,    120.050,
    1,        0.8,    164.550,     119.842,    122.024,
    2,        3.3,    180.139,     124.427,    124.264,
    3,        5.8,    180.230,     128.613,    126.580,
    4,        8.3,    180.425,     130.137,    128.965,
    5,       10.8,    180.399,     131.930,    131.407,
    6,       13.3,    180.373,     134.277,    133.899,
    7,       15.8,    180.490,     136.628,    136.436,
    8,       18.3,    180.477,     139.076,    139.010,
    9,       20.8,    180.516,     141.926,    141.615,
   10,       23.3,    180.633,     143.717,    144.246,
   11,       25.8,    180.750,     146.501,    146.900,
   12,       28.3,    180.802,     149.114,    149.569,
   13,       30.8,    180.776,     151.901,    152.248,
   14,       33.3,    180.607,     154.701,    154.932,
   15,       35.8,    180.685,     157.180,    157.618,
   16,       38.3,    180.776,     159.535,    160.304,
   17,       40.8,    180.737,     162.778,    162.985,
   18,       43.3,    180.724,     165.003,    165.656,
   19,       45.8,    180.815,     168.017,    168.316,
   20,       48.3,    180.880,     170.942,    170.961,
   21,       50.8,    180.789,     173.462,    173.586,
   22,       53.3,    180.958,     175.953,    176.192,
   23,       55.8,    180.711,     178.517,    178.771,
   24,       58.3,    181.088,     180.686,    181.328,
   25,       60.8,    181.036,     183.942,    183.854,
   26,       63.3,    181.075,     186.442,    186.349,
   27,       65.8,    181.010,     188.940,    188.810,
   28,       68.3,    180.932,     191.232,    191.234,
   29,       70.8,    180.854,     194.190,    193.619,
   30,       73.3,    180.945,     196.856,    195.966,
   31,       75.8,    180.867,     198.710,    198.270,
   32,       78.3,    180.880,     201.018,    200.532,
   33,       80.8,    181.101,     203.423,    202.751,
   34,       83.3,    180.906,     205.300,    204.923,
   35,       85.8,    181.036,     207.473,    207.050,
   36,       88.3,    181.114,     209.703,    209.131,
   37,       90.8,    181.010,     211.259,    211.162,
   38,       93.3,    180.828,     213.352,    213.143,
   39,       95.8,    180.984,     215.489,    215.076,
   40,       98.3,    181.166,     217.370,    216.960,
   41,      100.8,    181.153,     218.931,    218.795,
   42,      103.3,    181.049,     220.825,    220.578,
   43,      105.8,    181.088,     222.102,    222.312,
   44,      108.3,    181.036,     224.044,    223.995,
   45,      110.8,    181.036,     225.701,    225.628,
   46,      113.3,    181.088,     226.631,    227.211,
   47,      115.8,    181.023,     228.811,    228.745,
   48,      118.3,    181.036,     230.231,    230.231,
   49,      120.8,    181.101,     231.142,    231.668,
   50,      123.3,    180.971,     232.966,    233.057,
   51,      125.8,    181.023,     234.667,    234.399,
   52,      128.3,    180.984,     235.491,    235.695,
   53,      130.8,    180.997,     236.689,    236.946,
   54,      133.3,    181.049,     237.505,    238.152,
   55,      135.8,    181.114,     238.745,    239.315,
   56,      138.3,    181.127,     240.053,    240.435,
   57,      140.8,    181.308,     241.246,    241.514,
   58,      143.3,    181.269,     242.402,    242.552,
   59,      145.8,    181.101,     243.401,    243.550,
   60,      148.3,    181.062,     244.779,    244.509,
   61,      150.8,    181.010,     245.512,    245.430,
   62,      153.3,    181.062,     246.325,    246.315,
   63,      155.8,    180.945,     247.479,    247.165,
   64,      158.3,    181.062,     248.203,    247.980,
   65,      160.8,    181.062,     248.755,    248.762,
   66,      163.3,    181.205,     250.214,    249.511,
   67,      165.8,    181.075,     250.284,    250.230,
   68,      168.3,    181.192,     251.447,    250.918,
   69,      170.8,    181.179,     252.458,    251.577,
   70,      175.8,    179.736,     252.926,    252.715,
----,
DateTime:        , 2025/11/18, 14:52:24, 1763491944375,
RFID_EPC:        ,--Not Acquired--,
RFID_UserData:   ,--Not Acquired--,
Barcode:         ,--Not Acquired--,
PIF:,            0.00,
PARs:,            0.0,     0.0,     0.0,     0.0,     0.0,     0.0,
Light:,           0.0,     0.0,     0.0,     0.0,     0.0,     0.0,
Cycles:,            1,
                    1,      69,      70,      70,
Lamps:,        #10000,
Gain:,              5,      25, 
SNR_raw:,     407.35,
Position:,        0.0,              0.0,   NoData,
DataPt,      Time(us),   EX,         EM,       Fit,
==========,==========,==========,==========,=========,
    0,        0.0,      0.000,       0.000,    119.168,
    1,        0.8,    164.617,     118.943,    121.334,
    2,        3.3,    180.090,     123.753,    123.746,
    3,        5.8,    180.103,     128.149,    126.199,
    4,        8.3,    180.376,     130.062,    128.692,
    5,       10.8,    180.467,     131.880,    131.219,
    6,       13.3,    180.428,     134.237,    133.774,
    7,       15.8,    180.571,     136.345,    136.357,
    8,       18.3,    180.571,     138.893,    138.962,
    9,       20.8,    180.662,     141.148,    141.586,
   10,       23.3,    180.662,     144.469,    144.225,
   11,       25.8,    180.623,     146.272,    146.875,
   12,       28.3,    180.727,     149.286,    149.535,
   13,       30.8,    180.701,     151.853,    152.200,
   14,       33.3,    180.714,     154.499,    154.868,
   15,       35.8,    180.844,     157.152,    157.536,
   16,       38.3,    180.831,     160.150,    160.200,
   17,       40.8,    180.870,     162.548,    162.858,
   18,       43.3,    180.779,     165.728,    165.504,
   19,       45.8,    180.857,     167.536,    168.140,
   20,       48.3,    180.675,     170.694,    170.757,
   21,       50.8,    180.857,     173.397,    173.359,
   22,       53.3,    180.779,     175.574,    175.939,
   23,       55.8,    180.909,     178.433,    178.498,
   24,       58.3,    180.896,     180.878,    181.031,
   25,       60.8,    180.947,     183.589,    183.537,
   26,       63.3,    180.947,     185.800,    186.012,
   27,       65.8,    181.103,     188.290,    188.458,
   28,       68.3,    181.051,     190.885,    190.868,
   29,       70.8,    181.168,     193.632,    193.243,
   30,       73.3,    180.909,     195.347,    195.578,
   31,       75.8,    180.973,     197.819,    197.873,
   32,       78.3,    180.934,     200.625,    200.126,
   33,       80.8,    180.922,     202.850,    202.337,
   34,       83.3,    180.973,     205.113,    204.505,
   35,       85.8,    181.038,     207.249,    206.628,
   36,       88.3,    180.960,     209.106,    208.704,
   37,       90.8,    180.973,     211.302,    210.733,
   38,       93.3,    181.025,     212.677,    212.715,
   39,       95.8,    181.142,     214.969,    214.649,
   40,       98.3,    181.077,     216.703,    216.534,
   41,      100.8,    180.947,     218.627,    218.369,
   42,      103.3,    181.129,     220.064,    220.155,
   43,      105.8,    181.116,     222.398,    221.892,
   44,      108.3,    181.012,     223.742,    223.579,
   45,      110.8,    181.012,     225.178,    225.215,
   46,      113.3,    180.947,     226.475,    226.803,
   47,      115.8,    180.883,     228.436,    228.340,
   48,      118.3,    181.012,     229.376,    229.830,
   49,      120.8,    181.155,     231.183,    231.273,
   50,      123.3,    181.116,     232.337,    232.668,
   51,      125.8,    181.181,     233.799,    234.016,
   52,      128.3,    181.233,     234.835,    235.318,
   53,      130.8,    181.051,     236.507,    236.574,
   54,      133.3,    180.973,     237.272,    237.784,
   55,      135.8,    181.116,     239.294,    238.952,
   56,      138.3,    180.999,     239.890,    240.076,
   57,      140.8,    181.090,     241.206,    241.159,
   58,      143.3,    180.870,     241.942,    242.199,
   59,      145.8,    181.025,     242.839,    243.201,
   60,      148.3,    181.142,     244.007,    244.164,
   61,      150.8,    181.012,     244.845,    245.089,
   62,      153.3,    181.051,     246.007,    245.977,
   63,      155.8,    181.038,     246.798,    246.829,
   64,      158.3,    181.116,     247.686,    247.647,
   65,      160.8,    181.025,     248.473,    248.430,
   66,      163.3,    181.051,     250.095,    249.182,
   67,      165.8,    181.155,     250.282,    249.902,
   68,      168.3,    181.103,     250.906,    250.592,
   69,      170.8,    181.168,     251.589,    251.252,
   70,      175.8,    179.713,     252.847,    252.133,
----,
DateTime:        , 2025/11/18, 14:52:29, 1763491948966,
RFID_EPC:        ,--Not Acquired--,
RFID_UserData:   ,--Not Acquired--,
Barcode:         ,--Not Acquired--,
PIF:,            0.00,
PARs:,            0.0,     0.0,     0.0,     0.0,     0.0,     0.0,
Light:,           0.0,     0.0,     0.0,     0.0,     0.0,     0.0,
Cycles:,            1,
                    1,      69,      70,      70,
Lamps:,        #10000,
Gain:,              5,      25, 
SNR_raw:,     325.09,
Position:,        0.0,              0.0,   NoData,
DataPt,      Time(us),   EX,         EM,       Fit,
==========,==========,==========,==========,=========,
    0,        0.0,      0.000,       0.000,    119.253,
    1,        0.8,    164.564,     119.224,    121.312,
    2,        3.3,    180.205,     123.731,    123.633,
    3,        5.8,    180.218,     127.845,    126.018,
    4,        8.3,    180.412,     129.703,    128.462,
    5,       10.8,    180.347,     131.635,    130.954,
    6,       13.3,    180.503,     134.180,    133.489,
    7,       15.8,    180.451,     136.103,    136.059,
    8,       18.3,    180.412,     138.793,    138.658,
    9,       20.8,    180.646,     140.938,    141.284,
   10,       23.3,    180.503,     144.042,    143.928,
   11,       25.8,    180.841,     145.984,    146.591,
   12,       28.3,    180.789,     148.681,    149.263,
   13,       30.8,    180.672,     151.324,    151.940,
   14,       33.3,    180.828,     153.848,    154.621,
   15,       35.8,    180.919,     156.866,    157.302,
   16,       38.3,    180.750,     159.557,    159.976,
   17,       40.8,    180.815,     162.486,    162.641,
   18,       43.3,    180.828,     165.240,    165.296,
   19,       45.8,    180.932,     167.798,    167.937,
   20,       48.3,    180.737,     170.081,    170.558,
   21,       50.8,    180.893,     172.699,    173.161,
   22,       53.3,    180.880,     175.365,    175.741,
   23,       55.8,    180.893,     178.227,    178.296,
   24,       58.3,    180.945,     180.939,    180.823,
   25,       60.8,    180.919,     183.618,    183.321,
   26,       63.3,    180.906,     186.285,    185.786,
   27,       65.8,    180.919,     188.482,    188.217,
   28,       68.3,    180.867,     190.858,    190.611,
   29,       70.8,    181.023,     193.014,    192.970,
   30,       73.3,    180.906,     196.456,    195.288,
   31,       75.8,    180.997,     197.904,    197.566,
   32,       78.3,    180.854,     200.161,    199.802,
   33,       80.8,    180.958,     202.478,    201.994,
   34,       83.3,    181.075,     203.783,    204.144,
   35,       85.8,    181.036,     206.147,    206.248,
   36,       88.3,    181.062,     208.879,    208.306,
   37,       90.8,    180.906,     210.164,    210.316,
   38,       93.3,    180.984,     212.726,    212.279,
   39,       95.8,    180.854,     214.648,    214.193,
   40,       98.3,    181.114,     216.770,    216.062,
   41,      100.8,    180.971,     218.046,    217.881,
   42,      103.3,    181.179,     219.562,    219.652,
   43,      105.8,    180.984,     221.235,    221.374,
   44,      108.3,    181.023,     223.066,    223.048,
   45,      110.8,    180.880,     224.569,    224.673,
   46,      113.3,    181.179,     226.075,    226.251,
   47,      115.8,    181.010,     227.501,    227.781,
   48,      118.3,    181.088,     229.060,    229.264,
   49,      120.8,    181.192,     231.026,    230.701,
   50,      123.3,    181.036,     231.667,    232.091,
   51,      125.8,    181.036,     233.545,    233.435,
   52,      128.3,    180.997,     234.590,    234.735,
   53,      130.8,    180.984,     236.153,    235.990,
   54,      133.3,    181.062,     236.715,    237.203,
   55,      135.8,    181.036,     238.627,    238.373,
   56,      138.3,    181.101,     239.093,    239.501,
   57,      140.8,    181.140,     240.146,    240.590,
   58,      143.3,    181.010,     241.534,    241.638,
   59,      145.8,    181.179,     242.302,    242.648,
   60,      148.3,    181.049,     243.801,    243.619,
   61,      150.8,    181.036,     244.371,    244.554,
   62,      153.3,    181.023,     245.383,    245.453,
   63,      155.8,    181.231,     245.322,    246.318,
   64,      158.3,    181.010,     247.832,    247.149,
   65,      160.8,    181.023,     248.256,    247.946,
   66,      163.3,    180.984,     249.304,    248.712,
   67,      165.8,    181.270,     249.793,    249.448,
   68,      168.3,    181.140,     250.635,    250.154,
   69,      170.8,    181.023,     251.681,    250.830,
   70,      175.8,    179.958,     252.170,    251.909,
----,
DateTime:        , 2025/11/18, 14:52:33, 1763491953519,
RFID_EPC:        ,--Not Acquired--,
RFID_UserData:   ,--Not Acquired--,
Barcode:         ,--Not Acquired--,
PIF:,            0.00,
PARs:,            0.0,     0.0,     0.0,     0.0,     0.0,     0.0,
Light:,           0.0,     0.0,     0.0,     0.0,     0.0,     0.0,
Cycles:,            1,
                    1,      69,      70,      70,
Lamps:,        #10000,
Gain:,              5,      25, 
SNR_raw:,     381.13,
Position:,        0.0,              0.0,   NoData,
DataPt,      Time(us),   EX,         EM,       Fit,
==========,==========,==========,==========,=========,
    0,        0.0,      0.000,       0.000,    118.892,
    1,        0.8,    164.525,     119.253,    120.972,
    2,        3.3,    180.032,     123.335,    123.314,
    3,        5.8,    180.226,     127.062,    125.723,
    4,        8.3,    180.317,     129.328,    128.188,
    5,       10.8,    180.382,     131.609,    130.702,
    6,       13.3,    180.486,     133.861,    133.259,
    7,       15.8,    180.473,     136.087,    135.849,
    8,       18.3,    180.512,     138.495,    138.469,
    9,       20.8,    180.590,     140.872,    141.113,
   10,       23.3,    180.707,     143.215,    143.777,
   11,       25.8,    180.655,     146.356,    146.453,
   12,       28.3,    180.733,     148.728,    149.140,
   13,       30.8,    180.824,     151.307,    151.832,
   14,       33.3,    180.798,     154.095,    154.526,
   15,       35.8,    180.733,     156.806,    157.215,
   16,       38.3,    180.850,     159.248,    159.900,
   17,       40.8,    180.785,     161.960,    162.574,
   18,       43.3,    180.759,     165.082,    165.235,
   19,       45.8,    180.863,     167.641,    167.882,
   20,       48.3,    180.902,     170.037,    170.510,
   21,       50.8,    180.863,     172.838,    173.117,
   22,       53.3,    180.863,     175.603,    175.699,
   23,       55.8,    181.019,     178.766,    178.257,
   24,       58.3,    180.941,     181.054,    180.786,
   25,       60.8,    180.902,     183.193,    183.283,
   26,       63.3,    180.928,     185.820,    185.748,
   27,       65.8,    181.084,     188.090,    188.179,
   28,       68.3,    180.993,     191.168,    190.573,
   29,       70.8,    181.032,     193.005,    192.929,
   30,       73.3,    180.824,     196.102,    195.243,
   31,       75.8,    180.954,     197.730,    197.518,
   32,       78.3,    180.967,     200.700,    199.750,
   33,       80.8,    180.863,     202.142,    201.937,
   34,       83.3,    181.058,     204.244,    204.082,
   35,       85.8,    181.174,     206.210,    206.182,
   36,       88.3,    181.071,     208.317,    208.235,
   37,       90.8,    181.084,     210.621,    210.241,
   38,       93.3,    181.084,     212.057,    212.200,
   39,       95.8,    180.954,     214.419,    214.110,
   40,       98.3,    180.915,     215.903,    215.971,
   41,      100.8,    180.915,     217.893,    217.784,
   42,      103.3,    180.915,     220.214,    219.549,
   43,      105.8,    181.019,     221.856,    221.266,
   44,      108.3,    181.032,     223.276,    222.935,
   45,      110.8,    180.902,     224.431,    224.555,
   46,      113.3,    181.019,     226.054,    226.128,
   47,      115.8,    181.123,     227.360,    227.654,
   48,      118.3,    180.993,     228.960,    229.133,
   49,      120.8,    181.174,     230.386,    230.566,
   50,      123.3,    181.045,     231.545,    231.953,
   51,      125.8,    181.071,     232.948,    233.294,
   52,      128.3,    180.993,     234.264,    234.591,
   53,      130.8,    181.006,     235.573,    235.844,
   54,      133.3,    181.032,     237.196,    237.055,
   55,      135.8,    180.811,     238.260,    238.222,
   56,      138.3,    181.071,     239.023,    239.350,
   57,      140.8,    181.149,     240.355,    240.437,
   58,      143.3,    181.187,     241.297,    241.485,
   59,      145.8,    181.123,     242.046,    242.494,
   60,      148.3,    181.174,     243.633,    243.466,
   61,      150.8,    181.058,     244.453,    244.401,
   62,      153.3,    181.161,     244.644,    245.301,
   63,      155.8,    181.136,     246.004,    246.166,
   64,      158.3,    181.187,     246.927,    246.998,
   65,      160.8,    180.941,     248.148,    247.797,
   66,      163.3,    181.045,     249.220,    248.565,
   67,      165.8,    181.097,     249.922,    249.301,
   68,      168.3,    181.200,     250.551,    250.009,
   69,      170.8,    181.032,     251.558,    250.688,
   70,      175.8,    179.876,     252.063,    251.774,
----,
DateTime:        , 2025/11/18, 14:52:38, 1763491958110,
RFID_EPC:        ,--Not Acquired--,
RFID_UserData:   ,--Not Acquired--,
Barcode:         ,--Not Acquired--,
PIF:,            0.00,
PARs:,            0.0,     0.0,     0.0,     0.0,     0.0,     0.0,
Light:,           0.0,     0.0,     0.0,     0.0,     0.0,     0.0,
Cycles:,            1,
                    1,      69,      70,      70,
Lamps:,        #10000,
Gain:,              5,      25, 
SNR_raw:,     380.02,
Position:,        0.0,              0.0,   NoData,
DataPt,      Time(us),   EX,         EM,       Fit,
==========,==========,==========,==========,=========,
    0,        0.0,      0.000,       0.000,    118.256,
    1,        0.8,    164.616,     118.214,    120.279,
    2,        3.3,    180.089,     122.544,    122.559,
    3,        5.8,    180.076,     126.502,    124.904,
    4,        8.3,    180.206,     128.187,    127.309,
    5,       10.8,    180.245,     130.600,    129.766,
    6,       13.3,    180.297,     133.446,    132.268,
    7,       15.8,    180.596,     135.108,    134.814,
    8,       18.3,    180.557,     137.353,    137.393,
    9,       20.8,    180.583,     139.659,    140.000,
   10,       23.3,    180.583,     142.095,    142.632,
   11,       25.8,    180.778,     145.040,    145.284,
   12,       28.3,    180.674,     147.670,    147.950,
   13,       30.8,    180.752,     150.040,    150.626,
   14,       33.3,    180.895,     153.128,    153.311,
   15,       35.8,    180.713,     155.163,    155.995,
   16,       38.3,    180.752,     158.560,    158.678,
   17,       40.8,    180.739,     161.006,    161.356,
   18,       43.3,    180.921,     163.387,    164.027,
   19,       45.8,    180.700,     166.796,    166.683,
   20,       48.3,    180.843,     168.655,    169.325,
   21,       50.8,    180.817,     171.444,    171.949,
   22,       53.3,    180.934,     174.429,    174.553,
   23,       55.8,    180.830,     176.852,    177.131,
   24,       58.3,    180.765,     179.902,    179.682,
   25,       60.8,    180.804,     182.408,    182.205,
   26,       63.3,    180.856,     185.673,    184.696,
   27,       65.8,    180.973,     187.211,    187.154,
   28,       68.3,    180.908,     189.489,    189.575,
   29,       70.8,    180.999,     192.488,    191.959,
   30,       73.3,    181.063,     194.628,    194.305,
   31,       75.8,    180.869,     197.160,    196.606,
   32,       78.3,    181.206,     199.220,    198.868,
   33,       80.8,    181.025,     201.409,    201.083,
   34,       83.3,    181.050,     203.590,    203.253,
   35,       85.8,    180.947,     206.028,    205.375,
   36,       88.3,    181.025,     207.817,    207.449,
   37,       90.8,    181.025,     209.916,    209.475,
   38,       93.3,    180.921,     211.585,    211.451,
   39,       95.8,    180.973,     213.403,    213.378,
   40,       98.3,    181.076,     215.600,    215.255,
   41,      100.8,    181.063,     217.272,    217.081,
   42,      103.3,    181.128,     219.513,    218.857,
   43,      105.8,    181.193,     220.759,    220.583,
   44,      108.3,    181.012,     222.417,    222.257,
   45,      110.8,    181.128,     223.709,    223.882,
   46,      113.3,    181.115,     224.829,    225.456,
   47,      115.8,    181.089,     226.518,    226.980,
   48,      118.3,    181.076,     228.191,    228.455,
   49,      120.8,    181.050,     229.770,    229.882,
   50,      123.3,    180.999,     230.831,    231.260,
   51,      125.8,    181.076,     232.498,    232.591,
   52,      128.3,    181.089,     233.144,    233.875,
   53,      130.8,    181.063,     234.614,    235.114,
   54,      133.3,    181.128,     235.855,    236.309,
   55,      135.8,    180.947,     237.639,    237.459,
   56,      138.3,    181.025,     238.642,    238.566,
   57,      140.8,    180.999,     239.781,    239.631,
   58,      143.3,    181.037,     240.613,    240.656,
   59,      145.8,    181.128,     241.707,    241.641,
   60,      148.3,    181.154,     242.445,    242.587,
   61,      150.8,    181.115,     243.160,    243.496,
   62,      153.3,    181.128,     243.915,    244.368,
   63,      155.8,    181.089,     245.845,    245.205,
   64,      158.3,    181.102,     245.717,    246.008,
   65,      160.8,    181.219,     246.993,    246.777,
   66,      163.3,    180.999,     247.958,    247.514,
   67,      165.8,    181.141,     248.756,    248.220,
   68,      168.3,    181.180,     249.475,    248.896,
   69,      170.8,    181.219,     250.304,    249.542,
   70,      175.8,    179.829,     251.572,    250.635,
----,
DateTime:        , 2025/11/18, 14:52:42, 1763491962651,
RFID_EPC:        ,--Not Acquired--,
RFID_UserData:   ,--Not Acquired--,
Barcode:         ,--Not Acquired--,
PIF:,            0.00,
PARs:,            0.0,     0.0,     0.0,     0.0,     0.0,     0.0,
Light:,           0.0,     0.0,     0.0,     0.0,     0.0,     0.0,
Cycles:,            1,
                    1,      69,      70,      70,
Lamps:,        #10000,
Gain:,              5,      25, 
SNR_raw:,     295.77,
Position:,        0.0,              0.0,   NoData,
DataPt,      Time(us),   EX,         EM,       Fit,
==========,==========,==========,==========,=========,
    0,        0.0,      0.000,       0.000,    117.741,
    1,        0.8,    164.464,     117.837,    119.910,
    2,        3.3,    180.037,     122.311,    122.328,
    3,        5.8,    180.232,     126.393,    124.792,
    4,        8.3,    180.297,     128.677,    127.295,
    5,       10.8,    180.478,     130.320,    129.835,
    6,       13.3,    180.297,     132.781,    132.402,
    7,       15.8,    180.478,     135.307,    134.996,
    8,       18.3,    180.400,     137.805,    137.611,
    9,       20.8,    180.452,     139.871,    140.245,
   10,       23.3,    180.634,     143.162,    142.895,
   11,       25.8,    180.504,     144.595,    145.554,
   12,       28.3,    180.764,     147.928,    148.223,
   13,       30.8,    180.673,     150.437,    150.895,
   14,       33.3,    180.751,     153.139,    153.569,
   15,       35.8,    180.868,     155.915,    156.241,
   16,       38.3,    180.829,     158.492,    158.907,
   17,       40.8,    180.712,     161.472,    161.562,
   18,       43.3,    180.803,     163.493,    164.207,
   19,       45.8,    180.764,     166.626,    166.836,
   20,       48.3,    180.699,     169.342,    169.448,
   21,       50.8,    180.946,     171.543,    172.042,
   22,       53.3,    180.881,     175.143,    174.613,
   23,       55.8,    180.907,     177.108,    177.159,
   24,       58.3,    180.959,     180.151,    179.679,
   25,       60.8,    180.998,     182.323,    182.170,
   26,       63.3,    181.115,     184.524,    184.630,
   27,       65.8,    181.089,     187.311,    187.056,
   28,       68.3,    180.894,     189.393,    189.443,
   29,       70.8,    180.920,     192.129,    191.794,
   30,       73.3,    181.050,     194.863,    194.107,
   31,       75.8,    180.855,     196.400,    196.378,
   32,       78.3,    180.985,     198.801,    198.607,
   33,       80.8,    181.089,     200.896,    200.795,
   34,       83.3,    181.063,     203.576,    202.938,
   35,       85.8,    181.011,     205.844,    205.034,
   36,       88.3,    180.959,     207.450,    207.084,
   37,       90.8,    181.115,     209.039,    209.088,
   38,       93.3,    180.998,     211.384,    211.044,
   39,       95.8,    180.855,     212.657,    212.950,
   40,       98.3,    180.933,     214.997,    214.808,
   41,      100.8,    180.933,     216.544,    216.617,
   42,      103.3,    180.933,     217.871,    218.377,
   43,      105.8,    181.063,     220.697,    220.090,
   44,      108.3,    180.998,     221.550,    221.753,
   45,      110.8,    181.011,     223.191,    223.367,
   46,      113.3,    181.141,     225.018,    224.933,
   47,      115.8,    181.154,     225.996,    226.452,
   48,      118.3,    181.206,     227.807,    227.923,
   49,      120.8,    181.115,     229.689,    229.347,
   50,      123.3,    181.167,     230.616,    230.724,
   51,      125.8,    180.894,     232.401,    232.053,
   52,      128.3,    181.037,     233.323,    233.338,
   53,      130.8,    181.076,     234.267,    234.579,
   54,      133.3,    181.037,     235.753,    235.777,
   55,      135.8,    181.167,     236.136,    236.932,
   56,      138.3,    181.076,     237.580,    238.044,
   57,      140.8,    181.089,     238.888,    239.116,
   58,      143.3,    181.193,     239.855,    240.149,
   59,      145.8,    181.050,     240.597,    241.142,
   60,      148.3,    181.115,     242.277,    242.097,
   61,      150.8,    181.193,     242.284,    243.015,
   62,      153.3,    181.167,     244.526,    243.898,
   63,      155.8,    181.180,     245.502,    244.745,
   64,      158.3,    181.050,     245.899,    245.559,
   65,      160.8,    180.946,     246.593,    246.339,
   66,      163.3,    181.128,     247.339,    247.088,
   67,      165.8,    181.284,     247.568,    247.806,
   68,      168.3,    181.024,     248.697,    248.494,
   69,      170.8,    181.128,     249.989,    249.154,
   70,      175.8,    179.894,     250.703,    250.092,
----,
DateTime:        , 2025/11/18, 14:52:47, 1763491967261,
RFID_EPC:        ,--Not Acquired--,
RFID_UserData:   ,--Not Acquired--,
Barcode:         ,--Not Acquired--,
PIF:,            0.00,
PARs:,            0.0,     0.0,     0.0,     0.0,     0.0,     0.0,
Light:,           0.0,     0.0,     0.0,     0.0,     0.0,     0.0,
Cycles:,            1,
                    1,      69,      70,      70,
Lamps:,        #10000,
Gain:,              5,      25, 
SNR_raw:,     352.34,
Position:,        0.0,              0.0,   NoData,
DataPt,      Time(us),   EX,         EM,       Fit,
==========,==========,==========,==========,=========,
    0,        0.0,      0.000,       0.000,    117.821,
    1,        0.8,    164.519,     118.162,    119.821,
    2,        3.3,    180.135,     122.196,    122.086,
    3,        5.8,    180.174,     125.879,    124.422,
    4,        8.3,    180.381,     127.840,    126.822,
    5,       10.8,    180.407,     130.372,    129.275,
    6,       13.3,    180.407,     132.811,    131.773,
    7,       15.8,    180.602,     134.218,    134.312,
    8,       18.3,    180.550,     136.804,    136.882,
    9,       20.8,    180.420,     139.674,    139.476,
   10,       23.3,    180.485,     141.840,    142.091,
   11,       25.8,    180.693,     144.444,    144.724,
   12,       28.3,    180.667,     146.789,    147.368,
   13,       30.8,    180.680,     149.546,    150.018,
   14,       33.3,    180.771,     152.237,    152.672,
   15,       35.8,    180.862,     154.925,    155.326,
   16,       38.3,    180.836,     157.159,    157.974,
   17,       40.8,    180.875,     160.221,    160.615,
   18,       43.3,    180.914,     162.619,    163.244,
   19,       45.8,    180.862,     165.098,    165.859,
   20,       48.3,    180.914,     168.588,    168.457,
   21,       50.8,    180.966,     170.529,    171.035,
   22,       53.3,    180.914,     173.342,    173.590,
   23,       55.8,    180.888,     175.689,    176.120,
   24,       58.3,    180.810,     178.198,    178.621,
   25,       60.8,    180.862,     181.243,    181.093,
   26,       63.3,    181.122,     184.185,    183.536,
   27,       65.8,    180.979,     185.988,    185.945,
   28,       68.3,    180.966,     188.875,    188.317,
   29,       70.8,    181.018,     190.589,    190.654,
   30,       73.3,    180.927,     192.674,    192.950,
   31,       75.8,    180.940,     195.534,    195.207,
   32,       78.3,    180.966,     198.048,    197.423,
   33,       80.8,    180.940,     200.066,    199.596,
   34,       83.3,    181.109,     201.757,    201.727,
   35,       85.8,    181.018,     203.958,    203.813,
   36,       88.3,    180.992,     206.086,    205.853,
   37,       90.8,    180.966,     208.216,    207.847,
   38,       93.3,    180.940,     210.235,    209.794,
   39,       95.8,    180.966,     212.195,    211.695,
   40,       98.3,    181.057,     214.076,    213.549,
   41,      100.8,    181.083,     215.923,    215.356,
   42,      103.3,    180.914,     217.894,    217.114,
   43,      105.8,    181.148,     219.048,    218.826,
   44,      108.3,    181.083,     220.672,    220.490,
   45,      110.8,    180.784,     222.365,    222.104,
   46,      113.3,    180.862,     223.817,    223.672,
   47,      115.8,    181.096,     225.185,    225.195,
   48,      118.3,    181.005,     226.292,    226.670,
   49,      120.8,    181.083,     227.962,    228.100,
   50,      123.3,    180.927,     228.932,    229.484,
   51,      125.8,    180.901,     230.844,    230.824,
   52,      128.3,    181.005,     231.485,    232.119,
   53,      130.8,    181.057,     233.186,    233.371,
   54,      133.3,    181.070,     234.385,    234.581,
   55,      135.8,    181.109,     235.328,    235.749,
   56,      138.3,    181.109,     236.653,    236.877,
   57,      140.8,    181.096,     237.885,    237.964,
   58,      143.3,    181.135,     238.275,    239.012,
   59,      145.8,    181.083,     240.332,    240.021,
   60,      148.3,    181.122,     240.722,    240.994,
   61,      150.8,    181.148,     242.123,    241.930,
   62,      153.3,    181.148,     243.006,    242.831,
   63,      155.8,    181.109,     244.052,    243.697,
   64,      158.3,    181.096,     244.401,    244.530,
   65,      160.8,    181.018,     245.611,    245.330,
   66,      163.3,    181.161,     246.190,    246.099,
   67,      165.8,    181.135,     247.329,    246.837,
   68,      168.3,    181.252,     247.832,    247.546,
   69,      170.8,    181.057,     248.982,    248.226,
   70,      175.8,    179.901,     249.360,    249.336,
----,
DateTime:        , 2025/11/18, 14:52:52, 1763491971816,
RFID_EPC:        ,--Not Acquired--,
RFID_UserData:   ,--Not Acquired--,
Barcode:         ,--Not Acquired--,
PIF:,            0.00,
PARs:,            0.0,     0.0,     0.0,     0.0,     0.0,     0.0,
Light:,           0.0,     0.0,     0.0,     0.0,     0.0,     0.0,
Cycles:,            1,
                    1,      69,      70,      70,
Lamps:,        #10000,
Gain:,              5,      25, 
SNR_raw:,     380.93,
Position:,        0.0,              0.0,   NoData,
DataPt,      Time(us),   EX,         EM,       Fit,
==========,==========,==========,==========,=========,
    0,        0.0,      0.000,       0.000,    117.242,
    1,        0.8,    164.658,     116.970,    119.324,
    2,        3.3,    180.048,     121.516,    121.656,
    3,        5.8,    180.152,     125.671,    124.043,
    4,        8.3,    180.295,     128.012,    126.479,
    5,       10.8,    180.464,     129.887,    128.960,
    6,       13.3,    180.347,     131.968,    131.477,
    7,       15.8,    180.503,     134.513,    134.028,
    8,       18.3,    180.542,     136.810,    136.608,
    9,       20.8,    180.581,     138.774,    139.213,
   10,       23.3,    180.516,     141.372,    141.836,
   11,       25.8,    180.659,     144.250,    144.476,
   12,       28.3,    180.542,     146.669,    147.126,
   13,       30.8,    180.646,     149.353,    149.785,
   14,       33.3,    180.581,     151.954,    152.447,
   15,       35.8,    180.685,     154.855,    155.111,
   16,       38.3,    180.802,     157.078,    157.773,
   17,       40.8,    180.763,     160.210,    160.427,
   18,       43.3,    180.763,     162.755,    163.072,
   19,       45.8,    180.724,     165.224,    165.704,
   20,       48.3,    180.945,     168.007,    168.322,
   21,       50.8,    180.945,     170.992,    170.921,
   22,       53.3,    180.945,     173.313,    173.498,
   23,       55.8,    180.945,     175.744,    176.050,
   24,       58.3,    181.036,     178.418,    178.576,
   25,       60.8,    180.828,     181.499,    181.071,
   26,       63.3,    181.010,     183.747,    183.535,
   27,       65.8,    180.828,     186.476,    185.963,
   28,       68.3,    180.880,     188.634,    188.355,
   29,       70.8,    180.971,     190.639,    190.709,
   30,       73.3,    180.958,     193.194,    193.024,
   31,       75.8,    181.087,     195.927,    195.298,
   32,       78.3,    181.074,     197.930,    197.529,
   33,       80.8,    180.893,     200.229,    199.713,
   34,       83.3,    181.062,     202.362,    201.854,
   35,       85.8,    180.880,     204.335,    203.945,
   36,       88.3,    181.191,     206.853,    205.992,
   37,       90.8,    181.100,     208.393,    207.989,
   38,       93.3,    181.087,     210.064,    209.937,
   39,       95.8,    180.945,     212.220,    211.834,
   40,       98.3,    181.113,     213.899,    213.682,
   41,      100.8,    180.919,     215.345,    215.478,
   42,      103.3,    181.010,     216.784,    217.225,
   43,      105.8,    181.023,     219.199,    218.921,
   44,      108.3,    180.997,     220.225,    220.567,
   45,      110.8,    181.230,     222.479,    222.164,
   46,      113.3,    181.204,     223.063,    223.711,
   47,      115.8,    181.178,     225.303,    225.208,
   48,      118.3,    181.126,     226.582,    226.656,
   49,      120.8,    181.062,     227.768,    228.056,
   50,      123.3,    180.984,     229.303,    229.407,
   51,      125.8,    181.178,     230.601,    230.713,
   52,      128.3,    180.971,     231.971,    231.972,
   53,      130.8,    181.087,     232.595,    233.186,
   54,      133.3,    180.971,     234.403,    234.355,
   55,      135.8,    181.100,     234.787,    235.481,
   56,      138.3,    181.139,     236.061,    236.565,
   57,      140.8,    181.113,     237.310,    237.608,
   58,      143.3,    181.074,     238.134,    238.610,
   59,      145.8,    181.152,     239.688,    239.573,
   60,      148.3,    181.087,     240.547,    240.498,
   61,      150.8,    180.919,     241.545,    241.385,
   62,      153.3,    181.036,     242.494,    242.237,
   63,      155.8,    181.010,     242.860,    243.054,
   64,      158.3,    181.010,     244.076,    243.836,
   65,      160.8,    181.282,     244.922,    244.587,
   66,      163.3,    181.152,     245.981,    245.305,
   67,      165.8,    181.139,     246.219,    245.993,
   68,      168.3,    181.100,     247.487,    246.652,
   69,      170.8,    181.191,     247.473,    247.282,
   70,      175.8,    179.763,     249.440,    248.291,
----,
DateTime:        , 2025/11/18, 14:52:56, 1763491976386,
RFID_EPC:        ,--Not Acquired--,
RFID_UserData:   ,--Not Acquired--,
Barcode:         ,--Not Acquired--,
PIF:,            0.00,
PARs:,            0.0,     0.0,     0.0,     0.0,     0.0,     0.0,
Light:,           0.0,     0.0,     0.0,     0.0,     0.0,     0.0,
Cycles:,            1,
                    1,      69,      70,      70,
Lamps:,        #10000,
Gain:,              5,      25, 
SNR_raw:,     330.95,
Position:,        0.0,              0.0,   NoData,
DataPt,      Time(us),   EX,         EM,       Fit,
==========,==========,==========,==========,=========,
    0,        0.0,      0.000,       0.000,    116.847,
    1,        0.8,    164.550,     117.289,    118.904,
    2,        3.3,    180.098,     121.184,    121.211,
    3,        5.8,    180.214,     124.740,    123.573,
    4,        8.3,    180.370,     126.961,    125.984,
    5,       10.8,    180.370,     129.290,    128.436,
    6,       13.3,    180.565,     131.365,    130.927,
    7,       15.8,    180.526,     133.831,    133.449,
    8,       18.3,    180.695,     135.588,    136.000,
    9,       20.8,    180.565,     139.008,    138.570,
   10,       23.3,    180.747,     141.192,    141.161,
   11,       25.8,    180.695,     143.557,    143.764,
   12,       28.3,    180.682,     146.002,    146.378,
   13,       30.8,    180.643,     148.359,    148.997,
   14,       33.3,    180.773,     150.797,    151.620,
   15,       35.8,    180.825,     153.629,    154.243,
   16,       38.3,    180.760,     156.561,    156.862,
   17,       40.8,    180.747,     159.007,    159.473,
   18,       43.3,    180.981,     161.564,    162.078,
   19,       45.8,    180.734,     164.773,    164.666,
   20,       48.3,    180.981,     167.532,    167.242,
   21,       50.8,    181.020,     169.263,    169.800,
   22,       53.3,    180.838,     172.641,    172.334,
   23,       55.8,    180.890,     174.471,    174.846,
   24,       58.3,    180.981,     177.367,    177.333,
   25,       60.8,    180.734,     179.490,    179.789,
   26,       63.3,    180.734,     182.921,    182.215,
   27,       65.8,    180.747,     184.789,    184.609,
   28,       68.3,    180.981,     187.423,    186.971,
   29,       70.8,    180.903,     189.826,    189.296,
   30,       73.3,    180.994,     191.719,    191.585,
   31,       75.8,    181.059,     193.970,    193.835,
   32,       78.3,    181.072,     196.165,    196.044,
   33,       80.8,    181.059,     197.947,    198.212,
   34,       83.3,    180.929,     200.079,    200.335,
   35,       85.8,    180.903,     202.540,    202.413,
   36,       88.3,    180.981,     204.773,    204.448,
   37,       90.8,    180.942,     206.917,    206.436,
   38,       93.3,    181.007,     208.942,    208.378,
   39,       95.8,    181.085,     210.841,    210.273,
   40,       98.3,    180.968,     212.082,    212.121,
   41,      100.8,    180.929,     214.228,    213.920,
   42,      103.3,    181.098,     215.906,    215.672,
   43,      105.8,    180.942,     217.639,    217.375,
   44,      108.3,    181.150,     219.045,    219.031,
   45,      110.8,    181.020,     220.307,    220.639,
   46,      113.3,    180.981,     222.455,    222.198,
   47,      115.8,    181.072,     224.000,    223.711,
   48,      118.3,    181.150,     225.118,    225.177,
   49,      120.8,    180.942,     226.592,    226.596,
   50,      123.3,    180.968,     228.549,    227.968,
   51,      125.8,    181.059,     228.986,    229.296,
   52,      128.3,    181.046,     230.218,    230.578,
   53,      130.8,    181.046,     231.102,    231.817,
   54,      133.3,    181.254,     232.382,    233.014,
   55,      135.8,    181.033,     233.991,    234.167,
   56,      138.3,    181.046,     235.079,    235.278,
   57,      140.8,    181.033,     235.537,    236.349,
   58,      143.3,    181.085,     237.237,    237.381,
   59,      145.8,    181.098,     238.435,    238.374,
   60,      148.3,    180.955,     239.618,    239.328,
   61,      150.8,    181.111,     240.295,    240.246,
   62,      153.3,    181.176,     240.761,    241.129,
   63,      155.8,    181.137,     241.806,    241.977,
   64,      158.3,    181.124,     243.038,    242.791,
   65,      160.8,    181.202,     243.927,    243.572,
   66,      163.3,    181.137,     244.456,    244.322,
   67,      165.8,    180.994,     245.312,    245.041,
   68,      168.3,    181.163,     246.298,    245.730,
   69,      170.8,    181.033,     247.359,    246.390,
   70,      175.8,    179.877,     247.503,    247.364,
----,
DateTime:        , 2025/11/18, 14:53:01, 1763491980957,
RFID_EPC:        ,--Not Acquired--,
RFID_UserData:   ,--Not Acquired--,
Barcode:         ,--Not Acquired--,
PIF:,            0.00,
PARs:,            0.0,     0.0,     0.0,     0.0,     0.0,     0.0,
Light:,           0.0,     0.0,     0.0,     0.0,     0.0,     0.0,
Cycles:,            1,
                    1,      69,      70,      70,
Lamps:,        #10000,
Gain:,              5,      25, 
SNR_raw:,     369.40,
Position:,        0.0,              0.0,   NoData,
DataPt,      Time(us),   EX,         EM,       Fit,
==========,==========,==========,==========,=========,
    0,        0.0,      0.000,       0.000,    116.145,
    1,        0.8,    164.606,     116.278,    118.283,
    2,        3.3,    180.112,     120.450,    120.660,
    3,        5.8,    180.268,     124.260,    123.078,
    4,        8.3,    180.320,     126.442,    125.530,
    5,       10.8,    180.307,     129.002,    128.012,
    6,       13.3,    180.476,     131.763,    130.524,
    7,       15.8,    180.489,     133.305,    133.059,
    8,       18.3,    180.463,     135.541,    135.615,
    9,       20.8,    180.463,     138.422,    138.188,
   10,       23.3,    180.618,     140.628,    140.777,
   11,       25.8,    180.631,     143.164,    143.377,
   12,       28.3,    180.735,     145.295,    145.986,
   13,       30.8,    180.696,     148.094,    148.600,
   14,       33.3,    180.787,     150.564,    151.216,
   15,       35.8,    180.826,     153.518,    153.832,
   16,       38.3,    180.722,     156.151,    156.442,
   17,       40.8,    180.774,     158.540,    159.046,
   18,       43.3,    180.813,     161.161,    161.641,
   19,       45.8,    180.839,     164.013,    164.223,
   20,       48.3,    180.761,     166.407,    166.789,
   21,       50.8,    180.787,     169.149,    169.337,
   22,       53.3,    180.813,     171.558,    171.864,
   23,       55.8,    180.878,     174.372,    174.370,
   24,       58.3,    181.008,     177.119,    176.852,
   25,       60.8,    180.995,     179.342,    179.305,
   26,       63.3,    180.956,     181.702,    181.728,
   27,       65.8,    180.891,     183.867,    184.118,
   28,       68.3,    180.878,     186.866,    186.474,
   29,       70.8,    180.891,     189.285,    188.794,
   30,       73.3,    180.956,     191.759,    191.077,
   31,       75.8,    180.956,     193.749,    193.320,
   32,       78.3,    180.943,     196.526,    195.522,
   33,       80.8,    180.982,     198.252,    197.683,
   34,       83.3,    181.008,     200.102,    199.800,
   35,       85.8,    181.008,     202.090,    201.872,
   36,       88.3,    180.904,     204.197,    203.897,
   37,       90.8,    180.969,     205.892,    205.877,
   38,       93.3,    180.904,     207.624,    207.809,
   39,       95.8,    181.138,     209.564,    209.695,
   40,       98.3,    180.995,     212.050,    211.532,
   41,      100.8,    180.904,     213.594,    213.319,
   42,      103.3,    181.034,     214.877,    215.058,
   43,      105.8,    180.995,     217.133,    216.748,
   44,      108.3,    181.073,     218.365,    218.390,
   45,      110.8,    181.151,     219.927,    219.984,
   46,      113.3,    181.164,     221.236,    221.529,
   47,      115.8,    180.943,     223.606,    223.025,
   48,      118.3,    181.034,     223.936,    224.473,
   49,      120.8,    181.138,     225.353,    225.875,
   50,      123.3,    181.034,     226.808,    227.229,
   51,      125.8,    180.995,     228.294,    228.537,
   52,      128.3,    180.917,     229.940,    229.799,
   53,      130.8,    181.034,     230.675,    231.017,
   54,      133.3,    181.125,     231.884,    232.192,
   55,      135.8,    181.086,     233.149,    233.325,
   56,      138.3,    181.125,     233.982,    234.415,
   57,      140.8,    181.112,     235.214,    235.464,
   58,      143.3,    181.203,     235.979,    236.473,
   59,      145.8,    181.112,     237.312,    237.444,
   60,      148.3,    180.943,     238.196,    238.375,
   61,      150.8,    181.112,     239.410,    239.270,
   62,      153.3,    181.021,     240.746,    240.129,
   63,      155.8,    181.125,     241.049,    240.954,
   64,      158.3,    181.047,     241.705,    241.744,
   65,      160.8,    181.177,     242.636,    242.503,
   66,      163.3,    181.177,     243.850,    243.229,
   67,      165.8,    181.281,     244.483,    243.925,
   68,      168.3,    181.255,     244.959,    244.591,
   69,      170.8,    181.281,     245.365,    245.229,
   70,      175.8,    180.034,     246.953,    246.096,
----,
DateTime:        , 2025/11/18, 14:53:05, 1763491985504,
RFID_EPC:        ,--Not Acquired--,
RFID_UserData:   ,--Not Acquired--,
Barcode:         ,--Not Acquired--,
PIF:,            0.00,
PARs:,            0.0,     0.0,     0.0,     0.0,     0.0,     0.0,
Light:,           0.0,     0.0,     0.0,     0.0,     0.0,     0.0,
Cycles:,            1,
                    1,      69,      70,      70,
Lamps:,        #10000,
Gain:,              5,      25, 
SNR_raw:,     341.58,
Position:,        0.0,              0.0,   NoData,
DataPt,      Time(us),   EX,         EM,       Fit,
==========,==========,==========,==========,=========,
    0,        0.0,      0.000,       0.000,    115.222,
    1,        0.8,    164.641,     115.038,    117.302,
    2,        3.3,    180.031,     119.551,    119.621,
    3,        5.8,    180.317,     123.671,    121.988,
    4,        8.3,    180.200,     125.083,    124.393,
    5,       10.8,    180.460,     127.896,    126.838,
    6,       13.3,    180.473,     129.992,    129.317,
    7,       15.8,    180.538,     131.828,    131.826,
    8,       18.3,    180.369,     134.502,    134.359,
    9,       20.8,    180.538,     137.589,    136.917,
   10,       23.3,    180.434,     139.442,    139.493,
   11,       25.8,    180.603,     141.526,    142.088,
   12,       28.3,    180.499,     144.267,    144.695,
   13,       30.8,    180.823,     146.884,    147.315,
   14,       33.3,    180.629,     149.699,    149.939,
   15,       35.8,    180.668,     151.549,    152.567,
   16,       38.3,    180.810,     154.858,    155.196,
   17,       40.8,    180.823,     157.391,    157.823,
   18,       43.3,    180.901,     160.087,    160.443,
   19,       45.8,    180.823,     162.921,    163.054,
   20,       48.3,    180.810,     165.367,    165.651,
   21,       50.8,    180.746,     167.860,    168.232,
   22,       53.3,    180.966,     170.750,    170.797,
   23,       55.8,    180.901,     173.354,    173.340,
   24,       58.3,    180.772,     175.913,    175.857,
   25,       60.8,    180.888,     178.563,    178.348,
   26,       63.3,    180.927,     181.178,    180.811,
   27,       65.8,    181.109,     183.536,    183.243,
   28,       68.3,    181.083,     185.550,    185.641,
   29,       70.8,    180.940,     188.018,    188.001,
   30,       73.3,    180.901,     190.159,    190.322,
   31,       75.8,    180.901,     193.033,    192.602,
   32,       78.3,    180.953,     195.631,    194.840,
   33,       80.8,    180.953,     197.620,    197.034,
   34,       83.3,    180.797,     199.782,    199.181,
   35,       85.8,    181.109,     201.425,    201.284,
   36,       88.3,    181.135,     203.053,    203.340,
   37,       90.8,    181.109,     206.174,    205.346,
   38,       93.3,    181.031,     207.699,    207.301,
   39,       95.8,    181.148,     209.221,    209.207,
   40,       98.3,    181.083,     211.284,    211.061,
   41,      100.8,    181.031,     212.781,    212.863,
   42,      103.3,    181.096,     214.582,    214.613,
   43,      105.8,    180.992,     216.584,    216.311,
   44,      108.3,    181.018,     218.210,    217.957,
   45,      110.8,    180.901,     219.567,    219.551,
   46,      113.3,    181.005,     221.540,    221.093,
   47,      115.8,    180.914,     222.426,    222.584,
   48,      118.3,    181.213,     223.825,    224.027,
   49,      120.8,    181.161,     225.103,    225.418,
   50,      123.3,    181.148,     225.782,    226.761,
   51,      125.8,    181.161,     227.532,    228.054,
   52,      128.3,    181.135,     229.000,    229.300,
   53,      130.8,    181.187,     230.370,    230.499,
   54,      133.3,    181.174,     230.938,    231.652,
   55,      135.8,    181.083,     232.711,    232.760,
   56,      138.3,    180.772,     234.108,    233.822,
   57,      140.8,    181.057,     234.622,    234.843,
   58,      143.3,    181.109,     235.990,    235.823,
   59,      145.8,    181.200,     236.424,    236.762,
   60,      148.3,    181.057,     237.604,    237.662,
   61,      150.8,    181.187,     238.207,    238.523,
   62,      153.3,    181.096,     239.541,    239.348,
   63,      155.8,    181.083,     240.552,    240.137,
   64,      158.3,    181.083,     240.884,    240.891,
   65,      160.8,    181.187,     241.739,    241.612,
   66,      163.3,    181.122,     242.267,    242.301,
   67,      165.8,    181.226,     242.901,    242.958,
   68,      168.3,    181.083,     244.528,    243.586,
   69,      170.8,    181.031,     245.041,    244.185,
   70,      175.8,    179.836,     245.112,    245.039,
