----,
DateTime:        , 2025/11/20, 12:23:21, 1763655801480,
RFID_EPC:        ,--Not Acquired--,
RFID_UserData:   ,--Not Acquired--,
Barcode:         ,--Not Acquired--,
PIF:,            0.00,
PARs:,            0.0,     0.0,     0.0,     0.0,     0.0,     0.0,
Light:,           0.0,     0.0,     0.0,     0.0,     0.0,     0.0,
Cycles:,            1,
                    1,      69,      70,      70,
Lamps:,        #10000,
Gain:,              2,     100, 
SNR_raw:,     265.05,
Position:,        0.0,              0.0,   NoData,
DataPt,      Time(us),   EX,         EM,       Fit,
==========,==========,==========,==========,=========,
    0,        0.0,      0.000,       0.000,    168.214,
    1,        0.8,    162.019,     170.351,    174.653,
    2,        3.3,    180.590,     183.576,    181.974,
    3,        5.8,    180.620,     195.438,    189.408,
    4,        8.3,    180.657,     201.210,    196.895,
    5,       10.8,    180.773,     207.443,    204.388,
    6,       13.3,    180.754,     212.997,    211.844,
    7,       15.8,    180.810,     220.674,    219.230,
    8,       18.3,    180.888,     225.001,    226.519,
    9,       20.8,    180.791,     232.035,    233.685,
   10,       23.3,    180.870,     238.569,    240.713,
   11,       25.8,    180.747,     246.478,    247.585,
   12,       28.3,    180.765,     251.984,    254.292,
   13,       30.8,    180.900,     258.707,    260.830,
   14,       33.3,    180.900,     265.340,    267.187,
   15,       35.8,    180.840,     273.170,    273.359,
   16,       38.3,    180.874,     278.924,    279.345,
   17,       40.8,    180.945,     284.065,    285.143,
   18,       43.3,    180.926,     290.451,    290.752,
   19,       45.8,    180.930,     295.142,    296.172,
   20,       48.3,    180.859,     302.723,    301.403,
   21,       50.8,    180.967,     306.962,    306.451,
   22,       53.3,    180.907,     311.486,    311.315,
   23,       55.8,    180.986,     316.876,    316.000,
   24,       58.3,    180.859,     322.351,    320.507,
   25,       60.8,    180.937,     326.357,    324.841,
   26,       63.3,    180.974,     329.328,    329.007,
   27,       65.8,    180.993,     334.819,    333.008,
   28,       68.3,    180.967,     337.078,    336.847,
   29,       70.8,    180.959,     341.789,    340.530,
   30,       73.3,    181.042,     344.672,    344.061,
   31,       75.8,    180.956,     347.875,    347.444,
   32,       78.3,    181.001,     351.656,    350.683,
   33,       80.8,    180.967,     354.485,    353.783,
   34,       83.3,    180.952,     358.935,    356.748,
   35,       85.8,    180.959,     360.025,    359.583,
   36,       88.3,    180.952,     363.632,    362.292,
   37,       90.8,    180.971,     364.976,    364.879,
   38,       93.3,    180.997,     368.515,    367.348,
   39,       95.8,    180.986,     371.024,    369.704,
   40,       98.3,    181.060,     371.423,    371.950,
   41,      100.8,    180.997,     374.040,    374.091,
   42,      103.3,    180.967,     375.759,    376.130,
   43,      105.8,    181.019,     377.860,    378.071,
   44,      108.3,    180.971,     378.791,    379.917,
   45,      110.8,    180.997,     380.117,    381.673,
   46,      113.3,    180.937,     382.453,    383.342,
   47,      115.8,    181.001,     383.977,    384.926,
   48,      118.3,    180.967,     384.877,    386.430,
   49,      120.8,    181.083,     387.116,    387.855,
   50,      123.3,    180.997,     387.852,    389.207,
   51,      125.8,    181.064,     389.365,    390.487,
   52,      128.3,    181.027,     391.655,    391.698,
   53,      130.8,    180.974,     392.597,    392.844,
   54,      133.3,    181.001,     393.369,    393.926,
   55,      135.8,    180.993,     394.767,    394.948,
   56,      138.3,    181.027,     394.417,    395.911,
   57,      140.8,    180.978,     397.009,    396.819,
   58,      143.3,    180.997,     396.692,    397.673,
   59,      145.8,    181.027,     398.560,    398.476,
   60,      148.3,    181.094,     397.860,    399.229,
   61,      150.8,    181.049,     399.615,    399.936,
   62,      153.3,    181.053,     401.264,    400.598,
   63,      155.8,    181.060,     401.524,    401.217,
   64,      158.3,    181.075,     402.871,    401.794,
   65,      160.8,    181.019,     402.720,    402.333,
   66,      163.3,    181.068,     404.269,    402.834,
   67,      165.8,    181.015,     403.833,    403.298,
   68,      168.3,    180.997,     405.808,    403.729,
   69,      170.8,    180.978,     405.021,    404.127,
   70,      175.8,    179.925,     406.565,    406.393,
----,
DateTime:        , 2025/11/20, 12:23:30, 1763655810196,
RFID_EPC:        ,--Not Acquired--,
RFID_UserData:   ,--Not Acquired--,
Barcode:         ,--Not Acquired--,
PIF:,            0.00,
PARs:,            0.0,     0.0,     0.0,     0.0,     0.0,     0.0,
Light:,           0.0,     0.0,     0.0,     0.0,     0.0,     0.0,
Cycles:,            1,
                    1,      69,      70,      70,
Lamps:,        #10000,
Gain:,              2,     100, 
SNR_raw:,     261.28,
Position:,        0.0,              0.0,   NoData,
DataPt,      Time(us),   EX,         EM,       Fit,
==========,==========,==========,==========,=========,
    0,        0.0,      0.000,       0.000,    177.079,
    1,        0.8,    162.040,     181.745,    183.672,
    2,        3.3,    180.574,     192.890,    191.030,
    3,        5.8,    180.641,     202.888,    198.377,
    4,        8.3,    180.656,     210.898,    205.670,
    5,       10.8,    180.795,     214.608,    212.883,
    6,       13.3,    180.828,     221.481,    219.986,
    7,       15.8,    180.869,     227.789,    226.957,
    8,       18.3,    180.836,     231.426,    233.778,
    9,       20.8,    180.873,     238.289,    240.438,
   10,       23.3,    180.877,     244.918,    246.927,
   11,       25.8,    180.817,     250.253,    253.236,
   12,       28.3,    180.783,     256.384,    259.361,
   13,       30.8,    180.806,     262.436,    265.299,
   14,       33.3,    180.869,     268.979,    271.051,
   15,       35.8,    180.944,     275.500,    276.616,
   16,       38.3,    180.873,     280.307,    281.992,
   17,       40.8,    180.895,     284.971,    287.181,
   18,       43.3,    180.966,     291.767,    292.188,
   19,       45.8,    180.959,     295.647,    297.013,
   20,       48.3,    181.034,     301.602,    301.661,
   21,       50.8,    180.892,     305.984,    306.132,
   22,       53.3,    180.978,     310.536,    310.433,
   23,       55.8,    180.880,     314.020,    314.567,
   24,       58.3,    180.888,     318.429,    318.538,
   25,       60.8,    180.959,     322.449,    322.352,
   26,       63.3,    180.907,     326.688,    326.012,
   27,       65.8,    181.034,     329.773,    329.524,
   28,       68.3,    180.989,     333.446,    332.890,
   29,       70.8,    181.034,     337.783,    336.117,
   30,       73.3,    180.959,     339.027,    339.208,
   31,       75.8,    181.007,     343.080,    342.167,
   32,       78.3,    181.052,     345.204,    345.000,
   33,       80.8,    180.959,     348.974,    347.709,
   34,       83.3,    180.981,     350.865,    350.300,
   35,       85.8,    180.959,     353.672,    352.776,
   36,       88.3,    180.922,     356.232,    355.142,
   37,       90.8,    180.963,     360.019,    357.401,
   38,       93.3,    180.963,     359.190,    359.558,
   39,       95.8,    181.049,     362.334,    361.615,
   40,       98.3,    180.948,     363.088,    363.578,
   41,      100.8,    180.948,     366.404,    365.448,
   42,      103.3,    181.060,     367.282,    367.230,
   43,      105.8,    181.045,     369.522,    368.927,
   44,      108.3,    180.974,     370.772,    370.542,
   45,      110.8,    180.974,     372.706,    372.078,
   46,      113.3,    180.978,     373.803,    373.538,
   47,      115.8,    180.948,     375.247,    374.926,
   48,      118.3,    180.978,     376.013,    376.244,
   49,      120.8,    181.004,     376.788,    377.494,
   50,      123.3,    181.000,     377.072,    378.679,
   51,      125.8,    181.063,     379.425,    379.802,
   52,      128.3,    181.075,     380.782,    380.865,
   53,      130.8,    181.015,     380.908,    381.872,
   54,      133.3,    180.992,     382.060,    382.823,
   55,      135.8,    181.011,     382.849,    383.721,
   56,      138.3,    180.989,     384.278,    384.569,
   57,      140.8,    181.011,     385.612,    385.368,
   58,      143.3,    180.929,     386.063,    386.120,
   59,      145.8,    180.933,     386.608,    386.828,
   60,      148.3,    180.970,     387.357,    387.492,
   61,      150.8,    181.030,     386.953,    388.114,
   62,      153.3,    181.037,     387.489,    388.697,
   63,      155.8,    180.985,     388.430,    389.243,
   64,      158.3,    181.026,     389.723,    389.752,
   65,      160.8,    181.000,     390.332,    390.226,
   66,      163.3,    180.989,     390.356,    390.667,
   67,      165.8,    181.000,     392.265,    391.076,
   68,      168.3,    180.985,     392.298,    391.454,
   69,      170.8,    181.007,     393.906,    391.802,
   70,      175.8,    179.991,     393.890,    393.511,
----,
DateTime:        , 2025/11/20, 12:23:39, 1763655818895,
RFID_EPC:        ,--Not Acquired--,
RFID_UserData:   ,--Not Acquired--,
Barcode:         ,--Not Acquired--,
PIF:,            0.00,
PARs:,            0.0,     0.0,     0.0,     0.0,     0.0,     0.0,
Light:,           0.0,     0.0,     0.0,     0.0,     0.0,     0.0,
Cycles:,            1,
                    1,      69,      70,      70,
Lamps:,        #10000,
Gain:,              2,     100, 
SNR_raw:,     182.10,
Position:,        0.0,              0.0,   NoData,
DataPt,      Time(us),   EX,         EM,       Fit,
==========,==========,==========,==========,=========,
    0,        0.0,      0.000,       0.000,    181.985,
    1,        0.8,    162.066,     182.950,    187.712,
    2,        3.3,    180.619,     194.595,    194.160,
    3,        5.8,    180.697,     205.039,    200.653,
    4,        8.3,    180.678,     210.595,    207.147,
    5,       10.8,    180.675,     217.518,    213.609,
    6,       13.3,    180.753,     221.573,    220.015,
    7,       15.8,    180.876,     226.398,    226.342,
    8,       18.3,    180.831,     230.325,    232.567,
    9,       20.8,    180.835,     236.127,    238.675,
   10,       23.3,    180.846,     243.577,    244.654,
   11,       25.8,    180.869,     248.799,    250.494,
   12,       28.3,    180.839,     254.093,    256.187,
   13,       30.8,    180.802,     259.400,    261.725,
   14,       33.3,    180.850,     265.413,    267.107,
   15,       35.8,    180.858,     272.037,    272.329,
   16,       38.3,    180.895,     275.021,    277.389,
   17,       40.8,    180.865,     281.702,    282.285,
   18,       43.3,    180.925,     286.307,    287.018,
   19,       45.8,    180.996,     290.891,    291.590,
   20,       48.3,    180.966,     296.465,    296.000,
   21,       50.8,    180.988,     300.572,    300.251,
   22,       53.3,    180.970,     303.918,    304.344,
   23,       55.8,    180.925,     309.244,    308.282,
   24,       58.3,    181.003,     313.254,    312.069,
   25,       60.8,    180.925,     316.430,    315.706,
   26,       63.3,    180.955,     320.798,    319.198,
   27,       65.8,    180.888,     323.129,    322.547,
   28,       68.3,    180.977,     325.732,    325.759,
   29,       70.8,    180.936,     329.951,    328.836,
   30,       73.3,    180.985,     333.454,    331.782,
   31,       75.8,    180.996,     334.538,    334.601,
   32,       78.3,    180.947,     338.220,    337.297,
   33,       80.8,    181.022,     340.566,    339.873,
   34,       83.3,    180.940,     343.484,    342.333,
   35,       85.8,    180.917,     345.462,    344.681,
   36,       88.3,    180.947,     348.168,    346.921,
   37,       90.8,    181.011,     348.874,    349.057,
   38,       93.3,    180.925,     351.803,    351.091,
   39,       95.8,    180.992,     352.502,    353.028,
   40,       98.3,    181.015,     355.220,    354.871,
   41,      100.8,    180.985,     356.936,    356.624,
   42,      103.3,    180.988,     357.758,    358.289,
   43,      105.8,    181.003,     359.938,    359.870,
   44,      108.3,    181.059,     360.931,    361.371,
   45,      110.8,    180.996,     363.268,    362.794,
   46,      113.3,    181.018,     362.947,    364.143,
   47,      115.8,    180.981,     364.679,    365.419,
   48,      118.3,    180.962,     366.927,    366.627,
   49,      120.8,    180.951,     367.226,    367.768,
   50,      123.3,    180.970,     366.636,    368.846,
   51,      125.8,    181.011,     370.144,    369.863,
   52,      128.3,    181.056,     368.671,    370.821,
   53,      130.8,    181.022,     370.673,    371.723,
   54,      133.3,    181.037,     372.300,    372.572,
   55,      135.8,    181.044,     373.113,    373.369,
   56,      138.3,    181.000,     373.205,    374.117,
   57,      140.8,    181.052,     374.202,    374.817,
   58,      143.3,    181.007,     374.571,    375.473,
   59,      145.8,    180.932,     375.831,    376.085,
   60,      148.3,    180.985,     377.104,    376.656,
   61,      150.8,    180.996,     376.528,    377.186,
   62,      153.3,    180.966,     378.248,    377.680,
   63,      155.8,    181.041,     378.092,    378.136,
   64,      158.3,    181.078,     379.118,    378.558,
   65,      160.8,    181.026,     380.056,    378.946,
   66,      163.3,    181.067,     379.970,    379.303,
   67,      165.8,    181.100,     381.004,    379.630,
   68,      168.3,    181.015,     381.461,    379.928,
   69,      170.8,    180.973,     380.995,    380.199,
   70,      175.8,    179.875,     381.702,    381.614,
----,
DateTime:        , 2025/11/20, 12:23:47, 1763655827568,
RFID_EPC:        ,--Not Acquired--,
RFID_UserData:   ,--Not Acquired--,
Barcode:         ,--Not Acquired--,
PIF:,            0.00,
PARs:,            0.0,     0.0,     0.0,     0.0,     0.0,     0.0,
Light:,           0.0,     0.0,     0.0,     0.0,     0.0,     0.0,
Cycles:,            1,
                    1,      69,      70,      70,
Lamps:,        #10000,
Gain:,              2,     100, 
SNR_raw:,     225.37,
Position:,        0.0,              0.0,   NoData,
DataPt,      Time(us),   EX,         EM,       Fit,
==========,==========,==========,==========,=========,
    0,        0.0,      0.000,       0.000,    172.833,
    1,        0.8,    162.075,     176.153,    179.297,
    2,        3.3,    180.560,     189.092,    186.462,
    3,        5.8,    180.616,     200.702,    193.574,
    4,        8.3,    180.743,     204.434,    200.613,
    5,       10.8,    180.710,     210.005,    207.553,
    6,       13.3,    180.661,     214.767,    214.378,
    7,       15.8,    180.822,     221.212,    221.083,
    8,       18.3,    180.866,     226.410,    227.652,
    9,       20.8,    180.848,     232.516,    234.076,
   10,       23.3,    180.833,     238.895,    240.348,
   11,       25.8,    180.825,     244.711,    246.461,
   12,       28.3,    180.893,     251.530,    252.415,
   13,       30.8,    180.855,     257.388,    258.203,
   14,       33.3,    180.878,     262.885,    263.825,
   15,       35.8,    180.896,     268.109,    269.279,
   16,       38.3,    180.863,     272.306,    274.564,
   17,       40.8,    180.949,     277.979,    279.683,
   18,       43.3,    180.870,     282.523,    284.633,
   19,       45.8,    180.945,     287.933,    289.418,
   20,       48.3,    180.941,     292.637,    294.038,
   21,       50.8,    180.904,     296.843,    298.494,
   22,       53.3,    180.975,     303.081,    302.792,
   23,       55.8,    180.937,     308.394,    306.930,
   24,       58.3,    180.960,     311.395,    310.914,
   25,       60.8,    180.930,     315.592,    314.746,
   26,       63.3,    180.904,     318.678,    318.427,
   27,       65.8,    180.934,     324.981,    321.964,
   28,       68.3,    180.889,     326.167,    325.358,
   29,       70.8,    181.005,     329.273,    328.615,
   30,       73.3,    181.008,     332.858,    331.736,
   31,       75.8,    180.990,     335.931,    334.726,
   32,       78.3,    180.922,     339.925,    337.587,
   33,       80.8,    180.926,     342.128,    340.324,
   34,       83.3,    180.975,     343.971,    342.941,
   35,       85.8,    180.878,     344.708,    345.439,
   36,       88.3,    180.975,     347.010,    347.826,
   37,       90.8,    180.960,     351.183,    350.103,
   38,       93.3,    180.960,     352.012,    352.274,
   39,       95.8,    181.038,     355.174,    354.343,
   40,       98.3,    180.967,     356.971,    356.312,
   41,      100.8,    181.102,     356.982,    358.187,
   42,      103.3,    181.038,     359.040,    359.969,
   43,      105.8,    181.053,     360.944,    361.663,
   44,      108.3,    181.072,     362.287,    363.271,
   45,      110.8,    180.960,     363.064,    364.795,
   46,      113.3,    181.020,     364.325,    366.241,
   47,      115.8,    181.001,     366.573,    367.610,
   48,      118.3,    180.993,     368.245,    368.905,
   49,      120.8,    181.027,     369.558,    370.131,
   50,      123.3,    180.926,     370.593,    371.287,
   51,      125.8,    180.930,     371.967,    372.379,
   52,      128.3,    181.020,     372.888,    373.409,
   53,      130.8,    181.068,     373.064,    374.379,
   54,      133.3,    181.035,     374.514,    375.291,
   55,      135.8,    181.068,     377.206,    376.149,
   56,      138.3,    181.064,     377.490,    376.953,
   57,      140.8,    180.964,     377.977,    377.707,
   58,      143.3,    181.038,     377.544,    378.412,
   59,      145.8,    180.937,     378.860,    379.071,
   60,      148.3,    180.945,     379.397,    379.686,
   61,      150.8,    180.982,     380.700,    380.258,
   62,      153.3,    181.012,     380.085,    380.789,
   63,      155.8,    181.005,     382.587,    381.282,
   64,      158.3,    181.057,     381.648,    381.738,
   65,      160.8,    181.079,     383.534,    382.158,
   66,      163.3,    181.035,     384.457,    382.545,
   67,      165.8,    181.042,     384.717,    382.899,
   68,      168.3,    181.061,     383.849,    383.223,
   69,      170.8,    181.027,     384.473,    383.516,
   70,      175.8,    179.955,     383.477,    383.646,
----,
DateTime:        , 2025/11/20, 12:23:56, 1763655836256,
RFID_EPC:        ,--Not Acquired--,
RFID_UserData:   ,--Not Acquired--,
Barcode:         ,--Not Acquired--,
PIF:,            0.00,
PARs:,            0.0,     0.0,     0.0,     0.0,     0.0,     0.0,
Light:,           0.0,     0.0,     0.0,     0.0,     0.0,     0.0,
Cycles:,            1,
                    1,      69,      70,      70,
Lamps:,        #10000,
Gain:,              2,     100, 
SNR_raw:,     232.56,
Position:,        0.0,              0.0,   NoData,
DataPt,      Time(us),   EX,         EM,       Fit,
==========,==========,==========,==========,=========,
    0,        0.0,      0.000,       0.000,    169.822,
    1,        0.8,    162.179,     172.341,    176.376,
    2,        3.3,    180.675,     183.880,    183.654,
    3,        5.8,    180.708,     194.236,    190.888,
    4,        8.3,    180.734,     201.124,    198.051,
    5,       10.8,    180.805,     206.576,    205.119,
    6,       13.3,    180.776,     212.142,    212.070,
    7,       15.8,    180.719,     217.741,    218.888,
    8,       18.3,    180.738,     224.634,    225.564,
    9,       20.8,    180.753,     229.318,    232.086,
   10,       23.3,    180.861,     235.816,    238.450,
   11,       25.8,    180.817,     240.575,    244.646,
   12,       28.3,    180.858,     248.261,    250.672,
   13,       30.8,    180.906,     253.723,    256.525,
   14,       33.3,    180.955,     259.733,    262.204,
   15,       35.8,    180.962,     265.249,    267.706,
   16,       38.3,    181.015,     270.973,    273.034,
   17,       40.8,    180.921,     277.469,    278.184,
   18,       43.3,    180.880,     281.955,    283.159,
   19,       45.8,    180.917,     287.977,    287.963,
   20,       48.3,    180.917,     292.122,    292.598,
   21,       50.8,    180.802,     298.393,    297.064,
   22,       53.3,    180.888,     303.227,    301.369,
   23,       55.8,    180.925,     305.928,    305.514,
   24,       58.3,    181.037,     309.881,    309.503,
   25,       60.8,    180.977,     313.299,    313.339,
   26,       63.3,    180.947,     318.048,    317.026,
   27,       65.8,    180.996,     323.212,    320.567,
   28,       68.3,    181.015,     325.388,    323.967,
   29,       70.8,    180.988,     328.474,    327.229,
   30,       73.3,    180.977,     332.086,    330.357,
   31,       75.8,    180.820,     334.033,    333.354,
   32,       78.3,    180.988,     337.591,    336.227,
   33,       80.8,    180.929,     341.018,    338.977,
   34,       83.3,    180.951,     343.739,    341.609,
   35,       85.8,    181.018,     345.269,    344.128,
   36,       88.3,    180.985,     347.543,    346.535,
   37,       90.8,    181.093,     348.440,    348.837,
   38,       93.3,    180.992,     351.120,    351.035,
   39,       95.8,    181.041,     354.616,    353.133,
   40,       98.3,    180.951,     356.174,    355.135,
   41,      100.8,    180.970,     358.347,    357.044,
   42,      103.3,    181.056,     358.729,    358.864,
   43,      105.8,    181.000,     359.946,    360.598,
   44,      108.3,    181.026,     362.379,    362.248,
   45,      110.8,    180.929,     363.679,    363.818,
   46,      113.3,    180.988,     365.217,    365.311,
   47,      115.8,    180.981,     366.061,    366.730,
   48,      118.3,    180.992,     368.248,    368.078,
   49,      120.8,    180.996,     367.964,    369.357,
   50,      123.3,    181.011,     370.144,    370.570,
   51,      125.8,    180.936,     371.402,    371.720,
   52,      128.3,    180.966,     372.998,    372.808,
   53,      130.8,    180.929,     372.523,    373.838,
   54,      133.3,    181.003,     374.302,    374.812,
   55,      135.8,    181.003,     374.302,    375.732,
   56,      138.3,    180.996,     375.975,    376.600,
   57,      140.8,    181.052,     376.411,    377.418,
   58,      143.3,    181.044,     376.979,    378.188,
   59,      145.8,    181.026,     379.228,    378.913,
   60,      148.3,    180.992,     379.022,    379.594,
   61,      150.8,    181.041,     379.749,    380.233,
   62,      153.3,    180.981,     380.427,    380.831,
   63,      155.8,    180.962,     382.400,    381.391,
   64,      158.3,    180.936,     382.455,    381.913,
   65,      160.8,    180.996,     382.329,    382.400,
   66,      163.3,    180.940,     384.106,    382.853,
   67,      165.8,    181.033,     384.460,    383.273,
   68,      168.3,    181.026,     383.647,    383.662,
   69,      170.8,    180.951,     384.634,    384.022,
   70,      175.8,    180.021,     385.105,    385.008,
----,
DateTime:        , 2025/11/20, 12:24:05, 1763655844943,
RFID_EPC:        ,--Not Acquired--,
RFID_UserData:   ,--Not Acquired--,
Barcode:         ,--Not Acquired--,
PIF:,            0.00,
PARs:,            0.0,     0.0,     0.0,     0.0,     0.0,     0.0,
Light:,           0.0,     0.0,     0.0,     0.0,     0.0,     0.0,
Cycles:,            1,
                    1,      69,      70,      70,
Lamps:,        #10000,
Gain:,              2,     100, 
SNR_raw:,     212.75,
Position:,        0.0,              0.0,   NoData,
DataPt,      Time(us),   EX,         EM,       Fit,
==========,==========,==========,==========,=========,
    0,        0.0,      0.000,       0.000,    173.725,
    1,        0.8,    162.092,     174.284,    179.394,
    2,        3.3,    180.741,     185.491,    185.840,
    3,        5.8,    180.782,     195.539,    192.383,
    4,        8.3,    180.722,     203.074,    198.972,
    5,       10.8,    180.805,     208.236,    205.569,
    6,       13.3,    180.756,     214.101,    212.135,
    7,       15.8,    180.808,     218.463,    218.644,
    8,       18.3,    180.790,     226.230,    225.070,
    9,       20.8,    180.793,     230.927,    231.393,
   10,       23.3,    180.868,     235.254,    237.600,
   11,       25.8,    180.861,     241.070,    243.675,
   12,       28.3,    180.864,     247.699,    249.609,
   13,       30.8,    180.872,     253.494,    255.392,
   14,       33.3,    180.913,     258.412,    261.019,
   15,       35.8,    180.969,     264.134,    266.487,
   16,       38.3,    180.879,     271.175,    271.789,
   17,       40.8,    180.965,     276.849,    276.927,
   18,       43.3,    180.834,     280.920,    281.895,
   19,       45.8,    180.868,     285.567,    286.697,
   20,       48.3,    180.902,     290.213,    291.334,
   21,       50.8,    180.917,     296.269,    295.806,
   22,       53.3,    180.973,     298.940,    300.116,
   23,       55.8,    180.950,     304.780,    304.265,
   24,       58.3,    180.973,     309.439,    308.256,
   25,       60.8,    180.973,     313.307,    312.092,
   26,       63.3,    181.003,     317.123,    315.777,
   27,       65.8,    180.917,     320.037,    319.314,
   28,       68.3,    180.939,     324.142,    322.705,
   29,       70.8,    180.864,     326.764,    325.956,
   30,       73.3,    180.894,     331.133,    329.069,
   31,       75.8,    180.943,     333.807,    332.049,
   32,       78.3,    180.939,     336.301,    334.900,
   33,       80.8,    180.965,     338.463,    337.626,
   34,       83.3,    181.014,     340.858,    340.230,
   35,       85.8,    180.976,     343.139,    342.716,
   36,       88.3,    180.943,     344.308,    345.088,
   37,       90.8,    180.958,     347.042,    347.351,
   38,       93.3,    180.976,     350.046,    349.507,
   39,       95.8,    180.958,     352.569,    351.560,
   40,       98.3,    180.950,     353.412,    353.515,
   41,      100.8,    180.954,     355.892,    355.374,
   42,      103.3,    180.917,     357.900,    357.141,
   43,      105.8,    181.029,     357.954,    358.819,
   44,      108.3,    181.025,     361.276,    360.412,
   45,      110.8,    180.999,     361.881,    361.923,
   46,      113.3,    181.003,     363.255,    363.356,
   47,      115.8,    180.976,     364.136,    364.713,
   48,      118.3,    181.006,     365.181,    365.996,
   49,      120.8,    181.040,     365.665,    367.210,
   50,      123.3,    180.991,     368.802,    368.357,
   51,      125.8,    180.917,     368.678,    369.440,
   52,      128.3,    181.003,     369.608,    370.460,
   53,      130.8,    180.999,     370.168,    371.421,
   54,      133.3,    181.047,     371.174,    372.325,
   55,      135.8,    181.010,     372.908,    373.175,
   56,      138.3,    181.029,     373.698,    373.972,
   57,      140.8,    181.032,     373.138,    374.720,
   58,      143.3,    181.047,     375.592,    375.419,
   59,      145.8,    180.991,     375.432,    376.073,
   60,      148.3,    180.984,     376.277,    376.683,
   61,      150.8,    181.010,     377.880,    377.251,
   62,      153.3,    180.980,     377.666,    377.779,
   63,      155.8,    180.991,     379.024,    378.268,
   64,      158.3,    180.991,     379.024,    378.721,
   65,      160.8,    180.898,     380.048,    379.139,
   66,      163.3,    181.040,     379.474,    379.523,
   67,      165.8,    181.111,     380.430,    379.873,
   68,      168.3,    181.017,     380.902,    380.194,
   69,      170.8,    181.036,     380.863,    380.486,
   70,      175.8,    180.017,     382.811,    382.546,
----,
DateTime:        , 2025/11/20, 12:24:13, 1763655853681,
RFID_EPC:        ,--Not Acquired--,
RFID_UserData:   ,--Not Acquired--,
Barcode:         ,--Not Acquired--,
PIF:,            0.00,
PARs:,            0.0,     0.0,     0.0,     0.0,     0.0,     0.0,
Light:,           0.0,     0.0,     0.0,     0.0,     0.0,     0.0,
Cycles:,            1,
                    1,      69,      70,      70,
Lamps:,        #10000,
Gain:,              2,     100, 
SNR_raw:,     183.50,
Position:,        0.0,              0.0,   NoData,
DataPt,      Time(us),   EX,         EM,       Fit,
==========,==========,==========,==========,=========,
    0,        0.0,      0.000,       0.000,    173.434,
    1,        0.8,    162.122,     175.177,    179.387,
    2,        3.3,    180.670,     186.696,    186.064,
    3,        5.8,    180.681,     197.032,    192.759,
    4,        8.3,    180.748,     201.939,    199.439,
    5,       10.8,    180.774,     207.164,    206.071,
    6,       13.3,    180.763,     213.539,    212.629,
    7,       15.8,    180.793,     219.035,    219.093,
    8,       18.3,    180.778,     223.755,    225.444,
    9,       20.8,    180.681,     231.070,    231.667,
   10,       23.3,    180.834,     235.852,    237.757,
   11,       25.8,    180.845,     242.473,    243.702,
   12,       28.3,    180.924,     247.618,    249.495,
   13,       30.8,    180.879,     253.208,    255.129,
   14,       33.3,    180.916,     259.512,    260.602,
   15,       35.8,    180.920,     263.929,    265.911,
   16,       38.3,    180.939,     269.981,    271.054,
   17,       40.8,    180.905,     275.006,    276.031,
   18,       43.3,    180.942,     281.029,    280.842,
   19,       45.8,    180.924,     285.203,    285.488,
   20,       48.3,    180.890,     290.232,    289.970,
   21,       50.8,    180.916,     295.164,    294.291,
   22,       53.3,    180.916,     300.415,    298.454,
   23,       55.8,    181.010,     303.023,    302.461,
   24,       58.3,    181.036,     306.293,    306.315,
   25,       60.8,    180.980,     310.808,    310.018,
   26,       63.3,    180.991,     314.381,    313.575,
   27,       65.8,    181.002,     317.952,    316.988,
   28,       68.3,    180.905,     320.887,    320.261,
   29,       70.8,    180.987,     325.438,    323.399,
   30,       73.3,    180.920,     327.493,    326.405,
   31,       75.8,    180.935,     330.782,    329.282,
   32,       78.3,    180.901,     333.331,    332.034,
   33,       80.8,    181.006,     336.453,    334.667,
   34,       83.3,    180.965,     338.740,    337.182,
   35,       85.8,    181.028,     340.555,    339.585,
   36,       88.3,    180.972,     342.042,    341.878,
   37,       90.8,    180.987,     344.223,    344.066,
   38,       93.3,    181.013,     347.488,    346.152,
   39,       95.8,    180.995,     347.800,    348.140,
   40,       98.3,    180.886,     350.496,    350.032,
   41,      100.8,    180.972,     351.159,    351.833,
   42,      103.3,    181.013,     353.841,    353.546,
   43,      105.8,    180.931,     354.002,    355.174,
   44,      108.3,    180.968,     356.139,    356.721,
   45,      110.8,    180.983,     356.939,    358.189,
   46,      113.3,    181.021,     359.351,    359.581,
   47,      115.8,    181.017,     360.187,    360.901,
   48,      118.3,    181.099,     361.956,    362.152,
   49,      120.8,    181.051,     363.710,    363.335,
   50,      123.3,    181.013,     361.852,    364.454,
   51,      125.8,    181.002,     363.256,    365.512,
   52,      128.3,    180.976,     365.242,    366.510,
   53,      130.8,    180.987,     366.324,    367.452,
   54,      133.3,    180.935,     366.707,    368.339,
   55,      135.8,    180.991,     368.803,    369.174,
   56,      138.3,    180.987,     369.640,    369.959,
   57,      140.8,    181.047,     370.622,    370.696,
   58,      143.3,    181.051,     370.615,    371.387,
   59,      145.8,    180.983,     371.857,    372.035,
   60,      148.3,    181.017,     371.788,    372.641,
   61,      150.8,    180.965,     373.277,    373.206,
   62,      153.3,    180.998,     373.484,    373.733,
   63,      155.8,    181.010,     374.842,    374.223,
   64,      158.3,    181.017,     375.655,    374.679,
   65,      160.8,    180.797,     375.837,    375.101,
   66,      163.3,    181.010,     377.052,    375.490,
   67,      165.8,    181.024,     377.573,    375.849,
   68,      168.3,    181.051,     377.243,    376.178,
   69,      170.8,    181.010,     377.052,    376.480,
   70,      175.8,    179.997,     377.541,    377.543,
----,
DateTime:        , 2025/11/20, 12:24:22, 1763655862369,
RFID_EPC:        ,--Not Acquired--,
RFID_UserData:   ,--Not Acquired--,
Barcode:         ,--Not Acquired--,
PIF:,            0.00,
PARs:,            0.0,     0.0,     0.0,     0.0,     0.0,     0.0,
Light:,           0.0,     0.0,     0.0,     0.0,     0.0,     0.0,
Cycles:,            1,
                    1,      69,      70,      70,
Lamps:,        #10000,
Gain:,              2,     100, 
SNR_raw:,     230.37,
Position:,        0.0,              0.0,   NoData,
DataPt,      Time(us),   EX,         EM,       Fit,
==========,==========,==========,==========,=========,
    0,        0.0,      0.000,       0.000,    171.300,
    1,        0.8,    162.114,     174.568,    177.547,
    2,        3.3,    180.540,     186.842,    184.517,
    3,        5.8,    180.689,     197.854,    191.481,
    4,        8.3,    180.730,     203.342,    198.399,
    5,       10.8,    180.842,     208.746,    205.246,
    6,       13.3,    180.865,     213.696,    211.997,
    7,       15.8,    180.823,     218.445,    218.628,
    8,       18.3,    180.753,     224.063,    225.126,
    9,       20.8,    180.812,     229.520,    231.482,
   10,       23.3,    180.786,     236.191,    237.684,
   11,       25.8,    180.823,     240.566,    243.727,
   12,       28.3,    180.857,     247.709,    249.605,
   13,       30.8,    180.846,     252.978,    255.313,
   14,       33.3,    180.939,     258.374,    260.852,
   15,       35.8,    180.894,     263.137,    266.217,
   16,       38.3,    180.969,     271.041,    271.410,
   17,       40.8,    180.909,     275.829,    276.430,
   18,       43.3,    180.932,     280.216,    281.279,
   19,       45.8,    180.958,     286.254,    285.959,
   20,       48.3,    180.891,     289.401,    290.470,
   21,       50.8,    180.857,     294.708,    294.816,
   22,       53.3,    180.872,     299.659,    299.000,
   23,       55.8,    180.880,     302.964,    303.026,
   24,       58.3,    180.909,     307.336,    306.898,
   25,       60.8,    180.980,     312.741,    310.619,
   26,       63.3,    181.003,     314.084,    314.192,
   27,       65.8,    181.010,     319.043,    317.622,
   28,       68.3,    180.969,     321.049,    320.911,
   29,       70.8,    180.965,     325.477,    324.064,
   30,       73.3,    180.969,     327.404,    327.084,
   31,       75.8,    180.958,     331.845,    329.976,
   32,       78.3,    180.921,     332.743,    332.743,
   33,       80.8,    180.980,     336.777,    335.390,
   34,       83.3,    180.973,     339.830,    337.920,
   35,       85.8,    180.992,     341.452,    340.338,
   36,       88.3,    180.999,     343.648,    342.646,
   37,       90.8,    181.018,     344.994,    344.849,
   38,       93.3,    181.018,     347.204,    346.950,
   39,       95.8,    180.992,     348.911,    348.953,
   40,       98.3,    180.995,     350.838,    350.861,
   41,      100.8,    180.999,     351.936,    352.678,
   42,      103.3,    180.980,     355.287,    354.406,
   43,      105.8,    180.936,     355.099,    356.050,
   44,      108.3,    180.965,     357.251,    357.612,
   45,      110.8,    180.943,     358.124,    359.095,
   46,      113.3,    181.021,     360.731,    360.503,
   47,      115.8,    181.007,     361.313,    361.838,
   48,      118.3,    181.025,     362.657,    363.104,
   49,      120.8,    181.040,     363.732,    364.302,
   50,      123.3,    181.029,     365.135,    365.436,
   51,      125.8,    181.021,     365.426,    366.507,
   52,      128.3,    180.977,     366.622,    367.520,
   53,      130.8,    181.070,     368.366,    368.475,
   54,      133.3,    180.984,     368.264,    369.375,
   55,      135.8,    180.980,     370.206,    370.223,
   56,      138.3,    180.954,     371.088,    371.020,
   57,      140.8,    181.025,     371.219,    371.769,
   58,      143.3,    180.988,     372.677,    372.472,
   59,      145.8,    181.055,     372.262,    373.130,
   60,      148.3,    180.962,     373.283,    373.746,
   61,      150.8,    181.089,     374.678,    374.321,
   62,      153.3,    181.059,     374.740,    374.857,
   63,      155.8,    181.044,     375.047,    375.356,
   64,      158.3,    181.010,     375.393,    375.819,
   65,      160.8,    180.980,     376.560,    376.248,
   66,      163.3,    180.947,     376.906,    376.644,
   67,      165.8,    180.939,     378.304,    377.009,
   68,      168.3,    180.988,     377.926,    377.344,
   69,      170.8,    181.025,     378.677,    377.650,
   70,      175.8,    179.923,     378.681,    378.634,
----,
DateTime:        , 2025/11/20, 12:24:31, 1763655871071,
RFID_EPC:        ,--Not Acquired--,
RFID_UserData:   ,--Not Acquired--,
Barcode:         ,--Not Acquired--,
PIF:,            0.00,
PARs:,            0.0,     0.0,     0.0,     0.0,     0.0,     0.0,
Light:,           0.0,     0.0,     0.0,     0.0,     0.0,     0.0,
Cycles:,            1,
                    1,      69,      70,      70,
Lamps:,        #10000,
Gain:,              2,     100, 
SNR_raw:,     229.64,
Position:,        0.0,              0.0,   NoData,
DataPt,      Time(us),   EX,         EM,       Fit,
==========,==========,==========,==========,=========,
    0,        0.0,      0.000,       0.000,    173.344,
    1,        0.8,    162.056,     175.248,    179.088,
    2,        3.3,    180.530,     186.897,    185.577,
    3,        5.8,    180.646,     197.348,    192.132,
    4,        8.3,    180.735,     201.400,    198.708,
    5,       10.8,    180.821,     206.005,    205.269,
    6,       13.3,    180.892,     212.558,    211.786,
    7,       15.8,    180.836,     217.600,    218.228,
    8,       18.3,    180.844,     223.950,    224.579,
    9,       20.8,    180.817,     228.960,    230.821,
   10,       23.3,    180.817,     234.491,    236.940,
   11,       25.8,    180.780,     239.241,    242.926,
   12,       28.3,    180.832,     246.914,    248.772,
   13,       30.8,    180.930,     250.650,    254.472,
   14,       33.3,    180.915,     258.133,    260.019,
   15,       35.8,    180.944,     263.893,    265.410,
   16,       38.3,    180.926,     270.000,    270.641,
   17,       40.8,    180.918,     275.539,    275.712,
   18,       43.3,    180.926,     278.291,    280.621,
   19,       45.8,    180.989,     285.652,    285.371,
   20,       48.3,    180.959,     289.291,    289.959,
   21,       50.8,    180.859,     293.876,    294.387,
   22,       53.3,    180.948,     298.981,    298.659,
   23,       55.8,    180.922,     303.722,    302.775,
   24,       58.3,    180.941,     307.836,    306.739,
   25,       60.8,    180.918,     312.572,    310.552,
   26,       63.3,    181.023,     316.258,    314.220,
   27,       65.8,    180.974,     318.553,    317.742,
   28,       68.3,    181.015,     322.348,    321.124,
   29,       70.8,    181.000,     325.414,    324.369,
   30,       73.3,    180.941,     327.455,    327.478,
   31,       75.8,    180.937,     330.778,    330.457,
   32,       78.3,    180.941,     334.916,    333.309,
   33,       80.8,    180.885,     336.679,    336.037,
   34,       83.3,    180.948,     339.876,    338.646,
   35,       85.8,    180.967,     342.604,    341.139,
   36,       88.3,    180.974,     344.524,    343.519,
   37,       90.8,    181.057,     345.748,    345.791,
   38,       93.3,    180.959,     348.697,    347.957,
   39,       95.8,    181.030,     349.665,    350.022,
   40,       98.3,    180.963,     352.282,    351.988,
   41,      100.8,    181.049,     353.495,    353.860,
   42,      103.3,    180.963,     354.216,    355.639,
   43,      105.8,    180.967,     356.971,    357.331,
   44,      108.3,    180.885,     358.239,    358.937,
   45,      110.8,    180.989,     359.414,    360.461,
   46,      113.3,    180.989,     362.176,    361.906,
   47,      115.8,    180.967,     362.497,    363.276,
   48,      118.3,    181.023,     363.490,    364.573,
   49,      120.8,    181.053,     366.468,    365.800,
   50,      123.3,    181.012,     366.275,    366.959,
   51,      125.8,    180.971,     367.187,    368.054,
   52,      128.3,    181.075,     368.631,    369.087,
   53,      130.8,    181.045,     368.968,    370.061,
   54,      133.3,    180.963,     369.136,    370.977,
   55,      135.8,    181.034,     371.477,    371.839,
   56,      138.3,    180.956,     371.638,    372.648,
   57,      140.8,    180.963,     373.280,    373.407,
   58,      143.3,    180.915,     372.828,    374.119,
   59,      145.8,    180.963,     374.938,    374.784,
   60,      148.3,    181.008,     375.674,    375.404,
   61,      150.8,    181.023,     375.919,    375.983,
   62,      153.3,    181.057,     377.506,    376.521,
   63,      155.8,    181.090,     377.436,    377.021,
   64,      158.3,    181.004,     377.892,    377.485,
   65,      160.8,    181.038,     377.822,    377.913,
   66,      163.3,    181.027,     379.778,    378.307,
   67,      165.8,    180.989,     380.133,    378.670,
   68,      168.3,    180.944,     379.675,    379.002,
   69,      170.8,    180.978,     380.709,    379.305,
   70,      175.8,    179.943,     380.060,    380.238,
----,
DateTime:        , 2025/11/20, 12:24:39, 1763655879774,
RFID_EPC:        ,--Not Acquired--,
RFID_UserData:   ,--Not Acquired--,
Barcode:         ,--Not Acquired--,
PIF:,            0.00,
PARs:,            0.0,     0.0,     0.0,     0.0,     0.0,     0.0,
Light:,           0.0,     0.0,     0.0,     0.0,     0.0,     0.0,
Cycles:,            1,
                    1,      69,      70,      70,
Lamps:,        #10000,
Gain:,              2,     100, 
SNR_raw:,     160.47,
Position:,        0.0,              0.0,   NoData,
DataPt,      Time(us),   EX,         EM,       Fit,
==========,==========,==========,==========,=========,
    0,        0.0,      0.000,       0.000,    172.991,
    1,        0.8,    162.020,     173.744,    178.682,
    2,        3.3,    180.644,     185.704,    185.139,
    3,        5.8,    180.730,     196.426,    191.681,
    4,        8.3,    180.756,     201.653,    198.260,
    5,       10.8,    180.767,     207.449,    204.834,
    6,       13.3,    180.778,     212.968,    211.370,
    7,       15.8,    180.797,     217.924,    217.842,
    8,       18.3,    180.775,     223.759,    224.226,
    9,       20.8,    180.853,     229.468,    230.506,
   10,       23.3,    180.827,     235.031,    236.665,
   11,       25.8,    180.857,     241.075,    242.692,
   12,       28.3,    180.872,     245.478,    248.578,
   13,       30.8,    180.909,     252.337,    254.316,
   14,       33.3,    180.932,     258.938,    259.899,
   15,       35.8,    180.909,     263.392,    265.323,
   16,       38.3,    180.868,     270.639,    270.586,
   17,       40.8,    180.868,     275.062,    275.685,
   18,       43.3,    180.902,     280.816,    280.622,
   19,       45.8,    180.894,     285.526,    285.396,
   20,       48.3,    180.876,     289.978,    290.006,
   21,       50.8,    180.928,     294.316,    294.457,
   22,       53.3,    180.980,     298.375,    298.749,
   23,       55.8,    180.980,     305.282,    302.884,
   24,       58.3,    180.958,     307.807,    306.865,
   25,       60.8,    180.920,     311.187,    310.693,
   26,       63.3,    180.913,     315.069,    314.374,
   27,       65.8,    180.980,     319.096,    317.909,
   28,       68.3,    180.946,     323.024,    321.303,
   29,       70.8,    180.920,     325.834,    324.558,
   30,       73.3,    180.924,     329.144,    327.679,
   31,       75.8,    180.958,     331.569,    330.669,
   32,       78.3,    180.965,     334.595,    333.532,
   33,       80.8,    181.029,     337.239,    336.271,
   34,       83.3,    180.932,     340.184,    338.890,
   35,       85.8,    181.021,     341.396,    341.394,
   36,       88.3,    181.003,     343.089,    343.784,
   37,       90.8,    181.044,     346.049,    346.066,
   38,       93.3,    180.950,     346.504,    348.243,
   39,       95.8,    180.969,     350.889,    350.318,
   40,       98.3,    180.965,     352.001,    352.294,
   41,      100.8,    180.999,     353.870,    354.176,
   42,      103.3,    180.980,     355.288,    355.967,
   43,      105.8,    180.894,     356.838,    357.669,
   44,      108.3,    181.066,     359.261,    359.286,
   45,      110.8,    181.036,     359.321,    360.821,
   46,      113.3,    180.999,     361.328,    362.278,
   47,      115.8,    181.036,     363.463,    363.659,
   48,      118.3,    181.010,     365.173,    364.967,
   49,      120.8,    180.988,     364.942,    366.205,
   50,      123.3,    180.999,     367.406,    367.375,
   51,      125.8,    180.999,     369.063,    368.481,
   52,      128.3,    181.017,     370.130,    369.525,
   53,      130.8,    180.917,     367.573,    370.509,
   54,      133.3,    180.958,     371.910,    371.436,
   55,      135.8,    180.988,     371.296,    372.308,
   56,      138.3,    181.070,     372.508,    373.127,
   57,      140.8,    181.006,     372.363,    373.896,
   58,      143.3,    181.006,     373.744,    374.617,
   59,      145.8,    181.070,     375.822,    375.291,
   60,      148.3,    180.980,     375.179,    375.921,
   61,      150.8,    181.047,     375.869,    376.509,
   62,      153.3,    180.946,     376.907,    377.056,
   63,      155.8,    181.014,     377.872,    377.564,
   64,      158.3,    181.003,     378.724,    378.035,
   65,      160.8,    180.995,     379.568,    378.470,
   66,      163.3,    181.010,     381.194,    378.871,
   67,      165.8,    181.066,     380.524,    379.239,
   68,      168.3,    181.014,     380.082,    379.576,
   69,      170.8,    181.036,     380.035,    379.884,
   70,      175.8,    179.934,     381.492,    381.431,
----,
DateTime:        , 2025/11/20, 12:24:48, 1763655888463,
RFID_EPC:        ,--Not Acquired--,
RFID_UserData:   ,--Not Acquired--,
Barcode:         ,--Not Acquired--,
PIF:,            0.00,
PARs:,            0.0,     0.0,     0.0,     0.0,     0.0,     0.0,
Light:,           0.0,     0.0,     0.0,     0.0,     0.0,     0.0,
Cycles:,            1,
                    1,      69,      70,      70,
Lamps:,        #10000,
Gain:,              2,     100, 
SNR_raw:,     169.21,
Position:,        0.0,              0.0,   NoData,
DataPt,      Time(us),   EX,         EM,       Fit,
==========,==========,==========,==========,=========,
    0,        0.0,      0.000,       0.000,    173.705,
    1,        0.8,    162.174,     174.504,    179.475,
    2,        3.3,    180.702,     186.077,    185.985,
    3,        5.8,    180.695,     196.464,    192.548,
    4,        8.3,    180.736,     202.229,    199.126,
    5,       10.8,    180.765,     207.728,    205.682,
    6,       13.3,    180.777,     213.247,    212.189,
    7,       15.8,    180.792,     217.930,    218.621,
    8,       18.3,    180.773,     224.591,    224.960,
    9,       20.8,    180.773,     228.740,    231.188,
   10,       23.3,    180.844,     234.733,    237.295,
   11,       25.8,    180.814,     240.579,    243.267,
   12,       28.3,    180.829,     249.130,    249.097,
   13,       30.8,    180.892,     252.636,    254.779,
   14,       33.3,    180.907,     259.249,    260.308,
   15,       35.8,    180.892,     264.522,    265.679,
   16,       38.3,    180.919,     269.182,    270.891,
   17,       40.8,    180.911,     274.721,    275.940,
   18,       43.3,    180.907,     280.807,    280.827,
   19,       45.8,    180.881,     285.823,    285.552,
   20,       48.3,    180.911,     288.816,    290.115,
   21,       50.8,    181.008,     295.567,    294.520,
   22,       53.3,    181.019,     298.587,    298.767,
   23,       55.8,    180.993,     304.155,    302.857,
   24,       58.3,    180.990,     307.200,    306.793,
   25,       60.8,    180.993,     311.337,    310.578,
   26,       63.3,    180.986,     315.218,    314.214,
   27,       65.8,    180.911,     320.876,    317.705,
   28,       68.3,    180.911,     320.876,    321.054,
   29,       70.8,    180.900,     325.042,    324.265,
   30,       73.3,    180.960,     328.803,    327.341,
   31,       75.8,    180.937,     330.778,    330.287,
   32,       78.3,    180.922,     334.950,    333.104,
   33,       80.8,    181.016,     335.330,    335.799,
   34,       83.3,    181.019,     338.914,    338.374,
   35,       85.8,    181.061,     339.942,    340.833,
   36,       88.3,    181.016,     343.893,    343.178,
   37,       90.8,    180.926,     345.998,    345.415,
   38,       93.3,    180.960,     348.420,    347.546,
   39,       95.8,    180.963,     350.347,    349.575,
   40,       98.3,    180.960,     350.631,    351.506,
   41,      100.8,    180.986,     354.448,    353.342,
   42,      103.3,    180.948,     353.415,    355.087,
   43,      105.8,    181.008,     356.614,    356.744,
   44,      108.3,    181.016,     356.599,    358.316,
   45,      110.8,    180.986,     359.420,    359.806,
   46,      113.3,    181.046,     361.235,    361.219,
   47,      115.8,    180.997,     361.884,    362.555,
   48,      118.3,    180.986,     364.117,    363.819,
   49,      120.8,    180.926,     363.408,    365.014,
   50,      123.3,    180.986,     364.669,    366.141,
   51,      125.8,    180.948,     365.850,    367.205,
   52,      128.3,    180.960,     368.038,    368.207,
   53,      130.8,    180.971,     368.568,    369.150,
   54,      133.3,    181.057,     368.945,    370.036,
   55,      135.8,    181.023,     368.461,    370.869,
   56,      138.3,    180.993,     371.284,    371.649,
   57,      140.8,    181.042,     372.013,    372.380,
   58,      143.3,    180.956,     372.743,    373.064,
   59,      145.8,    180.993,     374.323,    373.702,
   60,      148.3,    180.930,     373.349,    374.297,
   61,      150.8,    180.967,     376.588,    374.850,
   62,      153.3,    180.948,     376.074,    375.363,
   63,      155.8,    180.952,     375.513,    375.839,
   64,      158.3,    180.978,     377.117,    376.278,
   65,      160.8,    181.049,     377.798,    376.682,
   66,      163.3,    181.012,     377.599,    377.053,
   67,      165.8,    181.109,     377.949,    377.393,
   68,      168.3,    181.031,     379.494,    377.703,
   69,      170.8,    181.061,     379.707,    377.984,
   70,      175.8,    179.989,     378.909,    378.966,
----,
DateTime:        , 2025/11/20, 12:24:57, 1763655897152,
RFID_EPC:        ,--Not Acquired--,
RFID_UserData:   ,--Not Acquired--,
Barcode:         ,--Not Acquired--,
PIF:,            0.00,
PARs:,            0.0,     0.0,     0.0,     0.0,     0.0,     0.0,
Light:,           0.0,     0.0,     0.0,     0.0,     0.0,     0.0,
Cycles:,            1,
                    1,      69,      70,      70,
Lamps:,        #10000,
Gain:,              2,     100, 
SNR_raw:,     212.26,
Position:,        0.0,              0.0,   NoData,
DataPt,      Time(us),   EX,         EM,       Fit,
==========,==========,==========,==========,=========,
    0,        0.0,      0.000,       0.000,    171.294,
    1,        0.8,    162.069,     174.617,    177.445,
    2,        3.3,    180.573,     185.882,    184.355,
    3,        5.8,    180.622,     195.990,    191.293,
    4,        8.3,    180.730,     202.788,    198.218,
    5,       10.8,    180.734,     208.317,    205.091,
    6,       13.3,    180.783,     213.793,    211.886,
    7,       15.8,    180.809,     219.569,    218.578,
    8,       18.3,    180.801,     224.556,    225.148,
    9,       20.8,    180.880,     230.264,    231.582,
   10,       23.3,    180.820,     236.700,    237.867,
   11,       25.8,    180.812,     241.134,    243.993,
   12,       28.3,    180.831,     247.469,    249.955,
   13,       30.8,    180.846,     254.360,    255.748,
   14,       33.3,    180.839,     260.177,    261.369,
   15,       35.8,    180.980,     265.498,    266.818,
   16,       38.3,    180.891,     271.711,    272.089,
   17,       40.8,    180.928,     275.247,    277.185,
   18,       43.3,    180.966,     281.545,    282.107,
   19,       45.8,    180.924,     286.031,    286.855,
   20,       48.3,    180.898,     292.153,    291.431,
   21,       50.8,    180.984,     296.158,    295.839,
   22,       53.3,    180.887,     300.464,    300.080,
   23,       55.8,    180.958,     304.490,    304.159,
   24,       58.3,    180.895,     309.573,    308.078,
   25,       60.8,    180.910,     313.140,    311.840,
   26,       63.3,    180.988,     316.319,    315.452,
   27,       65.8,    180.958,     321.069,    318.914,
   28,       68.3,    181.048,     321.738,    322.233,
   29,       70.8,    180.980,     327.107,    325.411,
   30,       73.3,    180.951,     329.648,    328.451,
   31,       75.8,    180.966,     332.660,    331.360,
   32,       78.3,    180.951,     334.622,    334.140,
   33,       80.8,    180.999,     337.571,    336.796,
   34,       83.3,    180.966,     339.844,    339.331,
   35,       85.8,    180.924,     342.132,    341.749,
   36,       88.3,    180.954,     344.009,    344.056,
   37,       90.8,    181.010,     347.770,    346.253,
   38,       93.3,    181.040,     349.094,    348.346,
   39,       95.8,    181.010,     349.980,    350.338,
   40,       98.3,    180.973,     353.644,    352.232,
   41,      100.8,    181.066,     355.395,    354.032,
   42,      103.3,    181.007,     354.131,    355.742,
   43,      105.8,    181.018,     357.147,    357.364,
   44,      108.3,    180.962,     357.810,    358.903,
   45,      110.8,    180.943,     358.124,    360.361,
   46,      113.3,    180.988,     361.350,    361.741,
   47,      115.8,    180.917,     361.768,    363.047,
   48,      118.3,    180.939,     363.658,    364.281,
   49,      120.8,    181.007,     364.075,    365.447,
   50,      123.3,    181.040,     365.941,    366.547,
   51,      125.8,    181.040,     367.045,    367.583,
   52,      128.3,    181.070,     367.537,    368.560,
   53,      130.8,    181.037,     369.263,    369.478,
   54,      133.3,    180.966,     369.131,    370.340,
   55,      135.8,    181.003,     370.160,    371.149,
   56,      138.3,    180.958,     371.357,    371.907,
   57,      140.8,    181.003,     371.817,    372.616,
   58,      143.3,    180.984,     374.066,    373.278,
   59,      145.8,    181.044,     374.771,    373.896,
   60,      148.3,    181.070,     374.441,    374.470,
   61,      150.8,    181.070,     374.164,    375.003,
   62,      153.3,    181.029,     374.802,    375.498,
   63,      155.8,    181.044,     376.152,    375.954,
   64,      158.3,    181.044,     376.704,    376.375,
   65,      160.8,    181.014,     377.871,    376.762,
   66,      163.3,    180.988,     377.926,    377.117,
   67,      165.8,    180.928,     377.774,    377.440,
   68,      168.3,    180.999,     378.455,    377.733,
   69,      170.8,    180.954,     379.101,    377.997,
   70,      175.8,    179.979,     379.025,    379.034,
----,
DateTime:        , 2025/11/20, 12:25:05, 1763655905841,
RFID_EPC:        ,--Not Acquired--,
RFID_UserData:   ,--Not Acquired--,
Barcode:         ,--Not Acquired--,
PIF:,            0.00,
PARs:,            0.0,     0.0,     0.0,     0.0,     0.0,     0.0,
Light:,           0.0,     0.0,     0.0,     0.0,     0.0,     0.0,
Cycles:,            1,
                    1,      69,      70,      70,
Lamps:,        #10000,
Gain:,              2,     100, 
SNR_raw:,     202.94,
Position:,        0.0,              0.0,   NoData,
DataPt,      Time(us),   EX,         EM,       Fit,
==========,==========,==========,==========,=========,
    0,        0.0,      0.000,       0.000,    172.282,
    1,        0.8,    162.122,     173.635,    178.270,
    2,        3.3,    180.632,     185.706,    184.997,
    3,        5.8,    180.625,     196.540,    191.755,
    4,        8.3,    180.726,     202.794,    198.513,
    5,       10.8,    180.763,     207.177,    205.236,
    6,       13.3,    180.763,     212.156,    211.898,
    7,       15.8,    180.789,     218.487,    218.478,
    8,       18.3,    180.729,     225.199,    224.955,
    9,       20.8,    180.800,     230.641,    231.316,
   10,       23.3,    180.890,     236.055,    237.550,
   11,       25.8,    180.879,     241.322,    243.644,
   12,       28.3,    180.905,     247.091,    249.590,
   13,       30.8,    180.819,     253.569,    255.379,
   14,       33.3,    180.882,     260.114,    261.009,
   15,       35.8,    180.894,     266.179,    266.476,
   16,       38.3,    180.856,     270.933,    271.776,
   17,       40.8,    180.897,     276.953,    276.909,
   18,       43.3,    180.860,     282.262,    281.872,
   19,       45.8,    180.841,     285.886,    286.668,
   20,       48.3,    180.909,     292.413,    291.297,
   21,       50.8,    180.991,     297.253,    295.761,
   22,       53.3,    180.942,     300.648,    300.060,
   23,       55.8,    180.957,     305.045,    304.198,
   24,       58.3,    181.039,     309.877,    308.177,
   25,       60.8,    180.998,     312.434,    311.999,
   26,       63.3,    180.965,     317.189,    315.667,
   27,       65.8,    180.912,     320.045,    319.185,
   28,       68.3,    180.894,     322.842,    322.555,
   29,       70.8,    180.916,     326.394,    325.784,
   30,       73.3,    180.968,     328.510,    328.873,
   31,       75.8,    180.987,     333.449,    331.828,
   32,       78.3,    180.834,     336.220,    334.650,
   33,       80.8,    181.107,     337.923,    337.346,
   34,       83.3,    181.080,     339.904,    339.919,
   35,       85.8,    181.080,     343.770,    342.373,
   36,       88.3,    181.013,     344.726,    344.710,
   37,       90.8,    180.983,     346.993,    346.935,
   38,       93.3,    180.957,     348.149,    349.052,
   39,       95.8,    180.983,     352.242,    351.066,
   40,       98.3,    180.987,     353.064,    352.978,
   41,      100.8,    180.938,     353.988,    354.794,
   42,      103.3,    180.946,     355.355,    356.517,
   43,      105.8,    180.961,     355.878,    358.150,
   44,      108.3,    180.994,     359.127,    359.696,
   45,      110.8,    181.002,     361.046,    361.160,
   46,      113.3,    181.062,     362.860,    362.545,
   47,      115.8,    181.047,     364.270,    363.852,
   48,      118.3,    181.032,     363.748,    365.087,
   49,      120.8,    181.024,     364.868,    366.251,
   50,      123.3,    180.912,     366.476,    367.348,
   51,      125.8,    180.942,     367.521,    368.380,
   52,      128.3,    180.957,     367.214,    369.350,
   53,      130.8,    180.994,     369.625,    370.261,
   54,      133.3,    180.972,     370.499,    371.115,
   55,      135.8,    181.002,     371.267,    371.915,
   56,      138.3,    181.028,     371.489,    372.662,
   57,      140.8,    181.077,     373.323,    373.360,
   58,      143.3,    181.073,     373.330,    374.011,
   59,      145.8,    181.047,     374.765,    374.616,
   60,      148.3,    180.976,     376.293,    375.178,
   61,      150.8,    180.942,     374.982,    375.699,
   62,      153.3,    180.931,     376.387,    376.180,
   63,      155.8,    181.021,     378.134,    376.623,
   64,      158.3,    181.039,     376.714,    377.031,
   65,      160.8,    181.058,     378.608,    377.403,
   66,      163.3,    181.065,     378.316,    377.744,
   67,      165.8,    180.976,     379.056,    378.053,
   68,      168.3,    181.095,     379.634,    378.332,
   69,      170.8,    180.987,     379.309,    378.584,
   70,      175.8,    179.923,     379.875,    379.770,
----,
DateTime:        , 2025/11/20, 12:25:14, 1763655914521,
RFID_EPC:        ,--Not Acquired--,
RFID_UserData:   ,--Not Acquired--,
Barcode:         ,--Not Acquired--,
PIF:,            0.00,
PARs:,            0.0,     0.0,     0.0,     0.0,     0.0,     0.0,
Light:,           0.0,     0.0,     0.0,     0.0,     0.0,     0.0,
Cycles:,            1,
                    1,      69,      70,      70,
Lamps:,        #10000,
Gain:,              2,     100, 
SNR_raw:,     198.99,
Position:,        0.0,              0.0,   NoData,
DataPt,      Time(us),   EX,         EM,       Fit,
==========,==========,==========,==========,=========,
    0,        0.0,      0.000,       0.000,    173.320,
    1,        0.8,    162.102,     173.656,    179.036,
    2,        3.3,    180.605,     185.836,    185.502,
    3,        5.8,    180.673,     196.765,    192.044,
    4,        8.3,    180.650,     203.432,    198.615,
    5,       10.8,    180.703,     208.077,    205.180,
    6,       13.3,    180.691,     212.517,    211.706,
    7,       15.8,    180.747,     218.814,    218.170,
    8,       18.3,    180.785,     222.641,    224.549,
    9,       20.8,    180.844,     229.479,    230.827,
   10,       23.3,    180.886,     234.679,    236.988,
   11,       25.8,    180.889,     240.202,    243.018,
   12,       28.3,    180.830,     246.365,    248.908,
   13,       30.8,    180.900,     252.349,    254.653,
   14,       33.3,    180.919,     258.955,    260.245,
   15,       35.8,    180.830,     264.890,    265.679,
   16,       38.3,    180.844,     269.016,    270.952,
   17,       40.8,    180.826,     275.127,    276.064,
   18,       43.3,    180.900,     280.541,    281.013,
   19,       45.8,    180.889,     285.534,    285.799,
   20,       48.3,    180.897,     290.497,    290.423,
   21,       50.8,    180.949,     294.834,    294.886,
   22,       53.3,    180.960,     298.132,    299.189,
   23,       55.8,    181.016,     303.288,    303.334,
   24,       58.3,    181.054,     307.368,    307.325,
   25,       60.8,    180.990,     311.343,    311.162,
   26,       63.3,    180.897,     316.479,    314.848,
   27,       65.8,    180.949,     320.256,    318.387,
   28,       68.3,    180.934,     322.493,    321.783,
   29,       70.8,    180.923,     326.106,    325.038,
   30,       73.3,    180.949,     328.269,    328.157,
   31,       75.8,    181.005,     332.035,    331.144,
   32,       78.3,    180.968,     334.037,    334.001,
   33,       80.8,    181.016,     336.986,    336.733,
   34,       83.3,    180.990,     339.798,    339.343,
   35,       85.8,    181.035,     341.923,    341.835,
   36,       88.3,    181.024,     344.430,    344.213,
   37,       90.8,    180.968,     345.642,    346.480,
   38,       93.3,    180.957,     348.979,    348.640,
   39,       95.8,    180.971,     349.779,    350.696,
   40,       98.3,    180.979,     352.804,    352.653,
   41,      100.8,    180.960,     354.498,    354.513,
   42,      103.3,    180.964,     356.148,    356.281,
   43,      105.8,    181.016,     357.150,    357.959,
   44,      108.3,    181.035,     359.323,    359.551,
   45,      110.8,    181.054,     361.219,    361.060,
   46,      113.3,    181.009,     361.585,    362.489,
   47,      115.8,    181.024,     363.764,    363.842,
   48,      118.3,    181.005,     362.421,    365.121,
   49,      120.8,    180.971,     365.251,    366.329,
   50,      123.3,    181.027,     365.967,    367.468,
   51,      125.8,    180.971,     367.461,    368.543,
   52,      128.3,    181.027,     368.729,    369.555,
   53,      130.8,    180.979,     368.827,    370.507,
   54,      133.3,    180.983,     369.925,    371.401,
   55,      135.8,    181.143,     371.805,    372.239,
   56,      138.3,    180.983,     372.411,    373.026,
   57,      140.8,    181.072,     373.332,    373.761,
   58,      143.3,    181.005,     373.746,    374.448,
   59,      145.8,    181.031,     375.350,    375.088,
   60,      148.3,    180.942,     374.154,    375.685,
   61,      150.8,    180.998,     375.419,    376.239,
   62,      153.3,    180.953,     376.618,    376.752,
   63,      155.8,    180.986,     376.548,    377.226,
   64,      158.3,    180.986,     377.100,    377.663,
   65,      160.8,    181.072,     378.302,    378.064,
   66,      163.3,    181.027,     378.948,    378.431,
   67,      165.8,    181.013,     379.256,    378.767,
   68,      168.3,    181.054,     378.893,    379.071,
   69,      170.8,    181.031,     380.321,    379.345,
   70,      175.8,    179.933,     381.018,    380.867,
----,
DateTime:        , 2025/11/20, 12:25:23, 1763655923201,
RFID_EPC:        ,--Not Acquired--,
RFID_UserData:   ,--Not Acquired--,
Barcode:         ,--Not Acquired--,
PIF:,            0.00,
PARs:,            0.0,     0.0,     0.0,     0.0,     0.0,     0.0,
Light:,           0.0,     0.0,     0.0,     0.0,     0.0,     0.0,
Cycles:,            1,
                    1,      69,      70,      70,
Lamps:,        #10000,
Gain:,              2,     100, 
SNR_raw:,     219.37,
Position:,        0.0,              0.0,   NoData,
DataPt,      Time(us),   EX,         EM,       Fit,
==========,==========,==========,==========,=========,
    0,        0.0,      0.000,       0.000,    175.125,
    1,        0.8,    162.156,     176.065,    180.505,
    2,        3.3,    180.648,     187.256,    186.676,
    3,        5.8,    180.690,     197.300,    192.995,
    4,        8.3,    180.712,     201.426,    199.403,
    5,       10.8,    180.742,     207.202,    205.852,
    6,       13.3,    180.783,     213.239,    212.301,
    7,       15.8,    180.775,     221.269,    218.715,
    8,       18.3,    180.742,     225.183,    225.064,
    9,       20.8,    180.719,     230.744,    231.327,
   10,       23.3,    180.813,     235.603,    237.486,
   11,       25.8,    180.835,     241.933,    243.525,
   12,       28.3,    180.910,     247.084,    249.432,
   13,       30.8,    180.917,     254.260,    255.197,
   14,       33.3,    180.910,     259.798,    260.810,
   15,       35.8,    180.936,     265.011,    266.267,
   16,       38.3,    180.955,     271.062,    271.564,
   17,       40.8,    180.929,     276.076,    276.696,
   18,       43.3,    180.749,     281.605,    281.661,
   19,       45.8,    180.895,     286.078,    286.462,
   20,       48.3,    180.895,     290.224,    291.098,
   21,       50.8,    180.888,     296.040,    295.568,
   22,       53.3,    181.015,     300.252,    299.877,
   23,       55.8,    181.018,     304.942,    304.025,
   24,       58.3,    180.906,     309.276,    308.012,
   25,       60.8,    180.962,     312.496,    311.845,
   26,       63.3,    180.947,     317.219,    315.524,
   27,       65.8,    180.970,     319.391,    319.053,
   28,       68.3,    180.955,     323.285,    322.436,
   29,       70.8,    180.970,     325.745,    325.677,
   30,       73.3,    180.899,     329.743,    328.778,
   31,       75.8,    180.988,     332.066,    331.744,
   32,       78.3,    180.865,     336.162,    334.579,
   33,       80.8,    180.992,     337.308,    337.287,
   34,       83.3,    180.992,     339.794,    339.872,
   35,       85.8,    181.041,     342.741,    342.337,
   36,       88.3,    180.947,     343.747,    344.686,
   37,       90.8,    181.041,     346.331,    346.924,
   38,       93.3,    180.977,     348.663,    349.054,
   39,       95.8,    181.026,     351.331,    351.080,
   40,       98.3,    180.925,     353.462,    353.005,
   41,      100.8,    180.973,     355.025,    354.834,
   42,      103.3,    181.022,     356.034,    356.569,
   43,      105.8,    180.944,     357.570,    358.215,
   44,      108.3,    181.007,     359.378,    359.774,
   45,      110.8,    181.044,     360.685,    361.250,
   46,      113.3,    181.044,     362.894,    362.646,
   47,      115.8,    181.063,     363.133,    363.965,
   48,      118.3,    180.970,     364.978,    365.212,
   49,      120.8,    181.000,     366.575,    366.387,
   50,      123.3,    181.063,     367.551,    367.495,
   51,      125.8,    180.951,     367.226,    368.538,
   52,      128.3,    181.003,     368.778,    369.518,
   53,      130.8,    180.940,     370.289,    370.439,
   54,      133.3,    180.940,     372.776,    371.303,
   55,      135.8,    180.985,     371.026,    372.112,
   56,      138.3,    181.000,     373.482,    372.869,
   57,      140.8,    181.037,     373.128,    373.574,
   58,      143.3,    181.029,     373.972,    374.233,
   59,      145.8,    181.052,     374.202,    374.845,
   60,      148.3,    181.037,     374.233,    375.413,
   61,      150.8,    181.029,     376.458,    375.940,
   62,      153.3,    181.029,     375.906,    376.427,
   63,      155.8,    181.048,     376.695,    376.875,
   64,      158.3,    180.970,     377.411,    377.288,
   65,      160.8,    180.981,     378.217,    377.666,
   66,      163.3,    180.981,     378.493,    378.010,
   67,      165.8,    180.985,     380.143,    378.323,
   68,      168.3,    181.063,     378.321,    378.605,
   69,      170.8,    180.947,     379.945,    378.859,
   70,      175.8,    180.028,     381.153,    380.941,
----,
DateTime:        , 2025/11/20, 12:25:32, 1763655931911,
RFID_EPC:        ,--Not Acquired--,
RFID_UserData:   ,--Not Acquired--,
Barcode:         ,--Not Acquired--,
PIF:,            0.00,
PARs:,            0.0,     0.0,     0.0,     0.0,     0.0,     0.0,
Light:,           0.0,     0.0,     0.0,     0.0,     0.0,     0.0,
Cycles:,            1,
                    1,      69,      70,      70,
Lamps:,        #10000,
Gain:,              2,     100, 
SNR_raw:,     191.61,
Position:,        0.0,              0.0,   NoData,
DataPt,      Time(us),   EX,         EM,       Fit,
==========,==========,==========,==========,=========,
    0,        0.0,      0.000,       0.000,    173.229,
    1,        0.8,    162.125,     174.249,    179.033,
    2,        3.3,    180.673,     185.374,    185.585,
    3,        5.8,    180.695,     195.357,    192.198,
    4,        8.3,    180.639,     202.060,    198.829,
    5,       10.8,    180.676,     207.000,    205.445,
    6,       13.3,    180.777,     212.416,    212.017,
    7,       15.8,    180.729,     217.453,    218.516,
    8,       18.3,    180.796,     223.733,    224.925,
    9,       20.8,    180.837,     228.936,    231.224,
   10,       23.3,    180.975,     235.115,    237.402,
   11,       25.8,    180.829,     241.664,    243.441,
   12,       28.3,    180.912,     247.358,    249.336,
   13,       30.8,    180.878,     253.486,    255.078,
   14,       33.3,    180.841,     257.962,    260.661,
   15,       35.8,    180.818,     264.354,    266.082,
   16,       38.3,    180.882,     270.066,    271.339,
   17,       40.8,    180.792,     276.284,    276.429,
   18,       43.3,    180.837,     282.299,    281.353,
   19,       45.8,    180.956,     285.980,    286.112,
   20,       48.3,    180.971,     291.206,    290.706,
   21,       50.8,    181.061,     296.033,    295.136,
   22,       53.3,    180.990,     300.293,    299.404,
   23,       55.8,    180.975,     304.185,    303.513,
   24,       58.3,    180.934,     307.571,    307.464,
   25,       60.8,    180.998,     311.606,    311.262,
   26,       63.3,    180.942,     316.953,    314.909,
   27,       65.8,    180.912,     320.322,    318.409,
   28,       68.3,    180.904,     322.270,    321.766,
   29,       70.8,    180.979,     326.557,    324.984,
   30,       73.3,    180.897,     330.575,    328.066,
   31,       75.8,    181.027,     333.375,    331.016,
   32,       78.3,    180.994,     334.266,    333.838,
   33,       80.8,    180.979,     338.161,    336.537,
   34,       83.3,    181.024,     339.735,    339.116,
   35,       85.8,    181.076,     342.122,    341.578,
   36,       88.3,    180.960,     345.104,    343.928,
   37,       90.8,    181.001,     346.959,    346.170,
   38,       93.3,    180.986,     347.264,    348.307,
   39,       95.8,    180.923,     350.149,    350.343,
   40,       98.3,    180.927,     351.524,    352.281,
   41,      100.8,    180.893,     354.077,    354.126,
   42,      103.3,    181.042,     355.442,    355.880,
   43,      105.8,    181.001,     357.180,    357.546,
   44,      108.3,    180.994,     358.300,    359.130,
   45,      110.8,    180.986,     359.419,    360.632,
   46,      113.3,    181.061,     361.756,    362.057,
   47,      115.8,    180.979,     362.750,    363.408,
   48,      118.3,    181.083,     363.921,    364.686,
   49,      120.8,    180.979,     366.065,    365.897,
   50,      123.3,    181.012,     365.721,    367.042,
   51,      125.8,    180.927,     367.000,    368.124,
   52,      128.3,    180.956,     370.531,    369.145,
   53,      130.8,    181.027,     369.005,    370.107,
   54,      133.3,    180.983,     370.478,    371.013,
   55,      135.8,    181.054,     371.437,    371.866,
   56,      138.3,    181.009,     372.358,    372.668,
   57,      140.8,    181.046,     372.281,    373.421,
   58,      143.3,    181.046,     373.386,    374.126,
   59,      145.8,    180.938,     375.267,    374.788,
   60,      148.3,    180.953,     376.065,    375.407,
   61,      150.8,    181.050,     374.759,    375.983,
   62,      153.3,    180.915,     376.695,    376.521,
   63,      155.8,    181.009,     376.777,    377.020,
   64,      158.3,    180.983,     376.556,    377.484,
   65,      160.8,    180.983,     378.213,    377.913,
   66,      163.3,    181.039,     378.648,    378.308,
   67,      165.8,    180.979,     379.879,    378.673,
   68,      168.3,    181.117,     379.589,    379.006,
   69,      170.8,    181.016,     380.353,    379.312,
   70,      175.8,    180.015,     381.845,    381.552,
----,
DateTime:        , 2025/11/20, 12:25:40, 1763655940655,
RFID_EPC:        ,--Not Acquired--,
RFID_UserData:   ,--Not Acquired--,
Barcode:         ,--Not Acquired--,
PIF:,            0.00,
PARs:,            0.0,     0.0,     0.0,     0.0,     0.0,     0.0,
Light:,           0.0,     0.0,     0.0,     0.0,     0.0,     0.0,
Cycles:,            1,
                    1,      69,      70,      70,
Lamps:,        #10000,
Gain:,              2,     100, 
SNR_raw:,     205.57,
Position:,        0.0,              0.0,   NoData,
DataPt,      Time(us),   EX,         EM,       Fit,
==========,==========,==========,==========,=========,
    0,        0.0,      0.000,       0.000,    171.876,
    1,        0.8,    162.026,     172.812,    178.017,
    2,        3.3,    180.660,     185.284,    184.860,
    3,        5.8,    180.690,     196.469,    191.684,
    4,        8.3,    180.757,     201.098,    198.466,
    5,       10.8,    180.664,     206.461,    205.180,
    6,       13.3,    180.772,     212.698,    211.815,
    7,       15.8,    180.791,     219.314,    218.353,
    8,       18.3,    180.862,     224.481,    224.783,
    9,       20.8,    180.858,     229.185,    231.090,
   10,       23.3,    180.866,     235.810,    237.267,
   11,       25.8,    180.843,     242.199,    243.304,
   12,       28.3,    180.806,     247.226,    249.195,
   13,       30.8,    180.840,     253.816,    254.937,
   14,       33.3,    180.899,     259.260,    260.526,
   15,       35.8,    180.828,     264.063,    265.956,
   16,       38.3,    180.907,     270.305,    271.229,
   17,       40.8,    180.937,     275.234,    276.341,
   18,       43.3,    180.888,     281.942,    281.292,
   19,       45.8,    180.918,     285.765,    286.082,
   20,       48.3,    180.884,     290.794,    290.710,
   21,       50.8,    180.955,     296.482,    295.180,
   22,       53.3,    180.933,     299.835,    299.492,
   23,       55.8,    180.952,     304.778,    303.647,
   24,       58.3,    180.836,     309.397,    307.646,
   25,       60.8,    180.925,     313.665,    311.495,
   26,       63.3,    180.944,     316.396,    315.195,
   27,       65.8,    180.929,     320.567,    318.748,
   28,       68.3,    180.929,     323.331,    322.158,
   29,       70.8,    180.959,     326.593,    325.429,
   30,       73.3,    181.034,     328.668,    328.564,
   31,       75.8,    180.933,     332.996,    331.564,
   32,       78.3,    181.008,     334.793,    334.436,
   33,       80.8,    181.000,     338.674,    337.181,
   34,       83.3,    180.952,     341.528,    339.804,
   35,       85.8,    180.955,     342.902,    342.307,
   36,       88.3,    180.974,     345.077,    344.695,
   37,       90.8,    180.996,     347.521,    346.972,
   38,       93.3,    180.970,     349.781,    349.141,
   39,       95.8,    180.974,     350.879,    351.205,
   40,       98.3,    181.026,     352.987,    353.169,
   41,      100.8,    180.993,     354.434,    355.035,
   42,      103.3,    180.967,     357.248,    356.807,
   43,      105.8,    181.000,     359.116,    358.489,
   44,      108.3,    181.023,     360.452,    360.084,
   45,      110.8,    180.978,     360.542,    361.594,
   46,      113.3,    181.038,     362.356,    363.024,
   47,      115.8,    181.008,     363.521,    364.377,
   48,      118.3,    180.933,     363.947,    365.654,
   49,      120.8,    180.937,     365.321,    366.860,
   50,      123.3,    181.026,     367.626,    367.997,
   51,      125.8,    181.060,     366.729,    369.068,
   52,      128.3,    181.008,     368.769,    370.076,
   53,      130.8,    181.049,     370.066,    371.023,
   54,      133.3,    181.045,     370.350,    371.912,
   55,      135.8,    181.052,     371.715,    372.746,
   56,      138.3,    181.008,     372.636,    373.526,
   57,      140.8,    180.993,     373.772,    374.255,
   58,      143.3,    180.967,     373.826,    374.935,
   59,      145.8,    180.978,     374.908,    375.568,
   60,      148.3,    180.996,     377.356,    376.157,
   61,      150.8,    181.011,     376.219,    376.704,
   62,      153.3,    181.071,     377.200,    377.209,
   63,      155.8,    181.049,     378.075,    377.676,
   64,      158.3,    181.071,     378.581,    378.105,
   65,      160.8,    181.086,     377.997,    378.499,
   66,      163.3,    180.985,     379.036,    378.860,
   67,      165.8,    181.041,     379.472,    379.188,
   68,      168.3,    181.023,     381.444,    379.485,
   69,      170.8,    181.026,     381.160,    379.753,
   70,      175.8,    179.898,     380.579,    380.439,
----,
DateTime:        , 2025/11/20, 12:25:49, 1763655949354,
RFID_EPC:        ,--Not Acquired--,
RFID_UserData:   ,--Not Acquired--,
Barcode:         ,--Not Acquired--,
PIF:,            0.00,
PARs:,            0.0,     0.0,     0.0,     0.0,     0.0,     0.0,
Light:,           0.0,     0.0,     0.0,     0.0,     0.0,     0.0,
Cycles:,            1,
                    1,      69,      70,      70,
Lamps:,        #10000,
Gain:,              2,     100, 
SNR_raw:,     175.89,
Position:,        0.0,              0.0,   NoData,
DataPt,      Time(us),   EX,         EM,       Fit,
==========,==========,==========,==========,=========,
    0,        0.0,      0.000,       0.000,    171.120,
    1,        0.8,    162.057,     175.247,    177.539,
    2,        3.3,    180.688,     187.358,    184.697,
    3,        5.8,    180.602,     198.225,    191.827,
    4,        8.3,    180.696,     203.657,    198.901,
    5,       10.8,    180.767,     208.279,    205.888,
    6,       13.3,    180.778,     213.522,    212.764,
    7,       15.8,    180.871,     220.046,    219.512,
    8,       18.3,    180.756,     223.783,    226.111,
    9,       20.8,    180.965,     229.603,    232.561,
   10,       23.3,    180.856,     235.546,    238.842,
   11,       25.8,    180.856,     241.905,    244.952,
   12,       28.3,    180.860,     247.982,    250.888,
   13,       30.8,    180.883,     253.479,    256.646,
   14,       33.3,    180.767,     260.280,    262.222,
   15,       35.8,    180.868,     265.387,    267.620,
   16,       38.3,    180.894,     270.877,    272.841,
   17,       40.8,    180.942,     276.055,    277.885,
   18,       43.3,    180.961,     280.447,    282.755,
   19,       45.8,    180.972,     285.403,    287.452,
   20,       48.3,    180.980,     292.022,    291.979,
   21,       50.8,    180.983,     296.436,    296.339,
   22,       53.3,    180.946,     301.195,    300.536,
   23,       55.8,    180.931,     305.917,    304.573,
   24,       58.3,    180.920,     310.358,    308.454,
   25,       60.8,    180.898,     312.884,    312.183,
   26,       63.3,    181.025,     318.465,    315.767,
   27,       65.8,    181.002,     321.267,    319.207,
   28,       68.3,    181.013,     323.181,    322.508,
   29,       70.8,    180.995,     325.700,    325.673,
   30,       73.3,    180.998,     329.837,    328.708,
   31,       75.8,    180.935,     332.716,    331.615,
   32,       78.3,    181.013,     333.401,    334.400,
   33,       80.8,    180.969,     337.351,    337.065,
   34,       83.3,    180.995,     340.894,    339.616,
   35,       85.8,    180.987,     342.842,    342.055,
   36,       88.3,    180.957,     344.556,    344.387,
   37,       90.8,    180.905,     349.078,    346.615,
   38,       93.3,    181.021,     348.855,    348.744,
   39,       95.8,    180.972,     350.606,    350.776,
   40,       98.3,    181.025,     352.438,    352.715,
   41,      100.8,    180.950,     354.242,    354.564,
   42,      103.3,    180.995,     354.707,    356.326,
   43,      105.8,    180.995,     357.745,    358.006,
   44,      108.3,    180.995,     358.298,    359.605,
   45,      110.8,    180.946,     361.434,    361.127,
   46,      113.3,    180.991,     362.173,    362.575,
   47,      115.8,    180.901,     363.458,    363.951,
   48,      118.3,    181.062,     363.688,    365.258,
   49,      120.8,    181.006,     364.905,    366.500,
   50,      123.3,    181.073,     367.255,    367.678,
   51,      125.8,    180.995,     367.690,    368.795,
   52,      128.3,    181.006,     370.154,    369.853,
   53,      130.8,    181.047,     371.174,    370.855,
   54,      133.3,    181.081,     371.382,    371.802,
   55,      135.8,    180.991,     372.671,    372.698,
   56,      138.3,    180.931,     371.965,    373.544,
   57,      140.8,    180.950,     374.689,    374.342,
   58,      143.3,    180.931,     375.004,    375.094,
   59,      145.8,    180.998,     374.865,    375.801,
   60,      148.3,    180.998,     376.523,    376.467,
   61,      150.8,    180.983,     376.277,    377.091,
   62,      153.3,    180.980,     377.114,    377.677,
   63,      155.8,    181.036,     377.826,    378.225,
   64,      158.3,    181.002,     379.554,    378.738,
   65,      160.8,    181.073,     379.405,    379.216,
   66,      163.3,    180.905,     380.034,    379.662,
   67,      165.8,    180.980,     380.153,    380.076,
   68,      168.3,    181.032,     380.596,    380.460,
   69,      170.8,    180.991,     381.235,    380.815,
   70,      175.8,    179.867,     381.948,    381.941,
----,
DateTime:        , 2025/11/20, 12:25:58, 1763655958062,
RFID_EPC:        ,--Not Acquired--,
RFID_UserData:   ,--Not Acquired--,
Barcode:         ,--Not Acquired--,
PIF:,            0.00,
PARs:,            0.0,     0.0,     0.0,     0.0,     0.0,     0.0,
Light:,           0.0,     0.0,     0.0,     0.0,     0.0,     0.0,
Cycles:,            1,
                    1,      69,      70,      70,
Lamps:,        #10000,
Gain:,              2,     100, 
SNR_raw:,     174.20,
Position:,        0.0,              0.0,   NoData,
DataPt,      Time(us),   EX,         EM,       Fit,
==========,==========,==========,==========,=========,
    0,        0.0,      0.000,       0.000,    175.451,
    1,        0.8,    162.025,     176.825,    181.161,
    2,        3.3,    180.635,     187.895,    187.618,
    3,        5.8,    180.721,     197.819,    194.147,
    4,        8.3,    180.668,     203.965,    200.703,
    5,       10.8,    180.814,     209.884,    207.255,
    6,       13.3,    180.829,     214.567,    213.770,
    7,       15.8,    180.844,     220.632,    220.224,
    8,       18.3,    180.751,     225.725,    226.591,
    9,       20.8,    180.762,     231.244,    232.857,
   10,       23.3,    180.799,     237.003,    239.007,
   11,       25.8,    180.840,     243.309,    245.030,
   12,       28.3,    180.855,     249.371,    250.914,
   13,       30.8,    180.911,     254.545,    256.653,
   14,       33.3,    180.870,     260.961,    262.239,
   15,       35.8,    180.963,     265.523,    267.669,
   16,       38.3,    180.851,     273.152,    272.936,
   17,       40.8,    180.948,     277.980,    278.042,
   18,       43.3,    180.915,     282.453,    282.982,
   19,       45.8,    180.892,     288.293,    287.757,
   20,       48.3,    180.963,     291.772,    292.368,
   21,       50.8,    180.919,     296.819,    296.815,
   22,       53.3,    180.866,     301.328,    301.099,
   23,       55.8,    180.945,     306.723,    305.223,
   24,       58.3,    181.008,     309.931,    309.190,
   25,       60.8,    181.016,     313.232,    313.001,
   26,       63.3,    180.990,     318.527,    316.660,
   27,       65.8,    180.975,     320.763,    320.169,
   28,       68.3,    180.930,     323.606,    323.531,
   29,       70.8,    180.975,     327.394,    326.752,
   30,       73.3,    180.967,     330.999,    329.834,
   31,       75.8,    180.915,     333.306,    332.780,
   32,       78.3,    180.941,     336.850,    335.596,
   33,       80.8,    180.952,     339.592,    338.284,
   34,       83.3,    180.952,     342.356,    340.849,
   35,       85.8,    181.046,     344.112,    343.294,
   36,       88.3,    181.057,     346.300,    345.624,
   37,       90.8,    181.053,     347.412,    347.843,
   38,       93.3,    181.012,     350.253,    349.953,
   39,       95.8,    181.031,     351.322,    351.959,
   40,       98.3,    180.922,     353.190,    353.865,
   41,      100.8,    180.911,     354.594,    355.673,
   42,      103.3,    180.915,     355.969,    357.389,
   43,      105.8,    181.012,     358.264,    359.015,
   44,      108.3,    180.948,     358.942,    360.554,
   45,      110.8,    180.937,     360.622,    362.011,
   46,      113.3,    181.068,     363.952,    363.388,
   47,      115.8,    181.057,     364.250,    364.689,
   48,      118.3,    181.053,     365.363,    365.917,
   49,      120.8,    180.978,     366.066,    367.074,
   50,      123.3,    181.053,     367.019,    368.164,
   51,      125.8,    181.057,     367.288,    369.189,
   52,      128.3,    180.971,     369.120,    370.153,
   53,      130.8,    180.907,     368.973,    371.058,
   54,      133.3,    180.915,     372.827,    371.906,
   55,      135.8,    180.963,     373.004,    372.700,
   56,      138.3,    181.031,     372.589,    373.441,
   57,      140.8,    181.057,     373.364,    374.133,
   58,      143.3,    180.952,     374.961,    374.778,
   59,      145.8,    181.031,     374.246,    375.378,
   60,      148.3,    181.053,     376.133,    375.934,
   61,      150.8,    181.042,     375.880,    376.449,
   62,      153.3,    181.023,     377.852,    376.925,
   63,      155.8,    180.952,     377.171,    377.364,
   64,      158.3,    180.982,     378.214,    377.767,
   65,      160.8,    181.034,     380.314,    378.136,
   66,      163.3,    180.952,     378.277,    378.472,
   67,      165.8,    181.008,     378.160,    378.777,
   68,      168.3,    181.057,     381.096,    379.053,
   69,      170.8,    181.042,     381.956,    379.300,
   70,      175.8,    179.910,     380.864,    380.771,
----,
DateTime:        , 2025/11/20, 12:26:06, 1763655966753,
RFID_EPC:        ,--Not Acquired--,
RFID_UserData:   ,--Not Acquired--,
Barcode:         ,--Not Acquired--,
PIF:,            0.00,
PARs:,            0.0,     0.0,     0.0,     0.0,     0.0,     0.0,
Light:,           0.0,     0.0,     0.0,     0.0,     0.0,     0.0,
Cycles:,            1,
                    1,      69,      70,      70,
Lamps:,        #10000,
Gain:,              2,     100, 
SNR_raw:,     204.20,
Position:,        0.0,              0.0,   NoData,
DataPt,      Time(us),   EX,         EM,       Fit,
==========,==========,==========,==========,=========,
    0,        0.0,      0.000,       0.000,    172.609,
    1,        0.8,    162.126,     174.247,    178.388,
    2,        3.3,    180.662,     186.145,    184.975,
    3,        5.8,    180.618,     196.825,    191.674,
    4,        8.3,    180.640,     202.890,    198.429,
    5,       10.8,    180.700,     207.250,    205.191,
    6,       13.3,    180.722,     214.141,    211.918,
    7,       15.8,    180.771,     218.509,    218.578,
    8,       18.3,    180.793,     224.566,    225.145,
    9,       20.8,    180.823,     230.059,    231.598,
   10,       23.3,    180.879,     234.964,    237.919,
   11,       25.8,    180.857,     241.904,    244.094,
   12,       28.3,    180.924,     248.723,    250.114,
   13,       30.8,    180.864,     253.505,    255.970,
   14,       33.3,    180.827,     259.917,    261.657,
   15,       35.8,    180.909,     265.880,    267.173,
   16,       38.3,    180.849,     272.050,    272.513,
   17,       40.8,    180.890,     276.687,    277.678,
   18,       43.3,    180.845,     282.009,    282.667,
   19,       45.8,    180.954,     286.814,    287.483,
   20,       48.3,    180.879,     291.631,    292.126,
   21,       50.8,    180.965,     297.571,    296.599,
   22,       53.3,    181.040,     301.315,    300.906,
   23,       55.8,    180.987,     304.994,    305.047,
   24,       58.3,    180.965,     310.005,    309.027,
   25,       60.8,    180.957,     314.439,    312.850,
   26,       63.3,    180.961,     316.366,    316.518,
   27,       65.8,    180.935,     320.281,    320.037,
   28,       68.3,    180.901,     325.039,    323.410,
   29,       70.8,    180.939,     328.011,    326.642,
   30,       73.3,    180.939,     330.499,    329.736,
   31,       75.8,    180.984,     333.179,    332.697,
   32,       78.3,    181.036,     335.845,    335.529,
   33,       80.8,    180.920,     338.547,    338.236,
   34,       83.3,    181.062,     341.319,    340.823,
   35,       85.8,    181.002,     342.813,    343.293,
   36,       88.3,    180.898,     345.776,    345.650,
   37,       90.8,    180.965,     347.581,    347.898,
   38,       93.3,    180.905,     349.907,    350.041,
   39,       95.8,    180.999,     352.213,    352.083,
   40,       98.3,    180.957,     354.227,    354.027,
   41,      100.8,    181.006,     357.170,    355.877,
   42,      103.3,    181.010,     358.268,    357.637,
   43,      105.8,    181.040,     359.037,    359.310,
   44,      108.3,    181.040,     360.142,    360.899,
   45,      110.8,    181.017,     362.396,    362.408,
   46,      113.3,    181.010,     363.240,    363.839,
   47,      115.8,    180.972,     364.696,    365.196,
   48,      118.3,    180.957,     366.108,    366.482,
   49,      120.8,    181.028,     366.793,    367.698,
   50,      123.3,    180.987,     368.258,    368.849,
   51,      125.8,    180.920,     369.224,    369.938,
   52,      128.3,    181.062,     370.039,    370.964,
   53,      130.8,    180.999,     370.721,    371.933,
   54,      133.3,    181.047,     372.831,    372.846,
   55,      135.8,    181.032,     373.138,    373.705,
   56,      138.3,    180.957,     373.016,    374.514,
   57,      140.8,    180.980,     375.180,    375.273,
   58,      143.3,    181.006,     376.507,    375.986,
   59,      145.8,    181.002,     375.962,    376.653,
   60,      148.3,    180.984,     377.935,    377.277,
   61,      150.8,    180.935,     377.760,    377.860,
   62,      153.3,    180.987,     380.690,    378.403,
   63,      155.8,    181.010,     380.366,    378.908,
   64,      158.3,    181.081,     380.493,    379.376,
   65,      160.8,    181.025,     378.678,    379.810,
   66,      163.3,    181.092,     380.194,    380.211,
   67,      165.8,    181.051,     380.280,    380.580,
   68,      168.3,    181.118,     381.795,    380.919,
   69,      170.8,    181.025,     381.992,    381.230,
   70,      175.8,    179.971,     383.393,    383.284,
----,
DateTime:        , 2025/11/20, 12:26:15, 1763655975458,
RFID_EPC:        ,--Not Acquired--,
RFID_UserData:   ,--Not Acquired--,
Barcode:         ,--Not Acquired--,
PIF:,            0.00,
PARs:,            0.0,     0.0,     0.0,     0.0,     0.0,     0.0,
Light:,           0.0,     0.0,     0.0,     0.0,     0.0,     0.0,
Cycles:,            1,
                    1,      69,      70,      70,
Lamps:,        #10000,
Gain:,              2,     100, 
SNR_raw:,     174.90,
Position:,        0.0,              0.0,   NoData,
DataPt,      Time(us),   EX,         EM,       Fit,
==========,==========,==========,==========,=========,
    0,        0.0,      0.000,       0.000,    173.030,
    1,        0.8,    162.006,     174.685,    179.247,
    2,        3.3,    180.584,     186.634,    186.196,
    3,        5.8,    180.644,     197.350,    193.144,
    4,        8.3,    180.644,     203.993,    200.057,
    5,       10.8,    180.752,     209.680,    206.912,
    6,       13.3,    180.793,     214.057,    213.684,
    7,       15.8,    180.886,     220.581,    220.355,
    8,       18.3,    180.797,     226.221,    226.904,
    9,       20.8,    180.842,     231.142,    233.322,
   10,       23.3,    180.946,     235.706,    239.601,
   11,       25.8,    180.845,     243.578,    245.726,
   12,       28.3,    180.804,     250.824,    251.692,
   13,       30.8,    180.789,     256.099,    257.496,
   14,       33.3,    180.853,     261.815,    263.135,
   15,       35.8,    180.819,     267.118,    268.604,
   16,       38.3,    180.905,     273.624,    273.905,
   17,       40.8,    180.905,     279.152,    279.036,
   18,       43.3,    180.894,     284.145,    283.996,
   19,       45.8,    181.043,     289.710,    288.789,
   20,       48.3,    181.013,     293.901,    293.413,
   21,       50.8,    180.976,     298.106,    297.870,
   22,       53.3,    180.946,     303.129,    302.162,
   23,       55.8,    180.935,     308.398,    306.292,
   24,       58.3,    180.912,     310.647,    310.262,
   25,       60.8,    180.954,     315.551,    314.078,
   26,       63.3,    180.890,     318.978,    317.740,
   27,       65.8,    180.845,     322.099,    321.253,
   28,       68.3,    180.969,     325.195,    324.623,
   29,       70.8,    180.965,     329.622,    327.851,
   30,       73.3,    181.021,     332.006,    330.942,
   31,       75.8,    180.972,     335.411,    333.899,
   32,       78.3,    181.002,     337.565,    336.726,
   33,       80.8,    180.987,     339.527,    339.427,
   34,       83.3,    180.950,     342.360,    342.007,
   35,       85.8,    180.995,     344.485,    344.468,
   36,       88.3,    180.931,     347.370,    346.815,
   37,       90.8,    180.912,     349.893,    349.051,
   38,       93.3,    180.995,     351.392,    351.181,
   39,       95.8,    181.036,     352.969,    353.209,
   40,       98.3,    180.998,     354.976,    355.138,
   41,      100.8,    180.969,     355.587,    356.971,
   42,      103.3,    181.021,     357.970,    358.712,
   43,      105.8,    181.021,     360.180,    360.365,
   44,      108.3,    181.013,     360.194,    361.932,
   45,      110.8,    180.935,     362.009,    363.418,
   46,      113.3,    180.972,     363.868,    364.824,
   47,      115.8,    181.002,     365.189,    366.156,
   48,      118.3,    180.980,     366.063,    367.414,
   49,      120.8,    181.013,     368.757,    368.604,
   50,      123.3,    181.006,     370.154,    369.726,
   51,      125.8,    181.092,     368.874,    370.785,
   52,      128.3,    181.051,     369.786,    371.782,
   53,      130.8,    181.017,     370.407,    372.720,
   54,      133.3,    181.054,     371.159,    373.603,
   55,      135.8,    180.969,     373.546,    374.431,
   56,      138.3,    180.980,     373.523,    375.208,
   57,      140.8,    180.998,     374.865,    375.935,
   58,      143.3,    181.013,     376.768,    376.615,
   59,      145.8,    180.898,     378.115,    377.250,
   60,      148.3,    181.028,     378.394,    377.842,
   61,      150.8,    181.010,     378.157,    378.393,
   62,      153.3,    181.073,     380.509,    378.904,
   63,      155.8,    181.043,     379.744,    379.378,
   64,      158.3,    181.028,     381.156,    379.816,
   65,      160.8,    181.073,     380.233,    380.220,
   66,      163.3,    181.110,     382.639,    380.591,
   67,      165.8,    181.025,     381.992,    380.931,
   68,      168.3,    180.935,     383.563,    381.241,
   69,      170.8,    180.976,     382.371,    381.523,
   70,      175.8,    179.941,     382.186,    382.210,
----,
DateTime:        , 2025/11/20, 12:26:24, 1763655984144,
RFID_EPC:        ,--Not Acquired--,
RFID_UserData:   ,--Not Acquired--,
Barcode:         ,--Not Acquired--,
PIF:,            0.00,
PARs:,            0.0,     0.0,     0.0,     0.0,     0.0,     0.0,
Light:,           0.0,     0.0,     0.0,     0.0,     0.0,     0.0,
Cycles:,            1,
                    1,      69,      70,      70,
Lamps:,        #10000,
Gain:,              2,     100, 
SNR_raw:,     215.61,
Position:,        0.0,              0.0,   NoData,
DataPt,      Time(us),   EX,         EM,       Fit,
==========,==========,==========,==========,=========,
    0,        0.0,      0.000,       0.000,    175.026,
    1,        0.8,    162.116,     175.492,    180.720,
    2,        3.3,    180.689,     186.817,    187.200,
    3,        5.8,    180.734,     196.975,    193.786,
    4,        8.3,    180.700,     204.759,    200.422,
    5,       10.8,    180.760,     209.117,    207.070,
    6,       13.3,    180.741,     215.502,    213.689,
    7,       15.8,    180.741,     221.588,    220.249,
    8,       18.3,    180.730,     226.581,    226.727,
    9,       20.8,    180.778,     232.052,    233.102,
   10,       23.3,    180.767,     237.322,    239.356,
   11,       25.8,    180.827,     243.603,    245.477,
   12,       28.3,    180.823,     249.138,    251.454,
   13,       30.8,    180.920,     255.361,    257.280,
   14,       33.3,    180.946,     260.851,    262.947,
   15,       35.8,    180.943,     266.659,    268.449,
   16,       38.3,    180.924,     272.490,    273.784,
   17,       40.8,    180.842,     277.591,    278.948,
   18,       43.3,    180.917,     283.280,    283.943,
   19,       45.8,    180.838,     288.380,    288.766,
   20,       48.3,    180.939,     294.575,    293.421,
   21,       50.8,    180.875,     298.548,    297.907,
   22,       53.3,    180.946,     302.852,    302.228,
   23,       55.8,    180.943,     307.003,    306.385,
   24,       58.3,    180.946,     310.866,    310.381,
   25,       60.8,    180.954,     314.997,    314.220,
   26,       63.3,    180.991,     318.800,    317.904,
   27,       65.8,    180.958,     322.175,    321.436,
   28,       68.3,    181.002,     326.791,    324.822,
   29,       70.8,    180.965,     329.345,    328.064,
   30,       73.3,    180.973,     332.095,    331.167,
   31,       75.8,    180.928,     334.664,    334.133,
   32,       78.3,    180.943,     338.505,    336.968,
   33,       80.8,    181.070,     340.477,    339.676,
   34,       83.3,    181.006,     341.701,    342.260,
   35,       85.8,    181.077,     344.881,    344.725,
   36,       88.3,    181.006,     347.226,    347.074,
   37,       90.8,    181.073,     349.306,    349.312,
   38,       93.3,    181.058,     349.887,    351.441,
   39,       95.8,    180.954,     352.852,    353.467,
   40,       98.3,    180.965,     356.422,    355.393,
   41,      100.8,    180.976,     357.505,    357.222,
   42,      103.3,    180.961,     359.193,    358.958,
   43,      105.8,    180.995,     360.784,    360.604,
   44,      108.3,    181.070,     361.187,    362.164,
   45,      110.8,    180.980,     363.300,    363.642,
   46,      113.3,    181.040,     363.456,    365.040,
   47,      115.8,    181.070,     366.157,    366.362,
   48,      118.3,    181.017,     367.368,    367.611,
   49,      120.8,    180.969,     367.743,    368.790,
   50,      123.3,    180.973,     369.669,    369.901,
   51,      125.8,    180.946,     370.552,    370.948,
   52,      128.3,    180.950,     372.202,    371.933,
   53,      130.8,    181.025,     373.429,    372.858,
   54,      133.3,    180.905,     373.123,    373.727,
   55,      135.8,    181.025,     374.258,    374.541,
   56,      138.3,    181.010,     374.289,    375.303,
   57,      140.8,    181.085,     374.687,    376.014,
   58,      143.3,    181.002,     374.581,    376.679,
   59,      145.8,    180.995,     375.977,    377.298,
   60,      148.3,    181.047,     375.869,    377.873,
   61,      150.8,    180.958,     378.818,    378.408,
   62,      153.3,    180.939,     378.581,    378.902,
   63,      155.8,    180.965,     380.460,    379.359,
   64,      158.3,    180.965,     379.631,    379.779,
   65,      160.8,    181.021,     380.895,    380.164,
   66,      163.3,    181.002,     380.658,    380.516,
   67,      165.8,    180.958,     382.410,    380.837,
   68,      168.3,    181.025,     382.820,    381.127,
   69,      170.8,    181.014,     383.673,    381.389,
   70,      175.8,    180.005,     383.368,    383.214,
----,
DateTime:        , 2025/11/20, 12:26:33, 1763655992854,
RFID_EPC:        ,--Not Acquired--,
RFID_UserData:   ,--Not Acquired--,
Barcode:         ,--Not Acquired--,
PIF:,            0.00,
PARs:,            0.0,     0.0,     0.0,     0.0,     0.0,     0.0,
Light:,           0.0,     0.0,     0.0,     0.0,     0.0,     0.0,
Cycles:,            1,
                    1,      69,      70,      70,
Lamps:,        #10000,
Gain:,              2,     100, 
SNR_raw:,     233.21,
Position:,        0.0,              0.0,   NoData,
DataPt,      Time(us),   EX,         EM,       Fit,
==========,==========,==========,==========,=========,
    0,        0.0,      0.000,       0.000,    172.853,
    1,        0.8,    162.124,     176.408,    179.316,
    2,        3.3,    180.606,     188.591,    186.512,
    3,        5.8,    180.680,     199.524,    193.680,
    4,        8.3,    180.747,     204.982,    200.787,
    5,       10.8,    180.695,     209.746,    207.800,
    6,       13.3,    180.688,     215.289,    214.697,
    7,       15.8,    180.815,     220.115,    221.466,
    8,       18.3,    180.744,     226.841,    228.086,
    9,       20.8,    180.796,     231.753,    234.549,
   10,       23.3,    180.882,     237.724,    240.848,
   11,       25.8,    180.856,     243.288,    246.975,
   12,       28.3,    180.893,     250.148,    252.926,
   13,       30.8,    180.867,     255.713,    258.698,
   14,       33.3,    180.901,     262.299,    264.290,
   15,       35.8,    180.901,     267.827,    269.703,
   16,       38.3,    180.908,     274.172,    274.935,
   17,       40.8,    180.860,     278.669,    279.988,
   18,       43.3,    180.949,     284.058,    284.867,
   19,       45.8,    180.871,     288.051,    289.571,
   20,       48.3,    180.964,     292.876,    294.106,
   21,       50.8,    180.833,     298.341,    298.471,
   22,       53.3,    180.953,     302.841,    302.674,
   23,       55.8,    180.908,     306.233,    306.716,
   24,       58.3,    180.949,     311.137,    310.602,
   25,       60.8,    180.983,     314.671,    314.336,
   26,       63.3,    181.013,     319.038,    317.922,
   27,       65.8,    180.942,     323.032,    321.363,
   28,       68.3,    180.983,     324.893,    324.664,
   29,       70.8,    180.923,     329.422,    327.828,
   30,       73.3,    180.927,     333.008,    330.860,
   31,       75.8,    180.998,     336.468,    333.765,
   32,       78.3,    180.964,     337.360,    336.546,
   33,       80.8,    180.957,     339.860,    339.207,
   34,       83.3,    181.031,     343.311,    341.752,
   35,       85.8,    180.990,     344.494,    344.186,
   36,       88.3,    180.994,     345.592,    346.511,
   37,       90.8,    180.968,     349.233,    348.731,
   38,       93.3,    180.990,     351.400,    350.850,
   39,       95.8,    180.934,     352.891,    352.872,
   40,       98.3,    180.912,     354.316,    354.800,
   41,      100.8,    180.938,     357.581,    356.637,
   42,      103.3,    180.979,     359.158,    358.388,
   43,      105.8,    181.020,     359.905,    360.054,
   44,      108.3,    180.994,     361.062,    361.640,
   45,      110.8,    181.087,     361.704,    363.148,
   46,      113.3,    181.039,     363.458,    364.581,
   47,      115.8,    180.983,     364.952,    365.942,
   48,      118.3,    181.016,     366.265,    367.234,
   49,      120.8,    181.001,     367.400,    368.459,
   50,      123.3,    180.983,     368.820,    369.620,
   51,      125.8,    180.916,     369.786,    370.719,
   52,      128.3,    180.957,     371.636,    371.760,
   53,      130.8,    180.998,     372.933,    372.743,
   54,      133.3,    180.998,     373.209,    373.672,
   55,      135.8,    181.039,     374.782,    374.548,
   56,      138.3,    181.020,     374.268,    375.375,
   57,      140.8,    181.087,     375.233,    376.153,
   58,      143.3,    181.061,     376.944,    376.885,
   59,      145.8,    181.046,     377.528,    377.572,
   60,      148.3,    181.016,     377.866,    378.217,
   61,      150.8,    181.005,     379.271,    378.822,
   62,      153.3,    181.013,     380.913,    379.387,
   63,      155.8,    181.016,     380.076,    379.915,
   64,      158.3,    181.009,     381.197,    380.407,
   65,      160.8,    180.983,     380.699,    380.864,
   66,      163.3,    181.043,     382.507,    381.288,
   67,      165.8,    180.998,     382.325,    381.681,
   68,      168.3,    181.054,     382.759,    382.044,
   69,      170.8,    181.095,     384.329,    382.377,
   70,      175.8,    179.911,     383.419,    383.381,
----,
DateTime:        , 2025/11/20, 12:26:41, 1763656001558,
RFID_EPC:        ,--Not Acquired--,
RFID_UserData:   ,--Not Acquired--,
Barcode:         ,--Not Acquired--,
PIF:,            0.00,
PARs:,            0.0,     0.0,     0.0,     0.0,     0.0,     0.0,
Light:,           0.0,     0.0,     0.0,     0.0,     0.0,     0.0,
Cycles:,            1,
                    1,      69,      70,      70,
Lamps:,        #10000,
Gain:,              2,     100, 
SNR_raw:,     205.85,
Position:,        0.0,              0.0,   NoData,
DataPt,      Time(us),   EX,         EM,       Fit,
==========,==========,==========,==========,=========,
    0,        0.0,      0.000,       0.000,    172.840,
    1,        0.8,    162.149,     176.073,    179.428,
    2,        3.3,    180.596,     187.835,    186.690,
    3,        5.8,    180.705,     198.390,    193.864,
    4,        8.3,    180.708,     204.473,    200.930,
    5,       10.8,    180.757,     211.334,    207.878,
    6,       13.3,    180.753,     215.764,    214.695,
    7,       15.8,    180.768,     221.555,    221.373,
    8,       18.3,    180.835,     225.620,    227.907,
    9,       20.8,    180.865,     232.217,    234.290,
   10,       23.3,    180.809,     236.714,    240.513,
   11,       25.8,    180.869,     244.099,    246.579,
   12,       28.3,    180.940,     250.359,    252.483,
   13,       30.8,    180.880,     255.971,    258.220,
   14,       33.3,    180.880,     262.605,    263.791,
   15,       35.8,    180.884,     268.681,    269.195,
   16,       38.3,    180.899,     274.739,    274.434,
   17,       40.8,    180.869,     278.378,    279.505,
   18,       43.3,    180.918,     283.831,    284.413,
   19,       45.8,    180.914,     288.259,    289.156,
   20,       48.3,    180.940,     294.297,    293.739,
   21,       50.8,    180.925,     298.743,    298.161,
   22,       53.3,    180.906,     302.643,    302.425,
   23,       55.8,    181.026,     307.691,    306.536,
   24,       58.3,    180.929,     311.172,    310.492,
   25,       60.8,    180.947,     315.838,    314.300,
   26,       63.3,    180.932,     320.009,    317.960,
   27,       65.8,    180.914,     322.253,    321.477,
   28,       68.3,    180.929,     325.543,    324.854,
   29,       70.8,    180.977,     330.705,    328.095,
   30,       73.3,    181.030,     331.990,    331.203,
   31,       75.8,    181.011,     334.234,    334.181,
   32,       78.3,    180.947,     337.115,    337.032,
   33,       80.8,    180.985,     339.808,    339.760,
   34,       83.3,    180.966,     342.882,    342.369,
   35,       85.8,    180.910,     344.646,    344.861,
   36,       88.3,    180.947,     347.615,    347.241,
   37,       90.8,    180.944,     349.004,    349.513,
   38,       93.3,    181.003,     353.032,    351.680,
   39,       95.8,    180.940,     353.709,    353.744,
   40,       98.3,    180.921,     356.232,    355.710,
   41,      100.8,    180.970,     357.242,    357.581,
   42,      103.3,    181.026,     358.789,    359.361,
   43,      105.8,    181.059,     359.827,    361.052,
   44,      108.3,    181.022,     362.110,    362.658,
   45,      110.8,    181.022,     362.939,    364.182,
   46,      113.3,    181.041,     364.559,    365.626,
   47,      115.8,    180.962,     366.651,    366.994,
   48,      118.3,    180.992,     367.419,    368.288,
   49,      120.8,    180.947,     366.681,    369.511,
   50,      123.3,    180.974,     369.391,    370.667,
   51,      125.8,    181.007,     371.256,    371.757,
   52,      128.3,    181.067,     372.790,    372.786,
   53,      130.8,    180.996,     373.489,    373.754,
   54,      133.3,    181.022,     372.054,    374.664,
   55,      135.8,    181.022,     374.540,    375.519,
   56,      138.3,    181.033,     376.450,    376.321,
   57,      140.8,    181.030,     376.458,    377.072,
   58,      143.3,    181.026,     377.847,    377.775,
   59,      145.8,    180.899,     378.388,    378.430,
   60,      148.3,    180.996,     379.014,    379.042,
   61,      150.8,    180.977,     379.329,    379.610,
   62,      153.3,    180.951,     380.213,    380.137,
   63,      155.8,    181.015,     382.013,    380.626,
   64,      158.3,    181.037,     381.137,    381.078,
   65,      160.8,    181.033,     381.698,    381.493,
   66,      163.3,    181.123,     381.509,    381.875,
   67,      165.8,    181.007,     382.305,    382.224,
   68,      168.3,    181.015,     382.842,    382.542,
   69,      170.8,    180.977,     382.645,    382.830,
   70,      175.8,    179.924,     382.637,    382.719,
----,
DateTime:        , 2025/11/20, 12:26:50, 1763656010264,
RFID_EPC:        ,--Not Acquired--,
RFID_UserData:   ,--Not Acquired--,
Barcode:         ,--Not Acquired--,
PIF:,            0.00,
PARs:,            0.0,     0.0,     0.0,     0.0,     0.0,     0.0,
Light:,           0.0,     0.0,     0.0,     0.0,     0.0,     0.0,
Cycles:,            1,
                    1,      69,      70,      70,
Lamps:,        #10000,
Gain:,              2,     100, 
SNR_raw:,     194.77,
Position:,        0.0,              0.0,   NoData,
DataPt,      Time(us),   EX,         EM,       Fit,
==========,==========,==========,==========,=========,
    0,        0.0,      0.000,       0.000,    173.515,
    1,        0.8,    162.131,     174.858,    179.672,
    2,        3.3,    180.597,     188.017,    186.615,
    3,        5.8,    180.657,     199.827,    193.614,
    4,        8.3,    180.645,     203.991,    200.617,
    5,       10.8,    180.735,     209.976,    207.589,
    6,       13.3,    180.757,     216.035,    214.492,
    7,       15.8,    180.802,     221.789,    221.302,
    8,       18.3,    180.843,     228.098,    227.996,
    9,       20.8,    180.840,     232.803,    234.555,
   10,       23.3,    180.873,     238.565,    240.965,
   11,       25.8,    180.854,     243.842,    247.216,
   12,       28.3,    180.866,     250.739,    253.299,
   13,       30.8,    180.828,     257.979,    259.207,
   14,       33.3,    180.828,     262.680,    264.936,
   15,       35.8,    180.840,     268.747,    270.485,
   16,       38.3,    180.911,     274.445,    275.853,
   17,       40.8,    180.825,     278.447,    281.037,
   18,       43.3,    180.959,     284.318,    286.041,
   19,       45.8,    180.922,     289.352,    290.864,
   20,       48.3,    180.944,     294.290,    295.509,
   21,       50.8,    180.996,     301.111,    299.980,
   22,       53.3,    180.974,     304.740,    304.277,
   23,       55.8,    180.903,     310.111,    308.404,
   24,       58.3,    180.892,     312.894,    312.365,
   25,       60.8,    180.989,     317.146,    316.166,
   26,       63.3,    180.896,     322.009,    319.808,
   27,       65.8,    180.948,     324.403,    323.297,
   28,       68.3,    180.963,     326.586,    326.638,
   29,       70.8,    181.034,     331.154,    329.834,
   30,       73.3,    181.000,     334.254,    332.889,
   31,       75.8,    180.989,     335.656,    335.809,
   32,       78.3,    180.989,     338.142,    338.597,
   33,       80.8,    180.967,     342.881,    341.258,
   34,       83.3,    180.993,     344.489,    343.796,
   35,       85.8,    180.970,     346.466,    346.215,
   36,       88.3,    180.903,     349.358,    348.520,
   37,       90.8,    180.922,     351.257,    350.714,
   38,       93.3,    180.959,     351.184,    352.802,
   39,       95.8,    180.959,     355.605,    354.788,
   40,       98.3,    180.996,     356.637,    356.675,
   41,      100.8,    181.071,     358.975,    358.467,
   42,      103.3,    181.090,     359.766,    360.169,
   43,      105.8,    181.030,     360.990,    361.783,
   44,      108.3,    181.075,     363.110,    363.313,
   45,      110.8,    181.052,     363.983,    364.762,
   46,      113.3,    180.970,     364.701,    366.134,
   47,      115.8,    180.985,     367.986,    367.432,
   48,      118.3,    180.967,     367.748,    368.658,
   49,      120.8,    180.925,     368.660,    369.815,
   50,      123.3,    181.023,     369.291,    370.907,
   51,      125.8,    181.026,     370.388,    371.936,
   52,      128.3,    181.019,     372.613,    372.906,
   53,      130.8,    181.067,     372.513,    373.817,
   54,      133.3,    180.993,     374.325,    374.673,
   55,      135.8,    180.940,     374.433,    375.477,
   56,      138.3,    181.041,     374.500,    376.230,
   57,      140.8,    180.996,     376.527,    376.935,
   58,      143.3,    180.981,     377.387,    377.594,
   59,      145.8,    181.011,     377.877,    378.209,
   60,      148.3,    180.944,     378.570,    378.782,
   61,      150.8,    180.978,     380.986,    379.314,
   62,      153.3,    181.023,     378.958,    379.807,
   63,      155.8,    181.004,     381.207,    380.264,
   64,      158.3,    180.989,     380.410,    380.686,
   65,      160.8,    181.060,     381.918,    381.074,
   66,      163.3,    181.075,     381.610,    381.430,
   67,      165.8,    181.045,     383.883,    381.755,
   68,      168.3,    181.071,     383.827,    382.052,
   69,      170.8,    180.967,     383.773,    382.321,
   70,      175.8,    179.883,     383.854,    383.834,
----,
DateTime:        , 2025/11/20, 12:26:59, 1763656018967,
RFID_EPC:        ,--Not Acquired--,
RFID_UserData:   ,--Not Acquired--,
Barcode:         ,--Not Acquired--,
PIF:,            0.00,
PARs:,            0.0,     0.0,     0.0,     0.0,     0.0,     0.0,
Light:,           0.0,     0.0,     0.0,     0.0,     0.0,     0.0,
Cycles:,            1,
                    1,      69,      70,      70,
Lamps:,        #10000,
Gain:,              2,     100, 
SNR_raw:,     217.19,
Position:,        0.0,              0.0,   NoData,
DataPt,      Time(us),   EX,         EM,       Fit,
==========,==========,==========,==========,=========,
    0,        0.0,      0.000,       0.000,    176.448,
    1,        0.8,    162.097,     177.363,    182.515,
    2,        3.3,    180.644,     189.496,    189.303,
    3,        5.8,    180.655,     200.382,    196.099,
    4,        8.3,    180.677,     205.062,    202.876,
    5,       10.8,    180.785,     210.470,    209.610,
    6,       13.3,    180.841,     217.041,    216.278,
    7,       15.8,    180.871,     223.363,    222.861,
    8,       18.3,    180.871,     228.616,    229.341,
    9,       20.8,    180.886,     234.954,    235.707,
   10,       23.3,    180.860,     239.412,    241.943,
   11,       25.8,    180.830,     245.258,    248.043,
   12,       28.3,    180.741,     252.019,    253.994,
   13,       30.8,    180.815,     257.722,    259.797,
   14,       33.3,    180.864,     263.458,    265.444,
   15,       35.8,    180.942,     269.976,    270.933,
   16,       38.3,    180.897,     275.018,    276.257,
   17,       40.8,    180.953,     280.182,    281.416,
   18,       43.3,    180.939,     284.903,    286.409,
   19,       45.8,    180.901,     290.766,    291.234,
   20,       48.3,    180.946,     296.221,    295.892,
   21,       50.8,    180.935,     301.490,    300.384,
   22,       53.3,    180.939,     306.458,    304.711,
   23,       55.8,    180.961,     309.459,    308.875,
   24,       58.3,    180.886,     315.115,    312.877,
   25,       60.8,    180.957,     318.031,    316.722,
   26,       63.3,    180.995,     320.175,    320.411,
   27,       65.8,    180.968,     324.642,    323.946,
   28,       68.3,    180.961,     328.248,    327.332,
   29,       70.8,    181.006,     331.205,    330.572,
   30,       73.3,    180.942,     334.913,    333.669,
   31,       75.8,    180.995,     336.474,    336.627,
   32,       78.3,    181.032,     339.719,    339.450,
   33,       80.8,    180.961,     342.615,    342.141,
   34,       83.3,    180.980,     346.172,    344.705,
   35,       85.8,    180.931,     347.093,    347.145,
   36,       88.3,    180.957,     348.701,    349.465,
   37,       90.8,    180.883,     351.333,    351.669,
   38,       93.3,    181.039,     352.686,    353.763,
   39,       95.8,    181.021,     355.484,    355.748,
   40,       98.3,    181.006,     356.618,    357.629,
   41,      100.8,    181.036,     359.874,    359.409,
   42,      103.3,    180.998,     361.329,    361.093,
   43,      105.8,    180.980,     361.919,    362.684,
   44,      108.3,    181.032,     363.196,    364.186,
   45,      110.8,    180.946,     365.026,    365.602,
   46,      113.3,    180.912,     367.581,    366.935,
   47,      115.8,    180.935,     366.983,    368.189,
   48,      118.3,    181.010,     368.213,    369.367,
   49,      120.8,    181.051,     370.615,    370.473,
   50,      123.3,    181.051,     370.891,    371.509,
   51,      125.8,    180.995,     371.834,    372.478,
   52,      128.3,    180.968,     372.993,    373.384,
   53,      130.8,    181.092,     373.568,    374.229,
   54,      133.3,    180.995,     375.702,    375.015,
   55,      135.8,    180.976,     374.912,    375.746,
   56,      138.3,    180.965,     374.935,    376.424,
   57,      140.8,    181.021,     376.476,    377.051,
   58,      143.3,    180.942,     376.639,    377.629,
   59,      145.8,    180.935,     378.037,    378.162,
   60,      148.3,    180.995,     377.636,    378.650,
   61,      150.8,    181.039,     378.371,    379.096,
   62,      153.3,    181.032,     380.043,    379.503,
   63,      155.8,    181.002,     379.830,    379.871,
   64,      158.3,    181.092,     380.746,    380.203,
   65,      160.8,    181.028,     381.985,    380.501,
   66,      163.3,    180.961,     381.574,    380.766,
   67,      165.8,    181.013,     382.016,    380.999,
   68,      168.3,    181.002,     381.764,    381.203,
   69,      170.8,    180.991,     381.787,    381.379,
   70,      175.8,    179.837,     382.423,    382.215,
----,
DateTime:        , 2025/11/20, 12:27:07, 1763656027653,
RFID_EPC:        ,--Not Acquired--,
RFID_UserData:   ,--Not Acquired--,
Barcode:         ,--Not Acquired--,
PIF:,            0.00,
PARs:,            0.0,     0.0,     0.0,     0.0,     0.0,     0.0,
Light:,           0.0,     0.0,     0.0,     0.0,     0.0,     0.0,
Cycles:,            1,
                    1,      69,      70,      70,
Lamps:,        #10000,
Gain:,              2,     100, 
SNR_raw:,     186.72,
Position:,        0.0,              0.0,   NoData,
DataPt,      Time(us),   EX,         EM,       Fit,
==========,==========,==========,==========,=========,
    0,        0.0,      0.000,       0.000,    175.853,
    1,        0.8,    162.055,     177.100,    181.763,
    2,        3.3,    180.714,     189.063,    188.434,
    3,        5.8,    180.688,     199.792,    195.162,
    4,        8.3,    180.647,     204.819,    201.904,
    5,       10.8,    180.707,     211.392,    208.630,
    6,       13.3,    180.804,     217.916,    215.311,
    7,       15.8,    180.643,     221.431,    221.916,
    8,       18.3,    180.781,     227.900,    228.434,
    9,       20.8,    180.755,     234.018,    234.842,
   10,       23.3,    180.826,     239.733,    241.129,
   11,       25.8,    180.878,     245.192,    247.283,
   12,       28.3,    180.905,     251.514,    253.294,
   13,       30.8,    180.834,     257.142,    259.152,
   14,       33.3,    180.964,     263.035,    264.857,
   15,       35.8,    180.905,     268.374,    270.399,
   16,       38.3,    180.882,     274.765,    275.777,
   17,       40.8,    180.860,     280.328,    280.987,
   18,       43.3,    180.860,     285.857,    286.030,
   19,       45.8,    180.890,     290.509,    290.907,
   20,       48.3,    180.856,     295.815,    295.615,
   21,       50.8,    180.886,     300.742,    300.157,
   22,       53.3,    180.953,     305.051,    304.536,
   23,       55.8,    180.957,     308.084,    308.751,
   24,       58.3,    180.946,     313.906,    312.806,
   25,       60.8,    181.020,     317.644,    316.705,
   26,       63.3,    180.964,     321.887,    320.447,
   27,       65.8,    181.035,     323.970,    324.038,
   28,       68.3,    180.990,     328.747,    327.481,
   29,       70.8,    180.964,     332.110,    330.778,
   30,       73.3,    180.968,     334.589,    333.934,
   31,       75.8,    180.905,     337.194,    336.951,
   32,       78.3,    180.931,     340.738,    339.835,
   33,       80.8,    180.968,     342.602,    342.589,
   34,       83.3,    180.987,     345.053,    345.218,
   35,       85.8,    181.017,     348.311,    347.724,
   36,       88.3,    180.998,     351.661,    350.112,
   37,       90.8,    181.028,     352.708,    352.385,
   38,       93.3,    180.994,     355.812,    354.548,
   39,       95.8,    180.964,     356.148,    356.604,
   40,       98.3,    180.934,     357.864,    358.557,
   41,      100.8,    180.972,     361.106,    360.410,
   42,      103.3,    180.987,     360.247,    362.167,
   43,      105.8,    181.017,     361.845,    363.833,
   44,      108.3,    180.946,     364.750,    365.410,
   45,      110.8,    180.949,     366.401,    366.901,
   46,      113.3,    181.032,     367.063,    368.310,
   47,      115.8,    181.024,     368.735,    369.641,
   48,      118.3,    181.024,     370.393,    370.896,
   49,      120.8,    180.942,     371.114,    372.079,
   50,      123.3,    180.990,     371.843,    373.192,
   51,      125.8,    181.005,     372.917,    374.238,
   52,      128.3,    181.020,     375.096,    375.221,
   53,      130.8,    180.987,     375.166,    376.142,
   54,      133.3,    180.976,     376.294,    377.005,
   55,      135.8,    181.054,     376.959,    377.812,
   56,      138.3,    181.084,     377.449,    378.565,
   57,      140.8,    181.017,     378.418,    379.267,
   58,      143.3,    181.024,     380.060,    379.920,
   59,      145.8,    181.110,     379.604,    380.526,
   60,      148.3,    180.987,     380.138,    381.088,
   61,      150.8,    180.994,     382.885,    381.607,
   62,      153.3,    181.054,     380.826,    382.085,
   63,      155.8,    180.983,     382.356,    382.524,
   64,      158.3,    180.961,     382.956,    382.927,
   65,      160.8,    180.990,     383.998,    383.294,
   66,      163.3,    181.005,     385.071,    383.627,
   67,      165.8,    181.020,     384.487,    383.928,
   68,      168.3,    181.103,     385.141,    384.198,
   69,      170.8,    181.005,     386.729,    384.440,
   70,      175.8,    180.075,     385.539,    385.513,
----,
DateTime:        , 2025/11/20, 12:27:16, 1763656036336,
RFID_EPC:        ,--Not Acquired--,
RFID_UserData:   ,--Not Acquired--,
Barcode:         ,--Not Acquired--,
PIF:,            0.00,
PARs:,            0.0,     0.0,     0.0,     0.0,     0.0,     0.0,
Light:,           0.0,     0.0,     0.0,     0.0,     0.0,     0.0,
Cycles:,            1,
                    1,      69,      70,      70,
Lamps:,        #10000,
Gain:,              2,     100, 
SNR_raw:,     195.28,
Position:,        0.0,              0.0,   NoData,
DataPt,      Time(us),   EX,         EM,       Fit,
==========,==========,==========,==========,=========,
    0,        0.0,      0.000,       0.000,    175.169,
    1,        0.8,    162.085,     176.450,    180.933,
    2,        3.3,    180.656,     188.185,    187.542,
    3,        5.8,    180.663,     198.713,    194.299,
    4,        8.3,    180.682,     204.503,    201.132,
    5,       10.8,    180.809,     211.550,    207.987,
    6,       13.3,    180.797,     216.264,    214.812,
    7,       15.8,    180.723,     222.164,    221.569,
    8,       18.3,    180.790,     228.442,    228.230,
    9,       20.8,    180.809,     232.566,    234.770,
   10,       23.3,    180.741,     239.569,    241.169,
   11,       25.8,    180.809,     245.840,    247.415,
   12,       28.3,    180.842,     251.877,    253.496,
   13,       30.8,    180.932,     258.108,    259.406,
   14,       33.3,    180.921,     262.270,    265.138,
   15,       35.8,    180.932,     268.333,    270.688,
   16,       38.3,    180.943,     274.948,    276.056,
   17,       40.8,    180.932,     281.598,    281.240,
   18,       43.3,    180.839,     285.337,    286.241,
   19,       45.8,    180.902,     291.594,    291.061,
   20,       48.3,    180.921,     296.815,    295.703,
   21,       50.8,    180.876,     300.759,    300.169,
   22,       53.3,    180.939,     305.351,    304.464,
   23,       55.8,    180.932,     308.403,    308.591,
   24,       58.3,    180.992,     312.722,    312.554,
   25,       60.8,    180.980,     316.885,    316.357,
   26,       63.3,    181.051,     321.732,    320.006,
   27,       65.8,    181.007,     324.850,    323.503,
   28,       68.3,    181.003,     327.619,    326.854,
   29,       70.8,    180.958,     331.016,    330.064,
   30,       73.3,    180.999,     334.256,    333.136,
   31,       75.8,    180.921,     335.506,    336.076,
   32,       78.3,    180.895,     339.424,    338.888,
   33,       80.8,    180.898,     342.734,    341.576,
   34,       83.3,    180.936,     344.598,    344.144,
   35,       85.8,    181.036,     346.615,    346.596,
   36,       88.3,    180.992,     350.845,    348.938,
   37,       90.8,    181.040,     350.751,    351.173,
   38,       93.3,    180.984,     352.517,    353.305,
   39,       95.8,    181.074,     354.552,    355.337,
   40,       98.3,    180.992,     356.923,    357.275,
   41,      100.8,    180.966,     358.079,    359.120,
   42,      103.3,    180.943,     360.611,    360.878,
   43,      105.8,    180.954,     362.799,    362.550,
   44,      108.3,    180.921,     364.248,    364.141,
   45,      110.8,    180.913,     365.369,    365.653,
   46,      113.3,    181.022,     366.807,    367.088,
   47,      115.8,    181.025,     367.904,    368.452,
   48,      118.3,    181.018,     369.024,    369.745,
   49,      120.8,    180.995,     369.899,    370.973,
   50,      123.3,    180.969,     371.886,    372.136,
   51,      125.8,    180.995,     372.661,    373.237,
   52,      128.3,    181.055,     373.643,    374.279,
   53,      130.8,    180.924,     376.400,    375.265,
   54,      133.3,    181.040,     375.883,    376.196,
   55,      135.8,    180.951,     376.070,    377.075,
   56,      138.3,    181.055,     377.509,    377.904,
   57,      140.8,    180.980,     377.941,    378.685,
   58,      143.3,    181.007,     379.544,    379.420,
   59,      145.8,    181.033,     378.385,    380.110,
   60,      148.3,    181.010,     380.917,    380.758,
   61,      150.8,    181.066,     380.800,    381.365,
   62,      153.3,    181.081,     381.320,    381.934,
   63,      155.8,    181.040,     382.512,    382.465,
   64,      158.3,    180.980,     383.191,    382.962,
   65,      160.8,    180.969,     382.938,    383.425,
   66,      163.3,    180.988,     384.556,    383.855,
   67,      165.8,    181.007,     384.516,    384.253,
   68,      168.3,    181.029,     384.193,    384.620,
   69,      170.8,    181.044,     385.266,    384.959,
   70,      175.8,    179.987,     387.988,    387.791,
----,
DateTime:        , 2025/11/20, 12:27:25, 1763656045043,
RFID_EPC:        ,--Not Acquired--,
RFID_UserData:   ,--Not Acquired--,
Barcode:         ,--Not Acquired--,
PIF:,            0.00,
PARs:,            0.0,     0.0,     0.0,     0.0,     0.0,     0.0,
Light:,           0.0,     0.0,     0.0,     0.0,     0.0,     0.0,
Cycles:,            1,
                    1,      69,      70,      70,
Lamps:,        #10000,
Gain:,              2,     100, 
SNR_raw:,     196.74,
Position:,        0.0,              0.0,   NoData,
DataPt,      Time(us),   EX,         EM,       Fit,
==========,==========,==========,==========,=========,
    0,        0.0,      0.000,       0.000,    176.424,
    1,        0.8,    162.147,     177.925,    182.433,
    2,        3.3,    180.594,     189.604,    189.190,
    3,        5.8,    180.672,     200.086,    195.989,
    4,        8.3,    180.669,     206.455,    202.789,
    5,       10.8,    180.643,     210.360,    209.557,
    6,       13.3,    180.751,     217.980,    216.269,
    7,       15.8,    180.818,     222.599,    222.901,
    8,       18.3,    180.863,     230.008,    229.432,
    9,       20.8,    180.822,     235.038,    235.844,
   10,       23.3,    180.885,     239.931,    242.126,
   11,       25.8,    180.855,     245.500,    248.266,
   12,       28.3,    180.930,     252.031,    254.256,
   13,       30.8,    180.867,     257.648,    260.089,
   14,       33.3,    180.818,     264.078,    265.757,
   15,       35.8,    180.859,     269.823,    271.262,
   16,       38.3,    180.897,     276.677,    276.598,
   17,       40.8,    180.811,     281.787,    281.763,
   18,       43.3,    180.941,     287.662,    286.761,
   19,       45.8,    180.934,     291.267,    291.589,
   20,       48.3,    180.994,     296.972,    296.249,
   21,       50.8,    181.001,     301.379,    300.742,
   22,       53.3,    181.024,     306.866,    305.069,
   23,       55.8,    180.997,     309.397,    309.234,
   24,       58.3,    180.893,     313.722,    313.237,
   25,       60.8,    180.919,     317.822,    317.083,
   26,       63.3,    180.923,     321.408,    320.776,
   27,       65.8,    180.926,     326.652,    324.318,
   28,       68.3,    180.859,     328.432,    327.713,
   29,       70.8,    180.953,     331.855,    330.966,
   30,       73.3,    180.960,     335.433,    334.081,
   31,       75.8,    180.975,     337.063,    337.060,
   32,       78.3,    180.930,     340.463,    339.908,
   33,       80.8,    180.979,     343.134,    342.629,
   34,       83.3,    180.994,     346.145,    345.226,
   35,       85.8,    180.994,     347.250,    347.705,
   36,       88.3,    180.990,     350.296,    350.068,
   37,       90.8,    180.994,     352.775,    352.320,
   38,       93.3,    180.945,     354.251,    354.464,
   39,       95.8,    180.982,     356.941,    356.505,
   40,       98.3,    181.012,     359.092,    358.445,
   41,      100.8,    181.009,     359.651,    360.289,
   42,      103.3,    180.990,     361.346,    362.040,
   43,      105.8,    181.035,     363.190,    363.702,
   44,      108.3,    180.982,     364.953,    365.278,
   45,      110.8,    180.982,     366.610,    366.771,
   46,      113.3,    180.982,     368.268,    368.185,
   47,      115.8,    180.960,     369.419,    369.522,
   48,      118.3,    180.967,     371.337,    370.787,
   49,      120.8,    181.016,     370.685,    371.980,
   50,      123.3,    181.012,     372.627,    373.107,
   51,      125.8,    181.005,     373.194,    374.169,
   52,      128.3,    181.057,     373.639,    375.169,
   53,      130.8,    181.020,     374.268,    376.109,
   54,      133.3,    181.065,     374.452,    376.993,
   55,      135.8,    181.050,     376.416,    377.822,
   56,      138.3,    180.982,     377.937,    378.599,
   57,      140.8,    180.967,     376.863,    379.327,
   58,      143.3,    180.979,     379.879,    380.007,
   59,      145.8,    181.005,     380.377,    380.641,
   60,      148.3,    180.994,     381.781,    381.231,
   61,      150.8,    180.953,     382.144,    381.781,
   62,      153.3,    180.971,     382.934,    382.290,
   63,      155.8,    181.053,     382.208,    382.760,
   64,      158.3,    181.065,     383.565,    383.195,
   65,      160.8,    181.046,     383.328,    383.595,
   66,      163.3,    181.042,     384.717,    383.961,
   67,      165.8,    181.027,     385.025,    384.297,
   68,      168.3,    181.020,     385.593,    384.602,
   69,      170.8,    181.083,     387.115,    384.878,
   70,      175.8,    179.862,     386.377,    386.273,
----,
DateTime:        , 2025/11/20, 12:27:33, 1763656053732,
RFID_EPC:        ,--Not Acquired--,
RFID_UserData:   ,--Not Acquired--,
Barcode:         ,--Not Acquired--,
PIF:,            0.00,
PARs:,            0.0,     0.0,     0.0,     0.0,     0.0,     0.0,
Light:,           0.0,     0.0,     0.0,     0.0,     0.0,     0.0,
Cycles:,            1,
                    1,      69,      70,      70,
Lamps:,        #10000,
Gain:,              2,     100, 
SNR_raw:,     234.83,
Position:,        0.0,              0.0,   NoData,
DataPt,      Time(us),   EX,         EM,       Fit,
==========,==========,==========,==========,=========,
    0,        0.0,      0.000,       0.000,    177.206,
    1,        0.8,    162.124,     176.717,    183.153,
    2,        3.3,    180.641,     189.603,    189.862,
    3,        5.8,    180.697,     201.165,    196.631,
    4,        8.3,    180.716,     206.954,    203.419,
    5,       10.8,    180.720,     211.100,    210.188,
    6,       13.3,    180.742,     219.097,    216.909,
    7,       15.8,    180.705,     225.506,    223.555,
    8,       18.3,    180.795,     230.372,    230.108,
    9,       20.8,    180.806,     234.506,    236.548,
   10,       23.3,    180.914,     240.446,    242.862,
   11,       25.8,    180.914,     245.973,    249.036,
   12,       28.3,    180.873,     252.111,    255.060,
   13,       30.8,    180.873,     259.022,    260.926,
   14,       33.3,    180.959,     265.530,    266.630,
   15,       35.8,    180.899,     270.040,    272.167,
   16,       38.3,    180.854,     277.572,    277.532,
   17,       40.8,    180.899,     283.031,    282.725,
   18,       43.3,    180.821,     288.131,    287.745,
   19,       45.8,    180.907,     293.245,    292.593,
   20,       48.3,    180.914,     296.826,    297.270,
   21,       50.8,    180.985,     301.682,    301.777,
   22,       53.3,    180.918,     306.216,    306.115,
   23,       55.8,    181.030,     310.446,    310.288,
   24,       58.3,    180.959,     314.436,    314.297,
   25,       60.8,    180.966,     318.291,    318.146,
   26,       63.3,    180.936,     323.871,    321.839,
   27,       65.8,    180.981,     326.553,    325.378,
   28,       68.3,    180.992,     330.124,    328.769,
   29,       70.8,    180.903,     332.499,    332.014,
   30,       73.3,    180.963,     335.428,    335.118,
   31,       75.8,    180.925,     339.367,    338.084,
   32,       78.3,    180.985,     341.189,    340.918,
   33,       80.8,    180.996,     344.482,    343.623,
   34,       83.3,    181.037,     346.614,    346.203,
   35,       85.8,    181.052,     348.242,    348.662,
   36,       88.3,    181.026,     352.435,    351.005,
   37,       90.8,    181.004,     353.032,    353.235,
   38,       93.3,    180.992,     355.540,    355.357,
   39,       95.8,    181.011,     357.713,    357.374,
   40,       98.3,    180.884,     358.793,    359.290,
   41,      100.8,    181.000,     361.879,    361.108,
   42,      103.3,    180.933,     363.395,    362.834,
   43,      105.8,    181.034,     364.021,    364.469,
   44,      108.3,    180.936,     365.045,    366.018,
   45,      110.8,    181.000,     365.746,    367.484,
   46,      113.3,    180.974,     367.180,    368.871,
   47,      115.8,    181.011,     368.209,    370.181,
   48,      118.3,    181.034,     370.097,    371.417,
   49,      120.8,    181.007,     371.532,    372.584,
   50,      123.3,    180.951,     372.476,    373.683,
   51,      125.8,    180.936,     374.165,    374.718,
   52,      128.3,    181.015,     374.831,    375.691,
   53,      130.8,    180.996,     375.146,    376.604,
   54,      133.3,    181.045,     376.150,    377.461,
   55,      135.8,    181.022,     377.025,    378.263,
   56,      138.3,    181.000,     378.177,    379.014,
   57,      140.8,    181.037,     379.204,    379.716,
   58,      143.3,    181.022,     378.959,    380.370,
   59,      145.8,    180.974,     380.166,    380.979,
   60,      148.3,    180.959,     380.473,    381.545,
   61,      150.8,    180.951,     381.318,    382.070,
   62,      153.3,    180.985,     382.352,    382.555,
   63,      155.8,    181.000,     383.978,    383.002,
   64,      158.3,    181.034,     383.631,    383.413,
   65,      160.8,    181.071,     383.551,    383.789,
   66,      163.3,    181.015,     385.604,    384.133,
   67,      165.8,    181.000,     384.807,    384.447,
   68,      168.3,    180.992,     386.480,    384.731,
   69,      170.8,    180.985,     384.839,    384.986,
   70,      175.8,    179.962,     387.321,    387.011,
----,
DateTime:        , 2025/11/20, 12:27:42, 1763656062432,
RFID_EPC:        ,--Not Acquired--,
RFID_UserData:   ,--Not Acquired--,
Barcode:         ,--Not Acquired--,
PIF:,            0.00,
PARs:,            0.0,     0.0,     0.0,     0.0,     0.0,     0.0,
Light:,           0.0,     0.0,     0.0,     0.0,     0.0,     0.0,
Cycles:,            1,
                    1,      69,      70,      70,
Lamps:,        #10000,
Gain:,              2,     100, 
SNR_raw:,     178.18,
Position:,        0.0,              0.0,   NoData,
DataPt,      Time(us),   EX,         EM,       Fit,
==========,==========,==========,==========,=========,
    0,        0.0,      0.000,       0.000,    177.046,
    1,        0.8,    162.129,     177.636,    182.907,
    2,        3.3,    180.628,     190.356,    189.581,
    3,        5.8,    180.650,     201.771,    196.373,
    4,        8.3,    180.762,     205.519,    203.222,
    5,       10.8,    180.792,     212.952,    210.075,
    6,       13.3,    180.863,     217.568,    216.890,
    7,       15.8,    180.777,     223.756,    223.631,
    8,       18.3,    180.777,     230.394,    230.271,
    9,       20.8,    180.893,     235.775,    236.790,
   10,       23.3,    180.829,     241.388,    243.167,
   11,       25.8,    180.852,     247.993,    249.391,
   12,       28.3,    180.893,     253.189,    255.451,
   13,       30.8,    180.874,     259.020,    261.339,
   14,       33.3,    180.941,     264.727,    267.051,
   15,       35.8,    180.967,     271.872,    272.583,
   16,       38.3,    180.904,     276.943,    277.933,
   17,       40.8,    180.803,     281.522,    283.099,
   18,       43.3,    180.893,     287.740,    288.084,
   19,       45.8,    180.937,     292.090,    292.890,
   20,       48.3,    180.956,     298.691,    297.519,
   21,       50.8,    180.900,     302.653,    301.973,
   22,       53.3,    180.964,     308.073,    306.257,
   23,       55.8,    180.967,     310.830,    310.373,
   24,       58.3,    180.994,     314.928,    314.326,
   25,       60.8,    181.012,     319.039,    318.121,
   26,       63.3,    180.990,     322.394,    321.761,
   27,       65.8,    180.986,     326.821,    325.251,
   28,       68.3,    181.005,     330.378,    328.597,
   29,       70.8,    180.945,     333.527,    331.801,
   30,       73.3,    180.852,     335.911,    334.870,
   31,       75.8,    180.919,     338.550,    337.807,
   32,       78.3,    180.911,     342.157,    340.617,
   33,       80.8,    180.926,     344.063,    343.304,
   34,       83.3,    180.964,     346.478,    345.873,
   35,       85.8,    180.990,     348.638,    348.328,
   36,       88.3,    180.990,     351.125,    350.674,
   37,       90.8,    180.982,     354.731,    352.914,
   38,       93.3,    181.094,     355.616,    355.051,
   39,       95.8,    180.971,     356.963,    357.092,
   40,       98.3,    180.956,     359.756,    359.039,
   41,      100.8,    180.967,     361.115,    360.896,
   42,      103.3,    180.990,     362.175,    362.665,
   43,      105.8,    180.893,     365.134,    364.351,
   44,      108.3,    180.926,     366.171,    365.957,
   45,      110.8,    180.952,     364.737,    367.486,
   46,      113.3,    180.967,     368.022,    368.940,
   47,      115.8,    181.023,     369.289,    370.322,
   48,      118.3,    181.027,     371.491,    371.636,
   49,      120.8,    181.027,     372.872,    372.885,
   50,      123.3,    180.990,     373.502,    374.072,
   51,      125.8,    181.016,     374.000,    375.198,
   52,      128.3,    180.941,     376.365,    376.267,
   53,      130.8,    181.020,     376.478,    377.280,
   54,      133.3,    180.941,     377.194,    378.240,
   55,      135.8,    180.994,     378.190,    379.149,
   56,      138.3,    180.979,     380.432,    380.009,
   57,      140.8,    181.023,     379.233,    380.821,
   58,      143.3,    180.915,     381.394,    381.590,
   59,      145.8,    181.064,     381.356,    382.314,
   60,      148.3,    181.020,     383.108,    382.997,
   61,      150.8,    181.012,     382.847,    383.640,
   62,      153.3,    181.038,     385.278,    384.246,
   63,      155.8,    180.979,     385.681,    384.816,
   64,      158.3,    180.926,     384.411,    385.352,
   65,      160.8,    181.012,     386.991,    385.853,
   66,      163.3,    181.020,     386.975,    386.322,
   67,      165.8,    181.023,     387.519,    386.760,
   68,      168.3,    181.023,     386.967,    387.169,
   69,      170.8,    181.057,     388.552,    387.549,
   70,      175.8,    179.996,     391.071,    390.862,
