----,
DateTime:        , 2025/11/19, 14:01:39, 1763575299635,
RFID_EPC:        ,--Not Acquired--,
RFID_UserData:   ,--Not Acquired--,
Barcode:         ,--Not Acquired--,
PIF:,            0.00,
PARs:,            0.0,     0.0,     0.0,     0.0,     0.0,     0.0,
Light:,           0.0,     0.0,     0.0,     0.0,     0.0,     0.0,
Cycles:,            1,
                    1,      69,      70,      70,
Lamps:,        #10000,
Gain:,              2,      50, 
SNR_raw:,     294.47,
Position:,        0.0,              0.0,   NoData,
DataPt,      Time(us),   EX,         EM,       Fit,
==========,==========,==========,==========,=========,
    0,        0.0,      0.000,       0.000,    139.808,
    1,        0.8,    161.000,     140.994,    145.290,
    2,        3.3,    180.082,     152.456,    151.637,
    3,        5.8,    180.082,     162.704,    158.161,
    4,        8.3,    180.325,     166.921,    164.802,
    5,       10.8,    180.214,     172.295,    171.495,
    6,       13.3,    180.192,     178.420,    178.196,
    7,       15.8,    180.582,     185.788,    184.879,
    8,       18.3,    180.582,     190.772,    191.503,
    9,       20.8,    180.604,     197.393,    198.043,
   10,       23.3,    180.369,     204.304,    204.472,
   11,       25.8,    180.707,     209.179,    210.787,
   12,       28.3,    180.655,     216.158,    216.967,
   13,       30.8,    180.574,     222.069,    222.999,
   14,       33.3,    180.648,     227.514,    228.878,
   15,       35.8,    180.832,     232.813,    234.602,
   16,       38.3,    180.641,     238.872,    240.157,
   17,       40.8,    180.905,     243.221,    245.549,
   18,       43.3,    180.817,     249.977,    250.771,
   19,       45.8,    180.920,     256.467,    255.824,
   20,       48.3,    180.883,     260.942,    260.706,
   21,       50.8,    180.964,     265.799,    265.419,
   22,       53.3,    180.986,     270.739,    269.965,
   23,       55.8,    180.964,     275.193,    274.345,
   24,       58.3,    180.920,     279.129,    278.561,
   25,       60.8,    180.934,     282.146,    282.616,
   26,       63.3,    180.927,     287.961,    286.513,
   27,       65.8,    180.905,     292.142,    290.256,
   28,       68.3,    180.957,     294.546,    293.849,
   29,       70.8,    181.089,     297.920,    297.296,
   30,       73.3,    181.162,     301.387,    300.601,
   31,       75.8,    181.155,     302.779,    303.768,
   32,       78.3,    181.148,     307.760,    306.800,
   33,       80.8,    181.170,     311.586,    309.702,
   34,       83.3,    181.067,     313.144,    312.477,
   35,       85.8,    181.030,     316.246,    315.131,
   36,       88.3,    181.045,     318.706,    317.666,
   37,       90.8,    181.023,     319.573,    320.089,
   38,       93.3,    181.015,     322.901,    322.401,
   39,       95.8,    181.096,     324.137,    324.609,
   40,       98.3,    181.221,     325.845,    326.714,
   41,      100.8,    181.140,     328.751,    328.723,
   42,      103.3,    181.177,     330.340,    330.639,
   43,      105.8,    180.993,     331.228,    332.465,
   44,      108.3,    181.317,     334.498,    334.204,
   45,      110.8,    181.140,     335.928,    335.861,
   46,      113.3,    181.184,     337.502,    337.439,
   47,      115.8,    181.192,     337.212,    338.942,
   48,      118.3,    181.103,     340.965,    340.372,
   49,      120.8,    180.986,     340.358,    341.734,
   50,      123.3,    181.118,     343.146,    343.028,
   51,      125.8,    181.103,     343.174,    344.260,
   52,      128.3,    181.015,     344.998,    345.432,
   53,      130.8,    181.081,     345.701,    346.545,
   54,      133.3,    181.206,     346.290,    347.602,
   55,      135.8,    181.192,     348.526,    348.608,
   56,      138.3,    181.272,     348.646,    349.562,
   57,      140.8,    181.096,     350.366,    350.471,
   58,      143.3,    181.236,     351.476,    351.333,
   59,      145.8,    181.265,     351.695,    352.152,
   60,      148.3,    181.250,     352.551,    352.930,
   61,      150.8,    181.302,     353.830,    353.668,
   62,      153.3,    181.214,     354.830,    354.369,
   63,      155.8,    181.353,     354.832,    355.034,
   64,      158.3,    181.272,     356.921,    355.667,
   65,      160.8,    181.177,     356.833,    356.268,
   66,      163.3,    181.148,     357.443,    356.838,
   67,      165.8,    181.133,     357.196,    357.379,
   68,      168.3,    181.081,     358.402,    357.893,
   69,      170.8,    181.295,     359.912,    358.379,
   70,      175.8,    179.766,     361.025,    360.763,
----,
DateTime:        , 2025/11/19, 14:01:48, 1763575308177,
RFID_EPC:        ,--Not Acquired--,
RFID_UserData:   ,--Not Acquired--,
Barcode:         ,--Not Acquired--,
PIF:,            0.00,
PARs:,            0.0,     0.0,     0.0,     0.0,     0.0,     0.0,
Light:,           0.0,     0.0,     0.0,     0.0,     0.0,     0.0,
Cycles:,            1,
                    1,      69,      70,      70,
Lamps:,        #10000,
Gain:,              2,      50, 
SNR_raw:,     289.47,
Position:,        0.0,              0.0,   NoData,
DataPt,      Time(us),   EX,         EM,       Fit,
==========,==========,==========,==========,=========,
    0,        0.0,      0.000,       0.000,    148.041,
    1,        0.8,    161.079,     149.305,    153.809,
    2,        3.3,    179.874,     160.005,    160.211,
    3,        5.8,    180.161,     169.571,    166.572,
    4,        8.3,    180.124,     175.435,    172.867,
    5,       10.8,    180.403,     181.261,    179.093,
    6,       13.3,    180.330,     185.216,    185.225,
    7,       15.8,    180.521,     191.668,    191.262,
    8,       18.3,    180.616,     197.657,    197.192,
    9,       20.8,    180.690,     202.834,    203.005,
   10,       23.3,    180.557,     208.798,    208.689,
   11,       25.8,    180.579,     212.926,    214.243,
   12,       28.3,    180.609,     217.874,    219.662,
   13,       30.8,    180.579,     224.001,    224.940,
   14,       33.3,    180.800,     229.259,    230.081,
   15,       35.8,    180.815,     235.324,    235.077,
   16,       38.3,    180.785,     239.787,    239.924,
   17,       40.8,    180.800,     243.363,    244.624,
   18,       43.3,    180.954,     248.129,    249.179,
   19,       45.8,    180.895,     252.909,    253.584,
   20,       48.3,    180.815,     257.723,    257.840,
   21,       50.8,    181.057,     261.796,    261.953,
   22,       53.3,    180.962,     266.355,    265.920,
   23,       55.8,    181.013,     270.699,    269.743,
   24,       58.3,    180.954,     273.550,    273.425,
   25,       60.8,    180.969,     277.119,    276.968,
   26,       63.3,    180.984,     281.517,    280.375,
   27,       65.8,    181.109,     284.084,    283.650,
   28,       68.3,    181.013,     286.720,    286.794,
   29,       70.8,    181.035,     290.828,    289.811,
   30,       73.3,    180.903,     292.699,    292.703,
   31,       75.8,    180.932,     294.862,    295.475,
   32,       78.3,    181.035,     298.285,    298.131,
   33,       80.8,    181.035,     301.599,    300.674,
   34,       83.3,    180.969,     304.472,    303.107,
   35,       85.8,    180.976,     306.118,    305.433,
   36,       88.3,    181.300,     308.330,    307.659,
   37,       90.8,    181.042,     310.977,    309.784,
   38,       93.3,    181.219,     311.502,    311.815,
   39,       95.8,    181.153,     314.376,    313.753,
   40,       98.3,    181.153,     314.652,    315.602,
   41,      100.8,    181.241,     317.258,    317.367,
   42,      103.3,    181.057,     318.684,    319.049,
   43,      105.8,    181.211,     319.792,    320.653,
   44,      108.3,    181.013,     322.353,    322.181,
   45,      110.8,    181.094,     322.761,    323.637,
   46,      113.3,    180.895,     324.220,    325.023,
   47,      115.8,    181.292,     324.890,    326.343,
   48,      118.3,    181.233,     328.030,    327.600,
   49,      120.8,    181.189,     327.558,    328.796,
   50,      123.3,    181.314,     329.814,    329.933,
   51,      125.8,    181.072,     331.913,    331.015,
   52,      128.3,    181.116,     331.832,    332.044,
   53,      130.8,    181.175,     333.104,    333.022,
   54,      133.3,    181.116,     333.764,    333.952,
   55,      135.8,    181.226,     334.113,    334.836,
   56,      138.3,    181.138,     336.760,    335.676,
   57,      140.8,    181.160,     336.719,    336.474,
   58,      143.3,    181.116,     337.077,    337.232,
   59,      145.8,    181.278,     337.880,    337.951,
   60,      148.3,    181.138,     338.692,    338.635,
   61,      150.8,    181.094,     339.051,    339.284,
   62,      153.3,    181.131,     340.086,    339.900,
   63,      155.8,    181.175,     340.279,    340.485,
   64,      158.3,    181.226,     341.838,    341.039,
   65,      160.8,    181.263,     341.769,    341.566,
   66,      163.3,    181.204,     342.432,    342.066,
   67,      165.8,    181.322,     341.107,    342.539,
   68,      168.3,    181.145,     342.819,    342.990,
   69,      170.8,    181.160,     343.343,    343.416,
   70,      175.8,    179.610,     345.471,    344.910,
----,
DateTime:        , 2025/11/19, 14:01:56, 1763575316739,
RFID_EPC:        ,--Not Acquired--,
RFID_UserData:   ,--Not Acquired--,
Barcode:         ,--Not Acquired--,
PIF:,            0.00,
PARs:,            0.0,     0.0,     0.0,     0.0,     0.0,     0.0,
Light:,           0.0,     0.0,     0.0,     0.0,     0.0,     0.0,
Cycles:,            1,
                    1,      69,      70,      70,
Lamps:,        #10000,
Gain:,              2,      50, 
SNR_raw:,     321.02,
Position:,        0.0,              0.0,   NoData,
DataPt,      Time(us),   EX,         EM,       Fit,
==========,==========,==========,==========,=========,
    0,        0.0,      0.000,       0.000,    151.782,
    1,        0.8,    161.148,     152.344,    157.231,
    2,        3.3,    179.913,     163.348,    163.262,
    3,        5.8,    180.148,     173.191,    169.238,
    4,        8.3,    180.192,     177.866,    175.140,
    5,       10.8,    180.353,     181.865,    180.964,
    6,       13.3,    180.192,     187.023,    186.688,
    7,       15.8,    180.317,     192.716,    192.315,
    8,       18.3,    180.464,     197.270,    197.837,
    9,       20.8,    180.508,     203.592,    203.246,
   10,       23.3,    180.581,     208.217,    208.535,
   11,       25.8,    180.515,     212.725,    213.697,
   12,       28.3,    180.669,     218.078,    218.733,
   13,       30.8,    180.589,     223.436,    223.634,
   14,       33.3,    180.838,     226.998,    228.405,
   15,       35.8,    180.809,     232.289,    233.038,
   16,       38.3,    180.824,     236.142,    237.532,
   17,       40.8,    180.699,     241.009,    241.884,
   18,       43.3,    180.669,     246.030,    246.095,
   19,       45.8,    180.912,     250.398,    250.170,
   20,       48.3,    180.831,     253.828,    254.105,
   21,       50.8,    180.904,     258.147,    257.902,
   22,       53.3,    180.809,     262.155,    261.561,
   23,       55.8,    181.022,     265.990,    265.087,
   24,       58.3,    181.051,     269.261,    268.481,
   25,       60.8,    181.147,     272.155,    271.745,
   26,       63.3,    181.103,     275.534,    274.880,
   27,       65.8,    181.147,     277.951,    277.889,
   28,       68.3,    180.993,     280.674,    280.773,
   29,       70.8,    181.029,     283.656,    283.538,
   30,       73.3,    180.904,     286.615,    286.184,
   31,       75.8,    181.022,     288.639,    288.718,
   32,       78.3,    181.066,     291.882,    291.143,
   33,       80.8,    181.066,     293.539,    293.461,
   34,       83.3,    181.037,     295.520,    295.675,
   35,       85.8,    181.007,     297.226,    297.789,
   36,       88.3,    181.198,     299.948,    299.808,
   37,       90.8,    181.169,     300.824,    301.734,
   38,       93.3,    181.198,     304.363,    303.570,
   39,       95.8,    181.184,     305.767,    305.320,
   40,       98.3,    181.169,     306.620,    306.987,
   41,      100.8,    181.051,     309.857,    308.573,
   42,      103.3,    181.095,     310.886,    310.083,
   43,      105.8,    181.015,     311.025,    311.520,
   44,      108.3,    181.235,     313.681,    312.887,
   45,      110.8,    181.228,     313.970,    314.187,
   46,      113.3,    181.264,     315.009,    315.423,
   47,      115.8,    181.286,     315.798,    316.597,
   48,      118.3,    181.257,     316.953,    317.712,
   49,      120.8,    181.257,     318.332,    318.771,
   50,      123.3,    181.147,     319.906,    319.777,
   51,      125.8,    181.044,     320.916,    320.731,
   52,      128.3,    181.132,     321.036,    321.636,
   53,      130.8,    181.176,     322.890,    322.495,
   54,      133.3,    181.059,     322.547,    323.309,
   55,      135.8,    181.169,     323.455,    324.082,
   56,      138.3,    181.051,     324.770,    324.814,
   57,      140.8,    181.176,     325.650,    325.508,
   58,      143.3,    181.022,     326.203,    326.166,
   59,      145.8,    181.331,     325.924,    326.790,
   60,      148.3,    181.279,     327.120,    327.381,
   61,      150.8,    181.272,     328.236,    327.941,
   62,      153.3,    181.184,     329.224,    328.471,
   63,      155.8,    181.044,     329.202,    328.973,
   64,      158.3,    181.154,     329.001,    329.448,
   65,      160.8,    181.206,     329.736,    329.898,
   66,      163.3,    181.132,     330.422,    330.325,
   67,      165.8,    181.176,     331.997,    330.728,
   68,      168.3,    181.272,     331.822,    331.110,
   69,      170.8,    181.235,     331.889,    331.471,
   70,      175.8,    179.854,     332.214,    332.345,
----,
DateTime:        , 2025/11/19, 14:02:05, 1763575325214,
RFID_EPC:        ,--Not Acquired--,
RFID_UserData:   ,--Not Acquired--,
Barcode:         ,--Not Acquired--,
PIF:,            0.00,
PARs:,            0.0,     0.0,     0.0,     0.0,     0.0,     0.0,
Light:,           0.0,     0.0,     0.0,     0.0,     0.0,     0.0,
Cycles:,            1,
                    1,      69,      70,      70,
Lamps:,        #10000,
Gain:,              2,      50, 
SNR_raw:,     298.57,
Position:,        0.0,              0.0,   NoData,
DataPt,      Time(us),   EX,         EM,       Fit,
==========,==========,==========,==========,=========,
    0,        0.0,      0.000,       0.000,    148.387,
    1,        0.8,    161.215,     148.249,    153.655,
    2,        3.3,    179.976,     159.465,    159.523,
    3,        5.8,    179.924,     169.516,    165.366,
    4,        8.3,    180.130,     174.596,    171.175,
    5,       10.8,    180.299,     179.701,    176.935,
    6,       13.3,    180.453,     182.041,    182.632,
    7,       15.8,    180.512,     188.907,    188.252,
    8,       18.3,    180.696,     193.142,    193.788,
    9,       20.8,    180.497,     198.618,    199.220,
   10,       23.3,    180.784,     203.834,    204.553,
   11,       25.8,    180.586,     209.319,    209.767,
   12,       28.3,    180.549,     214.346,    214.861,
   13,       30.8,    180.652,     218.929,    219.832,
   14,       33.3,    180.593,     222.877,    224.674,
   15,       35.8,    180.762,     228.201,    229.386,
   16,       38.3,    180.813,     233.113,    233.965,
   17,       40.8,    180.887,     236.612,    238.408,
   18,       43.3,    180.924,     241.815,    242.712,
   19,       45.8,    180.880,     245.744,    246.877,
   20,       48.3,    180.865,     251.569,    250.902,
   21,       50.8,    180.975,     255.284,    254.790,
   22,       53.3,    181.034,     259.896,    258.541,
   23,       55.8,    180.968,     262.478,    262.153,
   24,       58.3,    180.880,     266.476,    265.628,
   25,       60.8,    180.916,     269.462,    268.971,
   26,       63.3,    180.968,     273.529,    272.183,
   27,       65.8,    181.012,     275.949,    275.267,
   28,       68.3,    180.836,     279.259,    278.223,
   29,       70.8,    180.997,     281.772,    281.058,
   30,       73.3,    181.078,     284.408,    283.773,
   31,       75.8,    181.166,     286.753,    286.372,
   32,       78.3,    181.012,     289.760,    288.857,
   33,       80.8,    181.181,     291.973,    291.232,
   34,       83.3,    180.982,     293.399,    293.500,
   35,       85.8,    181.174,     296.125,    295.666,
   36,       88.3,    180.938,     298.997,    297.730,
   37,       90.8,    181.078,     300.423,    299.699,
   38,       93.3,    180.894,     302.387,    301.575,
   39,       95.8,    181.085,     303.172,    303.363,
   40,       98.3,    181.240,     305.121,    305.065,
   41,      100.8,    180.997,     305.806,    306.684,
   42,      103.3,    181.107,     307.552,    308.225,
   43,      105.8,    181.188,     308.243,    309.690,
   44,      108.3,    181.196,     310.714,    311.082,
   45,      110.8,    181.063,     312.598,    312.405,
   46,      113.3,    181.159,     313.261,    313.661,
   47,      115.8,    181.137,     313.851,    314.854,
   48,      118.3,    181.210,     315.379,    315.987,
   49,      120.8,    181.203,     316.496,    317.061,
   50,      123.3,    181.041,     317.607,    318.080,
   51,      125.8,    181.210,     317.587,    319.047,
   52,      128.3,    181.122,     319.398,    319.963,
   53,      130.8,    181.203,     320.359,    320.832,
   54,      133.3,    181.321,     322.082,    321.655,
   55,      135.8,    181.174,     321.239,    322.435,
   56,      138.3,    181.210,     322.553,    323.174,
   57,      140.8,    181.115,     323.828,    323.874,
   58,      143.3,    181.232,     324.997,    324.536,
   59,      145.8,    181.100,     326.891,    325.164,
   60,      148.3,    181.188,     325.076,    325.757,
   61,      150.8,    181.313,     326.783,    326.319,
   62,      153.3,    181.137,     327.377,    326.851,
   63,      155.8,    181.254,     327.992,    327.354,
   64,      158.3,    181.137,     328.481,    327.830,
   65,      160.8,    181.181,     328.125,    328.280,
   66,      163.3,    181.298,     329.015,    328.706,
   67,      165.8,    181.005,     328.997,    329.109,
   68,      168.3,    181.321,     330.630,    329.490,
   69,      170.8,    181.306,     331.484,    329.849,
   70,      175.8,    179.660,     331.182,    331.056,
----,
DateTime:        , 2025/11/19, 14:02:13, 1763575333659,
RFID_EPC:        ,--Not Acquired--,
RFID_UserData:   ,--Not Acquired--,
Barcode:         ,--Not Acquired--,
PIF:,            0.00,
PARs:,            0.0,     0.0,     0.0,     0.0,     0.0,     0.0,
Light:,           0.0,     0.0,     0.0,     0.0,     0.0,     0.0,
Cycles:,            1,
                    1,      69,      70,      70,
Lamps:,        #10000,
Gain:,              2,      50, 
SNR_raw:,     293.89,
Position:,        0.0,              0.0,   NoData,
DataPt,      Time(us),   EX,         EM,       Fit,
==========,==========,==========,==========,=========,
    0,        0.0,      0.000,       0.000,    144.697,
    1,        0.8,    161.215,     145.768,    149.957,
    2,        3.3,    179.990,     155.732,    155.861,
    3,        5.8,    180.078,     164.651,    161.785,
    4,        8.3,    180.188,     170.378,    167.707,
    5,       10.8,    180.379,     175.464,    173.609,
    6,       13.3,    180.305,     179.972,    179.463,
    7,       15.8,    180.555,     185.262,    185.262,
    8,       18.3,    180.541,     191.093,    190.984,
    9,       20.8,    180.555,     196.062,    196.617,
   10,       23.3,    180.710,     201.428,    202.152,
   11,       25.8,    180.563,     207.407,    207.573,
   12,       28.3,    180.577,     212.651,    212.875,
   13,       30.8,    180.768,     217.405,    218.054,
   14,       33.3,    180.497,     221.888,    223.095,
   15,       35.8,    180.577,     227.049,    227.999,
   16,       38.3,    180.849,     231.408,    232.768,
   17,       40.8,    180.798,     236.729,    237.391,
   18,       43.3,    180.989,     241.175,    241.870,
   19,       45.8,    180.959,     245.082,    246.201,
   20,       48.3,    180.908,     250.403,    250.382,
   21,       50.8,    180.974,     254.732,    254.415,
   22,       53.3,    181.070,     258.188,    258.302,
   23,       55.8,    180.901,     262.299,    262.039,
   24,       58.3,    180.945,     266.932,    265.631,
   25,       60.8,    181.018,     269.034,    269.081,
   26,       63.3,    180.908,     272.791,    272.389,
   27,       65.8,    181.077,     275.849,    275.561,
   28,       68.3,    180.959,     280.726,    278.596,
   29,       70.8,    181.040,     283.086,    281.500,
   30,       73.3,    181.077,     284.409,    284.276,
   31,       75.8,    181.033,     287.517,    286.926,
   32,       78.3,    181.114,     289.873,    289.457,
   33,       80.8,    181.062,     292.165,    291.869,
   34,       83.3,    181.033,     294.698,    294.168,
   35,       85.8,    181.114,     296.775,    296.358,
   36,       88.3,    181.099,     298.731,    298.442,
   37,       90.8,    180.982,     300.859,    300.424,
   38,       93.3,    180.959,     303.383,    302.308,
   39,       95.8,    181.026,     304.653,    304.099,
   40,       98.3,    181.077,     305.947,    305.800,
   41,      100.8,    181.136,     306.676,    307.414,
   42,      103.3,    181.143,     309.148,    308.946,
   43,      105.8,    181.231,     310.101,    310.399,
   44,      108.3,    181.261,     310.878,    311.777,
   45,      110.8,    181.253,     312.270,    313.082,
   46,      113.3,    180.842,     313.257,    314.319,
   47,      115.8,    181.290,     315.240,    315.491,
   48,      118.3,    181.217,     316.196,    316.599,
   49,      120.8,    181.106,     316.941,    317.649,
   50,      123.3,    181.070,     319.490,    318.642,
   51,      125.8,    181.253,     317.787,    319.581,
   52,      128.3,    181.239,     320.296,    320.469,
   53,      130.8,    181.143,     321.845,    321.308,
   54,      133.3,    181.121,     322.160,    322.102,
   55,      135.8,    181.386,     321.966,    322.851,
   56,      138.3,    181.129,     323.803,    323.560,
   57,      140.8,    181.180,     323.435,    324.229,
   58,      143.3,    181.121,     323.816,    324.861,
   59,      145.8,    181.143,     324.605,    325.458,
   60,      148.3,    181.239,     325.813,    326.021,
   61,      150.8,    181.114,     326.866,    326.553,
   62,      153.3,    181.224,     327.495,    327.054,
   63,      155.8,    181.253,     327.718,    327.528,
   64,      158.3,    181.106,     327.984,    327.975,
   65,      160.8,    181.298,     329.293,    328.396,
   66,      163.3,    181.165,     329.257,    328.793,
   67,      165.8,    181.077,     330.798,    329.169,
   68,      168.3,    181.180,     330.611,    329.522,
   69,      170.8,    181.180,     330.611,    329.856,
   70,      175.8,    179.629,     331.516,    331.264,
----,
DateTime:        , 2025/11/19, 14:02:22, 1763575342148,
RFID_EPC:        ,--Not Acquired--,
RFID_UserData:   ,--Not Acquired--,
Barcode:         ,--Not Acquired--,
PIF:,            0.00,
PARs:,            0.0,     0.0,     0.0,     0.0,     0.0,     0.0,
Light:,           0.0,     0.0,     0.0,     0.0,     0.0,     0.0,
Cycles:,            1,
                    1,      69,      70,      70,
Lamps:,        #10000,
Gain:,              2,      50, 
SNR_raw:,     258.65,
Position:,        0.0,              0.0,   NoData,
DataPt,      Time(us),   EX,         EM,       Fit,
==========,==========,==========,==========,=========,
    0,        0.0,      0.000,       0.000,    143.493,
    1,        0.8,    161.121,     144.612,    149.185,
    2,        3.3,    179.737,     155.579,    155.474,
    3,        5.8,    180.185,     165.385,    161.706,
    4,        8.3,    180.171,     169.562,    167.855,
    5,       10.8,    180.362,     175.481,    173.919,
    6,       13.3,    180.435,     181.783,    179.886,
    7,       15.8,    180.523,     186.403,    185.747,
    8,       18.3,    180.479,     191.158,    191.493,
    9,       20.8,    180.589,     196.025,    197.123,
   10,       23.3,    180.707,     201.708,    202.630,
   11,       25.8,    180.487,     206.664,    208.001,
   12,       28.3,    180.641,     213.130,    213.242,
   13,       30.8,    180.604,     217.049,    218.346,
   14,       33.3,    180.722,     221.888,    223.314,
   15,       35.8,    180.545,     226.536,    228.135,
   16,       38.3,    180.839,     232.251,    232.821,
   17,       40.8,    180.898,     236.874,    237.364,
   18,       43.3,    180.964,     241.761,    241.764,
   19,       45.8,    180.971,     246.448,    246.021,
   20,       48.3,    181.008,     251.094,    250.134,
   21,       50.8,    181.023,     254.664,    254.104,
   22,       53.3,    180.971,     258.604,    257.932,
   23,       55.8,    181.067,     262.334,    261.623,
   24,       58.3,    180.986,     264.385,    265.173,
   25,       60.8,    180.913,     269.191,    268.587,
   26,       63.3,    180.964,     271.601,    271.869,
   27,       65.8,    181.001,     275.413,    275.020,
   28,       68.3,    181.023,     278.418,    278.045,
   29,       70.8,    181.001,     281.767,    280.945,
   30,       73.3,    181.038,     284.471,    283.724,
   31,       75.8,    181.221,     287.494,    286.387,
   32,       78.3,    180.971,     289.549,    288.933,
   33,       80.8,    181.192,     290.576,    291.370,
   34,       83.3,    181.089,     294.331,    293.697,
   35,       85.8,    180.905,     295.735,    295.919,
   36,       88.3,    181.155,     298.639,    298.043,
   37,       90.8,    180.993,     300.563,    300.067,
   38,       93.3,    181.214,     302.129,    302.000,
   39,       95.8,    181.089,     304.270,    303.842,
   40,       98.3,    181.030,     306.579,    305.596,
   41,      100.8,    180.993,     306.365,    307.267,
   42,      103.3,    181.192,     307.685,    308.859,
   43,      105.8,    181.170,     309.654,    310.373,
   44,      108.3,    181.273,     311.685,    311.815,
   45,      110.8,    181.030,     312.103,    313.184,
   46,      113.3,    181.030,     315.141,    314.486,
   47,      115.8,    181.177,     316.541,    315.724,
   48,      118.3,    181.045,     316.220,    316.900,
   49,      120.8,    181.118,     316.920,    318.016,
   50,      123.3,    181.192,     318.447,    319.077,
   51,      125.8,    181.324,     320.697,    320.085,
   52,      128.3,    181.104,     321.087,    321.040,
   53,      130.8,    181.096,     321.100,    321.946,
   54,      133.3,    181.008,     322.637,    322.805,
   55,      135.8,    181.265,     323.283,    323.621,
   56,      138.3,    181.111,     324.663,    324.394,
   57,      140.8,    181.155,     324.308,    325.127,
   58,      143.3,    181.082,     325.544,    325.822,
   59,      145.8,    181.148,     325.701,    326.480,
   60,      148.3,    181.140,     326.542,    327.104,
   61,      150.8,    181.199,     328.920,    327.695,
   62,      153.3,    181.324,     328.693,    328.255,
   63,      155.8,    181.060,     329.450,    328.785,
   64,      158.3,    181.508,     329.463,    329.287,
   65,      160.8,    181.229,     328.591,    329.762,
   66,      163.3,    181.155,     331.760,    330.212,
   67,      165.8,    181.030,     331.160,    330.638,
   68,      168.3,    181.295,     332.332,    331.041,
   69,      170.8,    181.229,     332.453,    331.423,
   70,      175.8,    179.686,     331.969,    332.027,
----,
DateTime:        , 2025/11/19, 14:02:30, 1763575350638,
RFID_EPC:        ,--Not Acquired--,
RFID_UserData:   ,--Not Acquired--,
Barcode:         ,--Not Acquired--,
PIF:,            0.00,
PARs:,            0.0,     0.0,     0.0,     0.0,     0.0,     0.0,
Light:,           0.0,     0.0,     0.0,     0.0,     0.0,     0.0,
Cycles:,            1,
                    1,      69,      70,      70,
Lamps:,        #10000,
Gain:,              2,      50, 
SNR_raw:,     282.48,
Position:,        0.0,              0.0,   NoData,
DataPt,      Time(us),   EX,         EM,       Fit,
==========,==========,==========,==========,=========,
    0,        0.0,      0.000,       0.000,    147.709,
    1,        0.8,    161.128,     147.398,    152.672,
    2,        3.3,    179.858,     158.500,    158.309,
    3,        5.8,    180.196,     168.428,    164.030,
    4,        8.3,    180.218,     171.736,    169.785,
    5,       10.8,    180.189,     177.037,    175.538,
    6,       13.3,    180.380,     182.670,    181.266,
    7,       15.8,    180.343,     187.143,    186.940,
    8,       18.3,    180.490,     192.532,    192.545,
    9,       20.8,    180.505,     196.948,    198.060,
   10,       23.3,    180.527,     203.017,    203.472,
   11,       25.8,    180.644,     209.528,    208.773,
   12,       28.3,    180.725,     212.754,    213.951,
   13,       30.8,    180.666,     217.805,    218.998,
   14,       33.3,    180.659,     222.519,    223.909,
   15,       35.8,    180.732,     227.685,    228.681,
   16,       38.3,    180.769,     231.511,    233.311,
   17,       40.8,    180.813,     238.091,    237.797,
   18,       43.3,    180.909,     241.282,    242.138,
   19,       45.8,    180.916,     245.418,    246.334,
   20,       48.3,    180.901,     250.965,    250.384,
   21,       50.8,    180.857,     253.515,    254.288,
   22,       53.3,    181.070,     257.635,    258.053,
   23,       55.8,    181.004,     262.425,    261.676,
   24,       58.3,    180.938,     265.284,    265.160,
   25,       60.8,    180.982,     269.087,    268.508,
   26,       63.3,    180.879,     272.281,    271.722,
   27,       65.8,    180.997,     276.524,    274.808,
   28,       68.3,    180.982,     279.585,    277.766,
   29,       70.8,    181.188,     279.268,    280.602,
   30,       73.3,    181.137,     283.764,    283.319,
   31,       75.8,    181.122,     285.995,    285.919,
   32,       78.3,    181.085,     288.814,    288.406,
   33,       80.8,    181.129,     290.952,    290.785,
   34,       83.3,    181.041,     292.751,    293.057,
   35,       85.8,    181.159,     296.149,    295.229,
   36,       88.3,    181.217,     297.985,    297.302,
   37,       90.8,    181.019,     299.416,    299.281,
   38,       93.3,    181.041,     301.313,    301.169,
   39,       95.8,    181.048,     302.958,    302.969,
   40,       98.3,    180.997,     305.530,    304.685,
   41,      100.8,    181.041,     306.560,    306.320,
   42,      103.3,    181.144,     307.490,    307.878,
   43,      105.8,    181.173,     309.372,    309.362,
   44,      108.3,    181.122,     311.669,    310.775,
   45,      110.8,    181.129,     311.656,    312.119,
   46,      113.3,    181.012,     312.963,    313.399,
   47,      115.8,    181.078,     314.506,    314.617,
   48,      118.3,    181.092,     315.861,    315.774,
   49,      120.8,    181.048,     316.490,    316.875,
   50,      123.3,    181.173,     316.824,    317.922,
   51,      125.8,    181.188,     318.454,    318.916,
   52,      128.3,    181.129,     320.489,    319.861,
   53,      130.8,    181.203,     320.635,    320.759,
   54,      133.3,    181.254,     320.820,    321.612,
   55,      135.8,    181.261,     322.186,    322.422,
   56,      138.3,    181.129,     322.698,    323.192,
   57,      140.8,    181.276,     323.815,    323.922,
   58,      143.3,    181.225,     323.631,    324.615,
   59,      145.8,    181.122,     326.024,    325.274,
   60,      148.3,    181.217,     325.852,    325.899,
   61,      150.8,    181.085,     326.642,    326.492,
   62,      153.3,    181.291,     327.650,    327.054,
   63,      155.8,    181.173,     327.035,    327.588,
   64,      158.3,    181.350,     328.095,    328.094,
   65,      160.8,    181.173,     328.415,    328.574,
   66,      163.3,    181.269,     329.897,    329.029,
   67,      165.8,    181.195,     329.479,    329.461,
   68,      168.3,    181.232,     330.515,    329.871,
   69,      170.8,    181.217,     331.094,    330.259,
   70,      175.8,    179.733,     332.159,    331.965,
----,
DateTime:        , 2025/11/19, 14:02:39, 1763575359099,
RFID_EPC:        ,--Not Acquired--,
RFID_UserData:   ,--Not Acquired--,
Barcode:         ,--Not Acquired--,
PIF:,            0.00,
PARs:,            0.0,     0.0,     0.0,     0.0,     0.0,     0.0,
Light:,           0.0,     0.0,     0.0,     0.0,     0.0,     0.0,
Cycles:,            1,
                    1,      69,      70,      70,
Lamps:,        #10000,
Gain:,              2,      50, 
SNR_raw:,     298.28,
Position:,        0.0,              0.0,   NoData,
DataPt,      Time(us),   EX,         EM,       Fit,
==========,==========,==========,==========,=========,
    0,        0.0,      0.000,       0.000,    145.310,
    1,        0.8,    161.191,     145.480,    150.764,
    2,        3.3,    179.962,     156.358,    156.834,
    3,        5.8,    180.013,     166.099,    162.874,
    4,        8.3,    180.307,     171.929,    168.877,
    5,       10.8,    180.263,     177.241,    174.820,
    6,       13.3,    180.351,     182.145,    180.692,
    7,       15.8,    180.344,     186.865,    186.480,
    8,       18.3,    180.300,     192.180,    192.173,
    9,       20.8,    180.506,     198.055,    197.769,
   10,       23.3,    180.506,     203.041,    203.254,
   11,       25.8,    180.572,     208.228,    208.622,
   12,       28.3,    180.645,     212.572,    213.868,
   13,       30.8,    180.579,     217.080,    218.984,
   14,       33.3,    180.733,     222.981,    223.969,
   15,       35.8,    180.674,     228.034,    228.816,
   16,       38.3,    180.910,     232.160,    233.529,
   17,       40.8,    180.821,     236.974,    238.097,
   18,       43.3,    180.763,     241.200,    242.522,
   19,       45.8,    180.785,     245.596,    246.803,
   20,       48.3,    180.748,     251.179,    250.939,
   21,       50.8,    181.064,     254.606,    254.937,
   22,       53.3,    180.961,     258.343,    258.791,
   23,       55.8,    180.843,     264.041,    262.501,
   24,       58.3,    180.895,     266.453,    266.073,
   25,       60.8,    181.020,     269.031,    269.508,
   26,       63.3,    180.998,     273.208,    272.807,
   27,       65.8,    181.005,     277.064,    275.974,
   28,       68.3,    180.976,     280.424,    279.010,
   29,       70.8,    181.240,     283.050,    281.921,
   30,       73.3,    181.255,     285.510,    284.709,
   31,       75.8,    181.034,     288.895,    287.374,
   32,       78.3,    181.020,     291.128,    289.922,
   33,       80.8,    181.034,     293.867,    292.357,
   34,       83.3,    181.108,     295.128,    294.681,
   35,       85.8,    180.836,     297.507,    296.898,
   36,       88.3,    181.064,     299.342,    299.014,
   37,       90.8,    181.189,     301.343,    301.031,
   38,       93.3,    181.203,     303.802,    302.952,
   39,       95.8,    181.042,     305.178,    304.782,
   40,       98.3,    181.284,     306.701,    306.523,
   41,      100.8,    181.174,     307.439,    308.180,
   42,      103.3,    181.292,     309.446,    309.755,
   43,      105.8,    181.115,     310.300,    311.252,
   44,      108.3,    180.946,     311.971,    312.674,
   45,      110.8,    181.159,     314.364,    314.025,
   46,      113.3,    181.145,     314.942,    315.308,
   47,      115.8,    180.902,     315.364,    316.525,
   48,      118.3,    181.277,     316.643,    317.680,
   49,      120.8,    181.167,     317.387,    318.776,
   50,      123.3,    181.181,     319.845,    319.814,
   51,      125.8,    181.218,     320.884,    320.799,
   52,      128.3,    181.225,     321.423,    321.733,
   53,      130.8,    181.203,     322.014,    322.617,
   54,      133.3,    181.306,     323.761,    323.455,
   55,      135.8,    180.946,     323.577,    324.249,
   56,      138.3,    181.174,     323.998,    325.000,
   57,      140.8,    181.255,     324.681,    325.711,
   58,      143.3,    181.292,     325.994,    326.384,
   59,      145.8,    181.284,     326.559,    327.021,
   60,      148.3,    181.203,     327.532,    327.624,
   61,      150.8,    181.086,     328.297,    328.195,
   62,      153.3,    181.123,     329.335,    328.735,
   63,      155.8,    181.240,     329.121,    329.245,
   64,      158.3,    181.123,     329.335,    329.728,
   65,      160.8,    181.225,     331.079,    330.184,
   66,      163.3,    181.211,     332.762,    330.615,
   67,      165.8,    181.196,     331.685,    331.023,
   68,      168.3,    181.306,     331.483,    331.408,
   69,      170.8,    181.233,     333.273,    331.772,
   70,      175.8,    179.947,     333.431,    333.106,
----,
DateTime:        , 2025/11/19, 14:02:47, 1763575367611,
RFID_EPC:        ,--Not Acquired--,
RFID_UserData:   ,--Not Acquired--,
Barcode:         ,--Not Acquired--,
PIF:,            0.00,
PARs:,            0.0,     0.0,     0.0,     0.0,     0.0,     0.0,
Light:,           0.0,     0.0,     0.0,     0.0,     0.0,     0.0,
Cycles:,            1,
                    1,      69,      70,      70,
Lamps:,        #10000,
Gain:,              2,      50, 
SNR_raw:,     248.87,
Position:,        0.0,              0.0,   NoData,
DataPt,      Time(us),   EX,         EM,       Fit,
==========,==========,==========,==========,=========,
    0,        0.0,      0.000,       0.000,    145.159,
    1,        0.8,    161.215,     145.768,    150.630,
    2,        3.3,    180.002,     156.564,    156.754,
    3,        5.8,    180.178,     166.224,    162.882,
    4,        8.3,    180.075,     171.595,    168.980,
    5,       10.8,    180.347,     176.604,    175.041,
    6,       13.3,    180.347,     181.317,    181.037,
    7,       15.8,    180.421,     187.617,    186.955,
    8,       18.3,    180.560,     193.287,    192.783,
    9,       20.8,    180.553,     198.557,    198.505,
   10,       23.3,    180.634,     204.004,    204.113,
   11,       25.8,    180.656,     208.684,    209.596,
   12,       28.3,    180.443,     213.087,    214.944,
   13,       30.8,    180.759,     220.183,    220.161,
   14,       33.3,    180.700,     224.682,    225.235,
   15,       35.8,    180.884,     229.429,    230.168,
   16,       38.3,    180.935,     233.509,    234.954,
   17,       40.8,    180.678,     239.099,    239.584,
   18,       43.3,    180.744,     241.778,    244.066,
   19,       45.8,    180.663,     248.805,    248.394,
   20,       48.3,    180.987,     252.229,    252.578,
   21,       50.8,    180.737,     256.450,    256.608,
   22,       53.3,    180.891,     262.036,    260.492,
   23,       55.8,    180.972,     264.958,    264.231,
   24,       58.3,    180.920,     266.968,    267.825,
   25,       60.8,    180.950,     272.175,    271.277,
   26,       63.3,    181.016,     274.285,    274.591,
   27,       65.8,    180.957,     278.795,    277.769,
   28,       68.3,    181.016,     280.915,    280.814,
   29,       70.8,    181.067,     283.320,    283.731,
   30,       73.3,    180.796,     288.724,    286.519,
   31,       75.8,    180.928,     289.895,    289.187,
   32,       78.3,    181.075,     291.592,    291.737,
   33,       80.8,    180.884,     294.941,    294.172,
   34,       83.3,    181.075,     296.287,    296.497,
   35,       85.8,    181.038,     299.385,    298.715,
   36,       88.3,    181.126,     300.619,    300.831,
   37,       90.8,    181.126,     303.104,    302.847,
   38,       93.3,    181.060,     304.595,    304.768,
   39,       95.8,    181.141,     306.391,    306.597,
   40,       98.3,    181.067,     309.553,    308.338,
   41,      100.8,    181.126,     309.453,    309.994,
   42,      103.3,    181.126,     311.109,    311.570,
   43,      105.8,    181.222,     313.704,    313.068,
   44,      108.3,    181.214,     315.372,    314.492,
   45,      110.8,    181.222,     316.463,    315.844,
   46,      113.3,    181.192,     316.791,    317.129,
   47,      115.8,    181.192,     317.067,    318.349,
   48,      118.3,    181.251,     318.895,    319.507,
   49,      120.8,    181.104,     319.982,    320.606,
   50,      123.3,    181.060,     320.888,    321.648,
   51,      125.8,    181.354,     322.298,    322.637,
   52,      128.3,    181.251,     323.860,    323.575,
   53,      130.8,    181.023,     323.163,    324.464,
   54,      133.3,    181.185,     324.806,    325.307,
   55,      135.8,    181.133,     326.003,    326.106,
   56,      138.3,    181.273,     326.855,    326.863,
   57,      140.8,    181.222,     327.500,    327.580,
   58,      143.3,    181.222,     328.051,    328.259,
   59,      145.8,    181.045,     329.199,    328.903,
   60,      148.3,    181.082,     330.513,    329.512,
   61,      150.8,    181.295,     328.746,    330.088,
   62,      153.3,    181.148,     331.497,    330.634,
   63,      155.8,    181.156,     330.931,    331.151,
   64,      158.3,    181.141,     332.338,    331.641,
   65,      160.8,    181.200,     331.678,    332.103,
   66,      163.3,    181.383,     332.721,    332.541,
   67,      165.8,    181.369,     334.126,    332.954,
   68,      168.3,    181.192,     333.348,    333.347,
   69,      170.8,    181.325,     334.207,    333.717,
   70,      175.8,    179.870,     335.243,    335.067,
----,
DateTime:        , 2025/11/19, 14:02:56, 1763575376096,
RFID_EPC:        ,--Not Acquired--,
RFID_UserData:   ,--Not Acquired--,
Barcode:         ,--Not Acquired--,
PIF:,            0.00,
PARs:,            0.0,     0.0,     0.0,     0.0,     0.0,     0.0,
Light:,           0.0,     0.0,     0.0,     0.0,     0.0,     0.0,
Cycles:,            1,
                    1,      69,      70,      70,
Lamps:,        #10000,
Gain:,              2,      50, 
SNR_raw:,     311.24,
Position:,        0.0,              0.0,   NoData,
DataPt,      Time(us),   EX,         EM,       Fit,
==========,==========,==========,==========,=========,
    0,        0.0,      0.000,       0.000,    146.725,
    1,        0.8,    161.341,     146.894,    152.173,
    2,        3.3,    180.027,     157.830,    158.305,
    3,        5.8,    180.166,     167.623,    164.474,
    4,        8.3,    180.159,     174.846,    170.639,
    5,       10.8,    180.203,     178.410,    176.771,
    6,       13.3,    180.365,     183.240,    182.848,
    7,       15.8,    180.607,     189.638,    188.852,
    8,       18.3,    180.585,     194.368,    194.757,
    9,       20.8,    180.526,     200.248,    200.547,
   10,       23.3,    180.548,     206.039,    206.213,
   11,       25.8,    180.666,     211.717,    211.748,
   12,       28.3,    180.703,     217.484,    217.142,
   13,       30.8,    180.659,     220.859,    222.388,
   14,       33.3,    180.703,     226.062,    227.483,
   15,       35.8,    180.805,     230.635,    232.425,
   16,       38.3,    180.761,     236.223,    237.209,
   17,       40.8,    180.717,     239.047,    241.836,
   18,       43.3,    181.048,     245.239,    246.310,
   19,       45.8,    180.901,     250.137,    250.624,
   20,       48.3,    180.997,     254.425,    254.785,
   21,       50.8,    180.886,     259.555,    258.790,
   22,       53.3,    181.026,     262.946,    262.645,
   23,       55.8,    180.967,     266.623,    266.350,
   24,       58.3,    180.960,     271.884,    269.910,
   25,       60.8,    180.850,     273.985,    273.325,
   26,       63.3,    180.783,     277.127,    276.601,
   27,       65.8,    180.960,     280.173,    279.742,
   28,       68.3,    180.923,     283.822,    282.752,
   29,       70.8,    181.004,     286.458,    285.633,
   30,       73.3,    181.070,     289.115,    288.392,
   31,       75.8,    180.930,     292.378,    291.029,
   32,       78.3,    181.276,     293.751,    293.552,
   33,       80.8,    180.894,     295.754,    295.961,
   34,       83.3,    181.033,     298.288,    298.262,
   35,       85.8,    180.908,     300.152,    300.459,
   36,       88.3,    181.121,     303.664,    302.555,
   37,       90.8,    181.048,     303.235,    304.555,
   38,       93.3,    180.952,     307.539,    306.462,
   39,       95.8,    181.143,     308.595,    308.280,
   40,       98.3,    181.077,     310.365,    310.013,
   41,      100.8,    181.261,     311.429,    311.663,
   42,      103.3,    181.254,     313.373,    313.235,
   43,      105.8,    181.070,     313.967,    314.732,
   44,      108.3,    181.217,     315.644,    316.157,
   45,      110.8,    181.268,     317.209,    317.512,
   46,      113.3,    181.085,     318.359,    318.803,
   47,      115.8,    181.048,     319.252,    320.030,
   48,      118.3,    180.864,     321.235,    321.197,
   49,      120.8,    181.004,     320.988,    322.307,
   50,      123.3,    181.224,     323.356,    323.360,
   51,      125.8,    181.085,     324.434,    324.362,
   52,      128.3,    181.055,     325.039,    325.315,
   53,      130.8,    181.342,     325.904,    326.218,
   54,      133.3,    181.298,     325.983,    327.077,
   55,      135.8,    181.180,     327.298,    327.893,
   56,      138.3,    181.173,     328.968,    328.668,
   57,      140.8,    181.158,     329.822,    329.404,
   58,      143.3,    181.276,     329.608,    330.103,
   59,      145.8,    181.129,     331.256,    330.766,
   60,      148.3,    180.997,     332.051,    331.397,
   61,      150.8,    181.268,     331.553,    331.994,
   62,      153.3,    181.217,     332.474,    332.561,
   63,      155.8,    181.166,     333.121,    333.099,
   64,      158.3,    181.283,     333.456,    333.608,
   65,      160.8,    181.327,     334.203,    334.092,
   66,      163.3,    181.143,     335.370,    334.552,
   67,      165.8,    181.210,     335.799,    334.988,
   68,      168.3,    181.283,     334.560,    335.400,
   69,      170.8,    181.298,     336.187,    335.792,
   70,      175.8,    179.718,     338.030,    337.569,
----,
DateTime:        , 2025/11/19, 14:03:04, 1763575384665,
RFID_EPC:        ,--Not Acquired--,
RFID_UserData:   ,--Not Acquired--,
Barcode:         ,--Not Acquired--,
PIF:,            0.00,
PARs:,            0.0,     0.0,     0.0,     0.0,     0.0,     0.0,
Light:,           0.0,     0.0,     0.0,     0.0,     0.0,     0.0,
Cycles:,            1,
                    1,      69,      70,      70,
Lamps:,        #10000,
Gain:,              2,      50, 
SNR_raw:,     244.39,
Position:,        0.0,              0.0,   NoData,
DataPt,      Time(us),   EX,         EM,       Fit,
==========,==========,==========,==========,=========,
    0,        0.0,      0.000,       0.000,    149.410,
    1,        0.8,    161.254,     150.383,    154.619,
    2,        3.3,    180.031,     160.856,    160.521,
    3,        5.8,    180.045,     170.235,    166.485,
    4,        8.3,    180.192,     175.368,    172.475,
    5,       10.8,    180.310,     180.523,    178.456,
    6,       13.3,    180.192,     185.358,    184.394,
    7,       15.8,    180.405,     189.296,    190.273,
    8,       18.3,    180.589,     195.194,    196.074,
    9,       20.8,    180.486,     200.846,    201.773,
   10,       23.3,    180.552,     207.142,    207.362,
   11,       25.8,    180.766,     211.600,    212.831,
   12,       28.3,    180.699,     217.212,    218.168,
   13,       30.8,    180.596,     222.873,    223.364,
   14,       33.3,    180.663,     228.049,    228.418,
   15,       35.8,    180.766,     231.515,    233.327,
   16,       38.3,    180.817,     236.980,    238.087,
   17,       40.8,    180.802,     241.977,    242.696,
   18,       43.3,    180.868,     246.588,    247.154,
   19,       45.8,    180.832,     250.233,    251.460,
   20,       48.3,    181.015,     255.503,    255.618,
   21,       50.8,    180.861,     260.144,    259.624,
   22,       53.3,    181.089,     263.407,    263.486,
   23,       55.8,    181.008,     266.287,    267.201,
   24,       58.3,    181.059,     271.458,    270.774,
   25,       60.8,    180.949,     274.110,    274.206,
   26,       63.3,    180.979,     278.210,    277.501,
   27,       65.8,    181.059,     281.675,    280.664,
   28,       68.3,    180.986,     284.829,    283.695,
   29,       70.8,    181.023,     288.914,    286.601,
   30,       73.3,    180.979,     291.471,    289.383,
   31,       75.8,    181.243,     293.804,    292.047,
   32,       78.3,    180.986,     296.156,    294.595,
   33,       80.8,    181.199,     296.635,    297.032,
   34,       83.3,    180.957,     300.625,    299.361,
   35,       85.8,    181.111,     300.921,    301.585,
   36,       88.3,    180.971,     303.363,    303.709,
   37,       90.8,    181.052,     305.989,    305.737,
   38,       93.3,    181.118,     307.810,    307.671,
   39,       95.8,    180.957,     308.914,    309.516,
   40,       98.3,    181.074,     310.922,    311.276,
   41,      100.8,    181.192,     311.824,    312.952,
   42,      103.3,    181.104,     314.737,    314.550,
   43,      105.8,    181.015,     316.548,    316.072,
   44,      108.3,    181.170,     317.106,    317.521,
   45,      110.8,    181.221,     317.844,    318.901,
   46,      113.3,    181.096,     320.548,    320.214,
   47,      115.8,    181.082,     321.126,    321.464,
   48,      118.3,    181.228,     322.521,    322.652,
   49,      120.8,    180.868,     323.440,    323.784,
   50,      123.3,    181.037,     324.795,    324.859,
   51,      125.8,    181.082,     325.820,    325.881,
   52,      128.3,    181.170,     325.662,    326.852,
   53,      130.8,    181.096,     326.622,    327.775,
   54,      133.3,    181.206,     329.183,    328.651,
   55,      135.8,    181.228,     329.418,    329.484,
   56,      138.3,    181.155,     328.724,    330.276,
   57,      140.8,    181.096,     331.592,    331.028,
   58,      143.3,    181.184,     331.430,    331.741,
   59,      145.8,    181.184,     331.706,    332.419,
   60,      148.3,    181.221,     333.019,    333.062,
   61,      150.8,    181.133,     334.009,    333.673,
   62,      153.3,    181.184,     335.018,    334.252,
   63,      155.8,    181.383,     335.478,    334.801,
   64,      158.3,    181.236,     335.475,    335.323,
   65,      160.8,    181.339,     336.111,    335.818,
   66,      163.3,    181.280,     336.496,    336.288,
   67,      165.8,    181.398,     337.932,    336.732,
   68,      168.3,    181.214,     339.102,    337.156,
   69,      170.8,    181.184,     337.501,    337.557,
   70,      175.8,    179.671,     339.232,    339.196,
----,
DateTime:        , 2025/11/19, 14:03:13, 1763575393157,
RFID_EPC:        ,--Not Acquired--,
RFID_UserData:   ,--Not Acquired--,
Barcode:         ,--Not Acquired--,
PIF:,            0.00,
PARs:,            0.0,     0.0,     0.0,     0.0,     0.0,     0.0,
Light:,           0.0,     0.0,     0.0,     0.0,     0.0,     0.0,
Cycles:,            1,
                    1,      69,      70,      70,
Lamps:,        #10000,
Gain:,              2,      50, 
SNR_raw:,     264.21,
Position:,        0.0,              0.0,   NoData,
DataPt,      Time(us),   EX,         EM,       Fit,
==========,==========,==========,==========,=========,
    0,        0.0,      0.000,       0.000,    148.087,
    1,        0.8,    161.165,     149.226,    153.688,
    2,        3.3,    180.033,     159.663,    159.927,
    3,        5.8,    180.180,     168.998,    166.141,
    4,        8.3,    180.180,     175.380,    172.309,
    5,       10.8,    180.275,     180.002,    178.420,
    6,       13.3,    180.386,     184.882,    184.462,
    7,       15.8,    180.547,     191.086,    190.425,
    8,       18.3,    180.393,     195.684,    196.288,
    9,       20.8,    180.488,     201.398,    202.048,
   10,       23.3,    180.606,     208.465,    207.699,
   11,       25.8,    180.635,     212.860,    213.230,
   12,       28.3,    180.533,     217.966,    218.631,
   13,       30.8,    180.724,     222.439,    223.905,
   14,       33.3,    180.753,     228.212,    229.041,
   15,       35.8,    180.680,     232.179,    234.035,
   16,       38.3,    180.893,     238.263,    238.889,
   17,       40.8,    180.746,     243.159,    243.594,
   18,       43.3,    180.760,     247.842,    248.151,
   19,       45.8,    180.966,     252.810,    252.563,
   20,       48.3,    180.804,     257.461,    256.822,
   21,       50.8,    180.988,     259.962,    260.936,
   22,       53.3,    181.010,     265.178,    264.902,
   23,       55.8,    180.973,     269.100,    268.719,
   24,       58.3,    180.849,     272.604,    272.390,
   25,       60.8,    180.841,     276.209,    275.917,
   26,       63.3,    180.871,     280.035,    279.303,
   27,       65.8,    181.054,     282.512,    282.553,
   28,       68.3,    180.885,     286.369,    285.666,
   29,       70.8,    180.995,     289.510,    288.648,
   30,       73.3,    180.959,     292.884,    291.501,
   31,       75.8,    181.003,     295.023,    294.228,
   32,       78.3,    181.113,     296.500,    296.835,
   33,       80.8,    181.326,     300.012,    299.325,
   34,       83.3,    181.054,     301.843,    301.698,
   35,       85.8,    180.973,     303.636,    303.960,
   36,       88.3,    181.098,     305.635,    306.116,
   37,       90.8,    181.025,     308.245,    308.169,
   38,       93.3,    181.032,     309.890,    310.122,
   39,       95.8,    181.091,     311.998,    311.981,
   40,       98.3,    181.040,     314.296,    313.748,
   41,      100.8,    181.069,     316.178,    315.427,
   42,      103.3,    181.150,     316.589,    317.022,
   43,      105.8,    181.120,     318.021,    318.537,
   44,      108.3,    181.069,     319.492,    319.974,
   45,      110.8,    181.319,     321.257,    321.338,
   46,      113.3,    181.245,     320.836,    322.631,
   47,      115.8,    181.120,     323.818,    323.857,
   48,      118.3,    181.201,     324.501,    325.019,
   49,      120.8,    181.201,     326.157,    326.119,
   50,      123.3,    181.164,     328.707,    327.162,
   51,      125.8,    181.209,     327.247,    328.149,
   52,      128.3,    181.223,     329.152,    329.083,
   53,      130.8,    181.209,     330.282,    329.967,
   54,      133.3,    181.216,     330.545,    330.804,
   55,      135.8,    181.289,     330.963,    331.595,
   56,      138.3,    181.282,     332.355,    332.343,
   57,      140.8,    181.370,     333.572,    333.050,
   58,      143.3,    181.164,     333.123,    333.719,
   59,      145.8,    181.113,     334.874,    334.351,
   60,      148.3,    181.150,     335.082,    334.948,
   61,      150.8,    181.231,     335.208,    335.512,
   62,      153.3,    181.076,     335.770,    336.046,
   63,      155.8,    181.216,     337.995,    336.549,
   64,      158.3,    181.128,     336.503,    337.024,
   65,      160.8,    181.084,     336.585,    337.474,
   66,      163.3,    181.231,     337.415,    337.897,
   67,      165.8,    181.231,     337.415,    338.297,
   68,      168.3,    181.326,     339.719,    338.674,
   69,      170.8,    181.238,     339.885,    339.031,
   70,      175.8,    179.629,     340.424,    340.225,
----,
DateTime:        , 2025/11/19, 14:03:21, 1763575401622,
RFID_EPC:        ,--Not Acquired--,
RFID_UserData:   ,--Not Acquired--,
Barcode:         ,--Not Acquired--,
PIF:,            0.00,
PARs:,            0.0,     0.0,     0.0,     0.0,     0.0,     0.0,
Light:,           0.0,     0.0,     0.0,     0.0,     0.0,     0.0,
Cycles:,            1,
                    1,      69,      70,      70,
Lamps:,        #10000,
Gain:,              2,      50, 
SNR_raw:,     339.96,
Position:,        0.0,              0.0,   NoData,
DataPt,      Time(us),   EX,         EM,       Fit,
==========,==========,==========,==========,=========,
    0,        0.0,      0.000,       0.000,    149.910,
    1,        0.8,    161.324,     150.629,    155.744,
    2,        3.3,    179.951,     161.768,    162.199,
    3,        5.8,    180.215,     171.739,    168.599,
    4,        8.3,    180.429,     177.910,    174.928,
    5,       10.8,    180.340,     182.156,    181.165,
    6,       13.3,    180.223,     188.101,    187.298,
    7,       15.8,    180.509,     194.450,    193.332,
    8,       18.3,    180.348,     200.446,    199.242,
    9,       20.8,    180.406,     204.815,    205.030,
   10,       23.3,    180.634,     209.816,    210.692,
   11,       25.8,    180.487,     216.082,    216.214,
   12,       28.3,    180.568,     221.523,    221.596,
   13,       30.8,    180.811,     225.927,    226.839,
   14,       33.3,    180.958,     230.164,    231.937,
   15,       35.8,    180.877,     235.243,    236.881,
   16,       38.3,    180.781,     242.282,    241.671,
   17,       40.8,    180.825,     245.264,    246.308,
   18,       43.3,    180.972,     249.762,    250.795,
   19,       45.8,    180.803,     254.973,    255.124,
   20,       48.3,    180.921,     258.400,    259.303,
   21,       50.8,    180.781,     263.302,    263.328,
   22,       53.3,    180.928,     268.062,    267.205,
   23,       55.8,    181.002,     271.268,    270.935,
   24,       58.3,    181.060,     274.494,    274.521,
   25,       60.8,    180.877,     278.090,    277.961,
   26,       63.3,    181.031,     282.548,    281.262,
   27,       65.8,    181.075,     283.584,    284.427,
   28,       68.3,    181.207,     287.516,    287.460,
   29,       70.8,    180.877,     290.529,    290.359,
   30,       73.3,    180.958,     292.886,    293.132,
   31,       75.8,    181.038,     296.346,    295.783,
   32,       78.3,    181.090,     298.747,    298.316,
   33,       80.8,    181.038,     300.765,    300.732,
   34,       83.3,    180.884,     304.062,    303.036,
   35,       85.8,    181.097,     305.361,    305.234,
   36,       88.3,    181.163,     308.285,    307.328,
   37,       90.8,    181.178,     309.364,    309.323,
   38,       93.3,    180.950,     311.135,    311.220,
   39,       95.8,    181.119,     313.053,    313.026,
   40,       98.3,    181.252,     315.584,    314.744,
   41,      100.8,    181.038,     315.126,    316.376,
   42,      103.3,    181.156,     317.682,    317.927,
   43,      105.8,    181.127,     319.942,    319.400,
   44,      108.3,    181.112,     320.796,    320.798,
   45,      110.8,    181.097,     322.479,    322.124,
   46,      113.3,    181.310,     324.030,    323.383,
   47,      115.8,    181.193,     324.516,    324.577,
   48,      118.3,    181.068,     325.569,    325.709,
   49,      120.8,    181.097,     326.896,    326.781,
   50,      123.3,    180.965,     327.411,    327.797,
   51,      125.8,    181.222,     328.602,    328.760,
   52,      128.3,    181.163,     329.537,    329.671,
   53,      130.8,    180.877,     330.335,    330.534,
   54,      133.3,    181.200,     331.402,    331.350,
   55,      135.8,    181.281,     331.806,    332.123,
   56,      138.3,    181.053,     331.947,    332.854,
   57,      140.8,    181.266,     332.660,    333.545,
   58,      143.3,    181.207,     334.423,    334.198,
   59,      145.8,    181.288,     334.826,    334.815,
   60,      148.3,    181.207,     334.423,    335.399,
   61,      150.8,    181.016,     335.605,    335.951,
   62,      153.3,    181.156,     337.278,    336.472,
   63,      155.8,    181.244,     336.838,    336.964,
   64,      158.3,    180.965,     337.911,    337.430,
   65,      160.8,    181.134,     337.872,    337.868,
   66,      163.3,    181.288,     338.411,    338.282,
   67,      165.8,    181.229,     338.521,    338.673,
   68,      168.3,    181.252,     338.480,    339.041,
   69,      170.8,    181.281,     339.253,    339.389,
   70,      175.8,    179.716,     341.094,    340.644,
----,
DateTime:        , 2025/11/19, 14:03:30, 1763575410185,
RFID_EPC:        ,--Not Acquired--,
RFID_UserData:   ,--Not Acquired--,
Barcode:         ,--Not Acquired--,
PIF:,            0.00,
PARs:,            0.0,     0.0,     0.0,     0.0,     0.0,     0.0,
Light:,           0.0,     0.0,     0.0,     0.0,     0.0,     0.0,
Cycles:,            1,
                    1,      69,      70,      70,
Lamps:,        #10000,
Gain:,              2,      50, 
SNR_raw:,     275.20,
Position:,        0.0,              0.0,   NoData,
DataPt,      Time(us),   EX,         EM,       Fit,
==========,==========,==========,==========,=========,
    0,        0.0,      0.000,       0.000,    149.934,
    1,        0.8,    161.132,     151.118,    155.511,
    2,        3.3,    180.033,     161.750,    161.762,
    3,        5.8,    180.135,     171.260,    168.019,
    4,        8.3,    180.319,     176.354,    174.257,
    5,       10.8,    180.275,     182.222,    180.448,
    6,       13.3,    180.334,     187.430,    186.575,
    7,       15.8,    180.466,     193.111,    192.621,
    8,       18.3,    180.532,     198.026,    198.572,
    9,       20.8,    180.694,     203.106,    204.415,
   10,       23.3,    180.569,     210.446,    210.134,
   11,       25.8,    180.723,     216.630,    215.726,
   12,       28.3,    180.532,     220.182,    221.175,
   13,       30.8,    180.731,     226.027,    226.485,
   14,       33.3,    180.613,     230.050,    231.644,
   15,       35.8,    180.635,     235.004,    236.651,
   16,       38.3,    180.878,     240.771,    241.508,
   17,       40.8,    180.834,     245.530,    246.208,
   18,       43.3,    180.878,     249.893,    250.752,
   19,       45.8,    180.936,     256.167,    255.140,
   20,       48.3,    180.951,     258.633,    259.372,
   21,       50.8,    180.797,     261.896,    263.447,
   22,       53.3,    180.995,     267.410,    267.370,
   23,       55.8,    180.973,     271.311,    271.142,
   24,       58.3,    181.032,     275.366,    274.766,
   25,       60.8,    180.900,     278.607,    278.243,
   26,       63.3,    180.870,     282.523,    281.577,
   27,       65.8,    180.966,     284.584,    284.773,
   28,       68.3,    181.083,     288.817,    287.833,
   29,       70.8,    180.914,     291.851,    290.761,
   30,       73.3,    181.010,     294.735,    293.561,
   31,       75.8,    181.069,     297.677,    296.237,
   32,       78.3,    181.150,     299.476,    298.793,
   33,       80.8,    181.120,     301.733,    301.233,
   34,       83.3,    181.091,     304.267,    303.560,
   35,       85.8,    180.981,     305.558,    305.779,
   36,       88.3,    181.127,     308.622,    307.894,
   37,       90.8,    180.995,     310.505,    309.909,
   38,       93.3,    181.127,     311.107,    311.827,
   39,       95.8,    181.039,     314.296,    313.653,
   40,       98.3,    181.061,     315.363,    315.390,
   41,      100.8,    181.069,     317.283,    317.042,
   42,      103.3,    181.238,     318.091,    318.613,
   43,      105.8,    181.179,     319.298,    320.106,
   44,      108.3,    180.944,     322.752,    321.525,
   45,      110.8,    181.127,     322.701,    322.872,
   46,      113.3,    181.017,     322.345,    324.151,
   47,      115.8,    181.032,     324.528,    325.365,
   48,      118.3,    181.113,     326.316,    326.518,
   49,      120.8,    181.120,     327.683,    327.611,
   50,      123.3,    181.267,     327.417,    328.648,
   51,      125.8,    181.223,     329.428,    329.631,
   52,      128.3,    181.105,     329.918,    330.564,
   53,      130.8,    181.157,     330.653,    331.448,
   54,      133.3,    181.245,     331.319,    332.285,
   55,      135.8,    181.186,     333.083,    333.079,
   56,      138.3,    181.267,     333.486,    333.831,
   57,      140.8,    181.267,     334.865,    334.544,
   58,      143.3,    181.135,     334.005,    335.219,
   59,      145.8,    181.289,     335.100,    335.858,
   60,      148.3,    181.296,     335.362,    336.463,
   61,      150.8,    181.150,     338.394,    337.037,
   62,      153.3,    181.208,     338.009,    337.579,
   63,      155.8,    181.333,     337.500,    338.092,
   64,      158.3,    181.039,     338.048,    338.580,
   65,      160.8,    181.289,     340.340,    339.039,
   66,      163.3,    181.127,     340.644,    339.475,
   67,      165.8,    181.201,     340.506,    339.887,
   68,      168.3,    181.194,     340.520,    340.277,
   69,      170.8,    181.113,     341.224,    340.646,
   70,      175.8,    179.768,     342.664,    342.347,
----,
DateTime:        , 2025/11/19, 14:03:38, 1763575418727,
RFID_EPC:        ,--Not Acquired--,
RFID_UserData:   ,--Not Acquired--,
Barcode:         ,--Not Acquired--,
PIF:,            0.00,
PARs:,            0.0,     0.0,     0.0,     0.0,     0.0,     0.0,
Light:,           0.0,     0.0,     0.0,     0.0,     0.0,     0.0,
Cycles:,            1,
                    1,      69,      70,      70,
Lamps:,        #10000,
Gain:,              2,      50, 
SNR_raw:,     244.19,
Position:,        0.0,              0.0,   NoData,
DataPt,      Time(us),   EX,         EM,       Fit,
==========,==========,==========,==========,=========,
    0,        0.0,      0.000,       0.000,    151.450,
    1,        0.8,    161.149,     150.792,    156.587,
    2,        3.3,    179.922,     162.258,    162.484,
    3,        5.8,    180.282,     172.508,    168.519,
    4,        8.3,    180.179,     177.324,    174.619,
    5,       10.8,    180.363,     182.687,    180.745,
    6,       13.3,    180.436,     188.155,    186.854,
    7,       15.8,    180.466,     192.834,    192.914,
    8,       18.3,    180.605,     199.053,    198.900,
    9,       20.8,    180.671,     204.515,    204.790,
   10,       23.3,    180.627,     210.378,    210.565,
   11,       25.8,    180.576,     215.422,    216.210,
   12,       28.3,    180.583,     220.951,    221.718,
   13,       30.8,    180.613,     226.451,    227.080,
   14,       33.3,    180.782,     230.942,    232.292,
   15,       35.8,    180.760,     236.502,    237.348,
   16,       38.3,    180.796,     241.985,    242.246,
   17,       40.8,    180.870,     246.586,    246.984,
   18,       43.3,    180.965,     250.048,    251.563,
   19,       45.8,    180.929,     255.626,    255.980,
   20,       48.3,    181.031,     259.071,    260.239,
   21,       50.8,    180.862,     264.289,    264.338,
   22,       53.3,    180.848,     268.734,    268.282,
   23,       55.8,    180.899,     272.251,    272.073,
   24,       58.3,    180.877,     276.154,    275.714,
   25,       60.8,    180.929,     280.221,    279.209,
   26,       63.3,    180.848,     282.282,    282.561,
   27,       65.8,    181.076,     285.792,    285.775,
   28,       68.3,    180.995,     290.340,    288.853,
   29,       70.8,    181.068,     292.431,    291.800,
   30,       73.3,    181.274,     296.237,    294.621,
   31,       75.8,    181.017,     298.039,    297.317,
   32,       78.3,    181.127,     300.618,    299.895,
   33,       80.8,    180.914,     301.801,    302.357,
   34,       83.3,    180.987,     304.994,    304.709,
   35,       85.8,    180.980,     305.835,    306.953,
   36,       88.3,    181.024,     309.627,    309.094,
   37,       90.8,    180.929,     312.278,    311.137,
   38,       93.3,    181.178,     312.951,    313.084,
   39,       95.8,    180.973,     313.031,    314.940,
   40,       98.3,    181.252,     315.307,    316.708,
   41,      100.8,    181.090,     319.178,    318.392,
   42,      103.3,    181.186,     319.562,    319.996,
   43,      105.8,    181.076,     320.861,    321.523,
   44,      108.3,    181.083,     323.609,    322.976,
   45,      110.8,    180.980,     325.174,    324.359,
   46,      113.3,    181.171,     324.831,    325.674,
   47,      115.8,    181.112,     327.421,    326.924,
   48,      118.3,    181.156,     328.446,    328.113,
   49,      120.8,    181.061,     328.619,    329.244,
   50,      123.3,    181.127,     329.879,    330.318,
   51,      125.8,    181.259,     330.742,    331.337,
   52,      128.3,    181.200,     331.677,    332.307,
   53,      130.8,    181.193,     333.346,    333.228,
   54,      133.3,    181.046,     334.721,    334.103,
   55,      135.8,    181.120,     334.585,    334.934,
   56,      138.3,    181.127,     336.228,    335.723,
   57,      140.8,    181.230,     336.313,    336.470,
   58,      143.3,    181.281,     336.769,    337.180,
   59,      145.8,    180.965,     338.739,    337.856,
   60,      148.3,    181.333,     338.880,    338.495,
   61,      150.8,    181.259,     340.396,    339.101,
   62,      153.3,    181.223,     339.086,    339.677,
   63,      155.8,    181.208,     339.941,    340.223,
   64,      158.3,    181.178,     340.824,    340.742,
   65,      160.8,    181.252,     340.410,    341.233,
   66,      163.3,    181.252,     341.514,    341.699,
   67,      165.8,    181.156,     341.418,    342.142,
   68,      168.3,    181.267,     342.313,    342.560,
   69,      170.8,    181.083,     343.765,    342.959,
   70,      175.8,    179.863,     345.262,    345.023,
----,
DateTime:        , 2025/11/19, 14:03:47, 1763575427283,
RFID_EPC:        ,--Not Acquired--,
RFID_UserData:   ,--Not Acquired--,
Barcode:         ,--Not Acquired--,
PIF:,            0.00,
PARs:,            0.0,     0.0,     0.0,     0.0,     0.0,     0.0,
Light:,           0.0,     0.0,     0.0,     0.0,     0.0,     0.0,
Cycles:,            1,
                    1,      69,      70,      70,
Lamps:,        #10000,
Gain:,              2,      50, 
SNR_raw:,     252.59,
Position:,        0.0,              0.0,   NoData,
DataPt,      Time(us),   EX,         EM,       Fit,
==========,==========,==========,==========,=========,
    0,        0.0,      0.000,       0.000,    151.322,
    1,        0.8,    161.173,     152.010,    156.931,
    2,        3.3,    179.924,     163.380,    163.187,
    3,        5.8,    180.056,     173.557,    169.429,
    4,        8.3,    180.078,     178.256,    175.635,
    5,       10.8,    180.328,     183.832,    181.797,
    6,       13.3,    180.409,     188.738,    187.894,
    7,       15.8,    180.578,     192.715,    193.916,
    8,       18.3,    180.593,     199.344,    199.845,
    9,       20.8,    180.761,     205.519,    205.676,
   10,       23.3,    180.563,     210.176,    211.389,
   11,       25.8,    180.776,     216.566,    216.987,
   12,       28.3,    180.497,     222.164,    222.449,
   13,       30.8,    180.615,     226.726,    227.781,
   14,       33.3,    180.725,     232.121,    232.977,
   15,       35.8,    180.717,     236.557,    238.029,
   16,       38.3,    180.864,     241.894,    242.938,
   17,       40.8,    180.820,     247.760,    247.697,
   18,       43.3,    181.026,     252.726,    252.309,
   19,       45.8,    180.769,     256.681,    256.764,
   20,       48.3,    180.879,     260.395,    261.069,
   21,       50.8,    180.960,     264.976,    265.223,
   22,       53.3,    180.945,     269.419,    269.226,
   23,       55.8,    181.063,     272.281,    273.080,
   24,       58.3,    180.975,     277.387,    276.785,
   25,       60.8,    180.916,     282.728,    280.342,
   26,       63.3,    180.989,     284.271,    283.756,
   27,       65.8,    180.997,     287.574,    287.029,
   28,       68.3,    180.945,     291.801,    290.164,
   29,       70.8,    181.004,     293.916,    293.164,
   30,       73.3,    181.026,     296.642,    296.033,
   31,       75.8,    181.077,     299.872,    298.775,
   32,       78.3,    181.004,     301.651,    301.392,
   33,       80.8,    181.041,     304.075,    303.889,
   34,       83.3,    181.026,     306.033,    306.270,
   35,       85.8,    181.070,     307.892,    308.538,
   36,       88.3,    181.041,     311.532,    310.698,
   37,       90.8,    181.011,     312.964,    312.753,
   38,       93.3,    181.173,     314.616,    314.709,
   39,       95.8,    180.938,     316.407,    316.567,
   40,       98.3,    181.224,     318.390,    318.333,
   41,      100.8,    181.210,     319.243,    320.011,
   42,      103.3,    181.055,     321.725,    321.602,
   43,      105.8,    181.158,     321.542,    323.113,
   44,      108.3,    181.092,     323.592,    324.545,
   45,      110.8,    181.136,     326.274,    325.903,
   46,      113.3,    181.195,     327.272,    327.190,
   47,      115.8,    181.166,     329.257,    328.410,
   48,      118.3,    181.041,     328.932,    329.564,
   49,      120.8,    181.136,     331.794,    330.657,
   50,      123.3,    181.004,     331.484,    331.692,
   51,      125.8,    181.180,     332.266,    332.670,
   52,      128.3,    181.070,     332.744,    333.596,
   53,      130.8,    181.268,     332.380,    334.472,
   54,      133.3,    181.276,     335.952,    335.300,
   55,      135.8,    181.217,     335.785,    336.082,
   56,      138.3,    181.379,     337.140,    336.822,
   57,      140.8,    181.158,     336.446,    337.520,
   58,      143.3,    181.129,     337.605,    338.180,
   59,      145.8,    181.107,     338.474,    338.804,
   60,      148.3,    181.188,     339.979,    339.392,
   61,      150.8,    181.055,     340.227,    339.948,
   62,      153.3,    181.232,     340.172,    340.473,
   63,      155.8,    181.188,     341.083,    340.968,
   64,      158.3,    181.239,     341.538,    341.435,
   65,      160.8,    181.335,     342.461,    341.876,
   66,      163.3,    181.276,     342.572,    342.292,
   67,      165.8,    181.129,     344.506,    342.684,
   68,      168.3,    181.180,     343.580,    343.055,
   69,      170.8,    181.195,     344.104,    343.404,
   70,      175.8,    179.630,     344.597,    344.489,
----,
DateTime:        , 2025/11/19, 14:03:55, 1763575435763,
RFID_EPC:        ,--Not Acquired--,
RFID_UserData:   ,--Not Acquired--,
Barcode:         ,--Not Acquired--,
PIF:,            0.00,
PARs:,            0.0,     0.0,     0.0,     0.0,     0.0,     0.0,
Light:,           0.0,     0.0,     0.0,     0.0,     0.0,     0.0,
Cycles:,            1,
                    1,      69,      70,      70,
Lamps:,        #10000,
Gain:,              2,      50, 
SNR_raw:,     301.10,
Position:,        0.0,              0.0,   NoData,
DataPt,      Time(us),   EX,         EM,       Fit,
==========,==========,==========,==========,=========,
    0,        0.0,      0.000,       0.000,    151.971,
    1,        0.8,    161.222,     152.585,    157.303,
    2,        3.3,    179.952,     163.119,    163.310,
    3,        5.8,    180.246,     172.542,    169.366,
    4,        8.3,    180.194,     179.251,    175.432,
    5,       10.8,    180.268,     182.784,    181.489,
    6,       13.3,    180.466,     186.739,    187.517,
    7,       15.8,    180.532,     194.702,    193.494,
    8,       18.3,    180.665,     199.264,    199.403,
    9,       20.8,    180.481,     205.562,    205.222,
   10,       23.3,    180.606,     211.233,    210.946,
   11,       25.8,    180.510,     215.777,    216.557,
   12,       28.3,    180.562,     220.977,    222.050,
   13,       30.8,    180.819,     225.917,    227.420,
   14,       33.3,    180.562,     231.223,    232.650,
   15,       35.8,    180.775,     235.652,    237.742,
   16,       38.3,    180.790,     242.547,    242.690,
   17,       40.8,    180.929,     247.334,    247.491,
   18,       43.3,    180.731,     251.479,    252.137,
   19,       45.8,    180.797,     256.088,    256.630,
   20,       48.3,    180.863,     260.142,    260.971,
   21,       50.8,    180.753,     265.279,    265.155,
   22,       53.3,    180.716,     270.037,    269.186,
   23,       55.8,    180.973,     273.245,    273.067,
   24,       58.3,    181.025,     276.758,    276.797,
   25,       60.8,    180.995,     280.947,    280.378,
   26,       63.3,    181.061,     284.986,    283.813,
   27,       65.8,    181.054,     287.483,    287.104,
   28,       68.3,    181.003,     290.880,    290.254,
   29,       70.8,    181.061,     294.099,    293.267,
   30,       73.3,    180.973,     296.729,    296.146,
   31,       75.8,    180.995,     300.008,    298.895,
   32,       78.3,    181.128,     303.101,    301.518,
   33,       80.8,    180.995,     303.875,    304.019,
   34,       83.3,    181.054,     307.919,    306.401,
   35,       85.8,    181.032,     308.785,    308.670,
   36,       88.3,    181.076,     311.195,    310.829,
   37,       90.8,    181.091,     312.826,    312.882,
   38,       93.3,    181.201,     314.292,    314.834,
   39,       95.8,    181.142,     316.878,    316.688,
   40,       98.3,    181.208,     318.142,    318.449,
   41,      100.8,    181.245,     319.181,    320.120,
   42,      103.3,    181.054,     321.451,    321.705,
   43,      105.8,    181.083,     323.884,    323.208,
   44,      108.3,    181.054,     325.041,    324.632,
   45,      110.8,    181.061,     325.856,    325.982,
   46,      113.3,    181.069,     327.224,    327.260,
   47,      115.8,    181.120,     328.511,    328.470,
   48,      118.3,    181.157,     328.721,    329.616,
   49,      120.8,    181.216,     329.442,    330.699,
   50,      123.3,    181.172,     330.902,    331.724,
   51,      125.8,    181.245,     331.871,    332.693,
   52,      128.3,    181.164,     332.295,    333.610,
   53,      130.8,    181.120,     334.861,    334.476,
   54,      133.3,    181.039,     335.562,    335.295,
   55,      135.8,    181.142,     335.372,    336.068,
   56,      138.3,    181.252,     336.547,    336.798,
   57,      140.8,    181.003,     336.459,    337.488,
   58,      143.3,    181.164,     337.815,    338.140,
   59,      145.8,    181.120,     337.069,    338.754,
   60,      148.3,    181.076,     338.532,    339.335,
   61,      150.8,    181.311,     339.196,    339.881,
   62,      153.3,    181.252,     340.961,    340.397,
   63,      155.8,    181.289,     340.340,    340.884,
   64,      158.3,    181.377,     342.656,    341.343,
   65,      160.8,    181.297,     342.257,    341.776,
   66,      163.3,    181.223,     343.499,    342.185,
   67,      165.8,    181.245,     342.906,    342.570,
   68,      168.3,    181.194,     344.107,    342.934,
   69,      170.8,    181.164,     344.163,    343.277,
   70,      175.8,    179.783,     345.417,    344.999,
----,
DateTime:        , 2025/11/19, 14:04:04, 1763575444312,
RFID_EPC:        ,--Not Acquired--,
RFID_UserData:   ,--Not Acquired--,
Barcode:         ,--Not Acquired--,
PIF:,            0.00,
PARs:,            0.0,     0.0,     0.0,     0.0,     0.0,     0.0,
Light:,           0.0,     0.0,     0.0,     0.0,     0.0,     0.0,
Cycles:,            1,
                    1,      69,      70,      70,
Lamps:,        #10000,
Gain:,              2,      50, 
SNR_raw:,     281.51,
Position:,        0.0,              0.0,   NoData,
DataPt,      Time(us),   EX,         EM,       Fit,
==========,==========,==========,==========,=========,
    0,        0.0,      0.000,       0.000,    152.079,
    1,        0.8,    161.374,     153.680,    157.403,
    2,        3.3,    179.897,     164.050,    163.426,
    3,        5.8,    179.985,     173.347,    169.515,
    4,        8.3,    180.243,     177.539,    175.638,
    5,       10.8,    180.529,     183.350,    181.761,
    6,       13.3,    180.375,     187.942,    187.846,
    7,       15.8,    180.485,     193.368,    193.875,
    8,       18.3,    180.544,     200.782,    199.827,
    9,       20.8,    180.397,     204.549,    205.681,
   10,       23.3,    180.610,     210.398,    211.431,
   11,       25.8,    180.360,     215.957,    217.054,
   12,       28.3,    180.727,     221.604,    222.555,
   13,       30.8,    180.772,     225.699,    227.919,
   14,       33.3,    180.713,     231.306,    233.137,
   15,       35.8,    180.874,     237.734,    238.209,
   16,       38.3,    180.838,     242.206,    243.128,
   17,       40.8,    180.867,     247.972,    247.892,
   18,       43.3,    180.867,     251.289,    252.499,
   19,       45.8,    180.882,     257.350,    256.949,
   20,       48.3,    180.970,     261.369,    261.243,
   21,       50.8,    180.904,     265.887,    265.379,
   22,       53.3,    180.772,     269.954,    269.359,
   23,       55.8,    180.852,     274.257,    273.185,
   24,       58.3,    180.764,     278.263,    276.860,
   25,       60.8,    180.955,     280.732,    280.389,
   26,       63.3,    181.139,     284.864,    283.774,
   27,       65.8,    181.036,     287.512,    287.016,
   28,       68.3,    181.198,     291.394,    290.121,
   29,       70.8,    181.088,     294.333,    293.089,
   30,       73.3,    181.058,     296.314,    295.927,
   31,       75.8,    181.168,     299.169,    298.637,
   32,       78.3,    181.065,     301.548,    301.224,
   33,       80.8,    180.933,     303.427,    303.691,
   34,       83.3,    180.963,     306.693,    306.042,
   35,       85.8,    180.955,     309.469,    308.283,
   36,       88.3,    180.867,     310.449,    310.416,
   37,       90.8,    181.065,     311.490,    312.447,
   38,       93.3,    181.190,     316.242,    314.380,
   39,       95.8,    181.117,     316.370,    316.217,
   40,       98.3,    181.183,     317.359,    317.964,
   41,      100.8,    181.205,     318.700,    319.624,
   42,      103.3,    181.065,     320.602,    321.200,
   43,      105.8,    181.374,     323.089,    322.696,
   44,      108.3,    180.889,     322.850,    324.116,
   45,      110.8,    181.212,     325.861,    325.463,
   46,      113.3,    180.933,     326.087,    326.741,
   47,      115.8,    181.117,     327.137,    327.952,
   48,      118.3,    181.117,     328.517,    329.100,
   49,      120.8,    181.124,     328.780,    330.187,
   50,      123.3,    181.212,     329.999,    331.218,
   51,      125.8,    181.117,     331.830,    332.194,
   52,      128.3,    181.286,     332.624,    333.117,
   53,      130.8,    181.021,     333.938,    333.992,
   54,      133.3,    181.124,     333.749,    334.820,
   55,      135.8,    181.110,     335.984,    335.603,
   56,      138.3,    181.176,     336.690,    336.344,
   57,      140.8,    181.146,     337.296,    337.045,
   58,      143.3,    181.205,     337.463,    337.708,
   59,      145.8,    181.205,     339.119,    338.334,
   60,      148.3,    180.999,     339.780,    338.928,
   61,      150.8,    181.337,     339.423,    339.487,
   62,      153.3,    181.198,     340.236,    340.016,
   63,      155.8,    181.168,     341.119,    340.517,
   64,      158.3,    181.242,     340.981,    340.989,
   65,      160.8,    181.168,     343.603,    341.436,
   66,      163.3,    181.337,     341.904,    341.858,
   67,      165.8,    181.279,     343.394,    342.256,
   68,      168.3,    181.161,     342.789,    342.633,
   69,      170.8,    181.161,     343.893,    342.989,
   70,      175.8,    179.927,     344.307,    344.380,
----,
DateTime:        , 2025/11/19, 14:04:12, 1763575452760,
RFID_EPC:        ,--Not Acquired--,
RFID_UserData:   ,--Not Acquired--,
Barcode:         ,--Not Acquired--,
PIF:,            0.00,
PARs:,            0.0,     0.0,     0.0,     0.0,     0.0,     0.0,
Light:,           0.0,     0.0,     0.0,     0.0,     0.0,     0.0,
Cycles:,            1,
                    1,      69,      70,      70,
Lamps:,        #10000,
Gain:,              2,      50, 
SNR_raw:,     261.99,
Position:,        0.0,              0.0,   NoData,
DataPt,      Time(us),   EX,         EM,       Fit,
==========,==========,==========,==========,=========,
    0,        0.0,      0.000,       0.000,    151.771,
    1,        0.8,    161.213,     152.593,    157.249,
    2,        3.3,    179.794,     163.457,    163.427,
    3,        5.8,    180.161,     173.178,    169.665,
    4,        8.3,    180.220,     178.670,    175.914,
    5,       10.8,    180.294,     184.144,    182.146,
    6,       13.3,    180.411,     189.013,    188.333,
    7,       15.8,    180.404,     194.563,    194.452,
    8,       18.3,    180.558,     199.659,    200.485,
    9,       20.8,    180.411,     205.918,    206.410,
   10,       23.3,    180.632,     212.311,    212.222,
   11,       25.8,    180.558,     216.551,    217.903,
   12,       28.3,    180.646,     222.811,    223.447,
   13,       30.8,    180.595,     228.135,    228.845,
   14,       33.3,    180.735,     232.385,    234.093,
   15,       35.8,    180.815,     237.535,    239.187,
   16,       38.3,    180.771,     243.678,    244.122,
   17,       40.8,    180.823,     247.757,    248.896,
   18,       43.3,    180.889,     253.747,    253.510,
   19,       45.8,    180.911,     257.585,    257.963,
   20,       48.3,    181.058,     262.899,    262.256,
   21,       50.8,    180.955,     267.194,    266.388,
   22,       53.3,    181.139,     271.063,    270.364,
   23,       55.8,    180.955,     274.101,    274.182,
   24,       58.3,    181.014,     278.708,    277.848,
   25,       60.8,    181.168,     281.231,    281.365,
   26,       63.3,    181.065,     284.980,    284.734,
   27,       65.8,    180.955,     288.746,    287.960,
   28,       68.3,    180.999,     291.162,    291.046,
   29,       70.8,    181.036,     294.141,    293.998,
   30,       73.3,    181.065,     297.683,    296.818,
   31,       75.8,    180.992,     300.014,    299.511,
   32,       78.3,    181.006,     303.028,    302.082,
   33,       80.8,    181.021,     305.489,    304.534,
   34,       83.3,    180.926,     308.138,    306.871,
   35,       85.8,    181.014,     309.645,    309.098,
   36,       88.3,    181.109,     310.586,    311.219,
   37,       90.8,    180.992,     314.655,    313.238,
   38,       93.3,    181.102,     315.292,    315.160,
   39,       95.8,    181.080,     316.711,    316.988,
   40,       98.3,    180.970,     319.391,    318.726,
   41,      100.8,    181.102,     319.986,    320.377,
   42,      103.3,    181.139,     321.301,    321.947,
   43,      105.8,    181.308,     322.656,    323.437,
   44,      108.3,    181.117,     323.272,    324.853,
   45,      110.8,    181.219,     325.296,    326.196,
   46,      113.3,    181.146,     327.360,    327.472,
   47,      115.8,    181.175,     327.583,    328.681,
   48,      118.3,    181.095,     329.386,    329.829,
   49,      120.8,    181.043,     330.032,    330.918,
   50,      123.3,    181.043,     331.137,    331.950,
   51,      125.8,    181.256,     332.127,    332.927,
   52,      128.3,    181.278,     334.569,    333.853,
   53,      130.8,    181.205,     334.152,    334.730,
   54,      133.3,    181.256,     336.264,    335.562,
   55,      135.8,    181.153,     336.455,    336.349,
   56,      138.3,    181.278,     337.878,    337.095,
   57,      140.8,    181.102,     337.103,    337.802,
   58,      143.3,    181.095,     338.221,    338.471,
   59,      145.8,    181.241,     338.223,    339.103,
   60,      148.3,    181.175,     339.726,    339.702,
   61,      150.8,    181.264,     339.837,    340.268,
   62,      153.3,    181.219,     341.023,    340.805,
   63,      155.8,    181.124,     342.583,    341.312,
   64,      158.3,    181.344,     342.442,    341.791,
   65,      160.8,    181.197,     341.340,    342.245,
   66,      163.3,    181.197,     342.720,    342.675,
   67,      165.8,    181.006,     343.634,    343.083,
   68,      168.3,    181.153,     342.252,    343.467,
   69,      170.8,    181.124,     345.068,    343.830,
   70,      175.8,    179.684,     346.164,    345.691,
----,
DateTime:        , 2025/11/19, 14:04:21, 1763575461301,
RFID_EPC:        ,--Not Acquired--,
RFID_UserData:   ,--Not Acquired--,
Barcode:         ,--Not Acquired--,
PIF:,            0.00,
PARs:,            0.0,     0.0,     0.0,     0.0,     0.0,     0.0,
Light:,           0.0,     0.0,     0.0,     0.0,     0.0,     0.0,
Cycles:,            1,
                    1,      69,      70,      70,
Lamps:,        #10000,
Gain:,              2,      50, 
SNR_raw:,     254.76,
Position:,        0.0,              0.0,   NoData,
DataPt,      Time(us),   EX,         EM,       Fit,
==========,==========,==========,==========,=========,
    0,        0.0,      0.000,       0.000,    150.857,
    1,        0.8,    161.172,     152.321,    156.429,
    2,        3.3,    180.040,     162.749,    162.672,
    3,        5.8,    180.150,     172.079,    168.923,
    4,        8.3,    180.282,     177.777,    175.160,
    5,       10.8,    180.444,     182.605,    181.364,
    6,       13.3,    180.216,     187.830,    187.505,
    7,       15.8,    180.400,     193.459,    193.581,
    8,       18.3,    180.495,     200.005,    199.573,
    9,       20.8,    180.583,     204.615,    205.470,
   10,       23.3,    180.635,     212.030,    211.258,
   11,       25.8,    180.561,     216.547,    216.925,
   12,       28.3,    180.583,     220.120,    222.466,
   13,       30.8,    180.767,     227.088,    227.877,
   14,       33.3,    180.767,     232.067,    233.147,
   15,       35.8,    180.760,     237.055,    238.272,
   16,       38.3,    180.848,     243.022,    243.250,
   17,       40.8,    180.738,     247.596,    248.073,
   18,       43.3,    180.907,     252.064,    252.746,
   19,       45.8,    180.716,     257.310,    257.260,
   20,       48.3,    180.811,     261.322,    261.621,
   21,       50.8,    180.929,     266.403,    265.827,
   22,       53.3,    180.936,     269.709,    269.879,
   23,       55.8,    180.855,     273.700,    273.777,
   24,       58.3,    180.804,     277.096,    277.521,
   25,       60.8,    181.076,     281.374,    281.120,
   26,       63.3,    180.899,     285.794,    284.570,
   27,       65.8,    180.899,     289.111,    287.875,
   28,       68.3,    180.958,     292.609,    291.040,
   29,       70.8,    181.076,     295.181,    294.068,
   30,       73.3,    180.973,     297.835,    296.962,
   31,       75.8,    181.149,     300.857,    299.727,
   32,       78.3,    181.149,     303.065,    302.365,
   33,       80.8,    180.980,     305.558,    304.880,
   34,       83.3,    181.215,     307.921,    307.277,
   35,       85.8,    180.929,     310.620,    309.559,
   36,       88.3,    181.054,     312.062,    311.731,
   37,       90.8,    181.046,     313.180,    313.797,
   38,       93.3,    180.958,     314.161,    315.761,
   39,       95.8,    180.987,     317.425,    317.627,
   40,       98.3,    181.083,     318.638,    319.399,
   41,      100.8,    181.201,     320.915,    321.082,
   42,      103.3,    181.245,     322.768,    322.679,
   43,      105.8,    181.112,     324.660,    324.192,
   44,      108.3,    181.259,     326.052,    325.628,
   45,      110.8,    181.120,     326.856,    326.988,
   46,      113.3,    181.046,     325.884,    328.276,
   47,      115.8,    181.134,     328.761,    329.496,
   48,      118.3,    181.046,     329.198,    330.651,
   49,      120.8,    181.142,     332.336,    331.743,
   50,      123.3,    181.164,     332.848,    332.777,
   51,      125.8,    181.046,     333.064,    333.755,
   52,      128.3,    181.230,     334.658,    334.679,
   53,      130.8,    181.252,     334.617,    335.553,
   54,      133.3,    181.289,     336.204,    336.378,
   55,      135.8,    181.267,     336.797,    337.159,
   56,      138.3,    181.252,     337.927,    337.896,
   57,      140.8,    181.237,     338.231,    338.592,
   58,      143.3,    181.127,     339.817,    339.249,
   59,      145.8,    181.362,     340.755,    339.870,
   60,      148.3,    181.112,     340.672,    340.456,
   61,      150.8,    181.245,     342.355,    341.009,
   62,      153.3,    181.274,     341.196,    341.530,
   63,      155.8,    181.274,     340.645,    342.022,
   64,      158.3,    181.127,     342.853,    342.487,
   65,      160.8,    181.120,     343.143,    342.926,
   66,      163.3,    181.252,     343.996,    343.339,
   67,      165.8,    181.164,     343.888,    343.729,
   68,      168.3,    181.347,     344.918,    344.095,
   69,      170.8,    181.296,     345.567,    344.442,
   70,      175.8,    179.628,     345.992,    345.803,
----,
DateTime:        , 2025/11/19, 14:04:29, 1763575469796,
RFID_EPC:        ,--Not Acquired--,
RFID_UserData:   ,--Not Acquired--,
Barcode:         ,--Not Acquired--,
PIF:,            0.00,
PARs:,            0.0,     0.0,     0.0,     0.0,     0.0,     0.0,
Light:,           0.0,     0.0,     0.0,     0.0,     0.0,     0.0,
Cycles:,            1,
                    1,      69,      70,      70,
Lamps:,        #10000,
Gain:,              2,      50, 
SNR_raw:,     304.97,
Position:,        0.0,              0.0,   NoData,
DataPt,      Time(us),   EX,         EM,       Fit,
==========,==========,==========,==========,=========,
    0,        0.0,      0.000,       0.000,    152.311,
    1,        0.8,    161.250,     152.868,    158.129,
    2,        3.3,    180.028,     164.464,    164.591,
    3,        5.8,    180.161,     174.844,    171.011,
    4,        8.3,    180.131,     180.146,    177.370,
    5,       10.8,    180.418,     185.126,    183.662,
    6,       13.3,    180.337,     191.309,    189.864,
    7,       15.8,    180.300,     196.062,    195.966,
    8,       18.3,    180.381,     201.518,    201.961,
    9,       20.8,    180.616,     207.899,    207.844,
   10,       23.3,    180.484,     213.315,    213.597,
   11,       25.8,    180.668,     218.910,    219.222,
   12,       28.3,    180.719,     223.275,    224.709,
   13,       30.8,    180.697,     229.113,    230.052,
   14,       33.3,    180.763,     233.731,    235.248,
   15,       35.8,    180.837,     239.443,    240.295,
   16,       38.3,    180.851,     244.123,    245.189,
   17,       40.8,    180.697,     250.696,    249.924,
   18,       43.3,    180.601,     253.597,    254.502,
   19,       45.8,    181.035,     258.790,    258.933,
   20,       48.3,    181.006,     262.423,    263.207,
   21,       50.8,    180.837,     267.645,    267.323,
   22,       53.3,    181.086,     271.141,    271.290,
   23,       55.8,    181.020,     275.384,    275.104,
   24,       58.3,    180.983,     279.031,    278.768,
   25,       60.8,    181.057,     282.784,    282.286,
   26,       63.3,    180.983,     285.661,    285.659,
   27,       65.8,    180.888,     288.853,    288.890,
   28,       68.3,    180.954,     293.445,    291.984,
   29,       70.8,    181.094,     295.151,    294.946,
   30,       73.3,    180.888,     299.080,    297.775,
   31,       75.8,    181.094,     301.225,    300.479,
   32,       78.3,    181.064,     303.483,    303.060,
   33,       80.8,    181.050,     305.441,    305.523,
   34,       83.3,    181.174,     308.818,    307.871,
   35,       85.8,    181.057,     310.952,    310.108,
   36,       88.3,    180.976,     312.472,    312.238,
   37,       90.8,    181.050,     314.555,    314.265,
   38,       93.3,    181.057,     315.923,    316.193,
   39,       95.8,    181.263,     318.047,    318.028,
   40,       98.3,    181.160,     319.331,    319.771,
   41,      100.8,    181.101,     321.644,    321.427,
   42,      103.3,    181.182,     322.604,    322.999,
   43,      105.8,    181.307,     324.864,    324.491,
   44,      108.3,    181.197,     325.337,    325.907,
   45,      110.8,    181.160,     327.887,    327.250,
   46,      113.3,    181.145,     327.638,    328.523,
   47,      115.8,    180.998,     329.009,    329.730,
   48,      118.3,    181.057,     329.731,    330.873,
   49,      120.8,    181.020,     331.455,    331.956,
   50,      123.3,    181.101,     333.516,    332.982,
   51,      125.8,    181.079,     334.385,    333.952,
   52,      128.3,    181.094,     334.081,    334.871,
   53,      130.8,    181.336,     335.840,    335.741,
   54,      133.3,    181.138,     336.484,    336.564,
   55,      135.8,    181.233,     335.755,    337.342,
   56,      138.3,    181.167,     338.086,    338.077,
   57,      140.8,    181.189,     338.872,    338.773,
   58,      143.3,    181.226,     337.976,    339.431,
   59,      145.8,    181.204,     339.673,    340.052,
   60,      148.3,    181.072,     341.854,    340.640,
   61,      150.8,    181.380,     341.272,    341.195,
   62,      153.3,    180.983,     342.849,    341.720,
   63,      155.8,    181.233,     342.101,    342.215,
   64,      158.3,    181.182,     342.474,    342.683,
   65,      160.8,    181.226,     343.494,    343.124,
   66,      163.3,    181.292,     343.920,    343.541,
   67,      165.8,    181.255,     344.266,    343.935,
   68,      168.3,    181.064,     345.457,    344.307,
   69,      170.8,    181.152,     344.185,    344.658,
   70,      175.8,    179.712,     346.108,    345.925,
----,
DateTime:        , 2025/11/19, 14:04:38, 1763575478286,
RFID_EPC:        ,--Not Acquired--,
RFID_UserData:   ,--Not Acquired--,
Barcode:         ,--Not Acquired--,
PIF:,            0.00,
PARs:,            0.0,     0.0,     0.0,     0.0,     0.0,     0.0,
Light:,           0.0,     0.0,     0.0,     0.0,     0.0,     0.0,
Cycles:,            1,
                    1,      69,      70,      70,
Lamps:,        #10000,
Gain:,              2,      50, 
SNR_raw:,     266.98,
Position:,        0.0,              0.0,   NoData,
DataPt,      Time(us),   EX,         EM,       Fit,
==========,==========,==========,==========,=========,
    0,        0.0,      0.000,       0.000,    151.790,
    1,        0.8,    161.319,     152.493,    157.469,
    2,        3.3,    180.172,     164.036,    163.811,
    3,        5.8,    180.070,     174.377,    170.132,
    4,        8.3,    180.371,     178.521,    176.426,
    5,       10.8,    180.488,     183.114,    182.668,
    6,       13.3,    180.371,     189.055,    188.835,
    7,       15.8,    180.312,     196.049,    194.914,
    8,       18.3,    180.408,     201.488,    200.897,
    9,       20.8,    180.599,     206.259,    206.776,
   10,       23.3,    180.474,     213.050,    212.531,
   11,       25.8,    180.481,     217.197,    218.158,
   12,       28.3,    180.709,     223.011,    223.657,
   13,       30.8,    180.782,     227.069,    229.016,
   14,       33.3,    180.716,     233.239,    234.228,
   15,       35.8,    180.944,     237.919,    239.296,
   16,       38.3,    180.848,     244.127,    244.210,
   17,       40.8,    180.753,     248.959,    248.968,
   18,       43.3,    180.797,     252.493,    253.572,
   19,       45.8,    180.937,     257.549,    258.024,
   20,       48.3,    180.937,     262.799,    262.319,
   21,       50.8,    180.768,     265.534,    266.458,
   22,       53.3,    181.091,     271.411,    270.449,
   23,       55.8,    180.907,     274.450,    274.286,
   24,       58.3,    180.922,     277.744,    277.973,
   25,       60.8,    180.944,     282.684,    281.515,
   26,       63.3,    180.981,     285.666,    284.913,
   27,       65.8,    180.988,     288.417,    288.170,
   28,       68.3,    180.746,     292.123,    291.288,
   29,       70.8,    180.973,     294.795,    294.274,
   30,       73.3,    180.988,     298.915,    297.130,
   31,       75.8,    181.039,     299.658,    299.860,
   32,       78.3,    181.120,     302.285,    302.468,
   33,       80.8,    181.047,     305.722,    304.957,
   34,       83.3,    181.010,     307.718,    307.332,
   35,       85.8,    181.128,     309.450,    309.596,
   36,       88.3,    181.091,     311.446,    311.753,
   37,       90.8,    180.988,     313.557,    313.808,
   38,       93.3,    181.106,     315.286,    315.764,
   39,       95.8,    181.025,     317.912,    317.625,
   40,       98.3,    181.003,     318.780,    319.395,
   41,      100.8,    181.120,     321.333,    321.077,
   42,      103.3,    181.223,     322.806,    322.677,
   43,      105.8,    181.208,     323.385,    324.196,
   44,      108.3,    181.230,     326.104,    325.638,
   45,      110.8,    181.230,     326.380,    327.008,
   46,      113.3,    181.128,     328.498,    328.307,
   47,      115.8,    181.157,     328.444,    329.540,
   48,      118.3,    181.157,     330.928,    330.709,
   49,      120.8,    181.061,     332.484,    331.818,
   50,      123.3,    181.106,     333.783,    332.869,
   51,      125.8,    181.135,     333.729,    333.864,
   52,      128.3,    181.017,     333.670,    334.808,
   53,      130.8,    181.157,     335.344,    335.701,
   54,      133.3,    181.385,     336.026,    336.547,
   55,      135.8,    181.275,     336.230,    337.348,
   56,      138.3,    181.275,     337.609,    338.106,
   57,      140.8,    181.223,     339.912,    338.823,
   58,      143.3,    181.341,     339.416,    339.502,
   59,      145.8,    181.275,     340.092,    340.145,
   60,      148.3,    181.128,     341.196,    340.753,
   61,      150.8,    181.098,     341.803,    341.329,
   62,      153.3,    181.069,     340.754,    341.873,
   63,      155.8,    180.981,     342.854,    342.388,
   64,      158.3,    181.135,     341.458,    342.875,
   65,      160.8,    181.157,     344.177,    343.334,
   66,      163.3,    181.230,     344.313,    343.768,
   67,      165.8,    181.164,     344.439,    344.179,
   68,      168.3,    181.223,     344.879,    344.567,
   69,      170.8,    181.311,     344.159,    344.933,
   70,      175.8,    179.651,     346.784,    346.481,
----,
DateTime:        , 2025/11/19, 14:04:47, 1763575486850,
RFID_EPC:        ,--Not Acquired--,
RFID_UserData:   ,--Not Acquired--,
Barcode:         ,--Not Acquired--,
PIF:,            0.00,
PARs:,            0.0,     0.0,     0.0,     0.0,     0.0,     0.0,
Light:,           0.0,     0.0,     0.0,     0.0,     0.0,     0.0,
Cycles:,            1,
                    1,      69,      70,      70,
Lamps:,        #10000,
Gain:,              2,      50, 
SNR_raw:,     232.53,
Position:,        0.0,              0.0,   NoData,
DataPt,      Time(us),   EX,         EM,       Fit,
==========,==========,==========,==========,=========,
    0,        0.0,      0.000,       0.000,    152.435,
    1,        0.8,    161.155,     152.648,    157.623,
    2,        3.3,    179.913,     163.533,    163.561,
    3,        5.8,    180.060,     173.275,    169.618,
    4,        8.3,    180.126,     178.208,    175.740,
    5,       10.8,    180.332,     183.550,    181.884,
    6,       13.3,    180.435,     188.711,    188.012,
    7,       15.8,    180.589,     195.194,    194.093,
    8,       18.3,    180.464,     199.208,    200.096,
    9,       20.8,    180.729,     205.556,    206.008,
   10,       23.3,    180.611,     212.057,    211.805,
   11,       25.8,    180.729,     217.176,    217.478,
   12,       28.3,    180.810,     222.610,    223.016,
   13,       30.8,    180.788,     225.679,    228.407,
   14,       33.3,    180.619,     231.427,    233.642,
   15,       35.8,    180.729,     238.755,    238.723,
   16,       38.3,    180.795,     243.093,    243.645,
   17,       40.8,    180.751,     247.302,    248.404,
   18,       43.3,    180.861,     252.127,    253.002,
   19,       45.8,    180.891,     257.891,    257.438,
   20,       48.3,    181.067,     261.782,    261.714,
   21,       50.8,    180.927,     265.853,    265.829,
   22,       53.3,    180.949,     270.518,    269.785,
   23,       55.8,    180.905,     273.624,    273.586,
   24,       58.3,    180.979,     278.486,    277.234,
   25,       60.8,    180.869,     280.590,    280.733,
   26,       63.3,    181.001,     284.529,    284.086,
   27,       65.8,    181.126,     288.750,    287.298,
   28,       68.3,    180.817,     290.349,    290.370,
   29,       70.8,    181.096,     294.595,    293.310,
   30,       73.3,    181.023,     296.648,    296.119,
   31,       75.8,    180.964,     298.402,    298.802,
   32,       78.3,    181.008,     301.368,    301.364,
   33,       80.8,    180.993,     305.536,    303.809,
   34,       83.3,    180.993,     306.088,    306.140,
   35,       85.8,    181.140,     308.600,    308.363,
   36,       88.3,    181.185,     310.457,    310.481,
   37,       90.8,    181.148,     313.556,    312.499,
   38,       93.3,    181.045,     313.458,    314.420,
   39,       95.8,    181.016,     315.995,    316.249,
   40,       98.3,    181.192,     317.895,    317.988,
   41,      100.8,    180.913,     320.044,    319.643,
   42,      103.3,    181.162,     319.879,    321.216,
   43,      105.8,    181.060,     321.165,    322.711,
   44,      108.3,    181.236,     323.611,    324.132,
   45,      110.8,    181.133,     325.175,    325.481,
   46,      113.3,    180.942,     326.900,    326.764,
   47,      115.8,    181.155,     328.724,    327.981,
   48,      118.3,    181.265,     329.076,    329.135,
   49,      120.8,    181.192,     329.209,    330.231,
   50,      123.3,    181.214,     331.376,    331.272,
   51,      125.8,    181.207,     331.666,    332.258,
   52,      128.3,    181.104,     333.511,    333.195,
   53,      130.8,    181.199,     333.887,    334.082,
   54,      133.3,    181.162,     335.334,    334.924,
   55,      135.8,    181.074,     336.326,    335.723,
   56,      138.3,    180.949,     334.900,    336.481,
   57,      140.8,    181.302,     338.386,    337.196,
   58,      143.3,    181.089,     337.679,    337.875,
   59,      145.8,    181.221,     338.536,    338.518,
   60,      148.3,    181.118,     339.281,    339.128,
   61,      150.8,    181.251,     340.964,    339.705,
   62,      153.3,    181.133,     339.805,    340.252,
   63,      155.8,    181.280,     340.082,    340.769,
   64,      158.3,    181.331,     340.261,    341.258,
   65,      160.8,    181.104,     341.241,    341.723,
   66,      163.3,    181.221,     341.847,    342.162,
   67,      165.8,    181.376,     341.557,    342.577,
   68,      168.3,    181.052,     343.271,    342.972,
   69,      170.8,    181.192,     344.938,    343.345,
   70,      175.8,    179.730,     345.797,    345.406,
----,
DateTime:        , 2025/11/19, 14:04:55, 1763575495429,
RFID_EPC:        ,--Not Acquired--,
RFID_UserData:   ,--Not Acquired--,
Barcode:         ,--Not Acquired--,
PIF:,            0.00,
PARs:,            0.0,     0.0,     0.0,     0.0,     0.0,     0.0,
Light:,           0.0,     0.0,     0.0,     0.0,     0.0,     0.0,
Cycles:,            1,
                    1,      69,      70,      70,
Lamps:,        #10000,
Gain:,              2,      50, 
SNR_raw:,     283.35,
Position:,        0.0,              0.0,   NoData,
DataPt,      Time(us),   EX,         EM,       Fit,
==========,==========,==========,==========,=========,
    0,        0.0,      0.000,       0.000,    152.342,
    1,        0.8,    161.156,     152.958,    157.911,
    2,        3.3,    180.024,     164.344,    164.142,
    3,        5.8,    180.201,     174.528,    170.375,
    4,        8.3,    180.377,     179.347,    176.585,
    5,       10.8,    180.348,     182.980,    182.749,
    6,       13.3,    180.326,     190.212,    188.848,
    7,       15.8,    180.509,     195.558,    194.873,
    8,       18.3,    180.348,     201.001,    200.801,
    9,       20.8,    180.597,     205.983,    206.631,
   10,       23.3,    180.649,     212.014,    212.348,
   11,       25.8,    180.722,     216.354,    217.944,
   12,       28.3,    180.495,     222.721,    223.402,
   13,       30.8,    180.612,     227.836,    228.726,
   14,       33.3,    180.788,     232.039,    233.911,
   15,       35.8,    180.987,     237.863,    238.954,
   16,       38.3,    180.619,     243.052,    243.839,
   17,       40.8,    180.877,     247.959,    248.577,
   18,       43.3,    180.671,     252.946,    253.157,
   19,       45.8,    180.877,     256.528,    257.587,
   20,       48.3,    180.913,     261.451,    261.863,
   21,       50.8,    180.943,     266.106,    265.985,
   22,       53.3,    180.921,     270.008,    269.954,
   23,       55.8,    181.046,     275.069,    273.774,
   24,       58.3,    181.090,     278.591,    277.444,
   25,       60.8,    180.913,     281.350,    280.965,
   26,       63.3,    181.207,     285.033,    284.346,
   27,       65.8,    180.994,     288.407,    287.582,
   28,       68.3,    181.002,     293.091,    290.681,
   29,       70.8,    181.075,     294.905,    293.646,
   30,       73.3,    181.060,     297.139,    296.479,
   31,       75.8,    180.796,     298.956,    299.183,
   32,       78.3,    181.060,     302.938,    301.767,
   33,       80.8,    181.126,     305.312,    304.231,
   34,       83.3,    181.119,     305.600,    306.580,
   35,       85.8,    181.031,     309.339,    308.817,
   36,       88.3,    181.060,     310.670,    310.947,
   37,       90.8,    181.112,     312.790,    312.974,
   38,       93.3,    181.031,     314.587,    314.901,
   39,       95.8,    181.009,     317.111,    316.733,
   40,       98.3,    181.112,     318.588,    318.474,
   41,      100.8,    181.009,     319.598,    320.127,
   42,      103.3,    180.994,     321.005,    321.696,
   43,      105.8,    181.207,     322.559,    323.186,
   44,      108.3,    181.273,     324.372,    324.599,
   45,      110.8,    181.171,     326.488,    325.938,
   46,      113.3,    181.156,     326.514,    327.208,
   47,      115.8,    181.097,     328.001,    328.411,
   48,      118.3,    181.237,     329.404,    329.550,
   49,      120.8,    180.987,     331.516,    330.629,
   50,      123.3,    181.163,     330.641,    331.650,
   51,      125.8,    181.193,     331.691,    332.617,
   52,      128.3,    181.082,     331.893,    333.532,
   53,      130.8,    181.024,     333.658,    334.397,
   54,      133.3,    181.156,     334.243,    335.215,
   55,      135.8,    181.200,     335.541,    335.989,
   56,      138.3,    181.281,     337.322,    336.720,
   57,      140.8,    181.185,     336.948,    337.411,
   58,      143.3,    181.156,     337.555,    338.064,
   59,      145.8,    181.207,     339.114,    338.681,
   60,      148.3,    181.193,     339.694,    339.264,
   61,      150.8,    181.185,     341.363,    339.815,
   62,      153.3,    181.244,     340.977,    340.335,
   63,      155.8,    181.215,     340.756,    340.826,
   64,      158.3,    181.156,     341.971,    341.290,
   65,      160.8,    181.178,     342.757,    341.728,
   66,      163.3,    181.112,     343.434,    342.141,
   67,      165.8,    181.207,     342.977,    342.531,
   68,      168.3,    181.215,     343.239,    342.899,
   69,      170.8,    181.215,     342.963,    343.246,
   70,      175.8,    179.701,     344.461,    344.396,
----,
DateTime:        , 2025/11/19, 14:05:04, 1763575503941,
RFID_EPC:        ,--Not Acquired--,
RFID_UserData:   ,--Not Acquired--,
Barcode:         ,--Not Acquired--,
PIF:,            0.00,
PARs:,            0.0,     0.0,     0.0,     0.0,     0.0,     0.0,
Light:,           0.0,     0.0,     0.0,     0.0,     0.0,     0.0,
Cycles:,            1,
                    1,      69,      70,      70,
Lamps:,        #10000,
Gain:,              2,      50, 
SNR_raw:,     250.00,
Position:,        0.0,              0.0,   NoData,
DataPt,      Time(us),   EX,         EM,       Fit,
==========,==========,==========,==========,=========,
    0,        0.0,      0.000,       0.000,    151.978,
    1,        0.8,    161.232,     152.265,    157.494,
    2,        3.3,    180.069,     163.768,    163.682,
    3,        5.8,    180.106,     174.065,    169.881,
    4,        8.3,    180.260,     178.354,    176.071,
    5,       10.8,    180.304,     184.411,    182.224,
    6,       13.3,    180.422,     189.279,    188.323,
    7,       15.8,    180.488,     194.473,    194.350,
    8,       18.3,    180.444,     200.340,    200.287,
    9,       20.8,    180.466,     205.302,    206.122,
   10,       23.3,    180.686,     211.970,    211.850,
   11,       25.8,    180.723,     215.523,    217.457,
   12,       28.3,    180.598,     223.148,    222.929,
   13,       30.8,    180.752,     227.107,    228.269,
   14,       33.3,    180.811,     231.457,    233.466,
   15,       35.8,    180.833,     236.959,    238.517,
   16,       38.3,    180.767,     241.748,    243.416,
   17,       40.8,    180.789,     246.420,    248.163,
   18,       43.3,    180.715,     252.607,    252.754,
   19,       45.8,    180.958,     257.795,    257.194,
   20,       48.3,    180.752,     260.854,    261.475,
   21,       50.8,    180.833,     267.374,    265.602,
   22,       53.3,    181.171,     270.463,    269.582,
   23,       55.8,    180.995,     274.594,    273.406,
   24,       58.3,    181.119,     276.889,    277.081,
   25,       60.8,    180.965,     282.098,    280.607,
   26,       63.3,    181.009,     284.792,    283.987,
   27,       65.8,    180.958,     287.360,    287.225,
   28,       68.3,    181.024,     290.569,    290.325,
   29,       70.8,    181.127,     294.269,    293.290,
   30,       73.3,    180.804,     295.348,    296.120,
   31,       75.8,    180.995,     298.628,    298.824,
   32,       78.3,    181.171,     301.649,    301.406,
   33,       80.8,    180.928,     303.988,    303.866,
   34,       83.3,    181.186,     306.868,    306.212,
   35,       85.8,    181.046,     308.485,    308.444,
   36,       88.3,    181.259,     311.709,    310.571,
   37,       90.8,    181.237,     314.229,    312.593,
   38,       93.3,    181.156,     314.094,    314.515,
   39,       95.8,    181.017,     316.545,    316.340,
   40,       98.3,    181.186,     317.354,    318.074,
   41,      100.8,    181.178,     318.747,    319.721,
   42,      103.3,    180.870,     319.844,    321.281,
   43,      105.8,    180.958,     322.451,    322.761,
   44,      108.3,    181.031,     324.806,    324.165,
   45,      110.8,    181.208,     326.145,    325.496,
   46,      113.3,    181.200,     325.882,    326.756,
   47,      115.8,    181.156,     326.790,    327.950,
   48,      118.3,    181.200,     329.746,    329.080,
   49,      120.8,    181.090,     330.498,    330.150,
   50,      123.3,    181.164,     330.640,    331.162,
   51,      125.8,    181.112,     331.839,    332.119,
   52,      128.3,    181.142,     333.717,    333.024,
   53,      130.8,    180.965,     332.937,    333.880,
   54,      133.3,    181.134,     334.283,    334.688,
   55,      135.8,    181.156,     335.346,    335.453,
   56,      138.3,    181.083,     336.863,    336.175,
   57,      140.8,    181.208,     336.630,    336.857,
   58,      143.3,    181.171,     336.699,    337.501,
   59,      145.8,    181.046,     337.207,    338.109,
   60,      148.3,    181.237,     339.335,    338.683,
   61,      150.8,    180.951,     339.596,    339.225,
   62,      153.3,    181.237,     339.335,    339.737,
   63,      155.8,    181.288,     341.169,    340.219,
   64,      158.3,    181.222,     340.742,    340.675,
   65,      160.8,    181.186,     341.363,    341.105,
   66,      163.3,    181.274,     342.024,    341.510,
   67,      165.8,    181.200,     342.991,    341.892,
   68,      168.3,    181.274,     342.576,    342.253,
   69,      170.8,    181.296,     342.534,    342.593,
   70,      175.8,    179.606,     343.530,    343.510,
----,
DateTime:        , 2025/11/19, 14:05:12, 1763575512419,
RFID_EPC:        ,--Not Acquired--,
RFID_UserData:   ,--Not Acquired--,
Barcode:         ,--Not Acquired--,
PIF:,            0.00,
PARs:,            0.0,     0.0,     0.0,     0.0,     0.0,     0.0,
Light:,           0.0,     0.0,     0.0,     0.0,     0.0,     0.0,
Cycles:,            1,
                    1,      69,      70,      70,
Lamps:,        #10000,
Gain:,              2,      50, 
SNR_raw:,     234.30,
Position:,        0.0,              0.0,   NoData,
DataPt,      Time(us),   EX,         EM,       Fit,
==========,==========,==========,==========,=========,
    0,        0.0,      0.000,       0.000,    149.825,
    1,        0.8,    161.064,     151.803,    155.371,
    2,        3.3,    179.940,     161.921,    161.593,
    3,        5.8,    180.153,     170.966,    167.828,
    4,        8.3,    180.300,     175.541,    174.048,
    5,       10.8,    180.300,     181.919,    180.227,
    6,       13.3,    180.402,     186.250,    186.347,
    7,       15.8,    180.498,     193.077,    192.392,
    8,       18.3,    180.498,     198.063,    198.343,
    9,       20.8,    180.535,     203.562,    204.189,
   10,       23.3,    180.432,     210.052,    209.916,
   11,       25.8,    180.571,     214.320,    215.521,
   12,       28.3,    180.623,     220.625,    220.994,
   13,       30.8,    180.733,     224.917,    226.330,
   14,       33.3,    180.527,     230.159,    231.518,
   15,       35.8,    181.034,     236.143,    236.568,
   16,       38.3,    180.939,     239.860,    241.466,
   17,       40.8,    180.733,     245.943,    246.207,
   18,       43.3,    180.909,     251.231,    250.798,
   19,       45.8,    180.887,     254.026,    255.233,
   20,       48.3,    180.946,     260.022,    259.516,
   21,       50.8,    180.865,     262.903,    263.645,
   22,       53.3,    180.814,     268.508,    267.621,
   23,       55.8,    180.836,     271.240,    271.447,
   24,       58.3,    180.895,     276.404,    275.127,
   25,       60.8,    180.807,     279.581,    278.660,
   26,       63.3,    180.983,     283.176,    282.054,
   27,       65.8,    181.049,     286.939,    285.309,
   28,       68.3,    181.115,     287.938,    288.428,
   29,       70.8,    180.953,     292.064,    291.414,
   30,       73.3,    181.115,     293.736,    294.272,
   31,       75.8,    181.012,     297.770,    297.005,
   32,       78.3,    181.034,     299.943,    299.616,
   33,       80.8,    181.093,     303.987,    302.110,
   34,       83.3,    181.122,     305.318,    304.491,
   35,       85.8,    181.115,     307.815,    306.763,
   36,       88.3,    181.159,     308.568,    308.929,
   37,       90.8,    181.064,     310.940,    310.992,
   38,       93.3,    181.078,     312.572,    312.958,
   39,       95.8,    181.122,     314.704,    314.829,
   40,       98.3,    181.291,     317.996,    316.611,
   41,      100.8,    181.240,     318.086,    318.306,
   42,      103.3,    181.218,     319.505,    319.918,
   43,      105.8,    180.961,     321.064,    321.449,
   44,      108.3,    181.137,     321.856,    322.905,
   45,      110.8,    181.115,     322.447,    324.287,
   46,      113.3,    181.122,     327.127,    325.600,
   47,      115.8,    181.218,     325.851,    326.847,
   48,      118.3,    181.284,     327.938,    328.030,
   49,      120.8,    181.137,     327.652,    329.152,
   50,      123.3,    181.137,     329.032,    330.217,
   51,      125.8,    181.100,     331.584,    331.227,
   52,      128.3,    181.306,     331.208,    332.184,
   53,      130.8,    181.159,     332.580,    333.091,
   54,      133.3,    181.122,     333.476,    333.951,
   55,      135.8,    181.115,     335.146,    334.766,
   56,      138.3,    181.174,     335.865,    335.538,
   57,      140.8,    181.247,     336.005,    336.269,
   58,      143.3,    181.056,     336.359,    336.962,
   59,      145.8,    181.196,     337.756,    337.617,
   60,      148.3,    181.255,     338.198,    338.237,
   61,      150.8,    181.306,     339.481,    338.825,
   62,      153.3,    181.056,     340.502,    339.381,
   63,      155.8,    181.218,     340.198,    339.907,
   64,      158.3,    181.211,     339.660,    340.405,
   65,      160.8,    181.196,     341.343,    340.876,
   66,      163.3,    181.056,     341.606,    341.322,
   67,      165.8,    181.181,     342.751,    341.743,
   68,      168.3,    181.115,     343.704,    342.142,
   69,      170.8,    181.255,     343.163,    342.519,
   70,      175.8,    179.756,     343.800,    343.743,
----,
DateTime:        , 2025/11/19, 14:05:21, 1763575520888,
RFID_EPC:        ,--Not Acquired--,
RFID_UserData:   ,--Not Acquired--,
Barcode:         ,--Not Acquired--,
PIF:,            0.00,
PARs:,            0.0,     0.0,     0.0,     0.0,     0.0,     0.0,
Light:,           0.0,     0.0,     0.0,     0.0,     0.0,     0.0,
Cycles:,            1,
                    1,      69,      70,      70,
Lamps:,        #10000,
Gain:,              2,      50, 
SNR_raw:,     272.02,
Position:,        0.0,              0.0,   NoData,
DataPt,      Time(us),   EX,         EM,       Fit,
==========,==========,==========,==========,=========,
    0,        0.0,      0.000,       0.000,    149.259,
    1,        0.8,    161.014,     150.298,    154.803,
    2,        3.3,    179.981,     161.782,    161.037,
    3,        5.8,    180.186,     172.044,    167.294,
    4,        8.3,    180.208,     175.630,    173.540,
    5,       10.8,    180.245,     180.587,    179.748,
    6,       13.3,    180.385,     186.546,    185.902,
    7,       15.8,    180.311,     190.781,    191.976,
    8,       18.3,    180.568,     197.155,    197.963,
    9,       20.8,    180.510,     204.421,    203.842,
   10,       23.3,    180.363,     209.300,    209.599,
   11,       25.8,    180.649,     215.058,    215.236,
   12,       28.3,    180.576,     219.575,    220.736,
   13,       30.8,    180.642,     225.308,    226.097,
   14,       33.3,    180.884,     229.705,    231.316,
   15,       35.8,    180.877,     235.519,    236.384,
   16,       38.3,    180.767,     240.088,    241.297,
   17,       40.8,    180.796,     245.304,    246.055,
   18,       43.3,    180.995,     249.455,    250.660,
   19,       45.8,    180.862,     254.337,    255.106,
   20,       48.3,    180.906,     258.974,    259.396,
   21,       50.8,    180.892,     263.694,    263.530,
   22,       53.3,    180.899,     267.000,    267.510,
   23,       55.8,    180.848,     272.329,    271.337,
   24,       58.3,    180.965,     276.020,    275.016,
   25,       60.8,    180.752,     280.495,    278.544,
   26,       63.3,    180.995,     283.158,    281.931,
   27,       65.8,    181.274,     285.204,    285.180,
   28,       68.3,    180.987,     288.694,    288.288,
   29,       70.8,    181.178,     291.150,    291.263,
   30,       73.3,    181.002,     295.577,    294.106,
   31,       75.8,    181.112,     298.710,    296.823,
   32,       78.3,    180.884,     300.192,    299.415,
   33,       80.8,    181.112,     301.747,    301.890,
   34,       83.3,    180.973,     304.190,    304.249,
   35,       85.8,    181.171,     306.892,    306.498,
   36,       88.3,    180.906,     309.552,    308.639,
   37,       90.8,    181.311,     311.344,    310.680,
   38,       93.3,    181.127,     313.040,    312.621,
   39,       95.8,    181.245,     314.768,    314.467,
   40,       98.3,    181.164,     316.013,    316.222,
   41,      100.8,    181.046,     317.046,    317.889,
   42,      103.3,    181.311,     318.790,    319.473,
   43,      105.8,    181.090,     320.558,    320.977,
   44,      108.3,    181.171,     321.519,    322.404,
   45,      110.8,    181.112,     323.004,    323.758,
   46,      113.3,    181.090,     324.976,    325.042,
   47,      115.8,    180.995,     325.148,    326.259,
   48,      118.3,    181.120,     326.304,    327.413,
   49,      120.8,    181.098,     328.000,    328.506,
   50,      123.3,    181.186,     328.944,    329.542,
   51,      125.8,    181.252,     330.203,    330.523,
   52,      128.3,    181.105,     331.576,    331.452,
   53,      130.8,    181.237,     332.437,    332.331,
   54,      133.3,    181.303,     332.868,    333.164,
   55,      135.8,    181.112,     334.047,    333.951,
   56,      138.3,    181.171,     335.318,    334.697,
   57,      140.8,    181.134,     336.215,    335.401,
   58,      143.3,    181.274,     336.783,    336.068,
   59,      145.8,    181.208,     336.906,    336.698,
   60,      148.3,    181.142,     337.305,    337.294,
   61,      150.8,    181.156,     337.554,    337.857,
   62,      153.3,    181.098,     338.492,    338.389,
   63,      155.8,    181.200,     339.955,    338.892,
   64,      158.3,    181.318,     338.907,    339.367,
   65,      160.8,    181.267,     338.176,    339.816,
   66,      163.3,    181.296,     340.879,    340.240,
   67,      165.8,    181.274,     341.472,    340.641,
   68,      168.3,    181.156,     342.522,    341.020,
   69,      170.8,    181.068,     342.136,    341.377,
   70,      175.8,    179.687,     342.263,    342.330,
----,
DateTime:        , 2025/11/19, 14:05:29, 1763575529377,
RFID_EPC:        ,--Not Acquired--,
RFID_UserData:   ,--Not Acquired--,
Barcode:         ,--Not Acquired--,
PIF:,            0.00,
PARs:,            0.0,     0.0,     0.0,     0.0,     0.0,     0.0,
Light:,           0.0,     0.0,     0.0,     0.0,     0.0,     0.0,
Cycles:,            1,
                    1,      69,      70,      70,
Lamps:,        #10000,
Gain:,              2,      50, 
SNR_raw:,     279.98,
Position:,        0.0,              0.0,   NoData,
DataPt,      Time(us),   EX,         EM,       Fit,
==========,==========,==========,==========,=========,
    0,        0.0,      0.000,       0.000,    148.505,
    1,        0.8,    161.124,     149.885,    154.258,
    2,        3.3,    179.966,     160.739,    160.685,
    3,        5.8,    180.113,     170.449,    167.105,
    4,        8.3,    180.164,     176.228,    173.492,
    5,       10.8,    180.355,     180.755,    179.829,
    6,       13.3,    180.575,     186.903,    186.099,
    7,       15.8,    180.436,     192.035,    192.277,
    8,       18.3,    180.517,     199.705,    198.354,
    9,       20.8,    180.649,     203.157,    204.321,
   10,       23.3,    180.451,     210.861,    210.156,
   11,       25.8,    180.561,     215.440,    215.861,
   12,       28.3,    180.553,     220.433,    221.425,
   13,       30.8,    180.708,     224.949,    226.845,
   14,       33.3,    180.774,     230.398,    232.115,
   15,       35.8,    180.818,     235.596,    237.229,
   16,       38.3,    180.899,     241.019,    242.186,
   17,       40.8,    180.855,     245.778,    246.981,
   18,       43.3,    180.774,     250.866,    251.613,
   19,       45.8,    180.840,     256.028,    256.083,
   20,       48.3,    180.884,     260.941,    260.393,
   21,       50.8,    180.957,     264.703,    264.543,
   22,       53.3,    180.906,     268.371,    268.533,
   23,       55.8,    180.899,     272.805,    272.366,
   24,       58.3,    180.994,     277.081,    276.045,
   25,       60.8,    180.928,     280.775,    279.572,
   26,       63.3,    181.060,     284.712,    282.951,
   27,       65.8,    180.979,     287.325,    286.185,
   28,       68.3,    180.921,     290.182,    289.276,
   29,       70.8,    181.024,     292.780,    292.230,
   30,       73.3,    180.957,     296.755,    295.051,
   31,       75.8,    180.994,     297.800,    297.742,
   32,       78.3,    181.068,     301.269,    300.308,
   33,       80.8,    180.810,     302.803,    302.752,
   34,       83.3,    181.185,     306.041,    305.081,
   35,       85.8,    181.090,     307.306,    307.297,
   36,       88.3,    181.156,     310.230,    309.405,
   37,       90.8,    181.082,     312.013,    311.409,
   38,       93.3,    181.383,     313.149,    313.313,
   39,       95.8,    181.046,     314.562,    315.122,
   40,       98.3,    181.163,     316.290,    316.838,
   41,      100.8,    181.192,     317.894,    318.467,
   42,      103.3,    181.068,     320.599,    320.012,
   43,      105.8,    181.075,     321.138,    321.477,
   44,      108.3,    180.957,     321.070,    322.865,
   45,      110.8,    181.097,     323.584,    324.180,
   46,      113.3,    181.170,     324.004,    325.426,
   47,      115.8,    181.251,     325.791,    326.605,
   48,      118.3,    181.053,     326.700,    327.722,
   49,      120.8,    181.244,     329.666,    328.778,
   50,      123.3,    181.244,     328.839,    329.778,
   51,      125.8,    181.237,     330.231,    330.723,
   52,      128.3,    181.156,     331.207,    331.617,
   53,      130.8,    181.170,     332.560,    332.462,
   54,      133.3,    181.266,     331.833,    333.261,
   55,      135.8,    181.075,     333.564,    334.016,
   56,      138.3,    181.222,     335.776,    334.729,
   57,      140.8,    180.921,     336.059,    335.404,
   58,      143.3,    181.207,     336.631,    336.040,
   59,      145.8,    181.200,     337.197,    336.641,
   60,      148.3,    181.281,     336.495,    337.208,
   61,      150.8,    181.097,     338.217,    337.744,
   62,      153.3,    181.339,     338.040,    338.249,
   63,      155.8,    181.178,     338.618,    338.726,
   64,      158.3,    181.229,     339.073,    339.177,
   65,      160.8,    181.148,     339.777,    339.602,
   66,      163.3,    181.112,     341.778,    340.003,
   67,      165.8,    181.288,     341.446,    340.381,
   68,      168.3,    181.192,     341.626,    340.738,
   69,      170.8,    181.215,     341.308,    341.074,
   70,      175.8,    179.701,     342.791,    342.577,
----,
DateTime:        , 2025/11/19, 14:05:38, 1763575537874,
RFID_EPC:        ,--Not Acquired--,
RFID_UserData:   ,--Not Acquired--,
Barcode:         ,--Not Acquired--,
PIF:,            0.00,
PARs:,            0.0,     0.0,     0.0,     0.0,     0.0,     0.0,
Light:,           0.0,     0.0,     0.0,     0.0,     0.0,     0.0,
Cycles:,            1,
                    1,      69,      70,      70,
Lamps:,        #10000,
Gain:,              2,      50, 
SNR_raw:,     294.06,
Position:,        0.0,              0.0,   NoData,
DataPt,      Time(us),   EX,         EM,       Fit,
==========,==========,==========,==========,=========,
    0,        0.0,      0.000,       0.000,    150.940,
    1,        0.8,    161.181,     148.901,    155.820,
    2,        3.3,    180.008,     160.982,    161.480,
    3,        5.8,    180.162,     171.790,    167.317,
    4,        8.3,    180.235,     176.991,    173.265,
    5,       10.8,    180.294,     181.647,    179.272,
    6,       13.3,    180.397,     186.256,    185.294,
    7,       15.8,    180.368,     191.830,    191.292,
    8,       18.3,    180.706,     195.622,    197.244,
    9,       20.8,    180.551,     203.266,    203.115,
   10,       23.3,    180.522,     208.562,    208.888,
   11,       25.8,    180.603,     214.836,    214.548,
   12,       28.3,    180.463,     219.435,    220.078,
   13,       30.8,    180.698,     224.960,    225.474,
   14,       33.3,    180.713,     229.369,    230.725,
   15,       35.8,    180.867,     234.702,    235.828,
   16,       38.3,    180.706,     239.616,    240.771,
   17,       40.8,    180.838,     245.247,    245.557,
   18,       43.3,    180.757,     249.506,    250.181,
   19,       45.8,    180.765,     253.092,    254.643,
   20,       48.3,    180.860,     259.040,    258.945,
   21,       50.8,    180.867,     262.347,    263.087,
   22,       53.3,    180.970,     268.829,    267.070,
   23,       55.8,    181.022,     270.686,    270.897,
   24,       58.3,    181.000,     276.520,    274.570,
   25,       60.8,    180.992,     277.912,    278.091,
   26,       63.3,    180.816,     281.502,    281.463,
   27,       65.8,    181.000,     285.636,    284.692,
   28,       68.3,    181.176,     288.118,    287.781,
   29,       70.8,    180.882,     290.521,    290.732,
   30,       73.3,    181.235,     292.714,    293.551,
   31,       75.8,    180.970,     295.352,    296.242,
   32,       78.3,    181.125,     299.518,    298.809,
   33,       80.8,    181.095,     301.499,    301.256,
   34,       83.3,    181.066,     303.481,    303.587,
   35,       85.8,    181.066,     306.518,    305.807,
   36,       88.3,    181.081,     307.598,    307.920,
   37,       90.8,    181.176,     311.023,    309.930,
   38,       93.3,    181.051,     312.343,    311.841,
   39,       95.8,    181.110,     313.898,    313.658,
   40,       98.3,    181.242,     315.324,    315.383,
   41,      100.8,    181.058,     317.301,    317.023,
   42,      103.3,    181.176,     318.475,    318.579,
   43,      105.8,    181.176,     319.579,    320.056,
   44,      108.3,    181.132,     321.865,    321.457,
   45,      110.8,    181.220,     322.536,    322.785,
   46,      113.3,    181.220,     324.191,    324.045,
   47,      115.8,    181.014,     325.388,    325.240,
   48,      118.3,    181.198,     326.438,    326.372,
   49,      120.8,    181.095,     327.176,    327.444,
   50,      123.3,    181.029,     328.400,    328.461,
   51,      125.8,    181.183,     329.500,    329.422,
   52,      128.3,    181.323,     329.522,    330.330,
   53,      130.8,    181.205,     330.564,    331.192,
   54,      133.3,    181.264,     331.008,    332.007,
   55,      135.8,    181.081,     333.001,    332.779,
   56,      138.3,    181.132,     334.287,    333.509,
   57,      140.8,    181.220,     334.124,    334.199,
   58,      143.3,    181.036,     334.739,    334.853,
   59,      145.8,    181.264,     335.146,    335.469,
   60,      148.3,    181.103,     336.273,    336.054,
   61,      150.8,    181.213,     336.897,    336.605,
   62,      153.3,    181.228,     337.697,    337.125,
   63,      155.8,    181.220,     336.883,    337.618,
   64,      158.3,    181.066,     337.446,    338.085,
   65,      160.8,    181.161,     338.096,    338.525,
   66,      163.3,    181.264,     339.008,    338.939,
   67,      165.8,    181.250,     339.035,    339.331,
   68,      168.3,    181.250,     340.690,    339.702,
   69,      170.8,    181.073,     339.918,    340.053,
   70,      175.8,    179.706,     342.781,    342.206,
----,
DateTime:        , 2025/11/19, 14:05:46, 1763575546444,
RFID_EPC:        ,--Not Acquired--,
RFID_UserData:   ,--Not Acquired--,
Barcode:         ,--Not Acquired--,
PIF:,            0.00,
PARs:,            0.0,     0.0,     0.0,     0.0,     0.0,     0.0,
Light:,           0.0,     0.0,     0.0,     0.0,     0.0,     0.0,
Cycles:,            1,
                    1,      69,      70,      70,
Lamps:,        #10000,
Gain:,              2,      50, 
SNR_raw:,     251.35,
Position:,        0.0,              0.0,   NoData,
DataPt,      Time(us),   EX,         EM,       Fit,
==========,==========,==========,==========,=========,
    0,        0.0,      0.000,       0.000,    150.530,
    1,        0.8,    161.187,     151.687,    156.086,
    2,        3.3,    180.002,     163.004,    162.314,
    3,        5.8,    180.216,     173.126,    168.551,
    4,        8.3,    180.326,     176.625,    174.767,
    5,       10.8,    180.443,     182.052,    180.936,
    6,       13.3,    180.414,     187.070,    187.035,
    7,       15.8,    180.458,     192.843,    193.047,
    8,       18.3,    180.517,     199.151,    198.959,
    9,       20.8,    180.737,     204.441,    204.762,
   10,       23.3,    180.583,     209.322,    210.437,
   11,       25.8,    180.642,     215.343,    215.981,
   12,       28.3,    180.553,     221.264,    221.383,
   13,       30.8,    180.722,     224.377,    226.646,
   14,       33.3,    180.833,     229.770,    231.762,
   15,       35.8,    181.009,     236.729,    236.730,
   16,       38.3,    180.811,     240.030,    241.541,
   17,       40.8,    180.913,     245.421,    246.199,
   18,       43.3,    180.950,     251.174,    250.704,
   19,       45.8,    180.818,     254.676,    255.051,
   20,       48.3,    180.913,     260.345,    259.247,
   21,       50.8,    180.950,     261.951,    263.291,
   22,       53.3,    180.847,     267.353,    267.184,
   23,       55.8,    180.958,     270.782,    270.930,
   24,       58.3,    180.921,     276.364,    274.530,
   25,       60.8,    180.877,     278.919,    277.988,
   26,       63.3,    180.965,     282.652,    281.307,
   27,       65.8,    181.046,     284.735,    284.492,
   28,       68.3,    181.038,     287.232,    287.543,
   29,       70.8,    181.097,     291.556,    290.467,
   30,       73.3,    180.936,     294.304,    293.264,
   31,       75.8,    180.855,     296.371,    295.938,
   32,       78.3,    181.016,     299.144,    298.496,
   33,       80.8,    180.862,     301.888,    300.940,
   34,       83.3,    180.855,     304.112,    303.273,
   35,       85.8,    180.891,     306.537,    305.501,
   36,       88.3,    181.141,     308.047,    307.628,
   37,       90.8,    181.193,     308.787,    309.657,
   38,       93.3,    181.068,     310.933,    311.591,
   39,       95.8,    181.156,     312.990,    313.434,
   40,       98.3,    181.127,     315.525,    315.190,
   41,      100.8,    181.149,     316.039,    316.862,
   42,      103.3,    181.090,     317.798,    318.453,
   43,      105.8,    181.090,     319.455,    319.967,
   44,      108.3,    181.046,     322.294,    321.408,
   45,      110.8,    180.928,     322.504,    322.777,
   46,      113.3,    181.053,     324.214,    324.079,
   47,      115.8,    181.178,     324.267,    325.317,
   48,      118.3,    181.347,     326.446,    326.493,
   49,      120.8,    181.134,     327.934,    327.611,
   50,      123.3,    181.156,     328.446,    328.672,
   51,      125.8,    181.009,     328.989,    329.680,
   52,      128.3,    181.420,     330.172,    330.636,
   53,      130.8,    181.244,     331.321,    331.544,
   54,      133.3,    181.090,     331.880,    332.406,
   55,      135.8,    181.009,     333.133,    333.224,
   56,      138.3,    181.068,     334.405,    334.000,
   57,      140.8,    181.222,     334.396,    334.735,
   58,      143.3,    181.222,     334.396,    335.433,
   59,      145.8,    181.266,     335.143,    336.094,
   60,      148.3,    181.119,     336.243,    336.722,
   61,      150.8,    181.193,     339.142,    337.316,
   62,      153.3,    181.171,     337.527,    337.880,
   63,      155.8,    181.295,     337.846,    338.413,
   64,      158.3,    181.259,     339.570,    338.919,
   65,      160.8,    181.163,     340.577,    339.399,
   66,      163.3,    181.156,     340.039,    339.854,
   67,      165.8,    181.119,     341.764,    340.284,
   68,      168.3,    181.171,     341.667,    340.692,
   69,      170.8,    181.259,     341.777,    341.078,
   70,      175.8,    179.731,     342.179,    342.208,
