----,
DateTime:        , 2025/11/19, 17:00:35, 1763586035529,
RFID_EPC:        ,--Not Acquired--,
RFID_UserData:   ,--Not Acquired--,
Barcode:         ,--Not Acquired--,
PIF:,            0.00,
PARs:,            0.0,     0.0,     0.0,     0.0,     0.0,     0.0,
Light:,           0.0,     0.0,     0.0,     0.0,     0.0,     0.0,
Cycles:,            1,
                    1,      69,      70,      70,
Lamps:,        #10000,
Gain:,              2,      50, 
SNR_raw:,     483.88,
Position:,        0.0,              0.0,   NoData,
DataPt,      Time(us),   EX,         EM,       Fit,
==========,==========,==========,==========,=========,
    0,        0.0,      0.000,       0.000,    175.301,
    1,        0.8,    160.897,     174.024,    180.397,
    2,        3.3,    179.824,     186.621,    186.463,
    3,        5.8,    180.168,     197.871,    192.897,
    4,        8.3,    180.102,     203.218,    199.630,
    5,       10.8,    180.256,     209.425,    206.618,
    6,       13.3,    180.292,     216.038,    213.813,
    7,       15.8,    180.409,     222.549,    221.175,
    8,       18.3,    180.278,     229.368,    228.662,
    9,       20.8,    180.453,     234.410,    236.247,
   10,       23.3,    180.439,     241.633,    243.896,
   11,       25.8,    180.643,     250.217,    251.587,
   12,       28.3,    180.636,     256.593,    259.290,
   13,       30.8,    180.724,     264.492,    266.983,
   14,       33.3,    180.812,     272.936,    274.647,
   15,       35.8,    180.921,     280.509,    282.263,
   16,       38.3,    180.731,     288.273,    289.806,
   17,       40.8,    180.731,     296.573,    297.266,
   18,       43.3,    180.848,     304.675,    304.631,
   19,       45.8,    180.899,     311.223,    311.888,
   20,       48.3,    180.929,     318.634,    319.024,
   21,       50.8,    180.987,     325.990,    326.031,
   22,       53.3,    181.046,     333.065,    332.900,
   23,       55.8,    180.958,     340.134,    339.619,
   24,       58.3,    180.995,     346.972,    346.185,
   25,       60.8,    180.929,     353.730,    352.591,
   26,       63.3,    180.995,     361.061,    358.832,
   27,       65.8,    180.870,     366.285,    364.904,
   28,       68.3,    181.060,     372.528,    370.807,
   29,       70.8,    180.951,     378.833,    376.536,
   30,       73.3,    181.082,     383.251,    382.090,
   31,       75.8,    180.929,     389.656,    387.468,
   32,       78.3,    181.068,     392.947,    392.671,
   33,       80.8,    181.236,     398.652,    397.699,
   34,       83.3,    181.090,     403.944,    402.552,
   35,       85.8,    181.177,     407.060,    407.233,
   36,       88.3,    181.221,     412.203,    411.742,
   37,       90.8,    181.090,     416.645,    416.081,
   38,       93.3,    181.053,     420.871,    420.254,
   39,       95.8,    180.987,     424.616,    424.263,
   40,       98.3,    181.082,     428.258,    428.112,
   41,      100.8,    180.987,     430.693,    431.803,
   42,      103.3,    181.097,     435.678,    435.342,
   43,      105.8,    181.119,     438.662,    438.732,
   44,      108.3,    181.104,     441.458,    441.976,
   45,      110.8,    181.090,     444.255,    445.080,
   46,      113.3,    181.148,     447.148,    448.046,
   47,      115.8,    181.309,     450.336,    450.880,
   48,      118.3,    181.060,     453.440,    453.586,
   49,      120.8,    181.177,     454.803,    456.168,
   50,      123.3,    181.119,     457.710,    458.631,
   51,      125.8,    181.060,     459.515,    460.979,
   52,      128.3,    181.258,     463.152,    463.215,
   53,      130.8,    181.119,     462.956,    465.345,
   54,      133.3,    181.294,     466.920,    467.371,
   55,      135.8,    181.053,     469.476,    469.301,
   56,      138.3,    181.382,     470.278,    471.134,
   57,      140.8,    181.236,     473.140,    472.878,
   58,      143.3,    181.104,     474.036,    474.537,
   59,      145.8,    181.287,     475.213,    476.110,
   60,      148.3,    181.133,     476.444,    477.607,
   61,      150.8,    181.207,     479.563,    479.027,
   62,      153.3,    181.170,     480.488,    480.375,
   63,      155.8,    181.177,     481.848,    481.654,
   64,      158.3,    181.287,     483.211,    482.866,
   65,      160.8,    181.316,     485.340,    484.015,
   66,      163.3,    181.251,     486.895,    485.105,
   67,      165.8,    181.368,     487.684,    486.137,
   68,      168.3,    181.360,     489.358,    487.116,
   69,      170.8,    181.294,     489.811,    488.043,
   70,      175.8,    179.832,     492.683,    491.902,
----,
DateTime:        , 2025/11/19, 17:00:38, 1763586038099,
RFID_EPC:        ,--Not Acquired--,
RFID_UserData:   ,--Not Acquired--,
Barcode:         ,--Not Acquired--,
PIF:,            0.00,
PARs:,            0.0,     0.0,     0.0,     0.0,     0.0,     0.0,
Light:,           0.0,     0.0,     0.0,     0.0,     0.0,     0.0,
Cycles:,            1,
                    1,      69,      70,      70,
Lamps:,        #10000,
Gain:,              2,      50, 
SNR_raw:,     346.56,
Position:,        0.0,              0.0,   NoData,
DataPt,      Time(us),   EX,         EM,       Fit,
==========,==========,==========,==========,=========,
    0,        0.0,      0.000,       0.000,    207.017,
    1,        0.8,    161.183,     206.598,    212.594,
    2,        3.3,    179.954,     218.673,    218.947,
    3,        5.8,    180.195,     229.473,    225.423,
    4,        8.3,    180.334,     235.396,    231.988,
    5,       10.8,    180.159,     242.287,    238.606,
    6,       13.3,    180.276,     246.567,    245.263,
    7,       15.8,    180.495,     252.362,    251.940,
    8,       18.3,    180.590,     257.489,    258.614,
    9,       20.8,    180.744,     264.463,    265.268,
   10,       23.3,    180.561,     271.931,    271.878,
   11,       25.8,    180.714,     277.787,    278.437,
   12,       28.3,    180.773,     282.952,    284.931,
   13,       30.8,    180.649,     290.896,    291.342,
   14,       33.3,    180.700,     295.241,    297.665,
   15,       35.8,    180.817,     302.240,    303.892,
   16,       38.3,    180.766,     308.134,    310.011,
   17,       40.8,    180.729,     314.836,    316.014,
   18,       43.3,    180.817,     322.149,    321.898,
   19,       45.8,    180.992,     326.533,    327.661,
   20,       48.3,    180.970,     332.651,    333.291,
   21,       50.8,    181.095,     339.878,    338.790,
   22,       53.3,    181.087,     344.861,    344.151,
   23,       55.8,    180.861,     349.164,    349.366,
   24,       58.3,    180.948,     355.350,    354.441,
   25,       60.8,    180.912,     360.949,    359.372,
   26,       63.3,    181.007,     366.008,    364.160,
   27,       65.8,    180.883,     370.130,    368.801,
   28,       68.3,    180.846,     374.352,    373.297,
   29,       70.8,    180.897,     378.115,    377.649,
   30,       73.3,    180.978,     382.644,    381.860,
   31,       75.8,    181.131,     386.184,    385.932,
   32,       78.3,    181.160,     389.986,    389.863,
   33,       80.8,    180.992,     394.216,    393.654,
   34,       83.3,    181.000,     396.962,    397.309,
   35,       85.8,    181.095,     402.276,    400.832,
   36,       88.3,    181.058,     405.119,    404.223,
   37,       90.8,    181.131,     407.440,    407.486,
   38,       93.3,    180.941,     411.736,    410.622,
   39,       95.8,    181.051,     413.972,    413.636,
   40,       98.3,    180.948,     416.417,    416.531,
   41,      100.8,    181.175,     420.036,    419.310,
   42,      103.3,    181.146,     421.208,    421.976,
   43,      105.8,    181.073,     423.311,    424.532,
   44,      108.3,    181.138,     427.297,    426.981,
   45,      110.8,    181.263,     428.108,    429.328,
   46,      113.3,    181.285,     431.366,    431.575,
   47,      115.8,    181.168,     434.404,    433.725,
   48,      118.3,    181.058,     435.220,    435.782,
   49,      120.8,    181.160,     436.906,    437.749,
   50,      123.3,    181.080,     439.585,    439.629,
   51,      125.8,    181.073,     441.259,    441.425,
   52,      128.3,    181.175,     442.114,    443.141,
   53,      130.8,    181.087,     442.880,    444.779,
   54,      133.3,    181.241,     445.540,    446.343,
   55,      135.8,    181.182,     448.167,    447.835,
   56,      138.3,    181.292,     449.551,    449.258,
   57,      140.8,    181.241,     450.506,    450.616,
   58,      143.3,    181.043,     451.825,    451.911,
   59,      145.8,    181.175,     453.429,    453.145,
   60,      148.3,    181.212,     454.441,    454.321,
   61,      150.8,    181.109,     455.526,    455.441,
   62,      153.3,    181.087,     456.686,    456.509,
   63,      155.8,    181.160,     457.330,    457.525,
   64,      158.3,    181.380,     457.328,    458.492,
   65,      160.8,    181.168,     458.967,    459.413,
   66,      163.3,    181.043,     461.492,    460.291,
   67,      165.8,    181.292,     461.134,    461.125,
   68,      168.3,    181.285,     463.084,    461.918,
   69,      170.8,    181.204,     463.841,    462.674,
   70,      175.8,    179.771,     465.870,    465.041,
----,
DateTime:        , 2025/11/19, 17:00:40, 1763586040666,
RFID_EPC:        ,--Not Acquired--,
RFID_UserData:   ,--Not Acquired--,
Barcode:         ,--Not Acquired--,
PIF:,            0.00,
PARs:,            0.0,     0.0,     0.0,     0.0,     0.0,     0.0,
Light:,           0.0,     0.0,     0.0,     0.0,     0.0,     0.0,
Cycles:,            1,
                    1,      69,      70,      70,
Lamps:,        #10000,
Gain:,              2,      50, 
SNR_raw:,     282.06,
Position:,        0.0,              0.0,   NoData,
DataPt,      Time(us),   EX,         EM,       Fit,
==========,==========,==========,==========,=========,
    0,        0.0,      0.000,       0.000,    213.249,
    1,        0.8,    161.135,     211.623,    218.674,
    2,        3.3,    179.911,     225.040,    224.814,
    3,        5.8,    180.138,     237.041,    231.035,
    4,        8.3,    180.181,     241.146,    237.307,
    5,       10.8,    180.225,     244.694,    243.609,
    6,       13.3,    180.350,     250.902,    249.925,
    7,       15.8,    180.393,     255.830,    256.234,
    8,       18.3,    180.554,     262.248,    262.525,
    9,       20.8,    180.649,     268.199,    268.779,
   10,       23.3,    180.598,     273.535,    274.980,
   11,       25.8,    180.635,     280.123,    281.117,
   12,       28.3,    180.715,     286.639,    287.181,
   13,       30.8,    180.781,     292.066,    293.161,
   14,       33.3,    180.701,     299.390,    299.044,
   15,       35.8,    180.898,     302.933,    304.829,
   16,       38.3,    180.788,     309.755,    310.502,
   17,       40.8,    180.832,     315.486,    316.059,
   18,       43.3,    180.774,     321.396,    321.494,
   19,       45.8,    181.059,     326.689,    326.809,
   20,       48.3,    180.993,     332.333,    331.992,
   21,       50.8,    180.949,     337.664,    337.040,
   22,       53.3,    180.986,     341.740,    341.953,
   23,       55.8,    181.088,     346.793,    346.731,
   24,       58.3,    181.051,     349.900,    351.368,
   25,       60.8,    180.788,     357.048,    355.860,
   26,       63.3,    181.081,     360.613,    360.217,
   27,       65.8,    180.978,     364.961,    364.431,
   28,       68.3,    180.993,     369.075,    368.506,
   29,       70.8,    180.993,     373.771,    372.442,
   30,       73.3,    181.030,     377.010,    376.241,
   31,       75.8,    181.073,     380.509,    379.904,
   32,       78.3,    181.051,     384.145,    383.433,
   33,       80.8,    180.986,     386.495,    386.829,
   34,       83.3,    181.198,     390.457,    390.098,
   35,       85.8,    181.095,     395.096,    393.239,
   36,       88.3,    181.051,     396.020,    396.256,
   37,       90.8,    181.022,     397.741,    399.151,
   38,       93.3,    180.920,     401.835,    401.927,
   39,       95.8,    181.051,     404.581,    404.588,
   40,       98.3,    181.132,     407.714,    407.139,
   41,      100.8,    181.190,     409.238,    409.581,
   42,      103.3,    181.110,     410.800,    411.918,
   43,      105.8,    181.139,     414.322,    414.152,
   44,      108.3,    181.227,     416.605,    416.289,
   45,      110.8,    181.088,     417.753,    418.329,
   46,      113.3,    181.015,     421.788,    420.278,
   47,      115.8,    181.008,     423.187,    422.138,
   48,      118.3,    181.307,     424.417,    423.913,
   49,      120.8,    181.044,     424.206,    425.606,
   50,      123.3,    181.147,     426.174,    427.220,
   51,      125.8,    181.176,     428.313,    428.758,
   52,      128.3,    181.161,     430.004,    430.224,
   53,      130.8,    181.198,     431.021,    431.619,
   54,      133.3,    181.190,     431.866,    432.948,
   55,      135.8,    181.190,     433.798,    434.212,
   56,      138.3,    181.066,     435.752,    435.416,
   57,      140.8,    181.066,     437.409,    436.560,
   58,      143.3,    181.256,     436.951,    437.648,
   59,      145.8,    181.103,     438.425,    438.683,
   60,      148.3,    181.147,     439.423,    439.667,
   61,      150.8,    181.329,     440.083,    440.601,
   62,      153.3,    181.205,     441.213,    441.489,
   63,      155.8,    181.285,     443.224,    442.332,
   64,      158.3,    181.161,     442.700,    443.133,
   65,      160.8,    181.227,     444.746,    443.893,
   66,      163.3,    181.212,     444.506,    444.615,
   67,      165.8,    181.132,     444.428,    445.301,
   68,      168.3,    181.161,     446.564,    445.951,
   69,      170.8,    181.037,     447.147,    446.569,
   70,      175.8,    179.794,     448.847,    448.470,
----,
DateTime:        , 2025/11/19, 17:00:43, 1763586043185,
RFID_EPC:        ,--Not Acquired--,
RFID_UserData:   ,--Not Acquired--,
Barcode:         ,--Not Acquired--,
PIF:,            0.00,
PARs:,            0.0,     0.0,     0.0,     0.0,     0.0,     0.0,
Light:,           0.0,     0.0,     0.0,     0.0,     0.0,     0.0,
Cycles:,            1,
                    1,      69,      70,      70,
Lamps:,        #10000,
Gain:,              2,      50, 
SNR_raw:,     332.39,
Position:,        0.0,              0.0,   NoData,
DataPt,      Time(us),   EX,         EM,       Fit,
==========,==========,==========,==========,=========,
    0,        0.0,      0.000,       0.000,    206.409,
    1,        0.8,    161.194,     205.963,    211.868,
    2,        3.3,    179.949,     218.074,    218.053,
    3,        5.8,    180.204,     228.907,    224.331,
    4,        8.3,    180.468,     233.006,    230.683,
    5,       10.8,    180.307,     240.423,    237.078,
    6,       13.3,    180.468,     244.642,    243.508,
    7,       15.8,    180.336,     249.257,    249.949,
    8,       18.3,    180.541,     256.729,    256.397,
    9,       20.8,    180.497,     262.608,    262.829,
   10,       23.3,    180.555,     268.616,    269.234,
   11,       25.8,    180.497,     274.520,    275.597,
   12,       28.3,    180.665,     280.076,    281.913,
   13,       30.8,    180.826,     287.569,    288.169,
   14,       33.3,    180.709,     293.289,    294.346,
   15,       35.8,    180.899,     298.509,    300.445,
   16,       38.3,    180.746,     304.295,    306.445,
   17,       40.8,    180.753,     312.305,    312.343,
   18,       43.3,    180.906,     317.568,    318.135,
   19,       45.8,    180.716,     323.158,    323.805,
   20,       48.3,    180.841,     330.125,    329.355,
   21,       50.8,    180.767,     335.237,    334.774,
   22,       53.3,    180.958,     341.240,    340.065,
   23,       55.8,    180.943,     345.413,    345.218,
   24,       58.3,    180.980,     350.868,    350.231,
   25,       60.8,    181.075,     356.483,    355.103,
   26,       63.3,    180.936,     359.520,    359.825,
   27,       65.8,    181.016,     365.161,    364.402,
   28,       68.3,    180.958,     369.147,    368.830,
   29,       70.8,    180.972,     373.814,    373.109,
   30,       73.3,    181.031,     377.560,    377.241,
   31,       75.8,    180.972,     381.274,    381.225,
   32,       78.3,    180.914,     385.267,    385.060,
   33,       80.8,    180.987,     390.084,    388.752,
   34,       83.3,    181.001,     393.367,    392.301,
   35,       85.8,    181.133,     396.670,    395.710,
   36,       88.3,    181.177,     399.609,    398.981,
   37,       90.8,    181.075,     401.768,    402.115,
   38,       93.3,    181.111,     405.552,    405.117,
   39,       95.8,    181.053,     407.064,    407.988,
   40,       98.3,    181.118,     410.781,    410.734,
   41,      100.8,    181.126,     414.077,    413.356,
   42,      103.3,    181.038,     416.487,    415.859,
   43,      105.8,    181.140,     417.908,    418.248,
   44,      108.3,    181.221,     420.206,    420.525,
   45,      110.8,    181.089,     422.444,    422.693,
   46,      113.3,    181.221,     425.172,    424.758,
   47,      115.8,    181.177,     426.655,    426.722,
   48,      118.3,    181.294,     427.207,    428.590,
   49,      120.8,    181.228,     429.569,    430.366,
   50,      123.3,    181.279,     431.103,    432.052,
   51,      125.8,    181.192,     432.415,    433.653,
   52,      128.3,    181.126,     435.609,    435.172,
   53,      130.8,    180.972,     435.426,    436.612,
   54,      133.3,    181.199,     437.089,    437.979,
   55,      135.8,    181.140,     439.162,    439.273,
   56,      138.3,    181.155,     439.127,    440.500,
   57,      140.8,    181.177,     442.109,    441.661,
   58,      143.3,    181.184,     441.815,    442.761,
   59,      145.8,    181.111,     444.478,    443.802,
   60,      148.3,    181.316,     445.355,    444.786,
   61,      150.8,    181.177,     445.697,    445.718,
   62,      153.3,    181.250,     447.172,    446.598,
   63,      155.8,    181.221,     446.141,    447.431,
   64,      158.3,    181.235,     449.415,    448.218,
   65,      160.8,    181.221,     450.004,    448.961,
   66,      163.3,    181.097,     451.141,    449.664,
   67,      165.8,    181.309,     451.165,    450.327,
   68,      168.3,    181.162,     451.253,    450.953,
   69,      170.8,    181.213,     453.057,    451.544,
   70,      175.8,    179.678,     453.033,    453.004,
----,
DateTime:        , 2025/11/19, 17:00:45, 1763586045662,
RFID_EPC:        ,--Not Acquired--,
RFID_UserData:   ,--Not Acquired--,
Barcode:         ,--Not Acquired--,
PIF:,            0.00,
PARs:,            0.0,     0.0,     0.0,     0.0,     0.0,     0.0,
Light:,           0.0,     0.0,     0.0,     0.0,     0.0,     0.0,
Cycles:,            1,
                    1,      69,      70,      70,
Lamps:,        #10000,
Gain:,              2,      50, 
SNR_raw:,     356.58,
Position:,        0.0,              0.0,   NoData,
DataPt,      Time(us),   EX,         EM,       Fit,
==========,==========,==========,==========,=========,
    0,        0.0,      0.000,       0.000,    200.224,
    1,        0.8,    161.052,     199.625,    205.676,
    2,        3.3,    180.062,     212.401,    211.906,
    3,        5.8,    180.047,     223.830,    218.260,
    4,        8.3,    180.105,     228.200,    224.716,
    5,       10.8,    180.383,     233.392,    231.259,
    6,       13.3,    180.332,     239.281,    237.857,
    7,       15.8,    180.413,     244.163,    244.495,
    8,       18.3,    180.698,     250.142,    251.161,
    9,       20.8,    180.654,     256.845,    257.827,
   10,       23.3,    180.676,     262.072,    264.478,
   11,       25.8,    180.617,     269.077,    271.098,
   12,       28.3,    180.778,     276.582,    277.678,
   13,       30.8,    180.837,     283.405,    284.203,
   14,       33.3,    180.749,     289.905,    290.655,
   15,       35.8,    180.705,     296.339,    297.025,
   16,       38.3,    180.749,     301.523,    303.305,
   17,       40.8,    180.873,     308.503,    309.487,
   18,       43.3,    180.844,     315.465,    315.558,
   19,       45.8,    180.873,     321.496,    321.512,
   20,       48.3,    180.910,     327.235,    327.342,
   21,       50.8,    180.997,     334.259,    333.042,
   22,       53.3,    180.910,     339.672,    338.603,
   23,       55.8,    180.880,     344.703,    344.021,
   24,       58.3,    181.027,     349.948,    349.297,
   25,       60.8,    180.939,     355.645,    354.421,
   26,       63.3,    180.902,     360.139,    359.392,
   27,       65.8,    180.983,     363.847,    364.211,
   28,       68.3,    181.041,     369.805,    368.876,
   29,       70.8,    181.041,     373.948,    373.385,
   30,       73.3,    181.056,     379.165,    377.738,
   31,       75.8,    181.034,     381.972,    381.934,
   32,       78.3,    180.997,     386.469,    385.976,
   33,       80.8,    181.019,     391.118,    389.864,
   34,       83.3,    181.151,     394.146,    393.603,
   35,       85.8,    181.049,     398.512,    397.190,
   36,       88.3,    181.056,     400.705,    400.631,
   37,       90.8,    180.990,     403.061,    403.927,
   38,       93.3,    181.056,     407.056,    407.083,
   39,       95.8,    181.100,     410.547,    410.102,
   40,       98.3,    181.180,     413.400,    412.987,
   41,      100.8,    181.224,     414.956,    415.743,
   42,      103.3,    181.122,     419.055,    418.370,
   43,      105.8,    180.946,     420.567,    420.874,
   44,      108.3,    181.093,     422.160,    423.260,
   45,      110.8,    181.107,     424.611,    425.532,
   46,      113.3,    181.107,     426.819,    427.693,
   47,      115.8,    181.034,     428.373,    429.748,
   48,      118.3,    181.136,     430.063,    431.700,
   49,      120.8,    181.166,     432.477,    433.554,
   50,      123.3,    181.173,     435.220,    435.314,
   51,      125.8,    181.202,     436.253,    436.984,
   52,      128.3,    181.122,     438.103,    438.567,
   53,      130.8,    181.283,     440.197,    440.067,
   54,      133.3,    181.283,     441.300,    441.489,
   55,      135.8,    180.954,     442.931,    442.834,
   56,      138.3,    181.136,     443.036,    444.108,
   57,      140.8,    181.078,     444.836,    445.313,
   58,      143.3,    181.166,     445.725,    446.452,
   59,      145.8,    181.071,     447.892,    447.530,
   60,      148.3,    181.239,     448.028,    448.548,
   61,      150.8,    181.158,     450.159,    449.511,
   62,      153.3,    181.114,     450.820,    450.420,
   63,      155.8,    181.363,     449.651,    451.278,
   64,      158.3,    181.224,     453.030,    452.089,
   65,      160.8,    181.290,     454.521,    452.854,
   66,      163.3,    181.188,     454.501,    453.576,
   67,      165.8,    181.202,     455.293,    454.257,
   68,      168.3,    181.341,     456.598,    454.899,
   69,      170.8,    181.122,     458.531,    455.505,
   70,      175.8,    179.791,     456.641,    456.956,
----,
DateTime:        , 2025/11/19, 17:00:48, 1763586048129,
RFID_EPC:        ,--Not Acquired--,
RFID_UserData:   ,--Not Acquired--,
Barcode:         ,--Not Acquired--,
PIF:,            0.00,
PARs:,            0.0,     0.0,     0.0,     0.0,     0.0,     0.0,
Light:,           0.0,     0.0,     0.0,     0.0,     0.0,     0.0,
Cycles:,            1,
                    1,      69,      70,      70,
Lamps:,        #10000,
Gain:,              2,      50, 
SNR_raw:,     380.06,
Position:,        0.0,              0.0,   NoData,
DataPt,      Time(us),   EX,         EM,       Fit,
==========,==========,==========,==========,=========,
    0,        0.0,      0.000,       0.000,    203.755,
    1,        0.8,    161.208,     202.843,    209.123,
    2,        3.3,    179.933,     214.820,    215.207,
    3,        5.8,    180.240,     225.533,    221.389,
    4,        8.3,    180.218,     231.387,    227.641,
    5,       10.8,    180.306,     236.820,    233.950,
    6,       13.3,    180.415,     241.942,    240.301,
    7,       15.8,    180.510,     247.354,    246.680,
    8,       18.3,    180.576,     253.079,    253.070,
    9,       20.8,    180.379,     258.345,    259.450,
   10,       23.3,    180.554,     264.464,    265.818,
   11,       25.8,    180.671,     271.765,    272.160,
   12,       28.3,    180.496,     277.015,    278.454,
   13,       30.8,    180.547,     283.860,    284.697,
   14,       33.3,    180.817,     288.689,    290.884,
   15,       35.8,    180.854,     295.542,    296.997,
   16,       38.3,    180.781,     302.023,    303.024,
   17,       40.8,    180.722,     308.484,    308.956,
   18,       43.3,    180.898,     313.713,    314.792,
   19,       45.8,    180.854,     320.424,    320.518,
   20,       48.3,    180.912,     326.125,    326.130,
   21,       50.8,    180.993,     331.781,    331.622,
   22,       53.3,    180.927,     336.600,    336.985,
   23,       55.8,    180.737,     343.317,    342.212,
   24,       58.3,    180.949,     347.612,    347.307,
   25,       60.8,    181.066,     353.186,    352.264,
   26,       63.3,    181.102,     358.085,    357.080,
   27,       65.8,    181.037,     361.805,    361.750,
   28,       68.3,    181.132,     367.412,    366.275,
   29,       70.8,    181.022,     371.778,    370.651,
   30,       73.3,    181.066,     375.554,    374.879,
   31,       75.8,    181.007,     380.095,    378.959,
   32,       78.3,    181.132,     383.423,    382.894,
   33,       80.8,    181.073,     387.689,    386.682,
   34,       83.3,    180.876,     390.323,    390.322,
   35,       85.8,    180.956,     395.123,    393.820,
   36,       88.3,    181.219,     397.308,    397.182,
   37,       90.8,    180.993,     400.845,    400.402,
   38,       93.3,    181.051,     403.477,    403.488,
   39,       95.8,    181.205,     406.998,    406.443,
   40,       98.3,    181.227,     409.708,    409.270,
   41,      100.8,    181.139,     411.838,    411.969,
   42,      103.3,    181.212,     414.156,    414.547,
   43,      105.8,    181.102,     415.511,    417.005,
   44,      108.3,    181.205,     419.415,    419.349,
   45,      110.8,    181.102,     420.204,    421.581,
   46,      113.3,    181.000,     422.928,    423.706,
   47,      115.8,    181.059,     425.829,    425.727,
   48,      118.3,    181.154,     428.090,    427.649,
   49,      120.8,    181.285,     428.055,    429.477,
   50,      123.3,    181.117,     430.937,    431.211,
   51,      125.8,    181.154,     432.506,    432.858,
   52,      128.3,    181.029,     434.736,    434.419,
   53,      130.8,    181.117,     434.526,    435.900,
   54,      133.3,    181.285,     435.777,    437.304,
   55,      135.8,    181.110,     438.408,    438.634,
   56,      138.3,    181.146,     439.148,    439.893,
   57,      140.8,    181.183,     441.819,    441.086,
   58,      143.3,    181.146,     441.356,    442.214,
   59,      145.8,    181.271,     443.260,    443.281,
   60,      148.3,    181.300,     444.843,    444.290,
   61,      150.8,    181.132,     445.256,    445.244,
   62,      153.3,    181.139,     446.342,    446.146,
   63,      155.8,    181.190,     448.148,    446.997,
   64,      158.3,    181.234,     449.143,    447.802,
   65,      160.8,    181.168,     449.306,    448.561,
   66,      163.3,    181.219,     449.731,    449.278,
   67,      165.8,    181.197,     451.165,    449.955,
   68,      168.3,    181.081,     451.457,    450.594,
   69,      170.8,    181.146,     451.569,    451.197,
   70,      175.8,    179.918,     452.706,    452.656,
----,
DateTime:        , 2025/11/19, 17:00:50, 1763586050601,
RFID_EPC:        ,--Not Acquired--,
RFID_UserData:   ,--Not Acquired--,
Barcode:         ,--Not Acquired--,
PIF:,            0.00,
PARs:,            0.0,     0.0,     0.0,     0.0,     0.0,     0.0,
Light:,           0.0,     0.0,     0.0,     0.0,     0.0,     0.0,
Cycles:,            1,
                    1,      69,      70,      70,
Lamps:,        #10000,
Gain:,              2,      50, 
SNR_raw:,     329.24,
Position:,        0.0,              0.0,   NoData,
DataPt,      Time(us),   EX,         EM,       Fit,
==========,==========,==========,==========,=========,
    0,        0.0,      0.000,       0.000,    206.328,
    1,        0.8,    161.218,     205.623,    211.586,
    2,        3.3,    179.954,     217.814,    217.592,
    3,        5.8,    180.129,     228.724,    223.727,
    4,        8.3,    180.283,     234.076,    229.961,
    5,       10.8,    180.341,     239.546,    236.264,
    6,       13.3,    180.444,     243.566,    242.613,
    7,       15.8,    180.429,     249.128,    248.983,
    8,       18.3,    180.524,     253.982,    255.358,
    9,       20.8,    180.575,     260.556,    261.718,
   10,       23.3,    180.502,     266.756,    268.045,
   11,       25.8,    180.729,     273.337,    274.332,
   12,       28.3,    180.649,     279.271,    280.557,
   13,       30.8,    180.868,     285.844,    286.717,
   14,       33.3,    180.905,     290.485,    292.796,
   15,       35.8,    180.700,     298.008,    298.776,
   16,       38.3,    180.875,     302.971,    304.660,
   17,       40.8,    180.846,     309.103,    310.435,
   18,       43.3,    180.868,     314.318,    316.094,
   19,       45.8,    180.744,     321.450,    321.628,
   20,       48.3,    180.744,     327.536,    327.034,
   21,       50.8,    180.897,     331.956,    332.312,
   22,       53.3,    180.861,     338.382,    337.454,
   23,       55.8,    181.051,     342.721,    342.460,
   24,       58.3,    180.817,     348.419,    347.320,
   25,       60.8,    180.927,     353.458,    352.038,
   26,       63.3,    180.978,     357.226,    356.613,
   27,       65.8,    181.014,     360.469,    361.042,
   28,       68.3,    181.161,     365.422,    365.329,
   29,       70.8,    181.022,     370.950,    369.467,
   30,       73.3,    181.058,     374.189,    373.460,
   31,       75.8,    181.014,     377.871,    377.309,
   32,       78.3,    180.978,     381.262,    381.015,
   33,       80.8,    181.131,     384.804,    384.582,
   34,       83.3,    181.000,     389.227,    388.009,
   35,       85.8,    181.124,     393.101,    391.302,
   36,       88.3,    181.007,     395.841,    394.459,
   37,       90.8,    181.153,     398.006,    397.488,
   38,       93.3,    181.139,     401.074,    400.389,
   39,       95.8,    181.146,     403.818,    403.166,
   40,       98.3,    181.219,     405.862,    405.822,
   41,      100.8,    181.029,     407.670,    408.359,
   42,      103.3,    181.058,     410.089,    410.783,
   43,      105.8,    181.058,     412.298,    413.096,
   44,      108.3,    181.080,     414.181,    415.303,
   45,      110.8,    181.095,     415.805,    417.406,
   46,      113.3,    181.256,     419.297,    419.412,
   47,      115.8,    181.146,     420.655,    421.320,
   48,      118.3,    181.051,     423.362,    423.137,
   49,      120.8,    181.212,     423.538,    424.865,
   50,      123.3,    181.131,     425.382,    426.508,
   51,      125.8,    181.051,     428.057,    428.069,
   52,      128.3,    181.073,     429.938,    429.553,
   53,      130.8,    181.234,     429.832,    430.961,
   54,      133.3,    181.153,     431.955,    432.298,
   55,      135.8,    181.285,     433.572,    433.567,
   56,      138.3,    181.161,     434.421,    434.771,
   57,      140.8,    181.168,     435.784,    435.912,
   58,      143.3,    181.241,     436.987,    436.993,
   59,      145.8,    181.139,     437.786,    438.018,
   60,      148.3,    181.226,     438.678,    438.989,
   61,      150.8,    181.234,     440.591,    439.908,
   62,      153.3,    181.095,     441.206,    440.779,
   63,      155.8,    181.146,     442.185,    441.603,
   64,      158.3,    181.117,     441.704,    442.383,
   65,      160.8,    181.219,     444.766,    443.121,
   66,      163.3,    181.175,     443.769,    443.819,
   67,      165.8,    181.226,     444.748,    444.479,
   68,      168.3,    181.095,     446.175,    445.103,
   69,      170.8,    181.270,     447.123,    445.693,
   70,      175.8,    179.756,     446.716,    447.048,
----,
DateTime:        , 2025/11/19, 17:00:53, 1763586053055,
RFID_EPC:        ,--Not Acquired--,
RFID_UserData:   ,--Not Acquired--,
Barcode:         ,--Not Acquired--,
PIF:,            0.00,
PARs:,            0.0,     0.0,     0.0,     0.0,     0.0,     0.0,
Light:,           0.0,     0.0,     0.0,     0.0,     0.0,     0.0,
Cycles:,            1,
                    1,      69,      70,      70,
Lamps:,        #10000,
Gain:,              2,      50, 
SNR_raw:,     344.20,
Position:,        0.0,              0.0,   NoData,
DataPt,      Time(us),   EX,         EM,       Fit,
==========,==========,==========,==========,=========,
    0,        0.0,      0.000,       0.000,    208.222,
    1,        0.8,    161.122,     206.987,    213.392,
    2,        3.3,    179.970,     218.946,    219.292,
    3,        5.8,    180.058,     229.648,    225.314,
    4,        8.3,    180.234,     235.528,    231.436,
    5,       10.8,    180.511,     240.428,    237.643,
    6,       13.3,    180.307,     246.524,    243.898,
    7,       15.8,    180.387,     249.741,    250.191,
    8,       18.3,    180.599,     255.262,    256.509,
    9,       20.8,    180.650,     261.555,    262.830,
   10,       23.3,    180.555,     267.231,    269.133,
   11,       25.8,    180.584,     275.494,    275.407,
   12,       28.3,    180.541,     280.269,    281.636,
   13,       30.8,    180.716,     286.637,    287.812,
   14,       33.3,    180.753,     292.389,    293.921,
   15,       35.8,    180.950,     298.425,    299.953,
   16,       38.3,    180.950,     305.333,    305.894,
   17,       40.8,    180.965,     311.663,    311.734,
   18,       43.3,    180.899,     317.028,    317.463,
   19,       45.8,    181.001,     323.755,    323.075,
   20,       48.3,    180.913,     329.163,    328.561,
   21,       50.8,    180.906,     334.704,    333.916,
   22,       53.3,    180.950,     339.320,    339.134,
   23,       55.8,    181.074,     344.334,    344.215,
   24,       58.3,    180.870,     348.870,    349.146,
   25,       60.8,    180.987,     355.275,    353.932,
   26,       63.3,    181.001,     359.114,    358.568,
   27,       65.8,    181.082,     363.924,    363.054,
   28,       68.3,    181.096,     367.208,    367.387,
   29,       70.8,    181.096,     371.902,    371.568,
   30,       73.3,    181.133,     376.243,    375.596,
   31,       75.8,    181.111,     378.773,    379.473,
   32,       78.3,    181.177,     383.327,    383.200,
   33,       80.8,    181.009,     388.103,    386.776,
   34,       83.3,    181.045,     390.234,    390.206,
   35,       85.8,    180.921,     393.819,    393.491,
   36,       88.3,    181.118,     396.702,    396.638,
   37,       90.8,    181.052,     400.437,    399.645,
   38,       93.3,    181.074,     403.702,    402.519,
   39,       95.8,    181.191,     404.821,    405.262,
   40,       98.3,    181.213,     408.083,    407.878,
   41,      100.8,    181.162,     410.682,    410.371,
   42,      103.3,    181.294,     411.211,    412.745,
   43,      105.8,    181.045,     415.642,    415.002,
   44,      108.3,    181.074,     416.680,    417.148,
   45,      110.8,    181.155,     419.255,    419.187,
   46,      113.3,    181.111,     421.289,    421.123,
   47,      115.8,    181.118,     422.652,    422.961,
   48,      118.3,    181.045,     424.204,    424.703,
   49,      120.8,    181.052,     426.396,    426.354,
   50,      123.3,    181.060,     427.207,    427.918,
   51,      125.8,    181.104,     429.588,    429.399,
   52,      128.3,    181.213,     430.156,    430.801,
   53,      130.8,    181.206,     431.277,    432.127,
   54,      133.3,    181.177,     434.383,    433.381,
   55,      135.8,    181.030,     434.181,    434.566,
   56,      138.3,    181.118,     435.903,    435.686,
   57,      140.8,    181.096,     436.508,    436.743,
   58,      143.3,    181.199,     437.917,    437.742,
   59,      145.8,    181.089,     438.735,    438.684,
   60,      148.3,    181.316,     438.186,    439.573,
   61,      150.8,    181.016,     438.912,    440.412,
   62,      153.3,    181.184,     441.540,    441.203,
   63,      155.8,    180.987,     440.917,    441.949,
   64,      158.3,    181.162,     443.249,    442.652,
   65,      160.8,    181.162,     442.973,    443.314,
   66,      163.3,    181.133,     443.873,    443.938,
   67,      165.8,    181.184,     445.404,    444.526,
   68,      168.3,    181.140,     445.511,    445.079,
   69,      170.8,    181.082,     447.312,    445.601,
   70,      175.8,    179.714,     447.933,    447.344,
----,
DateTime:        , 2025/11/19, 17:00:55, 1763586055512,
RFID_EPC:        ,--Not Acquired--,
RFID_UserData:   ,--Not Acquired--,
Barcode:         ,--Not Acquired--,
PIF:,            0.00,
PARs:,            0.0,     0.0,     0.0,     0.0,     0.0,     0.0,
Light:,           0.0,     0.0,     0.0,     0.0,     0.0,     0.0,
Cycles:,            1,
                    1,      69,      70,      70,
Lamps:,        #10000,
Gain:,              2,      50, 
SNR_raw:,     346.08,
Position:,        0.0,              0.0,   NoData,
DataPt,      Time(us),   EX,         EM,       Fit,
==========,==========,==========,==========,=========,
    0,        0.0,      0.000,       0.000,    205.450,
    1,        0.8,    160.940,     205.046,    210.776,
    2,        3.3,    179.860,     216.845,    216.853,
    3,        5.8,    180.087,     227.390,    223.053,
    4,        8.3,    180.204,     233.625,    229.350,
    5,       10.8,    180.357,     237.584,    235.725,
    6,       13.3,    180.467,     243.812,    242.155,
    7,       15.8,    180.379,     248.089,    248.616,
    8,       18.3,    180.701,     254.564,    255.102,
    9,       20.8,    180.555,     260.586,    261.581,
   10,       23.3,    180.664,     266.240,    268.046,
   11,       25.8,    180.701,     272.827,    274.480,
   12,       28.3,    180.752,     280.218,    280.868,
   13,       30.8,    180.898,     285.796,    287.200,
   14,       33.3,    180.730,     292.978,    293.454,
   15,       35.8,    180.679,     299.426,    299.624,
   16,       38.3,    180.598,     303.989,    305.697,
   17,       40.8,    180.789,     311.414,    311.671,
   18,       43.3,    180.686,     317.401,    317.530,
   19,       45.8,    180.847,     322.372,    323.273,
   20,       48.3,    180.869,     329.244,    328.889,
   21,       50.8,    181.030,     333.370,    334.375,
   22,       53.3,    181.154,     339.490,    339.725,
   23,       55.8,    181.052,     346.034,    344.929,
   24,       58.3,    181.052,     351.281,    349.986,
   25,       60.8,    181.096,     356.442,    354.893,
   26,       63.3,    180.891,     361.267,    359.644,
   27,       65.8,    180.913,     364.540,    364.241,
   28,       68.3,    180.964,     370.239,    368.685,
   29,       70.8,    181.023,     373.710,    372.974,
   30,       73.3,    181.103,     377.962,    377.109,
   31,       75.8,    181.015,     381.460,    381.089,
   32,       78.3,    181.001,     385.082,    384.916,
   33,       80.8,    180.986,     388.980,    388.592,
   34,       83.3,    181.001,     392.816,    392.119,
   35,       85.8,    181.081,     395.127,    395.501,
   36,       88.3,    181.008,     398.878,    398.739,
   37,       90.8,    181.088,     401.185,    401.837,
   38,       93.3,    181.132,     404.953,    404.798,
   39,       95.8,    181.198,     408.117,    407.627,
   40,       98.3,    181.213,     410.016,    410.325,
   41,      100.8,    181.293,     412.316,    412.899,
   42,      103.3,    180.986,     414.949,    415.348,
   43,      105.8,    181.198,     417.499,    417.681,
   44,      108.3,    181.023,     420.666,    419.900,
   45,      110.8,    181.169,     421.154,    422.009,
   46,      113.3,    180.986,     423.514,    424.013,
   47,      115.8,    181.235,     424.588,    425.915,
   48,      118.3,    181.030,     428.935,    427.720,
   49,      120.8,    181.264,     428.381,    429.433,
   50,      123.3,    181.037,     431.679,    431.055,
   51,      125.8,    181.205,     432.658,    432.593,
   52,      128.3,    181.191,     432.969,    434.048,
   53,      130.8,    181.205,     435.418,    435.426,
   54,      133.3,    181.052,     435.235,    436.730,
   55,      135.8,    181.213,     437.608,    437.963,
   56,      138.3,    181.081,     438.478,    439.129,
   57,      140.8,    181.154,     439.681,    440.230,
   58,      143.3,    181.088,     440.669,    441.271,
   59,      145.8,    181.074,     442.637,    442.253,
   60,      148.3,    181.066,     443.760,    443.181,
   61,      150.8,    181.183,     443.749,    444.057,
   62,      153.3,    181.191,     445.663,    444.883,
   63,      155.8,    181.439,     445.879,    445.661,
   64,      158.3,    181.286,     446.809,    446.396,
   65,      160.8,    181.381,     446.299,    447.089,
   66,      163.3,    181.161,     448.219,    447.742,
   67,      165.8,    181.227,     449.160,    448.358,
   68,      168.3,    181.161,     449.875,    448.938,
   69,      170.8,    181.052,     451.252,    449.485,
   70,      175.8,    179.809,     451.312,    451.071,
----,
DateTime:        , 2025/11/19, 17:00:58, 1763586057982,
RFID_EPC:        ,--Not Acquired--,
RFID_UserData:   ,--Not Acquired--,
Barcode:         ,--Not Acquired--,
PIF:,            0.00,
PARs:,            0.0,     0.0,     0.0,     0.0,     0.0,     0.0,
Light:,           0.0,     0.0,     0.0,     0.0,     0.0,     0.0,
Cycles:,            1,
                    1,      69,      70,      70,
Lamps:,        #10000,
Gain:,              2,      50, 
SNR_raw:,     299.67,
Position:,        0.0,              0.0,   NoData,
DataPt,      Time(us),   EX,         EM,       Fit,
==========,==========,==========,==========,=========,
    0,        0.0,      0.000,       0.000,    207.355,
    1,        0.8,    161.084,     207.345,    212.530,
    2,        3.3,    180.014,     218.367,    218.482,
    3,        5.8,    180.313,     228.214,    224.601,
    4,        8.3,    180.240,     234.687,    230.841,
    5,       10.8,    180.328,     240.673,    237.178,
    6,       13.3,    180.401,     245.287,    243.586,
    7,       15.8,    180.460,     249.917,    250.039,
    8,       18.3,    180.489,     255.695,    256.515,
    9,       20.8,    180.467,     262.098,    262.993,
   10,       23.3,    180.569,     267.211,    269.458,
   11,       25.8,    180.737,     274.431,    275.895,
   12,       28.3,    180.569,     281.609,    282.279,
   13,       30.8,    180.642,     288.138,    288.603,
   14,       33.3,    180.935,     292.647,    294.861,
   15,       35.8,    180.891,     299.904,    301.032,
   16,       38.3,    180.840,     305.796,    307.105,
   17,       40.8,    180.854,     311.300,    313.072,
   18,       43.3,    180.898,     319.517,    318.925,
   19,       45.8,    180.818,     324.360,    324.655,
   20,       48.3,    180.993,     330.399,    330.259,
   21,       50.8,    180.774,     335.502,    335.725,
   22,       53.3,    180.957,     341.518,    341.055,
   23,       55.8,    181.103,     347.316,    346.244,
   24,       58.3,    180.986,     350.580,    351.285,
   25,       60.8,    181.044,     355.990,    356.176,
   26,       63.3,    181.096,     361.963,    360.917,
   27,       65.8,    180.979,     366.065,    365.503,
   28,       68.3,    180.986,     371.576,    369.935,
   29,       70.8,    181.030,     375.629,    374.214,
   30,       73.3,    180.993,     379.848,    378.340,
   31,       75.8,    181.037,     381.966,    382.313,
   32,       78.3,    180.942,     386.864,    386.135,
   33,       80.8,    181.037,     390.251,    389.808,
   34,       83.3,    181.161,     394.676,    393.336,
   35,       85.8,    181.074,     398.180,    396.718,
   36,       88.3,    181.052,     399.886,    399.959,
   37,       90.8,    180.935,     404.013,    403.059,
   38,       93.3,    181.132,     406.333,    406.026,
   39,       95.8,    181.169,     408.183,    408.861,
   40,       98.3,    181.125,     410.214,    411.568,
   41,      100.8,    181.088,     413.610,    414.150,
   42,      103.3,    181.140,     417.082,    416.612,
   43,      105.8,    181.235,     419.346,    418.958,
   44,      108.3,    181.081,     421.358,    421.191,
   45,      110.8,    181.191,     423.311,    423.315,
   46,      113.3,    181.118,     425.414,    425.334,
   47,      115.8,    181.176,     425.553,    427.253,
   48,      118.3,    181.118,     428.727,    429.075,
   49,      120.8,    181.183,     429.675,    430.805,
   50,      123.3,    181.205,     431.831,    432.446,
   51,      125.8,    181.059,     433.284,    434.001,
   52,      128.3,    181.008,     435.340,    435.475,
   53,      130.8,    181.059,     435.769,    436.872,
   54,      133.3,    181.125,     436.991,    438.194,
   55,      135.8,    181.059,     438.807,    439.446,
   56,      138.3,    181.235,     441.141,    440.630,
   57,      140.8,    181.176,     442.663,    441.750,
   58,      143.3,    181.191,     443.179,    442.809,
   59,      145.8,    181.015,     444.438,    443.811,
   60,      148.3,    181.300,     443.463,    444.757,
   61,      150.8,    181.183,     445.405,    445.650,
   62,      153.3,    181.154,     447.133,    446.494,
   63,      155.8,    181.183,     448.441,    447.291,
   64,      158.3,    181.044,     449.613,    448.044,
   65,      160.8,    181.154,     449.893,    448.753,
   66,      163.3,    181.044,     449.061,    449.424,
   67,      165.8,    181.198,     451.164,    450.055,
   68,      168.3,    181.096,     451.695,    450.651,
   69,      170.8,    181.278,     451.515,    451.212,
   70,      175.8,    179.948,     452.631,    452.728,
----,
DateTime:        , 2025/11/19, 17:01:00, 1763586060442,
RFID_EPC:        ,--Not Acquired--,
RFID_UserData:   ,--Not Acquired--,
Barcode:         ,--Not Acquired--,
PIF:,            0.00,
PARs:,            0.0,     0.0,     0.0,     0.0,     0.0,     0.0,
Light:,           0.0,     0.0,     0.0,     0.0,     0.0,     0.0,
Cycles:,            1,
                    1,      69,      70,      70,
Lamps:,        #10000,
Gain:,              2,      50, 
SNR_raw:,     390.77,
Position:,        0.0,              0.0,   NoData,
DataPt,      Time(us),   EX,         EM,       Fit,
==========,==========,==========,==========,=========,
    0,        0.0,      0.000,       0.000,    209.480,
    1,        0.8,    161.173,     208.162,    214.582,
    2,        3.3,    179.989,     220.258,    220.460,
    3,        5.8,    180.018,     231.088,    226.509,
    4,        8.3,    180.245,     237.178,    232.701,
    5,       10.8,    180.281,     240.735,    239.002,
    6,       13.3,    180.310,     246.797,    245.384,
    7,       15.8,    180.574,     251.144,    251.830,
    8,       18.3,    180.530,     258.129,    258.306,
    9,       20.8,    180.464,     265.150,    264.792,
   10,       23.3,    180.625,     269.620,    271.273,
   11,       25.8,    180.632,     276.529,    277.729,
   12,       28.3,    180.603,     283.495,    284.141,
   13,       30.8,    180.647,     289.792,    290.496,
   14,       33.3,    180.764,     295.967,    296.782,
   15,       35.8,    180.778,     302.581,    302.985,
   16,       38.3,    180.778,     307.559,    309.091,
   17,       40.8,    180.829,     314.108,    315.093,
   18,       43.3,    180.961,     321.064,    320.982,
   19,       45.8,    180.749,     325.866,    326.743,
   20,       48.3,    181.041,     331.416,    332.379,
   21,       50.8,    181.115,     337.632,    337.881,
   22,       53.3,    180.917,     343.804,    343.235,
   23,       55.8,    181.034,     348.553,    348.445,
   24,       58.3,    180.873,     353.286,    353.502,
   25,       60.8,    181.034,     359.324,    358.408,
   26,       63.3,    181.005,     362.697,    363.159,
   27,       65.8,    180.983,     368.543,    367.753,
   28,       68.3,    180.917,     372.546,    372.189,
   29,       70.8,    180.903,     377.828,    376.467,
   30,       73.3,    180.851,     381.529,    380.588,
   31,       75.8,    181.180,     384.700,    384.558,
   32,       78.3,    181.056,     389.658,    388.372,
   33,       80.8,    181.100,     392.325,    392.035,
   34,       83.3,    181.107,     397.002,    395.548,
   35,       85.8,    181.020,     400.509,    398.913,
   36,       88.3,    180.961,     403.402,    402.134,
   37,       90.8,    181.144,     405.479,    405.216,
   38,       93.3,    180.954,     408.668,    408.159,
   39,       95.8,    181.085,     410.856,    410.970,
   40,       98.3,    181.085,     413.341,    413.651,
   41,      100.8,    181.093,     416.638,    416.207,
   42,      103.3,    181.093,     418.846,    418.641,
   43,      105.8,    181.093,     419.399,    420.958,
   44,      108.3,    181.137,     422.609,    423.161,
   45,      110.8,    181.202,     424.388,    425.256,
   46,      113.3,    181.078,     427.440,    427.246,
   47,      115.8,    181.056,     428.320,    429.135,
   48,      118.3,    181.283,     431.922,    430.928,
   49,      120.8,    181.122,     432.029,    432.628,
   50,      123.3,    181.063,     434.102,    434.239,
   51,      125.8,    181.137,     435.583,    435.766,
   52,      128.3,    181.283,     436.611,    437.211,
   53,      130.8,    181.151,     438.032,    438.579,
   54,      133.3,    181.429,     439.291,    439.873,
   55,      135.8,    181.385,     440.224,    441.097,
   56,      138.3,    181.297,     442.091,    442.255,
   57,      140.8,    181.122,     442.244,    443.350,
   58,      143.3,    181.166,     444.620,    444.384,
   59,      145.8,    181.210,     444.237,    445.361,
   60,      148.3,    181.158,     446.294,    446.283,
   61,      150.8,    181.137,     446.901,    447.154,
   62,      153.3,    181.166,     448.484,    447.975,
   63,      155.8,    181.195,     448.964,    448.750,
   64,      158.3,    181.144,     449.091,    449.482,
   65,      160.8,    181.297,     450.365,    450.170,
   66,      163.3,    181.334,     451.929,    450.819,
   67,      165.8,    181.158,     452.642,    451.433,
   68,      168.3,    181.239,     453.545,    452.010,
   69,      170.8,    181.239,     454.373,    452.554,
   70,      175.8,    179.419,     454.802,    454.609,
----,
DateTime:        , 2025/11/19, 17:01:03, 1763586062928,
RFID_EPC:        ,--Not Acquired--,
RFID_UserData:   ,--Not Acquired--,
Barcode:         ,--Not Acquired--,
PIF:,            0.00,
PARs:,            0.0,     0.0,     0.0,     0.0,     0.0,     0.0,
Light:,           0.0,     0.0,     0.0,     0.0,     0.0,     0.0,
Cycles:,            1,
                    1,      69,      70,      70,
Lamps:,        #10000,
Gain:,              2,      50, 
SNR_raw:,     235.61,
Position:,        0.0,              0.0,   NoData,
DataPt,      Time(us),   EX,         EM,       Fit,
==========,==========,==========,==========,=========,
    0,        0.0,      0.000,       0.000,    208.391,
    1,        0.8,    161.101,     208.255,    213.799,
    2,        3.3,    179.984,     220.279,    219.997,
    3,        5.8,    180.058,     231.037,    226.334,
    4,        8.3,    180.116,     236.514,    232.779,
    5,       10.8,    180.423,     242.208,    239.309,
    6,       13.3,    180.379,     247.257,    245.887,
    7,       15.8,    180.387,     252.513,    252.489,
    8,       18.3,    180.489,     258.465,    259.099,
    9,       20.8,    180.599,     264.122,    265.697,
   10,       23.3,    180.577,     271.907,    272.262,
   11,       25.8,    180.540,     276.947,    278.777,
   12,       28.3,    180.716,     283.872,    285.235,
   13,       30.8,    180.759,     289.335,    291.618,
   14,       33.3,    180.942,     295.951,    297.920,
   15,       35.8,    180.686,     303.288,    304.116,
   16,       38.3,    180.862,     309.629,    310.210,
   17,       40.8,    180.789,     314.732,    316.186,
   18,       43.3,    180.876,     320.937,    322.041,
   19,       45.8,    180.898,     328.914,    327.767,
   20,       48.3,    181.015,     332.845,    333.360,
   21,       50.8,    181.030,     338.342,    338.813,
   22,       53.3,    180.898,     344.945,    344.118,
   23,       55.8,    181.045,     349.638,    349.278,
   24,       58.3,    180.979,     353.080,    354.286,
   25,       60.8,    180.971,     359.725,    359.141,
   26,       63.3,    181.001,     364.087,    363.842,
   27,       65.8,    180.898,     368.163,    368.386,
   28,       68.3,    180.964,     373.831,    372.776,
   29,       70.8,    181.169,     378.100,    377.015,
   30,       73.3,    181.140,     383.130,    381.100,
   31,       75.8,    181.059,     386.062,    385.031,
   32,       78.3,    181.015,     390.575,    388.810,
   33,       80.8,    181.059,     392.965,    392.440,
   34,       83.3,    181.037,     397.432,    395.924,
   35,       85.8,    181.118,     401.673,    399.266,
   36,       88.3,    181.045,     401.835,    402.466,
   37,       90.8,    180.993,     406.645,    405.528,
   38,       93.3,    181.118,     408.022,    408.457,
   39,       95.8,    181.052,     412.037,    411.255,
   40,       98.3,    181.088,     414.438,    413.927,
   41,      100.8,    181.015,     415.711,    416.475,
   42,      103.3,    181.191,     418.068,    418.906,
   43,      105.8,    181.147,     418.721,    421.221,
   44,      108.3,    181.205,     421.621,    423.426,
   45,      110.8,    181.191,     424.415,    425.524,
   46,      113.3,    181.154,     427.536,    427.519,
   47,      115.8,    181.037,     428.641,    429.413,
   48,      118.3,    181.169,     432.194,    431.214,
   49,      120.8,    181.110,     433.713,    432.923,
   50,      123.3,    181.198,     434.883,    434.545,
   51,      125.8,    181.132,     436.421,    436.083,
   52,      128.3,    181.045,     436.909,    437.541,
   53,      130.8,    181.183,     438.506,    438.923,
   54,      133.3,    181.264,     439.139,    440.232,
   55,      135.8,    181.264,     439.690,    441.472,
   56,      138.3,    181.293,     442.102,    442.645,
   57,      140.8,    181.052,     443.243,    443.755,
   58,      143.3,    181.140,     444.409,    444.805,
   59,      145.8,    181.227,     443.918,    445.798,
   60,      148.3,    181.162,     446.839,    446.737,
   61,      150.8,    181.132,     447.739,    447.624,
   62,      153.3,    181.125,     449.690,    448.462,
   63,      155.8,    181.147,     447.979,    449.254,
   64,      158.3,    181.045,     450.994,    450.001,
   65,      160.8,    181.198,     451.440,    450.707,
   66,      163.3,    181.183,     452.856,    451.373,
   67,      165.8,    181.198,     451.716,    452.002,
   68,      168.3,    181.162,     453.187,    452.595,
   69,      170.8,    181.249,     454.623,    453.155,
   70,      175.8,    179.707,     454.352,    454.235,
----,
DateTime:        , 2025/11/19, 17:01:05, 1763586065386,
RFID_EPC:        ,--Not Acquired--,
RFID_UserData:   ,--Not Acquired--,
Barcode:         ,--Not Acquired--,
PIF:,            0.00,
PARs:,            0.0,     0.0,     0.0,     0.0,     0.0,     0.0,
Light:,           0.0,     0.0,     0.0,     0.0,     0.0,     0.0,
Cycles:,            1,
                    1,      69,      70,      70,
Lamps:,        #10000,
Gain:,              2,      50, 
SNR_raw:,     356.61,
Position:,        0.0,              0.0,   NoData,
DataPt,      Time(us),   EX,         EM,       Fit,
==========,==========,==========,==========,=========,
    0,        0.0,      0.000,       0.000,    208.567,
    1,        0.8,    161.224,     207.475,    214.119,
    2,        3.3,    180.063,     220.101,    220.416,
    3,        5.8,    180.209,     231.398,    226.806,
    4,        8.3,    180.034,     237.455,    233.260,
    5,       10.8,    180.326,     243.448,    239.776,
    6,       13.3,    180.239,     247.727,    246.323,
    7,       15.8,    180.560,     252.270,    252.897,
    8,       18.3,    180.611,     258.289,    259.476,
    9,       20.8,    180.626,     265.466,    266.041,
   10,       23.3,    180.582,     271.621,    272.578,
   11,       25.8,    180.597,     277.414,    279.074,
   12,       28.3,    180.831,     284.244,    285.523,
   13,       30.8,    180.699,     290.538,    291.902,
   14,       33.3,    180.677,     297.492,    298.203,
   15,       35.8,    180.882,     303.513,    304.423,
   16,       38.3,    180.802,     310.285,    310.542,
   17,       40.8,    180.721,     316.510,    316.553,
   18,       43.3,    180.780,     321.662,    322.451,
   19,       45.8,    180.809,     327.694,    328.228,
   20,       48.3,    180.926,     334.115,    333.880,
   21,       50.8,    180.992,     339.242,    339.398,
   22,       53.3,    180.831,     344.245,    344.774,
   23,       55.8,    180.867,     351.086,    350.007,
   24,       58.3,    181.028,     355.746,    355.097,
   25,       60.8,    180.802,     359.787,    360.031,
   26,       63.3,    180.984,     365.501,    364.818,
   27,       65.8,    180.962,     370.243,    369.451,
   28,       68.3,    180.999,     374.588,    373.930,
   29,       70.8,    180.867,     379.007,    378.252,
   30,       73.3,    181.035,     383.074,    382.422,
   31,       75.8,    181.123,     388.134,    386.441,
   32,       78.3,    180.926,     389.939,    390.304,
   33,       80.8,    181.079,     395.131,    394.019,
   34,       83.3,    181.116,     398.916,    397.586,
   35,       85.8,    181.057,     402.082,    401.006,
   36,       88.3,    180.999,     404.146,    404.283,
   37,       90.8,    181.043,     407.086,    407.420,
   38,       93.3,    181.109,     409.975,    410.420,
   39,       95.8,    180.992,     413.003,    413.286,
   40,       98.3,    181.145,     415.965,    416.024,
   41,      100.8,    181.269,     418.714,    418.637,
   42,      103.3,    181.065,     421.673,    421.126,
   43,      105.8,    181.269,     422.851,    423.498,
   44,      108.3,    181.116,     424.866,    425.756,
   45,      110.8,    180.940,     428.594,    427.902,
   46,      113.3,    181.094,     430.440,    429.943,
   47,      115.8,    181.262,     430.868,    431.884,
   48,      118.3,    181.123,     433.959,    433.725,
   49,      120.8,    181.065,     435.756,    435.473,
   50,      123.3,    181.035,     436.931,    437.131,
   51,      125.8,    181.160,     437.459,    438.703,
   52,      128.3,    181.211,     439.543,    440.192,
   53,      130.8,    181.167,     439.650,    441.603,
   54,      133.3,    181.284,     442.951,    442.939,
   55,      135.8,    181.226,     443.646,    444.204,
   56,      138.3,    181.189,     444.564,    445.400,
   57,      140.8,    181.218,     445.595,    446.531,
   58,      143.3,    181.269,     448.504,    447.601,
   59,      145.8,    181.145,     448.811,    448.611,
   60,      148.3,    181.145,     448.811,    449.566,
   61,      150.8,    181.130,     450.780,    450.468,
   62,      153.3,    181.218,     451.665,    451.320,
   63,      155.8,    181.189,     452.566,    452.124,
   64,      158.3,    181.284,     453.708,    452.882,
   65,      160.8,    181.218,     453.873,    453.598,
   66,      163.3,    181.204,     454.461,    454.273,
   67,      165.8,    181.277,     454.830,    454.910,
   68,      168.3,    181.262,     455.694,    455.510,
   69,      170.8,    181.233,     457.423,    456.077,
   70,      175.8,    179.778,     458.065,    457.557,
----,
DateTime:        , 2025/11/19, 17:01:08, 1763586067846,
RFID_EPC:        ,--Not Acquired--,
RFID_UserData:   ,--Not Acquired--,
Barcode:         ,--Not Acquired--,
PIF:,            0.00,
PARs:,            0.0,     0.0,     0.0,     0.0,     0.0,     0.0,
Light:,           0.0,     0.0,     0.0,     0.0,     0.0,     0.0,
Cycles:,            1,
                    1,      69,      70,      70,
Lamps:,        #10000,
Gain:,              2,      50, 
SNR_raw:,     325.99,
Position:,        0.0,              0.0,   NoData,
DataPt,      Time(us),   EX,         EM,       Fit,
==========,==========,==========,==========,=========,
    0,        0.0,      0.000,       0.000,    211.086,
    1,        0.8,    160.956,     210.616,    216.333,
    2,        3.3,    180.093,     222.468,    222.374,
    3,        5.8,    180.217,     233.052,    228.577,
    4,        8.3,    180.370,     238.675,    234.911,
    5,       10.8,    180.275,     243.516,    241.338,
    6,       13.3,    180.444,     249.108,    247.839,
    7,       15.8,    180.509,     255.111,    254.388,
    8,       18.3,    180.531,     260.066,    260.960,
    9,       20.8,    180.341,     266.162,    267.528,
   10,       23.3,    180.568,     272.751,    274.087,
   11,       25.8,    180.517,     280.307,    280.610,
   12,       28.3,    180.721,     285.246,    287.090,
   13,       30.8,    180.780,     292.068,    293.508,
   14,       33.3,    180.824,     298.081,    299.850,
   15,       35.8,    180.875,     304.907,    306.104,
   16,       38.3,    180.794,     311.127,    312.257,
   17,       40.8,    180.765,     318.922,    318.300,
   18,       43.3,    180.897,     323.389,    324.228,
   19,       45.8,    180.875,     329.786,    330.030,
   20,       48.3,    180.970,     335.691,    335.701,
   21,       50.8,    180.926,     341.300,    341.234,
   22,       53.3,    180.977,     348.110,    346.624,
   23,       55.8,    180.846,     351.681,    351.864,
   24,       58.3,    180.941,     357.576,    356.956,
   25,       60.8,    180.919,     362.594,    361.894,
   26,       63.3,    181.043,     366.764,    366.679,
   27,       65.8,    181.021,     371.780,    371.308,
   28,       68.3,    181.021,     375.371,    375.779,
   29,       70.8,    181.094,     381.017,    380.096,
   30,       73.3,    181.065,     386.050,    384.255,
   31,       75.8,    181.028,     388.889,    388.259,
   32,       78.3,    180.875,     391.707,    392.107,
   33,       80.8,    181.211,     397.327,    395.808,
   34,       83.3,    180.882,     399.431,    399.356,
   35,       85.8,    181.182,     403.738,    402.761,
   36,       88.3,    181.036,     407.102,    406.020,
   37,       90.8,    180.977,     410.549,    409.139,
   38,       93.3,    180.984,     411.914,    412.120,
   39,       95.8,    181.350,     414.668,    414.972,
   40,       98.3,    181.123,     417.671,    417.692,
   41,      100.8,    181.153,     420.364,    420.287,
   42,      103.3,    181.058,     423.070,    422.759,
   43,      105.8,    181.284,     424.748,    425.115,
   44,      108.3,    181.028,     427.281,    427.357,
   45,      110.8,    181.131,     430.076,    429.489,
   46,      113.3,    181.072,     430.491,    431.516,
   47,      115.8,    181.065,     433.546,    433.442,
   48,      118.3,    181.182,     434.370,    435.270,
   49,      120.8,    181.028,     436.396,    437.006,
   50,      123.3,    181.094,     438.170,    438.652,
   51,      125.8,    181.226,     438.404,    440.213,
   52,      128.3,    181.072,     440.708,    441.692,
   53,      130.8,    181.153,     443.273,    443.093,
   54,      133.3,    181.218,     443.664,    444.420,
   55,      135.8,    181.226,     445.025,    445.675,
   56,      138.3,    181.174,     445.979,    446.863,
   57,      140.8,    181.094,     448.110,    447.988,
   58,      143.3,    181.036,     448.807,    449.050,
   59,      145.8,    181.255,     450.471,    450.055,
   60,      148.3,    181.160,     450.983,    451.004,
   61,      150.8,    181.182,     451.756,    451.900,
   62,      153.3,    181.321,     453.340,    452.747,
   63,      155.8,    181.248,     454.351,    453.546,
   64,      158.3,    181.299,     454.223,    454.301,
   65,      160.8,    181.291,     453.965,    455.013,
   66,      163.3,    181.218,     457.735,    455.685,
   67,      165.8,    181.050,     458.436,    456.320,
   68,      168.3,    181.028,     458.216,    456.919,
   69,      170.8,    181.255,     458.746,    457.483,
   70,      175.8,    179.778,     459.177,    459.214,
----,
DateTime:        , 2025/11/19, 17:01:10, 1763586070318,
RFID_EPC:        ,--Not Acquired--,
RFID_UserData:   ,--Not Acquired--,
Barcode:         ,--Not Acquired--,
PIF:,            0.00,
PARs:,            0.0,     0.0,     0.0,     0.0,     0.0,     0.0,
Light:,           0.0,     0.0,     0.0,     0.0,     0.0,     0.0,
Cycles:,            1,
                    1,      69,      70,      70,
Lamps:,        #10000,
Gain:,              2,      50, 
SNR_raw:,     423.31,
Position:,        0.0,              0.0,   NoData,
DataPt,      Time(us),   EX,         EM,       Fit,
==========,==========,==========,==========,=========,
    0,        0.0,      0.000,       0.000,    211.207,
    1,        0.8,    161.191,     209.689,    216.466,
    2,        3.3,    180.009,     222.246,    222.520,
    3,        5.8,    180.097,     233.486,    228.743,
    4,        8.3,    180.214,     239.993,    235.103,
    5,       10.8,    180.309,     244.858,    241.567,
    6,       13.3,    180.528,     248.715,    248.110,
    7,       15.8,    180.382,     253.629,    254.696,
    8,       18.3,    180.470,     260.155,    261.306,
    9,       20.8,    180.484,     268.168,    267.918,
   10,       23.3,    180.725,     273.620,    274.518,
   11,       25.8,    180.674,     279.509,    281.079,
   12,       28.3,    180.769,     286.830,    287.590,
   13,       30.8,    180.798,     292.591,    294.033,
   14,       33.3,    180.733,     299.890,    300.393,
   15,       35.8,    180.652,     305.559,    306.658,
   16,       38.3,    180.915,     311.748,    312.825,
   17,       40.8,    180.945,     318.882,    318.879,
   18,       43.3,    180.674,     324.894,    324.805,
   19,       45.8,    180.857,     330.372,    330.606,
   20,       48.3,    181.084,     336.033,    336.275,
   21,       50.8,    180.974,     341.486,    341.802,
   22,       53.3,    180.886,     346.903,    347.181,
   23,       55.8,    180.937,     351.779,    352.412,
   24,       58.3,    180.842,     357.494,    357.490,
   25,       60.8,    180.952,     362.803,    362.415,
   26,       63.3,    180.915,     367.299,    367.185,
   27,       65.8,    180.981,     372.414,    371.800,
   28,       68.3,    180.886,     377.585,    376.258,
   29,       70.8,    181.032,     381.700,    380.562,
   30,       73.3,    181.054,     384.691,    384.711,
   31,       75.8,    181.157,     389.166,    388.709,
   32,       78.3,    181.222,     393.991,    392.556,
   33,       80.8,    181.084,     397.330,    396.252,
   34,       83.3,    181.084,     400.644,    399.801,
   35,       85.8,    180.937,     404.007,    403.206,
   36,       88.3,    180.959,     406.721,    406.470,
   37,       90.8,    181.164,     409.574,    409.598,
   38,       93.3,    181.062,     413.395,    412.591,
   39,       95.8,    180.989,     416.048,    415.453,
   40,       98.3,    181.018,     419.020,    418.189,
   41,      100.8,    181.230,     421.012,    420.802,
   42,      103.3,    181.135,     422.890,    423.297,
   43,      105.8,    181.164,     425.857,    425.676,
   44,      108.3,    181.193,     427.444,    427.944,
   45,      110.8,    181.127,     430.084,    430.105,
   46,      113.3,    181.098,     431.810,    432.163,
   47,      115.8,    181.303,     434.080,    434.121,
   48,      118.3,    181.018,     435.593,    435.984,
   49,      120.8,    181.054,     436.609,    437.756,
   50,      123.3,    181.113,     438.953,    439.440,
   51,      125.8,    181.164,     440.485,    441.039,
   52,      128.3,    181.135,     440.556,    442.557,
   53,      130.8,    181.084,     442.613,    443.999,
   54,      133.3,    181.106,     444.768,    445.367,
   55,      135.8,    181.237,     446.101,    446.665,
   56,      138.3,    181.230,     446.946,    447.895,
   57,      140.8,    181.186,     449.262,    449.061,
   58,      143.3,    181.230,     448.878,    450.166,
   59,      145.8,    181.084,     451.173,    451.214,
   60,      148.3,    181.274,     452.355,    452.205,
   61,      150.8,    181.157,     452.923,    453.145,
   62,      153.3,    181.281,     453.440,    454.033,
   63,      155.8,    181.201,     454.745,    454.875,
   64,      158.3,    181.054,     455.112,    455.672,
   65,      160.8,    181.142,     455.168,    456.426,
   66,      163.3,    181.222,     457.173,    457.138,
   67,      165.8,    181.252,     459.306,    457.811,
   68,      168.3,    181.054,     460.083,    458.450,
   69,      170.8,    181.201,     460.263,    459.052,
   70,      175.8,    179.826,     462.669,    461.464,
----,
DateTime:        , 2025/11/19, 17:01:13, 1763586072870,
RFID_EPC:        ,--Not Acquired--,
RFID_UserData:   ,--Not Acquired--,
Barcode:         ,--Not Acquired--,
PIF:,            0.00,
PARs:,            0.0,     0.0,     0.0,     0.0,     0.0,     0.0,
Light:,           0.0,     0.0,     0.0,     0.0,     0.0,     0.0,
Cycles:,            1,
                    1,      69,      70,      70,
Lamps:,        #10000,
Gain:,              2,      50, 
SNR_raw:,     386.28,
Position:,        0.0,              0.0,   NoData,
DataPt,      Time(us),   EX,         EM,       Fit,
==========,==========,==========,==========,=========,
    0,        0.0,      0.000,       0.000,    211.557,
    1,        0.8,    161.331,     209.507,    216.990,
    2,        3.3,    180.033,     222.579,    223.176,
    3,        5.8,    180.121,     234.287,    229.478,
    4,        8.3,    180.252,     240.496,    235.876,
    5,       10.8,    180.406,     245.280,    242.349,
    6,       13.3,    180.245,     250.215,    248.867,
    7,       15.8,    180.428,     255.227,    255.421,
    8,       18.3,    180.552,     262.528,    261.992,
    9,       20.8,    180.523,     268.387,    268.559,
   10,       23.3,    180.552,     273.882,    275.106,
   11,       25.8,    180.727,     280.810,    281.625,
   12,       28.3,    180.698,     286.942,    288.093,
   13,       30.8,    180.618,     292.884,    294.496,
   14,       33.3,    180.662,     300.008,    300.827,
   15,       35.8,    180.654,     305.279,    307.071,
   16,       38.3,    181.035,     311.543,    313.230,
   17,       40.8,    180.757,     318.384,    319.275,
   18,       43.3,    180.749,     325.036,    325.205,
   19,       45.8,    180.859,     331.197,    331.015,
   20,       48.3,    180.896,     335.553,    336.696,
   21,       50.8,    180.852,     342.546,    342.240,
   22,       53.3,    181.071,     347.930,    347.648,
   23,       55.8,    181.064,     353.743,    352.910,
   24,       58.3,    181.013,     358.539,    358.020,
   25,       60.8,    180.925,     363.134,    362.976,
   26,       63.3,    181.013,     368.206,    367.778,
   27,       65.8,    181.020,     373.440,    372.424,
   28,       68.3,    181.035,     377.276,    376.912,
   29,       70.8,    181.078,     382.431,    381.244,
   30,       73.3,    180.998,     385.087,    385.416,
   31,       75.8,    180.903,     390.817,    389.430,
   32,       78.3,    181.042,     394.108,    393.291,
   33,       80.8,    181.195,     398.189,    397.000,
   34,       83.3,    181.035,     399.924,    400.556,
   35,       85.8,    181.020,     404.375,    403.962,
   36,       88.3,    181.225,     408.609,    407.226,
   37,       90.8,    181.064,     409.800,    410.345,
   38,       93.3,    181.261,     414.043,    413.326,
   39,       95.8,    181.005,     415.457,    416.170,
   40,       98.3,    180.947,     418.631,    418.881,
   41,      100.8,    181.064,     421.398,    421.466,
   42,      103.3,    181.195,     423.852,    423.928,
   43,      105.8,    181.217,     426.008,    426.271,
   44,      108.3,    181.064,     428.578,    428.497,
   45,      110.8,    181.232,     430.388,    430.613,
   46,      113.3,    181.100,     432.633,    432.622,
   47,      115.8,    181.254,     433.646,    434.529,
   48,      118.3,    181.137,     435.858,    436.337,
   49,      120.8,    181.056,     437.433,    438.050,
   50,      123.3,    181.210,     440.097,    439.674,
   51,      125.8,    181.173,     441.842,    441.211,
   52,      128.3,    181.035,     442.733,    442.665,
   53,      130.8,    181.144,     443.845,    444.041,
   54,      133.3,    181.203,     445.082,    445.342,
   55,      135.8,    181.195,     446.479,    446.572,
   56,      138.3,    181.173,     447.085,    447.734,
   57,      140.8,    181.217,     448.081,    448.831,
   58,      143.3,    181.115,     449.438,    449.868,
   59,      145.8,    181.356,     449.392,    450.845,
   60,      148.3,    181.152,     451.832,    451.768,
   61,      150.8,    181.210,     453.341,    452.638,
   62,      153.3,    180.976,     453.651,    453.459,
   63,      155.8,    181.130,     454.923,    454.233,
   64,      158.3,    181.078,     453.947,    454.962,
   65,      160.8,    181.188,     456.156,    455.649,
   66,      163.3,    181.268,     456.781,    456.296,
   67,      165.8,    181.093,     457.500,    456.906,
   68,      168.3,    181.349,     458.784,    457.480,
   69,      170.8,    181.152,     457.904,    458.020,
   70,      175.8,    179.602,     459.907,    459.400,
----,
DateTime:        , 2025/11/19, 17:01:15, 1763586075354,
RFID_EPC:        ,--Not Acquired--,
RFID_UserData:   ,--Not Acquired--,
Barcode:         ,--Not Acquired--,
PIF:,            0.00,
PARs:,            0.0,     0.0,     0.0,     0.0,     0.0,     0.0,
Light:,           0.0,     0.0,     0.0,     0.0,     0.0,     0.0,
Cycles:,            1,
                    1,      69,      70,      70,
Lamps:,        #10000,
Gain:,              2,      50, 
SNR_raw:,     356.40,
Position:,        0.0,              0.0,   NoData,
DataPt,      Time(us),   EX,         EM,       Fit,
==========,==========,==========,==========,=========,
    0,        0.0,      0.000,       0.000,    212.643,
    1,        0.8,    161.175,     211.881,    218.059,
    2,        3.3,    179.811,     224.241,    224.223,
    3,        5.8,    180.198,     235.296,    230.515,
    4,        8.3,    180.132,     239.824,    236.897,
    5,       10.8,    180.432,     246.353,    243.359,
    6,       13.3,    180.366,     249.492,    249.868,
    7,       15.8,    180.520,     256.758,    256.414,
    8,       18.3,    180.483,     264.013,    262.972,
    9,       20.8,    180.652,     269.026,    269.531,
   10,       23.3,    180.520,     274.762,    276.066,
   11,       25.8,    180.527,     281.121,    282.567,
   12,       28.3,    180.622,     287.894,    289.021,
   13,       30.8,    180.666,     294.466,    295.414,
   14,       33.3,    180.725,     300.180,    301.735,
   15,       35.8,    180.608,     307.296,    307.967,
   16,       38.3,    180.769,     313.384,    314.106,
   17,       40.8,    180.812,     319.945,    320.141,
   18,       43.3,    180.885,     325.344,    326.063,
   19,       45.8,    181.002,     330.935,    331.866,
   20,       48.3,    180.995,     337.578,    337.539,
   21,       50.8,    181.083,     343.213,    343.078,
   22,       53.3,    180.769,     349.618,    348.469,
   23,       55.8,    181.002,     353.586,    353.720,
   24,       58.3,    181.017,     359.082,    358.821,
   25,       60.8,    180.900,     364.289,    363.769,
   26,       63.3,    180.820,     369.429,    368.560,
   27,       65.8,    181.002,     374.304,    373.199,
   28,       68.3,    181.112,     377.943,    377.683,
   29,       70.8,    181.017,     382.284,    382.008,
   30,       73.3,    181.134,     386.178,    386.178,
   31,       75.8,    181.002,     390.602,    390.191,
   32,       78.3,    180.944,     395.426,    394.048,
   33,       80.8,    181.017,     398.029,    397.754,
   34,       83.3,    181.046,     402.107,    401.309,
   35,       85.8,    181.171,     405.143,    404.718,
   36,       88.3,    180.937,     408.983,    407.980,
   37,       90.8,    181.076,     410.878,    411.101,
   38,       93.3,    181.222,     415.237,    414.085,
   39,       95.8,    181.054,     417.280,    416.933,
   40,       98.3,    181.200,     419.702,    419.651,
   41,      100.8,    180.922,     421.176,    422.240,
   42,      103.3,    181.280,     424.481,    424.708,
   43,      105.8,    181.317,     426.326,    427.057,
   44,      108.3,    181.171,     428.326,    429.291,
   45,      110.8,    181.090,     430.448,    431.414,
   46,      113.3,    181.229,     432.326,    433.431,
   47,      115.8,    181.098,     435.125,    435.345,
   48,      118.3,    181.353,     437.544,    437.162,
   49,      120.8,    181.134,     438.901,    438.885,
   50,      123.3,    181.149,     440.522,    440.517,
   51,      125.8,    181.244,     442.498,    442.063,
   52,      128.3,    181.236,     443.344,    443.527,
   53,      130.8,    181.207,     445.898,    444.913,
   54,      133.3,    181.193,     444.279,    446.223,
   55,      135.8,    181.178,     447.350,    447.462,
   56,      138.3,    181.054,     448.762,    448.634,
   57,      140.8,    181.090,     449.776,    449.740,
   58,      143.3,    181.068,     449.554,    450.786,
   59,      145.8,    181.207,     451.969,    451.773,
   60,      148.3,    181.163,     452.078,    452.705,
   61,      150.8,    181.076,     453.402,    453.584,
   62,      153.3,    181.171,     454.268,    454.413,
   63,      155.8,    181.185,     454.783,    455.196,
   64,      158.3,    181.310,     455.850,    455.933,
   65,      160.8,    181.171,     458.132,    456.629,
   66,      163.3,    181.266,     457.891,    457.284,
   67,      165.8,    181.200,     458.334,    457.902,
   68,      168.3,    181.076,     459.477,    458.484,
   69,      170.8,    181.163,     459.254,    459.033,
   70,      175.8,    179.774,     460.856,    460.522,
----,
DateTime:        , 2025/11/19, 17:01:18, 1763586077838,
RFID_EPC:        ,--Not Acquired--,
RFID_UserData:   ,--Not Acquired--,
Barcode:         ,--Not Acquired--,
PIF:,            0.00,
PARs:,            0.0,     0.0,     0.0,     0.0,     0.0,     0.0,
Light:,           0.0,     0.0,     0.0,     0.0,     0.0,     0.0,
Cycles:,            1,
                    1,      69,      70,      70,
Lamps:,        #10000,
Gain:,              2,      50, 
SNR_raw:,     325.82,
Position:,        0.0,              0.0,   NoData,
DataPt,      Time(us),   EX,         EM,       Fit,
==========,==========,==========,==========,=========,
    0,        0.0,      0.000,       0.000,    211.384,
    1,        0.8,    161.173,     211.263,    216.958,
    2,        3.3,    179.790,     223.411,    223.262,
    3,        5.8,    180.126,     234.280,    229.660,
    4,        8.3,    180.221,     239.705,    236.126,
    5,       10.8,    180.199,     244.452,    242.642,
    6,       13.3,    180.258,     249.643,    249.197,
    7,       15.8,    180.462,     254.901,    255.781,
    8,       18.3,    180.506,     261.764,    262.375,
    9,       20.8,    180.419,     266.879,    268.961,
   10,       23.3,    180.609,     275.734,    275.534,
   11,       25.8,    180.682,     282.818,    282.078,
   12,       28.3,    180.631,     287.050,    288.575,
   13,       30.8,    180.726,     294.922,    295.020,
   14,       33.3,    180.733,     300.720,    301.396,
   15,       35.8,    180.813,     306.670,    307.696,
   16,       38.3,    180.857,     312.401,    313.908,
   17,       40.8,    180.799,     319.416,    320.018,
   18,       43.3,    180.740,     326.988,    326.018,
   19,       45.8,    180.828,     331.807,    331.902,
   20,       48.3,    180.813,     337.364,    337.662,
   21,       50.8,    180.989,     343.115,    343.294,
   22,       53.3,    180.850,     348.355,    348.784,
   23,       55.8,    180.784,     354.843,    354.129,
   24,       58.3,    180.960,     360.025,    359.329,
   25,       60.8,    181.091,     364.181,    364.380,
   26,       63.3,    180.945,     370.002,    369.272,
   27,       65.8,    180.952,     373.579,    374.005,
   28,       68.3,    181.157,     378.677,    378.584,
   29,       70.8,    180.938,     382.452,    382.996,
   30,       73.3,    181.026,     388.067,    387.249,
   31,       75.8,    181.113,     392.296,    391.343,
   32,       78.3,    181.091,     397.037,    395.277,
   33,       80.8,    181.099,     399.782,    399.051,
   34,       83.3,    180.952,     403.145,    402.666,
   35,       85.8,    180.938,     406.493,    406.127,
   36,       88.3,    181.150,     409.882,    409.439,
   37,       90.8,    181.128,     412.416,    412.603,
   38,       93.3,    181.033,     415.947,    415.620,
   39,       95.8,    181.113,     419.075,    418.497,
   40,       98.3,    181.179,     421.130,    421.237,
   41,      100.8,    181.084,     424.389,    423.843,
   42,      103.3,    181.157,     425.597,    426.320,
   43,      105.8,    181.157,     428.357,    428.673,
   44,      108.3,    181.062,     430.515,    430.904,
   45,      110.8,    181.106,     432.620,    433.020,
   46,      113.3,    181.099,     434.294,    435.025,
   47,      115.8,    181.201,     436.532,    436.924,
   48,      118.3,    181.311,     436.819,    438.721,
   49,      120.8,    181.238,     439.478,    440.421,
   50,      123.3,    181.216,     441.187,    442.026,
   51,      125.8,    181.281,     443.509,    443.542,
   52,      128.3,    181.113,     446.130,    444.973,
   53,      130.8,    181.179,     446.244,    446.322,
   54,      133.3,    181.164,     447.936,    447.595,
   55,      135.8,    181.186,     448.157,    448.795,
   56,      138.3,    181.142,     449.922,    449.925,
   57,      140.8,    181.121,     451.357,    450.989,
   58,      143.3,    181.150,     451.836,    451.991,
   59,      145.8,    181.267,     451.269,    452.934,
   60,      148.3,    181.135,     453.253,    453.821,
   61,      150.8,    181.252,     455.443,    454.655,
   62,      153.3,    181.142,     454.891,    455.439,
   63,      155.8,    181.340,     456.601,    456.177,
   64,      158.3,    181.318,     455.829,    456.869,
   65,      160.8,    181.179,     457.558,    457.520,
   66,      163.3,    181.150,     458.736,    458.130,
   67,      165.8,    181.179,     460.594,    458.704,
   68,      168.3,    181.084,     460.284,    459.242,
   69,      170.8,    181.398,     459.761,    459.748,
   70,      175.8,    179.914,     460.498,    460.402,
----,
DateTime:        , 2025/11/19, 17:01:20, 1763586080315,
RFID_EPC:        ,--Not Acquired--,
RFID_UserData:   ,--Not Acquired--,
Barcode:         ,--Not Acquired--,
PIF:,            0.00,
PARs:,            0.0,     0.0,     0.0,     0.0,     0.0,     0.0,
Light:,           0.0,     0.0,     0.0,     0.0,     0.0,     0.0,
Cycles:,            1,
                    1,      69,      70,      70,
Lamps:,        #10000,
Gain:,              2,      50, 
SNR_raw:,     283.08,
Position:,        0.0,              0.0,   NoData,
DataPt,      Time(us),   EX,         EM,       Fit,
==========,==========,==========,==========,=========,
    0,        0.0,      0.000,       0.000,    214.621,
    1,        0.8,    161.217,     213.997,    219.694,
    2,        3.3,    180.181,     225.860,    225.603,
    3,        5.8,    180.144,     236.478,    231.732,
    4,        8.3,    180.341,     241.209,    238.042,
    5,       10.8,    180.400,     245.843,    244.485,
    6,       13.3,    180.356,     251.447,    251.023,
    7,       15.8,    180.561,     257.531,    257.630,
    8,       18.3,    180.546,     262.814,    264.270,
    9,       20.8,    180.510,     270.900,    270.917,
   10,       23.3,    180.626,     277.368,    277.551,
   11,       25.8,    180.605,     282.939,    284.150,
   12,       28.3,    180.722,     290.502,    290.698,
   13,       30.8,    180.575,     296.829,    297.172,
   14,       33.3,    180.824,     302.504,    303.568,
   15,       35.8,    180.809,     310.548,    309.866,
   16,       38.3,    180.926,     314.769,    316.059,
   17,       40.8,    180.985,     322.403,    322.134,
   18,       43.3,    180.897,     327.535,    328.081,
   19,       45.8,    181.014,     333.400,    333.896,
   20,       48.3,    180.714,     338.933,    339.565,
   21,       50.8,    180.999,     345.029,    345.094,
   22,       53.3,    180.795,     349.844,    350.468,
   23,       55.8,    181.007,     355.512,    355.693,
   24,       58.3,    180.934,     360.630,    360.761,
   25,       60.8,    180.912,     364.266,    365.671,
   26,       63.3,    180.977,     371.041,    370.423,
   27,       65.8,    180.941,     375.537,    375.016,
   28,       68.3,    181.167,     378.103,    379.452,
   29,       70.8,    181.036,     385.007,    383.728,
   30,       73.3,    181.146,     389.190,    387.849,
   31,       75.8,    181.109,     393.133,    391.813,
   32,       78.3,    181.072,     395.974,    395.624,
   33,       80.8,    180.890,     401.073,    399.282,
   34,       83.3,    180.926,     404.585,    402.792,
   35,       85.8,    180.948,     406.746,    406.157,
   36,       88.3,    180.985,     408.598,    409.381,
   37,       90.8,    181.036,     412.349,    412.466,
   38,       93.3,    181.211,     415.537,    415.417,
   39,       95.8,    181.277,     419.523,    418.237,
   40,       98.3,    181.153,     420.639,    420.930,
   41,      100.8,    181.116,     423.761,    423.500,
   42,      103.3,    181.058,     425.555,    425.951,
   43,      105.8,    181.131,     429.800,    428.286,
   44,      108.3,    181.094,     429.610,    430.510,
   45,      110.8,    181.058,     432.459,    432.628,
   46,      113.3,    180.977,     434.308,    434.642,
   47,      115.8,    181.029,     436.671,    436.558,
   48,      118.3,    181.080,     437.653,    438.378,
   49,      120.8,    181.050,     441.037,    440.108,
   50,      123.3,    181.116,     440.601,    441.750,
   51,      125.8,    181.175,     442.115,    443.308,
   52,      128.3,    181.094,     444.796,    444.787,
   53,      130.8,    181.102,     445.882,    446.190,
   54,      133.3,    181.072,     447.335,    447.520,
   55,      135.8,    181.167,     449.584,    448.780,
   56,      138.3,    181.153,     450.172,    449.974,
   57,      140.8,    181.248,     450.212,    451.105,
   58,      143.3,    181.284,     451.225,    452.175,
   59,      145.8,    181.211,     451.959,    453.189,
   60,      148.3,    181.109,     453.318,    454.149,
   61,      150.8,    181.131,     454.368,    455.057,
   62,      153.3,    181.233,     456.042,    455.915,
   63,      155.8,    181.160,     457.054,    456.727,
   64,      158.3,    181.138,     456.833,    457.495,
   65,      160.8,    181.197,     459.170,    458.220,
   66,      163.3,    181.204,     458.323,    458.906,
   67,      165.8,    181.124,     461.287,    459.554,
   68,      168.3,    181.197,     461.101,    460.166,
   69,      170.8,    181.182,     462.518,    460.744,
   70,      175.8,    179.837,     463.197,    462.934,
----,
DateTime:        , 2025/11/19, 17:01:22, 1763586082788,
RFID_EPC:        ,--Not Acquired--,
RFID_UserData:   ,--Not Acquired--,
Barcode:         ,--Not Acquired--,
PIF:,            0.00,
PARs:,            0.0,     0.0,     0.0,     0.0,     0.0,     0.0,
Light:,           0.0,     0.0,     0.0,     0.0,     0.0,     0.0,
Cycles:,            1,
                    1,      69,      70,      70,
Lamps:,        #10000,
Gain:,              2,      50, 
SNR_raw:,     309.14,
Position:,        0.0,              0.0,   NoData,
DataPt,      Time(us),   EX,         EM,       Fit,
==========,==========,==========,==========,=========,
    0,        0.0,      0.000,       0.000,    214.381,
    1,        0.8,    161.102,     213.529,    219.665,
    2,        3.3,    179.807,     225.628,    225.721,
    3,        5.8,    179.946,     236.459,    231.930,
    4,        8.3,    180.275,     241.852,    238.271,
    5,       10.8,    180.312,     247.627,    244.707,
    6,       13.3,    180.458,     253.799,    251.218,
    7,       15.8,    180.655,     257.119,    257.782,
    8,       18.3,    180.531,     263.943,    264.369,
    9,       20.8,    180.677,     269.818,    270.966,
   10,       23.3,    180.641,     275.408,    277.551,
   11,       25.8,    180.575,     281.877,    284.104,
   12,       28.3,    180.612,     289.849,    290.613,
   13,       30.8,    180.692,     294.977,    297.065,
   14,       33.3,    180.685,     302.461,    303.444,
   15,       35.8,    180.831,     309.958,    309.740,
   16,       38.3,    180.714,     315.692,    315.937,
   17,       40.8,    180.780,     321.939,    322.028,
   18,       43.3,    180.743,     326.707,    328.002,
   19,       45.8,    180.802,     334.068,    333.852,
   20,       48.3,    181.014,     339.201,    339.575,
   21,       50.8,    181.167,     344.985,    345.163,
   22,       53.3,    180.999,     351.383,    350.604,
   23,       55.8,    180.919,     357.067,    355.894,
   24,       58.3,    180.940,     361.445,    361.033,
   25,       60.8,    180.984,     367.435,    366.017,
   26,       63.3,    180.911,     371.176,    370.843,
   27,       65.8,    180.948,     376.904,    375.511,
   28,       68.3,    181.123,     380.128,    380.022,
   29,       70.8,    181.021,     383.657,    384.373,
   30,       73.3,    180.984,     389.536,    388.563,
   31,       75.8,    181.036,     393.845,    392.597,
   32,       78.3,    181.014,     396.379,    396.473,
   33,       80.8,    181.160,     401.027,    400.197,
   34,       83.3,    181.189,     404.274,    403.769,
   35,       85.8,    181.065,     407.313,    407.190,
   36,       88.3,    180.882,     410.765,    410.464,
   37,       90.8,    181.050,     414.526,    413.595,
   38,       93.3,    181.109,     416.601,    416.588,
   39,       95.8,    181.028,     420.100,    419.445,
   40,       98.3,    181.065,     422.777,    422.170,
   41,      100.8,    181.079,     424.123,    424.767,
   42,      103.3,    181.087,     427.696,    427.240,
   43,      105.8,    181.269,     429.747,    429.595,
   44,      108.3,    181.109,     430.957,    431.834,
   45,      110.8,    181.014,     432.564,    433.962,
   46,      113.3,    181.152,     436.373,    435.984,
   47,      115.8,    181.218,     438.422,    437.903,
   48,      118.3,    181.014,     440.298,    439.723,
   49,      120.8,    181.160,     441.047,    441.449,
   50,      123.3,    181.174,     442.943,    443.086,
   51,      125.8,    181.138,     443.033,    444.635,
   52,      128.3,    181.138,     444.137,    446.103,
   53,      130.8,    181.138,     445.793,    447.492,
   54,      133.3,    181.277,     449.037,    448.806,
   55,      135.8,    181.028,     449.378,    450.049,
   56,      138.3,    181.240,     451.059,    451.223,
   57,      140.8,    181.247,     451.592,    452.333,
   58,      143.3,    181.138,     452.694,    453.382,
   59,      145.8,    181.145,     454.608,    454.372,
   60,      148.3,    181.255,     455.712,    455.307,
   61,      150.8,    181.240,     455.749,    456.189,
   62,      153.3,    181.131,     457.405,    457.022,
   63,      155.8,    181.211,     457.478,    457.808,
   64,      158.3,    181.284,     460.052,    458.548,
   65,      160.8,    181.321,     459.132,    459.246,
   66,      163.3,    181.087,     460.001,    459.905,
   67,      165.8,    181.321,     462.716,    460.525,
   68,      168.3,    181.226,     462.959,    461.110,
   69,      170.8,    181.152,     461.766,    461.662,
   70,      175.8,    179.764,     463.943,    463.592,
----,
DateTime:        , 2025/11/19, 17:01:25, 1763586085258,
RFID_EPC:        ,--Not Acquired--,
RFID_UserData:   ,--Not Acquired--,
Barcode:         ,--Not Acquired--,
PIF:,            0.00,
PARs:,            0.0,     0.0,     0.0,     0.0,     0.0,     0.0,
Light:,           0.0,     0.0,     0.0,     0.0,     0.0,     0.0,
Cycles:,            1,
                    1,      69,      70,      70,
Lamps:,        #10000,
Gain:,              2,      50, 
SNR_raw:,     410.36,
Position:,        0.0,              0.0,   NoData,
DataPt,      Time(us),   EX,         EM,       Fit,
==========,==========,==========,==========,=========,
    0,        0.0,      0.000,       0.000,    215.536,
    1,        0.8,    161.232,     214.597,    220.664,
    2,        3.3,    180.069,     226.936,    226.623,
    3,        5.8,    180.054,     237.984,    232.792,
    4,        8.3,    179.930,     242.873,    239.119,
    5,       10.8,    180.324,     248.718,    245.579,
    6,       13.3,    180.244,     252.990,    252.124,
    7,       15.8,    180.588,     258.046,    258.733,
    8,       18.3,    180.398,     264.970,    265.365,
    9,       20.8,    180.566,     271.369,    272.005,
   10,       23.3,    180.675,     277.293,    278.632,
   11,       25.8,    180.588,     283.796,    285.219,
   12,       28.3,    180.551,     290.499,    291.751,
   13,       30.8,    180.836,     298.060,    298.224,
   14,       33.3,    180.595,     302.888,    304.608,
   15,       35.8,    180.865,     309.623,    310.905,
   16,       38.3,    180.778,     315.858,    317.097,
   17,       40.8,    180.982,     322.407,    323.179,
   18,       43.3,    180.822,     327.948,    329.135,
   19,       45.8,    180.953,     332.959,    334.965,
   20,       48.3,    180.982,     340.088,    340.660,
   21,       50.8,    180.865,     346.114,    346.211,
   22,       53.3,    181.034,     351.592,    351.620,
   23,       55.8,    180.880,     357.143,    356.875,
   24,       58.3,    180.953,     363.077,    361.980,
   25,       60.8,    180.763,     368.715,    366.925,
   26,       63.3,    180.975,     372.151,    371.718,
   27,       65.8,    180.909,     376.432,    376.353,
   28,       68.3,    180.887,     381.729,    380.829,
   29,       70.8,    180.982,     386.226,    385.149,
   30,       73.3,    181.114,     390.086,    389.315,
   31,       75.8,    181.129,     393.643,    393.325,
   32,       78.3,    181.129,     399.440,    397.181,
   33,       80.8,    181.085,     401.194,    400.884,
   34,       83.3,    181.194,     404.538,    404.439,
   35,       85.8,    181.099,     407.787,    407.846,
   36,       88.3,    180.960,     411.416,    411.108,
   37,       90.8,    181.165,     415.091,    414.231,
   38,       93.3,    181.019,     418.188,    417.216,
   39,       95.8,    181.077,     420.262,    420.067,
   40,       98.3,    181.121,     422.645,    422.790,
   41,      100.8,    181.172,     425.286,    425.387,
   42,      103.3,    181.019,     426.751,    427.861,
   43,      105.8,    181.136,     430.616,    430.218,
   44,      108.3,    181.472,     432.022,    432.463,
   45,      110.8,    181.077,     433.792,    434.597,
   46,      113.3,    181.311,     435.439,    436.627,
   47,      115.8,    181.129,     438.087,    438.554,
   48,      118.3,    181.209,     440.376,    440.385,
   49,      120.8,    181.048,     441.595,    442.121,
   50,      123.3,    181.158,     444.088,    443.769,
   51,      125.8,    181.041,     446.032,    445.331,
   52,      128.3,    181.034,     446.879,    446.810,
   53,      130.8,    181.202,     447.568,    448.212,
   54,      133.3,    181.158,     448.780,    449.540,
   55,      135.8,    181.209,     450.861,    450.796,
   56,      138.3,    181.209,     451.964,    451.985,
   57,      140.8,    181.194,     452.277,    453.110,
   58,      143.3,    181.121,     453.840,    454.173,
   59,      145.8,    181.282,     454.540,    455.177,
   60,      148.3,    181.055,     455.938,    456.127,
   61,      150.8,    181.077,     456.987,    457.024,
   62,      153.3,    181.260,     457.906,    457.871,
   63,      155.8,    181.194,     458.348,    458.671,
   64,      158.3,    181.202,     458.881,    459.426,
   65,      160.8,    181.260,     460.112,    460.138,
   66,      163.3,    181.165,     460.630,    460.810,
   67,      165.8,    181.267,     462.300,    461.444,
   68,      168.3,    181.245,     462.632,    462.042,
   69,      170.8,    181.231,     464.325,    462.606,
   70,      175.8,    179.689,     464.415,    464.026,
----,
DateTime:        , 2025/11/19, 17:01:27, 1763586087725,
RFID_EPC:        ,--Not Acquired--,
RFID_UserData:   ,--Not Acquired--,
Barcode:         ,--Not Acquired--,
PIF:,            0.00,
PARs:,            0.0,     0.0,     0.0,     0.0,     0.0,     0.0,
Light:,           0.0,     0.0,     0.0,     0.0,     0.0,     0.0,
Cycles:,            1,
                    1,      69,      70,      70,
Lamps:,        #10000,
Gain:,              2,      50, 
SNR_raw:,     380.27,
Position:,        0.0,              0.0,   NoData,
DataPt,      Time(us),   EX,         EM,       Fit,
==========,==========,==========,==========,=========,
    0,        0.0,      0.000,       0.000,    216.568,
    1,        0.8,    161.141,     215.649,    221.808,
    2,        3.3,    180.099,     227.973,    227.849,
    3,        5.8,    180.128,     238.997,    234.064,
    4,        8.3,    180.245,     243.558,    240.419,
    5,       10.8,    180.471,     249.347,    246.885,
    6,       13.3,    180.369,     253.647,    253.423,
    7,       15.8,    180.493,     260.674,    260.012,
    8,       18.3,    180.515,     266.736,    266.625,
    9,       20.8,    180.552,     271.944,    273.240,
   10,       23.3,    180.347,     279.461,    279.831,
   11,       25.8,    180.618,     285.409,    286.391,
   12,       28.3,    180.757,     291.552,    292.902,
   13,       30.8,    180.749,     298.756,    299.344,
   14,       33.3,    180.844,     303.023,    305.706,
   15,       35.8,    180.852,     311.028,    311.973,
   16,       38.3,    180.844,     317.124,    318.136,
   17,       40.8,    180.961,     323.550,    324.187,
   18,       43.3,    180.939,     330.221,    330.114,
   19,       45.8,    180.917,     336.341,    335.910,
   20,       48.3,    180.910,     342.159,    341.570,
   21,       50.8,    180.910,     346.305,    347.089,
   22,       53.3,    181.012,     352.462,    352.463,
   23,       55.8,    181.071,     358.423,    357.689,
   24,       58.3,    180.815,     363.078,    362.758,
   25,       60.8,    180.998,     367.960,    367.676,
   26,       63.3,    181.034,     372.305,    372.439,
   27,       65.8,    181.042,     377.813,    377.046,
   28,       68.3,    180.764,     381.713,    381.494,
   29,       70.8,    181.012,     386.990,    385.789,
   30,       73.3,    180.976,     390.936,    389.930,
   31,       75.8,    180.917,     394.102,    393.917,
   32,       78.3,    181.115,     399.746,    397.754,
   33,       80.8,    180.852,     401.710,    401.441,
   34,       83.3,    181.078,     405.626,    404.983,
   35,       85.8,    181.115,     408.028,    408.382,
   36,       88.3,    181.115,     412.722,    411.641,
   37,       90.8,    180.983,     415.508,    414.762,
   38,       93.3,    181.042,     417.859,    417.750,
   39,       95.8,    181.210,     420.231,    420.609,
   40,       98.3,    181.027,     423.417,    423.341,
   41,      100.8,    181.056,     426.387,    425.950,
   42,      103.3,    180.947,     428.027,    428.441,
   43,      105.8,    181.151,     430.579,    430.818,
   44,      108.3,    181.151,     432.787,    433.084,
   45,      110.8,    181.137,     436.135,    435.243,
   46,      113.3,    181.159,     436.910,    437.300,
   47,      115.8,    181.203,     438.735,    439.258,
   48,      118.3,    181.115,     440.052,    441.121,
   49,      120.8,    181.188,     441.806,    442.892,
   50,      123.3,    181.159,     443.810,    444.577,
   51,      125.8,    181.239,     445.268,    446.177,
   52,      128.3,    181.166,     447.380,    447.697,
   53,      130.8,    180.998,     448.624,    449.141,
   54,      133.3,    181.129,     450.783,    450.511,
   55,      135.8,    181.064,     451.222,    451.811,
   56,      138.3,    181.100,     451.408,    453.044,
   57,      140.8,    181.129,     453.543,    454.213,
   58,      143.3,    181.268,     455.126,    455.320,
   59,      145.8,    181.254,     455.439,    456.370,
   60,      148.3,    181.210,     456.929,    457.365,
   61,      150.8,    181.210,     457.481,    458.307,
   62,      153.3,    181.093,     458.880,    459.200,
   63,      155.8,    181.254,     460.956,    460.044,
   64,      158.3,    181.137,     461.254,    460.845,
   65,      160.8,    181.181,     463.074,    461.601,
   66,      163.3,    181.173,     461.989,    462.318,
   67,      165.8,    181.151,     463.425,    462.995,
   68,      168.3,    181.393,     463.911,    463.634,
   69,      170.8,    181.181,     465.281,    464.241,
   70,      175.8,    179.762,     467.562,    466.732,
----,
DateTime:        , 2025/11/19, 17:01:30, 1763586090245,
RFID_EPC:        ,--Not Acquired--,
RFID_UserData:   ,--Not Acquired--,
Barcode:         ,--Not Acquired--,
PIF:,            0.00,
PARs:,            0.0,     0.0,     0.0,     0.0,     0.0,     0.0,
Light:,           0.0,     0.0,     0.0,     0.0,     0.0,     0.0,
Cycles:,            1,
                    1,      69,      70,      70,
Lamps:,        #10000,
Gain:,              2,      50, 
SNR_raw:,     379.52,
Position:,        0.0,              0.0,   NoData,
DataPt,      Time(us),   EX,         EM,       Fit,
==========,==========,==========,==========,=========,
    0,        0.0,      0.000,       0.000,    214.341,
    1,        0.8,    161.054,     213.904,    219.889,
    2,        3.3,    179.827,     227.006,    226.222,
    3,        5.8,    180.126,     238.721,    232.689,
    4,        8.3,    180.243,     241.895,    239.253,
    5,       10.8,    180.280,     246.839,    245.886,
    6,       13.3,    180.404,     253.320,    252.566,
    7,       15.8,    180.645,     258.794,    259.275,
    8,       18.3,    180.441,     267.401,    265.980,
    9,       20.8,    180.492,     272.035,    272.669,
   10,       23.3,    180.623,     278.757,    279.330,
   11,       25.8,    180.492,     285.055,    285.939,
   12,       28.3,    180.601,     290.419,    292.489,
   13,       30.8,    180.675,     298.050,    298.967,
   14,       33.3,    180.865,     303.542,    305.365,
   15,       35.8,    180.806,     310.277,    311.665,
   16,       38.3,    180.960,     317.474,    317.863,
   17,       40.8,    180.704,     322.904,    323.940,
   18,       43.3,    180.872,     328.962,    329.899,
   19,       45.8,    180.740,     334.734,    335.726,
   20,       48.3,    180.857,     341.153,    341.420,
   21,       50.8,    180.835,     346.724,    346.975,
   22,       53.3,    180.908,     352.665,    352.386,
   23,       55.8,    181.077,     357.307,    357.654,
   24,       58.3,    180.828,     363.329,    362.764,
   25,       60.8,    180.974,     368.284,    367.725,
   26,       63.3,    180.952,     373.303,    372.530,
   27,       65.8,    181.018,     377.310,    377.181,
   28,       68.3,    180.974,     382.375,    381.674,
   29,       70.8,    180.996,     386.749,    386.012,
   30,       73.3,    180.945,     390.174,    390.193,
   31,       75.8,    181.018,     394.159,    394.221,
   32,       78.3,    181.113,     399.198,    398.098,
   33,       80.8,    180.967,     402.283,    401.821,
   34,       83.3,    181.011,     407.434,    405.397,
   35,       85.8,    181.077,     410.600,    408.827,
   36,       88.3,    181.099,     413.863,    412.115,
   37,       90.8,    181.230,     414.942,    415.264,
   38,       93.3,    181.245,     418.495,    418.277,
   39,       95.8,    181.069,     421.386,    421.155,
   40,       98.3,    181.106,     423.233,    423.903,
   41,      100.8,    181.142,     425.908,    426.527,
   42,      103.3,    181.106,     429.031,    429.028,
   43,      105.8,    181.033,     431.414,    431.411,
   44,      108.3,    181.055,     433.847,    433.681,
   45,      110.8,    181.179,     434.929,    435.842,
   46,      113.3,    181.084,     437.919,    437.897,
   47,      115.8,    181.018,     439.183,    439.849,
   48,      118.3,    181.179,     441.001,    441.706,
   49,      120.8,    181.106,     442.559,    443.468,
   50,      123.3,    181.164,     443.796,    445.140,
   51,      125.8,    181.252,     446.340,    446.728,
   52,      128.3,    181.508,     447.088,    448.234,
   53,      130.8,    181.113,     449.995,    449.660,
   54,      133.3,    181.237,     451.618,    451.011,
   55,      135.8,    181.179,     452.591,    452.290,
   56,      138.3,    181.245,     452.703,    453.502,
   57,      140.8,    181.150,     455.148,    454.648,
   58,      143.3,    181.099,     455.829,    455.732,
   59,      145.8,    181.237,     456.859,    456.757,
   60,      148.3,    181.186,     457.264,    457.727,
   61,      150.8,    181.215,     458.294,    458.643,
   62,      153.3,    181.186,     459.748,    459.509,
   63,      155.8,    181.237,     460.170,    460.327,
   64,      158.3,    181.230,     461.568,    461.099,
   65,      160.8,    181.259,     461.769,    461.828,
   66,      163.3,    181.230,     463.223,    462.517,
   67,      165.8,    181.186,     463.335,    463.167,
   68,      168.3,    181.318,     464.378,    463.780,
   69,      170.8,    181.208,     464.659,    464.359,
   70,      175.8,    179.710,     465.473,    465.368,
----,
DateTime:        , 2025/11/19, 17:01:32, 1763586092716,
RFID_EPC:        ,--Not Acquired--,
RFID_UserData:   ,--Not Acquired--,
Barcode:         ,--Not Acquired--,
PIF:,            0.00,
PARs:,            0.0,     0.0,     0.0,     0.0,     0.0,     0.0,
Light:,           0.0,     0.0,     0.0,     0.0,     0.0,     0.0,
Cycles:,            1,
                    1,      69,      70,      70,
Lamps:,        #10000,
Gain:,              2,      50, 
SNR_raw:,     377.20,
Position:,        0.0,              0.0,   NoData,
DataPt,      Time(us),   EX,         EM,       Fit,
==========,==========,==========,==========,=========,
    0,        0.0,      0.000,       0.000,    218.295,
    1,        0.8,    161.138,     216.894,    223.611,
    2,        3.3,    179.925,     229.692,    229.699,
    3,        5.8,    180.188,     241.137,    235.938,
    4,        8.3,    180.239,     246.062,    242.295,
    5,       10.8,    180.356,     250.615,    248.745,
    6,       13.3,    180.400,     256.375,    255.263,
    7,       15.8,    180.546,     261.429,    261.831,
    8,       18.3,    180.561,     268.331,    268.422,
    9,       20.8,    180.466,     275.122,    275.015,
   10,       23.3,    180.539,     281.103,    281.596,
   11,       25.8,    180.466,     287.035,    288.144,
   12,       28.3,    180.736,     294.075,    294.654,
   13,       30.8,    180.817,     300.581,    301.105,
   14,       33.3,    180.838,     305.245,    307.482,
   15,       35.8,    180.926,     311.453,    313.775,
   16,       38.3,    180.795,     318.317,    319.966,
   17,       40.8,    180.860,     325.389,    326.051,
   18,       43.3,    180.736,     331.699,    332.015,
   19,       45.8,    180.773,     338.270,    337.855,
   20,       48.3,    180.743,     343.858,    343.562,
   21,       50.8,    180.985,     349.477,    349.135,
   22,       53.3,    180.963,     354.769,    354.563,
   23,       55.8,    181.050,     360.397,    359.844,
   24,       58.3,    181.043,     365.383,    364.973,
   25,       60.8,    181.007,     369.600,    369.945,
   26,       63.3,    181.087,     375.234,    374.762,
   27,       65.8,    181.094,     380.189,    379.420,
   28,       68.3,    180.904,     385.287,    383.916,
   29,       70.8,    181.167,     389.143,    388.256,
   30,       73.3,    180.875,     392.813,    392.433,
   31,       75.8,    181.160,     397.439,    396.457,
   32,       78.3,    181.050,     401.269,    400.322,
   33,       80.8,    180.941,     405.381,    404.033,
   34,       83.3,    180.970,     408.907,    407.592,
   35,       85.8,    181.050,     411.211,    411.003,
   36,       88.3,    181.058,     414.232,    414.269,
   37,       90.8,    181.072,     417.236,    417.392,
   38,       93.3,    181.102,     419.654,    420.376,
   39,       95.8,    181.175,     422.796,    423.226,
   40,       98.3,    181.087,     426.591,    425.944,
   41,      100.8,    181.094,     429.058,    428.534,
   42,      103.3,    181.160,     430.834,    431.002,
   43,      105.8,    181.102,     433.182,    433.351,
   44,      108.3,    180.992,     435.378,    435.585,
   45,      110.8,    181.131,     436.425,    437.708,
   46,      113.3,    181.255,     439.712,    439.726,
   47,      115.8,    181.050,     441.590,    441.641,
   48,      118.3,    181.189,     443.735,    443.459,
   49,      120.8,    180.970,     446.206,    445.183,
   50,      123.3,    181.080,     445.936,    446.817,
   51,      125.8,    181.131,     448.571,    448.365,
   52,      128.3,    181.124,     449.141,    449.831,
   53,      130.8,    181.124,     450.797,    451.219,
   54,      133.3,    181.153,     451.829,    452.532,
   55,      135.8,    181.167,     451.792,    453.774,
   56,      138.3,    181.167,     454.552,    454.948,
   57,      140.8,    181.043,     455.969,    456.059,
   58,      143.3,    181.138,     455.453,    457.108,
   59,      145.8,    181.372,     457.898,    458.098,
   60,      148.3,    181.080,     459.190,    459.034,
   61,      150.8,    181.299,     460.014,    459.917,
   62,      153.3,    181.219,     461.045,    460.751,
   63,      155.8,    181.182,     462.242,    461.538,
   64,      158.3,    181.175,     462.261,    462.280,
   65,      160.8,    181.204,     462.462,    462.980,
   66,      163.3,    181.160,     463.954,    463.640,
   67,      165.8,    181.145,     464.820,    464.263,
   68,      168.3,    181.284,     466.394,    464.849,
   69,      170.8,    181.409,     466.350,    465.400,
   70,      175.8,    179.713,     468.247,    467.549,
----,
DateTime:        , 2025/11/19, 17:01:35, 1763586095230,
RFID_EPC:        ,--Not Acquired--,
RFID_UserData:   ,--Not Acquired--,
Barcode:         ,--Not Acquired--,
PIF:,            0.00,
PARs:,            0.0,     0.0,     0.0,     0.0,     0.0,     0.0,
Light:,           0.0,     0.0,     0.0,     0.0,     0.0,     0.0,
Cycles:,            1,
                    1,      69,      70,      70,
Lamps:,        #10000,
Gain:,              2,      50, 
SNR_raw:,     357.86,
Position:,        0.0,              0.0,   NoData,
DataPt,      Time(us),   EX,         EM,       Fit,
==========,==========,==========,==========,=========,
    0,        0.0,      0.000,       0.000,    217.550,
    1,        0.8,    161.259,     216.422,    222.987,
    2,        3.3,    180.198,     229.146,    229.208,
    3,        5.8,    180.227,     240.530,    235.565,
    4,        8.3,    180.256,     246.316,    242.033,
    5,       10.8,    180.198,     251.668,    248.582,
    6,       13.3,    180.241,     254.936,    255.192,
    7,       15.8,    180.409,     261.073,    261.845,
    8,       18.3,    180.461,     267.371,    268.516,
    9,       20.8,    180.446,     275.706,    275.185,
   10,       23.3,    180.578,     281.043,    281.838,
   11,       25.8,    180.439,     288.186,    288.449,
   12,       28.3,    180.738,     293.241,    295.017,
   13,       30.8,    180.950,     300.911,    301.525,
   14,       33.3,    180.819,     306.661,    307.949,
   15,       35.8,    180.848,     314.629,    314.282,
   16,       38.3,    180.833,     319.355,    320.512,
   17,       40.8,    180.826,     325.727,    326.630,
   18,       43.3,    180.812,     331.561,    332.626,
   19,       45.8,    180.885,     336.679,    338.495,
   20,       48.3,    180.724,     343.618,    344.224,
   21,       50.8,    180.936,     350.124,    349.815,
   22,       53.3,    180.965,     355.317,    355.261,
   23,       55.8,    181.060,     361.206,    360.557,
   24,       58.3,    180.965,     367.474,    365.697,
   25,       60.8,    180.936,     371.126,    370.679,
   26,       63.3,    181.031,     376.455,    375.504,
   27,       65.8,    181.089,     381.028,    380.170,
   28,       68.3,    180.928,     384.406,    384.673,
   29,       70.8,    180.936,     390.194,    389.016,
   30,       73.3,    180.972,     394.812,    393.200,
   31,       75.8,    180.958,     397.883,    397.225,
   32,       78.3,    181.148,     402.434,    401.097,
   33,       80.8,    181.082,     406.170,    404.813,
   34,       83.3,    180.892,     407.978,    408.375,
   35,       85.8,    180.870,     411.898,    411.788,
   36,       88.3,    180.972,     415.257,    415.057,
   37,       90.8,    181.097,     418.561,    418.183,
   38,       93.3,    181.162,     420.893,    421.172,
   39,       95.8,    181.133,     423.998,    424.025,
   40,       98.3,    181.016,     427.034,    426.747,
   41,      100.8,    181.155,     428.914,    429.342,
   42,      103.3,    180.980,     430.988,    431.814,
   43,      105.8,    181.082,     434.334,    434.167,
   44,      108.3,    181.243,     435.604,    436.407,
   45,      110.8,    181.199,     439.296,    438.536,
   46,      113.3,    181.111,     439.785,    440.558,
   47,      115.8,    181.104,     442.564,    442.479,
   48,      118.3,    181.170,     444.611,    444.303,
   49,      120.8,    181.111,     444.478,    446.032,
   50,      123.3,    181.075,     447.329,    447.672,
   51,      125.8,    181.045,     448.782,    449.227,
   52,      128.3,    181.287,     451.219,    450.699,
   53,      130.8,    181.133,     451.602,    452.094,
   54,      133.3,    181.206,     453.351,    453.413,
   55,      135.8,    181.279,     454.271,    454.662,
   56,      138.3,    181.126,     454.932,    455.843,
   57,      140.8,    181.097,     455.558,    456.960,
   58,      143.3,    181.272,     458.151,    458.015,
   59,      145.8,    181.243,     458.501,    459.013,
   60,      148.3,    181.221,     460.212,    459.955,
   61,      150.8,    181.140,     460.140,    460.845,
   62,      153.3,    181.177,     461.151,    461.686,
   63,      155.8,    181.060,     464.211,    462.480,
   64,      158.3,    181.111,     462.699,    463.229,
   65,      160.8,    181.360,     464.822,    463.934,
   66,      163.3,    181.345,     465.687,    464.599,
   67,      165.8,    181.206,     465.768,    465.227,
   68,      168.3,    181.272,     465.599,    465.820,
   69,      170.8,    181.243,     467.329,    466.378,
   70,      175.8,    179.854,     468.992,    468.465,
----,
DateTime:        , 2025/11/19, 17:01:37, 1763586097712,
RFID_EPC:        ,--Not Acquired--,
RFID_UserData:   ,--Not Acquired--,
Barcode:         ,--Not Acquired--,
PIF:,            0.00,
PARs:,            0.0,     0.0,     0.0,     0.0,     0.0,     0.0,
Light:,           0.0,     0.0,     0.0,     0.0,     0.0,     0.0,
Cycles:,            1,
                    1,      69,      70,      70,
Lamps:,        #10000,
Gain:,              2,      50, 
SNR_raw:,     317.85,
Position:,        0.0,              0.0,   NoData,
DataPt,      Time(us),   EX,         EM,       Fit,
==========,==========,==========,==========,=========,
    0,        0.0,      0.000,       0.000,    218.304,
    1,        0.8,    161.141,     217.512,    223.890,
    2,        3.3,    179.979,     229.924,    230.231,
    3,        5.8,    180.059,     241.032,    236.668,
    4,        8.3,    180.278,     246.563,    243.190,
    5,       10.8,    180.190,     252.233,    249.767,
    6,       13.3,    180.286,     257.647,    256.389,
    7,       15.8,    180.483,     262.906,    263.044,
    8,       18.3,    180.498,     269.533,    269.710,
    9,       20.8,    180.673,     277.020,    276.375,
   10,       23.3,    180.651,     282.589,    283.020,
   11,       25.8,    180.724,     288.838,    289.632,
   12,       28.3,    180.666,     295.297,    296.194,
   13,       30.8,    180.768,     300.938,    302.698,
   14,       33.3,    180.731,     308.745,    309.127,
   15,       35.8,    180.775,     313.649,    315.472,
   16,       38.3,    180.585,     320.347,    321.714,
   17,       40.8,    180.680,     326.820,    327.852,
   18,       43.3,    180.914,     334.413,    333.881,
   19,       45.8,    180.965,     339.015,    339.787,
   20,       48.3,    180.973,     345.356,    345.561,
   21,       50.8,    181.046,     350.464,    351.197,
   22,       53.3,    180.951,     357.003,    356.685,
   23,       55.8,    181.046,     362.339,    362.025,
   24,       58.3,    180.980,     367.720,    367.208,
   25,       60.8,    180.878,     372.075,    372.231,
   26,       63.3,    180.907,     378.095,    377.093,
   27,       65.8,    180.870,     382.318,    381.792,
   28,       68.3,    180.958,     387.383,    386.328,
   29,       70.8,    180.797,     391.875,    390.697,
   30,       73.3,    181.221,     393.994,    394.909,
   31,       75.8,    181.112,     399.754,    398.955,
   32,       78.3,    181.221,     403.926,    402.841,
   33,       80.8,    181.075,     407.566,    406.564,
   34,       83.3,    181.119,     410.228,    410.129,
   35,       85.8,    181.075,     413.917,    413.538,
   36,       88.3,    181.097,     416.904,    416.795,
   37,       90.8,    181.002,     421.543,    419.903,
   38,       93.3,    181.082,     423.564,    422.866,
   39,       95.8,    181.170,     426.671,    425.690,
   40,       98.3,    181.009,     428.984,    428.375,
   41,      100.8,    181.155,     430.846,    430.929,
   42,      103.3,    181.170,     433.295,    433.356,
   43,      105.8,    181.236,     436.448,    435.659,
   44,      108.3,    181.185,     438.503,    437.843,
   45,      110.8,    181.068,     440.167,    439.912,
   46,      113.3,    181.031,     441.084,    441.871,
   47,      115.8,    181.141,     443.302,    443.726,
   48,      118.3,    181.170,     444.058,    445.481,
   49,      120.8,    181.090,     445.360,    447.139,
   50,      123.3,    181.229,     447.777,    448.706,
   51,      125.8,    181.280,     449.582,    450.185,
   52,      128.3,    181.017,     451.892,    451.581,
   53,      130.8,    181.287,     451.770,    452.898,
   54,      133.3,    181.294,     454.234,    454.140,
   55,      135.8,    181.104,     455.263,    455.310,
   56,      138.3,    181.163,     454.564,    456.412,
   57,      140.8,    181.141,     457.103,    457.450,
   58,      143.3,    181.163,     457.048,    458.427,
   59,      145.8,    181.038,     458.742,    459.346,
   60,      148.3,    181.229,     459.365,    460.211,
   61,      150.8,    181.185,     460.304,    461.024,
   62,      153.3,    181.309,     461.092,    461.789,
   63,      155.8,    181.075,     464.448,    462.507,
   64,      158.3,    181.163,     463.948,    463.183,
   65,      160.8,    181.236,     464.588,    463.817,
   66,      163.3,    181.236,     465.967,    464.413,
   67,      165.8,    181.192,     464.976,    464.973,
   68,      168.3,    181.177,     466.946,    465.498,
   69,      170.8,    181.170,     467.517,    465.991,
   70,      175.8,    179.635,     467.615,    467.178,
----,
DateTime:        , 2025/11/19, 17:01:40, 1763586100180,
RFID_EPC:        ,--Not Acquired--,
RFID_UserData:   ,--Not Acquired--,
Barcode:         ,--Not Acquired--,
PIF:,            0.00,
PARs:,            0.0,     0.0,     0.0,     0.0,     0.0,     0.0,
Light:,           0.0,     0.0,     0.0,     0.0,     0.0,     0.0,
Cycles:,            1,
                    1,      69,      70,      70,
Lamps:,        #10000,
Gain:,              2,      50, 
SNR_raw:,     363.92,
Position:,        0.0,              0.0,   NoData,
DataPt,      Time(us),   EX,         EM,       Fit,
==========,==========,==========,==========,=========,
    0,        0.0,      0.000,       0.000,    217.741,
    1,        0.8,    161.120,     217.229,    223.454,
    2,        3.3,    179.914,     230.200,    229.944,
    3,        5.8,    180.104,     241.804,    236.542,
    4,        8.3,    180.309,     246.521,    243.222,
    5,       10.8,    180.324,     251.770,    249.957,
    6,       13.3,    180.601,     258.304,    256.733,
    7,       15.8,    180.536,     263.660,    263.520,
    8,       18.3,    180.492,     270.095,    270.300,
    9,       20.8,    180.645,     276.509,    277.063,
   10,       23.3,    180.506,     282.261,    283.782,
   11,       25.8,    180.579,     288.516,    290.450,
   12,       28.3,    180.616,     295.101,    297.053,
   13,       30.8,    180.784,     302.847,    303.581,
   14,       33.3,    180.762,     308.140,    310.018,
   15,       35.8,    180.704,     315.987,    316.352,
   16,       38.3,    180.923,     321.960,    322.581,
   17,       40.8,    180.872,     327.303,    328.689,
   18,       43.3,    180.945,     334.079,    334.672,
   19,       45.8,    180.696,     340.627,    340.514,
   20,       48.3,    180.967,     346.472,    346.224,
   21,       50.8,    180.865,     351.921,    351.787,
   22,       53.3,    180.916,     358.454,    357.202,
   23,       55.8,    180.813,     363.358,    362.462,
   24,       58.3,    181.018,     368.748,    367.572,
   25,       60.8,    180.982,     372.966,    372.524,
   26,       63.3,    180.945,     377.463,    377.317,
   27,       65.8,    180.945,     382.160,    381.952,
   28,       68.3,    181.069,     386.869,    386.430,
   29,       70.8,    180.960,     392.629,    390.747,
   30,       73.3,    181.142,     396.097,    394.910,
   31,       75.8,    181.011,     400.252,    398.914,
   32,       78.3,    180.916,     403.779,    402.764,
   33,       80.8,    181.047,     407.352,    406.463,
   34,       83.3,    181.069,     409.236,    410.013,
   35,       85.8,    181.194,     413.094,    413.418,
   36,       88.3,    181.106,     417.159,    416.679,
   37,       90.8,    181.025,     420.107,    419.799,
   38,       93.3,    181.055,     423.077,    422.783,
   39,       95.8,    181.135,     425.097,    425.635,
   40,       98.3,    181.077,     428.824,    428.357,
   41,      100.8,    181.084,     430.187,    430.955,
   42,      103.3,    180.996,     433.711,    433.432,
   43,      105.8,    181.091,     434.864,    435.792,
   44,      108.3,    181.157,     437.190,    438.040,
   45,      110.8,    181.267,     439.960,    440.180,
   46,      113.3,    180.974,     443.157,    442.215,
   47,      115.8,    181.208,     443.413,    444.150,
   48,      118.3,    181.245,     445.254,    445.988,
   49,      120.8,    181.296,     447.887,    447.734,
   50,      123.3,    181.157,     448.230,    449.391,
   51,      125.8,    181.077,     451.466,    450.964,
   52,      128.3,    181.186,     452.021,    452.455,
   53,      130.8,    181.142,     454.339,    453.869,
   54,      133.3,    181.142,     454.615,    455.208,
   55,      135.8,    181.106,     456.363,    456.477,
   56,      138.3,    180.982,     456.953,    457.679,
   57,      140.8,    181.150,     457.909,    458.817,
   58,      143.3,    181.245,     459.048,    459.894,
   59,      145.8,    181.084,     460.836,    460.913,
   60,      148.3,    181.230,     461.568,    461.876,
   61,      150.8,    181.215,     463.813,    462.787,
   62,      153.3,    181.179,     463.078,    463.648,
   63,      155.8,    181.267,     463.682,    464.462,
   64,      158.3,    181.113,     465.179,    465.232,
   65,      160.8,    181.237,     465.412,    465.959,
   66,      163.3,    181.091,     467.720,    466.645,
   67,      165.8,    181.245,     468.703,    467.293,
   68,      168.3,    181.281,     469.712,    467.905,
   69,      170.8,    181.208,     470.453,    468.483,
   70,      175.8,    179.856,     470.377,    470.079,
----,
DateTime:        , 2025/11/19, 17:01:42, 1763586102653,
RFID_EPC:        ,--Not Acquired--,
RFID_UserData:   ,--Not Acquired--,
Barcode:         ,--Not Acquired--,
PIF:,            0.00,
PARs:,            0.0,     0.0,     0.0,     0.0,     0.0,     0.0,
Light:,           0.0,     0.0,     0.0,     0.0,     0.0,     0.0,
Cycles:,            1,
                    1,      69,      70,      70,
Lamps:,        #10000,
Gain:,              2,      50, 
SNR_raw:,     329.07,
Position:,        0.0,              0.0,   NoData,
DataPt,      Time(us),   EX,         EM,       Fit,
==========,==========,==========,==========,=========,
    0,        0.0,      0.000,       0.000,    218.797,
    1,        0.8,    160.965,     217.750,    224.117,
    2,        3.3,    179.912,     230.487,    230.270,
    3,        5.8,    180.270,     241.859,    236.625,
    4,        8.3,    180.219,     247.754,    243.130,
    5,       10.8,    180.270,     251.844,    249.751,
    6,       13.3,    180.241,     257.433,    256.453,
    7,       15.8,    180.416,     263.557,    263.213,
    8,       18.3,    180.467,     269.024,    270.000,
    9,       20.8,    180.562,     276.082,    276.792,
   10,       23.3,    180.548,     282.474,    283.564,
   11,       25.8,    180.687,     289.175,    290.301,
   12,       28.3,    180.716,     295.491,    296.982,
   13,       30.8,    180.723,     301.843,    303.591,
   14,       33.3,    180.679,     309.941,    310.111,
   15,       35.8,    180.796,     315.272,    316.536,
   16,       38.3,    180.921,     321.135,    322.852,
   17,       40.8,    180.709,     328.706,    329.043,
   18,       43.3,    180.723,     333.936,    335.104,
   19,       45.8,    180.891,     340.536,    341.031,
   20,       48.3,    181.081,     346.253,    346.819,
   21,       50.8,    181.045,     351.846,    352.456,
   22,       53.3,    180.921,     358.168,    357.936,
   23,       55.8,    180.921,     363.143,    363.259,
   24,       58.3,    181.038,     367.603,    368.423,
   25,       60.8,    180.826,     373.288,    373.420,
   26,       63.3,    181.045,     379.188,    378.257,
   27,       65.8,    180.913,     384.438,    382.927,
   28,       68.3,    180.891,     388.907,    387.432,
   29,       70.8,    180.884,     393.622,    391.774,
   30,       73.3,    181.103,     396.459,    395.955,
   31,       75.8,    180.957,     401.476,    399.974,
   32,       78.3,    181.060,     403.735,    403.835,
   33,       80.8,    181.067,     407.860,    407.539,
   34,       83.3,    180.906,     411.540,    411.089,
   35,       85.8,    181.074,     415.299,    414.489,
   36,       88.3,    181.052,     418.664,    417.743,
   37,       90.8,    181.220,     421.862,    420.854,
   38,       93.3,    181.111,     425.983,    423.826,
   39,       95.8,    181.184,     428.294,    426.662,
   40,       98.3,    181.052,     429.710,    429.367,
   41,      100.8,    181.374,     430.878,    431.945,
   42,      103.3,    181.191,     434.348,    434.401,
   43,      105.8,    181.133,     436.973,    436.737,
   44,      108.3,    181.133,     437.801,    438.960,
   45,      110.8,    181.206,     440.107,    441.072,
   46,      113.3,    181.045,     442.708,    443.079,
   47,      115.8,    181.125,     443.615,    444.984,
   48,      118.3,    181.081,     445.932,    446.793,
   49,      120.8,    181.096,     448.381,    448.508,
   50,      123.3,    181.176,     449.562,    450.134,
   51,      125.8,    181.089,     450.884,    451.675,
   52,      128.3,    181.257,     453.224,    453.134,
   53,      130.8,    181.198,     452.818,    454.516,
   54,      133.3,    181.235,     455.762,    455.825,
   55,      135.8,    181.425,     457.765,    457.062,
   56,      138.3,    181.257,     457.914,    458.233,
   57,      140.8,    181.198,     458.061,    459.341,
   58,      143.3,    181.125,     460.179,    460.388,
   59,      145.8,    181.235,     461.004,    461.377,
   60,      148.3,    181.184,     462.514,    462.311,
   61,      150.8,    181.184,     463.066,    463.194,
   62,      153.3,    181.089,     464.137,    464.028,
   63,      155.8,    181.133,     464.577,    464.815,
   64,      158.3,    181.155,     465.624,    465.557,
   65,      160.8,    181.272,     466.703,    466.257,
   66,      163.3,    181.330,     466.828,    466.917,
   67,      165.8,    181.323,     469.329,    467.540,
   68,      168.3,    181.111,     469.602,    468.129,
   69,      170.8,    181.103,     471.278,    468.684,
   70,      175.8,    179.671,     470.583,    470.567,
----,
DateTime:        , 2025/11/19, 17:01:45, 1763586105123,
RFID_EPC:        ,--Not Acquired--,
RFID_UserData:   ,--Not Acquired--,
Barcode:         ,--Not Acquired--,
PIF:,            0.00,
PARs:,            0.0,     0.0,     0.0,     0.0,     0.0,     0.0,
Light:,           0.0,     0.0,     0.0,     0.0,     0.0,     0.0,
Cycles:,            1,
                    1,      69,      70,      70,
Lamps:,        #10000,
Gain:,              2,      50, 
SNR_raw:,     423.19,
Position:,        0.0,              0.0,   NoData,
DataPt,      Time(us),   EX,         EM,       Fit,
==========,==========,==========,==========,=========,
    0,        0.0,      0.000,       0.000,    220.878,
    1,        0.8,    161.207,     219.904,    226.116,
    2,        3.3,    179.806,     232.415,    232.182,
    3,        5.8,    180.208,     243.607,    238.462,
    4,        8.3,    180.384,     248.914,    244.903,
    5,       10.8,    180.435,     253.554,    251.461,
    6,       13.3,    180.501,     258.725,    258.101,
    7,       15.8,    180.603,     265.222,    264.794,
    8,       18.3,    180.640,     272.365,    271.509,
    9,       20.8,    180.442,     277.651,    278.215,
   10,       23.3,    180.530,     283.609,    284.900,
   11,       25.8,    180.676,     290.022,    291.547,
   12,       28.3,    180.735,     296.014,    298.136,
   13,       30.8,    180.705,     304.086,    304.649,
   14,       33.3,    180.808,     309.445,    311.078,
   15,       35.8,    180.808,     316.358,    317.406,
   16,       38.3,    180.779,     321.664,    323.624,
   17,       40.8,    180.793,     327.723,    329.723,
   18,       43.3,    180.852,     335.081,    335.696,
   19,       45.8,    180.888,     340.265,    341.536,
   20,       48.3,    180.910,     345.752,    347.236,
   21,       50.8,    180.954,     352.576,    352.792,
   22,       53.3,    180.852,     357.752,    358.197,
   23,       55.8,    180.991,     364.384,    363.452,
   24,       58.3,    180.991,     369.080,    368.551,
   25,       60.8,    181.064,     374.730,    373.495,
   26,       63.3,    180.917,     380.284,    378.278,
   27,       65.8,    180.947,     384.920,    382.902,
   28,       68.3,    181.071,     388.798,    387.370,
   29,       70.8,    180.969,     393.991,    391.678,
   30,       73.3,    181.173,     396.582,    395.832,
   31,       75.8,    180.932,     400.150,    399.827,
   32,       78.3,    181.100,     404.472,    403.670,
   33,       80.8,    180.969,     408.082,    407.361,
   34,       83.3,    180.852,     412.216,    410.901,
   35,       85.8,    181.034,     415.114,    414.297,
   36,       88.3,    181.181,     417.815,    417.552,
   37,       90.8,    181.078,     419.984,    420.667,
   38,       93.3,    181.012,     424.280,    423.645,
   39,       95.8,    181.129,     426.767,    426.492,
   40,       98.3,    181.159,     428.630,    429.211,
   41,      100.8,    181.239,     432.302,    431.806,
   42,      103.3,    181.042,     433.602,    434.280,
   43,      105.8,    181.181,     435.753,    436.638,
   44,      108.3,    181.064,     438.520,    438.883,
   45,      110.8,    181.071,     441.263,    441.020,
   46,      113.3,    180.976,     442.877,    443.053,
   47,      115.8,    181.100,     444.505,    444.986,
   48,      118.3,    181.108,     445.592,    446.822,
   49,      120.8,    181.203,     447.841,    448.567,
   50,      123.3,    181.086,     448.959,    450.223,
   51,      125.8,    181.137,     449.660,    451.795,
   52,      128.3,    181.181,     452.311,    453.286,
   53,      130.8,    181.137,     454.077,    454.699,
   54,      133.3,    181.129,     455.199,    456.039,
   55,      135.8,    181.115,     456.064,    457.308,
   56,      138.3,    181.203,     458.603,    458.510,
   57,      140.8,    181.159,     459.266,    459.648,
   58,      143.3,    181.290,     461.139,    460.725,
   59,      145.8,    181.312,     461.359,    461.744,
   60,      148.3,    181.173,     463.644,    462.708,
   61,      150.8,    181.122,     463.499,    463.620,
   62,      153.3,    181.093,     464.126,    464.483,
   63,      155.8,    181.276,     465.589,    465.297,
   64,      158.3,    181.378,     466.705,    466.067,
   65,      160.8,    181.115,     467.935,    466.795,
   66,      163.3,    181.217,     468.499,    467.482,
   67,      165.8,    181.100,     468.801,    468.131,
   68,      168.3,    181.203,     469.640,    468.744,
   69,      170.8,    181.137,     470.087,    469.323,
   70,      175.8,    179.572,     471.120,    470.943,
----,
DateTime:        , 2025/11/19, 17:01:47, 1763586107611,
RFID_EPC:        ,--Not Acquired--,
RFID_UserData:   ,--Not Acquired--,
Barcode:         ,--Not Acquired--,
PIF:,            0.00,
PARs:,            0.0,     0.0,     0.0,     0.0,     0.0,     0.0,
Light:,           0.0,     0.0,     0.0,     0.0,     0.0,     0.0,
Cycles:,            1,
                    1,      69,      70,      70,
Lamps:,        #10000,
Gain:,              2,      50, 
SNR_raw:,     300.57,
Position:,        0.0,              0.0,   NoData,
DataPt,      Time(us),   EX,         EM,       Fit,
==========,==========,==========,==========,=========,
    0,        0.0,      0.000,       0.000,    221.354,
    1,        0.8,    160.981,     218.969,    226.156,
    2,        3.3,    180.008,     231.467,    231.869,
    3,        5.8,    180.104,     242.638,    237.899,
    4,        8.3,    180.147,     248.130,    244.177,
    5,       10.8,    180.432,     253.557,    250.652,
    6,       13.3,    180.213,     258.860,    257.260,
    7,       15.8,    180.513,     264.524,    263.970,
    8,       18.3,    180.491,     270.651,    270.739,
    9,       20.8,    180.520,     276.423,    277.533,
   10,       23.3,    180.425,     283.497,    284.323,
   11,       25.8,    180.542,     290.791,    291.087,
   12,       28.3,    180.805,     296.728,    297.810,
   13,       30.8,    180.871,     302.978,    304.466,
   14,       33.3,    180.666,     310.240,    311.034,
   15,       35.8,    180.783,     317.231,    317.506,
   16,       38.3,    180.886,     322.856,    323.869,
   17,       40.8,    180.922,     329.423,    330.111,
   18,       43.3,    180.681,     334.844,    336.217,
   19,       45.8,    180.805,     341.528,    342.186,
   20,       48.3,    180.820,     348.137,    348.010,
   21,       50.8,    180.827,     352.547,    353.682,
   22,       53.3,    180.930,     358.151,    359.200,
   23,       55.8,    180.951,     365.844,    364.560,
   24,       58.3,    181.032,     369.272,    369.758,
   25,       60.8,    180.966,     374.380,    374.792,
   26,       63.3,    180.988,     379.859,    379.661,
   27,       65.8,    181.120,     384.829,    384.366,
   28,       68.3,    181.017,     390.294,    388.905,
   29,       70.8,    181.185,     393.244,    393.280,
   30,       73.3,    180.915,     398.254,    397.491,
   31,       75.8,    180.951,     403.699,    401.539,
   32,       78.3,    180.951,     405.081,    405.429,
   33,       80.8,    181.098,     409.724,    409.163,
   34,       83.3,    181.010,     412.961,    412.743,
   35,       85.8,    181.105,     416.057,    416.173,
   36,       88.3,    181.222,     420.203,    419.456,
   37,       90.8,    181.149,     423.961,    422.596,
   38,       93.3,    181.032,     424.787,    425.596,
   39,       95.8,    181.068,     428.567,    428.461,
   40,       98.3,    181.068,     430.500,    431.194,
   41,      100.8,    181.346,     434.252,    433.801,
   42,      103.3,    181.032,     436.663,    436.284,
   43,      105.8,    181.222,     440.344,    438.649,
   44,      108.3,    181.178,     441.003,    440.899,
   45,      110.8,    181.083,     443.443,    443.040,
   46,      113.3,    181.105,     445.874,    445.075,
   47,      115.8,    181.141,     447.440,    447.008,
   48,      118.3,    181.185,     447.884,    448.843,
   49,      120.8,    181.003,     449.165,    450.585,
   50,      123.3,    181.156,     451.268,    452.238,
   51,      125.8,    181.134,     453.531,    453.805,
   52,      128.3,    181.207,     455.556,    455.290,
   53,      130.8,    181.141,     456.549,    456.697,
   54,      133.3,    181.163,     457.598,    458.030,
   55,      135.8,    181.105,     458.022,    459.292,
   56,      138.3,    181.083,     461.114,    460.487,
   57,      140.8,    181.295,     461.403,    461.617,
   58,      143.3,    181.207,     462.178,    462.685,
   59,      145.8,    181.141,     463.174,    463.697,
   60,      148.3,    181.076,     464.999,    464.653,
   61,      150.8,    181.120,     465.714,    465.557,
   62,      153.3,    181.193,     467.182,    466.410,
   63,      155.8,    181.171,     466.963,    467.216,
   64,      158.3,    181.258,     467.840,    467.977,
   65,      160.8,    181.200,     468.267,    468.696,
   66,      163.3,    181.339,     468.460,    469.374,
   67,      165.8,    181.207,     469.904,    470.015,
   68,      168.3,    181.412,     471.854,    470.618,
   69,      170.8,    181.222,     473.177,    471.189,
   70,      175.8,    179.870,     473.954,    473.678,
----,
DateTime:        , 2025/11/19, 17:01:50, 1763586110073,
RFID_EPC:        ,--Not Acquired--,
RFID_UserData:   ,--Not Acquired--,
Barcode:         ,--Not Acquired--,
PIF:,            0.00,
PARs:,            0.0,     0.0,     0.0,     0.0,     0.0,     0.0,
Light:,           0.0,     0.0,     0.0,     0.0,     0.0,     0.0,
Cycles:,            1,
                    1,      69,      70,      70,
Lamps:,        #10000,
Gain:,              2,      50, 
SNR_raw:,     390.36,
Position:,        0.0,              0.0,   NoData,
DataPt,      Time(us),   EX,         EM,       Fit,
==========,==========,==========,==========,=========,
    0,        0.0,      0.000,       0.000,    220.541,
    1,        0.8,    161.204,     219.908,    226.125,
    2,        3.3,    179.970,     232.485,    232.493,
    3,        5.8,    180.109,     243.741,    238.991,
    4,        8.3,    180.379,     249.751,    245.595,
    5,       10.8,    180.072,     255.175,    252.264,
    6,       13.3,    180.387,     258.888,    258.996,
    7,       15.8,    180.489,     265.667,    265.762,
    8,       18.3,    180.343,     272.814,    272.535,
    9,       20.8,    180.526,     278.354,    279.306,
   10,       23.3,    180.781,     285.151,    286.061,
   11,       25.8,    180.606,     291.795,    292.770,
   12,       28.3,    180.745,     297.657,    299.427,
   13,       30.8,    180.752,     303.731,    306.014,
   14,       33.3,    180.840,     311.878,    312.522,
   15,       35.8,    180.730,     317.600,    318.931,
   16,       38.3,    180.818,     323.530,    325.238,
   17,       40.8,    180.855,     331.205,    331.430,
   18,       43.3,    180.847,     337.578,    337.498,
   19,       45.8,    180.767,     343.536,    343.432,
   20,       48.3,    180.855,     349.452,    349.229,
   21,       50.8,    180.884,     355.753,    354.882,
   22,       53.3,    181.081,     360.336,    360.389,
   23,       55.8,    180.957,     366.109,    365.739,
   24,       58.3,    180.752,     371.503,    370.927,
   25,       60.8,    181.001,     376.794,    375.960,
   26,       63.3,    180.884,     382.566,    380.828,
   27,       65.8,    180.898,     386.128,    385.533,
   28,       68.3,    181.037,     390.803,    390.077,
   29,       70.8,    180.972,     395.090,    394.457,
   30,       73.3,    180.979,     400.599,    398.673,
   31,       75.8,    180.964,     402.566,    402.728,
   32,       78.3,    181.015,     407.148,    406.623,
   33,       80.8,    181.023,     410.170,    410.361,
   34,       83.3,    181.213,     414.154,    413.947,
   35,       85.8,    181.081,     418.045,    417.378,
   36,       88.3,    181.213,     421.604,    420.662,
   37,       90.8,    181.037,     423.946,    423.799,
   38,       93.3,    181.074,     426.898,    426.795,
   39,       95.8,    181.030,     429.763,    429.653,
   40,       98.3,    181.118,     432.039,    432.378,
   41,      100.8,    181.330,     434.843,    434.975,
   42,      103.3,    181.074,     436.838,    437.445,
   43,      105.8,    181.023,     438.619,    439.795,
   44,      108.3,    181.067,     441.274,    442.028,
   45,      110.8,    181.198,     444.265,    444.150,
   46,      113.3,    181.008,     445.560,    446.164,
   47,      115.8,    181.023,     448.010,    448.074,
   48,      118.3,    180.979,     450.605,    449.886,
   49,      120.8,    181.249,     451.312,    451.603,
   50,      123.3,    181.118,     453.848,    453.230,
   51,      125.8,    181.037,     454.050,    454.770,
   52,      128.3,    181.279,     455.376,    456.227,
   53,      130.8,    181.132,     455.468,    457.606,
   54,      133.3,    181.352,     459.329,    458.909,
   55,      135.8,    181.315,     459.421,    460.141,
   56,      138.3,    181.191,     461.116,    461.306,
   57,      140.8,    181.132,     462.369,    462.405,
   58,      143.3,    181.249,     463.450,    463.444,
   59,      145.8,    181.271,     464.497,    464.423,
   60,      148.3,    181.088,     465.794,    465.349,
   61,      150.8,    181.052,     466.441,    466.221,
   62,      153.3,    181.140,     466.215,    467.044,
   63,      155.8,    181.366,     468.113,    467.820,
   64,      158.3,    181.205,     468.253,    468.551,
   65,      160.8,    181.264,     470.309,    469.240,
   66,      163.3,    181.242,     470.641,    469.889,
   67,      165.8,    181.242,     470.641,    470.501,
   68,      168.3,    181.301,     472.420,    471.077,
   69,      170.8,    181.330,     472.895,    471.620,
   70,      175.8,    179.656,     473.684,    473.300,
----,
DateTime:        , 2025/11/19, 17:01:52, 1763586112560,
RFID_EPC:        ,--Not Acquired--,
RFID_UserData:   ,--Not Acquired--,
Barcode:         ,--Not Acquired--,
PIF:,            0.00,
PARs:,            0.0,     0.0,     0.0,     0.0,     0.0,     0.0,
Light:,           0.0,     0.0,     0.0,     0.0,     0.0,     0.0,
Cycles:,            1,
                    1,      69,      70,      70,
Lamps:,        #10000,
Gain:,              2,      50, 
SNR_raw:,     312.32,
Position:,        0.0,              0.0,   NoData,
DataPt,      Time(us),   EX,         EM,       Fit,
==========,==========,==========,==========,=========,
    0,        0.0,      0.000,       0.000,    220.576,
    1,        0.8,    161.047,     221.364,    226.360,
    2,        3.3,    179.929,     233.267,    232.919,
    3,        5.8,    180.192,     243.906,    239.576,
    4,        8.3,    180.200,     249.446,    246.299,
    5,       10.8,    180.426,     255.229,    253.075,
    6,       13.3,    180.346,     260.333,    259.875,
    7,       15.8,    180.499,     265.652,    266.687,
    8,       18.3,    180.492,     272.865,    273.489,
    9,       20.8,    180.529,     279.180,    280.267,
   10,       23.3,    180.675,     286.980,    287.010,
   11,       25.8,    180.572,     291.573,    293.696,
   12,       28.3,    180.580,     299.314,    300.315,
   13,       30.8,    180.645,     306.678,    306.857,
   14,       33.3,    180.616,     311.711,    313.308,
   15,       35.8,    180.821,     318.824,    319.666,
   16,       38.3,    180.748,     326.145,    325.911,
   17,       40.8,    180.836,     331.517,    332.042,
   18,       43.3,    180.967,     336.525,    338.051,
   19,       45.8,    181.004,     343.916,    343.930,
   20,       48.3,    180.879,     349.957,    349.667,
   21,       50.8,    180.733,     356.050,    355.257,
   22,       53.3,    180.894,     362.090,    360.705,
   23,       55.8,    180.821,     366.938,    366.000,
   24,       58.3,    180.967,     372.443,    371.145,
   25,       60.8,    180.887,     376.755,    376.133,
   26,       63.3,    181.040,     381.407,    380.968,
   27,       65.8,    181.033,     385.289,    385.644,
   28,       68.3,    181.026,     389.724,    390.162,
   29,       70.8,    181.143,     394.993,    394.524,
   30,       73.3,    181.091,     399.246,    398.729,
   31,       75.8,    180.953,     403.421,    402.775,
   32,       78.3,    180.938,     406.769,    406.667,
   33,       80.8,    180.989,     410.798,    410.407,
   34,       83.3,    181.084,     413.896,    414.000,
   35,       85.8,    180.953,     417.789,    417.444,
   36,       88.3,    180.982,     421.589,    420.745,
   37,       90.8,    181.033,     424.232,    423.906,
   38,       93.3,    181.121,     427.063,    426.931,
   39,       95.8,    181.135,     430.617,    429.822,
   40,       98.3,    181.223,     433.168,    432.585,
   41,      100.8,    181.062,     434.934,    435.220,
   42,      103.3,    181.004,     437.008,    437.734,
   43,      105.8,    181.230,     440.876,    440.131,
   44,      108.3,    181.157,     441.605,    442.414,
   45,      110.8,    181.164,     444.624,    444.587,
   46,      113.3,    181.069,     445.961,    446.654,
   47,      115.8,    181.179,     447.347,    448.619,
   48,      118.3,    181.281,     450.129,    450.488,
   49,      120.8,    181.135,     451.596,    452.263,
   50,      123.3,    181.201,     453.640,    453.948,
   51,      125.8,    181.194,     454.486,    455.546,
   52,      128.3,    181.186,     458.092,    457.063,
   53,      130.8,    181.157,     457.890,    458.501,
   54,      133.3,    181.150,     459.564,    459.864,
   55,      135.8,    181.303,     460.278,    461.155,
   56,      138.3,    181.223,     461.310,    462.378,
   57,      140.8,    181.172,     463.648,    463.536,
   58,      143.3,    181.201,     465.229,    464.631,
   59,      145.8,    181.194,     464.972,    465.668,
   60,      148.3,    181.303,     468.000,    466.649,
   61,      150.8,    181.252,     465.374,    467.576,
   62,      153.3,    181.172,     469.168,    468.453,
   63,      155.8,    181.128,     468.177,    469.282,
   64,      158.3,    181.223,     470.967,    470.065,
   65,      160.8,    181.303,     472.137,    470.805,
   66,      163.3,    181.048,     472.252,    471.504,
   67,      165.8,    181.077,     474.108,    472.164,
   68,      168.3,    181.303,     473.240,    472.787,
   69,      170.8,    181.311,     474.324,    473.375,
   70,      175.8,    179.768,     474.778,    474.687,
