----,
DateTime:        , 2025/11/20, 17:20:15, 1763673615106,
RFID_EPC:        ,--Not Acquired--,
RFID_UserData:   ,--Not Acquired--,
Barcode:         ,--Not Acquired--,
PIF:,            0.00,
PARs:,            0.0,     0.0,     0.0,     0.0,     0.0,     0.0,
Light:,           0.0,     0.0,     0.0,     0.0,     0.0,     0.0,
Cycles:,            1,
                    1,      69,      70,      70,
Lamps:,        #10000,
Gain:,              2,     100, 
SNR_raw:,     193.23,
Position:,        0.0,              0.0,   NoData,
DataPt,      Time(us),   EX,         EM,       Fit,
==========,==========,==========,==========,=========,
    0,        0.0,      0.000,       0.000,    109.108,
    1,        0.8,    162.637,     111.598,    114.115,
    2,        3.3,    180.572,     121.170,    119.639,
    3,        5.8,    180.684,     129.785,    125.075,
    4,        8.3,    180.687,     133.656,    130.409,
    5,       10.8,    180.721,     137.228,    135.639,
    6,       13.3,    180.691,     141.678,    140.762,
    7,       15.8,    180.784,     144.371,    145.780,
    8,       18.3,    180.784,     149.626,    150.689,
    9,       20.8,    180.829,     154.566,    155.491,
   10,       23.3,    180.848,     158.421,    160.182,
   11,       25.8,    180.855,     163.114,    164.764,
   12,       28.3,    180.814,     167.299,    169.234,
   13,       30.8,    180.848,     172.797,    173.594,
   14,       33.3,    180.810,     177.257,    177.843,
   15,       35.8,    180.892,     180.494,    181.983,
   16,       38.3,    180.848,     184.409,    186.011,
   17,       40.8,    180.926,     189.857,    189.932,
   18,       43.3,    180.907,     193.746,    193.743,
   19,       45.8,    180.948,     197.570,    197.447,
   20,       48.3,    180.956,     201.154,    201.044,
   21,       50.8,    180.963,     204.185,    204.534,
   22,       53.3,    180.956,     209.720,    207.919,
   23,       55.8,    180.993,     211.887,    211.200,
   24,       58.3,    180.911,     215.576,    214.378,
   25,       60.8,    180.919,     217.778,    217.454,
   26,       63.3,    180.848,     221.181,    220.429,
   27,       65.8,    180.982,     224.056,    223.308,
   28,       68.3,    180.896,     226.649,    226.090,
   29,       70.8,    181.023,     230.358,    228.779,
   30,       73.3,    181.004,     233.144,    231.374,
   31,       75.8,    181.012,     234.239,    233.878,
   32,       78.3,    180.993,     238.407,    236.293,
   33,       80.8,    180.945,     240.681,    238.620,
   34,       83.3,    181.034,     241.391,    240.863,
   35,       85.8,    180.974,     244.233,    243.021,
   36,       88.3,    180.989,     244.490,    245.098,
   37,       90.8,    180.963,     248.117,    247.095,
   38,       93.3,    180.945,     249.524,    249.014,
   39,       95.8,    180.866,     252.396,    250.857,
   40,       98.3,    180.989,     251.672,    252.628,
   41,      100.8,    181.041,     254.362,    254.328,
   42,      103.3,    180.948,     254.493,    255.958,
   43,      105.8,    180.978,     258.042,    257.520,
   44,      108.3,    181.023,     257.978,    259.018,
   45,      110.8,    180.959,     261.384,    260.451,
   46,      113.3,    180.993,     261.060,    261.823,
   47,      115.8,    180.978,     262.186,    263.134,
   48,      118.3,    180.945,     263.617,    264.388,
   49,      120.8,    180.945,     264.446,    265.586,
   50,      123.3,    180.974,     264.955,    266.729,
   51,      125.8,    180.956,     266.363,    267.820,
   52,      128.3,    181.075,     267.569,    268.861,
   53,      130.8,    180.978,     269.093,    269.852,
   54,      133.3,    181.045,     269.270,    270.797,
   55,      135.8,    180.963,     271.602,    271.695,
   56,      138.3,    181.004,     272.093,    272.549,
   57,      140.8,    180.974,     272.967,    273.360,
   58,      143.3,    181.038,     273.976,    274.130,
   59,      145.8,    180.915,     274.439,    274.861,
   60,      148.3,    181.012,     275.949,    275.553,
   61,      150.8,    180.997,     275.972,    276.209,
   62,      153.3,    181.030,     277.025,    276.829,
   63,      155.8,    181.068,     277.521,    277.416,
   64,      158.3,    181.071,     278.620,    277.970,
   65,      160.8,    181.034,     278.677,    278.491,
   66,      163.3,    180.993,     279.016,    278.983,
   67,      165.8,    181.071,     281.381,    279.445,
   68,      168.3,    181.008,     282.032,    279.879,
   69,      170.8,    181.000,     281.491,    280.286,
   70,      175.8,    179.935,     280.087,    280.075,
----,
DateTime:        , 2025/11/20, 17:20:23, 1763673623816,
RFID_EPC:        ,--Not Acquired--,
RFID_UserData:   ,--Not Acquired--,
Barcode:         ,--Not Acquired--,
PIF:,            0.00,
PARs:,            0.0,     0.0,     0.0,     0.0,     0.0,     0.0,
Light:,           0.0,     0.0,     0.0,     0.0,     0.0,     0.0,
Cycles:,            1,
                    1,      69,      70,      70,
Lamps:,        #10000,
Gain:,              2,     100, 
SNR_raw:,     128.78,
Position:,        0.0,              0.0,   NoData,
DataPt,      Time(us),   EX,         EM,       Fit,
==========,==========,==========,==========,=========,
    0,        0.0,      0.000,       0.000,    117.330,
    1,        0.8,    162.629,     118.675,    122.249,
    2,        3.3,    180.670,     128.620,    127.574,
    3,        5.8,    180.629,     137.574,    132.751,
    4,        8.3,    180.756,     140.521,    137.783,
    5,       10.8,    180.682,     144.453,    142.665,
    6,       13.3,    180.741,     148.832,    147.400,
    7,       15.8,    180.778,     151.843,    151.989,
    8,       18.3,    180.786,     156.262,    156.434,
    9,       20.8,    180.719,     160.470,    160.735,
   10,       23.3,    180.767,     164.300,    164.897,
   11,       25.8,    180.823,     167.014,    168.923,
   12,       28.3,    180.924,     173.001,    172.817,
   13,       30.8,    180.894,     176.070,    176.580,
   14,       33.3,    180.864,     178.863,    180.215,
   15,       35.8,    180.901,     182.973,    183.727,
   16,       38.3,    180.812,     185.552,    187.117,
   17,       40.8,    180.846,     190.218,    190.389,
   18,       43.3,    180.860,     192.966,    193.549,
   19,       45.8,    180.913,     196.780,    196.598,
   20,       48.3,    180.875,     199.861,    199.540,
   21,       50.8,    180.894,     202.881,    202.379,
   22,       53.3,    180.901,     205.084,    205.117,
   23,       55.8,    180.954,     208.341,    207.759,
   24,       58.3,    180.961,     209.437,    210.306,
   25,       60.8,    180.969,     212.744,    212.762,
   26,       63.3,    180.957,     214.139,    215.130,
   27,       65.8,    180.991,     217.414,    217.412,
   28,       68.3,    180.969,     219.375,    219.612,
   29,       70.8,    180.965,     223.800,    221.731,
   30,       73.3,    180.894,     225.270,    223.773,
   31,       75.8,    180.931,     227.158,    225.740,
   32,       78.3,    180.976,     229.036,    227.636,
   33,       80.8,    180.995,     229.012,    229.462,
   34,       83.3,    180.983,     232.065,    231.220,
   35,       85.8,    180.995,     232.051,    232.913,
   36,       88.3,    181.024,     235.327,    234.543,
   37,       90.8,    181.002,     236.461,    236.113,
   38,       93.3,    180.995,     238.129,    237.623,
   39,       95.8,    181.006,     238.666,    239.076,
   40,       98.3,    180.924,     239.604,    240.474,
   41,      100.8,    180.957,     242.046,    241.819,
   42,      103.3,    180.965,     242.312,    243.113,
   43,      105.8,    180.946,     243.719,    244.357,
   44,      108.3,    180.935,     245.116,    245.553,
   45,      110.8,    180.976,     246.718,    246.704,
   46,      113.3,    181.002,     247.787,    247.809,
   47,      115.8,    181.032,     249.956,    248.872,
   48,      118.3,    181.024,     249.966,    249.893,
   49,      120.8,    181.065,     251.290,    250.874,
   50,      123.3,    180.998,     252.489,    251.816,
   51,      125.8,    181.028,     251.895,    252.721,
   52,      128.3,    180.961,     252.817,    253.588,
   53,      130.8,    180.995,     253.322,    254.421,
   54,      133.3,    180.969,     255.293,    255.220,
   55,      135.8,    180.957,     255.861,    255.987,
   56,      138.3,    181.084,     256.787,    256.722,
   57,      140.8,    180.969,     258.056,    257.426,
   58,      143.3,    181.088,     258.162,    258.102,
   59,      145.8,    180.995,     258.295,    258.748,
   60,      148.3,    180.987,     260.792,    259.367,
   61,      150.8,    181.024,     260.186,    259.960,
   62,      153.3,    181.021,     260.191,    260.528,
   63,      155.8,    181.050,     260.701,    261.070,
   64,      158.3,    180.987,     261.621,    261.589,
   65,      160.8,    180.976,     262.466,    262.084,
   66,      163.3,    180.954,     262.775,    262.558,
   67,      165.8,    180.983,     264.113,    263.010,
   68,      168.3,    180.995,     264.649,    263.441,
   69,      170.8,    181.073,     264.534,    263.852,
   70,      175.8,    180.048,     264.128,    264.146,
----,
DateTime:        , 2025/11/20, 17:20:32, 1763673632535,
RFID_EPC:        ,--Not Acquired--,
RFID_UserData:   ,--Not Acquired--,
Barcode:         ,--Not Acquired--,
PIF:,            0.00,
PARs:,            0.0,     0.0,     0.0,     0.0,     0.0,     0.0,
Light:,           0.0,     0.0,     0.0,     0.0,     0.0,     0.0,
Cycles:,            1,
                    1,      69,      70,      70,
Lamps:,        #10000,
Gain:,              2,     100, 
SNR_raw:,     126.59,
Position:,        0.0,              0.0,   NoData,
DataPt,      Time(us),   EX,         EM,       Fit,
==========,==========,==========,==========,=========,
    0,        0.0,      0.000,       0.000,    122.144,
    1,        0.8,    162.525,     121.519,    126.672,
    2,        3.3,    180.620,     130.974,    131.586,
    3,        5.8,    180.672,     139.479,    136.373,
    4,        8.3,    180.713,     144.428,    141.030,
    5,       10.8,    180.747,     148.550,    145.552,
    6,       13.3,    180.799,     150.167,    149.940,
    7,       15.8,    180.810,     154.029,    154.193,
    8,       18.3,    180.807,     157.904,    158.310,
    9,       20.8,    180.866,     160.616,    162.296,
   10,       23.3,    180.885,     164.746,    166.150,
   11,       25.8,    180.758,     168.457,    169.873,
   12,       28.3,    180.821,     173.099,    173.471,
   13,       30.8,    180.814,     176.148,    176.945,
   14,       33.3,    180.833,     180.554,    180.300,
   15,       35.8,    180.751,     182.572,    183.535,
   16,       38.3,    180.892,     186.575,    186.659,
   17,       40.8,    180.926,     189.580,    189.673,
   18,       43.3,    180.903,     192.091,    192.579,
   19,       45.8,    180.963,     195.344,    195.382,
   20,       48.3,    180.889,     199.294,    198.083,
   21,       50.8,    180.903,     199.830,    200.686,
   22,       53.3,    180.889,     204.546,    203.194,
   23,       55.8,    180.870,     207.608,    205.611,
   24,       58.3,    180.937,     208.636,    207.940,
   25,       60.8,    180.848,     212.057,    210.182,
   26,       63.3,    180.885,     214.225,    212.341,
   27,       65.8,    180.963,     214.408,    214.422,
   28,       68.3,    181.000,     216.298,    216.426,
   29,       70.8,    181.015,     219.595,    218.355,
   30,       73.3,    180.948,     220.505,    220.211,
   31,       75.8,    180.944,     221.615,    221.997,
   32,       78.3,    181.075,     223.941,    223.717,
   33,       80.8,    180.989,     224.323,    225.371,
   34,       83.3,    180.963,     227.394,    226.962,
   35,       85.8,    180.877,     229.990,    228.492,
   36,       88.3,    180.918,     229.938,    229.963,
   37,       90.8,    180.956,     231.272,    231.379,
   38,       93.3,    180.993,     232.882,    232.739,
   39,       95.8,    181.023,     233.396,    234.048,
   40,       98.3,    181.004,     235.630,    235.305,
   41,      100.8,    180.982,     237.041,    236.513,
   42,      103.3,    181.023,     236.711,    237.674,
   43,      105.8,    180.993,     238.960,    238.788,
   44,      108.3,    180.978,     239.532,    239.859,
   45,      110.8,    180.978,     240.913,    240.887,
   46,      113.3,    181.000,     241.712,    241.873,
   47,      115.8,    180.993,     242.275,    242.820,
   48,      118.3,    180.982,     243.671,    243.729,
   49,      120.8,    180.967,     244.796,    244.600,
   50,      123.3,    181.060,     245.775,    245.436,
   51,      125.8,    181.090,     244.078,    246.238,
   52,      128.3,    181.052,     246.061,    247.006,
   53,      130.8,    181.038,     247.186,    247.742,
   54,      133.3,    181.052,     247.442,    248.447,
   55,      135.8,    180.959,     248.951,    249.122,
   56,      138.3,    181.023,     250.245,    249.768,
   57,      140.8,    180.967,     250.046,    250.386,
   58,      143.3,    181.041,     250.219,    250.977,
   59,      145.8,    181.041,     250.772,    251.542,
   60,      148.3,    181.008,     252.752,    252.082,
   61,      150.8,    181.026,     253.278,    252.599,
   62,      153.3,    181.079,     252.377,    253.091,
   63,      155.8,    181.015,     253.846,    253.562,
   64,      158.3,    181.097,     253.455,    254.011,
   65,      160.8,    180.967,     255.019,    254.438,
   66,      163.3,    180.941,     254.780,    254.845,
   67,      165.8,    181.041,     255.743,    255.233,
   68,      168.3,    180.959,     255.859,    255.602,
   69,      170.8,    180.952,     257.803,    255.953,
   70,      175.8,    179.901,     256.158,    256.182,
----,
DateTime:        , 2025/11/20, 17:20:41, 1763673641255,
RFID_EPC:        ,--Not Acquired--,
RFID_UserData:   ,--Not Acquired--,
Barcode:         ,--Not Acquired--,
PIF:,            0.00,
PARs:,            0.0,     0.0,     0.0,     0.0,     0.0,     0.0,
Light:,           0.0,     0.0,     0.0,     0.0,     0.0,     0.0,
Cycles:,            1,
                    1,      69,      70,      70,
Lamps:,        #10000,
Gain:,              2,     100, 
SNR_raw:,     133.04,
Position:,        0.0,              0.0,   NoData,
DataPt,      Time(us),   EX,         EM,       Fit,
==========,==========,==========,==========,=========,
    0,        0.0,      0.000,       0.000,    119.318,
    1,        0.8,    162.663,     121.417,    124.235,
    2,        3.3,    180.460,     130.481,    129.561,
    3,        5.8,    180.683,     138.640,    134.711,
    4,        8.3,    180.661,     143.086,    139.673,
    5,       10.8,    180.750,     146.058,    144.457,
    6,       13.3,    180.765,     149.088,    149.066,
    7,       15.8,    180.829,     154.290,    153.507,
    8,       18.3,    180.899,     156.441,    157.786,
    9,       20.8,    180.821,     160.656,    161.905,
   10,       23.3,    180.791,     164.831,    165.871,
   11,       25.8,    180.821,     168.122,    169.691,
   12,       28.3,    180.806,     172.284,    173.368,
   13,       30.8,    180.877,     174.704,    176.909,
   14,       33.3,    180.870,     179.964,    180.317,
   15,       35.8,    180.948,     183.755,    183.599,
   16,       38.3,    180.925,     186.541,    186.757,
   17,       40.8,    180.933,     189.573,    189.795,
   18,       43.3,    180.896,     192.376,    192.718,
   19,       45.8,    180.881,     195.433,    195.530,
   20,       48.3,    180.899,     199.006,    198.235,
   21,       50.8,    180.911,     202.034,    200.837,
   22,       53.3,    180.855,     204.308,    203.338,
   23,       55.8,    180.870,     206.226,    205.743,
   24,       58.3,    180.873,     209.262,    208.056,
   25,       60.8,    180.903,     210.610,    210.279,
   26,       63.3,    180.993,     212.440,    212.418,
   27,       65.8,    180.963,     214.685,    214.472,
   28,       68.3,    180.996,     217.408,    216.447,
   29,       70.8,    181.037,     217.635,    218.344,
   30,       73.3,    181.019,     220.972,    220.167,
   31,       75.8,    180.948,     222.716,    221.916,
   32,       78.3,    180.884,     225.835,    223.595,
   33,       80.8,    180.940,     224.660,    225.208,
   34,       83.3,    180.937,     226.875,    226.756,
   35,       85.8,    181.011,     227.886,    228.243,
   36,       88.3,    180.981,     229.858,    229.669,
   37,       90.8,    180.985,     231.511,    231.038,
   38,       93.3,    181.022,     233.673,    232.350,
   39,       95.8,    181.041,     233.096,    233.609,
   40,       98.3,    180.970,     235.122,    234.816,
   41,      100.8,    181.041,     236.134,    235.973,
   42,      103.3,    181.000,     237.017,    237.081,
   43,      105.8,    180.989,     238.413,    238.143,
   44,      108.3,    181.045,     240.272,    239.161,
   45,      110.8,    180.955,     240.391,    240.134,
   46,      113.3,    180.996,     240.336,    241.067,
   47,      115.8,    180.985,     240.904,    241.959,
   48,      118.3,    180.989,     243.109,    242.812,
   49,      120.8,    181.011,     242.250,    243.628,
   50,      123.3,    181.056,     243.295,    244.409,
   51,      125.8,    180.993,     245.038,    245.155,
   52,      128.3,    181.030,     245.263,    245.867,
   53,      130.8,    180.955,     245.088,    246.547,
   54,      133.3,    180.974,     245.892,    247.196,
   55,      135.8,    180.955,     247.299,    247.816,
   56,      138.3,    180.970,     248.936,    248.406,
   57,      140.8,    180.978,     248.373,    248.970,
   58,      143.3,    180.955,     250.338,    249.506,
   59,      145.8,    180.963,     248.670,    250.017,
   60,      148.3,    181.019,     251.632,    250.503,
   61,      150.8,    181.067,     250.736,    250.966,
   62,      153.3,    181.056,     251.580,    251.405,
   63,      155.8,    181.071,     251.283,    251.823,
   64,      158.3,    181.019,     253.841,    252.219,
   65,      160.8,    180.963,     251.709,    252.595,
   66,      163.3,    180.981,     253.341,    252.950,
   67,      165.8,    180.966,     254.191,    253.287,
   68,      168.3,    180.937,     254.233,    253.605,
   69,      170.8,    181.000,     254.696,    253.907,
   70,      175.8,    179.964,     253.580,    253.667,
----,
DateTime:        , 2025/11/20, 17:20:50, 1763673649984,
RFID_EPC:        ,--Not Acquired--,
RFID_UserData:   ,--Not Acquired--,
Barcode:         ,--Not Acquired--,
PIF:,            0.00,
PARs:,            0.0,     0.0,     0.0,     0.0,     0.0,     0.0,
Light:,           0.0,     0.0,     0.0,     0.0,     0.0,     0.0,
Cycles:,            1,
                    1,      69,      70,      70,
Lamps:,        #10000,
Gain:,              2,     100, 
SNR_raw:,     148.87,
Position:,        0.0,              0.0,   NoData,
DataPt,      Time(us),   EX,         EM,       Fit,
==========,==========,==========,==========,=========,
    0,        0.0,      0.000,       0.000,    117.542,
    1,        0.8,    162.598,     119.313,    122.401,
    2,        3.3,    180.568,     129.051,    127.670,
    3,        5.8,    180.677,     137.815,    132.763,
    4,        8.3,    180.717,     141.104,    137.674,
    5,       10.8,    180.792,     144.641,    142.410,
    6,       13.3,    180.811,     148.221,    146.975,
    7,       15.8,    180.826,     151.527,    151.375,
    8,       18.3,    180.848,     154.550,    155.616,
    9,       20.8,    180.829,     159.543,    159.702,
   10,       23.3,    180.811,     161.495,    163.639,
   11,       25.8,    180.766,     165.407,    167.432,
   12,       28.3,    180.811,     169.238,    171.088,
   13,       30.8,    180.840,     173.357,    174.610,
   14,       33.3,    180.859,     176.380,    178.004,
   15,       35.8,    180.874,     181.065,    181.274,
   16,       38.3,    180.952,     182.645,    184.425,
   17,       40.8,    180.911,     186.556,    187.459,
   18,       43.3,    180.937,     189.292,    190.382,
   19,       45.8,    180.963,     193.686,    193.197,
   20,       48.3,    180.915,     196.225,    195.907,
   21,       50.8,    180.863,     199.322,    198.516,
   22,       53.3,    180.941,     201.447,    201.029,
   23,       55.8,    180.844,     205.149,    203.446,
   24,       58.3,    180.934,     207.258,    205.775,
   25,       60.8,    180.915,     208.385,    208.016,
   26,       63.3,    180.997,     211.882,    210.174,
   27,       65.8,    180.930,     212.513,    212.250,
   28,       68.3,    181.045,     214.311,    214.249,
   29,       70.8,    181.016,     216.832,    216.172,
   30,       73.3,    180.978,     217.706,    218.022,
   31,       75.8,    180.934,     219.970,    219.800,
   32,       78.3,    180.937,     221.347,    221.511,
   33,       80.8,    180.934,     224.668,    223.156,
   34,       83.3,    180.911,     226.078,    224.737,
   35,       85.8,    180.911,     225.801,    226.257,
   36,       88.3,    180.982,     229.857,    227.720,
   37,       90.8,    181.098,     229.434,    229.126,
   38,       93.3,    181.030,     231.729,    230.477,
   39,       95.8,    181.030,     232.281,    231.775,
   40,       98.3,    181.030,     232.834,    233.021,
   41,      100.8,    180.997,     233.429,    234.218,
   42,      103.3,    181.042,     234.476,    235.368,
   43,      105.8,    180.915,     236.022,    236.471,
   44,      108.3,    180.948,     237.084,    237.530,
   45,      110.8,    180.904,     239.077,    238.546,
   46,      113.3,    180.937,     238.757,    239.521,
   47,      115.8,    180.941,     240.410,    240.457,
   48,      118.3,    180.982,     240.908,    241.354,
   49,      120.8,    181.019,     241.411,    242.215,
   50,      123.3,    181.053,     243.299,    243.040,
   51,      125.8,    180.971,     243.133,    243.830,
   52,      128.3,    181.027,     243.610,    244.587,
   53,      130.8,    181.016,     245.007,    245.312,
   54,      133.3,    180.986,     247.257,    246.006,
   55,      135.8,    180.978,     246.162,    246.670,
   56,      138.3,    181.012,     246.669,    247.306,
   57,      140.8,    180.993,     246.694,    247.914,
   58,      143.3,    180.963,     247.564,    248.495,
   59,      145.8,    180.986,     248.086,    249.050,
   60,      148.3,    181.034,     249.677,    249.580,
   61,      150.8,    181.016,     250.255,    250.087,
   62,      153.3,    181.004,     250.546,    250.570,
   63,      155.8,    181.034,     251.058,    251.031,
   64,      158.3,    181.016,     251.912,    251.470,
   65,      160.8,    181.001,     252.209,    251.889,
   66,      163.3,    180.997,     253.319,    252.287,
   67,      165.8,    180.919,     252.600,    252.666,
   68,      168.3,    181.004,     253.861,    253.026,
   69,      170.8,    180.975,     254.456,    253.369,
   70,      175.8,    179.965,     253.311,    253.224,
----,
DateTime:        , 2025/11/20, 17:20:58, 1763673658709,
RFID_EPC:        ,--Not Acquired--,
RFID_UserData:   ,--Not Acquired--,
Barcode:         ,--Not Acquired--,
PIF:,            0.00,
PARs:,            0.0,     0.0,     0.0,     0.0,     0.0,     0.0,
Light:,           0.0,     0.0,     0.0,     0.0,     0.0,     0.0,
Cycles:,            1,
                    1,      69,      70,      70,
Lamps:,        #10000,
Gain:,              2,     100, 
SNR_raw:,     184.39,
Position:,        0.0,              0.0,   NoData,
DataPt,      Time(us),   EX,         EM,       Fit,
==========,==========,==========,==========,=========,
    0,        0.0,      0.000,       0.000,    118.149,
    1,        0.8,    162.557,     118.728,    122.890,
    2,        3.3,    180.695,     128.492,    128.041,
    3,        5.8,    180.654,     137.279,    133.020,
    4,        8.3,    180.725,     140.545,    137.825,
    5,       10.8,    180.777,     144.377,    142.461,
    6,       13.3,    180.732,     147.179,    146.930,
    7,       15.8,    180.792,     151.832,    151.241,
    8,       18.3,    180.777,     155.440,    155.397,
    9,       20.8,    180.747,     157.956,    159.402,
   10,       23.3,    180.799,     162.888,    163.264,
   11,       25.8,    180.889,     165.295,    166.989,
   12,       28.3,    180.855,     169.196,    170.577,
   13,       30.8,    180.896,     173.857,    174.035,
   14,       33.3,    180.870,     177.199,    177.367,
   15,       35.8,    180.978,     179.303,    180.578,
   16,       38.3,    180.874,     182.724,    183.670,
   17,       40.8,    180.851,     186.617,    186.647,
   18,       43.3,    180.829,     190.511,    189.514,
   19,       45.8,    180.911,     191.807,    192.275,
   20,       48.3,    180.837,     195.480,    194.933,
   21,       50.8,    180.900,     199.558,    197.492,
   22,       53.3,    180.863,     200.705,    199.955,
   23,       55.8,    180.926,     203.398,    202.326,
   24,       58.3,    180.978,     204.997,    204.608,
   25,       60.8,    180.997,     208.015,    206.804,
   26,       63.3,    181.049,     209.888,    208.917,
   27,       65.8,    180.941,     211.395,    210.949,
   28,       68.3,    181.015,     213.518,    212.903,
   29,       70.8,    180.918,     215.843,    214.780,
   30,       73.3,    180.881,     216.993,    216.585,
   31,       75.8,    180.874,     219.767,    218.320,
   32,       78.3,    181.015,     220.423,    219.988,
   33,       80.8,    180.904,     222.218,    221.590,
   34,       83.3,    181.012,     224.019,    223.130,
   35,       85.8,    180.952,     224.093,    224.609,
   36,       88.3,    181.012,     226.781,    226.029,
   37,       90.8,    181.097,     228.330,    227.394,
   38,       93.3,    181.053,     229.491,    228.703,
   39,       95.8,    181.019,     230.362,    229.959,
   40,       98.3,    180.978,     232.072,    231.164,
   41,      100.8,    181.015,     232.301,    232.320,
   42,      103.3,    180.922,     234.079,    233.428,
   43,      105.8,    180.967,     234.573,    234.490,
   44,      108.3,    180.933,     235.446,    235.508,
   45,      110.8,    181.012,     235.620,    236.484,
   46,      113.3,    180.937,     237.652,    237.418,
   47,      115.8,    181.015,     237.549,    238.314,
   48,      118.3,    181.023,     239.473,    239.171,
   49,      120.8,    180.989,     240.069,    239.990,
   50,      123.3,    181.008,     241.150,    240.775,
   51,      125.8,    180.989,     241.175,    241.525,
   52,      128.3,    180.933,     241.525,    242.241,
   53,      130.8,    180.956,     242.601,    242.926,
   54,      133.3,    180.952,     242.606,    243.579,
   55,      135.8,    181.027,     244.716,    244.204,
   56,      138.3,    181.008,     244.741,    244.800,
   57,      140.8,    180.971,     244.239,    245.368,
   58,      143.3,    181.045,     245.795,    245.909,
   59,      145.8,    180.967,     246.730,    246.425,
   60,      148.3,    180.993,     246.418,    246.916,
   61,      150.8,    181.027,     246.373,    247.383,
   62,      153.3,    180.989,     248.910,    247.828,
   63,      155.8,    180.993,     248.076,    248.250,
   64,      158.3,    180.952,     248.132,    248.650,
   65,      160.8,    180.993,     248.628,    249.030,
   66,      163.3,    181.034,     249.953,    249.390,
   67,      165.8,    181.071,     250.454,    249.731,
   68,      168.3,    181.064,     251.017,    250.054,
   69,      170.8,    181.000,     250.828,    250.359,
   70,      175.8,    179.987,     250.892,    250.254,
----,
DateTime:        , 2025/11/20, 17:21:07, 1763673667466,
RFID_EPC:        ,--Not Acquired--,
RFID_UserData:   ,--Not Acquired--,
Barcode:         ,--Not Acquired--,
PIF:,            0.00,
PARs:,            0.0,     0.0,     0.0,     0.0,     0.0,     0.0,
Light:,           0.0,     0.0,     0.0,     0.0,     0.0,     0.0,
Cycles:,            1,
                    1,      69,      70,      70,
Lamps:,        #10000,
Gain:,              2,     100, 
SNR_raw:,     122.56,
Position:,        0.0,              0.0,   NoData,
DataPt,      Time(us),   EX,         EM,       Fit,
==========,==========,==========,==========,=========,
    0,        0.0,      0.000,       0.000,    117.995,
    1,        0.8,    162.589,     118.704,    122.645,
    2,        3.3,    180.706,     128.163,    127.700,
    3,        5.8,    180.724,     136.672,    132.592,
    4,        8.3,    180.680,     140.303,    137.315,
    5,       10.8,    180.747,     143.571,    141.876,
    6,       13.3,    180.732,     146.349,    146.277,
    7,       15.8,    180.702,     150.524,    150.525,
    8,       18.3,    180.866,     154.258,    154.628,
    9,       20.8,    180.877,     158.118,    158.587,
   10,       23.3,    180.844,     161.465,    162.406,
   11,       25.8,    180.877,     164.753,    166.091,
   12,       28.3,    180.844,     170.313,    169.645,
   13,       30.8,    180.866,     171.398,    173.073,
   14,       33.3,    180.851,     175.006,    176.379,
   15,       35.8,    180.836,     178.338,    179.567,
   16,       38.3,    180.881,     181.611,    182.641,
   17,       40.8,    180.874,     184.936,    185.605,
   18,       43.3,    180.866,     189.090,    188.462,
   19,       45.8,    180.933,     190.955,    191.217,
   20,       48.3,    180.929,     195.104,    193.872,
   21,       50.8,    180.926,     197.042,    196.430,
   22,       53.3,    180.963,     199.212,    198.896,
   23,       55.8,    180.933,     202.561,    201.271,
   24,       58.3,    180.985,     204.160,    203.560,
   25,       60.8,    180.918,     206.447,    205.764,
   26,       63.3,    180.877,     209.534,    207.885,
   27,       65.8,    180.851,     210.670,    209.928,
   28,       68.3,    180.870,     213.413,    211.895,
   29,       70.8,    180.933,     214.997,    213.789,
   30,       73.3,    180.955,     216.352,    215.613,
   31,       75.8,    180.937,     217.479,    217.368,
   32,       78.3,    181.015,     220.424,    219.058,
   33,       80.8,    181.019,     221.800,    220.684,
   34,       83.3,    181.030,     223.720,    222.247,
   35,       85.8,    181.011,     223.743,    223.752,
   36,       88.3,    180.941,     226.317,    225.197,
   37,       90.8,    180.941,     226.870,    226.587,
   38,       93.3,    180.888,     229.976,    227.923,
   39,       95.8,    180.948,     229.900,    229.207,
   40,       98.3,    180.881,     230.815,    230.441,
   41,      100.8,    180.989,     231.782,    231.627,
   42,      103.3,    181.041,     232.268,    232.767,
   43,      105.8,    181.015,     233.406,    233.862,
   44,      108.3,    180.974,     234.840,    234.913,
   45,      110.8,    181.019,     235.887,    235.922,
   46,      113.3,    181.034,     237.801,    236.890,
   47,      115.8,    180.974,     237.327,    237.819,
   48,      118.3,    180.941,     237.923,    238.710,
   49,      120.8,    181.026,     239.468,    239.564,
   50,      123.3,    180.985,     240.075,    240.384,
   51,      125.8,    180.963,     242.315,    241.169,
   52,      128.3,    181.041,     241.658,    241.921,
   53,      130.8,    181.008,     241.979,    242.642,
   54,      133.3,    180.978,     242.571,    243.332,
   55,      135.8,    180.941,     243.450,    243.993,
   56,      138.3,    181.067,     243.556,    244.625,
   57,      140.8,    181.026,     244.716,    245.230,
   58,      143.3,    181.030,     246.092,    245.808,
   59,      145.8,    181.026,     245.544,    246.361,
   60,      148.3,    180.989,     248.081,    246.889,
   61,      150.8,    180.989,     247.529,    247.393,
   62,      153.3,    181.019,     249.145,    247.874,
   63,      155.8,    181.037,     249.396,    248.333,
   64,      158.3,    181.019,     248.593,    248.771,
   65,      160.8,    181.064,     247.979,    249.188,
   66,      163.3,    181.026,     249.135,    249.586,
   67,      165.8,    181.037,     250.224,    249.964,
   68,      168.3,    180.967,     250.599,    250.323,
   69,      170.8,    181.019,     251.908,    250.665,
   70,      175.8,    179.908,     250.226,    250.495,
----,
DateTime:        , 2025/11/20, 17:21:16, 1763673676163,
RFID_EPC:        ,--Not Acquired--,
RFID_UserData:   ,--Not Acquired--,
Barcode:         ,--Not Acquired--,
PIF:,            0.00,
PARs:,            0.0,     0.0,     0.0,     0.0,     0.0,     0.0,
Light:,           0.0,     0.0,     0.0,     0.0,     0.0,     0.0,
Cycles:,            1,
                    1,      69,      70,      70,
Lamps:,        #10000,
Gain:,              2,     100, 
SNR_raw:,     155.06,
Position:,        0.0,              0.0,   NoData,
DataPt,      Time(us),   EX,         EM,       Fit,
==========,==========,==========,==========,=========,
    0,        0.0,      0.000,       0.000,    116.864,
    1,        0.8,    162.596,     117.469,    121.632,
    2,        3.3,    180.652,     126.980,    126.804,
    3,        5.8,    180.764,     135.536,    131.803,
    4,        8.3,    180.716,     138.892,    136.621,
    5,       10.8,    180.798,     144.637,    141.266,
    6,       13.3,    180.768,     147.427,    145.742,
    7,       15.8,    180.839,     151.240,    150.056,
    8,       18.3,    180.764,     154.898,    154.212,
    9,       20.8,    180.760,     157.667,    158.216,
   10,       23.3,    180.731,     160.460,    162.074,
   11,       25.8,    180.801,     165.651,    165.792,
   12,       28.3,    180.898,     168.880,    169.376,
   13,       30.8,    180.924,     172.171,    172.830,
   14,       33.3,    180.861,     174.996,    176.155,
   15,       35.8,    180.876,     179.958,    179.359,
   16,       38.3,    180.939,     182.105,    182.446,
   17,       40.8,    180.921,     186.270,    185.419,
   18,       43.3,    180.913,     189.041,    188.282,
   19,       45.8,    180.887,     192.109,    191.039,
   20,       48.3,    180.868,     195.170,    193.694,
   21,       50.8,    180.853,     198.780,    196.249,
   22,       53.3,    180.898,     200.113,    198.711,
   23,       55.8,    180.939,     203.383,    201.082,
   24,       58.3,    180.872,     205.117,    203.363,
   25,       60.8,    181.040,     207.413,    205.562,
   26,       63.3,    180.947,     209.454,    207.677,
   27,       65.8,    180.962,     210.818,    209.712,
   28,       68.3,    180.943,     212.498,    211.671,
   29,       70.8,    180.935,     214.441,    213.556,
   30,       73.3,    180.921,     216.670,    215.370,
   31,       75.8,    180.924,     219.429,    217.115,
   32,       78.3,    180.913,     219.442,    218.794,
   33,       80.8,    181.014,     220.149,    220.410,
   34,       83.3,    180.932,     222.736,    221.963,
   35,       85.8,    180.950,     224.371,    223.458,
   36,       88.3,    181.003,     225.687,    224.895,
   37,       90.8,    180.976,     227.101,    226.277,
   38,       93.3,    180.980,     228.202,    227.605,
   39,       95.8,    181.084,     228.899,    228.883,
   40,       98.3,    180.973,     230.145,    230.110,
   41,      100.8,    180.921,     232.422,    231.289,
   42,      103.3,    180.976,     232.074,    232.422,
   43,      105.8,    180.962,     234.028,    233.511,
   44,      108.3,    180.965,     234.852,    234.557,
   45,      110.8,    181.058,     236.388,    235.562,
   46,      113.3,    181.029,     236.151,    236.526,
   47,      115.8,    181.021,     237.818,    237.453,
   48,      118.3,    181.040,     237.793,    238.342,
   49,      120.8,    181.084,     238.287,    239.195,
   50,      123.3,    181.044,     239.445,    240.014,
   51,      125.8,    180.935,     240.694,    240.799,
   52,      128.3,    180.995,     240.891,    241.552,
   53,      130.8,    180.958,     242.322,    242.273,
   54,      133.3,    180.973,     243.131,    242.965,
   55,      135.8,    180.962,     242.317,    243.628,
   56,      138.3,    180.999,     244.477,    244.263,
   57,      140.8,    181.055,     244.677,    244.872,
   58,      143.3,    181.017,     246.109,    245.455,
   59,      145.8,    180.995,     245.034,    246.013,
   60,      148.3,    180.928,     247.060,    246.546,
   61,      150.8,    181.044,     247.178,    247.057,
   62,      153.3,    180.980,     248.370,    247.546,
   63,      155.8,    180.991,     248.078,    248.012,
   64,      158.3,    180.995,     248.073,    248.458,
   65,      160.8,    180.965,     248.943,    248.884,
   66,      163.3,    180.980,     250.027,    249.291,
   67,      165.8,    181.025,     250.242,    249.679,
   68,      168.3,    181.084,     250.988,    250.050,
   69,      170.8,    180.958,     250.611,    250.402,
   70,      175.8,    179.926,     250.749,    250.203,
----,
DateTime:        , 2025/11/20, 17:21:25, 1763673684908,
RFID_EPC:        ,--Not Acquired--,
RFID_UserData:   ,--Not Acquired--,
Barcode:         ,--Not Acquired--,
PIF:,            0.00,
PARs:,            0.0,     0.0,     0.0,     0.0,     0.0,     0.0,
Light:,           0.0,     0.0,     0.0,     0.0,     0.0,     0.0,
Cycles:,            1,
                    1,      69,      70,      70,
Lamps:,        #10000,
Gain:,              2,     100, 
SNR_raw:,     135.84,
Position:,        0.0,              0.0,   NoData,
DataPt,      Time(us),   EX,         EM,       Fit,
==========,==========,==========,==========,=========,
    0,        0.0,      0.000,       0.000,    117.902,
    1,        0.8,    162.743,     119.821,    122.749,
    2,        3.3,    180.679,     129.280,    127.998,
    3,        5.8,    180.698,     137.799,    133.064,
    4,        8.3,    180.642,     140.333,    137.941,
    5,       10.8,    180.731,     144.413,    142.639,
    6,       13.3,    180.720,     146.912,    147.161,
    7,       15.8,    180.717,     150.235,    151.515,
    8,       18.3,    180.784,     154.328,    155.707,
    9,       20.8,    180.828,     157.608,    159.743,
   10,       23.3,    180.866,     161.722,    163.629,
   11,       25.8,    180.798,     165.654,    167.367,
   12,       28.3,    180.907,     169.424,    170.966,
   13,       30.8,    180.869,     172.777,    174.430,
   14,       33.3,    180.866,     175.821,    177.762,
   15,       35.8,    180.884,     179.949,    180.968,
   16,       38.3,    180.895,     184.084,    184.053,
   17,       40.8,    180.787,     186.683,    187.019,
   18,       43.3,    180.873,     189.636,    189.873,
   19,       45.8,    180.895,     191.824,    192.619,
   20,       48.3,    180.929,     197.039,    195.260,
   21,       50.8,    180.985,     198.635,    197.801,
   22,       53.3,    181.018,     201.637,    200.244,
   23,       55.8,    180.992,     203.876,    202.593,
   24,       58.3,    180.951,     205.857,    204.851,
   25,       60.8,    180.951,     208.343,    207.021,
   26,       63.3,    180.892,     210.347,    209.106,
   27,       65.8,    180.929,     211.409,    211.110,
   28,       68.3,    180.948,     213.598,    213.036,
   29,       70.8,    180.914,     215.572,    214.886,
   30,       73.3,    180.966,     216.615,    216.664,
   31,       75.8,    181.007,     217.947,    218.373,
   32,       78.3,    180.974,     222.684,    220.013,
   33,       80.8,    181.000,     222.929,    221.588,
   34,       83.3,    180.959,     223.532,    223.100,
   35,       85.8,    181.030,     225.930,    224.553,
   36,       88.3,    180.974,     226.000,    225.946,
   37,       90.8,    180.970,     227.386,    227.283,
   38,       93.3,    180.936,     227.981,    228.566,
   39,       95.8,    180.921,     228.552,    229.796,
   40,       98.3,    180.977,     230.692,    230.976,
   41,      100.8,    180.940,     231.568,    232.107,
   42,      103.3,    181.007,     232.588,    233.193,
   43,      105.8,    180.959,     234.031,    234.232,
   44,      108.3,    180.948,     235.151,    235.229,
   45,      110.8,    180.989,     235.374,    236.183,
   46,      113.3,    181.048,     238.058,    237.098,
   47,      115.8,    180.951,     237.357,    237.973,
   48,      118.3,    180.981,     237.318,    238.811,
   49,      120.8,    180.989,     238.137,    239.613,
   50,      123.3,    180.996,     239.508,    240.380,
   51,      125.8,    180.992,     239.513,    241.114,
   52,      128.3,    180.985,     240.904,    241.815,
   53,      130.8,    181.018,     241.964,    242.485,
   54,      133.3,    181.015,     243.074,    243.126,
   55,      135.8,    180.981,     243.672,    243.737,
   56,      138.3,    180.985,     244.772,    244.320,
   57,      140.8,    181.018,     244.727,    244.877,
   58,      143.3,    180.944,     244.827,    245.408,
   59,      145.8,    181.000,     245.581,    245.914,
   60,      148.3,    180.910,     245.978,    246.395,
   61,      150.8,    180.981,     245.053,    246.854,
   62,      153.3,    180.992,     247.524,    247.291,
   63,      155.8,    181.044,     248.282,    247.706,
   64,      158.3,    181.026,     248.860,    248.101,
   65,      160.8,    181.097,     250.695,    248.476,
   66,      163.3,    181.052,     249.376,    248.832,
   67,      165.8,    181.037,     250.501,    249.169,
   68,      168.3,    181.067,     250.184,    249.489,
   69,      170.8,    180.970,     251.147,    249.791,
   70,      175.8,    179.874,     249.114,    249.563,
----,
DateTime:        , 2025/11/20, 17:21:33, 1763673693627,
RFID_EPC:        ,--Not Acquired--,
RFID_UserData:   ,--Not Acquired--,
Barcode:         ,--Not Acquired--,
PIF:,            0.00,
PARs:,            0.0,     0.0,     0.0,     0.0,     0.0,     0.0,
Light:,           0.0,     0.0,     0.0,     0.0,     0.0,     0.0,
Cycles:,            1,
                    1,      69,      70,      70,
Lamps:,        #10000,
Gain:,              2,     100, 
SNR_raw:,     143.72,
Position:,        0.0,              0.0,   NoData,
DataPt,      Time(us),   EX,         EM,       Fit,
==========,==========,==========,==========,=========,
    0,        0.0,      0.000,       0.000,    119.114,
    1,        0.8,    162.614,     118.993,    123.544,
    2,        3.3,    180.599,     128.737,    128.373,
    3,        5.8,    180.722,     137.504,    133.106,
    4,        8.3,    180.755,     139.968,    137.730,
    5,       10.8,    180.703,     143.606,    142.237,
    6,       13.3,    180.715,     146.640,    146.622,
    7,       15.8,    180.755,     150.756,    150.883,
    8,       18.3,    180.785,     154.327,    155.018,
    9,       20.8,    180.763,     159.325,    159.023,
   10,       23.3,    180.826,     161.757,    162.900,
   11,       25.8,    180.826,     165.076,    166.649,
   12,       28.3,    180.893,     169.713,    170.273,
   13,       30.8,    180.919,     173.558,    173.771,
   14,       33.3,    180.878,     176.085,    177.146,
   15,       35.8,    180.923,     179.634,    180.400,
   16,       38.3,    180.890,     183.261,    183.536,
   17,       40.8,    180.919,     187.376,    186.556,
   18,       43.3,    180.882,     188.797,    189.464,
   19,       45.8,    180.856,     193.248,    192.262,
   20,       48.3,    180.856,     194.906,    194.955,
   21,       50.8,    180.878,     198.476,    197.544,
   22,       53.3,    180.890,     202.057,    200.033,
   23,       55.8,    180.964,     203.908,    202.427,
   24,       58.3,    180.946,     206.968,    204.727,
   25,       60.8,    180.960,     207.780,    206.936,
   26,       63.3,    180.968,     209.706,    209.059,
   27,       65.8,    180.998,     211.052,    211.096,
   28,       68.3,    180.849,     213.162,    213.052,
   29,       70.8,    180.979,     215.771,    214.929,
   30,       73.3,    180.923,     216.390,    216.730,
   31,       75.8,    180.942,     218.855,    218.458,
   32,       78.3,    180.864,     221.161,    220.115,
   33,       80.8,    180.960,     222.701,    221.704,
   34,       83.3,    181.020,     224.837,    223.228,
   35,       85.8,    181.001,     225.136,    224.688,
   36,       88.3,    181.016,     226.499,    226.088,
   37,       90.8,    181.016,     227.880,    227.429,
   38,       93.3,    181.016,     228.709,    228.714,
   39,       95.8,    181.001,     230.385,    229.944,
   40,       98.3,    180.968,     230.980,    231.121,
   41,      100.8,    181.020,     232.019,    232.248,
   42,      103.3,    180.975,     232.628,    233.327,
   43,      105.8,    180.975,     234.562,    234.358,
   44,      108.3,    180.990,     235.648,    235.345,
   45,      110.8,    181.024,     235.328,    236.288,
   46,      113.3,    181.020,     235.885,    237.190,
   47,      115.8,    181.027,     238.362,    238.052,
   48,      118.3,    181.013,     237.829,    238.875,
   49,      120.8,    181.039,     238.347,    239.661,
   50,      123.3,    180.934,     239.866,    240.410,
   51,      125.8,    180.957,     240.665,    241.126,
   52,      128.3,    180.942,     240.409,    241.808,
   53,      130.8,    180.968,     241.756,    242.459,
   54,      133.3,    180.912,     242.383,    243.079,
   55,      135.8,    181.024,     242.233,    243.669,
   56,      138.3,    181.042,     243.313,    244.231,
   57,      140.8,    181.013,     243.906,    244.766,
   58,      143.3,    181.005,     244.192,    245.274,
   59,      145.8,    180.972,     244.790,    245.758,
   60,      148.3,    181.083,     246.848,    246.217,
   61,      150.8,    181.031,     247.195,    246.652,
   62,      153.3,    181.013,     248.049,    247.066,
   63,      155.8,    181.016,     246.939,    247.457,
   64,      158.3,    181.009,     248.883,    247.828,
   65,      160.8,    180.927,     248.996,    248.179,
   66,      163.3,    180.919,     247.900,    248.511,
   67,      165.8,    181.020,     248.867,    248.824,
   68,      168.3,    181.009,     250.264,    249.120,
   69,      170.8,    181.020,     249.696,    249.398,
   70,      175.8,    180.059,     250.212,    250.008,
----,
DateTime:        , 2025/11/20, 17:21:42, 1763673702318,
RFID_EPC:        ,--Not Acquired--,
RFID_UserData:   ,--Not Acquired--,
Barcode:         ,--Not Acquired--,
PIF:,            0.00,
PARs:,            0.0,     0.0,     0.0,     0.0,     0.0,     0.0,
Light:,           0.0,     0.0,     0.0,     0.0,     0.0,     0.0,
Cycles:,            1,
                    1,      69,      70,      70,
Lamps:,        #10000,
Gain:,              2,     100, 
SNR_raw:,     122.18,
Position:,        0.0,              0.0,   NoData,
DataPt,      Time(us),   EX,         EM,       Fit,
==========,==========,==========,==========,=========,
    0,        0.0,      0.000,       0.000,    118.407,
    1,        0.8,    162.650,     119.582,    122.973,
    2,        3.3,    180.593,     128.898,    127.925,
    3,        5.8,    180.645,     137.286,    132.750,
    4,        8.3,    180.750,     141.632,    137.446,
    5,       10.8,    180.809,     145.734,    142.006,
    6,       13.3,    180.854,     147.633,    146.429,
    7,       15.8,    180.776,     150.463,    150.712,
    8,       18.3,    180.791,     152.386,    154.856,
    9,       20.8,    180.824,     157.335,    158.864,
   10,       23.3,    180.779,     161.799,    162.735,
   11,       25.8,    180.846,     166.163,    166.475,
   12,       28.3,    180.802,     167.587,    170.083,
   13,       30.8,    180.813,     172.278,    173.563,
   14,       33.3,    180.813,     175.872,    176.918,
   15,       35.8,    180.913,     179.091,    180.154,
   16,       38.3,    180.992,     182.329,    183.273,
   17,       40.8,    180.928,     185.156,    186.275,
   18,       43.3,    180.869,     188.535,    189.165,
   19,       45.8,    181.003,     190.881,    191.949,
   20,       48.3,    180.947,     195.914,    194.627,
   21,       50.8,    180.932,     198.141,    197.204,
   22,       53.3,    180.865,     201.255,    199.682,
   23,       55.8,    180.925,     203.676,    202.066,
   24,       58.3,    180.768,     205.788,    204.356,
   25,       60.8,    180.973,     207.766,    206.560,
   26,       63.3,    180.940,     208.910,    208.678,
   27,       65.8,    180.958,     211.927,    210.714,
   28,       68.3,    180.962,     212.476,    212.670,
   29,       70.8,    180.984,     214.107,    214.549,
   30,       73.3,    180.940,     217.476,    216.353,
   31,       75.8,    180.962,     218.002,    218.086,
   32,       78.3,    180.962,     220.488,    219.750,
   33,       80.8,    180.954,     221.603,    221.347,
   34,       83.3,    180.988,     225.153,    222.880,
   35,       85.8,    180.954,     224.918,    224.350,
   36,       88.3,    180.995,     225.696,    225.761,
   37,       90.8,    180.921,     226.342,    227.114,
   38,       93.3,    181.033,     229.240,    228.411,
   39,       95.8,    181.033,     228.688,    229.655,
   40,       98.3,    180.992,     229.845,    230.847,
   41,      100.8,    180.999,     232.045,    231.990,
   42,      103.3,    180.966,     232.088,    233.084,
   43,      105.8,    180.973,     234.842,    234.131,
   44,      108.3,    180.954,     235.695,    235.134,
   45,      110.8,    180.958,     235.966,    236.094,
   46,      113.3,    180.969,     237.886,    237.013,
   47,      115.8,    180.984,     237.313,    237.891,
   48,      118.3,    181.029,     238.360,    238.731,
   49,      120.8,    181.025,     238.641,    239.534,
   50,      123.3,    181.036,     240.007,    240.301,
   51,      125.8,    181.040,     240.278,    241.034,
   52,      128.3,    181.029,     241.122,    241.733,
   53,      130.8,    180.861,     242.175,    242.400,
   54,      133.3,    180.999,     241.990,    243.037,
   55,      135.8,    180.988,     243.110,    243.643,
   56,      138.3,    180.921,     243.753,    244.221,
   57,      140.8,    180.969,     245.069,    244.771,
   58,      143.3,    181.010,     245.842,    245.295,
   59,      145.8,    180.992,     245.868,    245.793,
   60,      148.3,    181.036,     245.255,    246.267,
   61,      150.8,    181.014,     247.218,    246.717,
   62,      153.3,    181.010,     247.223,    247.143,
   63,      155.8,    181.062,     247.705,    247.548,
   64,      158.3,    181.014,     247.495,    247.932,
   65,      160.8,    180.988,     248.359,    248.295,
   66,      163.3,    181.033,     249.126,    248.638,
   67,      165.8,    180.969,     250.042,    248.963,
   68,      168.3,    180.969,     250.319,    249.269,
   69,      170.8,    180.969,     249.213,    249.557,
   70,      175.8,    179.993,     249.897,    249.888,
----,
DateTime:        , 2025/11/20, 17:21:51, 1763673711031,
RFID_EPC:        ,--Not Acquired--,
RFID_UserData:   ,--Not Acquired--,
Barcode:         ,--Not Acquired--,
PIF:,            0.00,
PARs:,            0.0,     0.0,     0.0,     0.0,     0.0,     0.0,
Light:,           0.0,     0.0,     0.0,     0.0,     0.0,     0.0,
Cycles:,            1,
                    1,      69,      70,      70,
Lamps:,        #10000,
Gain:,              2,     100, 
SNR_raw:,     150.30,
Position:,        0.0,              0.0,   NoData,
DataPt,      Time(us),   EX,         EM,       Fit,
==========,==========,==========,==========,=========,
    0,        0.0,      0.000,       0.000,    116.790,
    1,        0.8,    162.747,     117.668,    121.681,
    2,        3.3,    180.545,     127.530,    126.972,
    3,        5.8,    180.701,     136.413,    132.082,
    4,        8.3,    180.671,     139.756,    137.000,
    5,       10.8,    180.783,     143.266,    141.736,
    6,       13.3,    180.742,     148.001,    146.294,
    7,       15.8,    180.761,     151.858,    150.681,
    8,       18.3,    180.761,     153.518,    154.903,
    9,       20.8,    180.783,     157.647,    158.966,
   10,       23.3,    180.794,     160.956,    162.876,
   11,       25.8,    180.843,     164.784,    166.639,
   12,       28.3,    180.880,     167.791,    170.260,
   13,       30.8,    180.925,     172.724,    173.744,
   14,       33.3,    180.884,     176.356,    177.095,
   15,       35.8,    180.835,     179.168,    180.318,
   16,       38.3,    180.865,     183.562,    183.417,
   17,       40.8,    180.847,     187.175,    186.398,
   18,       43.3,    180.951,     188.725,    189.266,
   19,       45.8,    180.847,     191.875,    192.023,
   20,       48.3,    180.850,     195.189,    194.673,
   21,       50.8,    180.854,     197.397,    197.220,
   22,       53.3,    180.884,     200.405,    199.670,
   23,       55.8,    181.003,     203.588,    202.026,
   24,       58.3,    180.940,     205.870,    204.290,
   25,       60.8,    180.936,     207.256,    206.465,
   26,       63.3,    180.951,     209.725,    208.555,
   27,       65.8,    180.962,     210.818,    210.563,
   28,       68.3,    180.906,     212.818,    212.491,
   29,       70.8,    180.999,     213.813,    214.344,
   30,       73.3,    180.891,     216.705,    216.123,
   31,       75.8,    180.925,     219.428,    217.831,
   32,       78.3,    180.981,     219.360,    219.471,
   33,       80.8,    181.022,     220.692,    221.047,
   34,       83.3,    180.921,     222.749,    222.557,
   35,       85.8,    180.958,     224.361,    224.007,
   36,       88.3,    181.040,     225.917,    225.399,
   37,       90.8,    181.078,     226.422,    226.735,
   38,       93.3,    180.996,     228.459,    228.015,
   39,       95.8,    180.966,     228.220,    229.242,
   40,       98.3,    180.932,     229.644,    230.418,
   41,      100.8,    180.958,     230.992,    231.546,
   42,      103.3,    180.929,     232.136,    232.626,
   43,      105.8,    181.018,     234.231,    233.662,
   44,      108.3,    181.022,     235.055,    234.653,
   45,      110.8,    181.040,     235.583,    235.603,
   46,      113.3,    181.033,     235.869,    236.512,
   47,      115.8,    180.996,     236.746,    237.382,
   48,      118.3,    181.007,     238.113,    238.214,
   49,      120.8,    181.014,     238.932,    239.010,
   50,      123.3,    180.955,     239.839,    239.771,
   51,      125.8,    180.929,     240.979,    240.497,
   52,      128.3,    180.962,     240.658,    241.192,
   53,      130.8,    180.981,     241.739,    241.855,
   54,      133.3,    180.992,     242.000,    242.488,
   55,      135.8,    181.055,     242.191,    243.093,
   56,      138.3,    181.100,     243.236,    243.670,
   57,      140.8,    181.040,     245.249,    244.219,
   58,      143.3,    181.033,     244.431,    244.743,
   59,      145.8,    181.014,     245.285,    245.241,
   60,      148.3,    180.992,     245.591,    245.716,
   61,      150.8,    180.943,     246.762,    246.167,
   62,      153.3,    180.958,     246.466,    246.595,
   63,      155.8,    180.999,     248.620,    247.003,
   64,      158.3,    180.947,     249.520,    247.389,
   65,      160.8,    181.014,     249.152,    247.756,
   66,      163.3,    181.018,     248.042,    248.104,
   67,      165.8,    181.003,     249.443,    248.433,
   68,      168.3,    181.033,     249.402,    248.744,
   69,      170.8,    181.078,     248.788,    249.039,
   70,      175.8,    179.978,     248.816,    248.841,
----,
DateTime:        , 2025/11/20, 17:21:59, 1763673719742,
RFID_EPC:        ,--Not Acquired--,
RFID_UserData:   ,--Not Acquired--,
Barcode:         ,--Not Acquired--,
PIF:,            0.00,
PARs:,            0.0,     0.0,     0.0,     0.0,     0.0,     0.0,
Light:,           0.0,     0.0,     0.0,     0.0,     0.0,     0.0,
Cycles:,            1,
                    1,      69,      70,      70,
Lamps:,        #10000,
Gain:,              2,     100, 
SNR_raw:,     117.67,
Position:,        0.0,              0.0,   NoData,
DataPt,      Time(us),   EX,         EM,       Fit,
==========,==========,==========,==========,=========,
    0,        0.0,      0.000,       0.000,    119.446,
    1,        0.8,    162.571,     118.102,    123.565,
    2,        3.3,    180.621,     128.197,    128.139,
    3,        5.8,    180.651,     137.282,    132.691,
    4,        8.3,    180.718,     138.614,    137.192,
    5,       10.8,    180.740,     143.300,    141.619,
    6,       13.3,    180.725,     147.738,    145.956,
    7,       15.8,    180.818,     150.151,    150.192,
    8,       18.3,    180.818,     154.022,    154.316,
    9,       20.8,    180.740,     158.515,    158.323,
   10,       23.3,    180.815,     161.768,    162.210,
   11,       25.8,    180.833,     164.793,    165.974,
   12,       28.3,    180.833,     169.217,    169.614,
   13,       30.8,    180.785,     173.411,    173.131,
   14,       33.3,    180.934,     176.031,    176.528,
   15,       35.8,    180.934,     178.518,    179.804,
   16,       38.3,    180.926,     184.605,    182.962,
   17,       40.8,    180.844,     186.348,    186.003,
   18,       43.3,    180.911,     190.701,    188.932,
   19,       45.8,    180.893,     192.103,    191.751,
   20,       48.3,    180.952,     194.526,    194.464,
   21,       50.8,    180.938,     198.964,    197.074,
   22,       53.3,    180.852,     199.887,    199.582,
   23,       55.8,    180.882,     203.172,    201.994,
   24,       58.3,    180.900,     204.533,    204.312,
   25,       60.8,    180.952,     206.408,    206.539,
   26,       63.3,    180.990,     210.233,    208.679,
   27,       65.8,    181.005,     212.149,    210.735,
   28,       68.3,    180.960,     214.965,    212.709,
   29,       70.8,    181.020,     215.446,    214.604,
   30,       73.3,    181.012,     218.494,    216.423,
   31,       75.8,    181.001,     219.060,    218.169,
   32,       78.3,    180.908,     220.554,    219.843,
   33,       80.8,    180.934,     221.628,    221.450,
   34,       83.3,    180.904,     224.152,    222.991,
   35,       85.8,    180.971,     225.174,    224.469,
   36,       88.3,    180.945,     227.417,    225.886,
   37,       90.8,    181.046,     228.396,    227.245,
   38,       93.3,    180.982,     229.028,    228.547,
   39,       95.8,    180.956,     228.785,    229.794,
   40,       98.3,    181.034,     231.448,    230.989,
   41,      100.8,    181.027,     232.286,    232.134,
   42,      103.3,    181.087,     232.762,    233.230,
   43,      105.8,    180.971,     233.463,    234.279,
   44,      108.3,    180.982,     235.658,    235.283,
   45,      110.8,    180.923,     237.118,    236.243,
   46,      113.3,    180.956,     237.074,    237.162,
   47,      115.8,    180.904,     237.695,    238.040,
   48,      118.3,    180.986,     237.587,    238.879,
   49,      120.8,    181.008,     238.387,    239.682,
   50,      123.3,    181.068,     240.794,    240.448,
   51,      125.8,    181.027,     241.124,    241.179,
   52,      128.3,    181.016,     241.968,    241.878,
   53,      130.8,    181.057,     241.361,    242.544,
   54,      133.3,    181.001,     243.645,    243.179,
   55,      135.8,    180.986,     242.836,    243.785,
   56,      138.3,    180.967,     244.796,    244.362,
   57,      140.8,    180.979,     244.780,    244.911,
   58,      143.3,    180.926,     245.127,    245.434,
   59,      145.8,    181.008,     246.121,    245.932,
   60,      148.3,    181.042,     246.904,    246.404,
   61,      150.8,    181.038,     246.357,    246.854,
   62,      153.3,    181.027,     247.201,    247.280,
   63,      155.8,    181.053,     247.717,    247.684,
   64,      158.3,    180.997,     248.623,    248.068,
   65,      160.8,    180.960,     249.503,    248.431,
   66,      163.3,    181.031,     249.405,    248.775,
   67,      165.8,    180.956,     249.232,    249.100,
   68,      168.3,    180.975,     248.930,    249.407,
   69,      170.8,    181.016,     249.426,    249.696,
   70,      175.8,    179.973,     250.622,    250.554,
----,
DateTime:        , 2025/11/20, 17:22:08, 1763673728511,
RFID_EPC:        ,--Not Acquired--,
RFID_UserData:   ,--Not Acquired--,
Barcode:         ,--Not Acquired--,
PIF:,            0.00,
PARs:,            0.0,     0.0,     0.0,     0.0,     0.0,     0.0,
Light:,           0.0,     0.0,     0.0,     0.0,     0.0,     0.0,
Cycles:,            1,
                    1,      69,      70,      70,
Lamps:,        #10000,
Gain:,              2,     100, 
SNR_raw:,     115.58,
Position:,        0.0,              0.0,   NoData,
DataPt,      Time(us),   EX,         EM,       Fit,
==========,==========,==========,==========,=========,
    0,        0.0,      0.000,       0.000,    121.145,
    1,        0.8,    162.698,     118.624,    124.399,
    2,        3.3,    180.630,     127.975,    128.314,
    3,        5.8,    180.727,     136.393,    132.446,
    4,        8.3,    180.761,     140.517,    136.685,
    5,       10.8,    180.757,     143.840,    140.955,
    6,       13.3,    180.805,     147.396,    145.203,
    7,       15.8,    180.764,     151.025,    149.389,
    8,       18.3,    180.735,     153.540,    153.488,
    9,       20.8,    180.779,     158.757,    157.484,
   10,       23.3,    180.869,     162.272,    161.366,
   11,       25.8,    180.776,     164.845,    165.127,
   12,       28.3,    180.913,     169.971,    168.766,
   13,       30.8,    180.865,     171.675,    172.279,
   14,       33.3,    180.876,     176.917,    175.668,
   15,       35.8,    180.958,     179.600,    178.934,
   16,       38.3,    180.940,     182.381,    182.080,
   17,       40.8,    180.772,     184.763,    185.107,
   18,       43.3,    180.876,     189.632,    188.021,
   19,       45.8,    180.887,     191.832,    190.823,
   20,       48.3,    180.835,     196.311,    193.518,
   21,       50.8,    180.861,     197.665,    196.108,
   22,       53.3,    180.928,     200.632,    198.599,
   23,       55.8,    180.947,     203.927,    200.992,
   24,       58.3,    180.932,     204.773,    203.292,
   25,       60.8,    181.007,     207.175,    205.502,
   26,       63.3,    180.999,     208.565,    207.626,
   27,       65.8,    180.917,     211.146,    209.665,
   28,       68.3,    180.936,     212.506,    211.624,
   29,       70.8,    180.954,     213.313,    213.504,
   30,       73.3,    180.906,     215.858,    215.310,
   31,       75.8,    180.958,     217.730,    217.043,
   32,       78.3,    180.981,     220.742,    218.707,
   33,       80.8,    180.988,     220.733,    220.303,
   34,       83.3,    181.022,     222.902,    221.836,
   35,       85.8,    181.022,     223.178,    223.306,
   36,       88.3,    181.010,     225.954,    224.716,
   37,       90.8,    181.033,     227.583,    226.069,
   38,       93.3,    180.981,     228.201,    227.366,
   39,       95.8,    180.936,     229.363,    228.610,
   40,       98.3,    181.014,     230.369,    229.801,
   41,      100.8,    180.951,     232.107,    230.944,
   42,      103.3,    180.913,     232.984,    232.039,
   43,      105.8,    180.936,     233.232,    233.087,
   44,      108.3,    181.014,     234.512,    234.091,
   45,      110.8,    181.007,     235.351,    235.053,
   46,      113.3,    180.992,     235.094,    235.973,
   47,      115.8,    181.033,     235.593,    236.854,
   48,      118.3,    181.025,     238.365,    237.697,
   49,      120.8,    181.033,     236.974,    238.503,
   50,      123.3,    180.995,     238.956,    239.274,
   51,      125.8,    181.003,     240.328,    240.012,
   52,      128.3,    181.025,     239.746,    240.716,
   53,      130.8,    180.943,     239.578,    241.389,
   54,      133.3,    180.966,     240.930,    242.032,
   55,      135.8,    180.954,     242.326,    242.646,
   56,      138.3,    180.954,     243.155,    243.231,
   57,      140.8,    181.025,     243.889,    243.789,
   58,      143.3,    180.995,     245.034,    244.321,
   59,      145.8,    180.981,     244.778,    244.828,
   60,      148.3,    181.018,     244.727,    245.311,
   61,      150.8,    180.973,     246.446,    245.771,
   62,      153.3,    180.977,     246.440,    246.209,
   63,      155.8,    180.943,     246.762,    246.625,
   64,      158.3,    180.977,     247.546,    247.020,
   65,      160.8,    180.943,     247.039,    247.396,
   66,      163.3,    181.044,     248.835,    247.752,
   67,      165.8,    181.040,     248.011,    248.089,
   68,      168.3,    181.018,     249.147,    248.409,
   69,      170.8,    181.051,     248.824,    248.712,
   70,      175.8,    179.915,     250.315,    250.110,
----,
DateTime:        , 2025/11/20, 17:22:17, 1763673737208,
RFID_EPC:        ,--Not Acquired--,
RFID_UserData:   ,--Not Acquired--,
Barcode:         ,--Not Acquired--,
PIF:,            0.00,
PARs:,            0.0,     0.0,     0.0,     0.0,     0.0,     0.0,
Light:,           0.0,     0.0,     0.0,     0.0,     0.0,     0.0,
Cycles:,            1,
                    1,      69,      70,      70,
Lamps:,        #10000,
Gain:,              2,     100, 
SNR_raw:,     146.62,
Position:,        0.0,              0.0,   NoData,
DataPt,      Time(us),   EX,         EM,       Fit,
==========,==========,==========,==========,=========,
    0,        0.0,      0.000,       0.000,    117.179,
    1,        0.8,    162.597,     119.006,    121.990,
    2,        3.3,    180.621,     128.318,    127.207,
    3,        5.8,    180.692,     136.697,    132.246,
    4,        8.3,    180.763,     139.409,    137.104,
    5,       10.8,    180.744,     143.020,    141.783,
    6,       13.3,    180.770,     147.425,    146.290,
    7,       15.8,    180.819,     149.597,    150.632,
    8,       18.3,    180.793,     154.874,    154.813,
    9,       20.8,    180.782,     157.649,    158.839,
   10,       23.3,    180.789,     161.514,    162.716,
   11,       25.8,    180.815,     164.533,    166.449,
   12,       28.3,    180.804,     168.138,    170.042,
   13,       30.8,    180.919,     170.794,    173.504,
   14,       33.3,    180.949,     174.911,    176.836,
   15,       35.8,    180.934,     179.071,    180.043,
   16,       38.3,    180.890,     182.155,    183.128,
   17,       40.8,    180.886,     184.923,    186.097,
   18,       43.3,    180.890,     189.066,    188.953,
   19,       45.8,    180.901,     191.542,    191.701,
   20,       48.3,    180.904,     195.683,    194.345,
   21,       50.8,    180.886,     199.021,    196.887,
   22,       53.3,    180.878,     199.305,    199.332,
   23,       55.8,    180.908,     203.418,    201.683,
   24,       58.3,    180.931,     204.775,    203.944,
   25,       60.8,    180.871,     206.777,    206.116,
   26,       63.3,    180.964,     208.881,    208.206,
   27,       65.8,    180.916,     211.701,    210.213,
   28,       68.3,    181.005,     211.596,    212.143,
   29,       70.8,    180.953,     214.420,    213.997,
   30,       73.3,    181.005,     216.292,    215.778,
   31,       75.8,    180.871,     217.282,    217.488,
   32,       78.3,    180.863,     220.055,    219.129,
   33,       80.8,    180.886,     220.858,    220.706,
   34,       83.3,    181.005,     221.817,    222.220,
   35,       85.8,    180.979,     223.783,    223.673,
   36,       88.3,    180.953,     226.026,    225.067,
   37,       90.8,    181.050,     226.733,    226.406,
   38,       93.3,    180.957,     227.403,    227.689,
   39,       95.8,    181.068,     229.747,    228.920,
   40,       98.3,    180.975,     229.866,    230.100,
   41,      100.8,    181.001,     230.938,    231.231,
   42,      103.3,    180.938,     231.571,    232.314,
   43,      105.8,    180.964,     232.919,    233.352,
   44,      108.3,    180.919,     234.082,    234.346,
   45,      110.8,    180.908,     236.031,    235.297,
   46,      113.3,    180.975,     235.391,    236.209,
   47,      115.8,    181.042,     236.685,    237.081,
   48,      118.3,    181.027,     237.257,    237.915,
   49,      120.8,    181.042,     238.894,    238.713,
   50,      123.3,    181.065,     239.970,    239.476,
   51,      125.8,    181.046,     240.270,    240.205,
   52,      128.3,    181.057,     240.532,    240.901,
   53,      130.8,    180.953,     240.670,    241.565,
   54,      133.3,    181.035,     242.219,    242.199,
   55,      135.8,    180.942,     242.620,    242.803,
   56,      138.3,    180.986,     243.388,    243.380,
   57,      140.8,    180.942,     242.896,    243.929,
   58,      143.3,    181.046,     244.137,    244.452,
   59,      145.8,    181.042,     244.418,    244.950,
   60,      148.3,    181.005,     246.126,    245.423,
   61,      150.8,    181.001,     246.131,    245.873,
   62,      153.3,    181.061,     246.878,    246.301,
   63,      155.8,    181.039,     248.013,    246.707,
   64,      158.3,    181.020,     248.591,    247.092,
   65,      160.8,    181.016,     247.768,    247.456,
   66,      163.3,    180.945,     248.694,    247.801,
   67,      165.8,    180.934,     248.985,    248.127,
   68,      168.3,    180.931,     249.820,    248.436,
   69,      170.8,    181.057,     249.369,    248.727,
   70,      175.8,    180.074,     248.270,    248.563,
----,
DateTime:        , 2025/11/20, 17:22:26, 1763673745931,
RFID_EPC:        ,--Not Acquired--,
RFID_UserData:   ,--Not Acquired--,
Barcode:         ,--Not Acquired--,
PIF:,            0.00,
PARs:,            0.0,     0.0,     0.0,     0.0,     0.0,     0.0,
Light:,           0.0,     0.0,     0.0,     0.0,     0.0,     0.0,
Cycles:,            1,
                    1,      69,      70,      70,
Lamps:,        #10000,
Gain:,              2,     100, 
SNR_raw:,      94.50,
Position:,        0.0,              0.0,   NoData,
DataPt,      Time(us),   EX,         EM,       Fit,
==========,==========,==========,==========,=========,
    0,        0.0,      0.000,       0.000,    117.284,
    1,        0.8,    162.704,     118.006,    121.933,
    2,        3.3,    180.587,     127.992,    126.997,
    3,        5.8,    180.676,     136.985,    131.910,
    4,        8.3,    180.684,     140.024,    136.664,
    5,       10.8,    180.740,     142.470,    141.262,
    6,       13.3,    180.777,     145.483,    145.707,
    7,       15.8,    180.788,     151.006,    150.002,
    8,       18.3,    180.825,     153.740,    154.152,
    9,       20.8,    180.844,     157.871,    158.159,
   10,       23.3,    180.795,     160.679,    162.027,
   11,       25.8,    180.784,     164.837,    165.758,
   12,       28.3,    180.829,     168.391,    169.359,
   13,       30.8,    180.825,     172.266,    172.832,
   14,       33.3,    180.881,     176.359,    176.181,
   15,       35.8,    180.855,     177.767,    179.408,
   16,       38.3,    180.918,     183.508,    182.519,
   17,       40.8,    180.866,     184.390,    185.515,
   18,       43.3,    180.941,     188.736,    188.401,
   19,       45.8,    180.918,     191.799,    191.178,
   20,       48.3,    180.997,     192.821,    193.852,
   21,       50.8,    180.926,     195.660,    196.424,
   22,       53.3,    180.956,     198.391,    198.898,
   23,       55.8,    180.892,     203.436,    201.276,
   24,       58.3,    180.859,     203.750,    203.561,
   25,       60.8,    180.903,     207.293,    205.758,
   26,       63.3,    180.915,     209.215,    207.868,
   27,       65.8,    180.989,     211.339,    209.896,
   28,       68.3,    180.967,     212.470,    211.843,
   29,       70.8,    180.989,     214.930,    213.711,
   30,       73.3,    181.000,     215.469,    215.504,
   31,       75.8,    181.064,     217.327,    217.225,
   32,       78.3,    180.933,     217.760,    218.874,
   33,       80.8,    180.978,     220.193,    220.454,
   34,       83.3,    180.907,     221.661,    221.968,
   35,       85.8,    180.922,     224.406,    223.419,
   36,       88.3,    180.956,     225.746,    224.808,
   37,       90.8,    180.967,     226.561,    226.139,
   38,       93.3,    180.948,     227.413,    227.412,
   39,       95.8,    180.956,     228.509,    228.630,
   40,       98.3,    181.015,     229.815,    229.795,
   41,      100.8,    180.989,     230.124,    230.908,
   42,      103.3,    181.019,     232.849,    231.973,
   43,      105.8,    181.008,     232.310,    232.989,
   44,      108.3,    180.978,     234.006,    233.960,
   45,      110.8,    180.971,     235.397,    234.886,
   46,      113.3,    180.937,     235.165,    235.769,
   47,      115.8,    180.974,     235.116,    236.611,
   48,      118.3,    180.963,     237.894,    237.413,
   49,      120.8,    181.045,     238.891,    238.178,
   50,      123.3,    181.060,     239.700,    238.907,
   51,      125.8,    181.041,     240.829,    239.599,
   52,      128.3,    181.011,     240.316,    240.258,
   53,      130.8,    181.026,     240.849,    240.884,
   54,      133.3,    181.067,     241.347,    241.479,
   55,      135.8,    180.978,     240.913,    242.043,
   56,      138.3,    180.930,     242.360,    242.577,
   57,      140.8,    180.941,     242.897,    243.084,
   58,      143.3,    180.926,     243.194,    243.563,
   59,      145.8,    180.985,     243.666,    244.017,
   60,      148.3,    180.937,     244.560,    244.446,
   61,      150.8,    181.034,     244.429,    244.851,
   62,      153.3,    181.011,     245.288,    245.233,
   63,      155.8,    181.026,     246.925,    245.593,
   64,      158.3,    181.052,     247.442,    245.932,
   65,      160.8,    181.023,     248.311,    246.251,
   66,      163.3,    181.049,     248.000,    246.550,
   67,      165.8,    181.015,     246.664,    246.830,
   68,      168.3,    180.982,     248.091,    247.091,
   69,      170.8,    181.023,     249.692,    247.336,
   70,      175.8,    179.924,     246.725,    246.983,
----,
DateTime:        , 2025/11/20, 17:22:34, 1763673754652,
RFID_EPC:        ,--Not Acquired--,
RFID_UserData:   ,--Not Acquired--,
Barcode:         ,--Not Acquired--,
PIF:,            0.00,
PARs:,            0.0,     0.0,     0.0,     0.0,     0.0,     0.0,
Light:,           0.0,     0.0,     0.0,     0.0,     0.0,     0.0,
Cycles:,            1,
                    1,      69,      70,      70,
Lamps:,        #10000,
Gain:,              2,     100, 
SNR_raw:,     127.09,
Position:,        0.0,              0.0,   NoData,
DataPt,      Time(us),   EX,         EM,       Fit,
==========,==========,==========,==========,=========,
    0,        0.0,      0.000,       0.000,    120.114,
    1,        0.8,    162.600,     119.004,    123.779,
    2,        3.3,    180.662,     128.465,    128.067,
    3,        5.8,    180.684,     136.979,    132.465,
    4,        8.3,    180.647,     140.606,    136.869,
    5,       10.8,    180.815,     144.623,    141.223,
    6,       13.3,    180.800,     147.124,    145.485,
    7,       15.8,    180.755,     151.033,    149.634,
    8,       18.3,    180.785,     153.774,    153.662,
    9,       20.8,    180.774,     157.103,    157.560,
   10,       23.3,    180.777,     161.248,    161.330,
   11,       25.8,    180.826,     164.523,    164.971,
   12,       28.3,    180.815,     169.234,    168.485,
   13,       30.8,    180.908,     171.634,    171.877,
   14,       33.3,    180.915,     174.944,    175.149,
   15,       35.8,    180.923,     179.911,    178.304,
   16,       38.3,    180.923,     181.846,    181.345,
   17,       40.8,    180.878,     185.484,    184.277,
   18,       43.3,    180.938,     188.463,    187.104,
   19,       45.8,    180.915,     192.355,    189.828,
   20,       48.3,    180.926,     194.831,    192.453,
   21,       50.8,    180.893,     197.078,    194.982,
   22,       53.3,    180.893,     199.842,    197.420,
   23,       55.8,    180.964,     202.251,    199.769,
   24,       58.3,    180.960,     204.465,    202.032,
   25,       60.8,    180.964,     206.671,    204.212,
   26,       63.3,    180.956,     209.167,    206.312,
   27,       65.8,    180.978,     209.970,    208.335,
   28,       68.3,    180.919,     210.868,    210.283,
   29,       70.8,    180.971,     214.952,    212.159,
   30,       73.3,    180.897,     216.146,    213.965,
   31,       75.8,    180.964,     218.000,    215.704,
   32,       78.3,    180.908,     218.896,    217.378,
   33,       80.8,    181.019,     222.628,    218.990,
   34,       83.3,    181.005,     221.541,    220.542,
   35,       85.8,    181.005,     222.094,    222.036,
   36,       88.3,    181.027,     225.105,    223.473,
   37,       90.8,    181.038,     225.643,    224.856,
   38,       93.3,    181.049,     227.562,    226.187,
   39,       95.8,    181.012,     228.990,    227.467,
   40,       98.3,    180.978,     229.033,    228.698,
   41,      100.8,    180.934,     231.576,    229.882,
   42,      103.3,    180.949,     232.939,    231.020,
   43,      105.8,    180.885,     232.191,    232.114,
   44,      108.3,    180.904,     234.378,    233.165,
   45,      110.8,    180.964,     234.025,    234.175,
   46,      113.3,    180.997,     234.534,    235.146,
   47,      115.8,    181.023,     236.434,    236.080,
   48,      118.3,    180.997,     237.297,    236.976,
   49,      120.8,    180.971,     237.883,    237.837,
   50,      123.3,    181.027,     238.086,    238.663,
   51,      125.8,    181.057,     238.875,    239.457,
   52,      128.3,    181.008,     239.492,    240.219,
   53,      130.8,    180.949,     239.847,    240.950,
   54,      133.3,    180.952,     241.500,    241.651,
   55,      135.8,    180.949,     241.505,    242.323,
   56,      138.3,    180.956,     242.048,    242.968,
   57,      140.8,    180.975,     243.128,    243.585,
   58,      143.3,    181.060,     243.013,    244.177,
   59,      145.8,    180.993,     245.037,    244.744,
   60,      148.3,    181.049,     246.066,    245.288,
   61,      150.8,    181.019,     245.001,    245.808,
   62,      153.3,    180.993,     246.694,    246.306,
   63,      155.8,    180.986,     246.981,    246.782,
   64,      158.3,    180.978,     248.096,    247.237,
   65,      160.8,    180.934,     248.710,    247.672,
   66,      163.3,    180.997,     249.175,    248.088,
   67,      165.8,    181.023,     248.863,    248.485,
   68,      168.3,    181.042,     249.666,    248.864,
   69,      170.8,    181.008,     250.817,    249.225,
   70,      175.8,    179.958,     250.012,    249.831,
----,
DateTime:        , 2025/11/20, 17:22:43, 1763673763369,
RFID_EPC:        ,--Not Acquired--,
RFID_UserData:   ,--Not Acquired--,
Barcode:         ,--Not Acquired--,
PIF:,            0.00,
PARs:,            0.0,     0.0,     0.0,     0.0,     0.0,     0.0,
Light:,           0.0,     0.0,     0.0,     0.0,     0.0,     0.0,
Cycles:,            1,
                    1,      69,      70,      70,
Lamps:,        #10000,
Gain:,              2,     100, 
SNR_raw:,     122.60,
Position:,        0.0,              0.0,   NoData,
DataPt,      Time(us),   EX,         EM,       Fit,
==========,==========,==========,==========,=========,
    0,        0.0,      0.000,       0.000,    118.180,
    1,        0.8,    162.602,     117.157,    122.602,
    2,        3.3,    180.569,     127.299,    127.419,
    3,        5.8,    180.685,     136.425,    132.136,
    4,        8.3,    180.767,     140.513,    136.743,
    5,       10.8,    180.800,     143.252,    141.233,
    6,       13.3,    180.852,     147.358,    145.602,
    7,       15.8,    180.748,     149.379,    149.843,
    8,       18.3,    180.744,     155.192,    153.958,
    9,       20.8,    180.733,     157.138,    157.945,
   10,       23.3,    180.834,     162.027,    161.807,
   11,       25.8,    180.852,     164.222,    165.542,
   12,       28.3,    180.718,     168.218,    169.150,
   13,       30.8,    180.912,     172.736,    172.637,
   14,       33.3,    180.919,     175.492,    176.003,
   15,       35.8,    180.919,     180.467,    179.250,
   16,       38.3,    180.946,     182.652,    182.381,
   17,       40.8,    180.953,     187.065,    185.398,
   18,       43.3,    180.957,     188.443,    188.305,
   19,       45.8,    180.860,     193.520,    191.102,
   20,       48.3,    180.878,     195.159,    193.795,
   21,       50.8,    180.927,     198.423,    196.387,
   22,       53.3,    180.890,     200.122,    198.880,
   23,       55.8,    180.852,     203.204,    201.277,
   24,       58.3,    180.875,     205.391,    203.582,
   25,       60.8,    180.908,     206.735,    205.798,
   26,       63.3,    180.994,     209.676,    207.929,
   27,       65.8,    180.998,     210.500,    209.976,
   28,       68.3,    180.968,     213.574,    211.942,
   29,       70.8,    180.975,     215.499,    213.830,
   30,       73.3,    180.927,     217.215,    215.643,
   31,       75.8,    180.927,     220.255,    217.383,
   32,       78.3,    180.964,     219.657,    219.054,
   33,       80.8,    180.953,     222.710,    220.657,
   34,       83.3,    180.908,     223.041,    222.195,
   35,       85.8,    180.975,     223.511,    223.671,
   36,       88.3,    180.994,     225.974,    225.087,
   37,       90.8,    181.013,     226.227,    226.444,
   38,       93.3,    180.975,     227.103,    227.746,
   39,       95.8,    181.035,     229.514,    228.993,
   40,       98.3,    181.020,     230.361,    230.189,
   41,      100.8,    180.908,     232.162,    231.334,
   42,      103.3,    180.960,     232.924,    232.432,
   43,      105.8,    180.983,     233.448,    233.483,
   44,      108.3,    180.878,     234.135,    234.489,
   45,      110.8,    181.054,     235.566,    235.452,
   46,      113.3,    180.998,     235.362,    236.374,
   47,      115.8,    181.001,     237.015,    237.256,
   48,      118.3,    181.072,     236.370,    238.100,
   49,      120.8,    181.054,     237.775,    238.908,
   50,      123.3,    181.098,     239.097,    239.679,
   51,      125.8,    180.983,     238.973,    240.417,
   52,      128.3,    180.968,     240.374,    241.121,
   53,      130.8,    180.927,     241.534,    241.794,
   54,      133.3,    180.990,     242.002,    242.436,
   55,      135.8,    180.979,     242.017,    243.049,
   56,      138.3,    180.942,     244.277,    243.634,
   57,      140.8,    180.994,     244.207,    244.192,
   58,      143.3,    181.061,     243.840,    244.724,
   59,      145.8,    181.046,     244.413,    245.230,
   60,      148.3,    180.979,     244.780,    245.713,
   61,      150.8,    181.076,     246.582,    246.172,
   62,      153.3,    181.001,     246.959,    246.609,
   63,      155.8,    180.998,     245.583,    247.025,
   64,      158.3,    180.987,     246.980,    247.419,
   65,      160.8,    181.024,     247.758,    247.794,
   66,      163.3,    180.942,     248.146,    248.150,
   67,      165.8,    180.983,     248.642,    248.488,
   68,      168.3,    180.979,     250.858,    248.807,
   69,      170.8,    181.020,     250.249,    249.110,
   70,      175.8,    179.988,     250.069,    249.675,
----,
DateTime:        , 2025/11/20, 17:22:52, 1763673772071,
RFID_EPC:        ,--Not Acquired--,
RFID_UserData:   ,--Not Acquired--,
Barcode:         ,--Not Acquired--,
PIF:,            0.00,
PARs:,            0.0,     0.0,     0.0,     0.0,     0.0,     0.0,
Light:,           0.0,     0.0,     0.0,     0.0,     0.0,     0.0,
Cycles:,            1,
                    1,      69,      70,      70,
Lamps:,        #10000,
Gain:,              2,     100, 
SNR_raw:,     146.46,
Position:,        0.0,              0.0,   NoData,
DataPt,      Time(us),   EX,         EM,       Fit,
==========,==========,==========,==========,=========,
    0,        0.0,      0.000,       0.000,    117.673,
    1,        0.8,    162.692,     117.707,    122.480,
    2,        3.3,    180.619,     128.132,    127.688,
    3,        5.8,    180.704,     137.517,    132.725,
    4,        8.3,    180.712,     140.555,    137.581,
    5,       10.8,    180.797,     143.254,    142.260,
    6,       13.3,    180.805,     147.673,    146.767,
    7,       15.8,    180.764,     150.472,    151.105,
    8,       18.3,    180.831,     152.905,    155.285,
    9,       20.8,    180.775,     158.484,    159.307,
   10,       23.3,    180.775,     161.803,    163.180,
   11,       25.8,    180.753,     166.249,    166.909,
   12,       28.3,    180.887,     169.996,    170.500,
   13,       30.8,    180.887,     172.760,    173.958,
   14,       33.3,    180.906,     176.059,    177.286,
   15,       35.8,    180.932,     179.902,    180.490,
   16,       38.3,    180.946,     183.756,    183.573,
   17,       40.8,    180.924,     186.266,    186.540,
   18,       43.3,    180.946,     189.006,    189.396,
   19,       45.8,    180.913,     192.081,    192.143,
   20,       48.3,    180.861,     195.178,    194.785,
   21,       50.8,    180.920,     197.324,    197.327,
   22,       53.3,    180.853,     201.545,    199.772,
   23,       55.8,    180.835,     205.160,    202.123,
   24,       58.3,    180.924,     206.164,    204.386,
   25,       60.8,    180.995,     207.188,    206.562,
   26,       63.3,    180.946,     210.283,    208.655,
   27,       65.8,    180.939,     210.292,    210.667,
   28,       68.3,    181.025,     213.231,    212.602,
   29,       70.8,    180.976,     214.116,    214.461,
   30,       73.3,    180.920,     216.117,    216.248,
   31,       75.8,    180.946,     217.744,    217.965,
   32,       78.3,    180.917,     219.714,    219.614,
   33,       80.8,    180.984,     221.291,    221.200,
   34,       83.3,    180.928,     224.122,    222.723,
   35,       85.8,    180.987,     224.877,    224.185,
   36,       88.3,    180.973,     225.725,    225.590,
   37,       90.8,    180.991,     227.635,    226.939,
   38,       93.3,    180.995,     228.459,    228.234,
   39,       95.8,    181.021,     230.636,    229.478,
   40,       98.3,    180.999,     230.665,    230.671,
   41,      100.8,    180.939,     231.846,    231.815,
   42,      103.3,    180.902,     232.723,    232.912,
   43,      105.8,    180.906,     234.100,    233.964,
   44,      108.3,    181.006,     234.522,    234.974,
   45,      110.8,    180.898,     234.939,    235.941,
   46,      113.3,    181.043,     236.131,    236.870,
   47,      115.8,    180.995,     237.023,    237.759,
   48,      118.3,    181.021,     237.818,    238.611,
   49,      120.8,    181.058,     240.254,    239.427,
   50,      123.3,    181.081,     239.672,    240.208,
   51,      125.8,    181.036,     239.455,    240.956,
   52,      128.3,    180.976,     240.916,    241.671,
   53,      130.8,    180.946,     242.337,    242.355,
   54,      133.3,    180.913,     242.935,    243.009,
   55,      135.8,    180.924,     244.301,    243.634,
   56,      138.3,    180.943,     243.447,    244.231,
   57,      140.8,    181.010,     244.738,    244.801,
   58,      143.3,    181.014,     245.009,    245.346,
   59,      145.8,    180.954,     245.919,    245.866,
   60,      148.3,    181.036,     245.808,    246.362,
   61,      150.8,    181.058,     246.606,    246.835,
   62,      153.3,    181.021,     246.933,    247.286,
   63,      155.8,    181.010,     249.158,    247.715,
   64,      158.3,    181.014,     247.772,    248.124,
   65,      160.8,    181.002,     248.616,    248.512,
   66,      163.3,    180.987,     249.189,    248.881,
   67,      165.8,    181.006,     250.820,    249.232,
   68,      168.3,    181.006,     249.992,    249.565,
   69,      170.8,    180.984,     250.575,    249.881,
   70,      175.8,    180.008,     249.920,    249.701,
----,
DateTime:        , 2025/11/20, 17:23:00, 1763673780805,
RFID_EPC:        ,--Not Acquired--,
RFID_UserData:   ,--Not Acquired--,
Barcode:         ,--Not Acquired--,
PIF:,            0.00,
PARs:,            0.0,     0.0,     0.0,     0.0,     0.0,     0.0,
Light:,           0.0,     0.0,     0.0,     0.0,     0.0,     0.0,
Cycles:,            1,
                    1,      69,      70,      70,
Lamps:,        #10000,
Gain:,              2,     100, 
SNR_raw:,     132.94,
Position:,        0.0,              0.0,   NoData,
DataPt,      Time(us),   EX,         EM,       Fit,
==========,==========,==========,==========,=========,
    0,        0.0,      0.000,       0.000,    117.732,
    1,        0.8,    162.657,     119.577,    122.573,
    2,        3.3,    180.542,     128.605,    127.814,
    3,        5.8,    180.642,     136.734,    132.873,
    4,        8.3,    180.728,     139.989,    137.746,
    5,       10.8,    180.751,     143.845,    142.437,
    6,       13.3,    180.810,     147.116,    146.955,
    7,       15.8,    180.821,     150.425,    151.302,
    8,       18.3,    180.792,     154.321,    155.486,
    9,       20.8,    180.814,     158.450,    159.513,
   10,       23.3,    180.810,     162.048,    163.387,
   11,       25.8,    180.814,     165.916,    167.116,
   12,       28.3,    180.825,     168.395,    170.704,
   13,       30.8,    180.836,     173.914,    174.156,
   14,       33.3,    180.862,     175.548,    177.478,
   15,       35.8,    180.929,     179.628,    180.674,
   16,       38.3,    180.959,     183.467,    183.750,
   17,       40.8,    180.907,     187.389,    186.707,
   18,       43.3,    180.900,     189.608,    189.551,
   19,       45.8,    180.948,     192.320,    192.286,
   20,       48.3,    181.026,     195.828,    194.918,
   21,       50.8,    180.870,     198.209,    197.446,
   22,       53.3,    180.903,     201.213,    199.878,
   23,       55.8,    180.959,     203.913,    202.215,
   24,       58.3,    180.888,     206.757,    204.462,
   25,       60.8,    180.926,     207.268,    206.621,
   26,       63.3,    180.944,     211.115,    208.697,
   27,       65.8,    180.963,     212.198,    210.692,
   28,       68.3,    180.959,     213.860,    212.608,
   29,       70.8,    180.948,     214.150,    214.449,
   30,       73.3,    180.970,     217.715,    216.218,
   31,       75.8,    180.967,     217.720,    217.917,
   32,       78.3,    180.974,     220.197,    219.549,
   33,       80.8,    180.948,     222.440,    221.115,
   34,       83.3,    180.989,     222.942,    222.619,
   35,       85.8,    180.978,     224.061,    224.063,
   36,       88.3,    180.996,     225.971,    225.448,
   37,       90.8,    180.944,     227.694,    226.778,
   38,       93.3,    181.030,     227.863,    228.054,
   39,       95.8,    181.026,     228.972,    229.278,
   40,       98.3,    181.052,     230.320,    230.452,
   41,      100.8,    181.008,     230.653,    231.577,
   42,      103.3,    180.970,     232.082,    232.656,
   43,      105.8,    180.933,     233.235,    233.689,
   44,      108.3,    180.959,     234.583,    234.680,
   45,      110.8,    180.922,     234.632,    235.628,
   46,      113.3,    180.941,     236.542,    236.537,
   47,      115.8,    180.967,     234.850,    237.407,
   48,      118.3,    181.008,     236.454,    238.241,
   49,      120.8,    181.060,     238.871,    239.039,
   50,      123.3,    181.075,     237.747,    239.802,
   51,      125.8,    181.030,     240.016,    240.532,
   52,      128.3,    181.049,     239.991,    241.230,
   53,      130.8,    181.034,     240.839,    241.897,
   54,      133.3,    180.926,     240.983,    242.533,
   55,      135.8,    180.929,     244.018,    243.141,
   56,      138.3,    180.892,     242.963,    243.721,
   57,      140.8,    180.944,     243.169,    244.275,
   58,      143.3,    180.922,     244.857,    244.803,
   59,      145.8,    180.970,     245.344,    245.307,
   60,      148.3,    181.019,     246.107,    245.787,
   61,      150.8,    181.011,     246.946,    246.245,
   62,      153.3,    181.034,     246.915,    246.680,
   63,      155.8,    181.022,     248.036,    247.094,
   64,      158.3,    181.056,     249.370,    247.488,
   65,      160.8,    181.030,     248.854,    247.862,
   66,      163.3,    180.985,     248.915,    248.217,
   67,      165.8,    180.978,     250.307,    248.554,
   68,      168.3,    181.004,     249.995,    248.873,
   69,      170.8,    180.970,     250.317,    249.175,
   70,      175.8,    179.946,     248.696,    248.907,
----,
DateTime:        , 2025/11/20, 17:23:09, 1763673789546,
RFID_EPC:        ,--Not Acquired--,
RFID_UserData:   ,--Not Acquired--,
Barcode:         ,--Not Acquired--,
PIF:,            0.00,
PARs:,            0.0,     0.0,     0.0,     0.0,     0.0,     0.0,
Light:,           0.0,     0.0,     0.0,     0.0,     0.0,     0.0,
Cycles:,            1,
                    1,      69,      70,      70,
Lamps:,        #10000,
Gain:,              2,     100, 
SNR_raw:,     155.02,
Position:,        0.0,              0.0,   NoData,
DataPt,      Time(us),   EX,         EM,       Fit,
==========,==========,==========,==========,=========,
    0,        0.0,      0.000,       0.000,    120.674,
    1,        0.8,    162.668,     119.569,    124.955,
    2,        3.3,    180.549,     128.758,    129.636,
    3,        5.8,    180.612,     137.034,    134.234,
    4,        8.3,    180.675,     141.967,    138.734,
    5,       10.8,    180.791,     144.366,    143.127,
    6,       13.3,    180.754,     147.715,    147.404,
    7,       15.8,    180.884,     152.308,    151.562,
    8,       18.3,    180.906,     153.394,    155.596,
    9,       20.8,    180.836,     158.155,    159.503,
   10,       23.3,    180.809,     161.496,    163.284,
   11,       25.8,    180.809,     165.644,    166.940,
   12,       28.3,    180.817,     168.955,    170.473,
   13,       30.8,    180.795,     173.954,    173.883,
   14,       33.3,    180.910,     177.160,    177.177,
   15,       35.8,    180.828,     181.111,    180.353,
   16,       38.3,    180.888,     184.092,    183.416,
   17,       40.8,    180.932,     186.534,    186.370,
   18,       43.3,    180.970,     189.535,    189.216,
   19,       45.8,    180.981,     193.114,    191.958,
   20,       48.3,    180.918,     195.946,    194.598,
   21,       50.8,    180.936,     198.413,    197.141,
   22,       53.3,    180.947,     199.782,    199.589,
   23,       55.8,    180.955,     203.642,    201.945,
   24,       58.3,    180.951,     206.133,    204.212,
   25,       60.8,    180.880,     207.319,    206.393,
   26,       63.3,    180.873,     209.540,    208.491,
   27,       65.8,    180.914,     209.768,    210.509,
   28,       68.3,    180.962,     213.304,    212.451,
   29,       70.8,    181.014,     214.348,    214.318,
   30,       73.3,    180.947,     216.638,    216.113,
   31,       75.8,    181.003,     218.504,    217.839,
   32,       78.3,    180.973,     219.093,    219.498,
   33,       80.8,    181.011,     219.877,    221.092,
   34,       83.3,    180.884,     222.242,    222.623,
   35,       85.8,    180.929,     224.121,    224.094,
   36,       88.3,    180.988,     225.705,    225.507,
   37,       90.8,    180.992,     226.529,    226.864,
   38,       93.3,    181.063,     227.822,    228.168,
   39,       95.8,    180.966,     229.049,    229.419,
   40,       98.3,    181.026,     230.078,    230.620,
   41,      100.8,    181.022,     230.359,    231.773,
   42,      103.3,    180.985,     232.893,    232.878,
   43,      105.8,    180.966,     234.022,    233.939,
   44,      108.3,    181.007,     235.626,    234.956,
   45,      110.8,    180.936,     234.889,    235.931,
   46,      113.3,    180.966,     236.509,    236.865,
   47,      115.8,    180.944,     237.367,    237.761,
   48,      118.3,    180.988,     237.861,    238.619,
   49,      120.8,    180.996,     238.680,    239.440,
   50,      123.3,    180.977,     238.704,    240.227,
   51,      125.8,    181.089,     239.937,    240.981,
   52,      128.3,    180.970,     240.648,    241.701,
   53,      130.8,    181.052,     242.196,    242.391,
   54,      133.3,    180.973,     242.025,    243.050,
   55,      135.8,    180.988,     242.557,    243.680,
   56,      138.3,    180.925,     242.918,    244.282,
   57,      140.8,    180.962,     243.421,    244.857,
   58,      143.3,    180.936,     243.732,    245.405,
   59,      145.8,    180.970,     244.792,    245.929,
   60,      148.3,    180.973,     246.169,    246.428,
   61,      150.8,    181.074,     247.137,    246.904,
   62,      153.3,    180.970,     247.003,    247.358,
   63,      155.8,    181.070,     246.866,    247.790,
   64,      158.3,    181.119,     247.352,    248.201,
   65,      160.8,    181.007,     248.609,    248.592,
   66,      163.3,    180.973,     247.550,    248.963,
   67,      165.8,    180.981,     250.579,    249.316,
   68,      168.3,    180.981,     250.303,    249.651,
   69,      170.8,    180.906,     250.959,    249.968,
   70,      175.8,    179.949,     251.620,    250.400,
----,
DateTime:        , 2025/11/20, 17:23:18, 1763673798292,
RFID_EPC:        ,--Not Acquired--,
RFID_UserData:   ,--Not Acquired--,
Barcode:         ,--Not Acquired--,
PIF:,            0.00,
PARs:,            0.0,     0.0,     0.0,     0.0,     0.0,     0.0,
Light:,           0.0,     0.0,     0.0,     0.0,     0.0,     0.0,
Cycles:,            1,
                    1,      69,      70,      70,
Lamps:,        #10000,
Gain:,              2,     100, 
SNR_raw:,     141.94,
Position:,        0.0,              0.0,   NoData,
DataPt,      Time(us),   EX,         EM,       Fit,
==========,==========,==========,==========,=========,
    0,        0.0,      0.000,       0.000,    116.941,
    1,        0.8,    162.699,     118.317,    121.829,
    2,        3.3,    180.655,     128.284,    127.123,
    3,        5.8,    180.681,     137.259,    132.231,
    4,        8.3,    180.688,     140.297,    137.149,
    5,       10.8,    180.692,     142.784,    141.883,
    6,       13.3,    180.744,     146.616,    146.441,
    7,       15.8,    180.785,     150.731,    150.828,
    8,       18.3,    180.673,     154.146,    155.048,
    9,       20.8,    180.860,     157.304,    159.113,
   10,       23.3,    180.819,     160.935,    163.024,
   11,       25.8,    180.886,     165.298,    166.789,
   12,       28.3,    180.919,     169.689,    170.412,
   13,       30.8,    180.904,     173.296,    173.896,
   14,       33.3,    180.822,     178.075,    177.247,
   15,       35.8,    180.886,     179.395,    180.472,
   16,       38.3,    180.901,     182.973,    183.574,
   17,       40.8,    180.848,     186.067,    186.556,
   18,       43.3,    180.863,     189.922,    189.424,
   19,       45.8,    180.882,     192.391,    192.183,
   20,       48.3,    180.871,     196.273,    194.835,
   21,       50.8,    180.956,     198.390,    197.386,
   22,       53.3,    180.923,     200.638,    199.838,
   23,       55.8,    180.990,     203.326,    202.196,
   24,       58.3,    180.938,     205.043,    204.462,
   25,       60.8,    180.919,     207.551,    206.639,
   26,       63.3,    180.956,     209.719,    208.732,
   27,       65.8,    180.908,     210.604,    210.742,
   28,       68.3,    180.915,     213.636,    212.673,
   29,       70.8,    180.934,     215.272,    214.529,
   30,       73.3,    180.871,     216.453,    216.310,
   31,       75.8,    181.009,     219.603,    218.022,
   32,       78.3,    181.031,     220.128,    219.666,
   33,       80.8,    180.986,     222.116,    221.244,
   34,       83.3,    181.046,     223.976,    222.759,
   35,       85.8,    181.038,     225.090,    224.213,
   36,       88.3,    180.927,     227.440,    225.607,
   37,       90.8,    180.942,     227.974,    226.945,
   38,       93.3,    181.012,     228.990,    228.229,
   39,       95.8,    180.934,     229.918,    229.460,
   40,       98.3,    180.982,     230.409,    230.640,
   41,      100.8,    180.919,     232.977,    231.771,
   42,      103.3,    181.023,     232.567,    232.856,
   43,      105.8,    180.982,     234.001,    233.895,
   44,      108.3,    181.038,     233.652,    234.891,
   45,      110.8,    181.016,     236.167,    235.845,
   46,      113.3,    180.968,     235.401,    236.757,
   47,      115.8,    181.083,     237.460,    237.632,
   48,      118.3,    181.001,     238.673,    238.468,
   49,      120.8,    180.942,     238.199,    239.268,
   50,      123.3,    180.964,     239.827,    240.033,
   51,      125.8,    180.997,     238.954,    240.764,
   52,      128.3,    180.979,     242.017,    241.463,
   53,      130.8,    180.994,     241.445,    242.131,
   54,      133.3,    181.012,     241.144,    242.769,
   55,      135.8,    181.042,     242.209,    243.378,
   56,      138.3,    181.016,     243.625,    243.958,
   57,      140.8,    181.020,     243.896,    244.513,
   58,      143.3,    181.001,     244.750,    245.041,
   59,      145.8,    181.072,     245.483,    245.544,
   60,      148.3,    180.968,     245.900,    246.023,
   61,      150.8,    180.942,     247.594,    246.479,
   62,      153.3,    180.953,     246.750,    246.912,
   63,      155.8,    181.027,     246.924,    247.324,
   64,      158.3,    180.945,     247.865,    247.715,
   65,      160.8,    180.975,     247.272,    248.087,
   66,      163.3,    181.027,     249.686,    248.440,
   67,      165.8,    181.005,     251.098,    248.774,
   68,      168.3,    181.053,     250.203,    249.090,
   69,      170.8,    181.023,     250.520,    249.389,
   70,      175.8,    179.917,     249.498,    249.183,
