----,
DateTime:        , 2025/11/20, 12:43:13, 1763656993493,
RFID_EPC:        ,--Not Acquired--,
RFID_UserData:   ,--Not Acquired--,
Barcode:         ,--Not Acquired--,
PIF:,            0.00,
PARs:,            0.0,     0.0,     0.0,     0.0,     0.0,     0.0,
Light:,           0.0,     0.0,     0.0,     0.0,     0.0,     0.0,
Cycles:,            1,
                    1,      69,      70,      70,
Lamps:,        #10000,
Gain:,              2,     100, 
SNR_raw:,     183.44,
Position:,        0.0,              0.0,   NoData,
DataPt,      Time(us),   EX,         EM,       Fit,
==========,==========,==========,==========,=========,
    0,        0.0,      0.000,       0.000,     77.358,
    1,        0.8,    162.256,      76.114,     81.555,
    2,        3.3,    180.645,      86.753,     86.428,
    3,        5.8,    180.671,      96.308,     91.490,
    4,        8.3,    180.645,      99.920,     96.702,
    5,       10.8,    180.738,     102.635,    102.035,
    6,       13.3,    180.716,     108.734,    107.456,
    7,       15.8,    180.779,     113.951,    112.942,
    8,       18.3,    180.731,     117.855,    118.466,
    9,       20.8,    180.835,     121.934,    124.013,
   10,       23.3,    180.839,     127.738,    129.560,
   11,       25.8,    180.862,     133.528,    135.092,
   12,       28.3,    180.877,     138.492,    140.594,
   13,       30.8,    180.839,     143.774,    146.051,
   14,       33.3,    180.854,     149.845,    151.452,
   15,       35.8,    180.884,     154.795,    156.787,
   16,       38.3,    180.835,     160.920,    162.046,
   17,       40.8,    180.888,     167.231,    167.222,
   18,       43.3,    180.884,     171.933,    172.306,
   19,       45.8,    180.951,     178.225,    177.293,
   20,       48.3,    181.030,     182.567,    182.178,
   21,       50.8,    180.929,     185.708,    186.953,
   22,       53.3,    180.989,     192.277,    191.616,
   23,       55.8,    181.003,     196.129,    196.164,
   24,       58.3,    180.944,     202.825,    200.591,
   25,       60.8,    180.929,     204.777,    204.897,
   26,       63.3,    180.933,     210.023,    209.081,
   27,       65.8,    180.884,     214.779,    213.139,
   28,       68.3,    180.806,     217.914,    217.072,
   29,       70.8,    180.933,     221.906,    220.880,
   30,       73.3,    181.048,     224.802,    224.565,
   31,       75.8,    181.037,     228.130,    228.124,
   32,       78.3,    181.022,     232.016,    231.559,
   33,       80.8,    181.056,     236.115,    234.870,
   34,       83.3,    180.959,     239.281,    238.059,
   35,       85.8,    181.015,     242.246,    241.128,
   36,       88.3,    180.996,     244.757,    244.079,
   37,       90.8,    180.981,     247.263,    246.912,
   38,       93.3,    180.921,     250.385,    249.631,
   39,       95.8,    180.877,     252.382,    252.236,
   40,       98.3,    180.955,     255.589,    254.733,
   41,      100.8,    181.037,     257.130,    257.122,
   42,      103.3,    181.059,     259.031,    259.407,
   43,      105.8,    180.977,     260.806,    261.589,
   44,      108.3,    180.992,     263.547,    263.673,
   45,      110.8,    180.981,     264.392,    265.660,
   46,      113.3,    181.022,     267.923,    267.554,
   47,      115.8,    181.041,     268.448,    269.357,
   48,      118.3,    181.000,     269.614,    271.072,
   49,      120.8,    180.989,     272.945,    272.703,
   50,      123.3,    181.018,     273.177,    274.251,
   51,      125.8,    180.891,     275.580,    275.721,
   52,      128.3,    181.048,     275.065,    277.114,
   53,      130.8,    181.048,     278.655,    278.434,
   54,      133.3,    180.996,     278.459,    279.683,
   55,      135.8,    181.003,     279.829,    280.864,
   56,      138.3,    181.056,     280.300,    281.980,
   57,      140.8,    180.970,     280.433,    283.033,
   58,      143.3,    181.033,     283.649,    284.026,
   59,      145.8,    181.015,     285.336,    284.961,
   60,      148.3,    180.981,     285.942,    285.840,
   61,      150.8,    180.944,     286.830,    286.668,
   62,      153.3,    181.000,     288.122,    287.444,
   63,      155.8,    181.018,     289.750,    288.171,
   64,      158.3,    181.022,     288.915,    288.852,
   65,      160.8,    181.015,     290.860,    289.488,
   66,      163.3,    180.981,     290.638,    290.083,
   67,      165.8,    181.108,     291.815,    290.636,
   68,      168.3,    181.063,     291.887,    291.151,
   69,      170.8,    180.985,     291.461,    291.630,
   70,      175.8,    179.932,     293.636,    293.602,
----,
DateTime:        , 2025/11/20, 12:43:18, 1763656998241,
RFID_EPC:        ,--Not Acquired--,
RFID_UserData:   ,--Not Acquired--,
Barcode:         ,--Not Acquired--,
PIF:,            0.00,
PARs:,            0.0,     0.0,     0.0,     0.0,     0.0,     0.0,
Light:,           0.0,     0.0,     0.0,     0.0,     0.0,     0.0,
Cycles:,            1,
                    1,      69,      70,      70,
Lamps:,        #10000,
Gain:,              2,     100, 
SNR_raw:,     177.73,
Position:,        0.0,              0.0,   NoData,
DataPt,      Time(us),   EX,         EM,       Fit,
==========,==========,==========,==========,=========,
    0,        0.0,      0.000,       0.000,     86.516,
    1,        0.8,    162.153,      86.955,     90.704,
    2,        3.3,    180.587,      96.552,     95.507,
    3,        5.8,    180.669,     105.165,    100.439,
    4,        8.3,    180.717,     109.010,    105.468,
    5,       10.8,    180.747,     113.141,    110.566,
    6,       13.3,    180.777,     118.101,    115.708,
    7,       15.8,    180.777,     121.420,    120.873,
    8,       18.3,    180.777,     126.122,    126.042,
    9,       20.8,    180.859,     131.041,    131.199,
   10,       23.3,    180.822,     136.045,    136.328,
   11,       25.8,    180.897,     140.965,    141.418,
   12,       28.3,    180.822,     145.447,    146.454,
   13,       30.8,    180.897,     150.639,    151.430,
   14,       33.3,    180.848,     155.656,    156.334,
   15,       35.8,    180.889,     159.766,    161.160,
   16,       38.3,    180.874,     165.308,    165.901,
   17,       40.8,    180.818,     169.231,    170.551,
   18,       43.3,    180.773,     172.868,    175.105,
   19,       45.8,    180.893,     179.388,    179.561,
   20,       48.3,    180.960,     183.466,    183.915,
   21,       50.8,    180.956,     187.338,    188.163,
   22,       53.3,    180.953,     192.868,    192.304,
   23,       55.8,    180.979,     197.261,    196.335,
   24,       58.3,    180.986,     201.120,    200.255,
   25,       60.8,    180.994,     205.532,    204.063,
   26,       63.3,    181.001,     207.181,    207.759,
   27,       65.8,    180.982,     211.899,    211.343,
   28,       68.3,    180.964,     214.684,    214.814,
   29,       70.8,    180.915,     219.993,    218.173,
   30,       73.3,    180.934,     222.733,    221.421,
   31,       75.8,    181.005,     224.580,    224.560,
   32,       78.3,    180.979,     228.480,    227.589,
   33,       80.8,    181.027,     231.181,    230.512,
   34,       83.3,    181.083,     233.042,    233.329,
   35,       85.8,    181.091,     235.793,    236.042,
   36,       88.3,    181.035,     240.838,    238.652,
   37,       90.8,    180.923,     241.816,    241.162,
   38,       93.3,    180.930,     244.846,    243.573,
   39,       95.8,    180.986,     245.875,    245.888,
   40,       98.3,    180.953,     248.408,    248.109,
   41,      100.8,    180.915,     249.841,    250.239,
   42,      103.3,    180.968,     253.084,    252.279,
   43,      105.8,    180.997,     253.595,    254.232,
   44,      108.3,    180.971,     256.118,    256.100,
   45,      110.8,    181.027,     258.525,    257.887,
   46,      113.3,    181.020,     259.916,    259.593,
   47,      115.8,    180.956,     261.113,    261.222,
   48,      118.3,    180.964,     261.931,    262.776,
   49,      120.8,    180.994,     263.269,    264.257,
   50,      123.3,    180.986,     265.214,    265.668,
   51,      125.8,    180.953,     266.921,    267.011,
   52,      128.3,    181.027,     268.192,    268.289,
   53,      130.8,    180.975,     268.822,    269.502,
   54,      133.3,    181.065,     270.622,    270.655,
   55,      135.8,    181.001,     270.164,    271.749,
   56,      138.3,    181.031,     271.224,    272.785,
   57,      140.8,    181.024,     272.893,    273.767,
   58,      143.3,    180.919,     274.156,    274.697,
   59,      145.8,    180.968,     275.188,    275.576,
   60,      148.3,    180.971,     274.906,    276.406,
   61,      150.8,    180.971,     276.840,    277.189,
   62,      153.3,    181.005,     278.446,    277.927,
   63,      155.8,    180.971,     277.945,    278.622,
   64,      158.3,    181.016,     279.809,    279.275,
   65,      160.8,    181.046,     278.935,    279.888,
   66,      163.3,    181.080,     281.092,    280.464,
   67,      165.8,    181.091,     281.903,    281.002,
   68,      168.3,    181.012,     282.854,    281.506,
   69,      170.8,    181.035,     281.714,    281.976,
   70,      175.8,    180.012,     284.033,    283.818,
----,
DateTime:        , 2025/11/20, 12:43:23, 1763657003023,
RFID_EPC:        ,--Not Acquired--,
RFID_UserData:   ,--Not Acquired--,
Barcode:         ,--Not Acquired--,
PIF:,            0.00,
PARs:,            0.0,     0.0,     0.0,     0.0,     0.0,     0.0,
Light:,           0.0,     0.0,     0.0,     0.0,     0.0,     0.0,
Cycles:,            1,
                    1,      69,      70,      70,
Lamps:,        #10000,
Gain:,              2,     100, 
SNR_raw:,     151.40,
Position:,        0.0,              0.0,   NoData,
DataPt,      Time(us),   EX,         EM,       Fit,
==========,==========,==========,==========,=========,
    0,        0.0,      0.000,       0.000,     84.268,
    1,        0.8,    162.119,      86.665,     89.109,
    2,        3.3,    180.628,      96.114,     94.514,
    3,        5.8,    180.702,     104.592,     99.888,
    4,        8.3,    180.728,     109.003,    105.217,
    5,       10.8,    180.792,     113.667,    110.497,
    6,       13.3,    180.833,     118.065,    115.723,
    7,       15.8,    180.833,     121.936,    120.890,
    8,       18.3,    180.792,     126.388,    125.992,
    9,       20.8,    180.822,     131.621,    131.027,
   10,       23.3,    180.762,     133.601,    135.990,
   11,       25.8,    180.833,     138.249,    140.880,
   12,       28.3,    180.814,     143.241,    145.691,
   13,       30.8,    180.837,     147.647,    150.421,
   14,       33.3,    180.982,     153.606,    155.070,
   15,       35.8,    180.893,     156.170,    159.629,
   16,       38.3,    180.926,     161.115,    164.099,
   17,       40.8,    180.975,     166.874,    168.476,
   18,       43.3,    180.852,     171.411,    172.755,
   19,       45.8,    180.852,     175.835,    176.936,
   20,       48.3,    180.893,     180.494,    181.020,
   21,       50.8,    180.908,     184.625,    185.002,
   22,       53.3,    180.893,     188.786,    188.882,
   23,       55.8,    180.945,     194.258,    192.660,
   24,       58.3,    180.945,     196.745,    196.333,
   25,       60.8,    180.967,     200.312,    199.902,
   26,       63.3,    180.941,     204.486,    203.365,
   27,       65.8,    180.960,     208.333,    206.723,
   28,       68.3,    180.960,     210.268,    209.976,
   29,       70.8,    180.997,     214.092,    213.124,
   30,       73.3,    180.938,     216.097,    216.166,
   31,       75.8,    180.994,     219.897,    219.106,
   32,       78.3,    180.964,     222.144,    221.941,
   33,       80.8,    180.915,     225.796,    224.674,
   34,       83.3,    180.952,     228.513,    227.306,
   35,       85.8,    181.012,     230.647,    229.840,
   36,       88.3,    181.098,     232.747,    232.277,
   37,       90.8,    180.945,     235.983,    234.616,
   38,       93.3,    180.964,     236.788,    236.860,
   39,       95.8,    180.997,     239.506,    239.011,
   40,       98.3,    181.035,     241.943,    241.072,
   41,      100.8,    180.986,     243.389,    243.044,
   42,      103.3,    180.982,     245.052,    244.929,
   43,      105.8,    180.952,     245.921,    246.729,
   44,      108.3,    180.893,     247.384,    248.446,
   45,      110.8,    180.926,     248.996,    250.083,
   46,      113.3,    181.012,     252.193,    251.644,
   47,      115.8,    181.023,     252.454,    253.129,
   48,      118.3,    181.061,     254.611,    254.541,
   49,      120.8,    181.008,     256.065,    255.881,
   50,      123.3,    181.005,     256.623,    257.153,
   51,      125.8,    181.027,     257.420,    258.359,
   52,      128.3,    180.986,     259.136,    259.499,
   53,      130.8,    180.994,     258.573,    260.579,
   54,      133.3,    181.001,     259.943,    261.598,
   55,      135.8,    180.911,     262.007,    262.559,
   56,      138.3,    180.945,     261.958,    263.465,
   57,      140.8,    181.094,     263.675,    264.320,
   58,      143.3,    181.079,     265.077,    265.122,
   59,      145.8,    181.087,     265.066,    265.876,
   60,      148.3,    181.091,     266.165,    266.582,
   61,      150.8,    181.113,     266.960,    267.243,
   62,      153.3,    180.994,     267.965,    267.860,
   63,      155.8,    181.050,     268.711,    268.436,
   64,      158.3,    180.952,     271.342,    268.971,
   65,      160.8,    180.941,     270.530,    269.468,
   66,      163.3,    180.938,     271.641,    269.929,
   67,      165.8,    180.971,     271.867,    270.355,
   68,      168.3,    180.994,     271.280,    270.748,
   69,      170.8,    181.020,     271.794,    271.109,
   70,      175.8,    179.967,     270.624,    270.806,
----,
DateTime:        , 2025/11/20, 12:43:27, 1763657007741,
RFID_EPC:        ,--Not Acquired--,
RFID_UserData:   ,--Not Acquired--,
Barcode:         ,--Not Acquired--,
PIF:,            0.00,
PARs:,            0.0,     0.0,     0.0,     0.0,     0.0,     0.0,
Light:,           0.0,     0.0,     0.0,     0.0,     0.0,     0.0,
Cycles:,            1,
                    1,      69,      70,      70,
Lamps:,        #10000,
Gain:,              2,     100, 
SNR_raw:,     225.57,
Position:,        0.0,              0.0,   NoData,
DataPt,      Time(us),   EX,         EM,       Fit,
==========,==========,==========,==========,=========,
    0,        0.0,      0.000,       0.000,     80.114,
    1,        0.8,    162.027,      79.925,     84.235,
    2,        3.3,    180.584,      88.722,     88.924,
    3,        5.8,    180.617,      96.613,     93.703,
    4,        8.3,    180.741,     101.803,     98.559,
    5,       10.8,    180.748,     105.672,    103.472,
    6,       13.3,    180.856,     111.138,    108.432,
    7,       15.8,    180.815,     114.482,    113.420,
    8,       18.3,    180.800,     116.980,    118.424,
    9,       20.8,    180.767,     122.534,    123.431,
   10,       23.3,    180.797,     128.321,    128.433,
   11,       25.8,    180.804,     131.911,    133.417,
   12,       28.3,    180.789,     138.006,    138.373,
   13,       30.8,    180.830,     141.016,    143.293,
   14,       33.3,    180.886,     147.330,    148.169,
   15,       35.8,    180.890,     151.473,    152.991,
   16,       38.3,    180.983,     156.644,    157.754,
   17,       40.8,    180.935,     160.279,    162.448,
   18,       43.3,    180.909,     166.106,    167.066,
   19,       45.8,    180.875,     171.389,    171.603,
   20,       48.3,    180.916,     175.496,    176.055,
   21,       50.8,    180.882,     180.780,    180.416,
   22,       53.3,    180.965,     185.672,    184.683,
   23,       55.8,    180.856,     190.206,    188.849,
   24,       58.3,    181.009,     193.636,    192.916,
   25,       60.8,    180.965,     197.276,    196.877,
   26,       63.3,    181.017,     201.915,    200.731,
   27,       65.8,    181.084,     203.773,    204.477,
   28,       68.3,    180.994,     208.017,    208.110,
   29,       70.8,    180.916,     212.806,    211.631,
   30,       73.3,    180.972,     216.055,    215.039,
   31,       75.8,    180.998,     218.510,    218.334,
   32,       78.3,    181.009,     222.088,    221.516,
   33,       80.8,    180.968,     224.901,    224.584,
   34,       83.3,    180.938,     227.702,    227.539,
   35,       85.8,    181.043,     230.884,    230.384,
   36,       88.3,    181.009,     233.137,    233.118,
   37,       90.8,    181.039,     236.965,    235.743,
   38,       93.3,    181.021,     238.923,    238.260,
   39,       95.8,    180.938,     240.690,    240.671,
   40,       98.3,    181.013,     243.905,    242.978,
   41,      100.8,    180.991,     245.593,    245.183,
   42,      103.3,    181.036,     247.465,    247.289,
   43,      105.8,    180.972,     248.933,    249.297,
   44,      108.3,    180.946,     251.456,    251.211,
   45,      110.8,    180.987,     253.057,    253.032,
   46,      113.3,    180.972,     253.907,    254.764,
   47,      115.8,    180.946,     256.430,    256.408,
   48,      118.3,    181.039,     258.231,    257.969,
   49,      120.8,    180.991,     259.406,    259.447,
   50,      123.3,    181.039,     259.888,    260.847,
   51,      125.8,    181.036,     261.275,    262.170,
   52,      128.3,    181.065,     262.336,    263.420,
   53,      130.8,    180.965,     263.864,    264.599,
   54,      133.3,    181.017,     264.892,    265.710,
   55,      135.8,    180.927,     266.682,    266.755,
   56,      138.3,    180.972,     268.273,    267.737,
   57,      140.8,    180.965,     267.456,    268.659,
   58,      143.3,    181.009,     269.599,    269.522,
   59,      145.8,    181.024,     269.025,    270.330,
   60,      148.3,    181.043,     270.378,    271.085,
   61,      150.8,    181.077,     270.880,    271.789,
   62,      153.3,    181.028,     272.333,    272.444,
   63,      155.8,    181.062,     272.559,    273.052,
   64,      158.3,    180.938,     273.850,    273.617,
   65,      160.8,    180.998,     274.036,    274.139,
   66,      163.3,    180.976,     273.517,    274.621,
   67,      165.8,    181.024,     275.101,    275.064,
   68,      168.3,    180.935,     277.172,    275.470,
   69,      170.8,    181.017,     277.046,    275.842,
   70,      175.8,    179.998,     277.716,    277.182,
----,
DateTime:        , 2025/11/20, 12:43:32, 1763657012454,
RFID_EPC:        ,--Not Acquired--,
RFID_UserData:   ,--Not Acquired--,
Barcode:         ,--Not Acquired--,
PIF:,            0.00,
PARs:,            0.0,     0.0,     0.0,     0.0,     0.0,     0.0,
Light:,           0.0,     0.0,     0.0,     0.0,     0.0,     0.0,
Cycles:,            1,
                    1,      69,      70,      70,
Lamps:,        #10000,
Gain:,              2,     100, 
SNR_raw:,     179.32,
Position:,        0.0,              0.0,   NoData,
DataPt,      Time(us),   EX,         EM,       Fit,
==========,==========,==========,==========,=========,
    0,        0.0,      0.000,       0.000,     76.921,
    1,        0.8,    162.156,      77.703,     80.923,
    2,        3.3,    180.637,      85.916,     85.528,
    3,        5.8,    180.623,      93.288,     90.270,
    4,        8.3,    180.697,      97.401,     95.123,
    5,       10.8,    180.742,     102.356,    100.062,
    6,       13.3,    180.813,     105.634,    105.067,
    7,       15.8,    180.805,     110.340,    110.116,
    8,       18.3,    180.861,     114.452,    115.194,
    9,       20.8,    180.779,     117.823,    120.280,
   10,       23.3,    180.906,     124.097,    125.365,
   11,       25.8,    180.884,     130.194,    130.433,
   12,       28.3,    180.839,     132.991,    135.470,
   13,       30.8,    180.891,     139.587,    140.470,
   14,       33.3,    180.869,     144.027,    145.419,
   15,       35.8,    180.843,     148.471,    150.309,
   16,       38.3,    180.876,     153.973,    155.132,
   17,       40.8,    180.888,     159.215,    159.882,
   18,       43.3,    180.977,     164.385,    164.553,
   19,       45.8,    180.925,     169.131,    169.135,
   20,       48.3,    180.955,     174.077,    173.626,
   21,       50.8,    180.981,     177.919,    178.020,
   22,       53.3,    180.914,     182.960,    182.311,
   23,       55.8,    180.988,     188.410,    186.499,
   24,       58.3,    180.947,     191.492,    190.578,
   25,       60.8,    180.947,     194.808,    194.546,
   26,       63.3,    180.910,     198.994,    198.401,
   27,       65.8,    180.903,     203.424,    202.142,
   28,       68.3,    180.936,     207.255,    205.767,
   29,       70.8,    180.944,     211.116,    209.277,
   30,       73.3,    180.970,     213.295,    212.669,
   31,       75.8,    181.063,     217.328,    215.946,
   32,       78.3,    181.000,     219.890,    219.106,
   33,       80.8,    180.985,     222.947,    222.150,
   34,       83.3,    181.044,     226.740,    225.079,
   35,       85.8,    180.947,     229.072,    227.894,
   36,       88.3,    180.970,     230.149,    230.596,
   37,       90.8,    180.996,     233.154,    233.188,
   38,       93.3,    180.876,     235.796,    235.670,
   39,       95.8,    180.973,     238.156,    238.045,
   40,       98.3,    180.973,     238.985,    240.317,
   41,      100.8,    180.996,     241.442,    242.486,
   42,      103.3,    181.059,     242.186,    244.556,
   43,      105.8,    180.985,     246.153,    246.529,
   44,      108.3,    181.018,     247.765,    248.407,
   45,      110.8,    181.022,     248.865,    250.193,
   46,      113.3,    180.966,     252.534,    251.891,
   47,      115.8,    181.000,     252.763,    253.502,
   48,      118.3,    180.917,     253.707,    255.029,
   49,      120.8,    181.018,     255.775,    256.476,
   50,      123.3,    180.959,     256.965,    257.846,
   51,      125.8,    181.044,     257.948,    259.140,
   52,      128.3,    181.059,     258.755,    260.363,
   53,      130.8,    180.951,     260.568,    261.516,
   54,      133.3,    180.996,     262.161,    262.603,
   55,      135.8,    181.063,     263.444,    263.625,
   56,      138.3,    180.977,     265.779,    264.587,
   57,      140.8,    180.973,     265.509,    265.489,
   58,      143.3,    180.914,     265.596,    266.336,
   59,      145.8,    181.022,     267.371,    267.128,
   60,      148.3,    180.955,     267.194,    267.869,
   61,      150.8,    180.884,     268.404,    268.561,
   62,      153.3,    181.041,     269.276,    269.207,
   63,      155.8,    180.988,     269.631,    269.807,
   64,      158.3,    181.067,     270.618,    270.365,
   65,      160.8,    181.003,     271.542,    270.882,
   66,      163.3,    181.056,     272.016,    271.361,
   67,      165.8,    181.097,     274.163,    271.803,
   68,      168.3,    181.018,     273.453,    272.210,
   69,      170.8,    181.067,     274.760,    272.584,
   70,      175.8,    179.850,     273.218,    273.420,
----,
DateTime:        , 2025/11/20, 12:43:37, 1763657017154,
RFID_EPC:        ,--Not Acquired--,
RFID_UserData:   ,--Not Acquired--,
Barcode:         ,--Not Acquired--,
PIF:,            0.00,
PARs:,            0.0,     0.0,     0.0,     0.0,     0.0,     0.0,
Light:,           0.0,     0.0,     0.0,     0.0,     0.0,     0.0,
Cycles:,            1,
                    1,      69,      70,      70,
Lamps:,        #10000,
Gain:,              2,     100, 
SNR_raw:,     167.55,
Position:,        0.0,              0.0,   NoData,
DataPt,      Time(us),   EX,         EM,       Fit,
==========,==========,==========,==========,=========,
    0,        0.0,      0.000,       0.000,     79.300,
    1,        0.8,    162.146,      78.633,     83.143,
    2,        3.3,    180.718,      87.796,     87.575,
    3,        5.8,    180.695,      96.018,     92.146,
    4,        8.3,    180.684,     101.282,     96.829,
    5,       10.8,    180.707,     104.036,    101.600,
    6,       13.3,    180.699,     108.191,    106.435,
    7,       15.8,    180.807,     111.998,    111.317,
    8,       18.3,    180.878,     115.824,    116.227,
    9,       20.8,    180.856,     120.538,    121.147,
   10,       23.3,    180.860,     125.512,    126.062,
   11,       25.8,    180.890,     130.466,    130.960,
   12,       28.3,    180.845,     134.369,    135.827,
   13,       30.8,    180.920,     138.459,    140.654,
   14,       33.3,    180.826,     143.785,    145.428,
   15,       35.8,    180.867,     148.175,    150.144,
   16,       38.3,    180.897,     154.231,    154.792,
   17,       40.8,    180.837,     158.430,    159.365,
   18,       43.3,    180.905,     162.240,    163.857,
   19,       45.8,    180.953,     167.170,    168.264,
   20,       48.3,    180.893,     172.754,    172.579,
   21,       50.8,    180.938,     177.685,    176.798,
   22,       53.3,    180.942,     180.997,    180.918,
   23,       55.8,    180.972,     185.388,    184.936,
   24,       58.3,    180.949,     189.832,    188.849,
   25,       60.8,    181.013,     194.461,    192.656,
   26,       63.3,    180.949,     197.569,    196.352,
   27,       65.8,    180.890,     201.504,    199.939,
   28,       68.3,    180.916,     205.621,    203.414,
   29,       70.8,    180.976,     207.487,    206.779,
   30,       73.3,    180.897,     210.341,    210.033,
   31,       75.8,    180.961,     213.030,    213.176,
   32,       78.3,    180.976,     217.433,    216.208,
   33,       80.8,    181.005,     219.330,    219.132,
   34,       83.3,    181.035,     221.504,    221.947,
   35,       85.8,    180.927,     223.847,    224.654,
   36,       88.3,    180.927,     226.611,    227.256,
   37,       90.8,    181.009,     229.546,    229.754,
   38,       93.3,    180.946,     233.219,    232.149,
   39,       95.8,    180.946,     234.601,    234.445,
   40,       98.3,    181.005,     236.733,    236.643,
   41,      100.8,    181.032,     237.252,    238.745,
   42,      103.3,    180.972,     240.645,    240.754,
   43,      105.8,    181.054,     241.365,    242.672,
   44,      108.3,    181.013,     243.905,    244.502,
   45,      110.8,    181.035,     245.808,    246.246,
   46,      113.3,    180.927,     246.785,    247.906,
   47,      115.8,    180.979,     249.752,    249.485,
   48,      118.3,    180.972,     250.315,    250.986,
   49,      120.8,    180.927,     251.483,    252.411,
   50,      123.3,    180.923,     253.146,    253.763,
   51,      125.8,    180.994,     253.599,    255.044,
   52,      128.3,    181.046,     257.116,    256.258,
   53,      130.8,    181.054,     257.106,    257.406,
   54,      133.3,    181.009,     257.169,    258.491,
   55,      135.8,    181.061,     258.752,    259.515,
   56,      138.3,    181.020,     259.916,    260.481,
   57,      140.8,    181.054,     261.524,    261.391,
   58,      143.3,    180.976,     261.361,    262.247,
   59,      145.8,    180.968,     262.754,    263.052,
   60,      148.3,    180.979,     263.842,    263.808,
   61,      150.8,    180.938,     263.902,    264.517,
   62,      153.3,    181.020,     265.164,    265.180,
   63,      155.8,    180.990,     265.484,    265.800,
   64,      158.3,    181.039,     267.898,    266.379,
   65,      160.8,    181.024,     267.920,    266.918,
   66,      163.3,    181.061,     267.589,    267.419,
   67,      165.8,    181.061,     268.417,    267.885,
   68,      168.3,    181.028,     269.296,    268.316,
   69,      170.8,    180.990,     269.627,    268.716,
   70,      175.8,    179.990,     270.344,    270.274,
----,
DateTime:        , 2025/11/20, 12:43:42, 1763657021885,
RFID_EPC:        ,--Not Acquired--,
RFID_UserData:   ,--Not Acquired--,
Barcode:         ,--Not Acquired--,
PIF:,            0.00,
PARs:,            0.0,     0.0,     0.0,     0.0,     0.0,     0.0,
Light:,           0.0,     0.0,     0.0,     0.0,     0.0,     0.0,
Cycles:,            1,
                    1,      69,      70,      70,
Lamps:,        #10000,
Gain:,              2,     100, 
SNR_raw:,     173.86,
Position:,        0.0,              0.0,   NoData,
DataPt,      Time(us),   EX,         EM,       Fit,
==========,==========,==========,==========,=========,
    0,        0.0,      0.000,       0.000,     79.028,
    1,        0.8,    162.106,      80.194,     83.469,
    2,        3.3,    180.674,      89.417,     88.459,
    3,        5.8,    180.670,      97.692,     93.449,
    4,        8.3,    180.771,     102.063,     98.428,
    5,       10.8,    180.745,     105.397,    103.387,
    6,       13.3,    180.797,     108.132,    108.326,
    7,       15.8,    180.834,     113.916,    113.238,
    8,       18.3,    180.853,     117.775,    118.118,
    9,       20.8,    180.752,     122.267,    122.958,
   10,       23.3,    180.752,     125.863,    127.757,
   11,       25.8,    180.812,     129.416,    132.512,
   12,       28.3,    180.875,     135.452,    137.217,
   13,       30.8,    180.797,     139.106,    141.865,
   14,       33.3,    180.887,     144.013,    146.456,
   15,       35.8,    180.958,     149.206,    150.984,
   16,       38.3,    180.905,     153.672,    155.443,
   17,       40.8,    180.943,     158.338,    159.830,
   18,       43.3,    180.980,     164.107,    164.142,
   19,       45.8,    180.894,     168.883,    168.372,
   20,       48.3,    180.935,     173.267,    172.520,
   21,       50.8,    180.890,     177.456,    176.580,
   22,       53.3,    180.913,     182.132,    180.551,
   23,       55.8,    180.887,     185.752,    184.429,
   24,       58.3,    180.864,     188.539,    188.212,
   25,       60.8,    180.987,     193.384,    191.901,
   26,       63.3,    180.999,     196.687,    195.491,
   27,       65.8,    180.965,     200.039,    198.981,
   28,       68.3,    180.972,     204.175,    202.368,
   29,       70.8,    180.928,     206.436,    205.653,
   30,       73.3,    180.913,     210.046,    208.833,
   31,       75.8,    180.954,     212.762,    211.911,
   32,       78.3,    180.954,     216.077,    214.884,
   33,       80.8,    180.958,     218.560,    217.754,
   34,       83.3,    180.950,     221.055,    220.520,
   35,       85.8,    180.931,     224.118,    223.183,
   36,       88.3,    181.036,     225.093,    225.745,
   37,       90.8,    180.980,     228.478,    228.205,
   38,       93.3,    181.010,     231.755,    230.566,
   39,       95.8,    180.954,     231.551,    232.827,
   40,       98.3,    181.017,     233.956,    234.992,
   41,      100.8,    181.043,     235.579,    237.062,
   42,      103.3,    181.002,     239.223,    239.039,
   43,      105.8,    180.958,     239.835,    240.923,
   44,      108.3,    180.902,     242.950,    242.718,
   45,      110.8,    180.969,     243.136,    244.426,
   46,      113.3,    181.025,     246.099,    246.050,
   47,      115.8,    181.010,     246.672,    247.592,
   48,      118.3,    181.010,     247.777,    249.053,
   49,      120.8,    181.014,     248.324,    250.437,
   50,      123.3,    181.066,     251.014,    251.747,
   51,      125.8,    181.066,     251.842,    252.984,
   52,      128.3,    180.984,     253.338,    254.149,
   53,      130.8,    181.032,     253.546,    255.248,
   54,      133.3,    180.931,     253.964,    256.280,
   55,      135.8,    180.987,     256.924,    257.250,
   56,      138.3,    180.920,     257.849,    258.160,
   57,      140.8,    181.025,     259.081,    259.012,
   58,      143.3,    181.047,     259.049,    259.808,
   59,      145.8,    180.965,     259.995,    260.551,
   60,      148.3,    181.099,     259.802,    261.243,
   61,      150.8,    181.066,     261.231,    261.886,
   62,      153.3,    181.096,     261.464,    262.483,
   63,      155.8,    181.073,     263.429,    263.035,
   64,      158.3,    180.984,     264.389,    263.543,
   65,      160.8,    180.991,     264.654,    264.010,
   66,      163.3,    180.995,     264.648,    264.439,
   67,      165.8,    181.028,     266.533,    264.831,
   68,      168.3,    180.920,     265.863,    265.187,
   69,      170.8,    180.961,     266.632,    265.510,
   70,      175.8,    180.032,     265.161,    265.164,
----,
DateTime:        , 2025/11/20, 12:43:46, 1763657026605,
RFID_EPC:        ,--Not Acquired--,
RFID_UserData:   ,--Not Acquired--,
Barcode:         ,--Not Acquired--,
PIF:,            0.00,
PARs:,            0.0,     0.0,     0.0,     0.0,     0.0,     0.0,
Light:,           0.0,     0.0,     0.0,     0.0,     0.0,     0.0,
Cycles:,            1,
                    1,      69,      70,      70,
Lamps:,        #10000,
Gain:,              2,     100, 
SNR_raw:,     200.86,
Position:,        0.0,              0.0,   NoData,
DataPt,      Time(us),   EX,         EM,       Fit,
==========,==========,==========,==========,=========,
    0,        0.0,      0.000,       0.000,     79.174,
    1,        0.8,    162.098,      78.039,     83.278,
    2,        3.3,    180.530,      88.105,     87.919,
    3,        5.8,    180.676,      97.135,     92.628,
    4,        8.3,    180.709,     100.161,     97.389,
    5,       10.8,    180.762,     104.281,    102.191,
    6,       13.3,    180.777,     107.591,    107.020,
    7,       15.8,    180.836,     113.086,    111.866,
    8,       18.3,    180.777,     115.336,    116.717,
    9,       20.8,    180.810,     120.845,    121.564,
   10,       23.3,    180.885,     125.771,    126.398,
   11,       25.8,    180.874,     128.819,    131.209,
   12,       28.3,    180.848,     135.197,    135.987,
   13,       30.8,    180.814,     141.582,    140.725,
   14,       33.3,    180.855,     144.038,    145.417,
   15,       35.8,    180.851,     148.741,    150.054,
   16,       38.3,    180.885,     153.689,    154.631,
   17,       40.8,    180.948,     158.609,    159.142,
   18,       43.3,    180.967,     163.013,    163.580,
   19,       45.8,    180.963,     166.885,    167.940,
   20,       48.3,    180.986,     172.113,    172.217,
   21,       50.8,    180.934,     176.308,    176.405,
   22,       53.3,    180.915,     179.366,    180.501,
   23,       55.8,    180.941,     183.485,    184.503,
   24,       58.3,    180.825,     189.133,    188.404,
   25,       60.8,    180.922,     192.624,    192.207,
   26,       63.3,    180.874,     197.099,    195.905,
   27,       65.8,    181.038,     200.234,    199.500,
   28,       68.3,    180.978,     203.339,    202.988,
   29,       70.8,    181.008,     207.173,    206.369,
   30,       73.3,    181.023,     211.023,    209.641,
   31,       75.8,    181.016,     213.794,    212.805,
   32,       78.3,    180.971,     216.609,    215.858,
   33,       80.8,    180.963,     219.381,    218.803,
   34,       83.3,    180.956,     221.877,    221.639,
   35,       85.8,    181.012,     225.676,    224.368,
   36,       88.3,    180.963,     227.118,    226.990,
   37,       90.8,    180.952,     229.342,    229.507,
   38,       93.3,    180.952,     232.382,    231.920,
   39,       95.8,    180.982,     234.277,    234.231,
   40,       98.3,    181.004,     237.011,    236.442,
   41,      100.8,    181.016,     238.930,    238.555,
   42,      103.3,    181.143,     239.314,    240.573,
   43,      105.8,    181.034,     242.495,    242.496,
   44,      108.3,    181.016,     243.902,    244.327,
   45,      110.8,    180.904,     245.435,    246.069,
   46,      113.3,    180.960,     247.293,    247.724,
   47,      115.8,    180.926,     249.549,    249.295,
   48,      118.3,    181.008,     250.265,    250.785,
   49,      120.8,    180.945,     250.629,    252.196,
   50,      123.3,    181.042,     252.704,    253.531,
   51,      125.8,    181.016,     254.122,    254.793,
   52,      128.3,    181.019,     254.945,    255.983,
   53,      130.8,    181.001,     255.248,    257.105,
   54,      133.3,    181.027,     257.697,    258.161,
   55,      135.8,    181.031,     258.796,    259.154,
   56,      138.3,    180.922,     258.675,    260.086,
   57,      140.8,    181.019,     260.746,    260.960,
   58,      143.3,    180.967,     260.821,    261.778,
   59,      145.8,    181.019,     261.574,    262.543,
   60,      148.3,    180.967,     263.031,    263.256,
   61,      150.8,    181.057,     263.730,    263.920,
   62,      153.3,    180.997,     263.540,    264.538,
   63,      155.8,    181.012,     264.623,    265.111,
   64,      158.3,    181.079,     264.525,    265.641,
   65,      160.8,    181.046,     266.231,    266.131,
   66,      163.3,    181.004,     267.397,    266.581,
   67,      165.8,    180.967,     267.452,    266.995,
   68,      168.3,    181.012,     267.938,    267.374,
   69,      170.8,    180.960,     270.226,    267.720,
   70,      175.8,    180.004,     268.771,    268.547,
----,
DateTime:        , 2025/11/20, 12:43:51, 1763657031325,
RFID_EPC:        ,--Not Acquired--,
RFID_UserData:   ,--Not Acquired--,
Barcode:         ,--Not Acquired--,
PIF:,            0.00,
PARs:,            0.0,     0.0,     0.0,     0.0,     0.0,     0.0,
Light:,           0.0,     0.0,     0.0,     0.0,     0.0,     0.0,
Cycles:,            1,
                    1,      69,      70,      70,
Lamps:,        #10000,
Gain:,              2,     100, 
SNR_raw:,     198.86,
Position:,        0.0,              0.0,   NoData,
DataPt,      Time(us),   EX,         EM,       Fit,
==========,==========,==========,==========,=========,
    0,        0.0,      0.000,       0.000,     78.922,
    1,        0.8,    162.038,      78.685,     82.900,
    2,        3.3,    180.632,      87.678,     87.457,
    3,        5.8,    180.695,      95.741,     92.129,
    4,        8.3,    180.729,      99.873,     96.890,
    5,       10.8,    180.803,     102.598,    101.721,
    6,       13.3,    180.796,     106.474,    106.600,
    7,       15.8,    180.781,     111.184,    111.510,
    8,       18.3,    180.807,     116.699,    116.435,
    9,       20.8,    180.777,     119.761,    121.360,
   10,       23.3,    180.796,     125.556,    126.272,
   11,       25.8,    180.833,     129.401,    131.161,
   12,       28.3,    180.844,     134.370,    136.016,
   13,       30.8,    180.904,     139.024,    140.827,
   14,       33.3,    180.885,     144.567,    145.584,
   15,       35.8,    180.964,     148.372,    150.282,
   16,       38.3,    180.848,     153.997,    154.909,
   17,       40.8,    180.923,     158.078,    159.462,
   18,       43.3,    180.953,     162.750,    163.936,
   19,       45.8,    180.897,     167.775,    168.323,
   20,       48.3,    180.885,     173.038,    172.619,
   21,       50.8,    180.889,     177.180,    176.821,
   22,       53.3,    180.889,     181.326,    180.926,
   23,       55.8,    180.934,     186.532,    184.931,
   24,       58.3,    180.986,     188.965,    188.833,
   25,       60.8,    180.983,     193.389,    192.631,
   26,       63.3,    181.024,     198.317,    196.323,
   27,       65.8,    180.949,     201.438,    199.907,
   28,       68.3,    181.001,     204.695,    203.382,
   29,       70.8,    180.983,     208.584,    206.749,
   30,       73.3,    180.900,     210.890,    210.005,
   31,       75.8,    180.863,     213.421,    213.152,
   32,       78.3,    180.919,     217.501,    216.192,
   33,       80.8,    180.956,     220.219,    219.124,
   34,       83.3,    180.863,     222.544,    221.949,
   35,       85.8,    181.027,     225.933,    224.669,
   36,       88.3,    181.031,     228.414,    227.286,
   37,       90.8,    181.016,     230.366,    229.800,
   38,       93.3,    180.971,     232.910,    232.213,
   39,       95.8,    181.046,     233.918,    234.527,
   40,       98.3,    181.024,     236.157,    236.744,
   41,      100.8,    180.971,     237.607,    238.866,
   42,      103.3,    180.983,     240.355,    240.896,
   43,      105.8,    181.012,     241.420,    242.836,
   44,      108.3,    180.897,     244.062,    244.686,
   45,      110.8,    181.009,     246.121,    246.452,
   46,      113.3,    180.930,     248.162,    248.135,
   47,      115.8,    181.039,     247.737,    249.737,
   48,      118.3,    181.046,     250.213,    251.261,
   49,      120.8,    180.979,     251.687,    252.709,
   50,      123.3,    181.050,     253.521,    254.085,
   51,      125.8,    181.039,     253.813,    255.389,
   52,      128.3,    181.050,     256.559,    256.625,
   53,      130.8,    180.975,     256.113,    257.796,
   54,      133.3,    181.005,     258.556,    258.903,
   55,      135.8,    180.997,     259.396,    259.950,
   56,      138.3,    181.009,     260.209,    260.937,
   57,      140.8,    180.990,     260.512,    261.868,
   58,      143.3,    181.027,     261.563,    262.746,
   59,      145.8,    181.009,     263.800,    263.571,
   60,      148.3,    181.065,     265.375,    264.346,
   61,      150.8,    181.068,     264.541,    265.074,
   62,      153.3,    181.012,     266.280,    265.756,
   63,      155.8,    180.923,     265.583,    266.394,
   64,      158.3,    180.997,     266.302,    266.991,
   65,      160.8,    180.986,     267.147,    267.548,
   66,      163.3,    181.024,     268.749,    268.066,
   67,      165.8,    181.031,     269.291,    268.548,
   68,      168.3,    180.994,     270.451,    268.995,
   69,      170.8,    181.080,     269.495,    269.409,
   70,      175.8,    179.960,     270.567,    270.595,
----,
DateTime:        , 2025/11/20, 12:43:56, 1763657036111,
RFID_EPC:        ,--Not Acquired--,
RFID_UserData:   ,--Not Acquired--,
Barcode:         ,--Not Acquired--,
PIF:,            0.00,
PARs:,            0.0,     0.0,     0.0,     0.0,     0.0,     0.0,
Light:,           0.0,     0.0,     0.0,     0.0,     0.0,     0.0,
Cycles:,            1,
                    1,      69,      70,      70,
Lamps:,        #10000,
Gain:,              2,     100, 
SNR_raw:,     183.37,
Position:,        0.0,              0.0,   NoData,
DataPt,      Time(us),   EX,         EM,       Fit,
==========,==========,==========,==========,=========,
    0,        0.0,      0.000,       0.000,     78.283,
    1,        0.8,    161.999,      78.087,     82.335,
    2,        3.3,    180.693,      87.392,     86.991,
    3,        5.8,    180.708,      95.734,     91.771,
    4,        8.3,    180.746,      99.034,     96.647,
    5,       10.8,    180.746,     103.460,    101.592,
    6,       13.3,    180.701,     107.637,    106.583,
    7,       15.8,    180.757,     111.476,    111.602,
    8,       18.3,    180.768,     117.001,    116.630,
    9,       20.8,    180.783,     121.140,    121.652,
   10,       23.3,    180.824,     125.536,    126.655,
   11,       25.8,    180.854,     129.663,    131.625,
   12,       28.3,    180.899,     134.606,    136.552,
   13,       30.8,    180.947,     139.544,    141.426,
   14,       33.3,    180.936,     144.803,    146.237,
   15,       35.8,    180.891,     147.326,    150.977,
   16,       38.3,    180.906,     152.842,    155.640,
   17,       40.8,    180.891,     157.830,    160.219,
   18,       43.3,    180.928,     163.324,    164.710,
   19,       45.8,    180.861,     167.532,    169.107,
   20,       48.3,    180.839,     173.082,    173.406,
   21,       50.8,    180.899,     177.724,    177.605,
   22,       53.3,    181.003,     180.936,    181.702,
   23,       55.8,    181.022,     186.165,    185.693,
   24,       58.3,    181.007,     190.048,    189.576,
   25,       60.8,    180.984,     194.768,    193.350,
   26,       63.3,    180.955,     197.287,    197.012,
   27,       65.8,    180.988,     201.394,    200.564,
   28,       68.3,    180.917,     205.895,    204.003,
   29,       70.8,    180.887,     209.523,    207.331,
   30,       73.3,    180.932,     212.234,    210.547,
   31,       75.8,    180.895,     214.766,    213.653,
   32,       78.3,    180.940,     217.199,    216.649,
   33,       80.8,    180.996,     219.342,    219.538,
   34,       83.3,    180.992,     221.557,    222.318,
   35,       85.8,    180.988,     225.982,    224.993,
   36,       88.3,    180.966,     227.115,    227.563,
   37,       90.8,    181.018,     230.916,    230.031,
   38,       93.3,    180.951,     231.555,    232.398,
   39,       95.8,    180.962,     234.856,    234.667,
   40,       98.3,    181.018,     236.993,    236.840,
   41,      100.8,    181.018,     239.479,    238.918,
   42,      103.3,    180.835,     239.998,    240.904,
   43,      105.8,    180.962,     241.487,    242.801,
   44,      108.3,    181.018,     243.622,    244.612,
   45,      110.8,    181.011,     245.013,    246.338,
   46,      113.3,    181.033,     246.088,    247.982,
   47,      115.8,    181.048,     249.105,    249.547,
   48,      118.3,    180.999,     249.172,    251.035,
   49,      120.8,    180.977,     251.413,    252.449,
   50,      123.3,    180.970,     252.252,    253.791,
   51,      125.8,    180.928,     253.968,    255.063,
   52,      128.3,    180.914,     255.647,    256.269,
   53,      130.8,    180.921,     257.018,    257.410,
   54,      133.3,    181.082,     258.171,    258.489,
   55,      135.8,    181.059,     259.584,    259.509,
   56,      138.3,    181.063,     259.578,    260.471,
   57,      140.8,    181.089,     261.198,    261.379,
   58,      143.3,    181.067,     262.611,    262.233,
   59,      145.8,    181.130,     262.795,    263.037,
   60,      148.3,    181.055,     264.284,    263.792,
   61,      150.8,    180.992,     264.376,    264.500,
   62,      153.3,    180.940,     266.940,    265.164,
   63,      155.8,    181.003,     265.741,    265.785,
   64,      158.3,    181.007,     266.288,    266.366,
   65,      160.8,    180.999,     267.680,    266.907,
   66,      163.3,    181.007,     268.498,    267.411,
   67,      165.8,    181.052,     267.879,    267.879,
   68,      168.3,    181.085,     268.934,    268.313,
   69,      170.8,    180.984,     269.913,    268.715,
   70,      175.8,    179.958,     269.873,    269.933,
----,
DateTime:        , 2025/11/20, 12:44:00, 1763657040831,
RFID_EPC:        ,--Not Acquired--,
RFID_UserData:   ,--Not Acquired--,
Barcode:         ,--Not Acquired--,
PIF:,            0.00,
PARs:,            0.0,     0.0,     0.0,     0.0,     0.0,     0.0,
Light:,           0.0,     0.0,     0.0,     0.0,     0.0,     0.0,
Cycles:,            1,
                    1,      69,      70,      70,
Lamps:,        #10000,
Gain:,              2,     100, 
SNR_raw:,     171.98,
Position:,        0.0,              0.0,   NoData,
DataPt,      Time(us),   EX,         EM,       Fit,
==========,==========,==========,==========,=========,
    0,        0.0,      0.000,       0.000,     78.399,
    1,        0.8,    162.054,      79.603,     82.443,
    2,        3.3,    180.621,      87.965,     87.075,
    3,        5.8,    180.696,      95.464,     91.823,
    4,        8.3,    180.703,     100.164,     96.659,
    5,       10.8,    180.722,     104.857,    101.559,
    6,       13.3,    180.730,     108.449,    106.501,
    7,       15.8,    180.830,     111.983,    111.471,
    8,       18.3,    180.853,     117.222,    116.448,
    9,       20.8,    180.849,     119.713,    121.418,
   10,       23.3,    180.886,     125.493,    126.368,
   11,       25.8,    180.845,     129.945,    131.284,
   12,       28.3,    180.737,     134.449,    136.156,
   13,       30.8,    180.950,     138.436,    140.979,
   14,       33.3,    180.827,     144.061,    145.740,
   15,       35.8,    180.842,     148.196,    150.432,
   16,       38.3,    180.886,     153.688,    155.051,
   17,       40.8,    180.972,     157.759,    159.590,
   18,       43.3,    180.972,     162.732,    164.044,
   19,       45.8,    180.931,     167.743,    168.407,
   20,       48.3,    180.972,     172.402,    172.676,
   21,       50.8,    180.942,     177.128,    176.847,
   22,       53.3,    180.972,     180.138,    180.919,
   23,       55.8,    180.957,     184.574,    184.887,
   24,       58.3,    180.898,     189.057,    188.750,
   25,       60.8,    180.924,     193.175,    192.507,
   26,       63.3,    180.883,     198.471,    196.156,
   27,       65.8,    180.834,     201.566,    199.697,
   28,       68.3,    180.965,     204.183,    203.131,
   29,       70.8,    180.935,     208.086,    206.457,
   30,       73.3,    180.931,     211.683,    209.674,
   31,       75.8,    180.980,     213.560,    212.784,
   32,       78.3,    180.995,     216.581,    215.787,
   33,       80.8,    180.968,     219.651,    218.683,
   34,       83.3,    181.021,     222.626,    221.475,
   35,       85.8,    180.972,     224.896,    224.163,
   36,       88.3,    181.039,     228.127,    226.749,
   37,       90.8,    180.961,     228.779,    229.234,
   38,       93.3,    180.942,     231.013,    231.620,
   39,       95.8,    181.021,     233.122,    233.910,
   40,       98.3,    180.916,     236.021,    236.105,
   41,      100.8,    181.017,     238.375,    238.207,
   42,      103.3,    180.980,     240.911,    240.218,
   43,      105.8,    181.125,     242.098,    242.142,
   44,      108.3,    181.021,     243.618,    243.979,
   45,      110.8,    181.025,     245.823,    245.733,
   46,      113.3,    180.954,     247.854,    247.405,
   47,      115.8,    181.021,     250.248,    248.998,
   48,      118.3,    180.983,     250.575,    250.514,
   49,      120.8,    180.950,     252.556,    251.956,
   50,      123.3,    181.021,     252.733,    253.327,
   51,      125.8,    181.017,     254.396,    254.628,
   52,      128.3,    181.039,     256.022,    255.862,
   53,      130.8,    180.976,     256.388,    257.032,
   54,      133.3,    181.125,     257.004,    258.138,
   55,      135.8,    181.006,     258.831,    259.185,
   56,      138.3,    180.968,     260.266,    260.174,
   57,      140.8,    180.991,     259.682,    261.107,
   58,      143.3,    180.924,     261.436,    261.987,
   59,      145.8,    181.025,     262.395,    262.815,
   60,      148.3,    180.968,     261.924,    263.593,
   61,      150.8,    180.995,     264.649,    264.324,
   62,      153.3,    180.987,     265.765,    265.010,
   63,      155.8,    181.069,     265.644,    265.652,
   64,      158.3,    181.017,     266.550,    266.252,
   65,      160.8,    181.036,     267.351,    266.812,
   66,      163.3,    181.043,     268.168,    267.333,
   67,      165.8,    180.991,     268.522,    267.818,
   68,      168.3,    180.968,     269.108,    268.269,
   69,      170.8,    181.058,     269.251,    268.685,
   70,      175.8,    179.964,     270.334,    270.104,
----,
DateTime:        , 2025/11/20, 12:44:05, 1763657045657,
RFID_EPC:        ,--Not Acquired--,
RFID_UserData:   ,--Not Acquired--,
Barcode:         ,--Not Acquired--,
PIF:,            0.00,
PARs:,            0.0,     0.0,     0.0,     0.0,     0.0,     0.0,
Light:,           0.0,     0.0,     0.0,     0.0,     0.0,     0.0,
Cycles:,            1,
                    1,      69,      70,      70,
Lamps:,        #10000,
Gain:,              2,     100, 
SNR_raw:,     176.27,
Position:,        0.0,              0.0,   NoData,
DataPt,      Time(us),   EX,         EM,       Fit,
==========,==========,==========,==========,=========,
    0,        0.0,      0.000,       0.000,     81.534,
    1,        0.8,    162.087,      80.204,     84.995,
    2,        3.3,    180.617,      89.706,     89.105,
    3,        5.8,    180.699,      98.230,     93.452,
    4,        8.3,    180.707,     101.823,     97.987,
    5,       10.8,    180.710,     104.587,    102.669,
    6,       13.3,    180.826,     108.115,    107.465,
    7,       15.8,    180.725,     113.155,    112.338,
    8,       18.3,    180.845,     116.398,    117.266,
    9,       20.8,    180.789,     120.583,    122.221,
   10,       23.3,    180.785,     125.564,    127.184,
   11,       25.8,    180.852,     131.046,    132.137,
   12,       28.3,    180.867,     135.735,    137.064,
   13,       30.8,    180.837,     139.905,    141.949,
   14,       33.3,    180.938,     145.906,    146.783,
   15,       35.8,    180.968,     150.579,    151.553,
   16,       38.3,    180.886,     154.794,    156.250,
   17,       40.8,    180.968,     160.526,    160.866,
   18,       43.3,    180.923,     164.435,    165.395,
   19,       45.8,    180.886,     169.997,    169.829,
   20,       48.3,    180.852,     173.899,    174.163,
   21,       50.8,    180.953,     178.499,    178.396,
   22,       53.3,    180.901,     184.079,    182.523,
   23,       55.8,    180.945,     186.520,    186.540,
   24,       58.3,    180.897,     190.716,    190.446,
   25,       60.8,    181.024,     195.554,    194.240,
   26,       63.3,    180.994,     198.349,    197.920,
   27,       65.8,    181.050,     202.983,    201.485,
   28,       68.3,    181.001,     205.799,    204.935,
   29,       70.8,    180.964,     208.881,    208.271,
   30,       73.3,    180.897,     212.276,    211.492,
   31,       75.8,    180.953,     214.697,    214.599,
   32,       78.3,    181.005,     217.950,    217.594,
   33,       80.8,    180.953,     221.328,    220.478,
   34,       83.3,    180.848,     222.839,    223.252,
   35,       85.8,    180.998,     226.522,    225.918,
   36,       88.3,    180.972,     229.870,    228.478,
   37,       90.8,    181.009,     230.652,    230.934,
   38,       93.3,    180.972,     233.186,    233.288,
   39,       95.8,    181.001,     235.633,    235.543,
   40,       98.3,    180.990,     236.753,    237.700,
   41,      100.8,    181.031,     239.461,    239.762,
   42,      103.3,    180.968,     242.308,    241.733,
   43,      105.8,    180.987,     244.217,    243.613,
   44,      108.3,    180.912,     245.700,    245.407,
   45,      110.8,    180.953,     246.749,    247.116,
   46,      113.3,    180.983,     248.919,    248.743,
   47,      115.8,    180.994,     250.008,    250.291,
   48,      118.3,    181.076,     251.552,    251.761,
   49,      120.8,    180.998,     252.766,    253.158,
   50,      123.3,    181.057,     254.063,    254.483,
   51,      125.8,    180.994,     254.981,    255.740,
   52,      128.3,    180.957,     257.520,    256.931,
   53,      130.8,    181.005,     256.899,    258.057,
   54,      133.3,    180.957,     259.454,    259.122,
   55,      135.8,    181.043,     260.160,    260.128,
   56,      138.3,    180.949,     260.018,    261.077,
   57,      140.8,    181.005,     261.042,    261.971,
   58,      143.3,    181.110,     263.376,    262.812,
   59,      145.8,    181.009,     261.866,    263.604,
   60,      148.3,    181.028,     265.705,    264.348,
   61,      150.8,    181.028,     264.601,    265.046,
   62,      153.3,    180.979,     265.224,    265.700,
   63,      155.8,    181.043,     265.683,    266.311,
   64,      158.3,    181.039,     267.346,    266.882,
   65,      160.8,    180.893,     267.008,    267.416,
   66,      163.3,    181.009,     268.495,    267.912,
   67,      165.8,    180.945,     268.313,    268.373,
   68,      168.3,    181.061,     270.903,    268.800,
   69,      170.8,    181.046,     270.649,    269.195,
   70,      175.8,    180.049,     271.691,    271.542,
----,
DateTime:        , 2025/11/20, 12:44:10, 1763657050412,
RFID_EPC:        ,--Not Acquired--,
RFID_UserData:   ,--Not Acquired--,
Barcode:         ,--Not Acquired--,
PIF:,            0.00,
PARs:,            0.0,     0.0,     0.0,     0.0,     0.0,     0.0,
Light:,           0.0,     0.0,     0.0,     0.0,     0.0,     0.0,
Cycles:,            1,
                    1,      69,      70,      70,
Lamps:,        #10000,
Gain:,              2,     100, 
SNR_raw:,     206.53,
Position:,        0.0,              0.0,   NoData,
DataPt,      Time(us),   EX,         EM,       Fit,
==========,==========,==========,==========,=========,
    0,        0.0,      0.000,       0.000,     78.452,
    1,        0.8,    162.150,      78.631,     82.380,
    2,        3.3,    180.672,      87.796,     86.940,
    3,        5.8,    180.691,      96.020,     91.670,
    4,        8.3,    180.653,     100.745,     96.530,
    5,       10.8,    180.698,     102.657,    101.491,
    6,       13.3,    180.691,     109.026,    106.523,
    7,       15.8,    180.747,     112.312,    111.603,
    8,       18.3,    180.784,     116.990,    116.709,
    9,       20.8,    180.878,     120.247,    121.822,
   10,       23.3,    180.855,     125.791,    126.923,
   11,       25.8,    180.889,     128.808,    131.999,
   12,       28.3,    180.885,     134.616,    137.034,
   13,       30.8,    180.896,     139.306,    142.018,
   14,       33.3,    180.934,     144.252,    146.941,
   15,       35.8,    180.904,     150.356,    151.792,
   16,       38.3,    180.892,     155.065,    156.564,
   17,       40.8,    180.844,     158.977,    161.249,
   18,       43.3,    180.803,     164.544,    165.842,
   19,       45.8,    180.919,     169.413,    170.339,
   20,       48.3,    180.978,     174.330,    174.736,
   21,       50.8,    180.948,     179.057,    179.027,
   22,       53.3,    180.963,     184.291,    183.210,
   23,       55.8,    180.922,     187.097,    187.282,
   24,       58.3,    180.956,     191.207,    191.242,
   25,       60.8,    180.990,     196.973,    195.087,
   26,       63.3,    180.930,     198.420,    198.818,
   27,       65.8,    180.937,     203.109,    202.432,
   28,       68.3,    180.896,     207.578,    205.930,
   29,       70.8,    180.915,     210.596,    209.313,
   30,       73.3,    180.855,     213.154,    212.579,
   31,       75.8,    181.012,     214.903,    215.733,
   32,       78.3,    180.941,     218.580,    218.772,
   33,       80.8,    181.060,     222.578,    221.701,
   34,       83.3,    180.941,     225.212,    224.518,
   35,       85.8,    181.060,     227.548,    227.226,
   36,       88.3,    180.975,     229.867,    229.828,
   37,       90.8,    181.008,     233.139,    232.324,
   38,       93.3,    180.937,     235.441,    234.717,
   39,       95.8,    180.975,     236.774,    237.009,
   40,       98.3,    180.945,     239.576,    239.203,
   41,      100.8,    180.993,     242.274,    241.302,
   42,      103.3,    181.064,     243.560,    243.307,
   43,      105.8,    180.982,     244.776,    245.221,
   44,      108.3,    180.986,     246.704,    247.048,
   45,      110.8,    181.004,     247.231,    248.788,
   46,      113.3,    181.057,     250.198,    250.446,
   47,      115.8,    181.034,     252.162,    252.023,
   48,      118.3,    180.982,     252.511,    253.523,
   49,      120.8,    180.941,     253.121,    254.948,
   50,      123.3,    181.016,     256.331,    256.300,
   51,      125.8,    180.963,     256.958,    257.583,
   52,      128.3,    181.027,     257.697,    258.798,
   53,      130.8,    181.034,     259.619,    259.948,
   54,      133.3,    181.046,     260.432,    261.036,
   55,      135.8,    181.068,     261.780,    262.064,
   56,      138.3,    181.034,     262.105,    263.035,
   57,      140.8,    181.075,     264.255,    263.950,
   58,      143.3,    181.008,     264.629,    264.812,
   59,      145.8,    181.012,     264.900,    265.623,
   60,      148.3,    181.023,     265.988,    266.386,
   61,      150.8,    180.956,     266.640,    267.102,
   62,      153.3,    180.963,     266.076,    267.774,
   63,      155.8,    180.997,     269.618,    268.403,
   64,      158.3,    181.034,     269.286,    268.990,
   65,      160.8,    181.083,     270.318,    269.538,
   66,      163.3,    181.087,     271.693,    270.049,
   67,      165.8,    181.016,     271.247,    270.525,
   68,      168.3,    181.031,     271.501,    270.967,
   69,      170.8,    180.982,     272.679,    271.377,
   70,      175.8,    179.772,     273.016,    273.036,
----,
DateTime:        , 2025/11/20, 12:44:15, 1763657055170,
RFID_EPC:        ,--Not Acquired--,
RFID_UserData:   ,--Not Acquired--,
Barcode:         ,--Not Acquired--,
PIF:,            0.00,
PARs:,            0.0,     0.0,     0.0,     0.0,     0.0,     0.0,
Light:,           0.0,     0.0,     0.0,     0.0,     0.0,     0.0,
Cycles:,            1,
                    1,      69,      70,      70,
Lamps:,        #10000,
Gain:,              2,     100, 
SNR_raw:,     177.49,
Position:,        0.0,              0.0,   NoData,
DataPt,      Time(us),   EX,         EM,       Fit,
==========,==========,==========,==========,=========,
    0,        0.0,      0.000,       0.000,     79.878,
    1,        0.8,    162.165,      78.932,     83.657,
    2,        3.3,    180.647,      88.810,     88.017,
    3,        5.8,    180.703,      97.674,     92.520,
    4,        8.3,    180.666,      99.355,     97.135,
    5,       10.8,    180.729,     103.746,    101.841,
    6,       13.3,    180.781,     107.589,    106.616,
    7,       15.8,    180.736,     113.148,    111.437,
    8,       18.3,    180.841,     116.954,    116.291,
    9,       20.8,    180.841,     121.377,    121.159,
   10,       23.3,    180.871,     125.227,    126.027,
   11,       25.8,    180.886,     129.087,    130.883,
   12,       28.3,    180.819,     132.730,    135.712,
   13,       30.8,    180.807,     138.269,    140.506,
   14,       33.3,    180.834,     144.055,    145.255,
   15,       35.8,    180.845,     148.470,    149.951,
   16,       38.3,    180.905,     153.672,    154.587,
   17,       40.8,    180.912,     157.535,    159.154,
   18,       43.3,    180.916,     163.612,    163.646,
   19,       45.8,    180.923,     167.198,    168.058,
   20,       48.3,    180.912,     172.183,    172.383,
   21,       50.8,    181.050,     177.299,    176.621,
   22,       53.3,    180.987,     182.058,    180.764,
   23,       55.8,    180.961,     185.952,    184.809,
   24,       58.3,    180.893,     189.615,    188.753,
   25,       60.8,    180.934,     194.269,    192.595,
   26,       63.3,    180.934,     197.585,    196.331,
   27,       65.8,    180.927,     202.015,    199.962,
   28,       68.3,    180.946,     203.929,    203.485,
   29,       70.8,    180.957,     208.890,    206.899,
   30,       73.3,    180.931,     211.407,    210.205,
   31,       75.8,    180.927,     213.346,    213.401,
   32,       78.3,    180.994,     216.582,    216.490,
   33,       80.8,    180.875,     219.765,    219.469,
   34,       83.3,    181.005,     223.474,    222.342,
   35,       85.8,    180.961,     224.635,    225.108,
   36,       88.3,    181.005,     227.341,    227.768,
   37,       90.8,    180.949,     230.728,    230.325,
   38,       93.3,    180.927,     234.072,    232.779,
   39,       95.8,    180.942,     234.882,    235.132,
   40,       98.3,    181.031,     236.423,    237.387,
   41,      100.8,    181.005,     240.601,    239.545,
   42,      103.3,    181.043,     241.656,    241.609,
   43,      105.8,    181.099,     243.238,    243.581,
   44,      108.3,    181.076,     245.753,    245.462,
   45,      110.8,    181.005,     246.402,    247.256,
   46,      113.3,    180.990,     248.079,    248.964,
   47,      115.8,    181.013,     251.087,    250.590,
   48,      118.3,    180.931,     251.201,    252.135,
   49,      120.8,    180.912,     253.438,    253.603,
   50,      123.3,    180.987,     254.162,    254.996,
   51,      125.8,    181.069,     255.704,    256.316,
   52,      128.3,    181.054,     257.106,    257.566,
   53,      130.8,    181.050,     258.492,    258.748,
   54,      133.3,    180.957,     259.178,    259.865,
   55,      135.8,    181.031,     261.833,    260.920,
   56,      138.3,    181.069,     261.227,    261.914,
   57,      140.8,    181.031,     262.385,    262.851,
   58,      143.3,    180.905,     263.122,    263.732,
   59,      145.8,    180.931,     264.742,    264.559,
   60,      148.3,    181.046,     264.849,    265.335,
   61,      150.8,    180.968,     265.793,    266.063,
   62,      153.3,    181.005,     266.843,    266.743,
   63,      155.8,    181.073,     266.468,    267.378,
   64,      158.3,    181.054,     268.152,    267.971,
   65,      160.8,    181.076,     268.671,    268.522,
   66,      163.3,    181.080,     270.046,    269.034,
   67,      165.8,    181.043,     269.274,    269.509,
   68,      168.3,    180.972,     270.484,    269.949,
   69,      170.8,    180.942,     271.358,    270.355,
   70,      175.8,    179.911,     271.658,    271.662,
----,
DateTime:        , 2025/11/20, 12:44:20, 1763657059951,
RFID_EPC:        ,--Not Acquired--,
RFID_UserData:   ,--Not Acquired--,
Barcode:         ,--Not Acquired--,
PIF:,            0.00,
PARs:,            0.0,     0.0,     0.0,     0.0,     0.0,     0.0,
Light:,           0.0,     0.0,     0.0,     0.0,     0.0,     0.0,
Cycles:,            1,
                    1,      69,      70,      70,
Lamps:,        #10000,
Gain:,              2,     100, 
SNR_raw:,     172.30,
Position:,        0.0,              0.0,   NoData,
DataPt,      Time(us),   EX,         EM,       Fit,
==========,==========,==========,==========,=========,
    0,        0.0,      0.000,       0.000,     79.029,
    1,        0.8,    162.136,      78.638,     83.244,
    2,        3.3,    180.584,      88.240,     88.025,
    3,        5.8,    180.677,      96.858,     92.885,
    4,        8.3,    180.778,     101.229,     97.805,
    5,       10.8,    180.816,     105.079,    102.764,
    6,       13.3,    180.786,     109.522,    107.744,
    7,       15.8,    180.808,     111.997,    112.732,
    8,       18.3,    180.864,     116.662,    117.715,
    9,       20.8,    180.760,     120.602,    122.677,
   10,       23.3,    180.816,     125.819,    127.611,
   11,       25.8,    180.767,     130.831,    132.505,
   12,       28.3,    180.752,     135.268,    137.350,
   13,       30.8,    180.894,     140.414,    142.143,
   14,       33.3,    180.872,     144.025,    146.872,
   15,       35.8,    180.864,     148.454,    151.530,
   16,       38.3,    180.976,     155.269,    156.115,
   17,       40.8,    180.957,     159.982,    160.618,
   18,       43.3,    180.954,     164.130,    165.035,
   19,       45.8,    180.909,     169.975,    169.360,
   20,       48.3,    180.976,     172.951,    173.593,
   21,       50.8,    180.905,     178.547,    177.728,
   22,       53.3,    180.872,     180.791,    181.763,
   23,       55.8,    180.942,     185.971,    185.696,
   24,       58.3,    180.909,     189.045,    189.525,
   25,       60.8,    180.946,     193.980,    193.250,
   26,       63.3,    180.946,     196.744,    196.867,
   27,       65.8,    180.965,     200.868,    200.378,
   28,       68.3,    180.954,     204.749,    203.781,
   29,       70.8,    181.013,     209.653,    207.076,
   30,       73.3,    180.931,     211.959,    210.263,
   31,       75.8,    180.883,     213.951,    213.341,
   32,       78.3,    180.916,     216.951,    216.313,
   33,       80.8,    181.013,     219.321,    219.180,
   34,       83.3,    180.991,     221.834,    221.943,
   35,       85.8,    180.965,     224.906,    224.601,
   36,       88.3,    181.006,     227.064,    227.157,
   37,       90.8,    181.013,     230.646,    229.613,
   38,       93.3,    181.051,     232.255,    231.971,
   39,       95.8,    181.032,     234.765,    234.232,
   40,       98.3,    181.013,     237.275,    236.397,
   41,      100.8,    181.047,     237.784,    238.470,
   42,      103.3,    180.939,     239.308,    240.451,
   43,      105.8,    180.961,     242.317,    242.345,
   44,      108.3,    180.916,     243.483,    244.152,
   45,      110.8,    180.961,     246.185,    245.875,
   46,      113.3,    180.920,     246.794,    247.517,
   47,      115.8,    181.032,     248.299,    249.081,
   48,      118.3,    181.051,     250.206,    250.568,
   49,      120.8,    181.040,     251.602,    251.980,
   50,      123.3,    181.025,     252.728,    253.322,
   51,      125.8,    181.084,     254.577,    254.594,
   52,      128.3,    181.058,     256.547,    255.799,
   53,      130.8,    181.021,     256.324,    256.939,
   54,      133.3,    180.961,     257.514,    258.017,
   55,      135.8,    180.976,     258.045,    259.035,
   56,      138.3,    180.946,     258.640,    259.996,
   57,      140.8,    180.957,     260.282,    260.901,
   58,      143.3,    181.032,     261.003,    261.753,
   59,      145.8,    180.965,     261.653,    262.554,
   60,      148.3,    181.077,     263.700,    263.305,
   61,      150.8,    181.025,     263.776,    264.010,
   62,      153.3,    181.092,     264.231,    264.669,
   63,      155.8,    181.010,     266.284,    265.286,
   64,      158.3,    180.969,     266.068,    265.861,
   65,      160.8,    180.980,     267.157,    266.396,
   66,      163.3,    181.013,     268.212,    266.894,
   67,      165.8,    180.954,     266.919,    267.356,
   68,      168.3,    181.021,     269.858,    267.783,
   69,      170.8,    180.995,     268.792,    268.177,
   70,      175.8,    179.961,     269.183,    269.108,
----,
DateTime:        , 2025/11/20, 12:44:24, 1763657064649,
RFID_EPC:        ,--Not Acquired--,
RFID_UserData:   ,--Not Acquired--,
Barcode:         ,--Not Acquired--,
PIF:,            0.00,
PARs:,            0.0,     0.0,     0.0,     0.0,     0.0,     0.0,
Light:,           0.0,     0.0,     0.0,     0.0,     0.0,     0.0,
Cycles:,            1,
                    1,      69,      70,      70,
Lamps:,        #10000,
Gain:,              2,     100, 
SNR_raw:,     193.92,
Position:,        0.0,              0.0,   NoData,
DataPt,      Time(us),   EX,         EM,       Fit,
==========,==========,==========,==========,=========,
    0,        0.0,      0.000,       0.000,     80.228,
    1,        0.8,    162.100,      78.655,     83.902,
    2,        3.3,    180.638,      87.673,     88.189,
    3,        5.8,    180.649,      95.766,     92.656,
    4,        8.3,    180.731,     100.149,     97.267,
    5,       10.8,    180.776,     103.996,    101.992,
    6,       13.3,    180.735,     109.000,    106.800,
    7,       15.8,    180.809,     113.379,    111.669,
    8,       18.3,    180.798,     116.428,    116.574,
    9,       20.8,    180.783,     120.863,    121.496,
   10,       23.3,    180.798,     124.725,    126.418,
   11,       25.8,    180.832,     129.679,    131.326,
   12,       28.3,    180.858,     135.465,    136.205,
   13,       30.8,    180.951,     138.988,    141.044,
   14,       33.3,    180.936,     143.421,    145.831,
   15,       35.8,    180.884,     148.161,    150.555,
   16,       38.3,    180.884,     153.137,    155.210,
   17,       40.8,    180.933,     158.899,    159.787,
   18,       43.3,    180.850,     164.224,    164.279,
   19,       45.8,    180.802,     168.416,    168.681,
   20,       48.3,    180.839,     173.635,    172.988,
   21,       50.8,    180.884,     178.015,    177.198,
   22,       53.3,    180.892,     180.771,    181.305,
   23,       55.8,    180.921,     185.992,    185.308,
   24,       58.3,    181.004,     190.604,    189.204,
   25,       60.8,    180.892,     193.763,    192.990,
   26,       63.3,    181.000,     197.514,    196.667,
   27,       65.8,    180.970,     200.862,    200.231,
   28,       68.3,    180.989,     205.538,    203.684,
   29,       70.8,    180.892,     207.859,    207.024,
   30,       73.3,    181.007,     211.317,    210.253,
   31,       75.8,    180.869,     214.796,    213.369,
   32,       78.3,    180.944,     217.747,    216.375,
   33,       80.8,    180.951,     218.291,    219.272,
   34,       83.3,    180.933,     222.459,    222.060,
   35,       85.8,    180.977,     224.337,    224.742,
   36,       88.3,    181.000,     227.072,    227.319,
   37,       90.8,    181.123,     230.230,    229.794,
   38,       93.3,    181.007,     231.759,    232.166,
   39,       95.8,    181.022,     234.778,    234.440,
   40,       98.3,    180.970,     234.846,    236.617,
   41,      100.8,    180.959,     238.176,    238.700,
   42,      103.3,    180.955,     239.839,    240.691,
   43,      105.8,    181.004,     242.537,    242.592,
   44,      108.3,    180.996,     244.480,    244.406,
   45,      110.8,    181.004,     244.747,    246.135,
   46,      113.3,    181.063,     246.323,    247.783,
   47,      115.8,    181.086,     248.501,    249.351,
   48,      118.3,    181.041,     250.772,    250.843,
   49,      120.8,    180.959,     252.267,    252.261,
   50,      123.3,    180.989,     253.331,    253.607,
   51,      125.8,    181.015,     253.847,    254.884,
   52,      128.3,    181.000,     255.525,    256.095,
   53,      130.8,    180.974,     255.286,    257.241,
   54,      133.3,    180.974,     257.496,    258.326,
   55,      135.8,    181.018,     257.432,    259.351,
   56,      138.3,    181.067,     260.125,    260.320,
   57,      140.8,    181.071,     260.672,    261.234,
   58,      143.3,    181.018,     261.852,    262.095,
   59,      145.8,    181.045,     262.642,    262.907,
   60,      148.3,    181.082,     263.417,    263.670,
   61,      150.8,    181.071,     265.090,    264.387,
   62,      153.3,    181.007,     265.183,    265.061,
   63,      155.8,    180.962,     265.801,    265.692,
   64,      158.3,    180.985,     266.321,    266.283,
   65,      160.8,    180.977,     267.437,    266.836,
   66,      163.3,    180.944,     267.763,    267.352,
   67,      165.8,    181.060,     269.525,    267.832,
   68,      168.3,    181.026,     269.298,    268.279,
   69,      170.8,    180.974,     270.481,    268.694,
   70,      175.8,    180.044,     270.252,    270.387,
----,
DateTime:        , 2025/11/20, 12:44:29, 1763657069360,
RFID_EPC:        ,--Not Acquired--,
RFID_UserData:   ,--Not Acquired--,
Barcode:         ,--Not Acquired--,
PIF:,            0.00,
PARs:,            0.0,     0.0,     0.0,     0.0,     0.0,     0.0,
Light:,           0.0,     0.0,     0.0,     0.0,     0.0,     0.0,
Cycles:,            1,
                    1,      69,      70,      70,
Lamps:,        #10000,
Gain:,              2,     100, 
SNR_raw:,     142.13,
Position:,        0.0,              0.0,   NoData,
DataPt,      Time(us),   EX,         EM,       Fit,
==========,==========,==========,==========,=========,
    0,        0.0,      0.000,       0.000,     77.997,
    1,        0.8,    162.060,      78.058,     82.253,
    2,        3.3,    180.496,      87.969,     87.084,
    3,        5.8,    180.675,      96.859,     92.001,
    4,        8.3,    180.675,     100.733,     96.976,
    5,       10.8,    180.672,     104.333,    101.991,
    6,       13.3,    180.754,     109.265,    107.028,
    7,       15.8,    180.829,     112.814,    112.073,
    8,       18.3,    180.907,     116.911,    117.112,
    9,       20.8,    180.929,     120.765,    122.130,
   10,       23.3,    180.862,     126.616,    127.114,
   11,       25.8,    180.836,     131.058,    132.055,
   12,       28.3,    180.877,     134.898,    136.945,
   13,       30.8,    180.899,     139.580,    141.775,
   14,       33.3,    180.877,     144.020,    146.538,
   15,       35.8,    180.929,     149.782,    151.229,
   16,       38.3,    180.858,     154.817,    155.838,
   17,       40.8,    180.888,     158.661,    160.364,
   18,       43.3,    180.914,     163.337,    164.801,
   19,       45.8,    180.933,     168.847,    169.145,
   20,       48.3,    180.997,     173.484,    173.393,
   21,       50.8,    181.011,     177.337,    177.542,
   22,       53.3,    180.959,     179.598,    181.589,
   23,       55.8,    180.892,     185.746,    185.529,
   24,       58.3,    180.993,     189.234,    189.366,
   25,       60.8,    180.929,     193.998,    193.095,
   26,       63.3,    180.922,     197.323,    196.715,
   27,       65.8,    180.922,     201.192,    200.227,
   28,       68.3,    180.974,     203.897,    203.630,
   29,       70.8,    180.948,     208.623,    206.925,
   30,       73.3,    180.967,     212.194,    210.111,
   31,       75.8,    180.952,     213.593,    213.188,
   32,       78.3,    180.937,     216.650,    216.159,
   33,       80.8,    181.004,     219.056,    219.024,
   34,       83.3,    181.038,     222.882,    221.784,
   35,       85.8,    180.993,     224.042,    224.441,
   36,       88.3,    180.959,     227.676,    226.994,
   37,       90.8,    181.030,     230.348,    229.449,
   38,       93.3,    180.959,     233.202,    231.804,
   39,       95.8,    180.989,     234.268,    234.063,
   40,       98.3,    180.926,     236.009,    236.227,
   41,      100.8,    181.049,     238.057,    238.299,
   42,      103.3,    180.952,     240.948,    240.281,
   43,      105.8,    181.041,     241.381,    242.176,
   44,      108.3,    181.097,     244.896,    243.985,
   45,      110.8,    181.023,     246.654,    245.711,
   46,      113.3,    180.926,     247.339,    247.356,
   47,      115.8,    180.982,     249.749,    248.923,
   48,      118.3,    180.974,     250.312,    250.414,
   49,      120.8,    180.963,     251.985,    251.831,
   50,      123.3,    180.959,     253.372,    253.178,
   51,      125.8,    181.004,     253.862,    254.456,
   52,      128.3,    181.053,     255.175,    255.668,
   53,      130.8,    181.019,     256.603,    256.816,
   54,      133.3,    181.079,     256.794,    257.902,
   55,      135.8,    181.004,     257.729,    258.929,
   56,      138.3,    180.989,     258.855,    259.899,
   57,      140.8,    180.855,     260.983,    260.814,
   58,      143.3,    181.034,     262.382,    261.677,
   59,      145.8,    180.982,     262.734,    262.489,
   60,      148.3,    180.922,     262.268,    263.252,
   61,      150.8,    180.967,     263.861,    263.969,
   62,      153.3,    180.982,     264.391,    264.641,
   63,      155.8,    181.034,     264.591,    265.271,
   64,      158.3,    181.060,     267.039,    265.859,
   65,      160.8,    181.079,     268.115,    266.409,
   66,      163.3,    181.015,     267.105,    266.921,
   67,      165.8,    181.030,     268.464,    267.397,
   68,      168.3,    181.090,     268.651,    267.839,
   69,      170.8,    180.985,     268.530,    268.249,
   70,      175.8,    179.880,     269.054,    269.095,
----,
DateTime:        , 2025/11/20, 12:44:34, 1763657074075,
RFID_EPC:        ,--Not Acquired--,
RFID_UserData:   ,--Not Acquired--,
Barcode:         ,--Not Acquired--,
PIF:,            0.00,
PARs:,            0.0,     0.0,     0.0,     0.0,     0.0,     0.0,
Light:,           0.0,     0.0,     0.0,     0.0,     0.0,     0.0,
Cycles:,            1,
                    1,      69,      70,      70,
Lamps:,        #10000,
Gain:,              2,     100, 
SNR_raw:,     179.82,
Position:,        0.0,              0.0,   NoData,
DataPt,      Time(us),   EX,         EM,       Fit,
==========,==========,==========,==========,=========,
    0,        0.0,      0.000,       0.000,     78.098,
    1,        0.8,    162.190,      77.687,     82.093,
    2,        3.3,    180.642,      86.932,     86.676,
    3,        5.8,    180.605,      95.236,     91.381,
    4,        8.3,    180.709,      99.331,     96.184,
    5,       10.8,    180.724,     101.536,    101.060,
    6,       13.3,    180.832,     108.111,    105.990,
    7,       15.8,    180.799,     111.450,    110.951,
    8,       18.3,    180.821,     115.860,    115.927,
    9,       20.8,    180.892,     119.685,    120.905,
   10,       23.3,    180.937,     124.905,    125.868,
   11,       25.8,    180.791,     129.708,    130.802,
   12,       28.3,    180.888,     133.784,    135.698,
   13,       30.8,    180.806,     138.823,    140.544,
   14,       33.3,    180.859,     144.312,    145.334,
   15,       35.8,    180.922,     147.854,    150.058,
   16,       38.3,    180.993,     153.597,    154.710,
   17,       40.8,    180.859,     157.858,    159.279,
   18,       43.3,    180.926,     163.603,    163.763,
   19,       45.8,    180.941,     166.905,    168.157,
   20,       48.3,    180.930,     171.890,    172.455,
   21,       50.8,    180.967,     177.657,    176.655,
   22,       53.3,    180.911,     181.581,    180.751,
   23,       55.8,    180.900,     184.909,    184.742,
   24,       58.3,    180.952,     189.829,    188.626,
   25,       60.8,    180.993,     193.101,    192.402,
   26,       63.3,    180.989,     198.354,    196.068,
   27,       65.8,    180.937,     202.004,    199.621,
   28,       68.3,    180.956,     203.088,    203.063,
   29,       70.8,    180.982,     208.585,    206.394,
   30,       73.3,    180.937,     210.571,    209.612,
   31,       75.8,    181.045,     213.206,    212.720,
   32,       78.3,    180.963,     216.619,    215.717,
   33,       80.8,    180.952,     219.395,    218.605,
   34,       83.3,    180.963,     221.592,    221.384,
   35,       85.8,    180.963,     224.908,    224.057,
   36,       88.3,    180.922,     226.893,    226.624,
   37,       90.8,    180.896,     228.861,    229.088,
   38,       93.3,    180.956,     231.272,    231.451,
   39,       95.8,    181.068,     234.167,    233.716,
   40,       98.3,    181.015,     235.615,    235.883,
   41,      100.8,    181.094,     239.103,    237.956,
   42,      103.3,    181.079,     240.227,    239.937,
   43,      105.8,    181.019,     241.687,    241.828,
   44,      108.3,    181.034,     242.496,    243.631,
   45,      110.8,    180.956,     245.917,    245.349,
   46,      113.3,    180.918,     245.415,    246.985,
   47,      115.8,    180.956,     246.746,    248.542,
   48,      118.3,    180.933,     249.816,    250.021,
   49,      120.8,    181.012,     251.089,    251.426,
   50,      123.3,    181.034,     252.715,    252.759,
   51,      125.8,    180.993,     252.772,    254.023,
   52,      128.3,    181.000,     253.867,    255.220,
   53,      130.8,    181.012,     253.851,    256.352,
   54,      133.3,    181.079,     257.070,    257.422,
   55,      135.8,    181.004,     257.729,    258.433,
   56,      138.3,    181.000,     258.839,    259.387,
   57,      140.8,    180.926,     260.051,    260.286,
   58,      143.3,    180.959,     260.832,    261.132,
   59,      145.8,    180.982,     262.734,    261.927,
   60,      148.3,    181.000,     262.983,    262.674,
   61,      150.8,    181.015,     262.685,    263.375,
   62,      153.3,    181.049,     264.017,    264.031,
   63,      155.8,    181.000,     265.193,    264.645,
   64,      158.3,    181.049,     264.017,    265.218,
   65,      160.8,    180.956,     266.916,    265.753,
   66,      163.3,    181.004,     266.845,    266.251,
   67,      165.8,    180.948,     267.480,    266.714,
   68,      168.3,    180.956,     268.298,    267.143,
   69,      170.8,    180.937,     268.049,    267.540,
   70,      175.8,    179.962,     268.870,    268.859,
----,
DateTime:        , 2025/11/20, 12:44:38, 1763657078818,
RFID_EPC:        ,--Not Acquired--,
RFID_UserData:   ,--Not Acquired--,
Barcode:         ,--Not Acquired--,
PIF:,            0.00,
PARs:,            0.0,     0.0,     0.0,     0.0,     0.0,     0.0,
Light:,           0.0,     0.0,     0.0,     0.0,     0.0,     0.0,
Cycles:,            1,
                    1,      69,      70,      70,
Lamps:,        #10000,
Gain:,              2,     100, 
SNR_raw:,     208.25,
Position:,        0.0,              0.0,   NoData,
DataPt,      Time(us),   EX,         EM,       Fit,
==========,==========,==========,==========,=========,
    0,        0.0,      0.000,       0.000,     78.279,
    1,        0.8,    162.162,      78.317,     82.241,
    2,        3.3,    180.677,      87.780,     86.790,
    3,        5.8,    180.740,      96.271,     91.462,
    4,        8.3,    180.800,      99.004,     96.229,
    5,       10.8,    180.748,     103.182,    101.067,
    6,       13.3,    180.804,     106.192,    105.954,
    7,       15.8,    180.737,     111.211,    110.871,
    8,       18.3,    180.815,     115.864,    115.802,
    9,       20.8,    180.778,     119.760,    120.730,
   10,       23.3,    180.849,     124.413,    125.644,
   11,       25.8,    180.856,     129.937,    130.529,
   12,       28.3,    180.879,     134.344,    135.377,
   13,       30.8,    180.935,     137.895,    140.177,
   14,       33.3,    180.961,     142.849,    144.919,
   15,       35.8,    180.838,     147.923,    149.594,
   16,       38.3,    180.927,     152.824,    154.199,
   17,       40.8,    180.860,     157.028,    158.723,
   18,       43.3,    180.871,     161.717,    163.164,
   19,       45.8,    180.908,     167.764,    167.516,
   20,       48.3,    180.923,     171.067,    171.776,
   21,       50.8,    180.931,     175.481,    175.939,
   22,       53.3,    180.968,     179.590,    180.003,
   23,       55.8,    180.957,     184.022,    183.964,
   24,       58.3,    180.972,     188.427,    187.821,
   25,       60.8,    180.979,     193.392,    191.572,
   26,       63.3,    180.938,     195.370,    195.214,
   27,       65.8,    181.002,     200.274,    198.749,
   28,       68.3,    180.920,     203.129,    202.174,
   29,       70.8,    180.950,     206.964,    205.490,
   30,       73.3,    180.845,     210.678,    208.696,
   31,       75.8,    180.935,     213.060,    211.794,
   32,       78.3,    180.998,     215.472,    214.785,
   33,       80.8,    180.983,     218.805,    217.669,
   34,       83.3,    181.050,     219.552,    220.447,
   35,       85.8,    181.020,     223.179,    223.120,
   36,       88.3,    180.961,     226.292,    225.689,
   37,       90.8,    180.942,     227.697,    228.157,
   38,       93.3,    181.035,     231.446,    230.525,
   39,       95.8,    180.964,     232.642,    232.795,
   40,       98.3,    180.923,     234.353,    234.970,
   41,      100.8,    180.879,     236.623,    237.050,
   42,      103.3,    180.920,     239.056,    239.040,
   43,      105.8,    180.976,     240.916,    240.941,
   44,      108.3,    180.994,     241.720,    242.755,
   45,      110.8,    181.020,     244.447,    244.485,
   46,      113.3,    181.077,     244.372,    246.134,
   47,      115.8,    181.013,     246.944,    247.704,
   48,      118.3,    181.006,     248.059,    249.196,
   49,      120.8,    181.009,     249.435,    250.615,
   50,      123.3,    180.946,     251.180,    251.961,
   51,      125.8,    180.923,     252.593,    253.238,
   52,      128.3,    180.901,     253.730,    254.448,
   53,      130.8,    181.020,     255.220,    255.594,
   54,      133.3,    181.058,     256.548,    256.677,
   55,      135.8,    181.024,     256.319,    257.701,
   56,      138.3,    181.032,     258.794,    258.668,
   57,      140.8,    181.013,     258.545,    259.579,
   58,      143.3,    181.091,     260.090,    260.437,
   59,      145.8,    180.987,     259.964,    261.244,
   60,      148.3,    180.998,     261.329,    262.002,
   61,      150.8,    181.006,     262.975,    262.714,
   62,      153.3,    180.987,     264.108,    263.381,
   63,      155.8,    180.968,     263.858,    264.005,
   64,      158.3,    181.024,     265.158,    264.588,
   65,      160.8,    180.923,     265.029,    265.132,
   66,      163.3,    180.979,     267.986,    265.638,
   67,      165.8,    181.069,     265.921,    266.109,
   68,      168.3,    181.020,     267.373,    266.545,
   69,      170.8,    181.032,     267.909,    266.949,
   70,      175.8,    179.960,     268.124,    268.163,
----,
DateTime:        , 2025/11/20, 12:44:43, 1763657083571,
RFID_EPC:        ,--Not Acquired--,
RFID_UserData:   ,--Not Acquired--,
Barcode:         ,--Not Acquired--,
PIF:,            0.00,
PARs:,            0.0,     0.0,     0.0,     0.0,     0.0,     0.0,
Light:,           0.0,     0.0,     0.0,     0.0,     0.0,     0.0,
Cycles:,            1,
                    1,      69,      70,      70,
Lamps:,        #10000,
Gain:,              2,     100, 
SNR_raw:,     189.29,
Position:,        0.0,              0.0,   NoData,
DataPt,      Time(us),   EX,         EM,       Fit,
==========,==========,==========,==========,=========,
    0,        0.0,      0.000,       0.000,     78.235,
    1,        0.8,    162.276,      78.570,     82.378,
    2,        3.3,    180.750,      88.343,     87.096,
    3,        5.8,    180.705,      97.119,     91.903,
    4,        8.3,    180.717,     100.433,     96.777,
    5,       10.8,    180.728,     103.470,    101.694,
    6,       13.3,    180.754,     107.328,    106.637,
    7,       15.8,    180.750,     112.310,    111.587,
    8,       18.3,    180.687,     115.393,    116.530,
    9,       20.8,    180.788,     119.754,    121.454,
   10,       23.3,    180.803,     124.445,    126.349,
   11,       25.8,    180.896,     128.527,    131.203,
   12,       28.3,    180.941,     133.746,    136.009,
   13,       30.8,    180.877,     138.492,    140.754,
   14,       33.3,    180.963,     142.018,    145.435,
   15,       35.8,    180.956,     146.721,    150.045,
   16,       38.3,    180.903,     151.462,    154.575,
   17,       40.8,    180.885,     156.730,    159.022,
   18,       43.3,    180.881,     163.367,    163.382,
   19,       45.8,    180.844,     166.442,    167.651,
   20,       48.3,    180.974,     171.848,    171.828,
   21,       50.8,    180.941,     175.748,    175.907,
   22,       53.3,    181.027,     178.979,    179.888,
   23,       55.8,    180.956,     185.128,    183.767,
   24,       58.3,    180.978,     188.144,    187.543,
   25,       60.8,    180.989,     191.448,    191.215,
   26,       63.3,    181.004,     195.576,    194.782,
   27,       65.8,    180.948,     200.057,    198.242,
   28,       68.3,    180.948,     202.544,    201.597,
   29,       70.8,    180.888,     206.205,    204.844,
   30,       73.3,    180.903,     209.781,    207.986,
   31,       75.8,    180.952,     212.211,    211.024,
   32,       78.3,    180.974,     216.329,    213.957,
   33,       80.8,    181.004,     218.503,    216.788,
   34,       83.3,    181.000,     219.889,    219.515,
   35,       85.8,    180.974,     222.684,    222.142,
   36,       88.3,    180.989,     225.704,    224.669,
   37,       90.8,    180.982,     229.581,    227.098,
   38,       93.3,    180.956,     229.338,    229.430,
   39,       95.8,    180.918,     232.702,    231.668,
   40,       98.3,    180.985,     233.997,    233.814,
   41,      100.8,    180.956,     236.246,    235.869,
   42,      103.3,    180.989,     238.136,    237.837,
   43,      105.8,    180.997,     240.336,    239.718,
   44,      108.3,    180.978,     242.018,    241.515,
   45,      110.8,    180.967,     243.415,    243.231,
   46,      113.3,    181.045,     245.243,    244.868,
   47,      115.8,    181.068,     246.869,    246.428,
   48,      118.3,    180.985,     248.086,    247.913,
   49,      120.8,    180.941,     249.806,    249.326,
   50,      123.3,    180.956,     249.785,    250.669,
   51,      125.8,    180.982,     251.130,    251.944,
   52,      128.3,    180.963,     252.538,    253.154,
   53,      130.8,    181.064,     253.778,    254.301,
   54,      133.3,    181.041,     254.638,    255.388,
   55,      135.8,    181.086,     255.127,    256.416,
   56,      138.3,    181.019,     256.879,    257.387,
   57,      140.8,    181.015,     257.713,    258.305,
   58,      143.3,    181.049,     258.494,    259.170,
   59,      145.8,    180.989,     259.684,    259.985,
   60,      148.3,    180.959,     259.451,    260.752,
   61,      150.8,    180.963,     260.274,    261.473,
   62,      153.3,    180.971,     263.303,    262.149,
   63,      155.8,    180.922,     263.373,    262.783,
   64,      158.3,    180.941,     264.175,    263.377,
   65,      160.8,    180.974,     264.126,    263.931,
   66,      163.3,    180.967,     264.413,    264.449,
   67,      165.8,    181.056,     265.387,    264.931,
   68,      168.3,    180.993,     266.309,    265.379,
   69,      170.8,    181.053,     266.497,    265.794,
   70,      175.8,    179.918,     266.256,    266.564,
----,
DateTime:        , 2025/11/20, 12:44:48, 1763657088292,
RFID_EPC:        ,--Not Acquired--,
RFID_UserData:   ,--Not Acquired--,
Barcode:         ,--Not Acquired--,
PIF:,            0.00,
PARs:,            0.0,     0.0,     0.0,     0.0,     0.0,     0.0,
Light:,           0.0,     0.0,     0.0,     0.0,     0.0,     0.0,
Cycles:,            1,
                    1,      69,      70,      70,
Lamps:,        #10000,
Gain:,              2,     100, 
SNR_raw:,     191.25,
Position:,        0.0,              0.0,   NoData,
DataPt,      Time(us),   EX,         EM,       Fit,
==========,==========,==========,==========,=========,
    0,        0.0,      0.000,       0.000,     75.778,
    1,        0.8,    162.259,      75.497,     80.363,
    2,        3.3,    180.703,      86.327,     85.507,
    3,        5.8,    180.625,      96.056,     90.646,
    4,        8.3,    180.725,      99.045,     95.771,
    5,       10.8,    180.729,     102.916,    100.877,
    6,       13.3,    180.752,     106.500,    105.957,
    7,       15.8,    180.774,     111.742,    111.007,
    8,       18.3,    180.789,     116.158,    116.022,
    9,       20.8,    180.871,     118.869,    121.000,
   10,       23.3,    180.819,     124.434,    125.930,
   11,       25.8,    180.852,     128.558,    130.812,
   12,       28.3,    180.912,     134.043,    135.641,
   13,       30.8,    180.834,     138.249,    140.408,
   14,       33.3,    180.830,     142.399,    145.111,
   15,       35.8,    180.871,     147.895,    149.746,
   16,       38.3,    180.938,     153.091,    154.311,
   17,       40.8,    180.923,     157.802,    158.799,
   18,       43.3,    180.935,     161.661,    163.206,
   19,       45.8,    180.987,     167.139,    167.530,
   20,       48.3,    181.028,     171.244,    171.767,
   21,       50.8,    180.946,     176.849,    175.911,
   22,       53.3,    181.002,     181.490,    179.963,
   23,       55.8,    180.987,     185.373,    183.917,
   24,       58.3,    180.920,     188.758,    187.771,
   25,       60.8,    180.927,     193.724,    191.525,
   26,       63.3,    180.961,     196.728,    195.176,
   27,       65.8,    180.860,     201.261,    198.721,
   28,       68.3,    180.953,     203.367,    202.163,
   29,       70.8,    180.976,     206.934,    205.499,
   30,       73.3,    180.972,     210.254,    208.729,
   31,       75.8,    180.976,     212.736,    211.851,
   32,       78.3,    181.020,     216.826,    214.867,
   33,       80.8,    181.002,     218.782,    217.776,
   34,       83.3,    181.024,     220.136,    220.579,
   35,       85.8,    180.938,     224.110,    223.275,
   36,       88.3,    180.968,     226.559,    225.867,
   37,       90.8,    180.931,     228.817,    228.356,
   38,       93.3,    180.860,     231.671,    230.741,
   39,       95.8,    180.953,     233.762,    233.028,
   40,       98.3,    181.006,     235.628,    235.217,
   41,      100.8,    181.020,     237.266,    237.310,
   42,      103.3,    180.935,     238.484,    239.307,
   43,      105.8,    181.032,     240.566,    241.212,
   44,      108.3,    181.065,     242.730,    243.028,
   45,      110.8,    181.024,     244.442,    244.756,
   46,      113.3,    180.991,     245.869,    246.398,
   47,      115.8,    181.065,     249.081,    247.957,
   48,      118.3,    180.987,     248.637,    249.435,
   49,      120.8,    180.953,     250.065,    250.835,
   50,      123.3,    180.976,     251.968,    252.160,
   51,      125.8,    180.998,     253.870,    253.412,
   52,      128.3,    181.073,     252.661,    254.594,
   53,      130.8,    181.020,     254.944,    255.708,
   54,      133.3,    181.047,     256.011,    256.757,
   55,      135.8,    180.968,     257.228,    257.743,
   56,      138.3,    181.032,     258.242,    258.669,
   57,      140.8,    181.013,     258.821,    259.537,
   58,      143.3,    180.961,     260.277,    260.349,
   59,      145.8,    180.942,     261.133,    261.107,
   60,      148.3,    180.957,     261.664,    261.815,
   61,      150.8,    180.938,     261.968,    262.474,
   62,      153.3,    181.017,     263.512,    263.087,
   63,      155.8,    181.009,     263.799,    263.656,
   64,      158.3,    180.942,     265.002,    264.182,
   65,      160.8,    181.024,     264.053,    264.667,
   66,      163.3,    181.017,     266.826,    265.115,
   67,      165.8,    181.009,     264.904,    265.525,
   68,      168.3,    180.987,     265.765,    265.900,
   69,      170.8,    180.905,     267.268,    266.242,
   70,      175.8,    179.956,     266.474,    266.005,
----,
DateTime:        , 2025/11/20, 12:44:53, 1763657093016,
RFID_EPC:        ,--Not Acquired--,
RFID_UserData:   ,--Not Acquired--,
Barcode:         ,--Not Acquired--,
PIF:,            0.00,
PARs:,            0.0,     0.0,     0.0,     0.0,     0.0,     0.0,
Light:,           0.0,     0.0,     0.0,     0.0,     0.0,     0.0,
Cycles:,            1,
                    1,      69,      70,      70,
Lamps:,        #10000,
Gain:,              2,     100, 
SNR_raw:,     206.90,
Position:,        0.0,              0.0,   NoData,
DataPt,      Time(us),   EX,         EM,       Fit,
==========,==========,==========,==========,=========,
    0,        0.0,      0.000,       0.000,     79.683,
    1,        0.8,    162.179,      78.000,     83.454,
    2,        3.3,    180.603,      87.352,     87.810,
    3,        5.8,    180.685,      95.747,     92.311,
    4,        8.3,    180.704,      99.057,     96.928,
    5,       10.8,    180.681,     104.051,    101.634,
    6,       13.3,    180.756,     106.774,    106.407,
    7,       15.8,    180.790,     112.285,    111.227,
    8,       18.3,    180.857,     116.390,    116.076,
    9,       20.8,    180.846,     119.715,    120.936,
   10,       23.3,    180.835,     124.700,    125.792,
   11,       25.8,    180.935,     128.223,    130.634,
   12,       28.3,    180.838,     134.374,    135.445,
   13,       30.8,    180.831,     139.357,    140.216,
   14,       33.3,    180.905,     144.551,    144.940,
   15,       35.8,    180.902,     148.423,    149.606,
   16,       38.3,    180.857,     152.883,    154.206,
   17,       40.8,    180.958,     158.324,    158.735,
   18,       43.3,    180.917,     162.782,    163.185,
   19,       45.8,    180.969,     168.537,    167.551,
   20,       48.3,    180.924,     171.619,    171.827,
   21,       50.8,    180.924,     176.593,    176.010,
   22,       53.3,    180.999,     180.388,    180.096,
   23,       55.8,    180.913,     184.343,    184.080,
   24,       58.3,    180.898,     187.398,    187.961,
   25,       60.8,    180.973,     193.399,    191.737,
   26,       63.3,    180.909,     196.507,    195.405,
   27,       65.8,    180.861,     201.260,    198.963,
   28,       68.3,    180.950,     203.095,    202.413,
   29,       70.8,    180.943,     205.866,    205.753,
   30,       73.3,    180.984,     209.963,    208.983,
   31,       75.8,    180.969,     213.296,    212.102,
   32,       78.3,    181.003,     216.019,    215.111,
   33,       80.8,    180.950,     218.568,    218.010,
   34,       83.3,    181.006,     223.473,    220.802,
   35,       85.8,    180.999,     225.416,    223.486,
   36,       88.3,    180.969,     226.282,    226.064,
   37,       90.8,    180.928,     229.926,    228.538,
   38,       93.3,    180.939,     232.399,    230.909,
   39,       95.8,    180.999,     232.874,    233.181,
   40,       98.3,    181.070,     235.269,    235.354,
   41,      100.8,    180.961,     236.791,    237.431,
   42,      103.3,    181.032,     239.184,    239.414,
   43,      105.8,    181.014,     242.247,    241.305,
   44,      108.3,    181.073,     242.719,    243.108,
   45,      110.8,    181.017,     245.280,    244.824,
   46,      113.3,    180.947,     245.929,    246.456,
   47,      115.8,    180.984,     248.365,    248.007,
   48,      118.3,    180.928,     248.994,    249.479,
   49,      120.8,    180.980,     249.751,    250.875,
   50,      123.3,    180.932,     250.924,    252.198,
   51,      125.8,    180.991,     252.498,    253.449,
   52,      128.3,    181.088,     253.744,    254.633,
   53,      130.8,    180.969,     254.187,    255.751,
   54,      133.3,    181.096,     255.666,    256.806,
   55,      135.8,    180.988,     257.476,    257.800,
   56,      138.3,    181.006,     258.002,    258.735,
   57,      140.8,    180.950,     259.187,    259.615,
   58,      143.3,    180.943,     260.027,    260.442,
   59,      145.8,    181.014,     260.478,    261.216,
   60,      148.3,    180.976,     261.360,    261.942,
   61,      150.8,    181.017,     262.406,    262.621,
   62,      153.3,    181.055,     262.904,    263.255,
   63,      155.8,    180.988,     263.554,    263.846,
   64,      158.3,    181.059,     265.936,    264.396,
   65,      160.8,    181.096,     266.157,    264.907,
   66,      163.3,    180.988,     266.317,    265.382,
   67,      165.8,    181.006,     266.842,    265.820,
   68,      168.3,    180.984,     267.980,    266.225,
   69,      170.8,    180.995,     268.516,    266.598,
   70,      175.8,    179.968,     267.389,    267.611,
----,
DateTime:        , 2025/11/20, 12:44:57, 1763657097717,
RFID_EPC:        ,--Not Acquired--,
RFID_UserData:   ,--Not Acquired--,
Barcode:         ,--Not Acquired--,
PIF:,            0.00,
PARs:,            0.0,     0.0,     0.0,     0.0,     0.0,     0.0,
Light:,           0.0,     0.0,     0.0,     0.0,     0.0,     0.0,
Cycles:,            1,
                    1,      69,      70,      70,
Lamps:,        #10000,
Gain:,              2,     100, 
SNR_raw:,     184.07,
Position:,        0.0,              0.0,   NoData,
DataPt,      Time(us),   EX,         EM,       Fit,
==========,==========,==========,==========,=========,
    0,        0.0,      0.000,       0.000,     79.789,
    1,        0.8,    162.159,      78.318,     83.568,
    2,        3.3,    180.640,      87.796,     87.949,
    3,        5.8,    180.682,      96.302,     92.489,
    4,        8.3,    180.715,      99.328,     97.156,
    5,       10.8,    180.708,     102.929,    101.919,
    6,       13.3,    180.775,     108.975,    106.753,
    7,       15.8,    180.835,     112.534,    111.635,
    8,       18.3,    180.741,     115.635,    116.542,
    9,       20.8,    180.842,     120.547,    121.458,
   10,       23.3,    180.857,     124.961,    126.366,
   11,       25.8,    180.850,     129.389,    131.250,
   12,       28.3,    180.864,     134.631,    136.099,
   13,       30.8,    180.850,     139.066,    140.900,
   14,       33.3,    180.816,     144.069,    145.644,
   15,       35.8,    180.887,     147.882,    150.321,
   16,       38.3,    180.879,     153.694,    154.925,
   17,       40.8,    180.928,     158.903,    159.447,
   18,       43.3,    180.928,     162.772,    163.883,
   19,       45.8,    180.943,     166.351,    168.227,
   20,       48.3,    180.984,     171.562,    172.474,
   21,       50.8,    180.947,     176.295,    176.620,
   22,       53.3,    181.059,     180.328,    180.664,
   23,       55.8,    180.988,     184.819,    184.600,
   24,       58.3,    180.954,     189.275,    188.428,
   25,       60.8,    180.932,     192.338,    192.147,
   26,       63.3,    180.958,     195.626,    195.754,
   27,       65.8,    180.879,     200.133,    199.249,
   28,       68.3,    180.898,     203.153,    202.633,
   29,       70.8,    180.980,     206.652,    205.906,
   30,       73.3,    180.973,     211.081,    209.068,
   31,       75.8,    180.965,     213.024,    212.119,
   32,       78.3,    180.999,     215.471,    215.061,
   33,       80.8,    181.047,     217.899,    217.895,
   34,       83.3,    180.976,     221.576,    220.622,
   35,       85.8,    180.965,     223.247,    223.243,
   36,       88.3,    180.932,     225.499,    225.761,
   37,       90.8,    180.969,     229.321,    228.177,
   38,       93.3,    180.894,     230.245,    230.494,
   39,       95.8,    180.965,     230.984,    232.714,
   40,       98.3,    180.980,     236.214,    234.838,
   41,      100.8,    181.040,     236.688,    236.871,
   42,      103.3,    181.010,     238.937,    238.813,
   43,      105.8,    180.954,     241.221,    240.667,
   44,      108.3,    181.036,     242.493,    242.436,
   45,      110.8,    181.006,     243.085,    244.122,
   46,      113.3,    181.010,     245.014,    245.728,
   47,      115.8,    181.010,     246.395,    247.256,
   48,      118.3,    180.962,     248.672,    248.710,
   49,      120.8,    180.965,     249.772,    250.090,
   50,      123.3,    181.047,     250.487,    251.401,
   51,      125.8,    180.928,     253.416,    252.644,
   52,      128.3,    181.047,     254.353,    253.822,
   53,      130.8,    181.010,     254.406,    254.937,
   54,      133.3,    180.995,     255.808,    255.992,
   55,      135.8,    181.036,     256.026,    256.989,
   56,      138.3,    181.062,     257.646,    257.929,
   57,      140.8,    181.003,     257.179,    258.817,
   58,      143.3,    181.021,     258.533,    259.653,
   59,      145.8,    180.976,     260.255,    260.440,
   60,      148.3,    180.917,     260.617,    261.180,
   61,      150.8,    181.025,     261.290,    261.874,
   62,      153.3,    180.969,     263.857,    262.526,
   63,      155.8,    180.969,     263.857,    263.135,
   64,      158.3,    181.018,     264.063,    263.705,
   65,      160.8,    181.006,     264.908,    264.237,
   66,      163.3,    181.040,     265.135,    264.733,
   67,      165.8,    181.107,     265.865,    265.194,
   68,      168.3,    180.999,     266.300,    265.623,
   69,      170.8,    180.917,     267.526,    266.020,
   70,      175.8,    179.968,     267.923,    267.817,
----,
DateTime:        , 2025/11/20, 12:45:02, 1763657102479,
RFID_EPC:        ,--Not Acquired--,
RFID_UserData:   ,--Not Acquired--,
Barcode:         ,--Not Acquired--,
PIF:,            0.00,
PARs:,            0.0,     0.0,     0.0,     0.0,     0.0,     0.0,
Light:,           0.0,     0.0,     0.0,     0.0,     0.0,     0.0,
Cycles:,            1,
                    1,      69,      70,      70,
Lamps:,        #10000,
Gain:,              2,     100, 
SNR_raw:,     183.07,
Position:,        0.0,              0.0,   NoData,
DataPt,      Time(us),   EX,         EM,       Fit,
==========,==========,==========,==========,=========,
    0,        0.0,      0.000,       0.000,     80.928,
    1,        0.8,    162.152,      80.788,     84.445,
    2,        3.3,    180.681,      89.410,     88.601,
    3,        5.8,    180.652,      97.148,     92.977,
    4,        8.3,    180.752,      99.584,     97.532,
    5,       10.8,    180.708,     102.375,    102.222,
    6,       13.3,    180.749,     107.885,    107.015,
    7,       15.8,    180.723,     112.880,    111.877,
    8,       18.3,    180.726,     115.645,    116.785,
    9,       20.8,    180.741,     121.444,    121.713,
   10,       23.3,    180.793,     125.558,    126.643,
   11,       25.8,    180.872,     131.032,    131.557,
   12,       28.3,    180.864,     135.184,    136.439,
   13,       30.8,    180.876,     139.875,    141.275,
   14,       33.3,    180.879,     144.572,    146.052,
   15,       35.8,    180.928,     149.783,    150.763,
   16,       38.3,    180.887,     152.858,    155.396,
   17,       40.8,    180.898,     157.824,    159.945,
   18,       43.3,    180.853,     163.669,    164.404,
   19,       45.8,    180.928,     167.746,    168.766,
   20,       48.3,    180.909,     171.633,    173.029,
   21,       50.8,    180.988,     176.531,    177.187,
   22,       53.3,    180.969,     182.075,    181.239,
   23,       55.8,    181.036,     184.770,    185.182,
   24,       58.3,    180.961,     189.267,    189.013,
   25,       60.8,    180.988,     192.831,    192.732,
   26,       63.3,    180.939,     197.580,    196.338,
   27,       65.8,    180.868,     201.528,    199.831,
   28,       68.3,    180.913,     203.689,    203.210,
   29,       70.8,    180.913,     207.282,    206.477,
   30,       73.3,    180.935,     211.402,    209.632,
   31,       75.8,    180.958,     212.204,    212.676,
   32,       78.3,    180.988,     215.484,    215.611,
   33,       80.8,    181.006,     218.224,    218.438,
   34,       83.3,    181.025,     221.240,    221.159,
   35,       85.8,    180.984,     223.777,    223.775,
   36,       88.3,    180.958,     226.020,    226.289,
   37,       90.8,    180.969,     229.874,    228.703,
   38,       93.3,    180.961,     232.646,    231.018,
   39,       95.8,    180.935,     232.956,    233.237,
   40,       98.3,    181.003,     234.251,    235.363,
   41,      100.8,    180.999,     238.952,    237.398,
   42,      103.3,    180.958,     239.282,    239.344,
   43,      105.8,    180.995,     241.719,    241.205,
   44,      108.3,    181.055,     242.744,    242.981,
   45,      110.8,    181.003,     243.919,    244.677,
   46,      113.3,    181.044,     247.730,    246.294,
   47,      115.8,    181.044,     248.283,    247.835,
   48,      118.3,    181.055,     248.267,    249.303,
   49,      120.8,    180.976,     249.480,    250.700,
   50,      123.3,    181.017,     251.357,    252.028,
   51,      125.8,    180.943,     252.842,    253.291,
   52,      128.3,    180.999,     253.869,    254.490,
   53,      130.8,    180.980,     255.553,    255.627,
   54,      133.3,    180.969,     256.121,    256.705,
   55,      135.8,    181.055,     257.933,    257.726,
   56,      138.3,    181.081,     257.620,    258.692,
   57,      140.8,    181.006,     259.107,    259.606,
   58,      143.3,    181.055,     259.314,    260.469,
   59,      145.8,    180.973,     261.642,    261.284,
   60,      148.3,    181.021,     261.572,    262.053,
   61,      150.8,    181.017,     263.234,    262.777,
   62,      153.3,    181.032,     263.213,    263.458,
   63,      155.8,    180.991,     264.930,    264.099,
   64,      158.3,    181.003,     265.742,    264.700,
   65,      160.8,    181.014,     265.726,    265.264,
   66,      163.3,    180.935,     266.670,    265.792,
   67,      165.8,    181.040,     266.792,    266.285,
   68,      168.3,    181.017,     266.825,    266.746,
   69,      170.8,    181.073,     267.571,    267.174,
   70,      175.8,    179.983,     270.063,    269.808,
----,
DateTime:        , 2025/11/20, 12:45:07, 1763657107250,
RFID_EPC:        ,--Not Acquired--,
RFID_UserData:   ,--Not Acquired--,
Barcode:         ,--Not Acquired--,
PIF:,            0.00,
PARs:,            0.0,     0.0,     0.0,     0.0,     0.0,     0.0,
Light:,           0.0,     0.0,     0.0,     0.0,     0.0,     0.0,
Cycles:,            1,
                    1,      69,      70,      70,
Lamps:,        #10000,
Gain:,              2,     100, 
SNR_raw:,     148.63,
Position:,        0.0,              0.0,   NoData,
DataPt,      Time(us),   EX,         EM,       Fit,
==========,==========,==========,==========,=========,
    0,        0.0,      0.000,       0.000,     77.804,
    1,        0.8,    162.053,      78.986,     82.017,
    2,        3.3,    180.597,      88.116,     86.824,
    3,        5.8,    180.675,      96.305,     91.731,
    4,        8.3,    180.705,     100.163,     96.711,
    5,       10.8,    180.754,     104.286,    101.738,
    6,       13.3,    180.780,     108.143,    106.793,
    7,       15.8,    180.787,     111.457,    111.855,
    8,       18.3,    180.840,     118.337,    116.910,
    9,       20.8,    180.795,     120.579,    121.940,
   10,       23.3,    180.888,     126.321,    126.937,
   11,       25.8,    180.873,     130.478,    131.887,
   12,       28.3,    180.851,     134.365,    136.780,
   13,       30.8,    180.888,     139.589,    141.608,
   14,       33.3,    180.922,     143.156,    146.364,
   15,       35.8,    180.832,     148.480,    151.038,
   16,       38.3,    180.896,     153.956,    155.629,
   17,       40.8,    180.896,     158.931,    160.130,
   18,       43.3,    180.877,     162.541,    164.535,
   19,       45.8,    180.899,     167.773,    168.844,
   20,       48.3,    180.937,     172.160,    173.052,
   21,       50.8,    181.004,     176.516,    177.157,
   22,       53.3,    180.918,     180.745,    181.156,
   23,       55.8,    180.948,     185.136,    185.048,
   24,       58.3,    180.952,     189.001,    188.832,
   25,       60.8,    180.944,     193.430,    192.507,
   26,       63.3,    180.903,     197.896,    196.072,
   27,       65.8,    180.952,     200.606,    199.528,
   28,       68.3,    181.015,     204.955,    202.876,
   29,       70.8,    180.989,     208.300,    206.115,
   30,       73.3,    181.034,     210.734,    209.247,
   31,       75.8,    180.963,     213.856,    212.270,
   32,       78.3,    180.970,     215.781,    215.188,
   33,       80.8,    181.011,     217.666,    218.002,
   34,       83.3,    180.929,     220.528,    220.711,
   35,       85.8,    180.963,     223.803,    223.320,
   36,       88.3,    180.922,     226.065,    225.829,
   37,       90.8,    180.974,     229.038,    228.240,
   38,       93.3,    180.981,     230.134,    230.556,
   39,       95.8,    181.049,     233.639,    232.779,
   40,       98.3,    181.082,     235.252,    234.910,
   41,      100.8,    181.004,     237.011,    236.952,
   42,      103.3,    181.030,     239.187,    238.907,
   43,      105.8,    181.037,     241.110,    240.777,
   44,      108.3,    181.000,     242.817,    242.565,
   45,      110.8,    180.933,     245.395,    244.272,
   46,      113.3,    180.937,     247.600,    245.902,
   47,      115.8,    180.896,     246.551,    247.456,
   48,      118.3,    180.989,     250.015,    248.938,
   49,      120.8,    181.037,     250.501,    250.349,
   50,      123.3,    181.064,     251.293,    251.692,
   51,      125.8,    181.064,     252.397,    252.969,
   52,      128.3,    181.019,     254.117,    254.183,
   53,      130.8,    181.112,     256.747,    255.335,
   54,      133.3,    181.045,     254.633,    256.427,
   55,      135.8,    180.981,     257.485,    257.463,
   56,      138.3,    180.955,     258.351,    258.444,
   57,      140.8,    181.008,     258.829,    259.372,
   58,      143.3,    180.911,     260.350,    260.249,
   59,      145.8,    180.959,     260.832,    261.077,
   60,      148.3,    181.019,     262.127,    261.858,
   61,      150.8,    181.008,     262.972,    262.594,
   62,      153.3,    181.023,     263.227,    263.286,
   63,      155.8,    180.985,     265.215,    263.938,
   64,      158.3,    180.996,     264.922,    264.549,
   65,      160.8,    181.000,     265.193,    265.123,
   66,      163.3,    181.049,     265.674,    265.659,
   67,      165.8,    181.000,     267.956,    266.161,
   68,      168.3,    181.023,     267.094,    266.630,
   69,      170.8,    180.959,     267.740,    267.067,
   70,      175.8,    179.910,     268.353,    268.305,
----,
DateTime:        , 2025/11/20, 12:45:12, 1763657111962,
RFID_EPC:        ,--Not Acquired--,
RFID_UserData:   ,--Not Acquired--,
Barcode:         ,--Not Acquired--,
PIF:,            0.00,
PARs:,            0.0,     0.0,     0.0,     0.0,     0.0,     0.0,
Light:,           0.0,     0.0,     0.0,     0.0,     0.0,     0.0,
Cycles:,            1,
                    1,      69,      70,      70,
Lamps:,        #10000,
Gain:,              2,     100, 
SNR_raw:,     198.13,
Position:,        0.0,              0.0,   NoData,
DataPt,      Time(us),   EX,         EM,       Fit,
==========,==========,==========,==========,=========,
    0,        0.0,      0.000,       0.000,     75.789,
    1,        0.8,    162.154,      75.854,     80.138,
    2,        3.3,    180.610,      85.612,     85.048,
    3,        5.8,    180.673,      94.369,     90.016,
    4,        8.3,    180.770,      99.021,     95.026,
    5,       10.8,    180.774,     102.061,    100.060,
    6,       13.3,    180.834,     106.175,    105.107,
    7,       15.8,    180.793,     110.347,    110.151,
    8,       18.3,    180.856,     115.561,    115.185,
    9,       20.8,    180.796,     118.918,    120.193,
   10,       23.3,    180.830,     123.320,    125.171,
   11,       25.8,    180.804,     126.933,    130.106,
   12,       28.3,    180.819,     132.177,    134.993,
   13,       30.8,    180.781,     136.352,    139.822,
   14,       33.3,    180.856,     142.655,    144.590,
   15,       35.8,    180.968,     146.158,    149.291,
   16,       38.3,    180.882,     151.203,    153.915,
   17,       40.8,    180.901,     155.334,    158.459,
   18,       43.3,    180.957,     160.812,    162.919,
   19,       45.8,    180.964,     166.884,    167.291,
   20,       48.3,    180.908,     169.976,    171.568,
   21,       50.8,    180.968,     175.445,    175.750,
   22,       53.3,    180.938,     180.172,    179.833,
   23,       55.8,    180.938,     185.146,    183.813,
   24,       58.3,    180.964,     188.435,    187.690,
   25,       60.8,    181.009,     192.532,    191.462,
   26,       63.3,    180.949,     196.464,    195.126,
   27,       65.8,    180.957,     200.048,    198.681,
   28,       68.3,    180.968,     203.074,    202.128,
   29,       70.8,    180.946,     205.863,    205.464,
   30,       73.3,    180.949,     210.832,    208.691,
   31,       75.8,    180.886,     212.841,    211.808,
   32,       78.3,    180.912,     215.574,    214.816,
   33,       80.8,    180.897,     218.080,    217.716,
   34,       83.3,    181.013,     222.084,    220.509,
   35,       85.8,    180.968,     223.796,    223.196,
   36,       88.3,    181.017,     224.841,    225.779,
   37,       90.8,    180.979,     228.755,    228.257,
   38,       93.3,    181.017,     230.918,    230.635,
   39,       95.8,    181.005,     233.971,    232.912,
   40,       98.3,    180.998,     234.809,    235.091,
   41,      100.8,    181.005,     236.733,    237.175,
   42,      103.3,    180.942,     239.580,    239.164,
   43,      105.8,    180.920,     240.991,    241.062,
   44,      108.3,    180.976,     242.850,    242.872,
   45,      110.8,    180.976,     243.956,    244.595,
   46,      113.3,    180.983,     245.603,    246.234,
   47,      115.8,    180.972,     247.552,    247.792,
   48,      118.3,    181.017,     249.425,    249.271,
   49,      120.8,    181.028,     250.238,    250.674,
   50,      123.3,    181.088,     251.812,    252.003,
   51,      125.8,    181.017,     253.292,    253.260,
   52,      128.3,    180.935,     253.407,    254.449,
   53,      130.8,    180.994,     254.980,    255.571,
   54,      133.3,    180.987,     256.096,    256.629,
   55,      135.8,    180.972,     257.775,    257.626,
   56,      138.3,    181.020,     258.534,    258.564,
   57,      140.8,    180.979,     258.317,    259.446,
   58,      143.3,    181.076,     260.111,    260.273,
   59,      145.8,    181.103,     261.178,    261.048,
   60,      148.3,    181.028,     262.391,    261.774,
   61,      150.8,    180.953,     262.499,    262.451,
   62,      153.3,    180.991,     263.550,    263.082,
   63,      155.8,    180.957,     265.256,    263.670,
   64,      158.3,    180.983,     264.942,    264.216,
   65,      160.8,    180.987,     265.489,    264.723,
   66,      163.3,    180.968,     266.622,    265.191,
   67,      165.8,    180.991,     265.484,    265.623,
   68,      168.3,    181.039,     266.241,    266.021,
   69,      170.8,    181.091,     266.164,    266.385,
   70,      175.8,    180.012,     266.661,    266.812,
----,
DateTime:        , 2025/11/20, 12:45:16, 1763657116664,
RFID_EPC:        ,--Not Acquired--,
RFID_UserData:   ,--Not Acquired--,
Barcode:         ,--Not Acquired--,
PIF:,            0.00,
PARs:,            0.0,     0.0,     0.0,     0.0,     0.0,     0.0,
Light:,           0.0,     0.0,     0.0,     0.0,     0.0,     0.0,
Cycles:,            1,
                    1,      69,      70,      70,
Lamps:,        #10000,
Gain:,              2,     100, 
SNR_raw:,     171.77,
Position:,        0.0,              0.0,   NoData,
DataPt,      Time(us),   EX,         EM,       Fit,
==========,==========,==========,==========,=========,
    0,        0.0,      0.000,       0.000,     77.502,
    1,        0.8,    162.175,      78.619,     81.606,
    2,        3.3,    180.629,      87.333,     86.303,
    3,        5.8,    180.763,      95.152,     91.119,
    4,        8.3,    180.756,      98.475,     96.022,
    5,       10.8,    180.849,     102.019,    100.990,
    6,       13.3,    180.808,     105.913,    105.999,
    7,       15.8,    180.734,     110.937,    111.029,
    8,       18.3,    180.737,     116.744,    116.064,
    9,       20.8,    180.805,     120.019,    121.089,
   10,       23.3,    180.808,     126.377,    126.091,
   11,       25.8,    180.790,     129.432,    131.055,
   12,       28.3,    180.861,     134.634,    135.974,
   13,       30.8,    180.875,     138.493,    140.836,
   14,       33.3,    180.905,     143.998,    145.632,
   15,       35.8,    180.853,     148.740,    150.353,
   16,       38.3,    180.965,     154.173,    154.996,
   17,       40.8,    180.883,     157.560,    159.552,
   18,       43.3,    180.935,     163.318,    164.016,
   19,       45.8,    180.883,     166.959,    168.384,
   20,       48.3,    180.864,     173.058,    172.651,
   21,       50.8,    180.846,     175.841,    176.815,
   22,       53.3,    180.931,     181.560,    180.874,
   23,       55.8,    180.954,     184.577,    184.826,
   24,       58.3,    181.029,     190.578,    188.669,
   25,       60.8,    180.995,     192.823,    192.401,
   26,       63.3,    180.980,     197.259,    196.021,
   27,       65.8,    181.002,     202.483,    199.529,
   28,       68.3,    180.991,     204.430,    202.925,
   29,       70.8,    180.939,     207.529,    206.208,
   30,       73.3,    180.905,     210.331,    209.380,
   31,       75.8,    180.846,     213.995,    212.440,
   32,       78.3,    180.905,     216.135,    215.391,
   33,       80.8,    180.943,     218.578,    218.234,
   34,       83.3,    181.032,     220.126,    220.972,
   35,       85.8,    180.995,     224.039,    223.603,
   36,       88.3,    181.073,     225.875,    226.132,
   37,       90.8,    180.946,     229.626,    228.558,
   38,       93.3,    181.014,     230.369,    230.886,
   39,       95.8,    180.999,     232.598,    233.116,
   40,       98.3,    181.036,     235.312,    235.252,
   41,      100.8,    180.958,     236.796,    237.294,
   42,      103.3,    180.984,     239.248,    239.247,
   43,      105.8,    180.969,     241.478,    241.112,
   44,      108.3,    181.010,     241.423,    242.892,
   45,      110.8,    181.043,     243.588,    244.589,
   46,      113.3,    181.036,     246.636,    246.206,
   47,      115.8,    181.017,     246.661,    247.745,
   48,      118.3,    181.025,     248.309,    249.209,
   49,      120.8,    181.085,     249.331,    250.601,
   50,      123.3,    181.014,     250.810,    251.922,
   51,      125.8,    180.935,     253.682,    253.176,
   52,      128.3,    180.894,     252.634,    254.365,
   53,      130.8,    180.999,     254.974,    255.491,
   54,      133.3,    180.984,     255.272,    256.556,
   55,      135.8,    180.961,     256.961,    257.564,
   56,      138.3,    180.965,     258.337,    258.515,
   57,      140.8,    181.055,     258.762,    259.413,
   58,      143.3,    181.047,     259.048,    260.259,
   59,      145.8,    181.062,     261.236,    261.055,
   60,      148.3,    181.070,     261.226,    261.805,
   61,      150.8,    180.973,     262.747,    262.509,
   62,      153.3,    180.939,     261.967,    263.170,
   63,      155.8,    180.999,     264.919,    263.789,
   64,      158.3,    181.014,     264.897,    264.369,
   65,      160.8,    180.980,     265.499,    264.910,
   66,      163.3,    180.909,     265.603,    265.415,
   67,      165.8,    180.965,     266.350,    265.886,
   68,      168.3,    181.047,     267.334,    266.323,
   69,      170.8,    181.025,     267.643,    266.728,
   70,      175.8,    179.998,     268.184,    268.148,
----,
DateTime:        , 2025/11/20, 12:45:21, 1763657121393,
RFID_EPC:        ,--Not Acquired--,
RFID_UserData:   ,--Not Acquired--,
Barcode:         ,--Not Acquired--,
PIF:,            0.00,
PARs:,            0.0,     0.0,     0.0,     0.0,     0.0,     0.0,
Light:,           0.0,     0.0,     0.0,     0.0,     0.0,     0.0,
Cycles:,            1,
                    1,      69,      70,      70,
Lamps:,        #10000,
Gain:,              2,     100, 
SNR_raw:,     177.37,
Position:,        0.0,              0.0,   NoData,
DataPt,      Time(us),   EX,         EM,       Fit,
==========,==========,==========,==========,=========,
    0,        0.0,      0.000,       0.000,     79.166,
    1,        0.8,    162.034,      78.996,     83.147,
    2,        3.3,    180.641,      88.102,     87.700,
    3,        5.8,    180.753,      96.264,     92.360,
    4,        8.3,    180.704,      99.887,     97.103,
    5,       10.8,    180.801,     104.258,    101.912,
    6,       13.3,    180.727,     109.834,    106.765,
    7,       15.8,    180.835,     112.810,    111.650,
    8,       18.3,    180.764,     117.003,    116.548,
    9,       20.8,    180.798,     120.577,    121.449,
   10,       23.3,    180.730,     123.942,    126.336,
   11,       25.8,    180.827,     129.682,    131.204,
   12,       28.3,    180.872,     133.243,    136.039,
   13,       30.8,    180.898,     139.581,    140.832,
   14,       33.3,    180.887,     143.460,    145.574,
   15,       35.8,    180.932,     149.504,    150.257,
   16,       38.3,    180.988,     153.325,    154.876,
   17,       40.8,    180.854,     158.692,    159.418,
   18,       43.3,    180.895,     162.802,    163.882,
   19,       45.8,    180.887,     166.955,    168.261,
   20,       48.3,    180.869,     171.672,    172.550,
   21,       50.8,    180.898,     174.960,    176.747,
   22,       53.3,    180.910,     181.582,    180.846,
   23,       55.8,    180.947,     183.756,    184.846,
   24,       58.3,    180.906,     189.601,    188.741,
   25,       60.8,    180.939,     193.435,    192.531,
   26,       63.3,    180.977,     197.263,    196.214,
   27,       65.8,    181.010,     200.817,    199.789,
   28,       68.3,    180.932,     204.773,    203.252,
   29,       70.8,    180.962,     209.160,    206.605,
   30,       73.3,    180.910,     210.879,    209.846,
   31,       75.8,    180.969,     214.954,    212.977,
   32,       78.3,    180.906,     216.687,    215.996,
   33,       80.8,    181.007,     219.053,    218.906,
   34,       83.3,    180.951,     221.055,    221.707,
   35,       85.8,    180.981,     223.781,    224.399,
   36,       88.3,    180.995,     227.354,    226.985,
   37,       90.8,    181.022,     230.635,    229.467,
   38,       93.3,    181.044,     231.435,    231.844,
   39,       95.8,    181.107,     234.943,    234.121,
   40,       98.3,    180.943,     237.091,    236.297,
   41,      100.8,    181.022,     238.093,    238.377,
   42,      103.3,    180.962,     240.382,    240.361,
   43,      105.8,    180.917,     241.824,    242.253,
   44,      108.3,    180.925,     244.301,    244.054,
   45,      110.8,    180.954,     244.813,    245.769,
   46,      113.3,    180.988,     246.978,    247.398,
   47,      115.8,    181.029,     248.303,    248.946,
   48,      118.3,    180.999,     249.725,    250.414,
   49,      120.8,    181.033,     251.059,    251.805,
   50,      123.3,    181.048,     251.591,    253.122,
   51,      125.8,    181.074,     253.212,    254.368,
   52,      128.3,    180.969,     254.463,    255.544,
   53,      130.8,    180.988,     256.647,    256.654,
   54,      133.3,    181.040,     257.954,    257.700,
   55,      135.8,    181.003,     257.454,    258.685,
   56,      138.3,    180.995,     259.123,    259.611,
   57,      140.8,    181.074,     258.734,    260.481,
   58,      143.3,    181.048,     260.429,    261.297,
   59,      145.8,    180.988,     262.448,    262.061,
   60,      148.3,    181.029,     260.732,    262.775,
   61,      150.8,    181.122,     263.634,    263.442,
   62,      153.3,    180.999,     263.813,    264.064,
   63,      155.8,    181.029,     265.703,    264.643,
   64,      158.3,    180.932,     265.017,    265.181,
   65,      160.8,    180.984,     267.150,    265.679,
   66,      163.3,    181.040,     266.791,    266.140,
   67,      165.8,    180.977,     267.438,    266.565,
   68,      168.3,    181.063,     266.758,    266.957,
   69,      170.8,    180.973,     267.996,    267.316,
   70,      175.8,    179.984,     268.097,    268.164,
----,
DateTime:        , 2025/11/20, 12:45:26, 1763657126103,
RFID_EPC:        ,--Not Acquired--,
RFID_UserData:   ,--Not Acquired--,
Barcode:         ,--Not Acquired--,
PIF:,            0.00,
PARs:,            0.0,     0.0,     0.0,     0.0,     0.0,     0.0,
Light:,           0.0,     0.0,     0.0,     0.0,     0.0,     0.0,
Cycles:,            1,
                    1,      69,      70,      70,
Lamps:,        #10000,
Gain:,              2,     100, 
SNR_raw:,     207.57,
Position:,        0.0,              0.0,   NoData,
DataPt,      Time(us),   EX,         EM,       Fit,
==========,==========,==========,==========,=========,
    0,        0.0,      0.000,       0.000,     79.378,
    1,        0.8,    162.118,      80.497,     83.489,
    2,        3.3,    180.609,      88.970,     88.160,
    3,        5.8,    180.695,      96.572,     92.915,
    4,        8.3,    180.714,      99.882,     97.734,
    5,       10.8,    180.758,     104.836,    102.600,
    6,       13.3,    180.762,     109.260,    107.496,
    7,       15.8,    180.814,     112.270,    112.409,
    8,       18.3,    180.811,     118.079,    117.324,
    9,       20.8,    180.829,     120.279,    122.231,
   10,       23.3,    180.814,     126.096,    127.116,
   11,       25.8,    180.833,     130.231,    131.971,
   12,       28.3,    180.859,     135.188,    136.787,
   13,       30.8,    180.811,     140.478,    141.553,
   14,       33.3,    180.904,     144.828,    146.265,
   15,       35.8,    180.874,     149.551,    150.913,
   16,       38.3,    180.975,     154.165,    155.492,
   17,       40.8,    180.900,     158.375,    159.994,
   18,       43.3,    181.009,     164.081,    164.416,
   19,       45.8,    180.859,     168.639,    168.749,
   20,       48.3,    180.938,     173.540,    172.993,
   21,       50.8,    180.867,     176.926,    177.141,
   22,       53.3,    180.900,     181.039,    181.191,
   23,       55.8,    180.811,     187.212,    185.140,
   24,       58.3,    180.874,     189.358,    188.986,
   25,       60.8,    180.990,     193.657,    192.729,
   26,       63.3,    180.982,     196.704,    196.364,
   27,       65.8,    181.068,     201.305,    199.893,
   28,       68.3,    180.990,     204.155,    203.312,
   29,       70.8,    180.994,     207.742,    206.621,
   30,       73.3,    181.027,     210.742,    209.821,
   31,       75.8,    180.990,     212.167,    212.911,
   32,       78.3,    180.900,     215.588,    215.891,
   33,       80.8,    180.968,     219.929,    218.763,
   34,       83.3,    180.938,     222.452,    221.527,
   35,       85.8,    180.956,     224.087,    224.185,
   36,       88.3,    181.001,     228.175,    226.738,
   37,       90.8,    180.964,     230.157,    229.188,
   38,       93.3,    180.874,     230.823,    231.536,
   39,       95.8,    181.061,     233.347,    233.785,
   40,       98.3,    181.080,     235.532,    235.938,
   41,      100.8,    181.042,     237.790,    237.994,
   42,      103.3,    180.953,     240.118,    239.957,
   43,      105.8,    180.964,     242.314,    241.829,
   44,      108.3,    180.953,     242.052,    243.613,
   45,      110.8,    180.912,     244.871,    245.311,
   46,      113.3,    180.982,     245.880,    246.926,
   47,      115.8,    181.035,     248.295,    248.460,
   48,      118.3,    180.964,     248.945,    249.917,
   49,      120.8,    181.027,     250.239,    251.298,
   50,      123.3,    181.027,     251.896,    252.606,
   51,      125.8,    181.042,     252.151,    253.844,
   52,      128.3,    181.065,     254.605,    255.015,
   53,      130.8,    181.050,     255.455,    256.120,
   54,      133.3,    180.990,     256.920,    257.162,
   55,      135.8,    181.001,     257.181,    258.145,
   56,      138.3,    180.889,     258.998,    259.069,
   57,      140.8,    181.020,     259.088,    259.938,
   58,      143.3,    181.057,     260.967,    260.753,
   59,      145.8,    180.982,     262.180,    261.518,
   60,      148.3,    181.012,     262.137,    262.234,
   61,      150.8,    180.997,     262.987,    262.904,
   62,      153.3,    181.080,     263.420,    263.529,
   63,      155.8,    181.016,     264.341,    264.112,
   64,      158.3,    180.949,     264.163,    264.654,
   65,      160.8,    181.050,     265.397,    265.157,
   66,      163.3,    181.012,     266.556,    265.624,
   67,      165.8,    181.009,     266.838,    266.055,
   68,      168.3,    181.027,     268.192,    266.453,
   69,      170.8,    180.990,     268.523,    266.819,
   70,      175.8,    179.982,     267.145,    267.347,
----,
DateTime:        , 2025/11/20, 12:45:30, 1763657130819,
RFID_EPC:        ,--Not Acquired--,
RFID_UserData:   ,--Not Acquired--,
Barcode:         ,--Not Acquired--,
PIF:,            0.00,
PARs:,            0.0,     0.0,     0.0,     0.0,     0.0,     0.0,
Light:,           0.0,     0.0,     0.0,     0.0,     0.0,     0.0,
Cycles:,            1,
                    1,      69,      70,      70,
Lamps:,        #10000,
Gain:,              2,     100, 
SNR_raw:,     184.39,
Position:,        0.0,              0.0,   NoData,
DataPt,      Time(us),   EX,         EM,       Fit,
==========,==========,==========,==========,=========,
    0,        0.0,      0.000,       0.000,     78.973,
    1,        0.8,    162.145,      78.942,     83.112,
    2,        3.3,    180.632,      88.391,     87.811,
    3,        5.8,    180.651,      96.872,     92.589,
    4,        8.3,    180.777,     100.400,     97.429,
    5,       10.8,    180.748,     103.459,    102.307,
    6,       13.3,    180.759,     107.602,    107.209,
    7,       15.8,    180.748,     111.758,    112.121,
    8,       18.3,    180.807,     117.528,    117.030,
    9,       20.8,    180.837,     121.656,    121.925,
   10,       23.3,    180.740,     125.318,    126.792,
   11,       25.8,    180.867,     130.206,    131.626,
   12,       28.3,    180.919,     135.143,    136.419,
   13,       30.8,    180.845,     139.623,    141.158,
   14,       33.3,    180.916,     144.819,    145.840,
   15,       35.8,    180.901,     148.977,    150.457,
   16,       38.3,    180.938,     154.749,    155.004,
   17,       40.8,    180.912,     158.917,    159.474,
   18,       43.3,    180.927,     164.155,    163.864,
   19,       45.8,    180.845,     167.547,    168.167,
   20,       48.3,    180.901,     171.088,    172.383,
   21,       50.8,    180.919,     177.151,    176.506,
   22,       53.3,    180.945,     180.994,    180.535,
   23,       55.8,    181.028,     184.502,    184.467,
   24,       58.3,    181.001,     190.054,    188.299,
   25,       60.8,    180.983,     193.112,    192.029,
   26,       63.3,    181.016,     196.944,    195.656,
   27,       65.8,    180.931,     200.906,    199.177,
   28,       68.3,    180.975,     204.172,    202.594,
   29,       70.8,    180.886,     206.208,    205.904,
   30,       73.3,    180.927,     209.477,    209.109,
   31,       75.8,    180.912,     213.087,    212.207,
   32,       78.3,    180.916,     214.741,    215.200,
   33,       80.8,    180.972,     218.266,    218.089,
   34,       83.3,    180.968,     220.757,    220.874,
   35,       85.8,    181.009,     224.022,    223.556,
   36,       88.3,    181.016,     227.051,    226.137,
   37,       90.8,    181.113,     228.862,    228.618,
   38,       93.3,    181.013,     232.028,    230.999,
   39,       95.8,    180.960,     233.200,    233.282,
   40,       98.3,    180.972,     235.120,    235.470,
   41,      100.8,    180.964,     235.958,    237.564,
   42,      103.3,    180.901,     239.634,    239.567,
   43,      105.8,    180.979,     240.083,    241.481,
   44,      108.3,    180.923,     243.474,    243.307,
   45,      110.8,    181.005,     244.744,    245.050,
   46,      113.3,    181.050,     246.341,    246.710,
   47,      115.8,    181.028,     248.029,    248.290,
   48,      118.3,    181.050,     248.550,    249.793,
   49,      120.8,    180.990,     251.395,    251.220,
   50,      123.3,    180.983,     251.958,    252.574,
   51,      125.8,    180.998,     253.594,    253.858,
   52,      128.3,    180.979,     253.621,    255.073,
   53,      130.8,    180.949,     255.873,    256.223,
   54,      133.3,    180.983,     257.207,    257.310,
   55,      135.8,    180.987,     258.307,    258.336,
   56,      138.3,    181.072,     257.908,    259.304,
   57,      140.8,    180.987,     258.859,    260.215,
   58,      143.3,    181.043,     260.160,    261.072,
   59,      145.8,    180.983,     261.351,    261.877,
   60,      148.3,    181.005,     261.319,    262.632,
   61,      150.8,    181.001,     263.534,    263.340,
   62,      153.3,    181.009,     264.628,    264.001,
   63,      155.8,    180.987,     263.832,    264.619,
   64,      158.3,    180.901,     265.892,    265.195,
   65,      160.8,    180.975,     266.058,    265.731,
   66,      163.3,    181.031,     267.357,    266.229,
   67,      165.8,    181.110,     266.965,    266.690,
   68,      168.3,    181.035,     266.799,    267.116,
   69,      170.8,    181.057,     268.699,    267.509,
   70,      175.8,    179.964,     267.829,    268.039,
----,
DateTime:        , 2025/11/20, 12:45:35, 1763657135551,
RFID_EPC:        ,--Not Acquired--,
RFID_UserData:   ,--Not Acquired--,
Barcode:         ,--Not Acquired--,
PIF:,            0.00,
PARs:,            0.0,     0.0,     0.0,     0.0,     0.0,     0.0,
Light:,           0.0,     0.0,     0.0,     0.0,     0.0,     0.0,
Cycles:,            1,
                    1,      69,      70,      70,
Lamps:,        #10000,
Gain:,              2,     100, 
SNR_raw:,     218.03,
Position:,        0.0,              0.0,   NoData,
DataPt,      Time(us),   EX,         EM,       Fit,
==========,==========,==========,==========,=========,
    0,        0.0,      0.000,       0.000,     77.219,
    1,        0.8,    162.067,      79.597,     81.602,
    2,        3.3,    180.634,      89.412,     86.561,
    3,        5.8,    180.727,      98.214,     91.585,
    4,        8.3,    180.734,     100.424,     96.649,
    5,       10.8,    180.693,     104.597,    101.734,
    6,       13.3,    180.719,     108.179,    106.823,
    7,       15.8,    180.738,     112.317,    111.902,
    8,       18.3,    180.794,     116.431,    116.960,
    9,       20.8,    180.820,     121.391,    121.983,
   10,       23.3,    180.872,     126.885,    126.963,
   11,       25.8,    180.794,     130.535,    131.887,
   12,       28.3,    180.910,     134.597,    136.752,
   13,       30.8,    180.887,     138.760,    141.548,
   14,       33.3,    180.936,     144.250,    146.270,
   15,       35.8,    180.831,     149.310,    150.910,
   16,       38.3,    180.906,     154.224,    155.467,
   17,       40.8,    180.865,     157.023,    159.933,
   18,       43.3,    180.895,     163.631,    164.307,
   19,       45.8,    180.887,     167.784,    168.586,
   20,       48.3,    180.984,     171.838,    172.767,
   21,       50.8,    180.970,     176.549,    176.848,
   22,       53.3,    180.999,     181.492,    180.826,
   23,       55.8,    180.958,     184.849,    184.700,
   24,       58.3,    181.003,     190.052,    188.469,
   25,       60.8,    181.014,     193.631,    192.132,
   26,       63.3,    180.921,     196.771,    195.687,
   27,       65.8,    180.914,     201.754,    199.135,
   28,       68.3,    180.921,     204.509,    202.477,
   29,       70.8,    180.902,     207.571,    205.713,
   30,       73.3,    180.932,     211.129,    208.843,
   31,       75.8,    180.962,     213.304,    211.868,
   32,       78.3,    181.014,     214.900,    214.790,
   33,       80.8,    181.007,     218.224,    217.609,
   34,       83.3,    181.014,     220.701,    220.327,
   35,       85.8,    180.973,     223.790,    222.943,
   36,       88.3,    181.003,     225.410,    225.462,
   37,       90.8,    180.977,     228.206,    227.883,
   38,       93.3,    180.992,     230.673,    230.210,
   39,       95.8,    180.996,     232.602,    232.443,
   40,       98.3,    180.884,     233.576,    234.585,
   41,      100.8,    180.973,     236.499,    236.638,
   42,      103.3,    180.966,     238.719,    238.604,
   43,      105.8,    180.996,     239.785,    240.485,
   44,      108.3,    180.984,     242.838,    242.284,
   45,      110.8,    181.052,     243.301,    244.003,
   46,      113.3,    180.988,     245.596,    245.644,
   47,      115.8,    181.048,     246.896,    247.209,
   48,      118.3,    180.984,     247.811,    248.701,
   49,      120.8,    181.029,     249.683,    250.121,
   50,      123.3,    180.984,     250.850,    251.473,
   51,      125.8,    180.996,     252.492,    252.758,
   52,      128.3,    181.029,     253.274,    253.979,
   53,      130.8,    181.040,     254.915,    255.137,
   54,      133.3,    180.988,     255.265,    256.236,
   55,      135.8,    181.007,     256.620,    257.276,
   56,      138.3,    181.022,     257.980,    258.261,
   57,      140.8,    181.078,     259.557,    259.193,
   58,      143.3,    181.026,     259.908,    260.073,
   59,      145.8,    180.970,     261.094,    260.903,
   60,      148.3,    180.958,     261.939,    261.685,
   61,      150.8,    180.955,     261.944,    262.422,
   62,      153.3,    181.018,     264.062,    263.115,
   63,      155.8,    181.007,     264.907,    263.765,
   64,      158.3,    180.992,     264.100,    264.375,
   65,      160.8,    181.022,     265.161,    264.947,
   66,      163.3,    181.037,     266.244,    265.481,
   67,      165.8,    181.044,     266.233,    265.980,
   68,      168.3,    181.085,     266.173,    266.445,
   69,      170.8,    180.988,     267.697,    266.877,
   70,      175.8,    179.879,     267.427,    267.595,
----,
DateTime:        , 2025/11/20, 12:45:40, 1763657140274,
RFID_EPC:        ,--Not Acquired--,
RFID_UserData:   ,--Not Acquired--,
Barcode:         ,--Not Acquired--,
PIF:,            0.00,
PARs:,            0.0,     0.0,     0.0,     0.0,     0.0,     0.0,
Light:,           0.0,     0.0,     0.0,     0.0,     0.0,     0.0,
Cycles:,            1,
                    1,      69,      70,      70,
Lamps:,        #10000,
Gain:,              2,     100, 
SNR_raw:,     127.82,
Position:,        0.0,              0.0,   NoData,
DataPt,      Time(us),   EX,         EM,       Fit,
==========,==========,==========,==========,=========,
    0,        0.0,      0.000,       0.000,     78.104,
    1,        0.8,    162.239,      78.896,     82.141,
    2,        3.3,    180.674,      87.777,     86.779,
    3,        5.8,    180.674,      95.752,     91.545,
    4,        8.3,    180.689,      99.895,     96.407,
    5,       10.8,    180.768,     103.724,    101.338,
    6,       13.3,    180.697,     108.469,    106.312,
    7,       15.8,    180.805,     111.446,    111.312,
    8,       18.3,    180.749,     115.630,    116.315,
    9,       20.8,    180.850,     120.819,    121.309,
   10,       23.3,    180.921,     124.640,    126.279,
   11,       25.8,    180.936,     128.222,    131.212,
   12,       28.3,    180.902,     132.945,    136.095,
   13,       30.8,    180.902,     139.026,    140.920,
   14,       33.3,    180.887,     143.460,    145.678,
   15,       35.8,    180.898,     149.532,    150.362,
   16,       38.3,    180.880,     153.693,    154.965,
   17,       40.8,    180.861,     157.303,    159.481,
   18,       43.3,    180.790,     162.343,    163.906,
   19,       45.8,    180.906,     166.938,    168.237,
   20,       48.3,    180.965,     171.027,    172.471,
   21,       50.8,    180.917,     176.600,    176.602,
   22,       53.3,    180.954,     181.261,    180.630,
   23,       55.8,    180.872,     184.661,    184.551,
   24,       58.3,    181.003,     188.119,    188.366,
   25,       60.8,    180.980,     191.457,    192.072,
   26,       63.3,    181.014,     196.670,    195.670,
   27,       65.8,    180.898,     199.836,    199.156,
   28,       68.3,    180.906,     204.526,    202.533,
   29,       70.8,    180.898,     207.299,    205.800,
   30,       73.3,    181.003,     209.665,    208.960,
   31,       75.8,    180.936,     212.783,    212.010,
   32,       78.3,    180.980,     215.769,    214.954,
   33,       80.8,    180.973,     218.541,    217.791,
   34,       83.3,    180.973,     221.304,    220.524,
   35,       85.8,    180.980,     225.439,    223.154,
   36,       88.3,    181.007,     227.340,    225.682,
   37,       90.8,    180.932,     226.881,    228.111,
   38,       93.3,    180.928,     230.478,    230.442,
   39,       95.8,    180.977,     232.903,    232.677,
   40,       98.3,    180.936,     235.996,    234.819,
   41,      100.8,    180.980,     238.424,    236.870,
   42,      103.3,    180.939,     239.030,    238.832,
   43,      105.8,    181.018,     239.755,    240.707,
   44,      108.3,    180.962,     240.659,    242.498,
   45,      110.8,    180.999,     243.924,    244.207,
   46,      113.3,    181.010,     245.014,    245.837,
   47,      115.8,    180.999,     246.686,    247.390,
   48,      118.3,    180.936,     249.536,    248.869,
   49,      120.8,    181.025,     251.070,    250.275,
   50,      123.3,    180.921,     250.939,    251.611,
   51,      125.8,    181.003,     253.311,    252.880,
   52,      128.3,    180.951,     255.042,    254.084,
   53,      130.8,    181.033,     256.031,    255.225,
   54,      133.3,    181.085,     256.233,    256.306,
   55,      135.8,    181.063,     256.817,    257.329,
   56,      138.3,    181.025,     257.975,    258.296,
   57,      140.8,    181.059,     257.651,    259.209,
   58,      143.3,    181.066,     259.850,    260.071,
   59,      145.8,    181.003,     259.664,    260.882,
   60,      148.3,    180.958,     260.834,    261.647,
   61,      150.8,    180.958,     261.387,    262.365,
   62,      153.3,    180.939,     262.243,    263.040,
   63,      155.8,    180.947,     264.166,    263.672,
   64,      158.3,    181.029,     265.427,    264.265,
   65,      160.8,    181.070,     265.367,    264.818,
   66,      163.3,    181.048,     265.952,    265.335,
   67,      165.8,    181.081,     267.836,    265.817,
   68,      168.3,    181.059,     267.040,    266.265,
   69,      170.8,    181.055,     267.046,    266.682,
   70,      175.8,    179.920,     267.844,    267.894,
