----,
DateTime:        , 2025/11/20, 14:29:23, 1763663363407,
RFID_EPC:        ,--Not Acquired--,
RFID_UserData:   ,--Not Acquired--,
Barcode:         ,--Not Acquired--,
PIF:,            0.00,
PARs:,            0.0,     0.0,     0.0,     0.0,     0.0,     0.0,
Light:,           0.0,     0.0,     0.0,     0.0,     0.0,     0.0,
Cycles:,            1,
                    1,      69,      70,      70,
Lamps:,        #10000,
Gain:,              2,     100, 
SNR_raw:,     247.45,
Position:,        0.0,              0.0,   NoData,
DataPt,      Time(us),   EX,         EM,       Fit,
==========,==========,==========,==========,=========,
    0,        0.0,      0.000,       0.000,    106.457,
    1,        0.8,    162.003,     106.171,    111.198,
    2,        3.3,    180.638,     116.744,    116.621,
    3,        5.8,    180.627,     126.227,    122.176,
    4,        8.3,    180.769,     132.489,    127.846,
    5,       10.8,    180.736,     135.004,    133.607,
    6,       13.3,    180.717,     140.551,    139.441,
    7,       15.8,    180.784,     147.413,    145.334,
    8,       18.3,    180.822,     151.807,    151.269,
    9,       20.8,    180.926,     156.694,    157.235,
   10,       23.3,    180.840,     162.574,    163.212,
   11,       25.8,    180.833,     166.729,    169.191,
   12,       28.3,    180.919,     174.388,    175.161,
   13,       30.8,    180.926,     179.355,    181.110,
   14,       33.3,    180.866,     186.602,    187.026,
   15,       35.8,    180.915,     192.908,    192.901,
   16,       38.3,    180.885,     197.639,    198.726,
   17,       40.8,    180.893,     203.159,    204.492,
   18,       43.3,    180.859,     209.832,    210.191,
   19,       45.8,    180.878,     213.404,    215.816,
   20,       48.3,    180.945,     221.062,    221.362,
   21,       50.8,    181.035,     226.200,    226.824,
   22,       53.3,    180.982,     230.409,    232.192,
   23,       55.8,    181.031,     237.529,    237.464,
   24,       58.3,    180.915,     243.208,    242.630,
   25,       60.8,    180.941,     248.147,    247.690,
   26,       63.3,    180.956,     251.995,    252.640,
   27,       65.8,    180.885,     258.175,    257.475,
   28,       68.3,    180.982,     263.009,    262.194,
   29,       70.8,    180.934,     268.330,    266.793,
   30,       73.3,    180.997,     272.104,    271.271,
   31,       75.8,    180.975,     276.282,    275.626,
   32,       78.3,    180.919,     281.065,    279.855,
   33,       80.8,    181.016,     285.058,    283.961,
   34,       83.3,    180.937,     288.774,    287.938,
   35,       85.8,    180.964,     292.048,    291.790,
   36,       88.3,    181.012,     296.941,    295.516,
   37,       90.8,    180.967,     300.054,    299.115,
   38,       93.3,    180.952,     303.395,    302.589,
   39,       95.8,    180.881,     307.107,    305.937,
   40,       98.3,    181.023,     309.352,    309.164,
   41,      100.8,    181.020,     312.397,    312.269,
   42,      103.3,    181.027,     315.422,    315.253,
   43,      105.8,    180.978,     318.546,    318.119,
   44,      108.3,    181.035,     320.657,    320.868,
   45,      110.8,    181.020,     324.551,    323.503,
   46,      113.3,    180.982,     325.446,    326.026,
   47,      115.8,    180.952,     327.434,    328.439,
   48,      118.3,    180.945,     330.211,    330.744,
   49,      120.8,    180.993,     332.333,    332.945,
   50,      123.3,    181.020,     334.218,    335.045,
   51,      125.8,    180.964,     334.874,    337.044,
   52,      128.3,    180.993,     337.858,    338.948,
   53,      130.8,    181.038,     338.326,    340.758,
   54,      133.3,    181.046,     342.731,    342.477,
   55,      135.8,    181.020,     342.228,    344.108,
   56,      138.3,    181.012,     344.452,    345.654,
   57,      140.8,    181.049,     346.038,    347.118,
   58,      143.3,    181.005,     348.334,    348.502,
   59,      145.8,    180.975,     348.944,    349.810,
   60,      148.3,    180.960,     350.354,    351.044,
   61,      150.8,    181.027,     352.157,    352.206,
   62,      153.3,    180.986,     352.790,    353.300,
   63,      155.8,    181.083,     353.705,    354.328,
   64,      158.3,    181.027,     355.196,    355.293,
   65,      160.8,    181.109,     356.967,    356.197,
   66,      163.3,    181.012,     357.711,    357.043,
   67,      165.8,    180.978,     358.882,    357.833,
   68,      168.3,    180.878,     360.188,    358.570,
   69,      170.8,    181.012,     361.026,    359.254,
   70,      175.8,    179.970,     361.205,    361.005,
----,
DateTime:        , 2025/11/20, 14:29:32, 1763663372208,
RFID_EPC:        ,--Not Acquired--,
RFID_UserData:   ,--Not Acquired--,
Barcode:         ,--Not Acquired--,
PIF:,            0.00,
PARs:,            0.0,     0.0,     0.0,     0.0,     0.0,     0.0,
Light:,           0.0,     0.0,     0.0,     0.0,     0.0,     0.0,
Cycles:,            1,
                    1,      69,      70,      70,
Lamps:,        #10000,
Gain:,              2,     100, 
SNR_raw:,     255.92,
Position:,        0.0,              0.0,   NoData,
DataPt,      Time(us),   EX,         EM,       Fit,
==========,==========,==========,==========,=========,
    0,        0.0,      0.000,       0.000,    117.717,
    1,        0.8,    162.027,     117.573,    122.474,
    2,        3.3,    180.568,     127.969,    127.828,
    3,        5.8,    180.635,     137.293,    133.231,
    4,        8.3,    180.691,     141.955,    138.673,
    5,       10.8,    180.788,     145.474,    144.146,
    6,       13.3,    180.777,     150.738,    149.639,
    7,       15.8,    180.878,     155.630,    155.147,
    8,       18.3,    180.852,     160.352,    160.657,
    9,       20.8,    180.848,     164.779,    166.162,
   10,       23.3,    180.856,     170.302,    171.656,
   11,       25.8,    180.829,     176.409,    177.131,
   12,       28.3,    180.811,     182.788,    182.579,
   13,       30.8,    180.833,     187.466,    187.996,
   14,       33.3,    180.893,     192.932,    193.376,
   15,       35.8,    180.945,     197.574,    198.713,
   16,       38.3,    180.904,     203.699,    203.998,
   17,       40.8,    180.945,     208.350,    209.227,
   18,       43.3,    180.897,     214.211,    214.394,
   19,       45.8,    180.964,     219.104,    219.495,
   20,       48.3,    180.867,     223.922,    224.523,
   21,       50.8,    180.949,     228.517,    229.475,
   22,       53.3,    180.941,     233.225,    234.347,
   23,       55.8,    180.874,     238.287,    239.133,
   24,       58.3,    180.938,     243.454,    243.831,
   25,       60.8,    180.945,     248.694,    248.437,
   26,       63.3,    180.990,     253.605,    252.949,
   27,       65.8,    181.005,     258.280,    257.362,
   28,       68.3,    180.975,     262.467,    261.674,
   29,       70.8,    181.005,     267.396,    265.883,
   30,       73.3,    181.039,     271.489,    269.987,
   31,       75.8,    180.908,     275.555,    273.980,
   32,       78.3,    180.915,     278.031,    277.866,
   33,       80.8,    180.930,     283.258,    281.642,
   34,       83.3,    180.975,     285.951,    285.308,
   35,       85.8,    180.968,     290.383,    288.862,
   36,       88.3,    180.994,     293.933,    292.305,
   37,       90.8,    181.098,     295.143,    295.639,
   38,       93.3,    181.024,     299.685,    298.859,
   39,       95.8,    181.031,     302.434,    301.969,
   40,       98.3,    181.024,     305.761,    304.967,
   41,      100.8,    181.009,     307.996,    307.856,
   42,      103.3,    180.971,     310.270,    310.636,
   43,      105.8,    180.953,     312.789,    313.309,
   44,      108.3,    180.953,     315.552,    315.876,
   45,      110.8,    180.874,     317.348,    318.338,
   46,      113.3,    180.971,     320.216,    320.698,
   47,      115.8,    181.027,     322.603,    322.959,
   48,      118.3,    181.050,     324.220,    325.122,
   49,      120.8,    180.994,     327.359,    327.187,
   50,      123.3,    181.050,     327.534,    329.159,
   51,      125.8,    181.046,     330.855,    331.039,
   52,      128.3,    180.986,     331.793,    332.829,
   53,      130.8,    181.020,     333.389,    334.532,
   54,      133.3,    181.001,     335.633,    336.150,
   55,      135.8,    180.915,     337.451,    337.686,
   56,      138.3,    180.927,     338.535,    339.141,
   57,      140.8,    180.971,     339.556,    340.520,
   58,      143.3,    180.986,     342.015,    341.824,
   59,      145.8,    180.949,     342.914,    343.056,
   60,      148.3,    180.994,     344.211,    344.218,
   61,      150.8,    181.027,     343.594,    345.312,
   62,      153.3,    181.016,     346.378,    346.342,
   63,      155.8,    181.072,     347.651,    347.310,
   64,      158.3,    181.042,     347.985,    348.217,
   65,      160.8,    181.050,     349.351,    349.066,
   66,      163.3,    181.042,     350.747,    349.860,
   67,      165.8,    180.908,     350.731,    350.600,
   68,      168.3,    181.016,     351.626,    351.289,
   69,      170.8,    181.046,     353.501,    351.929,
   70,      175.8,    179.996,     352.481,    352.523,
----,
DateTime:        , 2025/11/20, 14:29:41, 1763663380941,
RFID_EPC:        ,--Not Acquired--,
RFID_UserData:   ,--Not Acquired--,
Barcode:         ,--Not Acquired--,
PIF:,            0.00,
PARs:,            0.0,     0.0,     0.0,     0.0,     0.0,     0.0,
Light:,           0.0,     0.0,     0.0,     0.0,     0.0,     0.0,
Cycles:,            1,
                    1,      69,      70,      70,
Lamps:,        #10000,
Gain:,              2,     100, 
SNR_raw:,     219.13,
Position:,        0.0,              0.0,   NoData,
DataPt,      Time(us),   EX,         EM,       Fit,
==========,==========,==========,==========,=========,
    0,        0.0,      0.000,       0.000,    119.146,
    1,        0.8,    161.962,     118.546,    123.665,
    2,        3.3,    180.623,     129.257,    128.795,
    3,        5.8,    180.765,     138.854,    134.011,
    4,        8.3,    180.735,     142.750,    139.289,
    5,       10.8,    180.761,     146.602,    144.615,
    6,       13.3,    180.780,     151.012,    149.975,
    7,       15.8,    180.821,     155.679,    155.354,
    8,       18.3,    180.851,     160.906,    160.741,
    9,       20.8,    180.743,     165.152,    166.120,
   10,       23.3,    180.829,     170.327,    171.487,
   11,       25.8,    180.743,     175.941,    176.828,
   12,       28.3,    180.877,     179.404,    182.140,
   13,       30.8,    180.914,     186.000,    187.412,
   14,       33.3,    180.858,     191.310,    192.636,
   15,       35.8,    180.929,     196.762,    197.807,
   16,       38.3,    180.888,     201.229,    202.917,
   17,       40.8,    180.862,     207.340,    207.960,
   18,       43.3,    180.918,     211.974,    212.933,
   19,       45.8,    180.922,     215.839,    217.830,
   20,       48.3,    180.806,     221.785,    222.643,
   21,       50.8,    180.941,     227.423,    227.376,
   22,       53.3,    180.959,     231.267,    232.021,
   23,       55.8,    180.959,     236.241,    236.574,
   24,       58.3,    180.967,     241.204,    241.034,
   25,       60.8,    180.971,     245.620,    245.396,
   26,       63.3,    180.929,     250.927,    249.659,
   27,       65.8,    180.929,     253.966,    253.821,
   28,       68.3,    180.832,     259.633,    257.878,
   29,       70.8,    180.978,     261.358,    261.833,
   30,       73.3,    180.948,     266.098,    265.683,
   31,       75.8,    180.941,     270.254,    269.427,
   32,       78.3,    180.941,     273.847,    273.064,
   33,       80.8,    180.989,     278.193,    276.595,
   34,       83.3,    181.004,     280.104,    280.019,
   35,       85.8,    181.045,     285.012,    283.338,
   36,       88.3,    181.023,     287.533,    286.549,
   37,       90.8,    181.053,     289.418,    289.655,
   38,       93.3,    181.004,     293.916,    292.656,
   39,       95.8,    180.989,     296.150,    295.552,
   40,       98.3,    181.019,     298.587,    298.345,
   41,      100.8,    180.944,     301.474,    301.036,
   42,      103.3,    180.948,     302.573,    303.627,
   43,      105.8,    180.926,     304.821,    306.119,
   44,      108.3,    181.049,     308.480,    308.515,
   45,      110.8,    181.049,     310.137,    310.816,
   46,      113.3,    180.993,     312.167,    313.022,
   47,      115.8,    181.042,     313.464,    315.138,
   48,      118.3,    181.075,     316.995,    317.165,
   49,      120.8,    180.944,     318.330,    319.104,
   50,      123.3,    180.963,     320.784,    320.957,
   51,      125.8,    180.993,     322.112,    322.728,
   52,      128.3,    180.997,     324.592,    324.418,
   53,      130.8,    180.959,     325.488,    326.029,
   54,      133.3,    181.000,     326.795,    327.564,
   55,      135.8,    180.993,     328.466,    329.025,
   56,      138.3,    181.023,     330.345,    330.415,
   57,      140.8,    181.113,     330.458,    331.735,
   58,      143.3,    181.049,     333.335,    332.988,
   59,      145.8,    181.053,     334.985,    334.175,
   60,      148.3,    181.038,     335.565,    335.300,
   61,      150.8,    180.967,     336.250,    336.364,
   62,      153.3,    181.045,     337.209,    337.370,
   63,      155.8,    180.877,     338.628,    338.318,
   64,      158.3,    181.053,     339.680,    339.213,
   65,      160.8,    180.982,     341.471,    340.055,
   66,      163.3,    181.019,     340.848,    340.847,
   67,      165.8,    181.045,     341.351,    341.591,
   68,      168.3,    181.060,     342.980,    342.288,
   69,      170.8,    181.034,     343.029,    342.940,
   70,      175.8,    179.958,     343.724,    343.882,
----,
DateTime:        , 2025/11/20, 14:29:49, 1763663389697,
RFID_EPC:        ,--Not Acquired--,
RFID_UserData:   ,--Not Acquired--,
Barcode:         ,--Not Acquired--,
PIF:,            0.00,
PARs:,            0.0,     0.0,     0.0,     0.0,     0.0,     0.0,
Light:,           0.0,     0.0,     0.0,     0.0,     0.0,     0.0,
Cycles:,            1,
                    1,      69,      70,      70,
Lamps:,        #10000,
Gain:,              2,     100, 
SNR_raw:,     203.54,
Position:,        0.0,              0.0,   NoData,
DataPt,      Time(us),   EX,         EM,       Fit,
==========,==========,==========,==========,=========,
    0,        0.0,      0.000,       0.000,    112.689,
    1,        0.8,    161.997,     112.656,    117.146,
    2,        3.3,    180.630,     122.266,    122.255,
    3,        5.8,    180.697,     130.882,    127.499,
    4,        8.3,    180.686,     136.148,    132.854,
    5,       10.8,    180.686,     140.575,    138.298,
    6,       13.3,    180.701,     144.991,    143.812,
    7,       15.8,    180.757,     151.032,    149.379,
    8,       18.3,    180.813,     155.133,    154.984,
    9,       20.8,    180.832,     160.923,    160.610,
   10,       23.3,    180.832,     165.347,    166.242,
   11,       25.8,    180.895,     171.094,    171.871,
   12,       28.3,    180.861,     176.655,    177.482,
   13,       30.8,    180.955,     181.537,    183.067,
   14,       33.3,    180.899,     187.121,    188.613,
   15,       35.8,    180.880,     194.328,    194.111,
   16,       38.3,    180.925,     198.701,    199.555,
   17,       40.8,    180.858,     204.028,    204.935,
   18,       43.3,    180.861,     210.106,    210.245,
   19,       45.8,    180.846,     216.205,    215.479,
   20,       48.3,    180.895,     220.017,    220.632,
   21,       50.8,    180.951,     224.646,    225.698,
   22,       53.3,    180.988,     229.020,    230.674,
   23,       55.8,    181.000,     233.978,    235.553,
   24,       58.3,    181.003,     241.432,    240.333,
   25,       60.8,    181.007,     245.847,    245.010,
   26,       63.3,    180.985,     249.745,    249.580,
   27,       65.8,    180.959,     254.478,    254.042,
   28,       68.3,    180.906,     260.356,    258.392,
   29,       70.8,    180.955,     263.325,    262.631,
   30,       73.3,    180.888,     268.122,    266.755,
   31,       75.8,    180.947,     271.626,    270.766,
   32,       78.3,    180.906,     275.557,    274.662,
   33,       80.8,    180.981,     279.864,    278.443,
   34,       83.3,    181.030,     283.103,    282.109,
   35,       85.8,    180.996,     287.299,    285.659,
   36,       88.3,    181.048,     289.426,    289.095,
   37,       90.8,    180.988,     293.665,    292.417,
   38,       93.3,    181.003,     296.679,    295.625,
   39,       95.8,    180.929,     299.289,    298.720,
   40,       98.3,    181.007,     301.369,    301.706,
   41,      100.8,    180.970,     306.405,    304.581,
   42,      103.3,    180.974,     308.056,    307.349,
   43,      105.8,    180.974,     309.714,    310.011,
   44,      108.3,    181.022,     311.288,    312.570,
   45,      110.8,    181.033,     315.688,    315.025,
   46,      113.3,    181.059,     317.023,    317.382,
   47,      115.8,    181.033,     319.278,    319.640,
   48,      118.3,    180.955,     322.180,    321.802,
   49,      120.8,    180.985,     322.955,    323.871,
   50,      123.3,    181.022,     326.479,    325.849,
   51,      125.8,    180.992,     328.191,    327.738,
   52,      128.3,    180.992,     329.020,    329.541,
   53,      130.8,    181.022,     330.899,    331.261,
   54,      133.3,    181.074,     332.460,    332.899,
   55,      135.8,    181.048,     332.784,    334.458,
   56,      138.3,    181.037,     336.119,    335.941,
   57,      140.8,    181.026,     335.864,    337.350,
   58,      143.3,    180.996,     337.024,    338.687,
   59,      145.8,    180.981,     338.986,    339.955,
   60,      148.3,    180.974,     340.934,    341.156,
   61,      150.8,    181.003,     341.982,    342.293,
   62,      153.3,    181.003,     343.087,    343.367,
   63,      155.8,    180.992,     344.766,    344.382,
   64,      158.3,    181.041,     344.950,    345.338,
   65,      160.8,    180.988,     345.326,    346.240,
   66,      163.3,    181.112,     346.195,    347.087,
   67,      165.8,    181.037,     347.443,    347.883,
   68,      168.3,    181.063,     349.602,    348.629,
   69,      170.8,    181.015,     349.696,    349.329,
   70,      175.8,    179.793,     351.877,    351.522,
----,
DateTime:        , 2025/11/20, 14:29:58, 1763663398520,
RFID_EPC:        ,--Not Acquired--,
RFID_UserData:   ,--Not Acquired--,
Barcode:         ,--Not Acquired--,
PIF:,            0.00,
PARs:,            0.0,     0.0,     0.0,     0.0,     0.0,     0.0,
Light:,           0.0,     0.0,     0.0,     0.0,     0.0,     0.0,
Cycles:,            1,
                    1,      69,      70,      70,
Lamps:,        #10000,
Gain:,              2,     100, 
SNR_raw:,     179.08,
Position:,        0.0,              0.0,   NoData,
DataPt,      Time(us),   EX,         EM,       Fit,
==========,==========,==========,==========,=========,
    0,        0.0,      0.000,       0.000,    113.144,
    1,        0.8,    162.069,     110.447,    117.160,
    2,        3.3,    180.587,     121.642,    121.828,
    3,        5.8,    180.741,     131.680,    126.688,
    4,        8.3,    180.733,     135.282,    131.707,
    5,       10.8,    180.770,     138.850,    136.859,
    6,       13.3,    180.755,     143.287,    142.120,
    7,       15.8,    180.718,     147.467,    147.467,
    8,       18.3,    180.755,     153.522,    152.882,
    9,       20.8,    180.815,     157.066,    158.347,
   10,       23.3,    180.763,     162.644,    163.843,
   11,       25.8,    180.894,     167.225,    169.359,
   12,       28.3,    180.916,     172.732,    174.879,
   13,       30.8,    180.935,     180.175,    180.389,
   14,       33.3,    180.875,     184.381,    185.876,
   15,       35.8,    180.883,     189.902,    191.330,
   16,       38.3,    180.879,     194.882,    196.741,
   17,       40.8,    180.823,     201.302,    202.100,
   18,       43.3,    180.856,     207.900,    207.399,
   19,       45.8,    180.830,     212.354,    212.629,
   20,       48.3,    180.853,     217.580,    217.785,
   21,       50.8,    180.920,     223.303,    222.860,
   22,       53.3,    180.968,     226.835,    227.849,
   23,       55.8,    180.965,     233.195,    232.746,
   24,       58.3,    181.010,     236.728,    237.547,
   25,       60.8,    180.950,     241.227,    242.246,
   26,       63.3,    180.972,     248.104,    246.841,
   27,       65.8,    180.920,     251.493,    251.327,
   28,       68.3,    180.991,     257.195,    255.704,
   29,       70.8,    180.950,     261.951,    259.968,
   30,       73.3,    180.909,     265.880,    264.117,
   31,       75.8,    181.006,     269.052,    268.151,
   32,       78.3,    180.980,     274.340,    272.068,
   33,       80.8,    181.077,     277.230,    275.868,
   34,       83.3,    181.006,     280.654,    279.549,
   35,       85.8,    181.036,     283.646,    283.113,
   36,       88.3,    180.976,     286.778,    286.559,
   37,       90.8,    180.991,     290.622,    289.887,
   38,       93.3,    180.924,     294.876,    293.098,
   39,       95.8,    180.980,     296.442,    296.195,
   40,       98.3,    180.976,     299.211,    299.177,
   41,      100.8,    181.032,     302.157,    302.046,
   42,      103.3,    181.043,     306.280,    304.804,
   43,      105.8,    181.036,     307.674,    307.453,
   44,      108.3,    181.069,     310.102,    309.994,
   45,      110.8,    181.013,     312.684,    312.430,
   46,      113.3,    181.054,     314.270,    314.763,
   47,      115.8,    181.077,     318.373,    316.994,
   48,      118.3,    181.036,     317.617,    319.127,
   49,      120.8,    180.954,     321.353,    321.164,
   50,      123.3,    180.998,     322.655,    323.108,
   51,      125.8,    180.875,     323.151,    324.960,
   52,      128.3,    180.995,     327.082,    326.723,
   53,      130.8,    180.920,     327.769,    328.401,
   54,      133.3,    181.002,     330.383,    329.995,
   55,      135.8,    181.028,     331.164,    331.508,
   56,      138.3,    181.043,     333.346,    332.942,
   57,      140.8,    181.058,     333.318,    334.302,
   58,      143.3,    181.039,     335.010,    335.588,
   59,      145.8,    181.092,     335.465,    336.804,
   60,      148.3,    180.987,     337.040,    337.952,
   61,      150.8,    180.909,     339.121,    339.035,
   62,      153.3,    180.912,     338.562,    340.055,
   63,      155.8,    180.954,     340.695,    341.015,
   64,      158.3,    180.980,     341.751,    341.916,
   65,      160.8,    181.021,     342.778,    342.760,
   66,      163.3,    181.002,     344.195,    343.551,
   67,      165.8,    181.084,     343.763,    344.289,
   68,      168.3,    181.062,     344.910,    344.979,
   69,      170.8,    181.047,     346.595,    345.621,
   70,      175.8,    179.922,     348.594,    348.199,
----,
DateTime:        , 2025/11/20, 14:30:07, 1763663407631,
RFID_EPC:        ,--Not Acquired--,
RFID_UserData:   ,--Not Acquired--,
Barcode:         ,--Not Acquired--,
PIF:,            0.00,
PARs:,            0.0,     0.0,     0.0,     0.0,     0.0,     0.0,
Light:,           0.0,     0.0,     0.0,     0.0,     0.0,     0.0,
Cycles:,            1,
                    1,      69,      70,      70,
Lamps:,        #10000,
Gain:,              2,     100, 
SNR_raw:,     198.02,
Position:,        0.0,              0.0,   NoData,
DataPt,      Time(us),   EX,         EM,       Fit,
==========,==========,==========,==========,=========,
    0,        0.0,      0.000,       0.000,    102.286,
    1,        0.8,    161.976,     110.510,    108.578,
    2,        3.3,    180.554,     121.095,    115.528,
    3,        5.8,    180.729,     130.582,    122.375,
    4,        8.3,    180.729,     134.732,    129.103,
    5,       10.8,    180.785,     139.945,    135.713,
    6,       13.3,    180.823,     143.511,    142.204,
    7,       15.8,    180.789,     148.516,    148.573,
    8,       18.3,    180.830,     154.012,    154.822,
    9,       20.8,    180.875,     158.949,    160.952,
   10,       23.3,    180.845,     163.676,    166.959,
   11,       25.8,    180.849,     168.925,    172.844,
   12,       28.3,    180.812,     173.938,    178.608,
   13,       30.8,    180.849,     179.708,    184.252,
   14,       33.3,    180.898,     185.188,    189.778,
   15,       35.8,    180.901,     191.817,    195.184,
   16,       38.3,    180.965,     198.105,    200.473,
   17,       40.8,    180.912,     202.861,    205.642,
   18,       43.3,    180.998,     207.184,    210.695,
   19,       45.8,    180.950,     212.490,    215.631,
   20,       48.3,    180.916,     216.675,    220.450,
   21,       50.8,    180.886,     223.345,    225.153,
   22,       53.3,    180.972,     227.383,    229.746,
   23,       55.8,    180.916,     231.323,    234.224,
   24,       58.3,    180.912,     236.302,    238.592,
   25,       60.8,    180.950,     241.780,    242.850,
   26,       63.3,    180.991,     246.145,    247.002,
   27,       65.8,    180.976,     251.138,    251.046,
   28,       68.3,    180.961,     255.856,    254.984,
   29,       70.8,    180.927,     260.049,    258.817,
   30,       73.3,    180.935,     263.354,    262.548,
   31,       75.8,    180.961,     267.737,    266.179,
   32,       78.3,    180.946,     272.733,    269.710,
   33,       80.8,    180.890,     276.687,    273.143,
   34,       83.3,    181.006,     279.549,    276.482,
   35,       85.8,    180.987,     282.617,    279.727,
   36,       88.3,    180.969,     285.132,    282.879,
   37,       90.8,    181.013,     288.929,    285.940,
   38,       93.3,    180.969,     291.763,    288.912,
   39,       95.8,    180.991,     295.319,    291.798,
   40,       98.3,    180.942,     296.227,    294.596,
   41,      100.8,    180.995,     300.009,    297.312,
   42,      103.3,    180.954,     303.393,    299.946,
   43,      105.8,    180.954,     305.603,    302.499,
   44,      108.3,    181.051,     308.753,    304.975,
   45,      110.8,    180.961,     311.117,    307.373,
   46,      113.3,    181.017,     312.678,    309.696,
   47,      115.8,    181.092,     315.310,    311.948,
   48,      118.3,    181.032,     315.690,    314.127,
   49,      120.8,    181.028,     318.182,    316.236,
   50,      123.3,    181.084,     320.845,    318.277,
   51,      125.8,    180.957,     323.004,    320.250,
   52,      128.3,    180.924,     323.617,    322.158,
   53,      130.8,    180.991,     325.707,    324.004,
   54,      133.3,    180.991,     327.641,    325.788,
   55,      135.8,    180.969,     329.615,    327.512,
   56,      138.3,    180.924,     329.973,    329.176,
   57,      140.8,    181.017,     331.460,    330.785,
   58,      143.3,    180.998,     332.323,    332.338,
   59,      145.8,    181.043,     333.898,    333.838,
   60,      148.3,    181.040,     335.562,    335.284,
   61,      150.8,    181.114,     335.700,    336.681,
   62,      153.3,    181.054,     337.468,    338.027,
   63,      155.8,    180.987,     339.803,    339.324,
   64,      158.3,    180.976,     338.443,    340.575,
   65,      160.8,    180.969,     340.114,    341.779,
   66,      163.3,    181.010,     341.971,    342.940,
   67,      165.8,    180.995,     342.552,    344.057,
   68,      168.3,    180.987,     343.394,    345.133,
   69,      170.8,    180.991,     343.664,    346.168,
   70,      175.8,    180.008,     345.489,    346.968,
----,
DateTime:        , 2025/11/20, 14:30:16, 1763663416546,
RFID_EPC:        ,--Not Acquired--,
RFID_UserData:   ,--Not Acquired--,
Barcode:         ,--Not Acquired--,
PIF:,            0.00,
PARs:,            0.0,     0.0,     0.0,     0.0,     0.0,     0.0,
Light:,           0.0,     0.0,     0.0,     0.0,     0.0,     0.0,
Cycles:,            1,
                    1,      69,      70,      70,
Lamps:,        #10000,
Gain:,              2,     100, 
SNR_raw:,     242.60,
Position:,        0.0,              0.0,   NoData,
DataPt,      Time(us),   EX,         EM,       Fit,
==========,==========,==========,==========,=========,
    0,        0.0,      0.000,       0.000,    114.456,
    1,        0.8,    162.078,     113.834,    118.989,
    2,        3.3,    180.603,     124.167,    124.108,
    3,        5.8,    180.607,     133.439,    129.293,
    4,        8.3,    180.712,     137.235,    134.536,
    5,       10.8,    180.697,     142.227,    139.824,
    6,       13.3,    180.805,     145.737,    145.149,
    7,       15.8,    180.861,     150.668,    150.501,
    8,       18.3,    180.865,     155.918,    155.870,
    9,       20.8,    180.783,     160.414,    161.243,
   10,       23.3,    180.902,     166.388,    166.618,
   11,       25.8,    180.857,     171.406,    171.983,
   12,       28.3,    180.842,     176.950,    177.329,
   13,       30.8,    180.917,     180.469,    182.652,
   14,       33.3,    180.884,     187.137,    187.942,
   15,       35.8,    180.884,     192.389,    193.192,
   16,       38.3,    180.902,     197.897,    198.396,
   17,       40.8,    180.898,     202.876,    203.546,
   18,       43.3,    180.951,     208.344,    208.639,
   19,       45.8,    180.943,     214.432,    213.667,
   20,       48.3,    180.940,     217.752,    218.624,
   21,       50.8,    181.037,     222.883,    223.507,
   22,       53.3,    180.839,     228.104,    228.305,
   23,       55.8,    180.947,     233.494,    233.019,
   24,       58.3,    180.917,     236.849,    237.644,
   25,       60.8,    180.913,     242.381,    242.175,
   26,       63.3,    180.906,     247.366,    246.610,
   27,       65.8,    180.910,     250.954,    250.944,
   28,       68.3,    181.007,     256.068,    255.177,
   29,       70.8,    180.977,     260.254,    259.304,
   30,       73.3,    180.973,     264.127,    263.324,
   31,       75.8,    180.969,     268.001,    267.234,
   32,       78.3,    180.988,     272.117,    271.034,
   33,       80.8,    180.962,     276.025,    274.722,
   34,       83.3,    180.955,     278.799,    278.297,
   35,       85.8,    180.936,     282.144,    281.759,
   36,       88.3,    180.992,     285.648,    285.108,
   37,       90.8,    180.921,     288.247,    288.343,
   38,       93.3,    180.943,     292.633,    291.466,
   39,       95.8,    180.951,     294.003,    294.476,
   40,       98.3,    180.988,     298.086,    297.376,
   41,      100.8,    181.033,     300.498,    300.166,
   42,      103.3,    181.067,     302.651,    302.847,
   43,      105.8,    180.992,     306.091,    305.420,
   44,      108.3,    181.040,     307.390,    307.888,
   45,      110.8,    180.966,     309.727,    310.251,
   46,      113.3,    180.992,     311.616,    312.513,
   47,      115.8,    181.033,     313.755,    314.674,
   48,      118.3,    180.940,     316.128,    316.738,
   49,      120.8,    180.977,     318.825,    318.706,
   50,      123.3,    181.003,     319.332,    320.581,
   51,      125.8,    181.067,     321.981,    322.366,
   52,      128.3,    181.026,     323.711,    324.062,
   53,      130.8,    181.089,     324.702,    325.674,
   54,      133.3,    180.992,     325.705,    327.202,
   55,      135.8,    181.014,     328.427,    328.649,
   56,      138.3,    180.969,     329.061,    330.018,
   57,      140.8,    181.067,     331.646,    331.313,
   58,      143.3,    180.984,     332.902,    332.534,
   59,      145.8,    180.981,     331.803,    333.685,
   60,      148.3,    180.943,     333.806,    334.769,
   61,      150.8,    180.958,     335.160,    335.787,
   62,      153.3,    181.052,     336.644,    336.743,
   63,      155.8,    181.063,     336.899,    337.639,
   64,      158.3,    181.059,     338.011,    338.477,
   65,      160.8,    181.003,     338.944,    339.259,
   66,      163.3,    181.063,     339.661,    339.989,
   67,      165.8,    181.018,     340.298,    340.667,
   68,      168.3,    180.981,     342.302,    341.296,
   69,      170.8,    181.048,     342.727,    341.878,
   70,      175.8,    179.819,     343.429,    342.940,
----,
DateTime:        , 2025/11/20, 14:30:25, 1763663425266,
RFID_EPC:        ,--Not Acquired--,
RFID_UserData:   ,--Not Acquired--,
Barcode:         ,--Not Acquired--,
PIF:,            0.00,
PARs:,            0.0,     0.0,     0.0,     0.0,     0.0,     0.0,
Light:,           0.0,     0.0,     0.0,     0.0,     0.0,     0.0,
Cycles:,            1,
                    1,      69,      70,      70,
Lamps:,        #10000,
Gain:,              2,     100, 
SNR_raw:,     251.87,
Position:,        0.0,              0.0,   NoData,
DataPt,      Time(us),   EX,         EM,       Fit,
==========,==========,==========,==========,=========,
    0,        0.0,      0.000,       0.000,    112.051,
    1,        0.8,    162.156,     113.163,    116.992,
    2,        3.3,    180.674,     123.197,    122.566,
    3,        5.8,    180.790,     132.198,    128.160,
    4,        8.3,    180.682,     136.705,    133.752,
    5,       10.8,    180.697,     140.567,    139.342,
    6,       13.3,    180.782,     144.926,    144.927,
    7,       15.8,    180.760,     150.199,    150.499,
    8,       18.3,    180.764,     156.835,    156.055,
    9,       20.8,    180.820,     161.763,    161.591,
   10,       23.3,    180.872,     165.863,    167.103,
   11,       25.8,    180.842,     171.697,    172.583,
   12,       28.3,    180.868,     176.924,    178.029,
   13,       30.8,    180.909,     180.753,    183.435,
   14,       33.3,    180.902,     187.671,    188.796,
   15,       35.8,    180.924,     192.345,    194.107,
   16,       38.3,    180.861,     197.942,    199.362,
   17,       40.8,    180.880,     203.450,    204.557,
   18,       43.3,    180.909,     208.944,    209.689,
   19,       45.8,    180.865,     215.078,    214.750,
   20,       48.3,    180.891,     219.469,    219.739,
   21,       50.8,    180.909,     224.422,    224.651,
   22,       53.3,    180.958,     229.611,    229.483,
   23,       55.8,    180.921,     234.080,    234.228,
   24,       58.3,    180.939,     238.754,    238.884,
   25,       60.8,    181.003,     243.366,    243.449,
   26,       63.3,    180.932,     248.989,    247.916,
   27,       65.8,    180.936,     252.576,    252.285,
   28,       68.3,    180.898,     258.156,    256.550,
   29,       70.8,    181.003,     262.150,    260.715,
   30,       73.3,    180.951,     265.818,    264.772,
   31,       75.8,    180.951,     269.963,    268.721,
   32,       78.3,    180.980,     273.786,    272.561,
   33,       80.8,    181.044,     277.557,    276.292,
   34,       83.3,    180.962,     280.722,    279.909,
   35,       85.8,    180.951,     284.055,    283.413,
   36,       88.3,    181.014,     288.928,    286.806,
   37,       90.8,    180.999,     290.885,    290.085,
   38,       93.3,    180.984,     293.672,    293.251,
   39,       95.8,    180.992,     296.422,    296.305,
   40,       98.3,    180.988,     300.296,    299.247,
   41,      100.8,    180.939,     301.759,    302.076,
   42,      103.3,    181.010,     305.784,    304.798,
   43,      105.8,    180.962,     306.418,    307.409,
   44,      108.3,    181.040,     309.323,    309.915,
   45,      110.8,    180.977,     312.471,    312.315,
   46,      113.3,    180.980,     314.122,    314.610,
   47,      115.8,    181.078,     316.439,    316.806,
   48,      118.3,    181.037,     317.339,    318.901,
   49,      120.8,    181.003,     320.713,    320.898,
   50,      123.3,    180.939,     323.036,    322.799,
   51,      125.8,    180.932,     323.879,    324.607,
   52,      128.3,    180.966,     324.647,    326.326,
   53,      130.8,    180.980,     326.555,    327.956,
   54,      133.3,    180.988,     328.475,    329.502,
   55,      135.8,    181.040,     330.866,    330.965,
   56,      138.3,    180.977,     330.429,    332.347,
   57,      140.8,    181.025,     332.274,    333.653,
   58,      143.3,    181.044,     334.725,    334.883,
   59,      145.8,    181.025,     335.865,    336.041,
   60,      148.3,    181.007,     337.557,    337.129,
   61,      150.8,    180.973,     337.343,    338.150,
   62,      153.3,    180.999,     338.399,    339.106,
   63,      155.8,    180.969,     339.560,    339.999,
   64,      158.3,    181.003,     341.155,    340.833,
   65,      160.8,    181.044,     343.563,    341.610,
   66,      163.3,    181.010,     343.074,    342.332,
   67,      165.8,    181.085,     344.313,    343.002,
   68,      168.3,    181.033,     343.860,    343.620,
   69,      170.8,    180.977,     345.348,    344.190,
   70,      175.8,    179.994,     344.200,    344.088,
----,
DateTime:        , 2025/11/20, 14:30:34, 1763663433978,
RFID_EPC:        ,--Not Acquired--,
RFID_UserData:   ,--Not Acquired--,
Barcode:         ,--Not Acquired--,
PIF:,            0.00,
PARs:,            0.0,     0.0,     0.0,     0.0,     0.0,     0.0,
Light:,           0.0,     0.0,     0.0,     0.0,     0.0,     0.0,
Cycles:,            1,
                    1,      69,      70,      70,
Lamps:,        #10000,
Gain:,              2,     100, 
SNR_raw:,     257.98,
Position:,        0.0,              0.0,   NoData,
DataPt,      Time(us),   EX,         EM,       Fit,
==========,==========,==========,==========,=========,
    0,        0.0,      0.000,       0.000,    113.185,
    1,        0.8,    161.997,     113.274,    117.911,
    2,        3.3,    180.645,     123.890,    123.249,
    3,        5.8,    180.645,     133.411,    128.650,
    4,        8.3,    180.795,     136.896,    134.104,
    5,       10.8,    180.731,     141.647,    139.594,
    6,       13.3,    180.836,     146.542,    145.114,
    7,       15.8,    180.791,     150.727,    150.650,
    8,       18.3,    180.862,     154.814,    156.195,
    9,       20.8,    180.836,     161.749,    161.736,
   10,       23.3,    180.866,     166.145,    167.268,
   11,       25.8,    180.828,     171.710,    172.780,
   12,       28.3,    180.925,     176.592,    178.267,
   13,       30.8,    180.907,     183.244,    183.720,
   14,       33.3,    180.839,     187.183,    189.129,
   15,       35.8,    180.918,     193.734,    194.493,
   16,       38.3,    180.944,     198.680,    199.803,
   17,       40.8,    180.854,     204.308,    205.051,
   18,       43.3,    180.881,     208.978,    210.233,
   19,       45.8,    180.854,     213.708,    215.344,
   20,       48.3,    180.896,     218.911,    220.380,
   21,       50.8,    180.899,     224.158,    225.335,
   22,       53.3,    180.944,     229.905,    230.207,
   23,       55.8,    181.071,     234.438,    234.992,
   24,       58.3,    180.948,     239.296,    239.682,
   25,       60.8,    181.011,     244.736,    244.278,
   26,       63.3,    180.925,     249.550,    248.772,
   27,       65.8,    181.004,     252.481,    253.167,
   28,       68.3,    180.929,     257.836,    257.456,
   29,       70.8,    180.929,     262.810,    261.639,
   30,       73.3,    180.877,     266.203,    265.713,
   31,       75.8,    180.866,     270.643,    269.678,
   32,       78.3,    180.925,     274.975,    273.534,
   33,       80.8,    181.030,     278.683,    277.280,
   34,       83.3,    181.030,     283.378,    280.915,
   35,       85.8,    181.026,     285.318,    284.437,
   36,       88.3,    181.030,     290.007,    287.848,
   37,       90.8,    180.978,     292.025,    291.145,
   38,       93.3,    181.004,     294.745,    294.332,
   39,       95.8,    180.981,     297.544,    297.407,
   40,       98.3,    181.008,     300.816,    300.373,
   41,      100.8,    180.955,     303.114,    303.230,
   42,      103.3,    180.978,     306.391,    305.979,
   43,      105.8,    180.952,     309.199,    308.622,
   44,      108.3,    181.023,     310.735,    311.162,
   45,      110.8,    181.045,     312.630,    313.599,
   46,      113.3,    181.023,     316.811,    315.935,
   47,      115.8,    181.023,     317.640,    318.172,
   48,      118.3,    181.026,     320.119,    320.312,
   49,      120.8,    181.049,     322.565,    322.359,
   50,      123.3,    181.000,     323.204,    324.312,
   51,      125.8,    181.030,     326.465,    326.176,
   52,      128.3,    180.925,     327.483,    327.951,
   53,      130.8,    180.959,     329.356,    329.642,
   54,      133.3,    180.910,     330.550,    331.249,
   55,      135.8,    180.989,     332.065,    332.776,
   56,      138.3,    181.004,     333.971,    334.226,
   57,      140.8,    181.052,     335.814,    335.601,
   58,      143.3,    180.978,     336.506,    336.902,
   59,      145.8,    180.937,     337.411,    338.133,
   60,      148.3,    181.071,     337.989,    339.297,
   61,      150.8,    181.037,     339.432,    340.394,
   62,      153.3,    180.940,     341.825,    341.428,
   63,      155.8,    180.955,     342.902,    342.401,
   64,      158.3,    181.000,     343.646,    343.315,
   65,      160.8,    181.011,     345.006,    344.173,
   66,      163.3,    181.008,     346.671,    344.977,
   67,      165.8,    181.004,     346.125,    345.729,
   68,      168.3,    181.082,     346.251,    346.431,
   69,      170.8,    180.978,     348.109,    347.085,
   70,      175.8,    179.991,     347.867,    347.889,
----,
DateTime:        , 2025/11/20, 14:30:42, 1763663442705,
RFID_EPC:        ,--Not Acquired--,
RFID_UserData:   ,--Not Acquired--,
Barcode:         ,--Not Acquired--,
PIF:,            0.00,
PARs:,            0.0,     0.0,     0.0,     0.0,     0.0,     0.0,
Light:,           0.0,     0.0,     0.0,     0.0,     0.0,     0.0,
Cycles:,            1,
                    1,      69,      70,      70,
Lamps:,        #10000,
Gain:,              2,     100, 
SNR_raw:,     191.60,
Position:,        0.0,              0.0,   NoData,
DataPt,      Time(us),   EX,         EM,       Fit,
==========,==========,==========,==========,=========,
    0,        0.0,      0.000,       0.000,    113.890,
    1,        0.8,    162.032,     113.249,    118.287,
    2,        3.3,    180.602,     123.849,    123.325,
    3,        5.8,    180.725,     133.352,    128.496,
    4,        8.3,    180.781,     137.459,    133.777,
    5,       10.8,    180.755,     140.245,    139.144,
    6,       13.3,    180.807,     146.841,    144.581,
    7,       15.8,    180.725,     150.781,    150.067,
    8,       18.3,    180.781,     155.713,    155.589,
    9,       20.8,    180.733,     161.565,    161.130,
   10,       23.3,    180.800,     166.482,    166.680,
   11,       25.8,    180.886,     171.655,    172.226,
   12,       28.3,    180.905,     177.165,    177.757,
   13,       30.8,    180.890,     181.879,    183.260,
   14,       33.3,    180.923,     188.754,    188.727,
   15,       35.8,    180.968,     192.852,    194.150,
   16,       38.3,    180.953,     198.118,    199.519,
   17,       40.8,    180.882,     205.106,    204.826,
   18,       43.3,    180.819,     209.049,    210.063,
   19,       45.8,    180.845,     213.996,    215.228,
   20,       48.3,    180.875,     219.489,    220.314,
   21,       50.8,    180.916,     224.967,    225.316,
   22,       53.3,    180.912,     229.393,    230.228,
   23,       55.8,    181.047,     235.299,    235.051,
   24,       58.3,    180.976,     238.430,    239.775,
   25,       60.8,    181.028,     243.333,    244.400,
   26,       63.3,    181.013,     248.877,    248.921,
   27,       65.8,    180.946,     253.115,    253.337,
   28,       68.3,    180.976,     257.493,    257.645,
   29,       70.8,    180.908,     262.011,    261.844,
   30,       73.3,    180.953,     266.920,    265.933,
   31,       75.8,    180.897,     270.319,    269.910,
   32,       78.3,    180.912,     273.890,    273.775,
   33,       80.8,    180.912,     278.865,    277.527,
   34,       83.3,    180.998,     282.600,    281.168,
   35,       85.8,    181.002,     286.461,    284.697,
   36,       88.3,    180.976,     288.713,    288.113,
   37,       90.8,    181.080,     291.584,    291.418,
   38,       93.3,    180.987,     295.878,    294.612,
   39,       95.8,    180.961,     298.407,    297.697,
   40,       98.3,    180.920,     300.686,    300.672,
   41,      100.8,    180.991,     304.712,    303.540,
   42,      103.3,    180.934,     307.846,    306.303,
   43,      105.8,    180.994,     309.402,    308.962,
   44,      108.3,    181.009,     312.139,    311.518,
   45,      110.8,    181.050,     313.725,    313.975,
   46,      113.3,    181.050,     315.382,    316.333,
   47,      115.8,    181.035,     317.618,    318.595,
   48,      118.3,    180.991,     319.906,    320.762,
   49,      120.8,    180.953,     321.354,    322.837,
   50,      123.3,    181.039,     323.687,    324.822,
   51,      125.8,    180.968,     326.301,    326.720,
   52,      128.3,    181.005,     328.167,    328.532,
   53,      130.8,    180.987,     329.582,    330.262,
   54,      133.3,    181.017,     331.185,    331.911,
   55,      135.8,    181.032,     333.091,    333.482,
   56,      138.3,    181.099,     335.176,    334.977,
   57,      140.8,    181.043,     335.280,    336.399,
   58,      143.3,    181.005,     337.283,    337.749,
   59,      145.8,    180.972,     337.622,    339.031,
   60,      148.3,    181.024,     338.629,    340.246,
   61,      150.8,    180.938,     340.171,    341.398,
   62,      153.3,    180.987,     342.843,    342.486,
   63,      155.8,    180.972,     343.424,    343.516,
   64,      158.3,    180.957,     344.281,    344.487,
   65,      160.8,    180.987,     345.329,    345.403,
   66,      163.3,    181.005,     346.122,    346.265,
   67,      165.8,    181.039,     346.334,    347.076,
   68,      168.3,    181.073,     348.479,    347.837,
   69,      170.8,    181.058,     348.508,    348.550,
   70,      175.8,    179.982,     351.073,    350.689,
----,
DateTime:        , 2025/11/20, 14:30:51, 1763663451539,
RFID_EPC:        ,--Not Acquired--,
RFID_UserData:   ,--Not Acquired--,
Barcode:         ,--Not Acquired--,
PIF:,            0.00,
PARs:,            0.0,     0.0,     0.0,     0.0,     0.0,     0.0,
Light:,           0.0,     0.0,     0.0,     0.0,     0.0,     0.0,
Cycles:,            1,
                    1,      69,      70,      70,
Lamps:,        #10000,
Gain:,              2,     100, 
SNR_raw:,     299.18,
Position:,        0.0,              0.0,   NoData,
DataPt,      Time(us),   EX,         EM,       Fit,
==========,==========,==========,==========,=========,
    0,        0.0,      0.000,       0.000,    111.851,
    1,        0.8,    161.951,     112.997,    116.833,
    2,        3.3,    180.555,     123.439,    122.452,
    3,        5.8,    180.727,     132.797,    128.095,
    4,        8.3,    180.738,     136.662,    133.740,
    5,       10.8,    180.776,     141.335,    139.382,
    6,       13.3,    180.828,     145.995,    145.018,
    7,       15.8,    180.776,     150.463,    150.640,
    8,       18.3,    180.824,     155.676,    156.246,
    9,       20.8,    180.753,     162.099,    161.828,
   10,       23.3,    180.832,     166.176,    167.385,
   11,       25.8,    180.780,     172.033,    172.909,
   12,       28.3,    180.839,     176.676,    178.398,
   13,       30.8,    180.839,     182.206,    183.845,
   14,       33.3,    180.873,     187.701,    189.247,
   15,       35.8,    180.903,     193.750,    194.598,
   16,       38.3,    180.944,     199.786,    199.894,
   17,       40.8,    180.918,     204.513,    205.129,
   18,       43.3,    180.910,     209.496,    210.297,
   19,       45.8,    180.899,     215.866,    215.394,
   20,       48.3,    180.922,     219.709,    220.417,
   21,       50.8,    180.907,     223.872,    225.361,
   22,       53.3,    180.951,     228.791,    230.223,
   23,       55.8,    180.966,     235.403,    234.998,
   24,       58.3,    180.892,     240.199,    239.680,
   25,       60.8,    180.951,     245.646,    244.270,
   26,       63.3,    180.936,     249.535,    248.761,
   27,       65.8,    181.007,     253.857,    253.155,
   28,       68.3,    181.082,     258.998,    257.447,
   29,       70.8,    181.019,     264.061,    261.633,
   30,       73.3,    180.936,     266.945,    265.708,
   31,       75.8,    180.996,     271.276,    269.677,
   32,       78.3,    180.951,     274.936,    273.533,
   33,       80.8,    180.929,     278.010,    277.277,
   34,       83.3,    180.978,     282.079,    280.910,
   35,       85.8,    180.907,     285.783,    284.428,
   36,       88.3,    180.955,     289.022,    287.833,
   37,       90.8,    181.037,     291.100,    291.126,
   38,       93.3,    181.120,     294.833,    294.307,
   39,       95.8,    180.959,     297.858,    297.372,
   40,       98.3,    181.004,     301.928,    300.326,
   41,      100.8,    180.996,     303.045,    303.168,
   42,      103.3,    181.052,     305.160,    305.901,
   43,      105.8,    180.963,     308.904,    308.523,
   44,      108.3,    181.034,     310.716,    311.040,
   45,      110.8,    180.944,     312.528,    313.449,
   46,      113.3,    180.948,     315.285,    315.755,
   47,      115.8,    180.929,     317.804,    317.958,
   48,      118.3,    180.996,     319.344,    320.064,
   49,      120.8,    181.071,     321.145,    322.072,
   50,      123.3,    181.019,     322.895,    323.986,
   51,      125.8,    180.996,     324.869,    325.806,
   52,      128.3,    181.022,     326.203,    327.536,
   53,      130.8,    181.063,     328.338,    329.179,
   54,      133.3,    181.004,     329.551,    330.737,
   55,      135.8,    180.963,     331.560,    332.212,
   56,      138.3,    181.011,     332.852,    333.607,
   57,      140.8,    180.996,     335.090,    334.925,
   58,      143.3,    180.974,     335.131,    336.168,
   59,      145.8,    180.993,     335.373,    337.340,
   60,      148.3,    181.067,     337.168,    338.443,
   61,      150.8,    181.004,     338.391,    339.478,
   62,      153.3,    181.019,     339.192,    340.449,
   63,      155.8,    181.022,     340.842,    341.359,
   64,      158.3,    181.007,     341.699,    342.209,
   65,      160.8,    181.071,     343.236,    343.002,
   66,      163.3,    181.045,     344.114,    343.741,
   67,      165.8,    180.989,     345.602,    344.427,
   68,      168.3,    181.011,     346.111,    345.062,
   69,      170.8,    180.955,     347.600,    345.650,
   70,      175.8,    179.965,     346.365,    345.622,
----,
DateTime:        , 2025/11/20, 14:31:00, 1763663460256,
RFID_EPC:        ,--Not Acquired--,
RFID_UserData:   ,--Not Acquired--,
Barcode:         ,--Not Acquired--,
PIF:,            0.00,
PARs:,            0.0,     0.0,     0.0,     0.0,     0.0,     0.0,
Light:,           0.0,     0.0,     0.0,     0.0,     0.0,     0.0,
Cycles:,            1,
                    1,      69,      70,      70,
Lamps:,        #10000,
Gain:,              2,     100, 
SNR_raw:,     228.54,
Position:,        0.0,              0.0,   NoData,
DataPt,      Time(us),   EX,         EM,       Fit,
==========,==========,==========,==========,=========,
    0,        0.0,      0.000,       0.000,    114.885,
    1,        0.8,    162.041,     112.934,    119.210,
    2,        3.3,    180.665,     124.179,    124.188,
    3,        5.8,    180.609,     134.268,    129.316,
    4,        8.3,    180.691,     137.804,    134.569,
    5,       10.8,    180.762,     141.623,    139.925,
    6,       13.3,    180.800,     145.465,    145.360,
    7,       15.8,    180.818,     150.980,    150.853,
    8,       18.3,    180.833,     157.327,    156.387,
    9,       20.8,    180.900,     162.244,    161.946,
   10,       23.3,    180.792,     165.660,    167.511,
   11,       25.8,    180.803,     172.563,    173.070,
   12,       28.3,    180.814,     178.913,    178.610,
   13,       30.8,    180.871,     184.110,    184.122,
   14,       33.3,    180.837,     187.738,    189.592,
   15,       35.8,    180.882,     194.326,    195.013,
   16,       38.3,    180.968,     198.102,    200.377,
   17,       40.8,    180.885,     205.379,    205.672,
   18,       43.3,    180.968,     211.087,    210.894,
   19,       45.8,    180.990,     214.929,    216.037,
   20,       48.3,    180.893,     220.296,    221.091,
   21,       50.8,    180.923,     226.340,    226.055,
   22,       53.3,    180.923,     229.932,    230.922,
   23,       55.8,    180.923,     235.183,    235.690,
   24,       58.3,    180.908,     239.901,    240.354,
   25,       60.8,    180.908,     245.152,    244.912,
   26,       63.3,    180.990,     250.842,    249.362,
   27,       65.8,    180.990,     253.329,    253.701,
   28,       68.3,    181.039,     258.784,    257.929,
   29,       70.8,    180.938,     262.797,    262.041,
   30,       73.3,    181.024,     267.092,    266.040,
   31,       75.8,    180.971,     270.761,    269.924,
   32,       78.3,    180.964,     274.088,    273.692,
   33,       80.8,    181.001,     278.175,    277.345,
   34,       83.3,    180.975,     282.912,    280.882,
   35,       85.8,    180.986,     285.657,    284.306,
   36,       88.3,    180.949,     288.479,    287.616,
   37,       90.8,    181.024,     292.227,    290.813,
   38,       93.3,    181.009,     294.461,    293.899,
   39,       95.8,    181.042,     297.720,    296.876,
   40,       98.3,    181.054,     300.463,    299.744,
   41,      100.8,    181.054,     303.225,    302.505,
   42,      103.3,    181.035,     306.018,    305.162,
   43,      105.8,    181.020,     307.701,    307.716,
   44,      108.3,    180.998,     310.501,    310.169,
   45,      110.8,    180.990,     313.553,    312.523,
   46,      113.3,    181.020,     315.159,    314.781,
   47,      115.8,    180.912,     316.176,    316.945,
   48,      118.3,    180.956,     319.966,    319.016,
   49,      120.8,    180.964,     320.782,    320.998,
   50,      123.3,    181.009,     322.360,    322.893,
   51,      125.8,    181.016,     324.833,    324.704,
   52,      128.3,    181.117,     327.136,    326.431,
   53,      130.8,    181.005,     326.510,    328.079,
   54,      133.3,    181.024,     329.515,    329.650,
   55,      135.8,    181.001,     330.108,    331.146,
   56,      138.3,    180.930,     331.619,    332.569,
   57,      140.8,    180.956,     333.782,    333.922,
   58,      143.3,    180.971,     334.583,    335.207,
   59,      145.8,    180.968,     336.248,    336.426,
   60,      148.3,    180.975,     337.339,    337.581,
   61,      150.8,    181.020,     337.256,    338.676,
   62,      153.3,    181.005,     339.217,    339.711,
   63,      155.8,    181.024,     338.906,    340.689,
   64,      158.3,    181.027,     340.556,    341.613,
   65,      160.8,    180.979,     343.134,    342.485,
   66,      163.3,    180.945,     344.579,    343.306,
   67,      165.8,    180.979,     345.068,    344.078,
   68,      168.3,    180.998,     344.203,    344.803,
   69,      170.8,    181.050,     346.590,    345.483,
   70,      175.8,    179.888,     349.011,    348.183,
----,
DateTime:        , 2025/11/20, 14:31:09, 1763663469138,
RFID_EPC:        ,--Not Acquired--,
RFID_UserData:   ,--Not Acquired--,
Barcode:         ,--Not Acquired--,
PIF:,            0.00,
PARs:,            0.0,     0.0,     0.0,     0.0,     0.0,     0.0,
Light:,           0.0,     0.0,     0.0,     0.0,     0.0,     0.0,
Cycles:,            1,
                    1,      69,      70,      70,
Lamps:,        #10000,
Gain:,              2,     100, 
SNR_raw:,     217.81,
Position:,        0.0,              0.0,   NoData,
DataPt,      Time(us),   EX,         EM,       Fit,
==========,==========,==========,==========,=========,
    0,        0.0,      0.000,       0.000,    113.802,
    1,        0.8,    162.109,     112.270,    118.314,
    2,        3.3,    180.662,     122.836,    123.464,
    3,        5.8,    180.624,     132.319,    128.730,
    4,        8.3,    180.707,     138.069,    134.095,
    5,       10.8,    180.778,     142.164,    139.540,
    6,       13.3,    180.744,     146.893,    145.044,
    7,       15.8,    180.759,     150.753,    150.593,
    8,       18.3,    180.860,     156.198,    156.174,
    9,       20.8,    180.826,     162.311,    161.769,
   10,       23.3,    180.826,     167.011,    167.366,
   11,       25.8,    180.804,     172.010,    172.954,
   12,       28.3,    180.916,     176.325,    178.523,
   13,       30.8,    180.890,     182.708,    184.060,
   14,       33.3,    180.845,     188.559,    189.556,
   15,       35.8,    180.879,     193.500,    195.003,
   16,       38.3,    180.923,     198.427,    200.393,
   17,       40.8,    180.871,     204.842,    205.716,
   18,       43.3,    180.893,     210.068,    210.968,
   19,       45.8,    180.879,     215.891,    216.141,
   20,       48.3,    180.927,     220.531,    221.231,
   21,       50.8,    180.968,     225.178,    226.232,
   22,       53.3,    180.976,     230.694,    231.139,
   23,       55.8,    180.964,     235.958,    235.948,
   24,       58.3,    180.979,     240.083,    240.654,
   25,       60.8,    180.931,     245.950,    245.254,
   26,       63.3,    180.968,     249.768,    249.747,
   27,       65.8,    180.916,     255.920,    254.128,
   28,       68.3,    180.886,     259.279,    258.397,
   29,       70.8,    180.957,     263.046,    262.552,
   30,       73.3,    180.957,     267.191,    266.592,
   31,       75.8,    181.050,     271.195,    270.516,
   32,       78.3,    181.028,     275.648,    274.323,
   33,       80.8,    180.961,     279.619,    278.013,
   34,       83.3,    181.006,     283.417,    281.586,
   35,       85.8,    180.972,     286.232,    285.042,
   36,       88.3,    181.009,     289.764,    288.382,
   37,       90.8,    180.968,     292.593,    291.606,
   38,       93.3,    180.968,     295.079,    294.716,
   39,       95.8,    180.942,     297.333,    297.713,
   40,       98.3,    180.938,     301.760,    300.599,
   41,      100.8,    180.994,     302.496,    303.375,
   42,      103.3,    181.054,     304.881,    306.043,
   43,      105.8,    181.039,     307.944,    308.605,
   44,      108.3,    181.039,     311.535,    311.062,
   45,      110.8,    181.021,     314.053,    313.418,
   46,      113.3,    181.028,     317.354,    315.674,
   47,      115.8,    181.013,     317.380,    317.832,
   48,      118.3,    180.849,     319.328,    319.895,
   49,      120.8,    181.024,     322.056,    321.866,
   50,      123.3,    180.957,     322.729,    323.746,
   51,      125.8,    180.920,     325.559,    325.538,
   52,      128.3,    180.931,     326.644,    327.246,
   53,      130.8,    181.080,     328.583,    328.871,
   54,      133.3,    181.058,     329.176,    330.416,
   55,      135.8,    181.069,     330.261,    331.883,
   56,      138.3,    180.987,     331.792,    333.275,
   57,      140.8,    181.050,     334.437,    334.595,
   58,      143.3,    181.021,     333.940,    335.845,
   59,      145.8,    180.983,     336.495,    337.027,
   60,      148.3,    180.964,     337.359,    338.145,
   61,      150.8,    180.905,     338.852,    339.199,
   62,      153.3,    180.931,     340.462,    340.193,
   63,      155.8,    180.991,     340.349,    341.129,
   64,      158.3,    181.062,     341.320,    342.009,
   65,      160.8,    181.058,     342.708,    342.834,
   66,      163.3,    181.032,     343.862,    343.609,
   67,      165.8,    181.058,     345.470,    344.333,
   68,      168.3,    181.114,     345.087,    345.010,
   69,      170.8,    180.998,     346.412,    345.642,
   70,      175.8,    179.903,     348.363,    347.740,
----,
DateTime:        , 2025/11/20, 14:31:18, 1763663477910,
RFID_EPC:        ,--Not Acquired--,
RFID_UserData:   ,--Not Acquired--,
Barcode:         ,--Not Acquired--,
PIF:,            0.00,
PARs:,            0.0,     0.0,     0.0,     0.0,     0.0,     0.0,
Light:,           0.0,     0.0,     0.0,     0.0,     0.0,     0.0,
Cycles:,            1,
                    1,      69,      70,      70,
Lamps:,        #10000,
Gain:,              2,     100, 
SNR_raw:,     221.27,
Position:,        0.0,              0.0,   NoData,
DataPt,      Time(us),   EX,         EM,       Fit,
==========,==========,==========,==========,=========,
    0,        0.0,      0.000,       0.000,    113.488,
    1,        0.8,    162.113,     113.193,    118.219,
    2,        3.3,    180.640,     123.675,    123.536,
    3,        5.8,    180.722,     133.077,    128.897,
    4,        8.3,    180.696,     137.800,    134.291,
    5,       10.8,    180.730,     142.201,    139.711,
    6,       13.3,    180.704,     146.096,    145.148,
    7,       15.8,    180.786,     150.731,    150.597,
    8,       18.3,    180.917,     155.873,    156.053,
    9,       20.8,    180.879,     161.710,    161.503,
   10,       23.3,    180.853,     166.710,    166.942,
   11,       25.8,    180.842,     172.250,    172.361,
   12,       28.3,    180.913,     176.328,    177.759,
   13,       30.8,    180.894,     182.427,    183.124,
   14,       33.3,    180.827,     187.472,    188.450,
   15,       35.8,    180.894,     192.378,    193.734,
   16,       38.3,    180.849,     197.678,    198.968,
   17,       40.8,    180.834,     204.331,    204.147,
   18,       43.3,    180.831,     207.100,    209.265,
   19,       45.8,    180.950,     214.147,    214.321,
   20,       48.3,    180.932,     217.762,    219.306,
   21,       50.8,    180.947,     222.441,    224.216,
   22,       53.3,    180.961,     228.502,    229.047,
   23,       55.8,    180.976,     235.114,    233.794,
   24,       58.3,    180.902,     238.804,    238.452,
   25,       60.8,    180.928,     243.744,    243.019,
   26,       63.3,    180.928,     247.889,    247.492,
   27,       65.8,    180.969,     252.806,    251.868,
   28,       68.3,    180.846,     257.678,    256.141,
   29,       70.8,    180.932,     260.319,    260.313,
   30,       73.3,    180.976,     265.504,    264.381,
   31,       75.8,    181.010,     268.770,    268.343,
   32,       78.3,    181.018,     272.626,    272.197,
   33,       80.8,    180.999,     276.521,    275.942,
   34,       83.3,    181.010,     279.819,    279.576,
   35,       85.8,    180.965,     284.309,    283.099,
   36,       88.3,    180.965,     287.624,    286.510,
   37,       90.8,    180.995,     291.168,    289.811,
   38,       93.3,    180.958,     294.268,    292.999,
   39,       95.8,    180.976,     295.895,    296.078,
   40,       98.3,    181.044,     299.651,    299.047,
   41,      100.8,    180.999,     301.936,    301.907,
   42,      103.3,    180.991,     304.434,    304.659,
   43,      105.8,    181.014,     307.711,    307.304,
   44,      108.3,    180.988,     309.966,    309.843,
   45,      110.8,    181.025,     311.559,    312.279,
   46,      113.3,    181.081,     315.052,    314.614,
   47,      115.8,    180.976,     316.063,    316.848,
   48,      118.3,    181.018,     318.477,    318.984,
   49,      120.8,    180.973,     321.043,    321.023,
   50,      123.3,    180.965,     322.161,    322.969,
   51,      125.8,    181.010,     324.568,    324.825,
   52,      128.3,    181.044,     326.993,    326.591,
   53,      130.8,    181.126,     327.121,    328.272,
   54,      133.3,    181.032,     328.670,    329.867,
   55,      135.8,    181.062,     329.445,    331.381,
   56,      138.3,    181.051,     331.122,    332.816,
   57,      140.8,    181.025,     333.656,    334.174,
   58,      143.3,    180.984,     334.284,    335.457,
   59,      145.8,    180.954,     337.655,    336.669,
   60,      148.3,    181.044,     336.659,    337.812,
   61,      150.8,    180.950,     339.043,    338.888,
   62,      153.3,    180.991,     339.519,    339.900,
   63,      155.8,    180.958,     341.516,    340.849,
   64,      158.3,    181.003,     342.260,    341.740,
   65,      160.8,    180.958,     343.174,    342.573,
   66,      163.3,    181.070,     343.790,    343.351,
   67,      165.8,    180.980,     344.237,    344.077,
   68,      168.3,    181.036,     345.235,    344.752,
   69,      170.8,    180.939,     347.078,    345.378,
   70,      175.8,    179.844,     346.145,    346.021,
----,
DateTime:        , 2025/11/20, 14:31:26, 1763663486651,
RFID_EPC:        ,--Not Acquired--,
RFID_UserData:   ,--Not Acquired--,
Barcode:         ,--Not Acquired--,
PIF:,            0.00,
PARs:,            0.0,     0.0,     0.0,     0.0,     0.0,     0.0,
Light:,           0.0,     0.0,     0.0,     0.0,     0.0,     0.0,
Cycles:,            1,
                    1,      69,      70,      70,
Lamps:,        #10000,
Gain:,              2,     100, 
SNR_raw:,     168.70,
Position:,        0.0,              0.0,   NoData,
DataPt,      Time(us),   EX,         EM,       Fit,
==========,==========,==========,==========,=========,
    0,        0.0,      0.000,       0.000,    113.294,
    1,        0.8,    162.120,     113.496,    117.948,
    2,        3.3,    180.612,     123.967,    123.202,
    3,        5.8,    180.713,     133.361,    128.522,
    4,        8.3,    180.758,     136.370,    133.895,
    5,       10.8,    180.866,     142.370,    139.311,
    6,       13.3,    180.769,     145.490,    144.755,
    7,       15.8,    180.874,     151.487,    150.222,
    8,       18.3,    180.810,     155.965,    155.697,
    9,       20.8,    180.844,     160.636,    161.174,
   10,       23.3,    180.844,     164.783,    166.643,
   11,       25.8,    180.829,     170.880,    172.096,
   12,       28.3,    180.866,     177.203,    177.525,
   13,       30.8,    180.941,     181.275,    182.925,
   14,       33.3,    180.896,     187.400,    188.284,
   15,       35.8,    180.930,     192.616,    193.598,
   16,       38.3,    180.993,     198.350,    198.861,
   17,       40.8,    180.922,     204.508,    204.063,
   18,       43.3,    180.922,     206.995,    209.201,
   19,       45.8,    180.885,     213.119,    214.268,
   20,       48.3,    180.915,     217.782,    219.260,
   21,       50.8,    180.855,     223.660,    224.171,
   22,       53.3,    180.918,     228.280,    228.998,
   23,       55.8,    180.911,     232.435,    233.737,
   24,       58.3,    180.989,     238.135,    238.384,
   25,       60.8,    180.941,     242.068,    242.935,
   26,       63.3,    181.016,     246.940,    247.388,
   27,       65.8,    180.956,     250.890,    251.739,
   28,       68.3,    181.012,     256.337,    255.985,
   29,       70.8,    180.975,     260.534,    260.125,
   30,       73.3,    180.926,     264.749,    264.156,
   31,       75.8,    180.870,     267.872,    268.077,
   32,       78.3,    180.904,     273.903,    271.887,
   33,       80.8,    180.933,     275.792,    275.586,
   34,       83.3,    180.926,     281.054,    279.174,
   35,       85.8,    180.918,     283.553,    282.649,
   36,       88.3,    180.997,     288.403,    286.013,
   37,       90.8,    181.016,     290.306,    289.265,
   38,       93.3,    181.060,     292.168,    292.407,
   39,       95.8,    180.978,     296.168,    295.436,
   40,       98.3,    181.042,     297.721,    298.357,
   41,      100.8,    180.993,     300.840,    301.168,
   42,      103.3,    180.937,     305.631,    303.872,
   43,      105.8,    181.042,     309.597,    306.471,
   44,      108.3,    180.933,     309.230,    308.964,
   45,      110.8,    181.019,     312.398,    311.357,
   46,      113.3,    180.963,     314.981,    313.648,
   47,      115.8,    180.997,     316.580,    315.842,
   48,      118.3,    180.982,     316.606,    317.939,
   49,      120.8,    180.967,     319.395,    319.943,
   50,      123.3,    181.034,     322.315,    321.855,
   51,      125.8,    181.019,     322.341,    323.678,
   52,      128.3,    181.012,     324.841,    325.414,
   53,      130.8,    180.933,     325.534,    327.065,
   54,      133.3,    181.012,     328.155,    328.634,
   55,      135.8,    180.948,     330.205,    330.124,
   56,      138.3,    180.933,     330.785,    331.536,
   57,      140.8,    181.019,     330.904,    332.875,
   58,      143.3,    181.019,     333.114,    334.141,
   59,      145.8,    181.057,     334.702,    335.338,
   60,      148.3,    180.986,     335.109,    336.468,
   61,      150.8,    181.034,     337.229,    337.533,
   62,      153.3,    181.034,     337.781,    338.536,
   63,      155.8,    181.001,     339.225,    339.478,
   64,      158.3,    180.975,     340.932,    340.363,
   65,      160.8,    180.989,     341.733,    341.192,
   66,      163.3,    180.904,     341.066,    341.967,
   67,      165.8,    180.978,     343.135,    342.692,
   68,      168.3,    180.997,     343.928,    343.367,
   69,      170.8,    181.027,     344.977,    343.996,
   70,      175.8,    180.003,     345.256,    345.059,
----,
DateTime:        , 2025/11/20, 14:31:35, 1763663495362,
RFID_EPC:        ,--Not Acquired--,
RFID_UserData:   ,--Not Acquired--,
Barcode:         ,--Not Acquired--,
PIF:,            0.00,
PARs:,            0.0,     0.0,     0.0,     0.0,     0.0,     0.0,
Light:,           0.0,     0.0,     0.0,     0.0,     0.0,     0.0,
Cycles:,            1,
                    1,      69,      70,      70,
Lamps:,        #10000,
Gain:,              2,     100, 
SNR_raw:,     230.45,
Position:,        0.0,              0.0,   NoData,
DataPt,      Time(us),   EX,         EM,       Fit,
==========,==========,==========,==========,=========,
    0,        0.0,      0.000,       0.000,    110.844,
    1,        0.8,    162.012,     111.720,    115.740,
    2,        3.3,    180.567,     122.273,    121.247,
    3,        5.8,    180.664,     131.736,    126.800,
    4,        8.3,    180.616,     136.201,    132.384,
    5,       10.8,    180.705,     139.454,    137.994,
    6,       13.3,    180.810,     144.903,    143.619,
    7,       15.8,    180.847,     148.744,    149.249,
    8,       18.3,    180.851,     155.100,    154.875,
    9,       20.8,    180.896,     160.313,    160.490,
   10,       23.3,    180.847,     165.056,    166.083,
   11,       25.8,    180.918,     170.243,    171.651,
   12,       28.3,    180.791,     174.787,    177.180,
   13,       30.8,    180.776,     180.333,    182.669,
   14,       33.3,    180.907,     187.665,    188.114,
   15,       35.8,    180.862,     192.964,    193.505,
   16,       38.3,    180.888,     197.359,    198.838,
   17,       40.8,    180.915,     203.964,    204.107,
   18,       43.3,    180.926,     209.478,    209.308,
   19,       45.8,    180.881,     213.676,    214.433,
   20,       48.3,    180.982,     219.635,    219.482,
   21,       50.8,    181.023,     224.557,    224.449,
   22,       53.3,    181.023,     228.424,    229.329,
   23,       55.8,    180.963,     232.644,    234.117,
   24,       58.3,    180.866,     238.021,    238.808,
   25,       60.8,    180.948,     243.440,    243.404,
   26,       63.3,    180.937,     248.429,    247.900,
   27,       65.8,    180.922,     252.042,    252.292,
   28,       68.3,    181.027,     257.421,    256.583,
   29,       70.8,    180.911,     261.178,    260.764,
   30,       73.3,    180.978,     265.502,    264.838,
   31,       75.8,    180.967,     269.663,    268.802,
   32,       78.3,    181.034,     274.258,    272.657,
   33,       80.8,    180.989,     276.536,    276.399,
   34,       83.3,    180.967,     279.885,    280.028,
   35,       85.8,    180.933,     285.188,    283.545,
   36,       88.3,    180.956,     287.639,    286.949,
   37,       90.8,    181.027,     292.498,    290.243,
   38,       93.3,    180.963,     294.259,    293.424,
   39,       95.8,    181.034,     297.734,    296.495,
   40,       98.3,    181.019,     299.416,    299.456,
   41,      100.8,    180.989,     301.123,    302.308,
   42,      103.3,    180.982,     305.832,    305.052,
   43,      105.8,    181.027,     306.585,    307.690,
   44,      108.3,    180.986,     310.246,    310.223,
   45,      110.8,    180.986,     312.456,    312.654,
   46,      113.3,    180.967,     314.422,    314.983,
   47,      115.8,    180.963,     317.744,    317.213,
   48,      118.3,    181.001,     319.060,    319.347,
   49,      120.8,    181.049,     321.184,    321.387,
   50,      123.3,    180.963,     323.270,    323.334,
   51,      125.8,    180.982,     326.000,    325.191,
   52,      128.3,    181.090,     325.252,    326.961,
   53,      130.8,    181.027,     327.576,    328.645,
   54,      133.3,    181.001,     330.109,    330.246,
   55,      135.8,    181.030,     331.436,    331.767,
   56,      138.3,    180.903,     332.498,    333.209,
   57,      140.8,    180.997,     333.708,    334.577,
   58,      143.3,    180.926,     334.668,    335.871,
   59,      145.8,    181.004,     335.904,    337.095,
   60,      148.3,    180.963,     337.361,    338.250,
   61,      150.8,    181.086,     339.341,    339.341,
   62,      153.3,    181.057,     338.844,    340.369,
   63,      155.8,    181.075,     341.847,    341.335,
   64,      158.3,    181.083,     341.833,    342.243,
   65,      160.8,    181.049,     343.001,    343.094,
   66,      163.3,    181.034,     343.858,    343.891,
   67,      165.8,    181.030,     344.417,    344.636,
   68,      168.3,    180.993,     346.146,    345.331,
   69,      170.8,    180.989,     346.706,    345.977,
   70,      175.8,    179.816,     346.354,    346.466,
----,
DateTime:        , 2025/11/20, 14:31:44, 1763663504090,
RFID_EPC:        ,--Not Acquired--,
RFID_UserData:   ,--Not Acquired--,
Barcode:         ,--Not Acquired--,
PIF:,            0.00,
PARs:,            0.0,     0.0,     0.0,     0.0,     0.0,     0.0,
Light:,           0.0,     0.0,     0.0,     0.0,     0.0,     0.0,
Cycles:,            1,
                    1,      69,      70,      70,
Lamps:,        #10000,
Gain:,              2,     100, 
SNR_raw:,     216.10,
Position:,        0.0,              0.0,   NoData,
DataPt,      Time(us),   EX,         EM,       Fit,
==========,==========,==========,==========,=========,
    0,        0.0,      0.000,       0.000,    113.045,
    1,        0.8,    161.959,     112.992,    117.573,
    2,        3.3,    180.585,     123.022,    122.713,
    3,        5.8,    180.664,     132.013,    127.943,
    4,        8.3,    180.742,     135.829,    133.247,
    5,       10.8,    180.806,     139.653,    138.612,
    6,       13.3,    180.768,     144.384,    144.022,
    7,       15.8,    180.865,     149.835,    149.469,
    8,       18.3,    180.813,     154.580,    154.937,
    9,       20.8,    180.802,     159.567,    160.418,
   10,       23.3,    180.757,     165.416,    165.899,
   11,       25.8,    180.817,     169.785,    171.374,
   12,       28.3,    180.761,     176.200,    176.832,
   13,       30.8,    180.839,     180.824,    182.268,
   14,       33.3,    180.862,     186.883,    187.672,
   15,       35.8,    180.936,     192.886,    193.037,
   16,       38.3,    180.936,     198.412,    198.356,
   17,       40.8,    180.895,     203.156,    203.620,
   18,       43.3,    180.974,     207.765,    208.825,
   19,       45.8,    180.985,     213.830,    213.964,
   20,       48.3,    180.929,     218.318,    219.030,
   21,       50.8,    180.899,     224.435,    224.019,
   22,       53.3,    180.914,     228.009,    228.925,
   23,       55.8,    180.951,     233.488,    233.746,
   24,       58.3,    180.925,     238.773,    238.476,
   25,       60.8,    180.925,     242.642,    243.112,
   26,       63.3,    180.977,     248.097,    247.650,
   27,       65.8,    180.977,     253.347,    252.088,
   28,       68.3,    180.947,     256.428,    256.421,
   29,       70.8,    180.940,     261.413,    260.648,
   30,       73.3,    181.041,     265.410,    264.769,
   31,       75.8,    181.004,     268.503,    268.779,
   32,       78.3,    180.940,     273.848,    272.677,
   33,       80.8,    180.873,     277.543,    276.462,
   34,       83.3,    180.955,     281.285,    280.134,
   35,       85.8,    180.899,     285.519,    283.693,
   36,       88.3,    180.959,     288.740,    287.138,
   37,       90.8,    181.000,     290.884,    290.471,
   38,       93.3,    181.082,     295.170,    293.691,
   39,       95.8,    180.992,     296.698,    296.798,
   40,       98.3,    180.962,     300.339,    299.792,
   41,      100.8,    180.977,     302.800,    302.676,
   42,      103.3,    180.996,     305.255,    305.451,
   43,      105.8,    180.985,     307.208,    308.117,
   44,      108.3,    180.959,     310.015,    310.677,
   45,      110.8,    180.989,     311.898,    313.132,
   46,      113.3,    180.981,     314.674,    315.484,
   47,      115.8,    181.018,     317.371,    317.736,
   48,      118.3,    181.007,     320.982,    319.890,
   49,      120.8,    181.119,     321.335,    321.948,
   50,      123.3,    181.018,     322.067,    323.910,
   51,      125.8,    181.078,     325.550,    325.782,
   52,      128.3,    181.004,     326.237,    327.564,
   53,      130.8,    181.026,     327.854,    329.259,
   54,      133.3,    180.981,     329.040,    330.870,
   55,      135.8,    181.011,     332.853,    332.399,
   56,      138.3,    181.015,     332.570,    333.849,
   57,      140.8,    180.966,     335.145,    335.222,
   58,      143.3,    181.018,     336.154,    336.522,
   59,      145.8,    181.075,     337.982,    337.750,
   60,      148.3,    181.108,     337.920,    338.909,
   61,      150.8,    181.015,     338.923,    340.001,
   62,      153.3,    181.037,     341.643,    341.029,
   63,      155.8,    181.018,     341.402,    341.995,
   64,      158.3,    181.007,     342.251,    342.902,
   65,      160.8,    180.985,     342.294,    343.752,
   66,      163.3,    181.011,     345.283,    344.547,
   67,      165.8,    180.959,     346.212,    345.290,
   68,      168.3,    181.011,     346.112,    345.982,
   69,      170.8,    180.962,     348.139,    346.626,
   70,      175.8,    180.006,     347.752,    347.692,
----,
DateTime:        , 2025/11/20, 14:31:53, 1763663512891,
RFID_EPC:        ,--Not Acquired--,
RFID_UserData:   ,--Not Acquired--,
Barcode:         ,--Not Acquired--,
PIF:,            0.00,
PARs:,            0.0,     0.0,     0.0,     0.0,     0.0,     0.0,
Light:,           0.0,     0.0,     0.0,     0.0,     0.0,     0.0,
Cycles:,            1,
                    1,      69,      70,      70,
Lamps:,        #10000,
Gain:,              2,     100, 
SNR_raw:,     243.26,
Position:,        0.0,              0.0,   NoData,
DataPt,      Time(us),   EX,         EM,       Fit,
==========,==========,==========,==========,=========,
    0,        0.0,      0.000,       0.000,    115.110,
    1,        0.8,    162.064,     115.386,    119.504,
    2,        3.3,    180.598,     124.587,    124.546,
    3,        5.8,    180.669,     132.840,    129.724,
    4,        8.3,    180.650,     136.729,    135.014,
    5,       10.8,    180.725,     142.482,    140.393,
    6,       13.3,    180.717,     147.191,    145.841,
    7,       15.8,    180.758,     152.137,    151.340,
    8,       18.3,    180.938,     156.960,    156.876,
    9,       20.8,    180.867,     162.551,    162.429,
   10,       23.3,    180.848,     166.715,    167.985,
   11,       25.8,    180.826,     172.542,    173.532,
   12,       28.3,    180.926,     177.144,    179.061,
   13,       30.8,    180.840,     181.652,    184.557,
   14,       33.3,    180.848,     188.833,    190.012,
   15,       35.8,    180.867,     193.789,    195.419,
   16,       38.3,    180.855,     199.607,    200.767,
   17,       40.8,    180.874,     203.456,    206.050,
   18,       43.3,    180.934,     209.745,    211.263,
   19,       45.8,    180.926,     215.005,    216.397,
   20,       48.3,    180.934,     220.246,    221.448,
   21,       50.8,    180.997,     225.418,    226.411,
   22,       53.3,    180.997,     230.114,    231.280,
   23,       55.8,    180.997,     235.639,    236.052,
   24,       58.3,    180.971,     239.541,    240.721,
   25,       60.8,    180.982,     245.604,    245.287,
   26,       63.3,    180.897,     249.867,    249.743,
   27,       65.8,    180.926,     256.181,    254.091,
   28,       68.3,    180.945,     259.747,    258.327,
   29,       70.8,    181.027,     263.496,    262.452,
   30,       73.3,    180.975,     267.717,    266.461,
   31,       75.8,    180.964,     271.325,    270.355,
   32,       78.3,    181.012,     274.843,    274.134,
   33,       80.8,    180.990,     278.745,    277.796,
   34,       83.3,    180.964,     282.377,    281.342,
   35,       85.8,    180.979,     287.050,    284.773,
   36,       88.3,    180.997,     288.954,    288.088,
   37,       90.8,    180.953,     293.171,    291.289,
   38,       93.3,    181.001,     295.026,    294.377,
   39,       95.8,    180.930,     297.905,    297.351,
   40,       98.3,    181.009,     300.814,    300.216,
   41,      100.8,    181.009,     303.577,    302.972,
   42,      103.3,    180.994,     304.983,    305.620,
   43,      105.8,    180.956,     308.362,    308.162,
   44,      108.3,    180.990,     309.686,    310.601,
   45,      110.8,    181.001,     312.705,    312.938,
   46,      113.3,    181.031,     314.587,    315.176,
   47,      115.8,    180.979,     316.612,    317.316,
   48,      118.3,    180.964,     319.125,    319.362,
   49,      120.8,    180.994,     321.006,    321.316,
   50,      123.3,    180.964,     324.374,    323.180,
   51,      125.8,    181.083,     323.332,    324.957,
   52,      128.3,    181.020,     325.931,    326.648,
   53,      130.8,    180.979,     327.110,    328.258,
   54,      133.3,    181.068,     328.053,    329.787,
   55,      135.8,    181.031,     330.330,    331.239,
   56,      138.3,    180.994,     331.780,    332.617,
   57,      140.8,    181.050,     334.439,    333.922,
   58,      143.3,    180.941,     334.362,    335.157,
   59,      145.8,    180.997,     336.469,    336.325,
   60,      148.3,    180.919,     337.168,    337.428,
   61,      150.8,    180.964,     338.466,    338.468,
   62,      153.3,    181.001,     339.501,    339.448,
   63,      155.8,    181.027,     340.280,    340.370,
   64,      158.3,    181.061,     341.322,    341.236,
   65,      160.8,    181.005,     343.085,    342.049,
   66,      163.3,    181.050,     343.276,    342.810,
   67,      165.8,    181.039,     343.849,    343.522,
   68,      168.3,    181.020,     344.990,    344.187,
   69,      170.8,    181.035,     346.066,    344.806,
   70,      175.8,    179.858,     346.667,    346.484,
----,
DateTime:        , 2025/11/20, 14:32:01, 1763663521631,
RFID_EPC:        ,--Not Acquired--,
RFID_UserData:   ,--Not Acquired--,
Barcode:         ,--Not Acquired--,
PIF:,            0.00,
PARs:,            0.0,     0.0,     0.0,     0.0,     0.0,     0.0,
Light:,           0.0,     0.0,     0.0,     0.0,     0.0,     0.0,
Cycles:,            1,
                    1,      69,      70,      70,
Lamps:,        #10000,
Gain:,              2,     100, 
SNR_raw:,     233.75,
Position:,        0.0,              0.0,   NoData,
DataPt,      Time(us),   EX,         EM,       Fit,
==========,==========,==========,==========,=========,
    0,        0.0,      0.000,       0.000,    114.351,
    1,        0.8,    162.025,     113.871,    118.921,
    2,        3.3,    180.593,     124.046,    124.098,
    3,        5.8,    180.589,     133.175,    129.354,
    4,        8.3,    180.716,     137.785,    134.680,
    5,       10.8,    180.716,     141.382,    140.061,
    6,       13.3,    180.742,     146.618,    145.484,
    7,       15.8,    180.865,     151.770,    150.942,
    8,       18.3,    180.802,     156.525,    156.418,
    9,       20.8,    180.877,     161.160,    161.906,
   10,       23.3,    180.832,     166.730,    167.393,
   11,       25.8,    180.862,     171.955,    172.872,
   12,       28.3,    180.847,     178.051,    178.333,
   13,       30.8,    180.880,     183.823,    183.768,
   14,       33.3,    180.880,     188.523,    189.169,
   15,       35.8,    180.888,     194.319,    194.528,
   16,       38.3,    180.895,     198.457,    199.838,
   17,       40.8,    180.850,     204.313,    205.092,
   18,       43.3,    180.899,     210.338,    210.284,
   19,       45.8,    180.925,     214.453,    215.408,
   20,       48.3,    180.933,     220.801,    220.458,
   21,       50.8,    180.966,     224.075,    225.430,
   22,       53.3,    180.966,     230.153,    230.318,
   23,       55.8,    180.996,     234.259,    235.117,
   24,       58.3,    180.944,     240.130,    239.823,
   25,       60.8,    180.884,     244.356,    244.431,
   26,       63.3,    180.903,     248.753,    248.939,
   27,       65.8,    180.877,     253.764,    253.344,
   28,       68.3,    180.970,     257.501,    257.644,
   29,       70.8,    181.004,     262.426,    261.838,
   30,       73.3,    181.026,     267.089,    265.922,
   31,       75.8,    180.974,     270.758,    269.893,
   32,       78.3,    181.000,     274.586,    273.753,
   33,       80.8,    181.004,     278.724,    277.498,
   34,       83.3,    181.052,     282.239,    281.130,
   35,       85.8,    180.910,     285.777,    284.646,
   36,       88.3,    180.989,     289.521,    288.047,
   37,       90.8,    181.026,     292.223,    291.335,
   38,       93.3,    180.933,     295.690,    294.508,
   39,       95.8,    180.989,     298.914,    297.568,
   40,       98.3,    180.914,     300.143,    300.516,
   41,      100.8,    181.026,     303.824,    303.353,
   42,      103.3,    181.037,     307.119,    306.081,
   43,      105.8,    180.992,     308.300,    308.700,
   44,      108.3,    181.007,     311.590,    311.213,
   45,      110.8,    181.007,     313.523,    313.622,
   46,      113.3,    181.060,     315.090,    315.928,
   47,      115.8,    181.052,     318.969,    318.134,
   48,      118.3,    181.045,     319.258,    320.241,
   49,      120.8,    180.925,     321.404,    322.252,
   50,      123.3,    180.955,     323.837,    324.170,
   51,      125.8,    180.974,     324.357,    325.996,
   52,      128.3,    181.048,     326.708,    327.735,
   53,      130.8,    180.977,     329.047,    329.386,
   54,      133.3,    181.060,     330.278,    330.955,
   55,      135.8,    180.970,     332.099,    332.442,
   56,      138.3,    181.041,     333.350,    333.851,
   57,      140.8,    181.041,     333.626,    335.184,
   58,      143.3,    180.959,     334.883,    336.444,
   59,      145.8,    180.966,     337.632,    337.632,
   60,      148.3,    180.985,     338.702,    338.753,
   61,      150.8,    180.970,     339.559,    339.807,
   62,      153.3,    180.966,     340.671,    340.798,
   63,      155.8,    181.026,     341.387,    341.728,
   64,      158.3,    181.056,     343.540,    342.600,
   65,      160.8,    181.063,     342.974,    343.415,
   66,      163.3,    181.067,     344.348,    344.176,
   67,      165.8,    181.082,     345.424,    344.885,
   68,      168.3,    181.011,     345.835,    345.544,
   69,      170.8,    181.000,     346.133,    346.156,
   70,      175.8,    179.894,     348.172,    347.628,
----,
DateTime:        , 2025/11/20, 14:32:10, 1763663530492,
RFID_EPC:        ,--Not Acquired--,
RFID_UserData:   ,--Not Acquired--,
Barcode:         ,--Not Acquired--,
PIF:,            0.00,
PARs:,            0.0,     0.0,     0.0,     0.0,     0.0,     0.0,
Light:,           0.0,     0.0,     0.0,     0.0,     0.0,     0.0,
Cycles:,            1,
                    1,      69,      70,      70,
Lamps:,        #10000,
Gain:,              2,     100, 
SNR_raw:,     187.35,
Position:,        0.0,              0.0,   NoData,
DataPt,      Time(us),   EX,         EM,       Fit,
==========,==========,==========,==========,=========,
    0,        0.0,      0.000,       0.000,    115.124,
    1,        0.8,    161.897,     113.344,    119.445,
    2,        3.3,    180.655,     124.073,    124.406,
    3,        5.8,    180.644,     133.688,    129.498,
    4,        8.3,    180.625,     138.131,    134.700,
    5,       10.8,    180.730,     142.478,    139.993,
    6,       13.3,    180.835,     146.819,    145.360,
    7,       15.8,    180.820,     150.703,    150.780,
    8,       18.3,    180.905,     155.606,    156.239,
    9,       20.8,    180.861,     160.897,    161.720,
   10,       23.3,    180.879,     167.239,    167.212,
   11,       25.8,    180.883,     171.105,    172.701,
   12,       28.3,    180.853,     177.216,    178.176,
   13,       30.8,    180.827,     182.771,    183.626,
   14,       33.3,    180.883,     187.690,    189.044,
   15,       35.8,    180.887,     191.833,    194.419,
   16,       38.3,    180.879,     198.475,    199.742,
   17,       40.8,    180.920,     204.786,    205.008,
   18,       43.3,    180.920,     209.761,    210.208,
   19,       45.8,    180.917,     215.292,    215.337,
   20,       48.3,    180.995,     219.895,    220.389,
   21,       50.8,    180.902,     225.260,    225.355,
   22,       53.3,    180.924,     229.931,    230.235,
   23,       55.8,    180.917,     234.638,    235.021,
   24,       58.3,    180.950,     238.187,    239.712,
   25,       60.8,    180.879,     244.638,    244.301,
   26,       63.3,    180.879,     250.167,    248.788,
   27,       65.8,    180.958,     253.927,    253.170,
   28,       68.3,    180.991,     259.957,    257.445,
   29,       70.8,    180.973,     262.470,    261.609,
   30,       73.3,    180.887,     265.912,    265.661,
   31,       75.8,    181.014,     269.316,    269.602,
   32,       78.3,    180.995,     274.317,    273.430,
   33,       80.8,    180.902,     277.222,    277.142,
   34,       83.3,    180.965,     281.546,    280.740,
   35,       85.8,    180.962,     284.315,    284.225,
   36,       88.3,    180.950,     287.648,    287.595,
   37,       90.8,    180.958,     291.504,    290.852,
   38,       93.3,    180.969,     294.249,    293.997,
   39,       95.8,    181.018,     297.761,    297.030,
   40,       98.3,    181.021,     301.069,    299.953,
   41,      100.8,    181.070,     301.817,    302.768,
   42,      103.3,    181.051,     304.058,    305.475,
   43,      105.8,    181.036,     307.673,    308.076,
   44,      108.3,    180.976,     311.643,    310.573,
   45,      110.8,    180.947,     313.905,    312.968,
   46,      113.3,    180.973,     316.070,    315.263,
   47,      115.8,    180.962,     316.366,    317.460,
   48,      118.3,    181.033,     320.108,    319.563,
   49,      120.8,    180.999,     320.996,    321.572,
   50,      123.3,    181.021,     323.166,    323.491,
   51,      125.8,    181.081,     324.440,    325.322,
   52,      128.3,    181.081,     325.545,    327.067,
   53,      130.8,    181.051,     327.808,    328.729,
   54,      133.3,    180.995,     327.909,    330.310,
   55,      135.8,    180.999,     330.941,    331.812,
   56,      138.3,    180.954,     331.852,    333.239,
   57,      140.8,    180.976,     334.298,    334.593,
   58,      143.3,    181.010,     336.169,    335.876,
   59,      145.8,    180.962,     336.812,    337.090,
   60,      148.3,    181.021,     338.082,    338.239,
   61,      150.8,    181.047,     339.690,    339.324,
   62,      153.3,    181.029,     340.277,    340.348,
   63,      155.8,    181.092,     341.538,    341.313,
   64,      158.3,    181.074,     342.954,    342.221,
   65,      160.8,    180.995,     343.379,    343.075,
   66,      163.3,    180.999,     343.096,    343.877,
   67,      165.8,    181.003,     345.575,    344.628,
   68,      168.3,    181.006,     346.673,    345.332,
   69,      170.8,    181.006,     348.054,    345.989,
   70,      175.8,    179.919,     347.636,    347.561,
----,
DateTime:        , 2025/11/20, 14:32:19, 1763663539283,
RFID_EPC:        ,--Not Acquired--,
RFID_UserData:   ,--Not Acquired--,
Barcode:         ,--Not Acquired--,
PIF:,            0.00,
PARs:,            0.0,     0.0,     0.0,     0.0,     0.0,     0.0,
Light:,           0.0,     0.0,     0.0,     0.0,     0.0,     0.0,
Cycles:,            1,
                    1,      69,      70,      70,
Lamps:,        #10000,
Gain:,              2,     100, 
SNR_raw:,     182.44,
Position:,        0.0,              0.0,   NoData,
DataPt,      Time(us),   EX,         EM,       Fit,
==========,==========,==========,==========,=========,
    0,        0.0,      0.000,       0.000,    114.838,
    1,        0.8,    161.870,     115.216,    119.111,
    2,        3.3,    180.519,     124.814,    124.009,
    3,        5.8,    180.639,     133.415,    129.041,
    4,        8.3,    180.747,     137.208,    134.187,
    5,       10.8,    180.777,     140.504,    139.426,
    6,       13.3,    180.845,     146.535,    144.743,
    7,       15.8,    180.815,     149.324,    150.121,
    8,       18.3,    180.766,     154.343,    155.544,
    9,       20.8,    180.818,     161.211,    161.001,
   10,       23.3,    180.848,     167.267,    166.479,
   11,       25.8,    180.871,     171.946,    171.966,
   12,       28.3,    180.882,     176.358,    177.451,
   13,       30.8,    180.893,     182.981,    182.922,
   14,       33.3,    180.859,     188.544,    188.368,
   15,       35.8,    180.901,     193.476,    193.782,
   16,       38.3,    180.975,     198.922,    199.156,
   17,       40.8,    180.960,     203.083,    204.478,
   18,       43.3,    180.912,     208.942,    209.742,
   19,       45.8,    180.945,     215.535,    214.940,
   20,       48.3,    180.815,     219.838,    220.063,
   21,       50.8,    180.908,     224.700,    225.109,
   22,       53.3,    180.923,     231.038,    230.071,
   23,       55.8,    180.945,     235.983,    234.943,
   24,       58.3,    180.957,     240.665,    239.720,
   25,       60.8,    180.960,     243.700,    244.398,
   26,       63.3,    181.031,     249.680,    248.973,
   27,       65.8,    180.998,     253.594,    253.441,
   28,       68.3,    180.968,     258.609,    257.798,
   29,       70.8,    180.975,     262.467,    262.042,
   30,       73.3,    181.013,     266.003,    266.171,
   31,       75.8,    181.009,     270.705,    270.183,
   32,       78.3,    180.942,     275.779,    274.075,
   33,       80.8,    180.975,     279.320,    277.849,
   34,       83.3,    180.901,     282.476,    281.501,
   35,       85.8,    180.938,     284.904,    285.033,
   36,       88.3,    180.964,     289.836,    288.445,
   37,       90.8,    181.024,     292.779,    291.737,
   38,       93.3,    180.979,     295.338,    294.908,
   39,       95.8,    181.072,     298.775,    297.962,
   40,       98.3,    181.072,     300.156,    300.899,
   41,      100.8,    181.016,     304.116,    303.718,
   42,      103.3,    180.983,     306.935,    306.422,
   43,      105.8,    180.912,     309.267,    309.013,
   44,      108.3,    180.979,     309.981,    311.494,
   45,      110.8,    180.942,     314.190,    313.865,
   46,      113.3,    180.942,     316.124,    316.130,
   47,      115.8,    181.001,     317.953,    318.292,
   48,      118.3,    181.076,     319.479,    320.352,
   49,      120.8,    180.979,     322.689,    322.313,
   50,      123.3,    181.072,     323.903,    324.178,
   51,      125.8,    181.005,     325.957,    325.950,
   52,      128.3,    181.069,     326.395,    327.631,
   53,      130.8,    181.001,     329.003,    329.224,
   54,      133.3,    180.953,     330.196,    330.732,
   55,      135.8,    180.957,     331.295,    332.158,
   56,      138.3,    180.987,     332.069,    333.505,
   57,      140.8,    180.964,     334.320,    334.775,
   58,      143.3,    181.050,     335.819,    335.971,
   59,      145.8,    181.016,     336.157,    337.096,
   60,      148.3,    181.013,     337.545,    338.153,
   61,      150.8,    180.953,     339.867,    339.145,
   62,      153.3,    181.054,     338.573,    340.074,
   63,      155.8,    181.028,     342.213,    340.942,
   64,      158.3,    180.994,     342.277,    341.753,
   65,      160.8,    180.934,     342.666,    342.508,
   66,      163.3,    181.009,     343.629,    343.210,
   67,      165.8,    181.005,     344.741,    343.861,
   68,      168.3,    180.987,     346.435,    344.464,
   69,      170.8,    181.054,     345.477,    345.021,
   70,      175.8,    180.052,     346.627,    346.446,
----,
DateTime:        , 2025/11/20, 14:32:28, 1763663548001,
RFID_EPC:        ,--Not Acquired--,
RFID_UserData:   ,--Not Acquired--,
Barcode:         ,--Not Acquired--,
PIF:,            0.00,
PARs:,            0.0,     0.0,     0.0,     0.0,     0.0,     0.0,
Light:,           0.0,     0.0,     0.0,     0.0,     0.0,     0.0,
Cycles:,            1,
                    1,      69,      70,      70,
Lamps:,        #10000,
Gain:,              2,     100, 
SNR_raw:,     220.52,
Position:,        0.0,              0.0,   NoData,
DataPt,      Time(us),   EX,         EM,       Fit,
==========,==========,==========,==========,=========,
    0,        0.0,      0.000,       0.000,    116.554,
    1,        0.8,    162.111,     115.045,    120.853,
    2,        3.3,    180.670,     125.321,    125.773,
    3,        5.8,    180.610,     134.544,    130.815,
    4,        8.3,    180.703,     138.348,    135.964,
    5,       10.8,    180.722,     143.867,    141.200,
    6,       13.3,    180.782,     147.968,    146.505,
    7,       15.8,    180.827,     152.079,    151.865,
    8,       18.3,    180.804,     157.352,    157.263,
    9,       20.8,    180.860,     162.833,    162.686,
   10,       23.3,    180.875,     168.624,    168.121,
   11,       25.8,    180.860,     172.232,    173.555,
   12,       28.3,    180.883,     177.463,    178.979,
   13,       30.8,    180.864,     182.457,    184.380,
   14,       33.3,    180.898,     187.951,    189.750,
   15,       35.8,    180.909,     194.297,    195.080,
   16,       38.3,    180.819,     199.094,    200.360,
   17,       40.8,    180.894,     203.987,    205.584,
   18,       43.3,    180.879,     209.256,    210.744,
   19,       45.8,    180.916,     215.293,    215.835,
   20,       48.3,    180.924,     220.535,    220.849,
   21,       50.8,    180.961,     224.357,    225.783,
   22,       53.3,    180.995,     229.841,    230.630,
   23,       55.8,    180.972,     235.395,    235.385,
   24,       58.3,    180.935,     240.141,    240.044,
   25,       60.8,    180.946,     245.100,    244.604,
   26,       63.3,    180.928,     248.995,    249.061,
   27,       65.8,    180.916,     255.090,    253.413,
   28,       68.3,    180.928,     258.667,    257.658,
   29,       70.8,    180.984,     262.731,    261.794,
   30,       73.3,    180.972,     267.720,    265.819,
   31,       75.8,    180.961,     271.052,    269.731,
   32,       78.3,    180.969,     275.738,    273.530,
   33,       80.8,    180.984,     277.373,    277.216,
   34,       83.3,    181.040,     281.706,    280.788,
   35,       85.8,    181.002,     285.355,    284.245,
   36,       88.3,    180.939,     289.048,    287.589,
   37,       90.8,    180.950,     291.517,    290.819,
   38,       93.3,    180.958,     294.821,    293.937,
   39,       95.8,    180.943,     298.161,    296.943,
   40,       98.3,    180.999,     300.555,    299.840,
   41,      100.8,    180.958,     302.833,    302.627,
   42,      103.3,    180.991,     304.987,    305.308,
   43,      105.8,    181.017,     306.324,    307.883,
   44,      108.3,    180.965,     310.834,    310.354,
   45,      110.8,    181.025,     311.560,    312.724,
   46,      113.3,    180.961,     314.156,    314.995,
   47,      115.8,    180.980,     317.438,    317.168,
   48,      118.3,    180.976,     318.826,    319.246,
   49,      120.8,    181.021,     320.957,    321.231,
   50,      123.3,    180.999,     321.826,    323.126,
   51,      125.8,    181.021,     325.100,    324.934,
   52,      128.3,    181.066,     326.124,    326.655,
   53,      130.8,    181.006,     328.442,    328.294,
   54,      133.3,    181.051,     328.361,    329.853,
   55,      135.8,    181.043,     328.927,    331.333,
   56,      138.3,    180.999,     331.494,    332.739,
   57,      140.8,    181.010,     333.131,    334.071,
   58,      143.3,    180.999,     334.257,    335.333,
   59,      145.8,    181.006,     336.453,    336.526,
   60,      148.3,    180.980,     337.606,    337.655,
   61,      150.8,    180.987,     339.250,    338.720,
   62,      153.3,    180.935,     340.454,    339.724,
   63,      155.8,    181.062,     340.215,    340.669,
   64,      158.3,    181.085,     341.001,    341.558,
   65,      160.8,    181.032,     341.099,    342.392,
   66,      163.3,    181.051,     343.550,    343.175,
   67,      165.8,    181.055,     345.200,    343.908,
   68,      168.3,    180.946,     345.406,    344.593,
   69,      170.8,    180.935,     346.257,    345.232,
   70,      175.8,    179.945,     347.741,    347.274,
----,
DateTime:        , 2025/11/20, 14:32:36, 1763663556755,
RFID_EPC:        ,--Not Acquired--,
RFID_UserData:   ,--Not Acquired--,
Barcode:         ,--Not Acquired--,
PIF:,            0.00,
PARs:,            0.0,     0.0,     0.0,     0.0,     0.0,     0.0,
Light:,           0.0,     0.0,     0.0,     0.0,     0.0,     0.0,
Cycles:,            1,
                    1,      69,      70,      70,
Lamps:,        #10000,
Gain:,              2,     100, 
SNR_raw:,     206.93,
Position:,        0.0,              0.0,   NoData,
DataPt,      Time(us),   EX,         EM,       Fit,
==========,==========,==========,==========,=========,
    0,        0.0,      0.000,       0.000,    115.224,
    1,        0.8,    162.081,     113.215,    119.471,
    2,        3.3,    180.610,     123.563,    124.371,
    3,        5.8,    180.659,     132.847,    129.431,
    4,        8.3,    180.704,     137.795,    134.623,
    5,       10.8,    180.678,     141.135,    139.919,
    6,       13.3,    180.767,     146.044,    145.299,
    7,       15.8,    180.767,     151.023,    150.741,
    8,       18.3,    180.805,     156.246,    156.225,
    9,       20.8,    180.846,     161.464,    161.736,
   10,       23.3,    180.887,     166.126,    167.258,
   11,       25.8,    180.838,     170.594,    172.775,
   12,       28.3,    180.842,     177.503,    178.275,
   13,       30.8,    180.868,     182.177,    183.748,
   14,       33.3,    180.823,     187.199,    189.182,
   15,       35.8,    180.846,     194.365,    194.568,
   16,       38.3,    180.853,     198.780,    199.897,
   17,       40.8,    180.902,     205.913,    205.164,
   18,       43.3,    180.861,     209.277,    210.358,
   19,       45.8,    180.958,     215.796,    215.477,
   20,       48.3,    180.995,     220.172,    220.512,
   21,       50.8,    181.018,     225.116,    225.460,
   22,       53.3,    180.988,     229.297,    230.313,
   23,       55.8,    180.950,     233.766,    235.069,
   24,       58.3,    180.950,     237.911,    239.723,
   25,       60.8,    180.943,     244.552,    244.273,
   26,       63.3,    180.950,     249.240,    248.717,
   27,       65.8,    180.917,     253.155,    253.051,
   28,       68.3,    180.928,     258.666,    257.274,
   29,       70.8,    180.947,     262.232,    261.385,
   30,       73.3,    180.958,     266.637,    265.383,
   31,       75.8,    181.040,     269.554,    269.267,
   32,       78.3,    181.036,     273.702,    273.036,
   33,       80.8,    181.010,     277.609,    276.690,
   34,       83.3,    180.995,     282.052,    280.229,
   35,       85.8,    181.021,     283.668,    283.653,
   36,       88.3,    181.014,     288.652,    286.963,
   37,       90.8,    180.999,     290.333,    290.160,
   38,       93.3,    180.924,     294.598,    293.244,
   39,       95.8,    180.965,     296.466,    296.217,
   40,       98.3,    180.958,     299.794,    299.080,
   41,      100.8,    180.969,     302.538,    301.836,
   42,      103.3,    181.025,     304.654,    304.486,
   43,      105.8,    181.048,     307.378,    307.031,
   44,      108.3,    181.070,     308.720,    309.474,
   45,      110.8,    180.973,     312.754,    311.816,
   46,      113.3,    181.021,     312.670,    314.060,
   47,      115.8,    180.969,     315.524,    316.208,
   48,      118.3,    181.070,     318.109,    318.263,
   49,      120.8,    180.973,     319.661,    320.225,
   50,      123.3,    181.014,     321.522,    322.099,
   51,      125.8,    180.969,     324.089,    323.886,
   52,      128.3,    181.044,     325.612,    325.589,
   53,      130.8,    181.014,     327.599,    327.211,
   54,      133.3,    180.984,     327.101,    328.753,
   55,      135.8,    181.014,     328.704,    330.219,
   56,      138.3,    180.984,     329.863,    331.610,
   57,      140.8,    180.995,     331.224,    332.929,
   58,      143.3,    180.939,     333.538,    334.179,
   59,      145.8,    180.991,     333.994,    335.362,
   60,      148.3,    181.055,     336.638,    336.480,
   61,      150.8,    180.977,     337.060,    337.535,
   62,      153.3,    181.025,     338.075,    338.531,
   63,      155.8,    180.991,     338.414,    339.468,
   64,      158.3,    181.021,     340.568,    340.350,
   65,      160.8,    181.066,     341.035,    341.178,
   66,      163.3,    181.025,     342.494,    341.955,
   67,      165.8,    181.010,     342.522,    342.683,
   68,      168.3,    180.943,     344.860,    343.363,
   69,      170.8,    180.984,     345.334,    343.998,
   70,      175.8,    179.934,     346.305,    346.032,
----,
DateTime:        , 2025/11/20, 14:32:45, 1763663565539,
RFID_EPC:        ,--Not Acquired--,
RFID_UserData:   ,--Not Acquired--,
Barcode:         ,--Not Acquired--,
PIF:,            0.00,
PARs:,            0.0,     0.0,     0.0,     0.0,     0.0,     0.0,
Light:,           0.0,     0.0,     0.0,     0.0,     0.0,     0.0,
Cycles:,            1,
                    1,      69,      70,      70,
Lamps:,        #10000,
Gain:,              2,     100, 
SNR_raw:,     195.12,
Position:,        0.0,              0.0,   NoData,
DataPt,      Time(us),   EX,         EM,       Fit,
==========,==========,==========,==========,=========,
    0,        0.0,      0.000,       0.000,    113.293,
    1,        0.8,    161.964,     112.988,    118.076,
    2,        3.3,    180.684,     124.031,    123.466,
    3,        5.8,    180.692,     133.930,    128.906,
    4,        8.3,    180.670,     137.821,    134.385,
    5,       10.8,    180.733,     141.922,    139.894,
    6,       13.3,    180.800,     146.017,    145.425,
    7,       15.8,    180.830,     150.970,    150.968,
    8,       18.3,    180.804,     156.800,    156.511,
    9,       20.8,    180.785,     162.624,    162.047,
   10,       23.3,    180.838,     165.895,    167.570,
   11,       25.8,    180.860,     170.297,    173.073,
   12,       28.3,    180.830,     177.791,    178.545,
   13,       30.8,    180.849,     181.643,    183.982,
   14,       33.3,    180.841,     188.010,    189.376,
   15,       35.8,    180.901,     194.581,    194.722,
   16,       38.3,    180.826,     198.533,    200.012,
   17,       40.8,    180.864,     204.850,    205.242,
   18,       43.3,    180.864,     209.826,    210.407,
   19,       45.8,    180.860,     215.636,    215.500,
   20,       48.3,    180.875,     219.765,    220.518,
   21,       50.8,    180.991,     224.321,    225.458,
   22,       53.3,    181.047,     230.051,    230.315,
   23,       55.8,    181.013,     233.961,    235.083,
   24,       58.3,    180.995,     239.510,    239.758,
   25,       60.8,    180.939,     245.387,    244.337,
   26,       63.3,    180.920,     250.111,    248.816,
   27,       65.8,    180.920,     253.427,    253.195,
   28,       68.3,    180.894,     258.715,    257.470,
   29,       70.8,    180.931,     262.807,    261.641,
   30,       73.3,    180.871,     268.147,    265.703,
   31,       75.8,    180.935,     269.987,    269.658,
   32,       78.3,    180.968,     273.805,    273.505,
   33,       80.8,    181.036,     278.398,    277.242,
   34,       83.3,    181.058,     281.678,    280.868,
   35,       85.8,    181.081,     284.680,    284.383,
   36,       88.3,    180.991,     288.689,    287.785,
   37,       90.8,    180.983,     292.568,    291.076,
   38,       93.3,    180.953,     294.551,    294.256,
   39,       95.8,    180.987,     297.811,    297.326,
   40,       98.3,    180.935,     301.213,    300.286,
   41,      100.8,    181.010,     304.680,    303.139,
   42,      103.3,    180.983,     306.934,    305.885,
   43,      105.8,    180.901,     307.903,    308.524,
   44,      108.3,    180.987,     310.519,    311.060,
   45,      110.8,    181.062,     313.705,    313.496,
   46,      113.3,    181.021,     316.262,    315.830,
   47,      115.8,    181.103,     317.499,    318.066,
   48,      118.3,    181.047,     319.807,    320.206,
   49,      120.8,    181.002,     320.438,    322.251,
   50,      123.3,    181.017,     322.898,    324.204,
   51,      125.8,    180.987,     325.714,    326.068,
   52,      128.3,    180.961,     326.313,    327.844,
   53,      130.8,    180.976,     328.773,    329.535,
   54,      133.3,    181.043,     331.137,    331.144,
   55,      135.8,    180.976,     331.260,    332.672,
   56,      138.3,    181.099,     333.243,    334.124,
   57,      140.8,    180.995,     335.093,    335.499,
   58,      143.3,    181.066,     336.066,    336.802,
   59,      145.8,    180.983,     338.153,    338.035,
   60,      148.3,    180.950,     339.044,    339.199,
   61,      150.8,    180.987,     339.803,    340.298,
   62,      153.3,    181.043,     341.631,    341.334,
   63,      155.8,    180.976,     342.587,    342.309,
   64,      158.3,    181.069,     343.239,    343.226,
   65,      160.8,    180.987,     343.118,    344.086,
   66,      163.3,    180.991,     345.321,    344.892,
   67,      165.8,    181.036,     346.064,    345.645,
   68,      168.3,    181.039,     347.438,    346.349,
   69,      170.8,    181.137,     346.976,    347.005,
   70,      175.8,    179.948,     347.807,    347.780,
----,
DateTime:        , 2025/11/20, 14:32:54, 1763663574243,
RFID_EPC:        ,--Not Acquired--,
RFID_UserData:   ,--Not Acquired--,
Barcode:         ,--Not Acquired--,
PIF:,            0.00,
PARs:,            0.0,     0.0,     0.0,     0.0,     0.0,     0.0,
Light:,           0.0,     0.0,     0.0,     0.0,     0.0,     0.0,
Cycles:,            1,
                    1,      69,      70,      70,
Lamps:,        #10000,
Gain:,              2,     100, 
SNR_raw:,     199.69,
Position:,        0.0,              0.0,   NoData,
DataPt,      Time(us),   EX,         EM,       Fit,
==========,==========,==========,==========,=========,
    0,        0.0,      0.000,       0.000,    114.069,
    1,        0.8,    162.116,     112.574,    118.680,
    2,        3.3,    180.471,     124.121,    123.917,
    3,        5.8,    180.695,     134.481,    129.257,
    4,        8.3,    180.620,     137.581,    134.673,
    5,       10.8,    180.706,     143.050,    140.151,
    6,       13.3,    180.766,     146.045,    145.675,
    7,       15.8,    180.803,     152.375,    151.230,
    8,       18.3,    180.848,     157.038,    156.803,
    9,       20.8,    180.781,     160.968,    162.377,
   10,       23.3,    180.830,     167.285,    167.945,
   11,       25.8,    180.815,     172.552,    173.494,
   12,       28.3,    180.871,     176.369,    179.016,
   13,       30.8,    180.837,     182.208,    184.500,
   14,       33.3,    180.841,     189.117,    189.939,
   15,       35.8,    180.844,     193.813,    195.324,
   16,       38.3,    180.859,     198.497,    200.649,
   17,       40.8,    180.867,     204.570,    205.907,
   18,       43.3,    180.912,     211.982,    211.094,
   19,       45.8,    181.020,     215.998,    216.204,
   20,       48.3,    180.934,     219.970,    221.228,
   21,       50.8,    180.983,     225.436,    226.166,
   22,       53.3,    180.964,     230.709,    231.011,
   23,       55.8,    180.927,     235.178,    235.760,
   24,       58.3,    180.867,     240.508,    240.408,
   25,       60.8,    180.942,     243.172,    244.956,
   26,       63.3,    180.990,     250.014,    249.400,
   27,       65.8,    180.930,     255.070,    253.736,
   28,       68.3,    180.998,     259.672,    257.966,
   29,       70.8,    181.020,     263.230,    262.086,
   30,       73.3,    181.028,     267.363,    266.095,
   31,       75.8,    180.998,     269.617,    269.992,
   32,       78.3,    180.998,     275.418,    273.777,
   33,       80.8,    181.013,     278.157,    277.449,
   34,       83.3,    180.975,     282.912,    281.009,
   35,       85.8,    180.923,     286.033,    284.456,
   36,       88.3,    180.927,     288.791,    287.791,
   37,       90.8,    180.953,     291.236,    291.015,
   38,       93.3,    180.968,     296.185,    294.130,
   39,       95.8,    181.016,     297.211,    297.136,
   40,       98.3,    181.050,     299.641,    300.034,
   41,      100.8,    181.013,     302.465,    302.826,
   42,      103.3,    181.069,     306.514,    305.514,
   43,      105.8,    181.080,     308.151,    308.099,
   44,      108.3,    181.031,     309.615,    310.582,
   45,      110.8,    180.949,     313.348,    312.966,
   46,      113.3,    181.005,     314.356,    315.252,
   47,      115.8,    180.953,     316.104,    317.443,
   48,      118.3,    180.901,     318.407,    319.541,
   49,      120.8,    180.953,     321.354,    321.548,
   50,      123.3,    181.005,     322.643,    323.468,
   51,      125.8,    181.024,     325.648,    325.300,
   52,      128.3,    181.069,     325.843,    327.050,
   53,      130.8,    180.990,     328.747,    328.717,
   54,      133.3,    181.057,     330.558,    330.305,
   55,      135.8,    181.080,     331.345,    331.817,
   56,      138.3,    180.949,     332.967,    333.254,
   57,      140.8,    180.968,     333.485,    334.619,
   58,      143.3,    181.035,     335.847,    335.915,
   59,      145.8,    181.043,     336.661,    337.142,
   60,      148.3,    180.998,     337.021,    338.305,
   61,      150.8,    180.953,     339.591,    339.405,
   62,      153.3,    180.994,     340.343,    340.444,
   63,      155.8,    181.028,     340.832,    341.425,
   64,      158.3,    181.069,     342.135,    342.349,
   65,      160.8,    181.035,     342.751,    343.219,
   66,      163.3,    181.013,     343.899,    344.036,
   67,      165.8,    181.046,     344.939,    344.804,
   68,      168.3,    180.983,     346.718,    345.523,
   69,      170.8,    181.054,     346.582,    346.196,
   70,      175.8,    179.951,     348.202,    347.898,
----,
DateTime:        , 2025/11/20, 14:33:03, 1763663583033,
RFID_EPC:        ,--Not Acquired--,
RFID_UserData:   ,--Not Acquired--,
Barcode:         ,--Not Acquired--,
PIF:,            0.00,
PARs:,            0.0,     0.0,     0.0,     0.0,     0.0,     0.0,
Light:,           0.0,     0.0,     0.0,     0.0,     0.0,     0.0,
Cycles:,            1,
                    1,      69,      70,      70,
Lamps:,        #10000,
Gain:,              2,     100, 
SNR_raw:,     214.04,
Position:,        0.0,              0.0,   NoData,
DataPt,      Time(us),   EX,         EM,       Fit,
==========,==========,==========,==========,=========,
    0,        0.0,      0.000,       0.000,    113.741,
    1,        0.8,    161.917,     114.256,    118.499,
    2,        3.3,    180.584,     124.344,    123.886,
    3,        5.8,    180.681,     133.384,    129.305,
    4,        8.3,    180.726,     138.055,    134.740,
    5,       10.8,    180.726,     143.311,    140.184,
    6,       13.3,    180.804,     146.291,    145.635,
    7,       15.8,    180.871,     151.212,    151.089,
    8,       18.3,    180.860,     155.922,    156.539,
    9,       20.8,    180.823,     160.931,    161.980,
   10,       23.3,    180.834,     168.110,    167.407,
   11,       25.8,    180.815,     171.722,    172.816,
   12,       28.3,    180.860,     176.656,    178.202,
   13,       30.8,    180.853,     181.916,    183.559,
   14,       33.3,    180.879,     188.524,    188.884,
   15,       35.8,    180.924,     193.728,    194.171,
   16,       38.3,    180.909,     197.613,    199.413,
   17,       40.8,    180.939,     204.213,    204.607,
   18,       43.3,    180.894,     208.410,    209.745,
   19,       45.8,    180.894,     215.320,    214.823,
   20,       48.3,    180.957,     219.665,    219.839,
   21,       50.8,    180.898,     224.160,    224.783,
   22,       53.3,    180.909,     228.845,    229.653,
   23,       55.8,    180.853,     234.168,    234.443,
   24,       58.3,    180.946,     240.127,    239.152,
   25,       60.8,    180.935,     244.563,    243.774,
   26,       63.3,    180.916,     249.010,    248.304,
   27,       65.8,    180.991,     253.051,    252.741,
   28,       68.3,    181.043,     259.054,    257.081,
   29,       70.8,    181.058,     262.070,    261.320,
   30,       73.3,    181.051,     267.328,    265.455,
   31,       75.8,    180.935,     271.092,    269.481,
   32,       78.3,    180.931,     274.966,    273.397,
   33,       80.8,    180.894,     279.169,    277.203,
   34,       83.3,    180.976,     282.082,    280.898,
   35,       85.8,    180.931,     285.468,    284.479,
   36,       88.3,    180.969,     289.000,    287.947,
   37,       90.8,    181.010,     291.973,    291.301,
   38,       93.3,    181.002,     295.024,    294.541,
   39,       95.8,    181.017,     298.038,    297.665,
   40,       98.3,    180.998,     301.660,    300.676,
   41,      100.8,    181.069,     303.475,    303.574,
   42,      103.3,    180.991,     306.921,    306.357,
   43,      105.8,    180.976,     308.604,    309.029,
   44,      108.3,    180.950,     311.136,    311.589,
   45,      110.8,    180.894,     314.273,    314.041,
   46,      113.3,    180.987,     315.216,    316.386,
   47,      115.8,    181.032,     317.347,    318.628,
   48,      118.3,    180.957,     320.241,    320.765,
   49,      120.8,    180.998,     321.826,    322.802,
   50,      123.3,    180.972,     324.635,    324.741,
   51,      125.8,    181.084,     325.815,    326.585,
   52,      128.3,    181.118,     327.963,    328.335,
   53,      130.8,    181.058,     328.624,    329.995,
   54,      133.3,    181.047,     330.025,    331.565,
   55,      135.8,    180.976,     332.364,    333.050,
   56,      138.3,    181.013,     333.401,    334.452,
   57,      140.8,    181.002,     335.908,    335.774,
   58,      143.3,    180.969,     336.523,    337.019,
   59,      145.8,    181.017,     337.261,    338.190,
   60,      148.3,    181.047,     338.034,    339.289,
   61,      150.8,    181.006,     341.425,    340.319,
   62,      153.3,    181.103,     341.242,    341.283,
   63,      155.8,    181.066,     342.969,    342.183,
   64,      158.3,    181.021,     344.159,    343.022,
   65,      160.8,    181.021,     343.883,    343.802,
   66,      163.3,    180.901,     344.110,    344.526,
   67,      165.8,    181.013,     345.278,    345.196,
   68,      168.3,    180.927,     346.271,    345.815,
   69,      170.8,    180.998,     347.241,    346.385,
   70,      175.8,    179.971,     346.660,    346.273,
