----,
DateTime:        , 2025/11/21, 13:02:33, 1763744553622,
RFID_EPC:        ,--Not Acquired--,
RFID_UserData:   ,--Not Acquired--,
Barcode:         ,--Not Acquired--,
PIF:,            0.00,
PARs:,            0.0,     0.0,     0.0,     0.0,     0.0,     0.0,
Light:,           0.0,     0.0,     0.0,     0.0,     0.0,     0.0,
Cycles:,            1,
                    1,      69,      70,      70,
Lamps:,        #10000,
Gain:,              5,     100, 
SNR_raw:,     333.39,
Position:,        0.0,              0.0,   NoData,
DataPt,      Time(us),   EX,         EM,       Fit,
==========,==========,==========,==========,=========,
    0,        0.0,      0.000,       0.000,     77.417,
    1,        0.8,    163.374,      77.858,     78.767,
    2,        3.3,    180.608,      80.690,     80.352,
    3,        5.8,    180.660,      83.250,     82.025,
    4,        8.3,    180.686,      84.124,     83.775,
    5,       10.8,    180.734,      86.425,     85.594,
    6,       13.3,    180.742,      87.750,     87.474,
    7,       15.8,    180.682,      90.103,     89.406,
    8,       18.3,    180.742,      91.844,     91.386,
    9,       20.8,    180.753,      93.166,     93.409,
   10,       23.3,    180.805,      95.130,     95.470,
   11,       25.8,    180.775,      96.142,     97.564,
   12,       28.3,    180.905,      99.500,     99.689,
   13,       30.8,    180.831,     101.310,    101.839,
   14,       33.3,    180.924,     103.911,    104.014,
   15,       35.8,    180.838,     105.730,    106.208,
   16,       38.3,    180.861,     108.260,    108.420,
   17,       40.8,    180.857,     109.700,    110.646,
   18,       43.3,    180.816,     112.158,    112.883,
   19,       45.8,    180.879,     114.220,    115.130,
   20,       48.3,    180.850,     116.893,    117.382,
   21,       50.8,    180.931,     119.051,    119.640,
   22,       53.3,    180.961,     121.794,    121.899,
   23,       55.8,    180.972,     124.107,    124.156,
   24,       58.3,    180.950,     126.886,    126.409,
   25,       60.8,    180.961,     129.310,    128.656,
   26,       63.3,    180.935,     130.986,    130.894,
   27,       65.8,    180.961,     133.841,    133.119,
   28,       68.3,    180.902,     135.875,    135.331,
   29,       70.8,    180.916,     137.854,    137.525,
   30,       73.3,    180.894,     140.192,    139.700,
   31,       75.8,    180.935,     142.261,    141.854,
   32,       78.3,    180.972,     144.442,    143.985,
   33,       80.8,    180.935,     146.793,    146.089,
   34,       83.3,    180.980,     148.746,    148.166,
   35,       85.8,    180.972,     150.852,    150.212,
   36,       88.3,    181.028,     152.794,    152.226,
   37,       90.8,    181.076,     154.520,    154.206,
   38,       93.3,    180.995,     156.248,    156.150,
   39,       95.8,    180.909,     158.533,    158.056,
   40,       98.3,    180.931,     160.061,    159.922,
   41,      100.8,    180.935,     161.826,    161.749,
   42,      103.3,    180.939,     163.591,    163.533,
   43,      105.8,    181.006,     165.078,    165.276,
   44,      108.3,    181.065,     166.680,    166.975,
   45,      110.8,    181.002,     167.843,    168.630,
   46,      113.3,    180.946,     169.774,    170.239,
   47,      115.8,    181.002,     171.269,    171.803,
   48,      118.3,    181.021,     173.019,    173.322,
   49,      120.8,    180.950,     174.413,    174.794,
   50,      123.3,    181.002,     176.131,    176.220,
   51,      125.8,    180.972,     177.154,    177.600,
   52,      128.3,    180.950,     178.945,    178.933,
   53,      130.8,    180.961,     180.039,    180.222,
   54,      133.3,    180.946,     181.159,    181.465,
   55,      135.8,    181.017,     182.414,    182.663,
   56,      138.3,    181.050,     184.037,    183.818,
   57,      140.8,    181.028,     184.833,    184.928,
   58,      143.3,    181.024,     185.279,    185.997,
   59,      145.8,    181.035,     187.256,    187.023,
   60,      148.3,    180.924,     187.593,    188.008,
   61,      150.8,    180.928,     188.584,    188.952,
   62,      153.3,    181.069,     189.431,    189.858,
   63,      155.8,    180.902,     190.711,    190.726,
   64,      158.3,    181.043,     191.999,    191.556,
   65,      160.8,    181.035,     192.338,    192.351,
   66,      163.3,    181.069,     192.965,    193.110,
   67,      165.8,    180.998,     194.808,    193.836,
   68,      168.3,    181.021,     195.337,    194.529,
   69,      170.8,    180.995,     196.249,    195.190,
   70,      175.8,    179.927,     197.191,    196.186,
----,
DateTime:        , 2025/11/21, 13:02:36, 1763744556185,
RFID_EPC:        ,--Not Acquired--,
RFID_UserData:   ,--Not Acquired--,
Barcode:         ,--Not Acquired--,
PIF:,            0.00,
PARs:,            0.0,     0.0,     0.0,     0.0,     0.0,     0.0,
Light:,           0.0,     0.0,     0.0,     0.0,     0.0,     0.0,
Cycles:,            1,
                    1,      69,      70,      70,
Lamps:,        #10000,
Gain:,              5,     100, 
SNR_raw:,     269.18,
Position:,        0.0,              0.0,   NoData,
DataPt,      Time(us),   EX,         EM,       Fit,
==========,==========,==========,==========,=========,
    0,        0.0,      0.000,       0.000,     87.598,
    1,        0.8,    163.366,      88.023,     89.092,
    2,        3.3,    180.600,      90.880,     90.797,
    3,        5.8,    180.604,      93.464,     92.521,
    4,        8.3,    180.715,      94.956,     94.259,
    5,       10.8,    180.745,      96.379,     96.008,
    6,       13.3,    180.771,      98.467,     97.768,
    7,       15.8,    180.797,      99.338,     99.537,
    8,       18.3,    180.789,     101.112,    101.313,
    9,       20.8,    180.834,     102.967,    103.098,
   10,       23.3,    180.749,     104.454,    104.887,
   11,       25.8,    180.808,     106.522,    106.682,
   12,       28.3,    180.793,     107.969,    108.481,
   13,       30.8,    180.797,     109.515,    110.282,
   14,       33.3,    180.875,     111.790,    112.086,
   15,       35.8,    180.890,     113.881,    113.889,
   16,       38.3,    180.879,     115.658,    115.692,
   17,       40.8,    180.908,     117.739,    117.492,
   18,       43.3,    180.890,     118.857,    119.288,
   19,       45.8,    180.927,     121.375,    121.079,
   20,       48.3,    180.920,     123.038,    122.864,
   21,       50.8,    180.901,     124.599,    124.641,
   22,       53.3,    180.868,     126.833,    126.408,
   23,       55.8,    180.923,     128.673,    128.165,
   24,       58.3,    180.923,     130.000,    129.910,
   25,       60.8,    180.890,     132.125,    131.642,
   26,       63.3,    180.927,     133.424,    133.359,
   27,       65.8,    180.987,     134.927,    135.061,
   28,       68.3,    180.983,     137.140,    136.745,
   29,       70.8,    180.946,     138.716,    138.411,
   30,       73.3,    180.994,     140.005,    140.058,
   31,       75.8,    180.946,     141.479,    141.683,
   32,       78.3,    180.897,     143.507,    143.287,
   33,       80.8,    180.935,     144.472,    144.867,
   34,       83.3,    180.868,     146.848,    146.423,
   35,       85.8,    180.964,     148.096,    147.955,
   36,       88.3,    180.905,     149.581,    149.461,
   37,       90.8,    181.009,     151.263,    150.940,
   38,       93.3,    180.998,     152.157,    152.393,
   39,       95.8,    181.031,     154.007,    153.818,
   40,       98.3,    181.020,     155.563,    155.213,
   41,      100.8,    180.998,     156.466,    156.580,
   42,      103.3,    181.031,     157.652,    157.917,
   43,      105.8,    180.998,     158.787,    159.223,
   44,      108.3,    180.894,     160.426,    160.499,
   45,      110.8,    180.990,     161.445,    161.744,
   46,      113.3,    180.953,     163.247,    162.958,
   47,      115.8,    180.972,     163.893,    164.142,
   48,      118.3,    181.013,     165.624,    165.294,
   49,      120.8,    181.027,     166.494,    166.415,
   50,      123.3,    181.009,     167.616,    167.505,
   51,      125.8,    180.964,     168.652,    168.564,
   52,      128.3,    180.998,     169.284,    169.593,
   53,      130.8,    180.975,     169.968,    170.590,
   54,      133.3,    180.953,     170.873,    171.557,
   55,      135.8,    180.920,     172.342,    172.494,
   56,      138.3,    180.938,     173.098,    173.402,
   57,      140.8,    180.975,     174.278,    174.280,
   58,      143.3,    180.961,     175.287,    175.130,
   59,      145.8,    181.046,     175.756,    175.951,
   60,      148.3,    181.061,     177.067,    176.745,
   61,      150.8,    181.035,     177.093,    177.511,
   62,      153.3,    181.013,     178.662,    178.251,
   63,      155.8,    181.083,     178.592,    178.964,
   64,      158.3,    181.001,     179.778,    179.651,
   65,      160.8,    181.001,     180.551,    180.314,
   66,      163.3,    180.935,     181.502,    180.952,
   67,      165.8,    180.987,     181.892,    181.566,
   68,      168.3,    180.972,     182.349,    182.157,
   69,      170.8,    180.927,     183.389,    182.725,
   70,      175.8,    180.001,     183.666,    183.273,
----,
DateTime:        , 2025/11/21, 13:02:38, 1763744558732,
RFID_EPC:        ,--Not Acquired--,
RFID_UserData:   ,--Not Acquired--,
Barcode:         ,--Not Acquired--,
PIF:,            0.00,
PARs:,            0.0,     0.0,     0.0,     0.0,     0.0,     0.0,
Light:,           0.0,     0.0,     0.0,     0.0,     0.0,     0.0,
Cycles:,            1,
                    1,      69,      70,      70,
Lamps:,        #10000,
Gain:,              5,     100, 
SNR_raw:,     230.39,
Position:,        0.0,              0.0,   NoData,
DataPt,      Time(us),   EX,         EM,       Fit,
==========,==========,==========,==========,=========,
    0,        0.0,      0.000,       0.000,     91.518,
    1,        0.8,    163.456,      92.135,     92.867,
    2,        3.3,    180.619,      94.814,     94.405,
    3,        5.8,    180.586,      97.239,     95.986,
    4,        8.3,    180.675,      98.077,     97.603,
    5,       10.8,    180.683,      99.622,     99.250,
    6,       13.3,    180.668,     101.291,    100.919,
    7,       15.8,    180.772,     102.560,    102.607,
    8,       18.3,    180.854,     104.173,    104.309,
    9,       20.8,    180.735,     105.680,    106.019,
   10,       23.3,    180.846,     106.831,    107.736,
   11,       25.8,    180.843,     109.156,    109.455,
   12,       28.3,    180.831,     110.490,    111.174,
   13,       30.8,    180.828,     112.925,    112.890,
   14,       33.3,    180.887,     114.768,    114.602,
   15,       35.8,    180.880,     115.989,    116.307,
   16,       38.3,    180.869,     117.323,    118.003,
   17,       40.8,    180.880,     119.748,    119.689,
   18,       43.3,    180.962,     120.799,    121.363,
   19,       45.8,    180.954,     122.573,    123.024,
   20,       48.3,    180.865,     124.955,    124.669,
   21,       50.8,    180.939,     126.451,    126.299,
   22,       53.3,    180.932,     127.893,    127.911,
   23,       55.8,    180.924,     129.446,    129.505,
   24,       58.3,    180.969,     131.293,    131.080,
   25,       60.8,    180.895,     132.342,    132.635,
   26,       63.3,    180.928,     133.976,    134.168,
   27,       65.8,    180.913,     135.977,    135.679,
   28,       68.3,    180.969,     137.924,    137.169,
   29,       70.8,    181.006,     138.559,    138.635,
   30,       73.3,    180.984,     140.344,    140.077,
   31,       75.8,    180.984,     141.339,    141.494,
   32,       78.3,    180.976,     143.334,    142.887,
   33,       80.8,    180.995,     144.645,    144.254,
   34,       83.3,    180.906,     146.153,    145.595,
   35,       85.8,    180.936,     147.456,    146.910,
   36,       88.3,    180.958,     148.211,    148.198,
   37,       90.8,    180.921,     149.347,    149.460,
   38,       93.3,    180.936,     150.772,    150.694,
   39,       95.8,    180.943,     152.203,    151.902,
   40,       98.3,    180.991,     153.157,    153.083,
   41,      100.8,    181.043,     154.328,    154.237,
   42,      103.3,    180.969,     155.607,    155.363,
   43,      105.8,    181.021,     156.777,    156.463,
   44,      108.3,    181.029,     157.876,    157.535,
   45,      110.8,    180.991,     158.682,    158.581,
   46,      113.3,    180.898,     159.537,    159.599,
   47,      115.8,    181.002,     160.550,    160.591,
   48,      118.3,    180.943,     161.266,    161.556,
   49,      120.8,    180.869,     162.328,    162.494,
   50,      123.3,    180.980,     162.780,    163.408,
   51,      125.8,    181.029,     164.394,    164.295,
   52,      128.3,    181.055,     164.812,    165.158,
   53,      130.8,    180.988,     165.426,    165.995,
   54,      133.3,    181.032,     166.711,    166.808,
   55,      135.8,    181.021,     166.942,    167.596,
   56,      138.3,    180.917,     168.586,    168.361,
   57,      140.8,    180.962,     169.097,    169.102,
   58,      143.3,    181.047,     170.011,    169.821,
   59,      145.8,    180.980,     170.295,    170.517,
   60,      148.3,    180.976,     171.514,    171.190,
   61,      150.8,    181.006,     171.707,    171.843,
   62,      153.3,    181.010,     172.366,    172.474,
   63,      155.8,    181.002,     173.589,    173.084,
   64,      158.3,    180.924,     173.664,    173.674,
   65,      160.8,    181.010,     174.908,    174.245,
   66,      163.3,    180.999,     175.250,    174.797,
   67,      165.8,    180.988,     175.813,    175.329,
   68,      168.3,    180.973,     175.938,    175.844,
   69,      170.8,    180.936,     176.306,    176.340,
   70,      175.8,    179.905,     176.871,    177.086,
----,
DateTime:        , 2025/11/21, 13:02:41, 1763744561285,
RFID_EPC:        ,--Not Acquired--,
RFID_UserData:   ,--Not Acquired--,
Barcode:         ,--Not Acquired--,
PIF:,            0.00,
PARs:,            0.0,     0.0,     0.0,     0.0,     0.0,     0.0,
Light:,           0.0,     0.0,     0.0,     0.0,     0.0,     0.0,
Cycles:,            1,
                    1,      69,      70,      70,
Lamps:,        #10000,
Gain:,              5,     100, 
SNR_raw:,     229.53,
Position:,        0.0,              0.0,   NoData,
DataPt,      Time(us),   EX,         EM,       Fit,
==========,==========,==========,==========,=========,
    0,        0.0,      0.000,       0.000,     88.500,
    1,        0.8,    163.394,      88.498,     89.792,
    2,        3.3,    180.585,      91.370,     91.286,
    3,        5.8,    180.700,      93.968,     92.844,
    4,        8.3,    180.767,      95.150,     94.458,
    5,       10.8,    180.805,      97.121,     96.118,
    6,       13.3,    180.745,      98.149,     97.818,
    7,       15.8,    180.779,      99.901,     99.552,
    8,       18.3,    180.786,     101.003,    101.313,
    9,       20.8,    180.823,     103.195,    103.098,
   10,       23.3,    180.812,     104.418,    104.901,
   11,       25.8,    180.808,     106.743,    106.718,
   12,       28.3,    180.786,     108.194,    108.546,
   13,       30.8,    180.860,     109.587,    110.382,
   14,       33.3,    180.901,     112.326,    112.223,
   15,       35.8,    180.942,     114.180,    114.065,
   16,       38.3,    180.894,     115.980,    115.905,
   17,       40.8,    180.905,     116.967,    117.742,
   18,       43.3,    180.898,     119.183,    119.572,
   19,       45.8,    180.901,     121.171,    121.394,
   20,       48.3,    180.816,     122.666,    123.205,
   21,       50.8,    180.920,     124.364,    125.005,
   22,       53.3,    180.942,     126.781,    126.790,
   23,       55.8,    180.979,     128.633,    128.559,
   24,       58.3,    180.912,     130.118,    130.310,
   25,       60.8,    180.946,     131.642,    132.043,
   26,       63.3,    180.924,     133.316,    133.754,
   27,       65.8,    180.938,     135.295,    135.444,
   28,       68.3,    180.868,     136.896,    137.109,
   29,       70.8,    180.920,     139.399,    138.751,
   30,       73.3,    180.935,     140.935,    140.367,
   31,       75.8,    180.957,     142.465,    141.957,
   32,       78.3,    181.005,     144.084,    143.519,
   33,       80.8,    180.953,     145.120,    145.053,
   34,       83.3,    180.991,     147.301,    146.558,
   35,       85.8,    180.972,     148.863,    148.033,
   36,       88.3,    180.991,     149.069,    149.477,
   37,       90.8,    180.987,     151.282,    150.891,
   38,       93.3,    180.909,     152.895,    152.272,
   39,       95.8,    180.872,     153.590,    153.622,
   40,       98.3,    180.901,     154.781,    154.940,
   41,      100.8,    180.912,     156.319,    156.225,
   42,      103.3,    180.953,     157.610,    157.478,
   43,      105.8,    180.987,     159.017,    158.698,
   44,      108.3,    180.994,     160.005,    159.887,
   45,      110.8,    181.046,     161.174,    161.042,
   46,      113.3,    180.961,     162.466,    162.165,
   47,      115.8,    181.061,     163.591,    163.256,
   48,      118.3,    181.039,     163.943,    164.315,
   49,      120.8,    180.968,     165.112,    165.342,
   50,      123.3,    180.968,     166.438,    166.338,
   51,      125.8,    180.968,     166.770,    167.303,
   52,      128.3,    180.942,     168.452,    168.236,
   53,      130.8,    180.927,     169.239,    169.140,
   54,      133.3,    180.979,     169.854,    170.014,
   55,      135.8,    181.002,     170.164,    170.859,
   56,      138.3,    180.983,     171.508,    171.675,
   57,      140.8,    181.046,     172.000,    172.463,
   58,      143.3,    181.028,     172.681,    173.223,
   59,      145.8,    181.028,     173.896,    173.957,
   60,      148.3,    180.998,     174.588,    174.664,
   61,      150.8,    180.957,     175.511,    175.346,
   62,      153.3,    180.968,     175.832,    176.002,
   63,      155.8,    180.961,     177.386,    176.634,
   64,      158.3,    180.938,     177.298,    177.243,
   65,      160.8,    180.912,     178.097,    177.828,
   66,      163.3,    181.013,     178.772,    178.391,
   67,      165.8,    180.983,     179.022,    178.932,
   68,      168.3,    180.994,     179.895,    179.452,
   69,      170.8,    181.020,     180.201,    179.951,
   70,      175.8,    179.931,     181.070,    180.821,
----,
DateTime:        , 2025/11/21, 13:02:44, 1763744563823,
RFID_EPC:        ,--Not Acquired--,
RFID_UserData:   ,--Not Acquired--,
Barcode:         ,--Not Acquired--,
PIF:,            0.00,
PARs:,            0.0,     0.0,     0.0,     0.0,     0.0,     0.0,
Light:,           0.0,     0.0,     0.0,     0.0,     0.0,     0.0,
Cycles:,            1,
                    1,      69,      70,      70,
Lamps:,        #10000,
Gain:,              5,     100, 
SNR_raw:,     252.18,
Position:,        0.0,              0.0,   NoData,
DataPt,      Time(us),   EX,         EM,       Fit,
==========,==========,==========,==========,=========,
    0,        0.0,      0.000,       0.000,     86.040,
    1,        0.8,    163.438,      86.026,     87.387,
    2,        3.3,    180.642,      88.807,     88.932,
    3,        5.8,    180.679,      91.322,     90.532,
    4,        8.3,    180.686,      92.979,     92.180,
    5,       10.8,    180.746,      94.608,     93.872,
    6,       13.3,    180.720,      96.171,     95.602,
    7,       15.8,    180.805,      98.117,     97.365,
    8,       18.3,    180.831,      99.430,     99.158,
    9,       20.8,    180.835,     100.534,    100.975,
   10,       23.3,    180.794,     102.437,    102.813,
   11,       25.8,    180.817,     104.415,    104.668,
   12,       28.3,    180.809,     106.079,    106.538,
   13,       30.8,    180.839,     108.163,    108.419,
   14,       33.3,    180.805,     109.731,    110.308,
   15,       35.8,    180.898,     111.997,    112.203,
   16,       38.3,    180.835,     113.695,    114.100,
   17,       40.8,    180.865,     115.666,    115.998,
   18,       43.3,    180.895,     117.969,    117.894,
   19,       45.8,    180.865,     119.537,    119.784,
   20,       48.3,    180.928,     121.706,    121.669,
   21,       50.8,    181.002,     123.203,    123.545,
   22,       53.3,    180.969,     125.657,    125.409,
   23,       55.8,    180.958,     126.880,    127.261,
   24,       58.3,    181.021,     129.156,    129.098,
   25,       60.8,    180.887,     131.021,    130.918,
   26,       63.3,    180.898,     132.340,    132.719,
   27,       65.8,    180.917,     134.647,    134.500,
   28,       68.3,    180.861,     136.790,    136.259,
   29,       70.8,    180.921,     138.403,    137.996,
   30,       73.3,    180.962,     139.477,    139.708,
   31,       75.8,    180.909,     142.060,    141.394,
   32,       78.3,    180.973,     143.005,    143.054,
   33,       80.8,    181.021,     145.066,    144.685,
   34,       83.3,    181.028,     146.496,    146.288,
   35,       85.8,    181.010,     148.058,    147.861,
   36,       88.3,    180.921,     149.347,    149.402,
   37,       90.8,    180.950,     151.644,    150.911,
   38,       93.3,    180.883,     152.584,    152.388,
   39,       95.8,    180.924,     153.655,    153.832,
   40,       98.3,    180.869,     155.140,    155.243,
   41,      100.8,    181.010,     156.787,    156.620,
   42,      103.3,    180.950,     157.944,    157.963,
   43,      105.8,    181.129,     159.665,    159.273,
   44,      108.3,    180.991,     160.892,    160.547,
   45,      110.8,    181.055,     162.051,    161.788,
   46,      113.3,    180.962,     163.350,    162.993,
   47,      115.8,    180.943,     164.030,    164.164,
   48,      118.3,    180.995,     164.756,    165.300,
   49,      120.8,    180.932,     166.803,    166.403,
   50,      123.3,    180.902,     167.383,    167.471,
   51,      125.8,    180.898,     168.050,    168.506,
   52,      128.3,    181.032,     169.694,    169.508,
   53,      130.8,    181.040,     170.018,    170.478,
   54,      133.3,    181.002,     171.268,    171.415,
   55,      135.8,    181.002,     171.931,    172.321,
   56,      138.3,    181.010,     173.471,    173.195,
   57,      140.8,    181.077,     174.070,    174.039,
   58,      143.3,    180.954,     174.519,    174.853,
   59,      145.8,    181.002,     175.246,    175.637,
   60,      148.3,    180.902,     176.117,    176.393,
   61,      150.8,    181.021,     177.217,    177.121,
   62,      153.3,    180.950,     177.839,    177.821,
   63,      155.8,    181.025,     178.097,    178.495,
   64,      158.3,    181.025,     179.202,    179.143,
   65,      160.8,    180.969,     180.141,    179.766,
   66,      163.3,    180.947,     180.385,    180.365,
   67,      165.8,    181.002,     180.550,    180.939,
   68,      168.3,    180.950,     182.260,    181.491,
   69,      170.8,    180.984,     182.889,    182.020,
   70,      175.8,    179.920,     183.637,    182.890,
----,
DateTime:        , 2025/11/21, 13:02:46, 1763744566335,
RFID_EPC:        ,--Not Acquired--,
RFID_UserData:   ,--Not Acquired--,
Barcode:         ,--Not Acquired--,
PIF:,            0.00,
PARs:,            0.0,     0.0,     0.0,     0.0,     0.0,     0.0,
Light:,           0.0,     0.0,     0.0,     0.0,     0.0,     0.0,
Cycles:,            1,
                    1,      69,      70,      70,
Lamps:,        #10000,
Gain:,              5,     100, 
SNR_raw:,     309.80,
Position:,        0.0,              0.0,   NoData,
DataPt,      Time(us),   EX,         EM,       Fit,
==========,==========,==========,==========,=========,
    0,        0.0,      0.000,       0.000,     87.058,
    1,        0.8,    163.345,      87.422,     88.371,
    2,        3.3,    180.560,      90.003,     89.875,
    3,        5.8,    180.642,      92.337,     91.431,
    4,        8.3,    180.646,      93.443,     93.032,
    5,       10.8,    180.735,      94.835,     94.675,
    6,       13.3,    180.809,      97.008,     96.354,
    7,       15.8,    180.791,      98.014,     98.064,
    8,       18.3,    180.806,     100.108,     99.801,
    9,       20.8,    180.828,     101.091,    101.562,
   10,       23.3,    180.780,     103.773,    103.342,
   11,       25.8,    180.858,     104.613,    105.140,
   12,       28.3,    180.794,     106.419,    106.951,
   13,       30.8,    180.828,     108.612,    108.772,
   14,       33.3,    180.869,     110.356,    110.602,
   15,       35.8,    180.854,     112.024,    112.437,
   16,       38.3,    180.906,     113.761,    114.274,
   17,       40.8,    180.906,     115.751,    116.112,
   18,       43.3,    180.965,     117.813,    117.947,
   19,       45.8,    180.913,     119.726,    119.778,
   20,       48.3,    180.902,     121.613,    121.602,
   21,       50.8,    180.880,     123.839,    123.417,
   22,       53.3,    180.873,     125.171,    125.221,
   23,       55.8,    180.869,     126.832,    127.012,
   24,       58.3,    180.954,     129.093,    128.790,
   25,       60.8,    180.902,     130.568,    130.550,
   26,       63.3,    180.925,     132.431,    132.293,
   27,       65.8,    180.995,     133.816,    134.017,
   28,       68.3,    181.006,     136.017,    135.719,
   29,       70.8,    180.925,     137.516,    137.398,
   30,       73.3,    181.058,     139.402,    139.054,
   31,       75.8,    180.977,     140.460,    140.684,
   32,       78.3,    180.962,     142.461,    142.287,
   33,       80.8,    180.910,     144.381,    143.863,
   34,       83.3,    180.876,     146.067,    145.409,
   35,       85.8,    180.895,     146.826,    146.926,
   36,       88.3,    180.913,     148.469,    148.413,
   37,       90.8,    180.921,     150.121,    149.869,
   38,       93.3,    180.984,     151.837,    151.293,
   39,       95.8,    180.992,     152.935,    152.685,
   40,       98.3,    181.010,     154.135,    154.044,
   41,      100.8,    181.084,     155.397,    155.370,
   42,      103.3,    181.006,     156.569,    156.662,
   43,      105.8,    180.992,     158.239,    157.920,
   44,      108.3,    180.887,     159.105,    159.144,
   45,      110.8,    180.943,     160.492,    160.335,
   46,      113.3,    181.003,     161.103,    161.492,
   47,      115.8,    180.962,     162.576,    162.614,
   48,      118.3,    180.999,     163.537,    163.703,
   49,      120.8,    181.003,     164.528,    164.759,
   50,      123.3,    181.014,     165.402,    165.782,
   51,      125.8,    181.003,     166.738,    166.772,
   52,      128.3,    181.018,     167.829,    167.729,
   53,      130.8,    180.954,     168.219,    168.655,
   54,      133.3,    180.999,     169.172,    169.548,
   55,      135.8,    180.969,     170.416,    170.411,
   56,      138.3,    180.984,     171.507,    171.244,
   57,      140.8,    180.958,     172.195,    172.047,
   58,      143.3,    180.917,     172.344,    172.820,
   59,      145.8,    181.084,     173.179,    173.565,
   60,      148.3,    180.962,     174.180,    174.282,
   61,      150.8,    180.977,     174.829,    174.972,
   62,      153.3,    180.980,     175.599,    175.636,
   63,      155.8,    181.070,     176.175,    176.274,
   64,      158.3,    181.029,     177.430,    176.887,
   65,      160.8,    180.943,     177.514,    177.475,
   66,      163.3,    180.969,     178.483,    178.039,
   67,      165.8,    180.999,     179.007,    178.581,
   68,      168.3,    180.939,     179.729,    179.101,
   69,      170.8,    180.999,     180.222,    179.599,
   70,      175.8,    179.991,     180.009,    180.405,
----,
DateTime:        , 2025/11/21, 13:02:49, 1763744568856,
RFID_EPC:        ,--Not Acquired--,
RFID_UserData:   ,--Not Acquired--,
Barcode:         ,--Not Acquired--,
PIF:,            0.00,
PARs:,            0.0,     0.0,     0.0,     0.0,     0.0,     0.0,
Light:,           0.0,     0.0,     0.0,     0.0,     0.0,     0.0,
Cycles:,            1,
                    1,      69,      70,      70,
Lamps:,        #10000,
Gain:,              5,     100, 
SNR_raw:,     247.57,
Position:,        0.0,              0.0,   NoData,
DataPt,      Time(us),   EX,         EM,       Fit,
==========,==========,==========,==========,=========,
    0,        0.0,      0.000,       0.000,     87.615,
    1,        0.8,    163.372,      87.775,     88.961,
    2,        3.3,    180.605,      90.557,     90.500,
    3,        5.8,    180.721,      93.072,     92.090,
    4,        8.3,    180.624,      94.229,     93.721,
    5,       10.8,    180.710,      95.623,     95.390,
    6,       13.3,    180.721,      97.831,     97.091,
    7,       15.8,    180.780,      99.237,     98.818,
    8,       18.3,    180.728,     100.593,    100.568,
    9,       20.8,    180.825,     101.645,    102.336,
   10,       23.3,    180.795,     104.206,    104.118,
   11,       25.8,    180.832,     105.402,    105.911,
   12,       28.3,    180.869,     107.702,    107.713,
   13,       30.8,    180.896,     109.455,    109.520,
   14,       33.3,    180.855,     111.471,    111.329,
   15,       35.8,    180.825,     112.595,    113.137,
   16,       38.3,    180.869,     114.889,    114.943,
   17,       40.8,    180.843,     116.454,    116.744,
   18,       43.3,    180.851,     118.219,    118.537,
   19,       45.8,    180.892,     120.072,    120.322,
   20,       48.3,    180.944,     122.027,    122.097,
   21,       50.8,    180.877,     124.173,    123.858,
   22,       53.3,    180.966,     125.106,    125.605,
   23,       55.8,    180.933,     127.230,    127.335,
   24,       58.3,    180.985,     128.851,    129.049,
   25,       60.8,    180.910,     130.451,    130.743,
   26,       63.3,    180.866,     132.363,    132.416,
   27,       65.8,    180.944,     133.854,    134.067,
   28,       68.3,    180.922,     136.192,    135.696,
   29,       70.8,    180.899,     137.314,    137.300,
   30,       73.3,    180.884,     138.873,    138.880,
   31,       75.8,    181.000,     140.442,    140.433,
   32,       78.3,    180.992,     142.548,    141.960,
   33,       80.8,    180.977,     143.885,    143.459,
   34,       83.3,    181.018,     145.510,    144.930,
   35,       85.8,    181.007,     146.735,    146.371,
   36,       88.3,    180.981,     147.750,    147.783,
   37,       90.8,    180.959,     149.316,    149.164,
   38,       93.3,    180.884,     150.151,    150.514,
   39,       95.8,    180.922,     152.221,    151.833,
   40,       98.3,    180.936,     153.424,    153.121,
   41,      100.8,    180.966,     155.278,    154.378,
   42,      103.3,    180.948,     155.515,    155.604,
   43,      105.8,    180.992,     157.134,    156.797,
   44,      108.3,    181.029,     157.875,    157.960,
   45,      110.8,    180.992,     159.454,    159.090,
   46,      113.3,    180.996,     160.225,    160.190,
   47,      115.8,    180.992,     161.112,    161.257,
   48,      118.3,    180.974,     162.123,    162.294,
   49,      120.8,    180.936,     162.709,    163.300,
   50,      123.3,    180.944,     164.360,    164.275,
   51,      125.8,    180.962,     165.117,    165.220,
   52,      128.3,    180.988,     166.309,    166.135,
   53,      130.8,    181.018,     166.724,    167.022,
   54,      133.3,    180.940,     167.569,    167.879,
   55,      135.8,    181.063,     168.229,    168.708,
   56,      138.3,    180.966,     169.203,    169.509,
   57,      140.8,    181.037,     170.131,    170.283,
   58,      143.3,    180.970,     171.078,    171.030,
   59,      145.8,    180.985,     171.396,    171.751,
   60,      148.3,    180.944,     172.871,    172.446,
   61,      150.8,    180.940,     172.985,    173.116,
   62,      153.3,    180.977,     173.834,    173.762,
   63,      155.8,    181.074,     174.514,    174.384,
   64,      158.3,    181.063,     175.077,    174.983,
   65,      160.8,    181.078,     175.284,    175.560,
   66,      163.3,    181.089,     176.488,    176.115,
   67,      165.8,    181.033,     176.542,    176.649,
   68,      168.3,    180.988,     177.801,    177.162,
   69,      170.8,    180.981,     178.140,    177.655,
   70,      175.8,    179.914,     178.975,    178.448,
----,
DateTime:        , 2025/11/21, 13:02:51, 1763744571403,
RFID_EPC:        ,--Not Acquired--,
RFID_UserData:   ,--Not Acquired--,
Barcode:         ,--Not Acquired--,
PIF:,            0.00,
PARs:,            0.0,     0.0,     0.0,     0.0,     0.0,     0.0,
Light:,           0.0,     0.0,     0.0,     0.0,     0.0,     0.0,
Cycles:,            1,
                    1,      69,      70,      70,
Lamps:,        #10000,
Gain:,              5,     100, 
SNR_raw:,     242.92,
Position:,        0.0,              0.0,   NoData,
DataPt,      Time(us),   EX,         EM,       Fit,
==========,==========,==========,==========,=========,
    0,        0.0,      0.000,       0.000,     86.859,
    1,        0.8,    163.367,      87.166,     88.326,
    2,        3.3,    180.678,      90.111,     89.975,
    3,        5.8,    180.652,      92.775,     91.650,
    4,        8.3,    180.689,      93.531,     93.350,
    5,       10.8,    180.674,      95.088,     95.071,
    6,       13.3,    180.685,      96.964,     96.812,
    7,       15.8,    180.741,      99.369,     98.570,
    8,       18.3,    180.756,     100.356,    100.343,
    9,       20.8,    180.849,     102.185,    102.130,
   10,       23.3,    180.853,     103.841,    103.928,
   11,       25.8,    180.856,     105.166,    105.735,
   12,       28.3,    180.819,     107.621,    107.548,
   13,       30.8,    180.856,     109.037,    109.366,
   14,       33.3,    180.868,     111.020,    111.188,
   15,       35.8,    180.916,     112.649,    113.011,
   16,       38.3,    180.935,     114.848,    114.833,
   17,       40.8,    180.871,     116.436,    116.652,
   18,       43.3,    180.868,     118.319,    118.466,
   19,       45.8,    180.845,     120.103,    120.273,
   20,       48.3,    180.901,     121.945,    122.073,
   21,       50.8,    181.050,     123.612,    123.864,
   22,       53.3,    180.975,     125.763,    125.642,
   23,       55.8,    181.054,     127.366,    127.407,
   24,       58.3,    180.957,     129.092,    129.156,
   25,       60.8,    180.894,     131.348,    130.888,
   26,       63.3,    180.845,     132.489,    132.601,
   27,       65.8,    180.860,     134.690,    134.293,
   28,       68.3,    180.920,     136.414,    135.965,
   29,       70.8,    180.946,     137.058,    137.615,
   30,       73.3,    181.035,     138.868,    139.240,
   31,       75.8,    180.942,     140.929,    140.840,
   32,       78.3,    181.016,     142.197,    142.413,
   33,       80.8,    181.031,     144.064,    143.959,
   34,       83.3,    180.994,     145.972,    145.476,
   35,       85.8,    180.957,     147.217,    146.963,
   36,       88.3,    180.946,     148.663,    148.419,
   37,       90.8,    180.927,     149.674,    149.844,
   38,       93.3,    180.927,     151.111,    151.237,
   39,       95.8,    180.905,     153.119,    152.597,
   40,       98.3,    180.975,     154.496,    153.925,
   41,      100.8,    180.979,     155.488,    155.220,
   42,      103.3,    181.061,     156.301,    156.481,
   43,      105.8,    180.923,     157.857,    157.708,
   44,      108.3,    181.035,     159.085,    158.902,
   45,      110.8,    181.009,     159.440,    160.061,
   46,      113.3,    180.961,     161.361,    161.186,
   47,      115.8,    180.923,     162.389,    162.278,
   48,      118.3,    180.908,     163.176,    163.335,
   49,      120.8,    180.964,     164.010,    164.359,
   50,      123.3,    180.964,     165.337,    165.351,
   51,      125.8,    181.031,     165.938,    166.309,
   52,      128.3,    180.942,     167.125,    167.235,
   53,      130.8,    181.009,     168.058,    168.130,
   54,      133.3,    181.057,     168.676,    168.993,
   55,      135.8,    180.961,     170.424,    169.825,
   56,      138.3,    180.942,     170.331,    170.627,
   57,      140.8,    181.054,     171.662,    171.399,
   58,      143.3,    180.912,     172.128,    172.142,
   59,      145.8,    180.961,     172.855,    172.857,
   60,      148.3,    180.897,     173.911,    173.545,
   61,      150.8,    180.975,     174.167,    174.205,
   62,      153.3,    180.931,     174.652,    174.839,
   63,      155.8,    181.001,     175.137,    175.448,
   64,      158.3,    180.998,     175.803,    176.033,
   65,      160.8,    181.027,     176.769,    176.593,
   66,      163.3,    181.068,     176.950,    177.130,
   67,      165.8,    181.046,     177.524,    177.645,
   68,      168.3,    181.013,     178.551,    178.138,
   69,      170.8,    180.931,     179.185,    178.610,
   70,      175.8,    179.882,     179.229,    179.180,
----,
DateTime:        , 2025/11/21, 13:02:54, 1763744573973,
RFID_EPC:        ,--Not Acquired--,
RFID_UserData:   ,--Not Acquired--,
Barcode:         ,--Not Acquired--,
PIF:,            0.00,
PARs:,            0.0,     0.0,     0.0,     0.0,     0.0,     0.0,
Light:,           0.0,     0.0,     0.0,     0.0,     0.0,     0.0,
Cycles:,            1,
                    1,      69,      70,      70,
Lamps:,        #10000,
Gain:,              5,     100, 
SNR_raw:,     229.80,
Position:,        0.0,              0.0,   NoData,
DataPt,      Time(us),   EX,         EM,       Fit,
==========,==========,==========,==========,=========,
    0,        0.0,      0.000,       0.000,     87.558,
    1,        0.8,    163.325,      87.555,     88.843,
    2,        3.3,    180.599,      90.398,     90.329,
    3,        5.8,    180.711,      92.966,     91.881,
    4,        8.3,    180.755,      94.271,     93.489,
    5,       10.8,    180.778,      95.698,     95.146,
    6,       13.3,    180.815,      97.005,     96.845,
    7,       15.8,    180.755,      99.029,     98.581,
    8,       18.3,    180.722,     100.596,    100.347,
    9,       20.8,    180.770,     101.787,    102.140,
   10,       23.3,    180.774,     103.555,    103.954,
   11,       25.8,    180.837,     105.399,    105.786,
   12,       28.3,    180.848,     107.162,    107.632,
   13,       30.8,    180.927,     109.326,    109.488,
   14,       33.3,    180.886,     110.899,    111.350,
   15,       35.8,    180.904,     112.988,    113.216,
   16,       38.3,    180.889,     114.987,    115.082,
   17,       40.8,    180.848,     116.230,    116.945,
   18,       43.3,    180.930,     118.941,    118.803,
   19,       45.8,    180.871,     120.528,    120.654,
   20,       48.3,    180.856,     121.865,    122.494,
   21,       50.8,    180.927,     124.691,    124.323,
   22,       53.3,    180.930,     126.126,    126.138,
   23,       55.8,    180.953,     127.879,    127.937,
   24,       58.3,    180.938,     129.879,    129.718,
   25,       60.8,    180.964,     131.739,    131.479,
   26,       63.3,    180.975,     133.278,    133.219,
   27,       65.8,    180.934,     134.745,    134.937,
   28,       68.3,    180.915,     136.749,    136.629,
   29,       70.8,    180.886,     137.988,    138.297,
   30,       73.3,    180.856,     140.443,    139.937,
   31,       75.8,    180.945,     141.811,    141.550,
   32,       78.3,    180.923,     143.708,    143.134,
   33,       80.8,    181.020,     145.399,    144.689,
   34,       83.3,    180.986,     146.420,    146.213,
   35,       85.8,    181.057,     148.020,    147.706,
   36,       88.3,    180.982,     149.407,    149.167,
   37,       90.8,    181.012,     151.150,    150.596,
   38,       93.3,    180.975,     152.176,    151.991,
   39,       95.8,    180.953,     153.631,    153.353,
   40,       98.3,    180.986,     155.592,    154.682,
   41,      100.8,    180.993,     155.807,    155.977,
   42,      103.3,    180.908,     157.207,    157.238,
   43,      105.8,    180.930,     158.625,    158.465,
   44,      108.3,    180.956,     159.376,    159.658,
   45,      110.8,    180.975,     160.796,    160.817,
   46,      113.3,    180.975,     161.459,    161.943,
   47,      115.8,    181.072,     162.367,    163.035,
   48,      118.3,    181.008,     164.081,    164.095,
   49,      120.8,    181.016,     164.958,    165.121,
   50,      123.3,    180.949,     166.124,    166.115,
   51,      125.8,    180.893,     167.171,    167.077,
   52,      128.3,    180.938,     168.014,    168.007,
   53,      130.8,    180.945,     169.112,    168.906,
   54,      133.3,    180.934,     169.454,    169.775,
   55,      135.8,    180.964,     170.421,    170.614,
   56,      138.3,    181.016,     170.814,    171.423,
   57,      140.8,    180.990,     171.833,    172.204,
   58,      143.3,    181.031,     172.457,    172.957,
   59,      145.8,    181.064,     173.088,    173.682,
   60,      148.3,    180.997,     174.257,    174.381,
   61,      150.8,    181.020,     175.340,    175.054,
   62,      153.3,    180.971,     175.608,    175.701,
   63,      155.8,    180.964,     177.052,    176.323,
   64,      158.3,    180.927,     177.641,    176.921,
   65,      160.8,    180.945,     177.291,    177.496,
   66,      163.3,    180.964,     178.047,    178.049,
   67,      165.8,    180.960,     178.935,    178.579,
   68,      168.3,    180.997,     179.671,    179.089,
   69,      170.8,    181.020,     180.423,    179.577,
   70,      175.8,    179.963,     180.703,    180.509,
----,
DateTime:        , 2025/11/21, 13:02:56, 1763744576521,
RFID_EPC:        ,--Not Acquired--,
RFID_UserData:   ,--Not Acquired--,
Barcode:         ,--Not Acquired--,
PIF:,            0.00,
PARs:,            0.0,     0.0,     0.0,     0.0,     0.0,     0.0,
Light:,           0.0,     0.0,     0.0,     0.0,     0.0,     0.0,
Cycles:,            1,
                    1,      69,      70,      70,
Lamps:,        #10000,
Gain:,              5,     100, 
SNR_raw:,     266.41,
Position:,        0.0,              0.0,   NoData,
DataPt,      Time(us),   EX,         EM,       Fit,
==========,==========,==========,==========,=========,
    0,        0.0,      0.000,       0.000,     87.128,
    1,        0.8,    163.331,      87.307,     88.567,
    2,        3.3,    180.572,      90.046,     90.193,
    3,        5.8,    180.714,      92.522,     91.854,
    4,        8.3,    180.699,      94.633,     93.545,
    5,       10.8,    180.792,      96.133,     95.265,
    6,       13.3,    180.736,      97.269,     97.008,
    7,       15.8,    180.721,      98.937,     98.771,
    8,       18.3,    180.691,     101.056,    100.553,
    9,       20.8,    180.810,     102.207,    102.350,
   10,       23.3,    180.788,     103.989,    104.160,
   11,       25.8,    180.814,     106.186,    105.980,
   12,       28.3,    180.795,     107.304,    107.808,
   13,       30.8,    180.892,     109.236,    109.642,
   14,       33.3,    180.881,     111.123,    111.479,
   15,       35.8,    180.963,     112.951,    113.317,
   16,       38.3,    180.918,     114.748,    115.155,
   17,       40.8,    180.911,     116.632,    116.989,
   18,       43.3,    180.877,     118.091,    118.818,
   19,       45.8,    180.855,     120.207,    120.640,
   20,       48.3,    180.851,     122.311,    122.453,
   21,       50.8,    180.903,     124.376,    124.257,
   22,       53.3,    180.926,     125.687,    126.048,
   23,       55.8,    180.914,     127.795,    127.825,
   24,       58.3,    180.978,     129.187,    129.588,
   25,       60.8,    180.903,     131.452,    131.333,
   26,       63.3,    180.899,     133.334,    133.059,
   27,       65.8,    181.004,     135.025,    134.766,
   28,       68.3,    180.985,     136.696,    136.452,
   29,       70.8,    180.922,     138.071,    138.115,
   30,       73.3,    180.963,     140.029,    139.755,
   31,       75.8,    180.937,     141.154,    141.370,
   32,       78.3,    180.914,     143.493,    142.958,
   33,       80.8,    180.992,     145.420,    144.521,
   34,       83.3,    180.937,     146.128,    146.055,
   35,       85.8,    181.019,     148.162,    147.561,
   36,       88.3,    180.959,     149.426,    149.038,
   37,       90.8,    180.944,     150.433,    150.484,
   38,       93.3,    180.992,     152.493,    151.900,
   39,       95.8,    181.022,     153.351,    153.286,
   40,       98.3,    180.911,     154.551,    154.639,
   41,      100.8,    180.963,     156.496,    155.961,
   42,      103.3,    180.926,     156.971,    157.250,
   43,      105.8,    180.937,     158.840,    158.507,
   44,      108.3,    180.970,     159.805,    159.732,
   45,      110.8,    181.011,     160.985,    160.925,
   46,      113.3,    181.030,     162.294,    162.085,
   47,      115.8,    180.966,     163.124,    163.212,
   48,      118.3,    181.026,     163.844,    164.308,
   49,      120.8,    181.004,     165.301,    165.371,
   50,      123.3,    180.966,     166.329,    166.402,
   51,      125.8,    180.992,     167.189,    167.402,
   52,      128.3,    180.940,     168.343,    168.370,
   53,      130.8,    180.918,     168.916,    169.308,
   54,      133.3,    180.963,     169.648,    170.215,
   55,      135.8,    180.974,     170.853,    171.092,
   56,      138.3,    181.048,     171.667,    171.941,
   57,      140.8,    181.033,     172.454,    172.760,
   58,      143.3,    181.000,     173.591,    173.551,
   59,      145.8,    181.059,     174.528,    174.314,
   60,      148.3,    180.996,     174.700,    175.050,
   61,      150.8,    181.045,     176.200,    175.759,
   62,      153.3,    180.989,     176.475,    176.442,
   63,      155.8,    181.019,     176.888,    177.101,
   64,      158.3,    180.966,     177.713,    177.734,
   65,      160.8,    180.963,     178.600,    178.343,
   66,      163.3,    180.922,     179.083,    178.929,
   67,      165.8,    180.929,     180.402,    179.493,
   68,      168.3,    181.030,     180.412,    180.034,
   69,      170.8,    180.981,     180.682,    180.554,
   70,      175.8,    180.000,     181.445,    181.269,
----,
DateTime:        , 2025/11/21, 13:02:59, 1763744579063,
RFID_EPC:        ,--Not Acquired--,
RFID_UserData:   ,--Not Acquired--,
Barcode:         ,--Not Acquired--,
PIF:,            0.00,
PARs:,            0.0,     0.0,     0.0,     0.0,     0.0,     0.0,
Light:,           0.0,     0.0,     0.0,     0.0,     0.0,     0.0,
Cycles:,            1,
                    1,      69,      70,      70,
Lamps:,        #10000,
Gain:,              5,     100, 
SNR_raw:,     262.02,
Position:,        0.0,              0.0,   NoData,
DataPt,      Time(us),   EX,         EM,       Fit,
==========,==========,==========,==========,=========,
    0,        0.0,      0.000,       0.000,     87.986,
    1,        0.8,    163.325,      88.535,     89.273,
    2,        3.3,    180.611,      91.064,     90.765,
    3,        5.8,    180.608,      93.352,     92.322,
    4,        8.3,    180.667,      94.206,     93.936,
    5,       10.8,    180.626,      96.110,     95.595,
    6,       13.3,    180.716,      97.612,     97.296,
    7,       15.8,    180.745,      99.145,     99.030,
    8,       18.3,    180.808,     100.659,    100.792,
    9,       20.8,    180.827,     102.308,    102.577,
   10,       23.3,    180.894,     104.813,    104.381,
   11,       25.8,    180.820,     105.962,    106.198,
   12,       28.3,    180.853,     107.712,    108.026,
   13,       30.8,    180.861,     108.924,    109.862,
   14,       33.3,    180.838,     111.370,    111.702,
   15,       35.8,    180.831,     113.144,    113.543,
   16,       38.3,    180.864,     115.556,    115.384,
   17,       40.8,    180.905,     116.967,    117.221,
   18,       43.3,    180.920,     118.948,    119.053,
   19,       45.8,    180.968,     120.684,    120.878,
   20,       48.3,    180.916,     122.045,    122.693,
   21,       50.8,    180.909,     124.040,    124.496,
   22,       53.3,    180.950,     126.223,    126.286,
   23,       55.8,    180.898,     128.028,    128.061,
   24,       58.3,    180.961,     129.310,    129.820,
   25,       60.8,    180.898,     131.455,    131.561,
   26,       63.3,    180.898,     133.556,    133.282,
   27,       65.8,    180.946,     135.399,    134.983,
   28,       68.3,    181.006,     137.454,    136.663,
   29,       70.8,    181.013,     138.554,    138.319,
   30,       73.3,    181.013,     139.879,    139.951,
   31,       75.8,    181.017,     141.865,    141.558,
   32,       78.3,    180.961,     143.014,    143.138,
   33,       80.8,    180.957,     144.786,    144.691,
   34,       83.3,    180.909,     146.814,    146.216,
   35,       85.8,    180.920,     148.795,    147.713,
   36,       88.3,    180.905,     149.028,    149.180,
   37,       90.8,    180.916,     151.120,    150.618,
   38,       93.3,    180.939,     152.096,    152.025,
   39,       95.8,    180.980,     153.277,    153.402,
   40,       98.3,    180.976,     154.827,    154.747,
   41,      100.8,    181.020,     156.115,    156.062,
   42,      103.3,    180.991,     158.019,    157.345,
   43,      105.8,    180.991,     158.461,    158.596,
   44,      108.3,    181.024,     159.868,    159.815,
   45,      110.8,    180.954,     160.704,    161.002,
   46,      113.3,    180.972,     162.235,    162.158,
   47,      115.8,    180.950,     163.139,    163.281,
   48,      118.3,    180.928,     164.265,    164.373,
   49,      120.8,    180.942,     165.467,    165.434,
   50,      123.3,    181.017,     166.393,    166.463,
   51,      125.8,    181.032,     167.705,    167.462,
   52,      128.3,    181.002,     168.286,    168.431,
   53,      130.8,    180.998,     169.173,    169.369,
   54,      133.3,    181.061,     169.887,    170.278,
   55,      135.8,    181.017,     171.144,    171.157,
   56,      138.3,    180.976,     172.067,    172.008,
   57,      140.8,    180.883,     172.598,    172.830,
   58,      143.3,    180.961,     173.076,    173.624,
   59,      145.8,    180.931,     174.431,    174.391,
   60,      148.3,    180.987,     174.819,    175.132,
   61,      150.8,    181.002,     176.020,    175.847,
   62,      153.3,    180.983,     176.812,    176.536,
   63,      155.8,    181.009,     177.228,    177.201,
   64,      158.3,    181.058,     178.065,    177.841,
   65,      160.8,    181.006,     178.779,    178.458,
   66,      163.3,    180.965,     179.151,    179.052,
   67,      165.8,    181.002,     179.556,    179.624,
   68,      168.3,    180.957,     180.706,    180.174,
   69,      170.8,    181.035,     181.291,    180.703,
   70,      175.8,    179.972,     181.584,    181.580,
----,
DateTime:        , 2025/11/21, 13:03:01, 1763744581595,
RFID_EPC:        ,--Not Acquired--,
RFID_UserData:   ,--Not Acquired--,
Barcode:         ,--Not Acquired--,
PIF:,            0.00,
PARs:,            0.0,     0.0,     0.0,     0.0,     0.0,     0.0,
Light:,           0.0,     0.0,     0.0,     0.0,     0.0,     0.0,
Cycles:,            1,
                    1,      69,      70,      70,
Lamps:,        #10000,
Gain:,              5,     100, 
SNR_raw:,     300.37,
Position:,        0.0,              0.0,   NoData,
DataPt,      Time(us),   EX,         EM,       Fit,
==========,==========,==========,==========,=========,
    0,        0.0,      0.000,       0.000,     87.234,
    1,        0.8,    163.168,      87.395,     88.649,
    2,        3.3,    180.487,      90.225,     90.256,
    3,        5.8,    180.639,      92.782,     91.906,
    4,        8.3,    180.658,      94.875,     93.591,
    5,       10.8,    180.684,      95.969,     95.309,
    6,       13.3,    180.792,      96.907,     97.056,
    7,       15.8,    180.855,      98.753,     98.828,
    8,       18.3,    180.803,     100.773,    100.621,
    9,       20.8,    180.814,     102.094,    102.431,
   10,       23.3,    180.851,     103.621,    104.257,
   11,       25.8,    180.844,     106.058,    106.095,
   12,       28.3,    180.799,     108.186,    107.942,
   13,       30.8,    180.829,     109.717,    109.796,
   14,       33.3,    180.818,     111.493,    111.654,
   15,       35.8,    180.855,     112.798,    113.514,
   16,       38.3,    180.896,     115.204,    115.374,
   17,       40.8,    180.896,     116.752,    117.231,
   18,       43.3,    180.907,     119.067,    119.084,
   19,       45.8,    180.937,     120.484,    120.929,
   20,       48.3,    180.966,     122.785,    122.767,
   21,       50.8,    180.940,     124.792,    124.593,
   22,       53.3,    180.955,     126.108,    126.407,
   23,       55.8,    180.892,     128.585,    128.206,
   24,       58.3,    180.926,     129.998,    129.989,
   25,       60.8,    180.918,     131.993,    131.755,
   26,       63.3,    180.981,     133.273,    133.502,
   27,       65.8,    180.952,     135.616,    135.228,
   28,       68.3,    180.985,     137.138,    136.932,
   29,       70.8,    181.000,     138.895,    138.612,
   30,       73.3,    180.996,     140.445,    140.269,
   31,       75.8,    180.903,     141.954,    141.898,
   32,       78.3,    180.944,     143.691,    143.502,
   33,       80.8,    180.985,     144.984,    145.077,
   34,       83.3,    180.926,     146.801,    146.624,
   35,       85.8,    180.948,     148.441,    148.141,
   36,       88.3,    180.855,     149.844,    149.627,
   37,       90.8,    180.892,     150.919,    151.082,
   38,       93.3,    180.940,     152.757,    152.507,
   39,       95.8,    181.011,     154.466,    153.900,
   40,       98.3,    180.929,     155.088,    155.260,
   41,      100.8,    181.059,     156.965,    156.587,
   42,      103.3,    180.981,     158.027,    157.882,
   43,      105.8,    180.996,     159.230,    159.144,
   44,      108.3,    181.000,     160.221,    160.372,
   45,      110.8,    180.918,     161.841,    161.567,
   46,      113.3,    180.929,     162.715,    162.728,
   47,      115.8,    180.933,     163.928,    163.857,
   48,      118.3,    180.981,     164.989,    164.952,
   49,      120.8,    180.981,     166.426,    166.015,
   50,      123.3,    180.996,     166.965,    167.046,
   51,      125.8,    181.019,     167.607,    168.045,
   52,      128.3,    181.022,     168.819,    169.012,
   53,      130.8,    180.993,     169.289,    169.948,
   54,      133.3,    181.037,     170.683,    170.853,
   55,      135.8,    180.970,     171.741,    171.727,
   56,      138.3,    180.993,     171.720,    172.572,
   57,      140.8,    181.000,     172.928,    173.388,
   58,      143.3,    180.914,     174.226,    174.174,
   59,      145.8,    180.978,     175.049,    174.933,
   60,      148.3,    180.993,     176.029,    175.665,
   61,      150.8,    181.063,     176.182,    176.370,
   62,      153.3,    181.037,     177.201,    177.049,
   63,      155.8,    181.048,     177.632,    177.702,
   64,      158.3,    181.000,     178.343,    178.331,
   65,      160.8,    181.074,     179.042,    178.935,
   66,      163.3,    181.033,     179.635,    179.516,
   67,      165.8,    180.955,     180.155,    180.075,
   68,      168.3,    180.985,     181.341,    180.611,
   69,      170.8,    180.933,     181.725,    181.126,
   70,      175.8,    180.000,     182.334,    181.895,
----,
DateTime:        , 2025/11/21, 13:03:04, 1763744584145,
RFID_EPC:        ,--Not Acquired--,
RFID_UserData:   ,--Not Acquired--,
Barcode:         ,--Not Acquired--,
PIF:,            0.00,
PARs:,            0.0,     0.0,     0.0,     0.0,     0.0,     0.0,
Light:,           0.0,     0.0,     0.0,     0.0,     0.0,     0.0,
Cycles:,            1,
                    1,      69,      70,      70,
Lamps:,        #10000,
Gain:,              5,     100, 
SNR_raw:,     282.72,
Position:,        0.0,              0.0,   NoData,
DataPt,      Time(us),   EX,         EM,       Fit,
==========,==========,==========,==========,=========,
    0,        0.0,      0.000,       0.000,     87.206,
    1,        0.8,    163.329,      87.553,     88.664,
    2,        3.3,    180.585,      90.385,     90.311,
    3,        5.8,    180.756,      92.943,     91.994,
    4,        8.3,    180.722,      94.288,     93.708,
    5,       10.8,    180.748,      95.824,     95.449,
    6,       13.3,    180.797,      97.236,     97.216,
    7,       15.8,    180.875,      99.516,     99.006,
    8,       18.3,    180.838,     100.200,    100.815,
    9,       20.8,    180.793,     102.327,    102.641,
   10,       23.3,    180.752,     104.342,    104.481,
   11,       25.8,    180.841,     106.170,    106.334,
   12,       28.3,    180.823,     108.283,    108.196,
   13,       30.8,    180.797,     110.400,    110.065,
   14,       33.3,    180.841,     111.811,    111.939,
   15,       35.8,    180.920,     113.752,    113.817,
   16,       38.3,    180.893,     115.095,    115.695,
   17,       40.8,    180.882,     116.982,    117.571,
   18,       43.3,    180.949,     119.813,    119.445,
   19,       45.8,    180.912,     121.053,    121.311,
   20,       48.3,    180.920,     123.259,    123.171,
   21,       50.8,    180.923,     124.915,    125.020,
   22,       53.3,    180.886,     127.152,    126.857,
   23,       55.8,    180.964,     128.644,    128.681,
   24,       58.3,    180.912,     130.671,    130.488,
   25,       60.8,    180.934,     131.650,    132.279,
   26,       63.3,    180.972,     133.944,    134.051,
   27,       65.8,    180.845,     135.696,    135.801,
   28,       68.3,    180.938,     137.837,    137.529,
   29,       70.8,    180.912,     139.073,    139.233,
   30,       73.3,    180.957,     141.360,    140.912,
   31,       75.8,    180.853,     142.879,    142.564,
   32,       78.3,    180.890,     144.508,    144.188,
   33,       80.8,    180.972,     145.879,    145.784,
   34,       83.3,    180.920,     147.469,    147.349,
   35,       85.8,    180.979,     149.189,    148.884,
   36,       88.3,    181.009,     150.379,    150.387,
   37,       90.8,    180.938,     152.096,    151.857,
   38,       93.3,    181.001,     153.480,    153.294,
   39,       95.8,    180.986,     154.818,    154.696,
   40,       98.3,    181.012,     155.901,    156.065,
   41,      100.8,    180.897,     157.548,    157.398,
   42,      103.3,    180.960,     158.488,    158.696,
   43,      105.8,    180.927,     159.954,    159.958,
   44,      108.3,    180.893,     161.642,    161.185,
   45,      110.8,    180.901,     162.188,    162.377,
   46,      113.3,    181.016,     163.411,    163.534,
   47,      115.8,    181.057,     164.810,    164.656,
   48,      118.3,    181.024,     165.945,    165.742,
   49,      120.8,    181.009,     166.511,    166.794,
   50,      123.3,    181.012,     167.834,    167.811,
   51,      125.8,    181.050,     168.573,    168.794,
   52,      128.3,    181.009,     169.716,    169.744,
   53,      130.8,    181.009,     170.157,    170.660,
   54,      133.3,    180.920,     171.347,    171.543,
   55,      135.8,    180.920,     172.342,    172.395,
   56,      138.3,    180.879,     172.934,    173.215,
   57,      140.8,    180.946,     173.975,    174.005,
   58,      143.3,    180.975,     174.720,    174.765,
   59,      145.8,    181.042,     176.091,    175.496,
   60,      148.3,    181.005,     175.686,    176.198,
   61,      150.8,    181.027,     177.100,    176.872,
   62,      153.3,    180.990,     177.137,    177.520,
   63,      155.8,    180.975,     178.698,    178.141,
   64,      158.3,    180.968,     178.706,    178.736,
   65,      160.8,    181.012,     179.214,    179.307,
   66,      163.3,    181.046,     179.733,    179.854,
   67,      165.8,    180.934,     180.728,    180.378,
   68,      168.3,    181.001,     181.325,    180.880,
   69,      170.8,    181.016,     181.420,    181.360,
   70,      175.8,    180.001,     182.332,    182.015,
----,
DateTime:        , 2025/11/21, 13:03:06, 1763744586696,
RFID_EPC:        ,--Not Acquired--,
RFID_UserData:   ,--Not Acquired--,
Barcode:         ,--Not Acquired--,
PIF:,            0.00,
PARs:,            0.0,     0.0,     0.0,     0.0,     0.0,     0.0,
Light:,           0.0,     0.0,     0.0,     0.0,     0.0,     0.0,
Cycles:,            1,
                    1,      69,      70,      70,
Lamps:,        #10000,
Gain:,              5,     100, 
SNR_raw:,     243.26,
Position:,        0.0,              0.0,   NoData,
DataPt,      Time(us),   EX,         EM,       Fit,
==========,==========,==========,==========,=========,
    0,        0.0,      0.000,       0.000,     87.658,
    1,        0.8,    163.373,      88.019,     89.034,
    2,        3.3,    180.555,      90.699,     90.604,
    3,        5.8,    180.622,      93.123,     92.224,
    4,        8.3,    180.603,      94.793,     93.885,
    5,       10.8,    180.622,      95.670,     95.586,
    6,       13.3,    180.730,      97.272,     97.320,
    7,       15.8,    180.756,      98.918,     99.084,
    8,       18.3,    180.756,     101.463,    100.874,
    9,       20.8,    180.863,     102.729,    102.687,
   10,       23.3,    180.886,     103.822,    104.518,
   11,       25.8,    180.819,     106.294,    106.363,
   12,       28.3,    180.830,     107.947,    108.222,
   13,       30.8,    180.834,     110.267,    110.089,
   14,       33.3,    180.837,     111.703,    111.963,
   15,       35.8,    180.834,     114.138,    113.841,
   16,       38.3,    180.890,     114.987,    115.720,
   17,       40.8,    180.923,     117.398,    117.599,
   18,       43.3,    180.949,     119.260,    119.474,
   19,       45.8,    180.904,     120.727,    121.343,
   20,       48.3,    180.953,     122.573,    123.205,
   21,       50.8,    180.934,     125.460,    125.057,
   22,       53.3,    180.912,     127.023,    126.896,
   23,       55.8,    180.927,     128.781,    128.722,
   24,       58.3,    180.849,     130.275,    130.531,
   25,       60.8,    180.979,     132.723,    132.323,
   26,       63.3,    180.871,     133.797,    134.096,
   27,       65.8,    180.960,     136.273,    135.848,
   28,       68.3,    181.031,     137.877,    137.578,
   29,       70.8,    180.960,     139.147,    139.283,
   30,       73.3,    180.908,     141.066,    140.963,
   31,       75.8,    180.982,     143.660,    142.617,
   32,       78.3,    180.960,     144.341,    144.243,
   33,       80.8,    180.908,     146.152,    145.840,
   34,       83.3,    180.901,     147.484,    147.407,
   35,       85.8,    180.938,     148.891,    148.944,
   36,       88.3,    180.986,     150.951,    150.449,
   37,       90.8,    180.916,     151.784,    151.922,
   38,       93.3,    181.049,     153.660,    153.362,
   39,       95.8,    181.016,     154.682,    154.769,
   40,       98.3,    181.053,     156.197,    156.142,
   41,      100.8,    180.960,     157.825,    157.480,
   42,      103.3,    181.068,     158.835,    158.785,
   43,      105.8,    180.990,     160.340,    160.054,
   44,      108.3,    180.960,     161.251,    161.289,
   45,      110.8,    180.849,     162.346,    162.488,
   46,      113.3,    180.904,     163.733,    163.653,
   47,      115.8,    180.927,     164.155,    164.784,
   48,      118.3,    181.023,     166.277,    165.880,
   49,      120.8,    181.031,     166.822,    166.942,
   50,      123.3,    181.053,     168.348,    167.971,
   51,      125.8,    181.042,     168.138,    168.966,
   52,      128.3,    180.975,     169.968,    169.928,
   53,      130.8,    181.068,     170.654,    170.858,
   54,      133.3,    180.979,     171.843,    171.756,
   55,      135.8,    180.956,     172.638,    172.622,
   56,      138.3,    180.964,     173.515,    173.457,
   57,      140.8,    180.945,     173.865,    174.263,
   58,      143.3,    180.979,     174.827,    175.038,
   59,      145.8,    180.982,     175.487,    175.785,
   60,      148.3,    181.020,     176.113,    176.504,
   61,      150.8,    181.027,     177.432,    177.195,
   62,      153.3,    181.023,     177.436,    177.860,
   63,      155.8,    181.012,     178.441,    178.498,
   64,      158.3,    181.057,     179.281,    179.111,
   65,      160.8,    180.990,     179.789,    179.700,
   66,      163.3,    180.986,     180.345,    180.265,
   67,      165.8,    180.945,     181.160,    180.807,
   68,      168.3,    180.975,     181.904,    181.326,
   69,      170.8,    180.986,     182.997,    181.824,
   70,      175.8,    179.945,     182.500,    182.613,
----,
DateTime:        , 2025/11/21, 13:03:09, 1763744589199,
RFID_EPC:        ,--Not Acquired--,
RFID_UserData:   ,--Not Acquired--,
Barcode:         ,--Not Acquired--,
PIF:,            0.00,
PARs:,            0.0,     0.0,     0.0,     0.0,     0.0,     0.0,
Light:,           0.0,     0.0,     0.0,     0.0,     0.0,     0.0,
Cycles:,            1,
                    1,      69,      70,      70,
Lamps:,        #10000,
Gain:,              5,     100, 
SNR_raw:,     220.80,
Position:,        0.0,              0.0,   NoData,
DataPt,      Time(us),   EX,         EM,       Fit,
==========,==========,==========,==========,=========,
    0,        0.0,      0.000,       0.000,     87.918,
    1,        0.8,    163.308,      88.055,     89.300,
    2,        3.3,    180.667,      90.890,     90.876,
    3,        5.8,    180.626,      93.453,     92.500,
    4,        8.3,    180.734,      94.725,     94.167,
    5,       10.8,    180.756,      96.041,     95.872,
    6,       13.3,    180.696,      98.286,     97.608,
    7,       15.8,    180.674,      99.959,     99.373,
    8,       18.3,    180.827,     101.313,    101.164,
    9,       20.8,    180.775,     102.669,    102.976,
   10,       23.3,    180.793,     104.539,    104.805,
   11,       25.8,    180.819,     106.626,    106.649,
   12,       28.3,    180.827,     107.949,    108.504,
   13,       30.8,    180.827,     109.829,    110.367,
   14,       33.3,    180.856,     111.470,    112.236,
   15,       35.8,    180.886,     113.994,    114.109,
   16,       38.3,    180.890,     115.761,    115.982,
   17,       40.8,    180.856,     117.884,    117.852,
   18,       43.3,    180.849,     119.437,    119.718,
   19,       45.8,    180.890,     121.842,    121.578,
   20,       48.3,    180.830,     123.652,    123.428,
   21,       50.8,    180.979,     125.539,    125.269,
   22,       53.3,    180.942,     127.113,    127.096,
   23,       55.8,    180.908,     129.016,    128.909,
   24,       58.3,    180.949,     130.534,    130.705,
   25,       60.8,    180.927,     131.987,    132.483,
   26,       63.3,    180.949,     134.402,    134.242,
   27,       65.8,    180.931,     136.074,    135.978,
   28,       68.3,    180.886,     137.545,    137.692,
   29,       70.8,    180.871,     139.215,    139.381,
   30,       73.3,    180.886,     141.415,    141.045,
   31,       75.8,    180.894,     142.736,    142.682,
   32,       78.3,    180.960,     144.783,    144.292,
   33,       80.8,    181.009,     145.849,    145.873,
   34,       83.3,    181.013,     147.614,    147.424,
   35,       85.8,    181.013,     149.050,    148.945,
   36,       88.3,    180.953,     150.426,    150.434,
   37,       90.8,    181.016,     152.472,    151.891,
   38,       93.3,    180.949,     153.413,    153.316,
   39,       95.8,    180.968,     154.724,    154.707,
   40,       98.3,    180.897,     156.442,    156.065,
   41,      100.8,    180.987,     157.912,    157.390,
   42,      103.3,    180.890,     158.992,    158.680,
   43,      105.8,    180.949,     160.376,    159.936,
   44,      108.3,    180.960,     161.140,    161.158,
   45,      110.8,    181.013,     162.862,    162.347,
   46,      113.3,    180.998,     163.096,    163.501,
   47,      115.8,    181.053,     164.703,    164.621,
   48,      118.3,    181.024,     165.282,    165.708,
   49,      120.8,    180.934,     166.801,    166.761,
   50,      123.3,    181.009,     167.616,    167.782,
   51,      125.8,    180.960,     169.098,    168.769,
   52,      128.3,    181.042,     169.684,    169.725,
   53,      130.8,    180.931,     170.231,    170.648,
   54,      133.3,    181.020,     171.141,    171.540,
   55,      135.8,    180.994,     171.718,    172.402,
   56,      138.3,    180.987,     172.941,    173.233,
   57,      140.8,    180.975,     173.394,    174.035,
   58,      143.3,    181.020,     174.235,    174.808,
   59,      145.8,    181.005,     175.244,    175.553,
   60,      148.3,    180.987,     176.035,    176.270,
   61,      150.8,    181.031,     177.318,    176.960,
   62,      153.3,    180.975,     177.925,    177.625,
   63,      155.8,    181.009,     178.223,    178.263,
   64,      158.3,    180.998,     179.892,    178.877,
   65,      160.8,    181.005,     179.663,    179.467,
   66,      163.3,    181.024,     180.529,    180.033,
   67,      165.8,    181.106,     180.337,    180.577,
   68,      168.3,    181.024,     181.634,    181.099,
   69,      170.8,    181.068,     181.589,    181.599,
   70,      175.8,    179.938,     182.952,    182.411,
----,
DateTime:        , 2025/11/21, 13:03:11, 1763744591772,
RFID_EPC:        ,--Not Acquired--,
RFID_UserData:   ,--Not Acquired--,
Barcode:         ,--Not Acquired--,
PIF:,            0.00,
PARs:,            0.0,     0.0,     0.0,     0.0,     0.0,     0.0,
Light:,           0.0,     0.0,     0.0,     0.0,     0.0,     0.0,
Cycles:,            1,
                    1,      69,      70,      70,
Lamps:,        #10000,
Gain:,              5,     100, 
SNR_raw:,     239.55,
Position:,        0.0,              0.0,   NoData,
DataPt,      Time(us),   EX,         EM,       Fit,
==========,==========,==========,==========,=========,
    0,        0.0,      0.000,       0.000,     87.650,
    1,        0.8,    163.332,      87.919,     89.047,
    2,        3.3,    180.578,      90.756,     90.641,
    3,        5.8,    180.667,      93.321,     92.285,
    4,        8.3,    180.741,      94.500,     93.973,
    5,       10.8,    180.771,      96.033,     95.699,
    6,       13.3,    180.786,      97.685,     97.459,
    7,       15.8,    180.782,      99.346,     99.247,
    8,       18.3,    180.808,     100.880,    101.061,
    9,       20.8,    180.834,     102.967,    102.896,
   10,       23.3,    180.749,     104.676,    104.747,
   11,       25.8,    180.845,     107.053,    106.613,
   12,       28.3,    180.797,     107.966,    108.490,
   13,       30.8,    180.790,     110.183,    110.374,
   14,       33.3,    180.871,     111.792,    112.263,
   15,       35.8,    180.901,     114.095,    114.155,
   16,       38.3,    180.990,     115.476,    116.047,
   17,       40.8,    180.946,     117.494,    117.936,
   18,       43.3,    180.923,     119.498,    119.819,
   19,       45.8,    180.901,     121.613,    121.695,
   20,       48.3,    180.920,     123.149,    123.561,
   21,       50.8,    180.894,     125.488,    125.414,
   22,       53.3,    180.868,     126.833,    127.254,
   23,       55.8,    180.845,     129.282,    129.078,
   24,       58.3,    180.901,     131.011,    130.884,
   25,       60.8,    180.905,     132.556,    132.672,
   26,       63.3,    180.949,     134.734,    134.438,
   27,       65.8,    180.994,     136.248,    136.183,
   28,       68.3,    181.005,     138.339,    137.904,
   29,       70.8,    181.024,     139.871,    139.599,
   30,       73.3,    180.949,     141.808,    141.268,
   31,       75.8,    181.024,     143.186,    142.909,
   32,       78.3,    180.972,     145.327,    144.521,
   33,       80.8,    180.935,     146.130,    146.104,
   34,       83.3,    180.938,     147.896,    147.655,
   35,       85.8,    180.923,     149.566,    149.175,
   36,       88.3,    180.975,     150.960,    150.663,
   37,       90.8,    180.894,     152.244,    152.118,
   38,       93.3,    181.002,     153.258,    153.541,
   39,       95.8,    181.020,     155.121,    154.929,
   40,       98.3,    181.002,     156.021,    156.284,
   41,      100.8,    180.975,     157.590,    157.604,
   42,      103.3,    181.009,     158.887,    158.889,
   43,      105.8,    180.990,     160.451,    160.140,
   44,      108.3,    180.953,     161.368,    161.357,
   45,      110.8,    180.949,     162.808,    162.538,
   46,      113.3,    180.990,     163.213,    163.686,
   47,      115.8,    180.868,     164.319,    164.798,
   48,      118.3,    180.994,     166.083,    165.877,
   49,      120.8,    181.002,     166.407,    166.923,
   50,      123.3,    181.009,     168.168,    167.935,
   51,      125.8,    180.968,     168.870,    168.915,
   52,      128.3,    180.968,     169.975,    169.862,
   53,      130.8,    180.972,     170.303,    170.777,
   54,      133.3,    180.957,     171.533,    171.660,
   55,      135.8,    180.883,     172.267,    172.513,
   56,      138.3,    180.909,     173.458,    173.335,
   57,      140.8,    181.042,     174.545,    174.128,
   58,      143.3,    180.968,     174.616,    174.893,
   59,      145.8,    180.975,     175.493,    175.628,
   60,      148.3,    181.057,     176.408,    176.337,
   61,      150.8,    180.972,     176.160,    177.019,
   62,      153.3,    180.998,     177.461,    177.674,
   63,      155.8,    180.964,     177.936,    178.304,
   64,      158.3,    181.028,     179.199,    178.910,
   65,      160.8,    180.961,     180.260,    179.491,
   66,      163.3,    180.946,     180.607,    180.049,
   67,      165.8,    181.005,     180.989,    180.585,
   68,      168.3,    180.949,     181.045,    181.099,
   69,      170.8,    180.987,     182.665,    181.591,
   70,      175.8,    180.001,     182.443,    182.401,
----,
DateTime:        , 2025/11/21, 13:03:14, 1763744594330,
RFID_EPC:        ,--Not Acquired--,
RFID_UserData:   ,--Not Acquired--,
Barcode:         ,--Not Acquired--,
PIF:,            0.00,
PARs:,            0.0,     0.0,     0.0,     0.0,     0.0,     0.0,
Light:,           0.0,     0.0,     0.0,     0.0,     0.0,     0.0,
Cycles:,            1,
                    1,      69,      70,      70,
Lamps:,        #10000,
Gain:,              5,     100, 
SNR_raw:,     266.63,
Position:,        0.0,              0.0,   NoData,
DataPt,      Time(us),   EX,         EM,       Fit,
==========,==========,==========,==========,=========,
    0,        0.0,      0.000,       0.000,     88.374,
    1,        0.8,    163.312,      88.297,     89.685,
    2,        3.3,    180.549,      91.222,     91.194,
    3,        5.8,    180.683,      93.866,     92.760,
    4,        8.3,    180.694,      94.967,     94.376,
    5,       10.8,    180.728,      97.052,     96.036,
    6,       13.3,    180.735,      97.601,     97.736,
    7,       15.8,    180.828,      99.763,     99.469,
    8,       18.3,    180.809,     101.654,    101.232,
    9,       20.8,    180.765,     103.117,    103.019,
   10,       23.3,    180.824,     104.300,    104.827,
   11,       25.8,    180.809,     106.632,    106.653,
   12,       28.3,    180.780,     107.755,    108.492,
   13,       30.8,    180.843,     110.040,    110.342,
   14,       33.3,    180.839,     111.480,    112.199,
   15,       35.8,    180.873,     113.782,    114.062,
   16,       38.3,    180.880,     115.878,    115.926,
   17,       40.8,    180.914,     117.846,    117.790,
   18,       43.3,    180.914,     119.615,    119.650,
   19,       45.8,    180.906,     121.278,    121.505,
   20,       48.3,    180.873,     122.959,    123.352,
   21,       50.8,    180.884,     124.942,    125.188,
   22,       53.3,    180.910,     127.135,    127.013,
   23,       55.8,    180.925,     128.783,    128.824,
   24,       58.3,    180.910,     131.004,    130.619,
   25,       60.8,    180.984,     132.387,    132.396,
   26,       63.3,    180.921,     133.539,    134.153,
   27,       65.8,    181.003,     136.020,    135.890,
   28,       68.3,    180.969,     137.592,    137.604,
   29,       70.8,    180.988,     139.567,    139.294,
   30,       73.3,    180.910,     141.065,    140.958,
   31,       75.8,    180.921,     142.825,    142.596,
   32,       78.3,    180.936,     144.582,    144.206,
   33,       80.8,    180.891,     146.055,    145.786,
   34,       83.3,    180.888,     147.495,    147.337,
   35,       85.8,    180.928,     149.451,    148.857,
   36,       88.3,    180.962,     150.971,    150.346,
   37,       90.8,    180.995,     151.938,    151.803,
   38,       93.3,    180.962,     153.845,    153.227,
   39,       95.8,    181.036,     154.997,    154.619,
   40,       98.3,    181.003,     155.688,    155.976,
   41,      100.8,    180.981,     157.254,    157.299,
   42,      103.3,    180.928,     158.737,    158.588,
   43,      105.8,    180.966,     160.251,    159.843,
   44,      108.3,    180.973,     161.129,    161.063,
   45,      110.8,    180.921,     161.949,    162.249,
   46,      113.3,    180.977,     163.225,    163.401,
   47,      115.8,    180.969,     164.116,    164.518,
   48,      118.3,    181.003,     165.743,    165.602,
   49,      120.8,    181.059,     166.686,    166.652,
   50,      123.3,    181.010,     167.615,    167.668,
   51,      125.8,    181.010,     168.278,    168.652,
   52,      128.3,    181.014,     169.600,    169.603,
   53,      130.8,    180.995,     170.612,    170.522,
   54,      133.3,    181.033,     171.019,    171.410,
   55,      135.8,    180.977,     172.287,    172.266,
   56,      138.3,    180.984,     172.833,    173.092,
   57,      140.8,    180.988,     173.271,    173.889,
   58,      143.3,    181.007,     174.579,    174.656,
   59,      145.8,    181.051,     175.089,    175.395,
   60,      148.3,    181.036,     175.655,    176.106,
   61,      150.8,    180.981,     176.925,    176.790,
   62,      153.3,    181.018,     177.220,    177.448,
   63,      155.8,    181.014,     178.660,    178.080,
   64,      158.3,    180.888,     178.675,    178.687,
   65,      160.8,    180.977,     179.913,    179.271,
   66,      163.3,    181.003,     180.329,    179.830,
   67,      165.8,    181.025,     180.859,    180.367,
   68,      168.3,    180.969,     181.025,    180.882,
   69,      170.8,    180.995,     181.552,    181.376,
   70,      175.8,    179.965,     182.591,    182.228,
----,
DateTime:        , 2025/11/21, 13:03:17, 1763744596907,
RFID_EPC:        ,--Not Acquired--,
RFID_UserData:   ,--Not Acquired--,
Barcode:         ,--Not Acquired--,
PIF:,            0.00,
PARs:,            0.0,     0.0,     0.0,     0.0,     0.0,     0.0,
Light:,           0.0,     0.0,     0.0,     0.0,     0.0,     0.0,
Cycles:,            1,
                    1,      69,      70,      70,
Lamps:,        #10000,
Gain:,              5,     100, 
SNR_raw:,     227.04,
Position:,        0.0,              0.0,   NoData,
DataPt,      Time(us),   EX,         EM,       Fit,
==========,==========,==========,==========,=========,
    0,        0.0,      0.000,       0.000,     87.891,
    1,        0.8,    163.397,      88.007,     89.190,
    2,        3.3,    180.623,      90.788,     90.697,
    3,        5.8,    180.701,      93.303,     92.273,
    4,        8.3,    180.690,      94.527,     93.908,
    5,       10.8,    180.734,      96.606,     95.594,
    6,       13.3,    180.805,      97.785,     97.325,
    7,       15.8,    180.679,      99.403,     99.092,
    8,       18.3,    180.772,     100.680,    100.891,
    9,       20.8,    180.764,     102.786,    102.717,
   10,       23.3,    180.753,     104.120,    104.564,
   11,       25.8,    180.753,     106.001,    106.428,
   12,       28.3,    180.805,     108.293,    108.307,
   13,       30.8,    180.868,     109.140,    110.195,
   14,       33.3,    180.902,     111.663,    112.090,
   15,       35.8,    180.831,     113.697,    113.988,
   16,       38.3,    180.827,     115.690,    115.886,
   17,       40.8,    180.898,     117.635,    117.781,
   18,       43.3,    180.976,     119.574,    119.673,
   19,       45.8,    180.861,     121.530,    121.555,
   20,       48.3,    180.879,     123.508,    123.428,
   21,       50.8,    180.872,     124.950,    125.289,
   22,       53.3,    180.883,     126.712,    127.136,
   23,       55.8,    180.969,     128.862,    128.967,
   24,       58.3,    180.995,     131.275,    130.780,
   25,       60.8,    181.006,     132.040,    132.574,
   26,       63.3,    180.887,     133.785,    134.345,
   27,       65.8,    180.980,     135.927,    136.094,
   28,       68.3,    180.939,     138.058,    137.818,
   29,       70.8,    180.943,     139.823,    139.517,
   30,       73.3,    180.931,     141.269,    141.188,
   31,       75.8,    180.876,     143.745,    142.831,
   32,       78.3,    180.928,     144.588,    144.445,
   33,       80.8,    180.928,     146.357,    146.028,
   34,       83.3,    181.036,     148.037,    147.582,
   35,       85.8,    181.017,     149.268,    149.103,
   36,       88.3,    180.983,     151.285,    150.591,
   37,       90.8,    181.013,     152.917,    152.047,
   38,       93.3,    181.010,     153.583,    153.468,
   39,       95.8,    180.935,     154.862,    154.856,
   40,       98.3,    180.961,     156.498,    156.209,
   41,      100.8,    180.905,     157.209,    157.527,
   42,      103.3,    180.917,     159.079,    158.811,
   43,      105.8,    180.920,     160.071,    160.059,
   44,      108.3,    180.976,     161.568,    161.273,
   45,      110.8,    180.980,     162.449,    162.453,
   46,      113.3,    181.010,     163.638,    163.597,
   47,      115.8,    181.024,     164.177,    164.708,
   48,      118.3,    181.028,     165.610,    165.784,
   49,      120.8,    180.980,     166.538,    166.826,
   50,      123.3,    180.917,     167.702,    167.835,
   51,      125.8,    180.976,     168.641,    168.811,
   52,      128.3,    180.946,     169.885,    169.754,
   53,      130.8,    180.991,     171.058,    170.666,
   54,      133.3,    180.954,     171.204,    171.546,
   55,      135.8,    180.972,     172.402,    172.395,
   56,      138.3,    181.039,     172.780,    173.214,
   57,      140.8,    181.073,     173.853,    174.003,
   58,      143.3,    181.017,     174.017,    174.763,
   59,      145.8,    181.076,     175.175,    175.496,
   60,      148.3,    181.043,     176.201,    176.200,
   61,      150.8,    180.954,     177.283,    176.878,
   62,      153.3,    180.902,     177.223,    177.530,
   63,      155.8,    180.905,     178.436,    178.156,
   64,      158.3,    180.976,     179.140,    178.757,
   65,      160.8,    180.998,     179.118,    179.335,
   66,      163.3,    181.024,     180.528,    179.889,
   67,      165.8,    181.069,     180.815,    180.421,
   68,      168.3,    181.028,     181.519,    180.932,
   69,      170.8,    181.028,     181.740,    181.421,
   70,      175.8,    179.965,     182.258,    182.316,
----,
DateTime:        , 2025/11/21, 13:03:19, 1763744599489,
RFID_EPC:        ,--Not Acquired--,
RFID_UserData:   ,--Not Acquired--,
Barcode:         ,--Not Acquired--,
PIF:,            0.00,
PARs:,            0.0,     0.0,     0.0,     0.0,     0.0,     0.0,
Light:,           0.0,     0.0,     0.0,     0.0,     0.0,     0.0,
Cycles:,            1,
                    1,      69,      70,      70,
Lamps:,        #10000,
Gain:,              5,     100, 
SNR_raw:,     230.96,
Position:,        0.0,              0.0,   NoData,
DataPt,      Time(us),   EX,         EM,       Fit,
==========,==========,==========,==========,=========,
    0,        0.0,      0.000,       0.000,     88.010,
    1,        0.8,    163.348,      88.278,     89.432,
    2,        3.3,    180.560,      91.093,     91.050,
    3,        5.8,    180.697,      93.637,     92.714,
    4,        8.3,    180.638,      95.329,     94.417,
    5,       10.8,    180.645,      96.653,     96.154,
    6,       13.3,    180.709,      98.390,     97.921,
    7,       15.8,    180.783,      99.567,     99.715,
    8,       18.3,    180.787,     101.556,    101.530,
    9,       20.8,    180.891,     103.267,    103.363,
   10,       23.3,    180.805,     104.975,    105.210,
   11,       25.8,    180.846,     106.721,    107.068,
   12,       28.3,    180.835,     108.718,    108.935,
   13,       30.8,    180.831,     110.158,    110.806,
   14,       33.3,    180.802,     112.167,    112.680,
   15,       35.8,    180.883,     114.549,    114.555,
   16,       38.3,    180.824,     116.135,    116.428,
   17,       40.8,    180.880,     118.090,    118.296,
   18,       43.3,    180.913,     120.168,    120.158,
   19,       45.8,    180.939,     121.698,    122.012,
   20,       48.3,    180.924,     123.588,    123.854,
   21,       50.8,    180.913,     126.027,    125.684,
   22,       53.3,    180.988,     127.191,    127.501,
   23,       55.8,    180.958,     129.643,    129.301,
   24,       58.3,    180.954,     130.751,    131.083,
   25,       60.8,    180.891,     132.787,    132.846,
   26,       63.3,    180.935,     135.297,    134.588,
   27,       65.8,    180.958,     136.938,    136.308,
   28,       68.3,    180.947,     137.941,    138.005,
   29,       70.8,    180.973,     140.132,    139.677,
   30,       73.3,    180.939,     141.373,    141.324,
   31,       75.8,    181.014,     142.641,    142.944,
   32,       78.3,    180.976,     144.991,    144.536,
   33,       80.8,    181.025,     146.278,    146.100,
   34,       83.3,    180.939,     147.784,    147.634,
   35,       85.8,    180.995,     149.396,    149.137,
   36,       88.3,    180.932,     150.222,    150.610,
   37,       90.8,    180.988,     152.055,    152.051,
   38,       93.3,    180.898,     153.678,    153.460,
   39,       95.8,    180.935,     154.862,    154.837,
   40,       98.3,    180.954,     157.056,    156.182,
   41,      100.8,    181.021,     157.440,    157.493,
   42,      103.3,    180.984,     158.909,    158.772,
   43,      105.8,    180.984,     159.904,    160.018,
   44,      108.3,    181.077,     161.147,    161.230,
   45,      110.8,    181.021,     162.523,    162.410,
   46,      113.3,    180.999,     163.537,    163.556,
   47,      115.8,    180.906,     164.727,    164.669,
   48,      118.3,    180.939,     166.133,    165.749,
   49,      120.8,    180.928,     166.475,    166.797,
   50,      123.3,    181.040,     167.588,    167.813,
   51,      125.8,    180.950,     168.776,    168.798,
   52,      128.3,    180.995,     169.507,    169.751,
   53,      130.8,    180.973,     170.634,    170.673,
   54,      133.3,    181.036,     171.789,    171.565,
   55,      135.8,    180.865,     171.952,    172.427,
   56,      138.3,    181.014,     173.136,    173.259,
   57,      140.8,    180.962,     173.407,    174.063,
   58,      143.3,    180.939,     174.534,    174.839,
   59,      145.8,    180.980,     175.047,    175.587,
   60,      148.3,    180.980,     176.483,    176.309,
   61,      150.8,    181.014,     177.224,    177.004,
   62,      153.3,    180.995,     178.458,    177.673,
   63,      155.8,    181.073,     178.160,    178.318,
   64,      158.3,    180.991,     178.904,    178.938,
   65,      160.8,    181.021,     179.095,    179.535,
   66,      163.3,    181.051,     180.502,    180.109,
   67,      165.8,    180.958,     181.147,    180.661,
   68,      168.3,    180.962,     181.586,    181.191,
   69,      170.8,    180.965,     182.355,    181.700,
   70,      175.8,    179.928,     182.518,    182.482,
----,
DateTime:        , 2025/11/21, 13:03:22, 1763744602017,
RFID_EPC:        ,--Not Acquired--,
RFID_UserData:   ,--Not Acquired--,
Barcode:         ,--Not Acquired--,
PIF:,            0.00,
PARs:,            0.0,     0.0,     0.0,     0.0,     0.0,     0.0,
Light:,           0.0,     0.0,     0.0,     0.0,     0.0,     0.0,
Cycles:,            1,
                    1,      69,      70,      70,
Lamps:,        #10000,
Gain:,              5,     100, 
SNR_raw:,     221.21,
Position:,        0.0,              0.0,   NoData,
DataPt,      Time(us),   EX,         EM,       Fit,
==========,==========,==========,==========,=========,
    0,        0.0,      0.000,       0.000,     87.971,
    1,        0.8,    163.325,      88.290,     89.324,
    2,        3.3,    180.604,      90.928,     90.876,
    3,        5.8,    180.686,      93.311,     92.483,
    4,        8.3,    180.693,      94.968,     94.138,
    5,       10.8,    180.734,      96.495,     95.834,
    6,       13.3,    180.767,      97.695,     97.568,
    7,       15.8,    180.752,      99.252,     99.332,
    8,       18.3,    180.797,     101.329,    101.124,
    9,       20.8,    180.775,     102.890,    102.939,
   10,       23.3,    180.812,     104.528,    104.773,
   11,       25.8,    180.860,     106.712,    106.622,
   12,       28.3,    180.764,     108.097,    108.483,
   13,       30.8,    180.920,     109.772,    110.353,
   14,       33.3,    180.886,     112.004,    112.229,
   15,       35.8,    180.868,     113.785,    114.108,
   16,       38.3,    180.842,     115.681,    115.987,
   17,       40.8,    180.838,     117.343,    117.864,
   18,       43.3,    180.868,     119.756,    119.736,
   19,       45.8,    180.853,     121.204,    121.601,
   20,       48.3,    180.909,     123.156,    123.457,
   21,       50.8,    180.912,     125.365,    125.302,
   22,       53.3,    180.976,     126.868,    127.135,
   23,       55.8,    180.897,     128.802,    128.951,
   24,       58.3,    180.964,     131.075,    130.751,
   25,       60.8,    181.076,     132.541,    132.533,
   26,       63.3,    180.961,     134.615,    134.293,
   27,       65.8,    180.935,     136.403,    136.032,
   28,       68.3,    180.909,     137.749,    137.746,
   29,       70.8,    180.976,     139.356,    139.437,
   30,       73.3,    180.927,     140.941,    141.100,
   31,       75.8,    180.831,     143.117,    142.736,
   32,       78.3,    180.964,     144.448,    144.344,
   33,       80.8,    181.020,     146.613,    145.923,
   34,       83.3,    181.035,     148.148,    147.472,
   35,       85.8,    181.005,     149.498,    148.989,
   36,       88.3,    180.916,     151.009,    150.474,
   37,       90.8,    180.946,     152.311,    151.926,
   38,       93.3,    180.953,     153.852,    153.345,
   39,       95.8,    180.961,     154.067,    154.731,
   40,       98.3,    180.871,     156.465,    156.082,
   41,      100.8,    181.013,     157.447,    157.399,
   42,      103.3,    180.927,     159.180,    158.682,
   43,      105.8,    180.998,     159.781,    159.931,
   44,      108.3,    181.005,     160.990,    161.145,
   45,      110.8,    180.998,     161.880,    162.324,
   46,      113.3,    181.046,     163.273,    163.469,
   47,      115.8,    180.987,     164.100,    164.580,
   48,      118.3,    180.935,     165.364,    165.656,
   49,      120.8,    180.953,     166.562,    166.699,
   50,      123.3,    180.935,     167.906,    167.708,
   51,      125.8,    181.043,     168.248,    168.685,
   52,      128.3,    180.976,     169.305,    169.629,
   53,      130.8,    181.031,     170.247,    170.541,
   54,      133.3,    180.983,     171.729,    171.422,
   55,      135.8,    181.017,     172.139,    172.272,
   56,      138.3,    180.946,     172.317,    173.091,
   57,      140.8,    180.994,     173.818,    173.881,
   58,      143.3,    181.009,     174.356,    174.642,
   59,      145.8,    181.020,     175.671,    175.375,
   60,      148.3,    180.983,     176.702,    176.080,
   61,      150.8,    180.994,     177.243,    176.758,
   62,      153.3,    180.979,     176.926,    177.409,
   63,      155.8,    180.935,     178.186,    178.036,
   64,      158.3,    180.957,     178.606,    178.637,
   65,      160.8,    181.024,     179.313,    179.215,
   66,      163.3,    181.065,     180.377,    179.769,
   67,      165.8,    181.031,     180.853,    180.301,
   68,      168.3,    180.961,     181.476,    180.811,
   69,      170.8,    180.979,     181.236,    181.300,
   70,      175.8,    179.890,     181.889,    182.117,
----,
DateTime:        , 2025/11/21, 13:03:24, 1763744604564,
RFID_EPC:        ,--Not Acquired--,
RFID_UserData:   ,--Not Acquired--,
Barcode:         ,--Not Acquired--,
PIF:,            0.00,
PARs:,            0.0,     0.0,     0.0,     0.0,     0.0,     0.0,
Light:,           0.0,     0.0,     0.0,     0.0,     0.0,     0.0,
Cycles:,            1,
                    1,      69,      70,      70,
Lamps:,        #10000,
Gain:,              5,     100, 
SNR_raw:,     273.88,
Position:,        0.0,              0.0,   NoData,
DataPt,      Time(us),   EX,         EM,       Fit,
==========,==========,==========,==========,=========,
    0,        0.0,      0.000,       0.000,     88.165,
    1,        0.8,    163.366,      88.758,     89.466,
    2,        3.3,    180.638,      91.336,     90.977,
    3,        5.8,    180.638,      93.668,     92.555,
    4,        8.3,    180.638,      94.886,     94.191,
    5,       10.8,    180.739,      96.825,     95.877,
    6,       13.3,    180.765,      97.696,     97.605,
    7,       15.8,    180.802,      99.556,     99.369,
    8,       18.3,    180.858,     101.184,    101.162,
    9,       20.8,    180.806,     102.652,    102.978,
   10,       23.3,    180.780,     104.105,    104.814,
   11,       25.8,    180.787,     106.423,    106.665,
   12,       28.3,    180.832,     107.503,    108.527,
   13,       30.8,    180.739,     109.882,    110.397,
   14,       33.3,    180.873,     112.565,    112.272,
   15,       35.8,    180.836,     113.694,    114.148,
   16,       38.3,    180.955,     115.609,    116.025,
   17,       40.8,    180.869,     117.322,    117.897,
   18,       43.3,    180.925,     119.387,    119.764,
   19,       45.8,    180.895,     121.396,    121.623,
   20,       48.3,    180.929,     123.143,    123.472,
   21,       50.8,    180.955,     125.446,    125.309,
   22,       53.3,    180.888,     127.372,    127.132,
   23,       55.8,    180.895,     129.136,    128.939,
   24,       58.3,    180.899,     130.349,    130.728,
   25,       60.8,    180.921,     132.544,    132.499,
   26,       63.3,    180.940,     134.188,    134.249,
   27,       65.8,    180.955,     136.498,    135.978,
   28,       68.3,    180.999,     137.017,    137.683,
   29,       70.8,    180.996,     139.782,    139.364,
   30,       73.3,    181.003,     141.434,    141.020,
   31,       75.8,    180.966,     143.121,    142.649,
   32,       78.3,    180.984,     144.101,    144.250,
   33,       80.8,    180.940,     146.015,    145.822,
   34,       83.3,    180.932,     147.901,    147.365,
   35,       85.8,    180.943,     149.549,    148.877,
   36,       88.3,    180.910,     150.240,    150.359,
   37,       90.8,    180.955,     152.303,    151.809,
   38,       93.3,    180.943,     153.086,    153.228,
   39,       95.8,    180.977,     155.158,    154.614,
   40,       98.3,    180.936,     155.856,    155.967,
   41,      100.8,    180.984,     157.472,    157.288,
   42,      103.3,    180.992,     158.460,    158.576,
   43,      105.8,    180.917,     160.073,    159.830,
   44,      108.3,    180.999,     160.885,    161.051,
   45,      110.8,    180.910,     162.512,    162.238,
   46,      113.3,    180.984,     163.329,    163.392,
   47,      115.8,    180.955,     164.572,    164.514,
   48,      118.3,    180.981,     165.653,    165.602,
   49,      120.8,    181.066,     166.679,    166.658,
   50,      123.3,    180.984,     167.418,    167.682,
   51,      125.8,    181.018,     168.934,    168.674,
   52,      128.3,    180.984,     169.296,    169.634,
   53,      130.8,    180.955,     170.651,    170.563,
   54,      133.3,    181.022,     171.250,    171.462,
   55,      135.8,    180.943,     172.319,    172.330,
   56,      138.3,    180.969,     172.736,    173.169,
   57,      140.8,    180.936,     173.653,    173.978,
   58,      143.3,    181.022,     174.786,    174.760,
   59,      145.8,    181.081,     175.612,    175.514,
   60,      148.3,    181.077,     175.947,    176.240,
   61,      150.8,    181.010,     176.896,    176.940,
   62,      153.3,    181.033,     177.868,    177.614,
   63,      155.8,    181.062,     178.502,    178.263,
   64,      158.3,    180.988,     178.796,    178.888,
   65,      160.8,    180.969,     179.588,    179.489,
   66,      163.3,    180.947,     180.384,    180.066,
   67,      165.8,    180.969,     180.693,    180.621,
   68,      168.3,    180.958,     181.699,    181.154,
   69,      170.8,    180.951,     181.928,    181.666,
   70,      175.8,    179.924,     182.188,    182.542,
----,
DateTime:        , 2025/11/21, 13:03:27, 1763744607124,
RFID_EPC:        ,--Not Acquired--,
RFID_UserData:   ,--Not Acquired--,
Barcode:         ,--Not Acquired--,
PIF:,            0.00,
PARs:,            0.0,     0.0,     0.0,     0.0,     0.0,     0.0,
Light:,           0.0,     0.0,     0.0,     0.0,     0.0,     0.0,
Cycles:,            1,
                    1,      69,      70,      70,
Lamps:,        #10000,
Gain:,              5,     100, 
SNR_raw:,     264.28,
Position:,        0.0,              0.0,   NoData,
DataPt,      Time(us),   EX,         EM,       Fit,
==========,==========,==========,==========,=========,
    0,        0.0,      0.000,       0.000,     87.316,
    1,        0.8,    163.364,      87.535,     88.756,
    2,        3.3,    180.560,      90.345,     90.383,
    3,        5.8,    180.649,      92.887,     92.046,
    4,        8.3,    180.676,      94.534,     93.741,
    5,       10.8,    180.676,      95.862,     95.464,
    6,       13.3,    180.787,      97.463,     97.215,
    7,       15.8,    180.802,      99.003,     98.989,
    8,       18.3,    180.839,     101.195,    100.783,
    9,       20.8,    180.925,     102.695,    102.597,
   10,       23.3,    180.780,     103.994,    104.425,
   11,       25.8,    180.750,     105.892,    106.266,
   12,       28.3,    180.791,     107.638,    108.118,
   13,       30.8,    180.847,     110.259,    109.979,
   14,       33.3,    180.783,     111.625,    111.845,
   15,       35.8,    180.850,     113.575,    113.716,
   16,       38.3,    180.910,     115.306,    115.589,
   17,       40.8,    180.932,     117.282,    117.462,
   18,       43.3,    180.902,     119.180,    119.331,
   19,       45.8,    180.910,     120.723,    121.196,
   20,       48.3,    180.947,     122.798,    123.054,
   21,       50.8,    180.906,     124.816,    124.903,
   22,       53.3,    180.902,     127.030,    126.741,
   23,       55.8,    180.943,     128.659,    128.566,
   24,       58.3,    180.869,     130.702,    130.375,
   25,       60.8,    180.891,     132.234,    132.168,
   26,       63.3,    180.887,     133.674,    133.943,
   27,       65.8,    180.973,     135.821,    135.698,
   28,       68.3,    180.940,     137.394,    137.431,
   29,       70.8,    180.969,     139.029,    139.141,
   30,       73.3,    180.988,     141.225,    140.826,
   31,       75.8,    181.007,     142.536,    142.485,
   32,       78.3,    180.999,     143.979,    144.116,
   33,       80.8,    180.932,     145.690,    145.718,
   34,       83.3,    180.928,     147.130,    147.290,
   35,       85.8,    180.928,     149.451,    148.831,
   36,       88.3,    180.902,     150.578,    150.340,
   37,       90.8,    180.940,     151.874,    151.816,
   38,       93.3,    180.999,     153.150,    153.260,
   39,       95.8,    181.025,     155.006,    154.669,
   40,       98.3,    180.943,     156.845,    156.044,
   41,      100.8,    181.059,     157.408,    157.384,
   42,      103.3,    180.980,     159.023,    158.689,
   43,      105.8,    180.947,     160.157,    159.957,
   44,      108.3,    180.902,     161.192,    161.190,
   45,      110.8,    180.932,     162.492,    162.387,
   46,      113.3,    180.999,     163.316,    163.549,
   47,      115.8,    180.980,     164.769,    164.676,
   48,      118.3,    180.932,     165.808,    165.766,
   49,      120.8,    181.033,     166.710,    166.822,
   50,      123.3,    180.984,     167.639,    167.843,
   51,      125.8,    181.073,     168.550,    168.830,
   52,      128.3,    181.044,     169.683,    169.783,
   53,      130.8,    181.003,     170.826,    170.702,
   54,      133.3,    180.969,     170.968,    171.588,
   55,      135.8,    180.936,     172.547,    172.442,
   56,      138.3,    180.966,     173.182,    173.264,
   57,      140.8,    180.940,     173.649,    174.056,
   58,      143.3,    180.917,     173.781,    174.817,
   59,      145.8,    181.021,     175.670,    175.548,
   60,      148.3,    181.007,     176.679,    176.251,
   61,      150.8,    181.062,     176.624,    176.926,
   62,      153.3,    181.036,     177.534,    177.574,
   63,      155.8,    181.073,     178.381,    178.195,
   64,      158.3,    181.025,     178.760,    178.790,
   65,      160.8,    180.940,     179.729,    179.360,
   66,      163.3,    181.003,     180.108,    179.907,
   67,      165.8,    180.962,     180.812,    180.430,
   68,      168.3,    180.973,     181.464,    180.930,
   69,      170.8,    180.977,     181.460,    181.409,
   70,      175.8,    179.973,     182.250,    182.069,
----,
DateTime:        , 2025/11/21, 13:03:29, 1763744609664,
RFID_EPC:        ,--Not Acquired--,
RFID_UserData:   ,--Not Acquired--,
Barcode:         ,--Not Acquired--,
PIF:,            0.00,
PARs:,            0.0,     0.0,     0.0,     0.0,     0.0,     0.0,
Light:,           0.0,     0.0,     0.0,     0.0,     0.0,     0.0,
Cycles:,            1,
                    1,      69,      70,      70,
Lamps:,        #10000,
Gain:,              5,     100, 
SNR_raw:,     280.37,
Position:,        0.0,              0.0,   NoData,
DataPt,      Time(us),   EX,         EM,       Fit,
==========,==========,==========,==========,=========,
    0,        0.0,      0.000,       0.000,     88.624,
    1,        0.8,    163.415,      88.853,     89.874,
    2,        3.3,    180.657,      91.483,     91.337,
    3,        5.8,    180.691,      93.862,     92.875,
    4,        8.3,    180.743,      95.495,     94.478,
    5,       10.8,    180.728,      96.499,     96.136,
    6,       13.3,    180.672,      98.300,     97.840,
    7,       15.8,    180.747,      99.366,     99.583,
    8,       18.3,    180.732,     101.255,    101.359,
    9,       20.8,    180.773,     103.113,    103.162,
   10,       23.3,    180.791,     104.430,    104.987,
   11,       25.8,    180.866,     106.488,    106.829,
   12,       28.3,    180.750,     108.658,    108.684,
   13,       30.8,    180.910,     110.331,    110.550,
   14,       33.3,    180.929,     111.867,    112.421,
   15,       35.8,    180.881,     114.219,    114.296,
   16,       38.3,    180.866,     115.666,    116.170,
   17,       40.8,    180.843,     117.781,    118.041,
   18,       43.3,    180.851,     119.878,    119.907,
   19,       45.8,    180.895,     121.728,    121.766,
   20,       48.3,    180.903,     123.271,    123.615,
   21,       50.8,    180.936,     125.237,    125.452,
   22,       53.3,    180.899,     127.695,    127.275,
   23,       55.8,    181.014,     128.940,    129.083,
   24,       58.3,    180.944,     130.980,    130.873,
   25,       60.8,    181.011,     132.589,    132.644,
   26,       63.3,    180.996,     134.036,    134.393,
   27,       65.8,    180.962,     136.382,    136.121,
   28,       68.3,    180.933,     138.505,    137.823,
   29,       70.8,    180.914,     139.956,    139.501,
   30,       73.3,    180.918,     141.501,    141.152,
   31,       75.8,    180.862,     142.761,    142.775,
   32,       78.3,    180.944,     144.465,    144.370,
   33,       80.8,    180.936,     146.239,    145.935,
   34,       83.3,    180.966,     146.989,    147.469,
   35,       85.8,    180.992,     148.846,    148.972,
   36,       88.3,    181.014,     150.264,    150.444,
   37,       90.8,    181.037,     152.234,    151.883,
   38,       93.3,    180.929,     153.209,    153.288,
   39,       95.8,    180.922,     154.874,    154.659,
   40,       98.3,    180.996,     156.026,    155.997,
   41,      100.8,    180.955,     157.940,    157.300,
   42,      103.3,    180.977,     158.694,    158.569,
   43,      105.8,    181.000,     160.111,    159.804,
   44,      108.3,    181.022,     161.085,    161.004,
   45,      110.8,    180.974,     162.344,    162.170,
   46,      113.3,    180.959,     163.021,    163.301,
   47,      115.8,    180.974,     164.665,    164.398,
   48,      118.3,    181.059,     165.471,    165.462,
   49,      120.8,    180.925,     166.588,    166.491,
   50,      123.3,    180.959,     167.442,    167.488,
   51,      125.8,    180.843,     168.322,    168.451,
   52,      128.3,    180.922,     169.245,    169.383,
   53,      130.8,    180.996,     170.280,    170.282,
   54,      133.3,    181.048,     170.783,    171.151,
   55,      135.8,    181.018,     172.027,    171.989,
   56,      138.3,    181.003,     172.373,    172.796,
   57,      140.8,    181.041,     173.331,    173.575,
   58,      143.3,    181.018,     174.347,    174.324,
   59,      145.8,    180.988,     175.149,    175.046,
   60,      148.3,    180.951,     175.296,    175.740,
   61,      150.8,    180.951,     176.291,    176.407,
   62,      153.3,    180.936,     177.300,    177.048,
   63,      155.8,    180.940,     177.738,    177.664,
   64,      158.3,    180.981,     178.140,    178.256,
   65,      160.8,    180.996,     179.452,    178.824,
   66,      163.3,    181.059,     179.389,    179.369,
   67,      165.8,    181.022,     180.310,    179.891,
   68,      168.3,    181.033,     180.630,    180.392,
   69,      170.8,    181.011,     181.094,    180.873,
   70,      175.8,    179.869,     181.799,    181.747,
----,
DateTime:        , 2025/11/21, 13:03:32, 1763744612202,
RFID_EPC:        ,--Not Acquired--,
RFID_UserData:   ,--Not Acquired--,
Barcode:         ,--Not Acquired--,
PIF:,            0.00,
PARs:,            0.0,     0.0,     0.0,     0.0,     0.0,     0.0,
Light:,           0.0,     0.0,     0.0,     0.0,     0.0,     0.0,
Cycles:,            1,
                    1,      69,      70,      70,
Lamps:,        #10000,
Gain:,              5,     100, 
SNR_raw:,     339.07,
Position:,        0.0,              0.0,   NoData,
DataPt,      Time(us),   EX,         EM,       Fit,
==========,==========,==========,==========,=========,
    0,        0.0,      0.000,       0.000,     88.228,
    1,        0.8,    163.314,      88.419,     89.551,
    2,        3.3,    180.671,      91.223,     91.079,
    3,        5.8,    180.678,      93.758,     92.669,
    4,        8.3,    180.760,      95.043,     94.314,
    5,       10.8,    180.767,      96.809,     96.006,
    6,       13.3,    180.723,      97.829,     97.738,
    7,       15.8,    180.745,      99.256,     99.503,
    8,       18.3,    180.760,     101.239,    101.297,
    9,       20.8,    180.723,     103.252,    103.114,
   10,       23.3,    180.756,     104.782,    104.950,
   11,       25.8,    180.767,     105.993,    106.802,
   12,       28.3,    180.890,     108.464,    108.666,
   13,       30.8,    180.838,     110.375,    110.537,
   14,       33.3,    180.920,     112.315,    112.414,
   15,       35.8,    180.991,     114.039,    114.293,
   16,       38.3,    180.879,     115.547,    116.170,
   17,       40.8,    180.912,     117.847,    118.043,
   18,       43.3,    180.827,     119.451,    119.910,
   19,       45.8,    180.875,     121.410,    121.769,
   20,       48.3,    180.860,     123.742,    123.617,
   21,       50.8,    180.853,     125.848,    125.453,
   22,       53.3,    180.901,     127.031,    127.275,
   23,       55.8,    180.939,     129.326,    129.080,
   24,       58.3,    180.927,     130.771,    130.868,
   25,       60.8,    180.987,     132.385,    132.636,
   26,       63.3,    181.013,     134.245,    134.384,
   27,       65.8,    181.017,     136.562,    136.109,
   28,       68.3,    180.979,     138.248,    137.810,
   29,       70.8,    180.920,     139.620,    139.485,
   30,       73.3,    180.935,     141.930,    141.134,
   31,       75.8,    180.864,     142.980,    142.756,
   32,       78.3,    180.946,     144.684,    144.349,
   33,       80.8,    180.946,     146.010,    145.914,
   34,       83.3,    180.979,     147.752,    147.448,
   35,       85.8,    180.939,     149.001,    148.952,
   36,       88.3,    181.002,     150.717,    150.425,
   37,       90.8,    181.013,     151.923,    151.866,
   38,       93.3,    181.002,     153.369,    153.275,
   39,       95.8,    180.983,     154.711,    154.651,
   40,       98.3,    180.875,     156.130,    155.993,
   41,      100.8,    180.946,     157.616,    157.303,
   42,      103.3,    180.931,     158.292,    158.579,
   43,      105.8,    180.957,     159.706,    159.822,
   44,      108.3,    181.009,     161.097,    161.032,
   45,      110.8,    181.050,     162.386,    162.208,
   46,      113.3,    180.994,     163.541,    163.351,
   47,      115.8,    180.979,     164.660,    164.461,
   48,      118.3,    180.998,     165.416,    165.538,
   49,      120.8,    180.965,     166.441,    166.583,
   50,      123.3,    180.894,     167.391,    167.595,
   51,      125.8,    180.953,     168.552,    168.576,
   52,      128.3,    180.983,     169.077,    169.525,
   53,      130.8,    180.950,     170.103,    170.443,
   54,      133.3,    180.965,     170.973,    171.331,
   55,      135.8,    180.983,     172.171,    172.189,
   56,      138.3,    181.013,     172.916,    173.018,
   57,      140.8,    180.983,     173.828,    173.818,
   58,      143.3,    181.061,     174.306,    174.590,
   59,      145.8,    181.028,     175.222,    175.335,
   60,      148.3,    181.035,     176.319,    176.052,
   61,      150.8,    180.879,     176.803,    176.743,
   62,      153.3,    181.024,     177.435,    177.409,
   63,      155.8,    180.912,     177.987,    178.050,
   64,      158.3,    180.942,     178.952,    178.667,
   65,      160.8,    181.002,     179.004,    179.260,
   66,      163.3,    180.979,     180.241,    179.830,
   67,      165.8,    181.035,     180.517,    180.378,
   68,      168.3,    181.031,     181.515,    180.905,
   69,      170.8,    181.039,     182.171,    181.411,
   70,      175.8,    180.001,     182.221,    182.300,
----,
DateTime:        , 2025/11/21, 13:03:34, 1763744614747,
RFID_EPC:        ,--Not Acquired--,
RFID_UserData:   ,--Not Acquired--,
Barcode:         ,--Not Acquired--,
PIF:,            0.00,
PARs:,            0.0,     0.0,     0.0,     0.0,     0.0,     0.0,
Light:,           0.0,     0.0,     0.0,     0.0,     0.0,     0.0,
Cycles:,            1,
                    1,      69,      70,      70,
Lamps:,        #10000,
Gain:,              5,     100, 
SNR_raw:,     290.00,
Position:,        0.0,              0.0,   NoData,
DataPt,      Time(us),   EX,         EM,       Fit,
==========,==========,==========,==========,=========,
    0,        0.0,      0.000,       0.000,     87.651,
    1,        0.8,    163.358,      88.027,     88.971,
    2,        3.3,    180.625,      90.589,     90.498,
    3,        5.8,    180.614,      92.905,     92.087,
    4,        8.3,    180.655,      94.434,     93.733,
    5,       10.8,    180.737,      95.830,     95.428,
    6,       13.3,    180.804,      97.564,     97.165,
    7,       15.8,    180.860,      98.751,     98.938,
    8,       18.3,    180.808,     100.659,    100.742,
    9,       20.8,    180.845,     102.187,    102.571,
   10,       23.3,    180.748,     104.455,    104.421,
   11,       25.8,    180.841,     105.949,    106.289,
   12,       28.3,    180.867,     107.703,    108.170,
   13,       30.8,    180.811,     109.949,    110.061,
   14,       33.3,    180.796,     111.728,    111.958,
   15,       35.8,    180.826,     113.700,    113.859,
   16,       38.3,    180.878,     115.437,    115.761,
   17,       40.8,    180.960,     117.595,    117.662,
   18,       43.3,    180.871,     119.201,    119.557,
   19,       45.8,    180.901,     121.503,    121.446,
   20,       48.3,    180.882,     123.174,    123.325,
   21,       50.8,    180.889,     125.159,    125.192,
   22,       53.3,    180.930,     127.231,    127.046,
   23,       55.8,    180.934,     128.997,    128.885,
   24,       58.3,    180.912,     130.782,    130.706,
   25,       60.8,    180.811,     132.956,    132.507,
   26,       63.3,    180.942,     134.408,    134.288,
   27,       65.8,    180.960,     136.273,    136.046,
   28,       68.3,    180.997,     138.013,    137.781,
   29,       70.8,    180.923,     140.060,    139.490,
   30,       73.3,    181.020,     140.979,    141.172,
   31,       75.8,    180.938,     143.143,    142.826,
   32,       78.3,    180.934,     144.694,    144.451,
   33,       80.8,    180.942,     145.682,    146.046,
   34,       83.3,    180.934,     148.010,    147.610,
   35,       85.8,    180.927,     148.900,    149.142,
   36,       88.3,    180.964,     150.638,    150.642,
   37,       90.8,    180.942,     152.093,    152.108,
   38,       93.3,    180.986,     153.713,    153.541,
   39,       95.8,    181.027,     154.783,    154.940,
   40,       98.3,    180.990,     156.583,    156.304,
   41,      100.8,    181.023,     157.880,    157.634,
   42,      103.3,    180.975,     159.249,    158.928,
   43,      105.8,    180.938,     160.276,    160.187,
   44,      108.3,    180.919,     161.177,    161.411,
   45,      110.8,    180.953,     162.584,    162.600,
   46,      113.3,    180.971,     164.004,    163.754,
   47,      115.8,    180.923,     164.932,    164.873,
   48,      118.3,    180.975,     165.106,    165.957,
   49,      120.8,    180.971,     166.877,    167.008,
   50,      123.3,    181.046,     168.024,    168.025,
   51,      125.8,    181.008,     168.500,    169.008,
   52,      128.3,    181.042,     170.016,    169.959,
   53,      130.8,    180.975,     171.405,    170.877,
   54,      133.3,    181.064,     171.873,    171.764,
   55,      135.8,    181.042,     172.336,    172.619,
   56,      138.3,    180.997,     173.483,    173.444,
   57,      140.8,    180.942,     174.200,    174.238,
   58,      143.3,    180.982,     175.155,    175.004,
   59,      145.8,    180.956,     175.512,    175.740,
   60,      148.3,    180.990,     176.584,    176.449,
   61,      150.8,    181.012,     177.005,    177.131,
   62,      153.3,    181.005,     177.454,    177.786,
   63,      155.8,    181.042,     178.301,    178.415,
   64,      158.3,    180.997,     179.229,    179.020,
   65,      160.8,    180.979,     179.579,    179.600,
   66,      163.3,    180.923,     180.187,    180.157,
   67,      165.8,    180.990,     181.226,    180.691,
   68,      168.3,    180.968,     181.580,    181.203,
   69,      170.8,    181.016,     182.194,    181.694,
   70,      175.8,    179.986,     182.681,    182.562,
