----,
DateTime:        , 2025/11/20, 10:30:52, 1763649052747,
RFID_EPC:        ,--Not Acquired--,
RFID_UserData:   ,--Not Acquired--,
Barcode:         ,--Not Acquired--,
PIF:,            0.00,
PARs:,            0.0,     0.0,     0.0,     0.0,     0.0,     0.0,
Light:,           0.0,     0.0,     0.0,     0.0,     0.0,     0.0,
Cycles:,            1,
                    1,      69,      70,      70,
Lamps:,        #10000,
Gain:,              2,     100, 
SNR_raw:,     313.89,
Position:,        0.0,              0.0,   NoData,
DataPt,      Time(us),   EX,         EM,       Fit,
==========,==========,==========,==========,=========,
    0,        0.0,      0.000,       0.000,    138.966,
    1,        0.8,    161.281,     138.578,    143.699,
    2,        3.3,    180.558,     149.262,    149.177,
    3,        5.8,    180.734,     158.797,    154.829,
    4,        8.3,    180.667,     163.284,    160.616,
    5,       10.8,    180.798,     168.143,    166.518,
    6,       13.3,    180.667,     173.524,    172.502,
    7,       15.8,    180.723,     179.003,    178.552,
    8,       18.3,    180.776,     185.866,    184.648,
    9,       20.8,    180.772,     190.572,    190.769,
   10,       23.3,    180.693,     196.466,    196.898,
   11,       25.8,    180.716,     201.975,    203.023,
   12,       28.3,    180.783,     208.814,    209.129,
   13,       30.8,    180.877,     213.958,    215.206,
   14,       33.3,    180.888,     220.579,    221.239,
   15,       35.8,    180.836,     226.172,    227.216,
   16,       38.3,    180.997,     230.667,    233.133,
   17,       40.8,    181.045,     237.510,    238.976,
   18,       43.3,    180.970,     242.857,    244.735,
   19,       45.8,    180.884,     249.331,    250.402,
   20,       48.3,    180.978,     254.451,    255.974,
   21,       50.8,    180.944,     261.683,    261.441,
   22,       53.3,    180.832,     266.270,    266.797,
   23,       55.8,    180.854,     271.766,    272.038,
   24,       58.3,    180.982,     277.929,    277.163,
   25,       60.8,    180.948,     282.954,    282.164,
   26,       63.3,    181.060,     287.197,    287.042,
   27,       65.8,    181.012,     292.246,    291.789,
   28,       68.3,    181.038,     298.004,    296.406,
   29,       70.8,    181.030,     301.607,    300.889,
   30,       73.3,    180.929,     306.473,    305.237,
   31,       75.8,    181.023,     310.458,    309.451,
   32,       78.3,    180.993,     314.930,    313.529,
   33,       80.8,    180.963,     320.508,    317.472,
   34,       83.3,    180.880,     323.418,    321.278,
   35,       85.8,    181.105,     326.606,    324.955,
   36,       88.3,    181.045,     328.923,    328.497,
   37,       90.8,    181.034,     332.258,    331.909,
   38,       93.3,    180.978,     335.400,    335.191,
   39,       95.8,    181.019,     338.362,    338.346,
   40,       98.3,    181.019,     341.400,    341.376,
   41,      100.8,    181.045,     343.837,    344.284,
   42,      103.3,    181.038,     346.336,    347.073,
   43,      105.8,    180.982,     348.930,    349.744,
   44,      108.3,    181.038,     352.689,    352.303,
   45,      110.8,    180.937,     353.991,    354.749,
   46,      113.3,    180.929,     356.493,    357.089,
   47,      115.8,    180.989,     357.756,    359.324,
   48,      118.3,    181.045,     360.131,    361.459,
   49,      120.8,    181.057,     362.318,    363.496,
   50,      123.3,    181.079,     363.653,    365.439,
   51,      125.8,    181.072,     366.430,    367.291,
   52,      128.3,    180.940,     368.077,    369.056,
   53,      130.8,    181.083,     370.825,    370.736,
   54,      133.3,    180.963,     373.005,    372.335,
   55,      135.8,    180.959,     373.289,    373.856,
   56,      138.3,    181.068,     375.550,    375.302,
   57,      140.8,    181.057,     375.021,    376.677,
   58,      143.3,    181.057,     378.335,    377.983,
   59,      145.8,    181.068,     378.311,    379.223,
   60,      148.3,    181.150,     379.243,    380.401,
   61,      150.8,    181.087,     381.033,    381.519,
   62,      153.3,    181.068,     382.730,    382.579,
   63,      155.8,    181.124,     384.819,    383.585,
   64,      158.3,    181.072,     385.483,    384.539,
   65,      160.8,    181.042,     385.823,    385.443,
   66,      163.3,    181.015,     386.431,    386.300,
   67,      165.8,    180.997,     388.405,    387.112,
   68,      168.3,    180.978,     388.445,    387.880,
   69,      170.8,    181.030,     389.990,    388.608,
   70,      175.8,    179.903,     390.767,    390.429,
----,
DateTime:        , 2025/11/20, 10:31:09, 1763649069286,
RFID_EPC:        ,--Not Acquired--,
RFID_UserData:   ,--Not Acquired--,
Barcode:         ,--Not Acquired--,
PIF:,            0.00,
PARs:,            0.0,     0.0,     0.0,     0.0,     0.0,     0.0,
Light:,           0.0,     0.0,     0.0,     0.0,     0.0,     0.0,
Cycles:,            1,
                    1,      69,      70,      70,
Lamps:,        #10000,
Gain:,              2,     100, 
SNR_raw:,     322.68,
Position:,        0.0,              0.0,   NoData,
DataPt,      Time(us),   EX,         EM,       Fit,
==========,==========,==========,==========,=========,
    0,        0.0,      0.000,       0.000,    146.163,
    1,        0.8,    161.293,     145.078,    150.933,
    2,        3.3,    180.543,     156.052,    156.336,
    3,        5.8,    180.581,     165.854,    161.799,
    4,        8.3,    180.618,     169.695,    167.314,
    5,       10.8,    180.719,     174.580,    172.874,
    6,       13.3,    180.727,     179.829,    178.468,
    7,       15.8,    180.783,     184.752,    184.089,
    8,       18.3,    180.933,     189.849,    189.730,
    9,       20.8,    180.794,     195.526,    195.375,
   10,       23.3,    180.813,     201.313,    201.019,
   11,       25.8,    180.783,     206.601,    206.652,
   12,       28.3,    180.716,     211.659,    212.265,
   13,       30.8,    180.817,     217.071,    217.853,
   14,       33.3,    180.764,     221.836,    223.405,
   15,       35.8,    180.892,     227.484,    228.916,
   16,       38.3,    180.892,     232.736,    234.375,
   17,       40.8,    180.952,     238.738,    239.777,
   18,       43.3,    180.959,     244.807,    245.112,
   19,       45.8,    181.008,     249.713,    250.375,
   20,       48.3,    180.989,     254.988,    255.556,
   21,       50.8,    180.963,     261.103,    260.649,
   22,       53.3,    180.884,     265.087,    265.648,
   23,       55.8,    180.910,     270.852,    270.548,
   24,       58.3,    180.925,     274.975,    275.346,
   25,       60.8,    180.877,     281.131,    280.034,
   26,       63.3,    180.925,     285.753,    284.612,
   27,       65.8,    180.993,     288.962,    289.075,
   28,       68.3,    180.993,     294.487,    293.420,
   29,       70.8,    180.974,     297.004,    297.643,
   30,       73.3,    181.053,     302.674,    301.744,
   31,       75.8,    180.997,     306.083,    305.719,
   32,       78.3,    181.008,     309.379,    309.569,
   33,       80.8,    180.959,     314.988,    313.291,
   34,       83.3,    181.015,     317.100,    316.888,
   35,       85.8,    180.997,     321.001,    320.358,
   36,       88.3,    180.970,     324.639,    323.701,
   37,       90.8,    180.997,     327.907,    326.920,
   38,       93.3,    181.011,     330.090,    330.016,
   39,       95.8,    181.041,     333.625,    332.990,
   40,       98.3,    181.113,     335.151,    335.845,
   41,      100.8,    181.094,     339.879,    338.582,
   42,      103.3,    181.000,     341.160,    341.203,
   43,      105.8,    181.060,     344.361,    343.711,
   44,      108.3,    180.952,     345.120,    346.108,
   45,      110.8,    180.989,     347.811,    348.399,
   46,      113.3,    181.064,     350.153,    350.586,
   47,      115.8,    181.015,     352.733,    352.671,
   48,      118.3,    181.026,     353.539,    354.659,
   49,      120.8,    181.011,     356.055,    356.553,
   50,      123.3,    181.120,     358.326,    358.355,
   51,      125.8,    181.101,     360.295,    360.070,
   52,      128.3,    181.161,     360.452,    361.700,
   53,      130.8,    181.079,     362.825,    363.248,
   54,      133.3,    181.139,     364.361,    364.719,
   55,      135.8,    180.959,     365.552,    366.113,
   56,      138.3,    180.978,     366.067,    367.436,
   57,      140.8,    180.963,     368.584,    368.690,
   58,      143.3,    181.000,     369.889,    369.878,
   59,      145.8,    180.944,     372.214,    371.004,
   60,      148.3,    181.053,     371.991,    372.070,
   61,      150.8,    181.049,     372.551,    373.079,
   62,      153.3,    181.109,     373.808,    374.033,
   63,      155.8,    181.128,     374.598,    374.936,
   64,      158.3,    181.109,     376.017,    375.790,
   65,      160.8,    181.068,     376.379,    376.596,
   66,      163.3,    180.989,     377.371,    377.358,
   67,      165.8,    181.045,     379.187,    378.078,
   68,      168.3,    180.993,     379.297,    378.758,
   69,      170.8,    180.997,     381.499,    379.399,
   70,      175.8,    179.828,     380.642,    380.459,
----,
DateTime:        , 2025/11/20, 10:31:25, 1763649085768,
RFID_EPC:        ,--Not Acquired--,
RFID_UserData:   ,--Not Acquired--,
Barcode:         ,--Not Acquired--,
PIF:,            0.00,
PARs:,            0.0,     0.0,     0.0,     0.0,     0.0,     0.0,
Light:,           0.0,     0.0,     0.0,     0.0,     0.0,     0.0,
Cycles:,            1,
                    1,      69,      70,      70,
Lamps:,        #10000,
Gain:,              2,     100, 
SNR_raw:,     291.56,
Position:,        0.0,              0.0,   NoData,
DataPt,      Time(us),   EX,         EM,       Fit,
==========,==========,==========,==========,=========,
    0,        0.0,      0.000,       0.000,    146.142,
    1,        0.8,    161.305,     145.067,    150.984,
    2,        3.3,    180.541,     155.874,    156.446,
    3,        5.8,    180.638,     165.524,    161.950,
    4,        8.3,    180.758,     170.670,    167.489,
    5,       10.8,    180.848,     175.009,    173.053,
    6,       13.3,    180.766,     180.620,    178.630,
    7,       15.8,    180.721,     184.815,    184.212,
    8,       18.3,    180.747,     190.598,    189.793,
    9,       20.8,    180.736,     194.759,    195.364,
   10,       23.3,    180.755,     201.101,    200.919,
   11,       25.8,    180.725,     205.285,    206.446,
   12,       28.3,    180.695,     211.406,    211.940,
   13,       30.8,    180.863,     216.462,    217.397,
   14,       33.3,    180.886,     220.858,    222.807,
   15,       35.8,    180.927,     227.716,    228.162,
   16,       38.3,    180.983,     232.618,    233.455,
   17,       40.8,    180.968,     237.058,    238.678,
   18,       43.3,    180.901,     242.675,    243.823,
   19,       45.8,    180.961,     247.015,    248.888,
   20,       48.3,    180.942,     253.673,    253.864,
   21,       50.8,    180.964,     259.443,    258.748,
   22,       53.3,    180.845,     263.210,    263.530,
   23,       55.8,    180.867,     268.706,    268.211,
   24,       58.3,    180.972,     273.247,    272.787,
   25,       60.8,    180.919,     278.301,    277.253,
   26,       63.3,    181.009,     282.030,    281.607,
   27,       65.8,    181.009,     286.726,    285.845,
   28,       68.3,    181.047,     289.980,    289.966,
   29,       70.8,    181.009,     294.460,    293.966,
   30,       73.3,    180.908,     299.323,    297.843,
   31,       75.8,    180.961,     302.552,    301.600,
   32,       78.3,    180.979,     305.560,    305.234,
   33,       80.8,    180.976,     309.434,    308.746,
   34,       83.3,    180.987,     313.559,    312.136,
   35,       85.8,    181.017,     315.440,    315.406,
   36,       88.3,    181.009,     318.216,    318.555,
   37,       90.8,    181.077,     322.515,    321.586,
   38,       93.3,    181.058,     325.034,    324.500,
   39,       95.8,    181.077,     326.933,    327.298,
   40,       98.3,    181.036,     330.322,    329.982,
   41,      100.8,    180.987,     332.621,    332.554,
   42,      103.3,    180.946,     335.736,    335.018,
   43,      105.8,    181.047,     336.653,    337.376,
   44,      108.3,    180.983,     338.982,    339.631,
   45,      110.8,    180.953,     342.077,    341.785,
   46,      113.3,    181.021,     342.779,    343.842,
   47,      115.8,    181.084,     346.248,    345.806,
   48,      118.3,    181.122,     347.004,    347.678,
   49,      120.8,    181.062,     348.224,    349.462,
   50,      123.3,    181.099,     348.704,    351.161,
   51,      125.8,    181.009,     352.744,    352.777,
   52,      128.3,    181.081,     352.882,    354.314,
   53,      130.8,    180.968,     356.693,    355.775,
   54,      133.3,    180.987,     356.103,    357.164,
   55,      135.8,    180.991,     358.858,    358.482,
   56,      138.3,    180.994,     359.680,    359.734,
   57,      140.8,    181.021,     360.456,    360.922,
   58,      143.3,    181.073,     362.009,    362.048,
   59,      145.8,    181.021,     363.218,    363.116,
   60,      148.3,    181.137,     364.918,    364.129,
   61,      150.8,    181.114,     365.791,    365.088,
   62,      153.3,    181.118,     365.784,    365.996,
   63,      155.8,    181.032,     368.720,    366.856,
   64,      158.3,    181.032,     367.339,    367.669,
   65,      160.8,    181.013,     368.758,    368.439,
   66,      163.3,    180.987,     368.811,    369.167,
   67,      165.8,    180.968,     370.231,    369.855,
   68,      168.3,    181.013,     371.244,    370.506,
   69,      170.8,    180.994,     372.111,    371.121,
   70,      175.8,    179.953,     372.042,    372.001,
----,
DateTime:        , 2025/11/20, 10:31:42, 1763649102270,
RFID_EPC:        ,--Not Acquired--,
RFID_UserData:   ,--Not Acquired--,
Barcode:         ,--Not Acquired--,
PIF:,            0.00,
PARs:,            0.0,     0.0,     0.0,     0.0,     0.0,     0.0,
Light:,           0.0,     0.0,     0.0,     0.0,     0.0,     0.0,
Cycles:,            1,
                    1,      69,      70,      70,
Lamps:,        #10000,
Gain:,              2,     100, 
SNR_raw:,     322.79,
Position:,        0.0,              0.0,   NoData,
DataPt,      Time(us),   EX,         EM,       Fit,
==========,==========,==========,==========,=========,
    0,        0.0,      0.000,       0.000,    145.127,
    1,        0.8,    161.277,     142.612,    149.494,
    2,        3.3,    180.446,     153.712,    154.565,
    3,        5.8,    180.596,     163.625,    159.812,
    4,        8.3,    180.652,     169.110,    165.204,
    5,       10.8,    180.794,     171.742,    170.714,
    6,       13.3,    180.738,     177.882,    176.314,
    7,       15.8,    180.783,     183.369,    181.982,
    8,       18.3,    180.858,     189.099,    187.700,
    9,       20.8,    180.809,     193.574,    193.446,
   10,       23.3,    180.734,     198.911,    199.202,
   11,       25.8,    180.779,     205.223,    204.957,
   12,       28.3,    180.719,     211.101,    210.695,
   13,       30.8,    180.866,     215.630,    216.406,
   14,       33.3,    180.817,     222.048,    222.076,
   15,       35.8,    180.925,     225.507,    227.696,
   16,       38.3,    180.937,     232.125,    233.255,
   17,       40.8,    180.925,     237.391,    238.742,
   18,       43.3,    180.959,     242.043,    244.152,
   19,       45.8,    180.970,     248.659,    249.474,
   20,       48.3,    180.933,     252.580,    254.703,
   21,       50.8,    180.866,     259.032,    259.829,
   22,       53.3,    181.000,     264.088,    264.854,
   23,       55.8,    180.918,     270.012,    269.766,
   24,       58.3,    180.959,     274.924,    274.564,
   25,       60.8,    181.012,     279.816,    279.245,
   26,       63.3,    180.948,     284.060,    283.804,
   27,       65.8,    181.053,     287.761,    288.240,
   28,       68.3,    181.038,     293.585,    292.549,
   29,       70.8,    180.970,     297.010,    296.730,
   30,       73.3,    181.023,     301.067,    300.783,
   31,       75.8,    181.019,     304.111,    304.706,
   32,       78.3,    180.952,     308.093,    308.499,
   33,       80.8,    180.873,     312.650,    312.162,
   34,       83.3,    181.012,     316.278,    315.697,
   35,       85.8,    180.967,     320.777,    319.105,
   36,       88.3,    180.922,     323.897,    322.386,
   37,       90.8,    181.042,     327.273,    325.544,
   38,       93.3,    181.004,     330.379,    328.578,
   39,       95.8,    181.038,     331.975,    331.492,
   40,       98.3,    181.030,     335.027,    334.288,
   41,      100.8,    181.072,     337.712,    336.969,
   42,      103.3,    181.072,     339.092,    339.536,
   43,      105.8,    181.030,     342.208,    341.993,
   44,      108.3,    180.907,     343.824,    344.343,
   45,      110.8,    181.030,     347.179,    346.588,
   46,      113.3,    181.015,     347.760,    348.733,
   47,      115.8,    181.079,     350.675,    350.780,
   48,      118.3,    180.914,     352.101,    352.732,
   49,      120.8,    181.023,     353.823,    354.593,
   50,      123.3,    181.128,     356.102,    356.367,
   51,      125.8,    181.075,     358.138,    358.055,
   52,      128.3,    181.075,     358.414,    359.662,
   53,      130.8,    181.117,     360.541,    361.190,
   54,      133.3,    181.068,     362.019,    362.643,
   55,      135.8,    181.000,     363.535,    364.023,
   56,      138.3,    180.989,     364.386,    365.335,
   57,      140.8,    181.075,     365.870,    366.580,
   58,      143.3,    180.940,     367.801,    367.761,
   59,      145.8,    181.045,     369.521,    368.882,
   60,      148.3,    181.060,     369.214,    369.945,
   61,      150.8,    181.090,     370.533,    370.953,
   62,      153.3,    181.019,     370.679,    371.908,
   63,      155.8,    181.060,     373.632,    372.813,
   64,      158.3,    181.158,     373.707,    373.670,
   65,      160.8,    181.087,     374.406,    374.482,
   66,      163.3,    181.015,     376.211,    375.250,
   67,      165.8,    180.989,     376.542,    375.978,
   68,      168.3,    181.060,     377.222,    376.666,
   69,      170.8,    180.970,     377.686,    377.317,
   70,      175.8,    179.869,     379.721,    379.110,
----,
DateTime:        , 2025/11/20, 10:31:58, 1763649118824,
RFID_EPC:        ,--Not Acquired--,
RFID_UserData:   ,--Not Acquired--,
Barcode:         ,--Not Acquired--,
PIF:,            0.00,
PARs:,            0.0,     0.0,     0.0,     0.0,     0.0,     0.0,
Light:,           0.0,     0.0,     0.0,     0.0,     0.0,     0.0,
Cycles:,            1,
                    1,      69,      70,      70,
Lamps:,        #10000,
Gain:,              2,     100, 
SNR_raw:,     291.39,
Position:,        0.0,              0.0,   NoData,
DataPt,      Time(us),   EX,         EM,       Fit,
==========,==========,==========,==========,=========,
    0,        0.0,      0.000,       0.000,    142.979,
    1,        0.8,    161.269,     141.069,    147.901,
    2,        3.3,    180.550,     152.794,    153.474,
    3,        5.8,    180.696,     163.258,    159.111,
    4,        8.3,    180.722,     167.661,    164.796,
    5,       10.8,    180.696,     173.219,    170.519,
    6,       13.3,    180.782,     178.115,    176.273,
    7,       15.8,    180.733,     183.143,    182.044,
    8,       18.3,    180.834,     187.741,    187.827,
    9,       20.8,    180.729,     194.213,    193.606,
   10,       23.3,    180.729,     199.193,    199.375,
   11,       25.8,    180.812,     204.633,    205.127,
   12,       28.3,    180.823,     210.703,    210.851,
   13,       30.8,    180.849,     215.373,    216.539,
   14,       33.3,    180.913,     221.101,    222.184,
   15,       35.8,    180.977,     226.549,    227.778,
   16,       38.3,    180.947,     231.007,    233.310,
   17,       40.8,    180.943,     238.197,    238.774,
   18,       43.3,    180.890,     242.412,    244.161,
   19,       45.8,    180.917,     248.733,    249.468,
   20,       48.3,    180.913,     254.819,    254.687,
   21,       50.8,    180.913,     258.688,    259.813,
   22,       53.3,    180.943,     265.001,    264.841,
   23,       55.8,    180.943,     269.146,    269.766,
   24,       58.3,    180.977,     275.174,    274.585,
   25,       60.8,    180.939,     280.205,    279.291,
   26,       63.3,    181.055,     284.443,    283.885,
   27,       65.8,    180.954,     289.023,    288.359,
   28,       68.3,    180.894,     292.989,    292.713,
   29,       70.8,    180.928,     297.356,    296.945,
   30,       73.3,    180.980,     301.966,    301.055,
   31,       75.8,    180.962,     305.037,    305.041,
   32,       78.3,    181.007,     310.486,    308.903,
   33,       80.8,    180.943,     313.358,    312.639,
   34,       83.3,    180.947,     317.773,    316.250,
   35,       85.8,    181.048,     320.633,    319.738,
   36,       88.3,    181.029,     322.324,    323.103,
   37,       90.8,    180.988,     326.817,    326.345,
   38,       93.3,    181.119,     329.065,    329.468,
   39,       95.8,    181.029,     333.372,    332.471,
   40,       98.3,    180.973,     335.686,    335.356,
   41,      100.8,    181.003,     339.774,    338.127,
   42,      103.3,    180.969,     340.113,    340.785,
   43,      105.8,    180.969,     343.152,    343.333,
   44,      108.3,    180.943,     347.071,    345.774,
   45,      110.8,    181.048,     349.631,    348.111,
   46,      113.3,    181.089,     350.104,    350.346,
   47,      115.8,    181.078,     351.782,    352.483,
   48,      118.3,    181.089,     354.246,    354.525,
   49,      120.8,    181.130,     355.269,    356.474,
   50,      123.3,    181.089,     356.731,    358.333,
   51,      125.8,    181.022,     358.797,    360.106,
   52,      128.3,    180.988,     360.798,    361.795,
   53,      130.8,    181.003,     363.254,    363.404,
   54,      133.3,    180.958,     366.107,    364.935,
   55,      135.8,    180.935,     366.153,    366.392,
   56,      138.3,    180.988,     366.875,    367.778,
   57,      140.8,    181.040,     368.150,    369.096,
   58,      143.3,    181.201,     370.582,    370.349,
   59,      145.8,    181.048,     370.896,    371.539,
   60,      148.3,    181.100,     372.446,    372.669,
   61,      150.8,    181.059,     372.806,    373.742,
   62,      153.3,    181.048,     374.763,    374.759,
   63,      155.8,    181.040,     375.607,    375.725,
   64,      158.3,    181.025,     375.638,    376.640,
   65,      160.8,    180.984,     377.934,    377.508,
   66,      163.3,    180.939,     378.857,    378.330,
   67,      165.8,    181.067,     378.866,    379.110,
   68,      168.3,    181.022,     380.894,    379.848,
   69,      170.8,    181.093,     381.572,    380.547,
   70,      175.8,    179.939,     382.630,    381.896,
----,
DateTime:        , 2025/11/20, 10:32:15, 1763649135339,
RFID_EPC:        ,--Not Acquired--,
RFID_UserData:   ,--Not Acquired--,
Barcode:         ,--Not Acquired--,
PIF:,            0.00,
PARs:,            0.0,     0.0,     0.0,     0.0,     0.0,     0.0,
Light:,           0.0,     0.0,     0.0,     0.0,     0.0,     0.0,
Cycles:,            1,
                    1,      69,      70,      70,
Lamps:,        #10000,
Gain:,              2,     100, 
SNR_raw:,     332.81,
Position:,        0.0,              0.0,   NoData,
DataPt,      Time(us),   EX,         EM,       Fit,
==========,==========,==========,==========,=========,
    0,        0.0,      0.000,       0.000,    145.763,
    1,        0.8,    161.307,     144.135,    150.258,
    2,        3.3,    180.448,     154.971,    155.417,
    3,        5.8,    180.692,     164.645,    160.711,
    4,        8.3,    180.684,     169.356,    166.113,
    5,       10.8,    180.740,     173.453,    171.611,
    6,       13.3,    180.804,     178.646,    177.186,
    7,       15.8,    180.755,     182.567,    182.822,
    8,       18.3,    180.808,     188.598,    188.507,
    9,       20.8,    180.789,     194.702,    194.224,
   10,       23.3,    180.755,     200.547,    199.959,
   11,       25.8,    180.789,     204.382,    205.703,
   12,       28.3,    180.748,     211.621,    211.439,
   13,       30.8,    180.898,     216.697,    217.162,
   14,       33.3,    180.853,     222.557,    222.854,
   15,       35.8,    180.943,     227.696,    228.510,
   16,       38.3,    180.984,     232.065,    234.116,
   17,       40.8,    180.954,     238.458,    239.661,
   18,       43.3,    180.950,     244.266,    245.137,
   19,       45.8,    180.887,     249.604,    250.534,
   20,       48.3,    180.887,     254.856,    255.845,
   21,       50.8,    180.947,     260.574,    261.063,
   22,       53.3,    180.905,     265.609,    266.181,
   23,       55.8,    180.977,     271.030,    271.193,
   24,       58.3,    180.842,     276.485,    276.090,
   25,       60.8,    180.928,     280.775,    280.872,
   26,       63.3,    181.059,     285.818,    285.535,
   27,       65.8,    180.969,     290.934,    290.070,
   28,       68.3,    181.048,     294.121,    294.479,
   29,       70.8,    181.078,     300.424,    298.757,
   30,       73.3,    181.040,     303.800,    302.901,
   31,       75.8,    180.962,     306.971,    306.910,
   32,       78.3,    180.913,     311.476,    310.783,
   33,       80.8,    180.958,     315.267,    314.521,
   34,       83.3,    180.913,     319.214,    318.123,
   35,       85.8,    180.913,     323.360,    321.591,
   36,       88.3,    180.999,     325.969,    324.927,
   37,       90.8,    181.003,     329.001,    328.130,
   38,       93.3,    181.081,     330.790,    331.204,
   39,       95.8,    181.029,     333.096,    334.150,
   40,       98.3,    181.051,     337.749,    336.970,
   41,      100.8,    181.078,     339.081,    339.667,
   42,      103.3,    181.085,     342.380,    342.244,
   43,      105.8,    180.992,     346.149,    344.704,
   44,      108.3,    180.943,     346.795,    347.049,
   45,      110.8,    180.947,     348.169,    349.284,
   46,      113.3,    180.935,     351.783,    351.413,
   47,      115.8,    181.033,     353.803,    353.438,
   48,      118.3,    181.007,     355.512,    355.364,
   49,      120.8,    181.059,     355.961,    357.194,
   50,      123.3,    181.059,     357.894,    358.931,
   51,      125.8,    181.096,     360.029,    360.580,
   52,      128.3,    181.066,     361.193,    362.144,
   53,      130.8,    180.995,     362.440,    363.625,
   54,      133.3,    181.111,     364.417,    365.029,
   55,      135.8,    181.081,     366.962,    366.357,
   56,      138.3,    180.999,     366.853,    367.615,
   57,      140.8,    180.973,     368.564,    368.804,
   58,      143.3,    181.059,     369.769,    369.928,
   59,      145.8,    180.939,     370.843,    370.990,
   60,      148.3,    181.089,     372.469,    371.994,
   61,      150.8,    181.036,     373.129,    372.941,
   62,      153.3,    181.156,     374.262,    373.836,
   63,      155.8,    181.040,     374.779,    374.680,
   64,      158.3,    181.044,     375.876,    375.476,
   65,      160.8,    180.995,     375.977,    376.227,
   66,      163.3,    181.078,     377.738,    376.934,
   67,      165.8,    181.074,     378.575,    377.601,
   68,      168.3,    180.939,     378.580,    378.230,
   69,      170.8,    181.048,     379.182,    378.822,
   70,      175.8,    179.954,     380.653,    380.322,
----,
DateTime:        , 2025/11/20, 10:32:32, 1763649151829,
RFID_EPC:        ,--Not Acquired--,
RFID_UserData:   ,--Not Acquired--,
Barcode:         ,--Not Acquired--,
PIF:,            0.00,
PARs:,            0.0,     0.0,     0.0,     0.0,     0.0,     0.0,
Light:,           0.0,     0.0,     0.0,     0.0,     0.0,     0.0,
Cycles:,            1,
                    1,      69,      70,      70,
Lamps:,        #10000,
Gain:,              2,     100, 
SNR_raw:,     299.54,
Position:,        0.0,              0.0,   NoData,
DataPt,      Time(us),   EX,         EM,       Fit,
==========,==========,==========,==========,=========,
    0,        0.0,      0.000,       0.000,    147.424,
    1,        0.8,    161.366,     145.012,    151.549,
    2,        3.3,    180.588,     155.871,    156.413,
    3,        5.8,    180.584,     165.574,    161.504,
    4,        8.3,    180.644,     169.394,    166.776,
    5,       10.8,    180.569,     174.448,    172.187,
    6,       13.3,    180.756,     180.077,    177.709,
    7,       15.8,    180.622,     183.810,    183.306,
    8,       18.3,    180.768,     189.193,    188.958,
    9,       20.8,    180.809,     194.681,    194.641,
   10,       23.3,    180.861,     200.153,    200.337,
   11,       25.8,    180.771,     206.061,    206.026,
   12,       28.3,    180.880,     211.466,    211.697,
   13,       30.8,    180.865,     215.630,    217.334,
   14,       33.3,    180.779,     222.924,    222.925,
   15,       35.8,    180.876,     227.504,    228.461,
   16,       38.3,    180.929,     232.965,    233.934,
   17,       40.8,    180.880,     238.279,    239.333,
   18,       43.3,    180.869,     242.994,    244.650,
   19,       45.8,    180.820,     249.419,    249.878,
   20,       48.3,    180.966,     253.362,    255.015,
   21,       50.8,    181.034,     258.792,    260.054,
   22,       53.3,    180.974,     263.022,    264.988,
   23,       55.8,    180.918,     270.289,    269.812,
   24,       58.3,    180.918,     274.987,    274.525,
   25,       60.8,    180.955,     280.456,    279.122,
   26,       63.3,    180.914,     283.837,    283.602,
   27,       65.8,    180.948,     287.652,    287.962,
   28,       68.3,    180.933,     293.203,    292.200,
   29,       70.8,    180.906,     296.010,    296.316,
   30,       73.3,    180.948,     301.192,    300.308,
   31,       75.8,    180.962,     305.312,    304.176,
   32,       78.3,    181.037,     309.052,    307.922,
   33,       80.8,    181.011,     312.412,    311.544,
   34,       83.3,    181.049,     314.832,    315.043,
   35,       85.8,    181.041,     318.712,    318.420,
   36,       88.3,    180.974,     322.699,    321.677,
   37,       90.8,    181.022,     325.650,    324.814,
   38,       93.3,    181.000,     327.901,    327.833,
   39,       95.8,    181.011,     331.195,    330.738,
   40,       98.3,    180.940,     332.983,    333.528,
   41,      100.8,    180.948,     336.009,    336.208,
   42,      103.3,    181.026,     339.730,    338.779,
   43,      105.8,    181.052,     341.890,    341.245,
   44,      108.3,    181.015,     344.170,    343.608,
   45,      110.8,    181.075,     345.989,    345.870,
   46,      113.3,    181.060,     347.951,    348.035,
   47,      115.8,    181.112,     351.163,    350.106,
   48,      118.3,    180.962,     351.454,    352.084,
   49,      120.8,    181.045,     353.503,    353.974,
   50,      123.3,    180.985,     355.278,    355.778,
   51,      125.8,    180.981,     356.114,    357.499,
   52,      128.3,    181.022,     357.690,    359.141,
   53,      130.8,    181.052,     360.117,    360.706,
   54,      133.3,    181.082,     361.990,    362.197,
   55,      135.8,    181.060,     363.139,    363.616,
   56,      138.3,    181.142,     363.526,    364.968,
   57,      140.8,    181.067,     366.714,    366.254,
   58,      143.3,    181.116,     368.272,    367.478,
   59,      145.8,    181.019,     368.746,    368.641,
   60,      148.3,    181.056,     370.051,    369.747,
   61,      150.8,    181.015,     370.688,    370.798,
   62,      153.3,    180.981,     371.033,    371.796,
   63,      155.8,    181.064,     371.969,    372.744,
   64,      158.3,    181.075,     374.431,    373.643,
   65,      160.8,    181.127,     373.218,    374.497,
   66,      163.3,    181.075,     374.707,    375.307,
   67,      165.8,    181.169,     376.445,    376.075,
   68,      168.3,    181.139,     377.335,    376.803,
   69,      170.8,    181.112,     378.494,    377.495,
   70,      175.8,    179.868,     380.278,    379.441,
----,
DateTime:        , 2025/11/20, 10:32:48, 1763649168374,
RFID_EPC:        ,--Not Acquired--,
RFID_UserData:   ,--Not Acquired--,
Barcode:         ,--Not Acquired--,
PIF:,            0.00,
PARs:,            0.0,     0.0,     0.0,     0.0,     0.0,     0.0,
Light:,           0.0,     0.0,     0.0,     0.0,     0.0,     0.0,
Cycles:,            1,
                    1,      69,      70,      70,
Lamps:,        #10000,
Gain:,              2,     100, 
SNR_raw:,     344.10,
Position:,        0.0,              0.0,   NoData,
DataPt,      Time(us),   EX,         EM,       Fit,
==========,==========,==========,==========,=========,
    0,        0.0,      0.000,       0.000,    145.821,
    1,        0.8,    161.441,     144.325,    150.548,
    2,        3.3,    180.519,     155.216,    155.958,
    3,        5.8,    180.661,     164.949,    161.488,
    4,        8.3,    180.703,     170.722,    167.110,
    5,       10.8,    180.721,     174.855,    172.806,
    6,       13.3,    180.744,     179.259,    178.555,
    7,       15.8,    180.789,     185.576,    184.340,
    8,       18.3,    180.740,     191.435,    190.144,
    9,       20.8,    180.744,     197.240,    195.953,
   10,       23.3,    180.796,     201.608,    201.755,
   11,       25.8,    180.748,     207.472,    207.534,
   12,       28.3,    180.894,     212.556,    213.284,
   13,       30.8,    180.890,     218.365,    218.990,
   14,       33.3,    180.931,     223.289,    224.644,
   15,       35.8,    180.939,     228.530,    230.235,
   16,       38.3,    181.017,     233.955,    235.756,
   17,       40.8,    180.849,     239.979,    241.195,
   18,       43.3,    180.954,     244.538,    246.550,
   19,       45.8,    180.909,     249.850,    251.811,
   20,       48.3,    180.898,     254.564,    256.973,
   21,       50.8,    180.845,     261.273,    262.031,
   22,       53.3,    180.875,     266.482,    266.982,
   23,       55.8,    180.999,     272.654,    271.823,
   24,       58.3,    181.006,     276.786,    276.548,
   25,       60.8,    180.965,     282.099,    281.154,
   26,       63.3,    180.984,     285.937,    285.639,
   27,       65.8,    181.040,     290.544,    290.002,
   28,       68.3,    181.021,     295.822,    294.240,
   29,       70.8,    181.014,     298.872,    298.352,
   30,       73.3,    180.901,     304.033,    302.337,
   31,       75.8,    180.999,     306.356,    306.196,
   32,       78.3,    180.894,     311.509,    309.928,
   33,       80.8,    180.898,     313.990,    313.534,
   34,       83.3,    180.984,     318.813,    317.017,
   35,       85.8,    180.972,     321.043,    320.376,
   36,       88.3,    181.055,     324.487,    323.614,
   37,       90.8,    181.059,     327.242,    326.731,
   38,       93.3,    181.059,     330.556,    329.730,
   39,       95.8,    181.062,     332.758,    332.613,
   40,       98.3,    181.006,     336.453,    335.381,
   41,      100.8,    180.961,     338.747,    338.037,
   42,      103.3,    181.032,     340.547,    340.585,
   43,      105.8,    181.006,     342.253,    343.027,
   44,      108.3,    180.965,     343.989,    345.365,
   45,      110.8,    181.059,     347.125,    347.603,
   46,      113.3,    180.999,     349.174,    349.743,
   47,      115.8,    181.066,     351.253,    351.789,
   48,      118.3,    181.047,     352.670,    353.744,
   49,      120.8,    181.055,     355.969,    355.611,
   50,      123.3,    181.055,     356.798,    357.392,
   51,      125.8,    181.085,     358.119,    359.091,
   52,      128.3,    180.976,     359.716,    360.711,
   53,      130.8,    181.021,     361.560,    362.254,
   54,      133.3,    180.969,     363.599,    363.725,
   55,      135.8,    181.017,     365.158,    365.124,
   56,      138.3,    181.047,     365.926,    366.456,
   57,      140.8,    181.092,     367.768,    367.724,
   58,      143.3,    181.032,     367.890,    368.929,
   59,      145.8,    180.946,     369.723,    370.075,
   60,      148.3,    181.066,     370.307,    371.164,
   61,      150.8,    181.092,     370.529,    372.198,
   62,      153.3,    181.051,     372.823,    373.181,
   63,      155.8,    180.980,     374.351,    374.114,
   64,      158.3,    181.032,     376.176,    374.999,
   65,      160.8,    180.991,     375.709,    375.840,
   66,      163.3,    181.017,     377.588,    376.637,
   67,      165.8,    180.957,     378.818,    377.393,
   68,      168.3,    181.055,     379.443,    378.110,
   69,      170.8,    181.044,     378.914,    378.790,
   70,      175.8,    179.957,     380.924,    380.417,
----,
DateTime:        , 2025/11/20, 10:33:05, 1763649184923,
RFID_EPC:        ,--Not Acquired--,
RFID_UserData:   ,--Not Acquired--,
Barcode:         ,--Not Acquired--,
PIF:,            0.00,
PARs:,            0.0,     0.0,     0.0,     0.0,     0.0,     0.0,
Light:,           0.0,     0.0,     0.0,     0.0,     0.0,     0.0,
Cycles:,            1,
                    1,      69,      70,      70,
Lamps:,        #10000,
Gain:,              2,     100, 
SNR_raw:,     244.91,
Position:,        0.0,              0.0,   NoData,
DataPt,      Time(us),   EX,         EM,       Fit,
==========,==========,==========,==========,=========,
    0,        0.0,      0.000,       0.000,    144.795,
    1,        0.8,    161.347,     144.100,    149.800,
    2,        3.3,    180.560,     155.006,    155.450,
    3,        5.8,    180.575,     164.752,    161.146,
    4,        8.3,    180.601,     170.265,    166.881,
    5,       10.8,    180.590,     174.152,    172.644,
    6,       13.3,    180.698,     179.858,    178.433,
    7,       15.8,    180.807,     185.557,    184.238,
    8,       18.3,    180.777,     189.737,    190.048,
    9,       20.8,    180.826,     195.769,    195.856,
   10,       23.3,    180.799,     201.605,    201.652,
   11,       25.8,    180.811,     207.123,    207.428,
   12,       28.3,    180.844,     212.061,    213.177,
   13,       30.8,    180.822,     219.277,    218.890,
   14,       33.3,    180.796,     223.457,    224.557,
   15,       35.8,    180.751,     227.938,    230.171,
   16,       38.3,    180.826,     233.927,    235.727,
   17,       40.8,    180.942,     240.409,    241.220,
   18,       43.3,    180.964,     245.076,    246.639,
   19,       45.8,    180.957,     251.165,    251.977,
   20,       48.3,    180.934,     256.999,    257.226,
   21,       50.8,    180.968,     262.477,    262.383,
   22,       53.3,    180.953,     266.368,    267.441,
   23,       55.8,    180.942,     272.740,    272.394,
   24,       58.3,    180.897,     277.783,    277.237,
   25,       60.8,    180.901,     283.305,    281.967,
   26,       63.3,    180.927,     286.304,    286.581,
   27,       65.8,    180.916,     292.125,    291.074,
   28,       68.3,    180.938,     295.681,    295.445,
   29,       70.8,    181.047,     301.580,    299.693,
   30,       73.3,    180.994,     304.430,    303.813,
   31,       75.8,    180.975,     309.710,    307.804,
   32,       78.3,    181.035,     312.922,    311.668,
   33,       80.8,    181.017,     315.441,    315.402,
   34,       83.3,    180.987,     318.808,    319.006,
   35,       85.8,    181.009,     321.807,    322.481,
   36,       88.3,    181.017,     327.042,    325.829,
   37,       90.8,    180.957,     329.084,    329.049,
   38,       93.3,    180.945,     333.250,    332.144,
   39,       95.8,    180.964,     335.978,    335.115,
   40,       98.3,    181.065,     338.828,    337.967,
   41,      100.8,    181.114,     339.841,    340.700,
   42,      103.3,    181.088,     345.136,    343.316,
   43,      105.8,    181.058,     344.641,    345.819,
   44,      108.3,    181.125,     347.825,    348.211,
   45,      110.8,    181.077,     349.852,    350.495,
   46,      113.3,    181.002,     353.312,    352.673,
   47,      115.8,    181.005,     353.304,    354.751,
   48,      118.3,    180.964,     355.871,    356.729,
   49,      120.8,    180.968,     358.074,    358.613,
   50,      123.3,    180.990,     361.621,    360.406,
   51,      125.8,    181.005,     361.315,    362.111,
   52,      128.3,    181.009,     363.794,    363.731,
   53,      130.8,    181.069,     363.121,    365.271,
   54,      133.3,    181.062,     365.621,    366.732,
   55,      135.8,    181.148,     366.551,    368.119,
   56,      138.3,    181.084,     367.509,    369.433,
   57,      140.8,    181.009,     370.976,    370.679,
   58,      143.3,    180.975,     371.045,    371.859,
   59,      145.8,    181.073,     373.054,    372.977,
   60,      148.3,    181.009,     374.290,    374.035,
   61,      150.8,    181.032,     374.796,    375.036,
   62,      153.3,    181.035,     376.446,    375.983,
   63,      155.8,    181.137,     378.444,    376.879,
   64,      158.3,    181.129,     379.011,    377.726,
   65,      160.8,    181.107,     378.782,    378.526,
   66,      163.3,    181.069,     379.413,    379.282,
   67,      165.8,    181.125,     381.780,    379.996,
   68,      168.3,    181.073,     381.614,    380.669,
   69,      170.8,    181.028,     382.814,    381.306,
   70,      175.8,    179.953,     382.045,    382.017,
----,
DateTime:        , 2025/11/20, 10:33:21, 1763649201415,
RFID_EPC:        ,--Not Acquired--,
RFID_UserData:   ,--Not Acquired--,
Barcode:         ,--Not Acquired--,
PIF:,            0.00,
PARs:,            0.0,     0.0,     0.0,     0.0,     0.0,     0.0,
Light:,           0.0,     0.0,     0.0,     0.0,     0.0,     0.0,
Cycles:,            1,
                    1,      69,      70,      70,
Lamps:,        #10000,
Gain:,              2,     100, 
SNR_raw:,     283.45,
Position:,        0.0,              0.0,   NoData,
DataPt,      Time(us),   EX,         EM,       Fit,
==========,==========,==========,==========,=========,
    0,        0.0,      0.000,       0.000,    146.281,
    1,        0.8,    161.526,     144.250,    150.982,
    2,        3.3,    180.531,     155.764,    156.361,
    3,        5.8,    180.659,     166.059,    161.863,
    4,        8.3,    180.673,     170.473,    167.464,
    5,       10.8,    180.677,     174.898,    173.145,
    6,       13.3,    180.707,     180.402,    178.890,
    7,       15.8,    180.790,     185.298,    184.684,
    8,       18.3,    180.748,     192.256,    190.507,
    9,       20.8,    180.846,     197.129,    196.350,
   10,       23.3,    180.790,     202.445,    202.195,
   11,       25.8,    180.793,     207.696,    208.029,
   12,       28.3,    180.786,     213.236,    213.842,
   13,       30.8,    180.778,     219.053,    219.622,
   14,       33.3,    180.872,     223.362,    225.361,
   15,       35.8,    180.865,     229.453,    231.046,
   16,       38.3,    180.902,     234.657,    236.669,
   17,       40.8,    180.857,     240.245,    242.219,
   18,       43.3,    180.895,     246.829,    247.690,
   19,       45.8,    180.977,     251.690,    253.077,
   20,       48.3,    180.883,     256.795,    258.367,
   21,       50.8,    180.984,     263.835,    263.560,
   22,       53.3,    181.063,     268.415,    268.649,
   23,       55.8,    180.977,     273.239,    273.625,
   24,       58.3,    180.913,     278.587,    278.485,
   25,       60.8,    180.992,     283.438,    283.227,
   26,       63.3,    180.936,     289.329,    287.847,
   27,       65.8,    180.906,     292.970,    292.341,
   28,       68.3,    180.951,     298.700,    296.708,
   29,       70.8,    180.917,     302.625,    300.947,
   30,       73.3,    180.928,     306.199,    305.055,
   31,       75.8,    180.999,     308.288,    309.035,
   32,       78.3,    181.022,     312.669,    312.884,
   33,       80.8,    181.067,     317.562,    316.603,
   34,       83.3,    181.033,     321.488,    320.191,
   35,       85.8,    181.082,     324.163,    323.651,
   36,       88.3,    180.969,     328.232,    326.981,
   37,       90.8,    180.996,     329.842,    330.186,
   38,       93.3,    180.999,     332.598,    333.266,
   39,       95.8,    180.951,     335.727,    336.224,
   40,       98.3,    180.913,     339.113,    339.062,
   41,      100.8,    180.924,     341.303,    341.782,
   42,      103.3,    181.089,     344.581,    344.389,
   43,      105.8,    181.048,     346.593,    346.884,
   44,      108.3,    181.078,     349.297,    349.271,
   45,      110.8,    181.108,     350.895,    351.552,
   46,      113.3,    181.044,     354.333,    353.730,
   47,      115.8,    181.003,     355.795,    355.808,
   48,      118.3,    181.014,     358.811,    357.791,
   49,      120.8,    180.988,     359.416,    359.681,
   50,      123.3,    180.992,     360.790,    361.481,
   51,      125.8,    180.981,     362.470,    363.195,
   52,      128.3,    181.074,     366.148,    364.827,
   53,      130.8,    181.112,     366.624,    366.379,
   54,      133.3,    180.977,     366.898,    367.854,
   55,      135.8,    181.052,     368.679,    369.256,
   56,      138.3,    181.119,     369.370,    370.587,
   57,      140.8,    181.161,     370.942,    371.851,
   58,      143.3,    181.033,     372.860,    373.051,
   59,      145.8,    181.018,     374.548,    374.189,
   60,      148.3,    181.059,     373.358,    375.269,
   61,      150.8,    181.022,     376.198,    376.292,
   62,      153.3,    180.924,     376.676,    377.262,
   63,      155.8,    180.977,     377.949,    378.181,
   64,      158.3,    181.029,     378.392,    379.051,
   65,      160.8,    180.924,     380.545,    379.875,
   66,      163.3,    181.101,     380.452,    380.655,
   67,      165.8,    181.082,     381.319,    381.393,
   68,      168.3,    181.161,     383.914,    382.091,
   69,      170.8,    181.048,     384.428,    382.752,
   70,      175.8,    179.902,     384.654,    384.378,
----,
DateTime:        , 2025/11/20, 10:33:38, 1763649217952,
RFID_EPC:        ,--Not Acquired--,
RFID_UserData:   ,--Not Acquired--,
Barcode:         ,--Not Acquired--,
PIF:,            0.00,
PARs:,            0.0,     0.0,     0.0,     0.0,     0.0,     0.0,
Light:,           0.0,     0.0,     0.0,     0.0,     0.0,     0.0,
Cycles:,            1,
                    1,      69,      70,      70,
Lamps:,        #10000,
Gain:,              2,     100, 
SNR_raw:,     272.32,
Position:,        0.0,              0.0,   NoData,
DataPt,      Time(us),   EX,         EM,       Fit,
==========,==========,==========,==========,=========,
    0,        0.0,      0.000,       0.000,    145.859,
    1,        0.8,    161.303,     144.448,    150.872,
    2,        3.3,    180.591,     156.478,    156.544,
    3,        5.8,    180.598,     167.222,    162.270,
    4,        8.3,    180.730,     170.144,    168.044,
    5,       10.8,    180.655,     176.580,    173.851,
    6,       13.3,    180.733,     180.653,    179.685,
    7,       15.8,    180.688,     185.679,    185.534,
    8,       18.3,    180.726,     191.450,    191.389,
    9,       20.8,    180.730,     196.979,    197.242,
   10,       23.3,    180.741,     202.500,    203.083,
   11,       25.8,    180.879,     209.255,    208.906,
   12,       28.3,    180.924,     214.731,    214.701,
   13,       30.8,    180.906,     219.175,    220.456,
   14,       33.3,    180.928,     223.846,    226.164,
   15,       35.8,    180.857,     229.740,    231.815,
   16,       38.3,    180.827,     236.967,    237.402,
   17,       40.8,    180.879,     243.256,    242.919,
   18,       43.3,    180.834,     247.464,    248.357,
   19,       45.8,    180.909,     253.442,    253.713,
   20,       48.3,    180.823,     257.987,    258.976,
   21,       50.8,    180.939,     263.624,    264.145,
   22,       53.3,    180.924,     268.620,    269.212,
   23,       55.8,    181.014,     274.288,    274.174,
   24,       58.3,    180.996,     279.289,    279.024,
   25,       60.8,    180.966,     284.861,    283.759,
   26,       63.3,    180.988,     289.798,    288.375,
   27,       65.8,    181.011,     293.353,    292.871,
   28,       68.3,    181.018,     298.037,    297.242,
   29,       70.8,    180.936,     302.317,    301.486,
   30,       73.3,    180.981,     306.110,    305.604,
   31,       75.8,    180.977,     310.261,    309.594,
   32,       78.3,    180.894,     314.825,    313.453,
   33,       80.8,    181.014,     317.378,    317.185,
   34,       83.3,    181.011,     320.423,    320.789,
   35,       85.8,    181.100,     324.406,    324.267,
   36,       88.3,    181.056,     328.076,    327.616,
   37,       90.8,    181.059,     330.831,    330.840,
   38,       93.3,    181.011,     334.787,    333.940,
   39,       95.8,    180.951,     336.280,    336.917,
   40,       98.3,    181.041,     339.979,    339.775,
   41,      100.8,    181.018,     343.888,    342.515,
   42,      103.3,    180.909,     346.859,    345.139,
   43,      105.8,    181.007,     346.396,    347.652,
   44,      108.3,    181.011,     349.427,    350.056,
   45,      110.8,    180.984,     352.793,    352.354,
   46,      113.3,    181.071,     351.797,    354.549,
   47,      115.8,    181.059,     355.685,    356.644,
   48,      118.3,    181.123,     357.216,    358.642,
   49,      120.8,    181.048,     360.954,    360.547,
   50,      123.3,    180.943,     361.716,    362.360,
   51,      125.8,    181.018,     364.052,    364.087,
   52,      128.3,    181.044,     365.380,    365.730,
   53,      130.8,    180.999,     368.510,    367.292,
   54,      133.3,    180.996,     368.241,    368.777,
   55,      135.8,    181.026,     370.113,    370.188,
   56,      138.3,    181.003,     370.988,    371.528,
   57,      140.8,    181.134,     372.928,    372.800,
   58,      143.3,    181.074,     373.880,    374.006,
   59,      145.8,    181.097,     375.490,    375.151,
   60,      148.3,    181.164,     376.454,    376.236,
   61,      150.8,    181.082,     375.797,    377.263,
   62,      153.3,    181.037,     378.928,    378.237,
   63,      155.8,    180.977,     378.778,    379.159,
   64,      158.3,    180.936,     381.075,    380.032,
   65,      160.8,    181.056,     381.927,    380.858,
   66,      163.3,    181.033,     380.870,    381.640,
   67,      165.8,    181.093,     382.676,    382.379,
   68,      168.3,    181.063,     383.568,    383.079,
   69,      170.8,    181.097,     384.325,    383.740,
   70,      175.8,    179.950,     385.106,    384.933,
----,
DateTime:        , 2025/11/20, 10:33:54, 1763649234496,
RFID_EPC:        ,--Not Acquired--,
RFID_UserData:   ,--Not Acquired--,
Barcode:         ,--Not Acquired--,
PIF:,            0.00,
PARs:,            0.0,     0.0,     0.0,     0.0,     0.0,     0.0,
Light:,           0.0,     0.0,     0.0,     0.0,     0.0,     0.0,
Cycles:,            1,
                    1,      69,      70,      70,
Lamps:,        #10000,
Gain:,              2,     100, 
SNR_raw:,     278.45,
Position:,        0.0,              0.0,   NoData,
DataPt,      Time(us),   EX,         EM,       Fit,
==========,==========,==========,==========,=========,
    0,        0.0,      0.000,       0.000,    147.736,
    1,        0.8,    161.356,     147.190,    152.560,
    2,        3.3,    180.584,     158.055,    158.055,
    3,        5.8,    180.614,     167.761,    163.643,
    4,        8.3,    180.745,     172.619,    169.313,
    5,       10.8,    180.719,     175.964,    175.047,
    6,       13.3,    180.764,     182.835,    180.834,
    7,       15.8,    180.666,     186.809,    186.657,
    8,       18.3,    180.745,     191.983,    192.509,
    9,       20.8,    180.782,     198.028,    198.377,
   10,       23.3,    180.782,     204.389,    204.248,
   11,       25.8,    180.839,     210.685,    210.111,
   12,       28.3,    180.865,     215.078,    215.956,
   13,       30.8,    180.857,     220.339,    221.770,
   14,       33.3,    180.876,     225.292,    227.544,
   15,       35.8,    180.977,     231.797,    233.270,
   16,       38.3,    180.955,     237.076,    238.936,
   17,       40.8,    180.958,     243.702,    244.534,
   18,       43.3,    180.820,     250.802,    250.050,
   19,       45.8,    180.899,     253.457,    255.483,
   20,       48.3,    180.940,     260.308,    260.824,
   21,       50.8,    180.958,     264.978,    266.066,
   22,       53.3,    180.850,     271.496,    271.200,
   23,       55.8,    181.007,     276.785,    276.226,
   24,       58.3,    181.000,     281.216,    281.136,
   25,       60.8,    180.996,     285.365,    285.924,
   26,       63.3,    180.951,     291.239,    290.586,
   27,       65.8,    181.018,     296.102,    295.121,
   28,       68.3,    180.992,     300.842,    299.525,
   29,       70.8,    181.022,     306.040,    303.796,
   30,       73.3,    180.910,     308.717,    307.930,
   31,       75.8,    180.981,     314.121,    311.930,
   32,       78.3,    180.846,     318.226,    315.791,
   33,       80.8,    180.970,     320.219,    319.519,
   34,       83.3,    180.966,     324.370,    323.110,
   35,       85.8,    180.977,     328.218,    326.567,
   36,       88.3,    181.045,     330.029,    329.892,
   37,       90.8,    181.048,     333.612,    333.084,
   38,       93.3,    181.067,     335.787,    336.147,
   39,       95.8,    181.075,     338.534,    339.081,
   40,       98.3,    181.075,     342.952,    341.891,
   41,      100.8,    180.929,     344.611,    344.577,
   42,      103.3,    180.996,     346.417,    347.144,
   43,      105.8,    180.992,     349.186,    349.595,
   44,      108.3,    180.944,     351.767,    351.933,
   45,      110.8,    180.932,     353.171,    354.161,
   46,      113.3,    181.033,     356.840,    356.283,
   47,      115.8,    181.108,     357.521,    358.304,
   48,      118.3,    181.082,     359.229,    360.226,
   49,      120.8,    181.067,     360.640,    362.052,
   50,      123.3,    181.138,     362.982,    363.787,
   51,      125.8,    181.007,     363.798,    365.433,
   52,      128.3,    180.996,     364.097,    366.995,
   53,      130.8,    181.007,     369.322,    368.475,
   54,      133.3,    181.056,     368.947,    369.878,
   55,      135.8,    181.026,     372.046,    371.207,
   56,      138.3,    180.992,     371.839,    372.465,
   57,      140.8,    181.056,     373.089,    373.656,
   58,      143.3,    181.048,     373.933,    374.782,
   59,      145.8,    181.093,     375.773,    375.846,
   60,      148.3,    181.097,     376.317,    376.853,
   61,      150.8,    181.000,     378.177,    377.803,
   62,      153.3,    181.071,     378.581,    378.701,
   63,      155.8,    181.041,     379.748,    379.548,
   64,      158.3,    180.958,     381.579,    380.348,
   65,      160.8,    181.041,     381.958,    381.103,
   66,      163.3,    181.067,     383.559,    381.815,
   67,      165.8,    180.977,     384.855,    382.487,
   68,      168.3,    180.973,     384.863,    383.120,
   69,      170.8,    181.082,     385.184,    383.716,
   70,      175.8,    179.891,     384.956,    384.908,
----,
DateTime:        , 2025/11/20, 10:34:11, 1763649250985,
RFID_EPC:        ,--Not Acquired--,
RFID_UserData:   ,--Not Acquired--,
Barcode:         ,--Not Acquired--,
PIF:,            0.00,
PARs:,            0.0,     0.0,     0.0,     0.0,     0.0,     0.0,
Light:,           0.0,     0.0,     0.0,     0.0,     0.0,     0.0,
Cycles:,            1,
                    1,      69,      70,      70,
Lamps:,        #10000,
Gain:,              2,     100, 
SNR_raw:,     311.52,
Position:,        0.0,              0.0,   NoData,
DataPt,      Time(us),   EX,         EM,       Fit,
==========,==========,==========,==========,=========,
    0,        0.0,      0.000,       0.000,    146.852,
    1,        0.8,    161.281,     145.398,    151.933,
    2,        3.3,    180.632,     157.319,    157.690,
    3,        5.8,    180.699,     167.959,    163.509,
    4,        8.3,    180.718,     173.198,    169.379,
    5,       10.8,    180.707,     177.359,    175.287,
    6,       13.3,    180.767,     182.556,    181.225,
    7,       15.8,    180.771,     188.913,    187.179,
    8,       18.3,    180.741,     193.094,    193.139,
    9,       20.8,    180.681,     197.309,    199.094,
   10,       23.3,    180.763,     204.135,    205.038,
   11,       25.8,    180.823,     210.980,    210.960,
   12,       28.3,    180.883,     216.991,    216.850,
   13,       30.8,    180.849,     221.455,    222.698,
   14,       33.3,    180.965,     227.115,    228.499,
   15,       35.8,    180.999,     232.598,    234.241,
   16,       38.3,    180.842,     238.053,    239.911,
   17,       40.8,    180.890,     244.070,    245.507,
   18,       43.3,    180.898,     250.141,    251.021,
   19,       45.8,    180.935,     255.892,    256.448,
   20,       48.3,    180.932,     261.425,    261.779,
   21,       50.8,    180.969,     267.725,    267.009,
   22,       53.3,    180.939,     272.191,    272.133,
   23,       55.8,    181.055,     276.987,    277.148,
   24,       58.3,    180.932,     282.703,    282.044,
   25,       60.8,    180.935,     286.566,    286.822,
   26,       63.3,    181.040,     291.924,    291.479,
   27,       65.8,    181.070,     295.741,    296.011,
   28,       68.3,    180.887,     300.464,    300.412,
   29,       70.8,    180.965,     306.412,    304.686,
   30,       73.3,    180.898,     309.843,    308.828,
   31,       75.8,    180.887,     314.562,    312.839,
   32,       78.3,    180.913,     317.832,    316.719,
   33,       80.8,    181.003,     321.542,    320.470,
   34,       83.3,    181.078,     325.275,    324.090,
   35,       85.8,    180.988,     329.028,    327.580,
   36,       88.3,    181.093,     331.874,    330.942,
   37,       90.8,    181.085,     334.373,    334.176,
   38,       93.3,    180.995,     337.578,    337.285,
   39,       95.8,    181.018,     340.022,    340.270,
   40,       98.3,    180.969,     343.981,    343.133,
   41,      100.8,    180.999,     346.134,    345.879,
   42,      103.3,    181.014,     348.039,    348.508,
   43,      105.8,    180.939,     350.670,    351.025,
   44,      108.3,    180.939,     353.434,    353.431,
   45,      110.8,    181.029,     355.744,    355.732,
   46,      113.3,    181.048,     357.916,    357.929,
   47,      115.8,    181.093,     358.380,    360.025,
   48,      118.3,    181.149,     361.581,    362.026,
   49,      120.8,    181.040,     363.179,    363.931,
   50,      123.3,    181.040,     364.560,    365.746,
   51,      125.8,    181.052,     365.366,    367.474,
   52,      128.3,    180.980,     367.443,    369.118,
   53,      130.8,    180.995,     371.004,    370.681,
   54,      133.3,    180.898,     371.480,    372.166,
   55,      135.8,    181.022,     374.817,    373.578,
   56,      138.3,    181.022,     374.265,    374.918,
   57,      140.8,    181.059,     375.292,    376.191,
   58,      143.3,    181.085,     377.170,    377.398,
   59,      145.8,    181.104,     378.512,    378.543,
   60,      148.3,    181.123,     379.301,    379.629,
   61,      150.8,    181.112,     380.153,    380.658,
   62,      153.3,    181.037,     381.415,    381.633,
   63,      155.8,    180.977,     383.751,    382.556,
   64,      158.3,    180.992,     383.719,    383.430,
   65,      160.8,    180.935,     385.220,    384.257,
   66,      163.3,    181.044,     385.818,    385.040,
   67,      165.8,    180.984,     387.051,    385.781,
   68,      168.3,    181.070,     388.523,    386.482,
   69,      170.8,    181.010,     387.547,    387.144,
   70,      175.8,    179.913,     388.522,    388.395,
----,
DateTime:        , 2025/11/20, 10:34:27, 1763649267483,
RFID_EPC:        ,--Not Acquired--,
RFID_UserData:   ,--Not Acquired--,
Barcode:         ,--Not Acquired--,
PIF:,            0.00,
PARs:,            0.0,     0.0,     0.0,     0.0,     0.0,     0.0,
Light:,           0.0,     0.0,     0.0,     0.0,     0.0,     0.0,
Cycles:,            1,
                    1,      69,      70,      70,
Lamps:,        #10000,
Gain:,              2,     100, 
SNR_raw:,     361.25,
Position:,        0.0,              0.0,   NoData,
DataPt,      Time(us),   EX,         EM,       Fit,
==========,==========,==========,==========,=========,
    0,        0.0,      0.000,       0.000,    147.627,
    1,        0.8,    161.322,     146.601,    152.645,
    2,        3.3,    180.469,     158.660,    158.330,
    3,        5.8,    180.604,     169.431,    164.087,
    4,        8.3,    180.634,     172.725,    169.901,
    5,       10.8,    180.799,     177.269,    175.768,
    6,       13.3,    180.731,     181.485,    181.669,
    7,       15.8,    180.821,     188.031,    187.599,
    8,       18.3,    180.728,     193.938,    193.542,
    9,       20.8,    180.806,     199.661,    199.493,
   10,       23.3,    180.791,     204.656,    205.439,
   11,       25.8,    180.746,     211.622,    211.370,
   12,       28.3,    180.709,     216.093,    217.276,
   13,       30.8,    180.863,     221.162,    223.153,
   14,       33.3,    180.893,     227.483,    228.989,
   15,       35.8,    180.833,     233.918,    234.771,
   16,       38.3,    180.956,     239.008,    240.496,
   17,       40.8,    180.949,     244.544,    246.151,
   18,       43.3,    180.926,     251.207,    251.729,
   19,       45.8,    180.900,     258.430,    257.221,
   20,       48.3,    180.926,     262.262,    262.622,
   21,       50.8,    180.840,     266.810,    267.921,
   22,       53.3,    180.814,     272.933,    273.115,
   23,       55.8,    180.911,     278.590,    278.201,
   24,       58.3,    180.960,     283.764,    283.172,
   25,       60.8,    180.934,     288.780,    288.022,
   26,       63.3,    180.945,     293.183,    292.748,
   27,       65.8,    181.050,     298.536,    297.348,
   28,       68.3,    180.945,     302.026,    301.814,
   29,       70.8,    181.027,     306.860,    306.149,
   30,       73.3,    180.878,     311.813,    310.346,
   31,       75.8,    180.975,     315.513,    314.409,
   32,       78.3,    180.990,     319.355,    318.334,
   33,       80.8,    180.975,     322.973,    322.123,
   34,       83.3,    180.952,     325.776,    325.774,
   35,       85.8,    181.024,     330.067,    329.290,
   36,       88.3,    181.057,     333.044,    332.671,
   37,       90.8,    181.069,     336.889,    335.919,
   38,       93.3,    181.061,     338.284,    339.034,
   39,       95.8,    181.012,     342.518,    342.020,
   40,       98.3,    181.065,     345.456,    344.879,
   41,      100.8,    181.027,     347.185,    347.613,
   42,      103.3,    180.979,     349.489,    350.225,
   43,      105.8,    180.941,     352.601,    352.718,
   44,      108.3,    181.042,     354.889,    355.097,
   45,      110.8,    180.915,     356.245,    357.364,
   46,      113.3,    180.994,     358.300,    359.523,
   47,      115.8,    181.061,     362.032,    361.578,
   48,      118.3,    181.099,     363.338,    363.532,
   49,      120.8,    181.080,     364.756,    365.389,
   50,      123.3,    181.110,     366.076,    367.152,
   51,      125.8,    181.084,     367.510,    368.825,
   52,      128.3,    181.125,     370.187,    370.412,
   53,      130.8,    180.990,     371.015,    371.915,
   54,      133.3,    181.057,     372.258,    373.340,
   55,      135.8,    181.057,     373.086,    374.688,
   56,      138.3,    180.982,     375.727,    375.964,
   57,      140.8,    180.994,     376.809,    377.171,
   58,      143.3,    181.001,     378.174,    378.312,
   59,      145.8,    181.076,     380.503,    379.391,
   60,      148.3,    181.117,     379.036,    380.410,
   61,      150.8,    181.102,     381.828,    381.372,
   62,      153.3,    181.091,     382.680,    382.280,
   63,      155.8,    181.129,     383.705,    383.138,
   64,      158.3,    181.136,     384.242,    383.946,
   65,      160.8,    180.986,     385.112,    384.708,
   66,      163.3,    181.076,     386.854,    385.427,
   67,      165.8,    181.027,     388.891,    386.105,
   68,      168.3,    181.076,     387.682,    386.743,
   69,      170.8,    181.065,     389.087,    387.344,
   70,      175.8,    179.888,     387.740,    388.087,
----,
DateTime:        , 2025/11/20, 10:34:44, 1763649283959,
RFID_EPC:        ,--Not Acquired--,
RFID_UserData:   ,--Not Acquired--,
Barcode:         ,--Not Acquired--,
PIF:,            0.00,
PARs:,            0.0,     0.0,     0.0,     0.0,     0.0,     0.0,
Light:,           0.0,     0.0,     0.0,     0.0,     0.0,     0.0,
Cycles:,            1,
                    1,      69,      70,      70,
Lamps:,        #10000,
Gain:,              2,     100, 
SNR_raw:,     341.40,
Position:,        0.0,              0.0,   NoData,
DataPt,      Time(us),   EX,         EM,       Fit,
==========,==========,==========,==========,=========,
    0,        0.0,      0.000,       0.000,    149.060,
    1,        0.8,    161.415,     148.375,    154.216,
    2,        3.3,    180.519,     159.756,    160.043,
    3,        5.8,    180.669,     169.924,    165.931,
    4,        8.3,    180.564,     174.176,    171.862,
    5,       10.8,    180.620,     179.659,    177.828,
    6,       13.3,    180.643,     185.726,    183.820,
    7,       15.8,    180.665,     190.130,    189.825,
    8,       18.3,    180.778,     196.097,    195.837,
    9,       20.8,    180.871,     201.524,    201.845,
   10,       23.3,    180.842,     208.193,    207.834,
   11,       25.8,    180.845,     214.825,    213.797,
   12,       28.3,    180.871,     218.664,    219.724,
   13,       30.8,    180.819,     224.534,    225.604,
   14,       33.3,    180.812,     230.350,    231.430,
   15,       35.8,    180.752,     234.853,    237.192,
   16,       38.3,    180.842,     241.095,    242.886,
   17,       40.8,    180.849,     247.444,    248.502,
   18,       43.3,    180.830,     253.829,    254.032,
   19,       45.8,    180.898,     258.157,    259.472,
   20,       48.3,    180.931,     263.912,    264.816,
   21,       50.8,    181.010,     269.046,    270.057,
   22,       53.3,    180.999,     275.692,    275.190,
   23,       55.8,    181.029,     280.618,    280.209,
   24,       58.3,    180.920,     286.038,    285.108,
   25,       60.8,    180.946,     290.417,    289.887,
   26,       63.3,    180.946,     295.391,    294.541,
   27,       65.8,    180.946,     300.365,    299.068,
   28,       68.3,    180.879,     304.347,    303.465,
   29,       70.8,    180.958,     308.636,    307.734,
   30,       73.3,    181.025,     312.111,    311.872,
   31,       75.8,    181.070,     317.004,    315.878,
   32,       78.3,    180.976,     320.208,    319.751,
   33,       80.8,    181.048,     323.396,    323.492,
   34,       83.3,    181.074,     327.767,    327.103,
   35,       85.8,    180.965,     331.556,    330.581,
   36,       88.3,    180.980,     334.291,    333.931,
   37,       90.8,    180.988,     338.145,    337.153,
   38,       93.3,    181.003,     339.774,    340.250,
   39,       95.8,    180.973,     344.251,    343.223,
   40,       98.3,    180.976,     345.349,    346.075,
   41,      100.8,    180.999,     349.450,    348.809,
   42,      103.3,    181.137,     351.115,    351.429,
   43,      105.8,    181.018,     353.557,    353.935,
   44,      108.3,    181.055,     355.693,    356.332,
   45,      110.8,    181.111,     357.791,    358.622,
   46,      113.3,    181.048,     360.955,    360.809,
   47,      115.8,    181.074,     362.007,    362.896,
   48,      118.3,    181.040,     365.113,    364.886,
   49,      120.8,    181.048,     366.478,    366.782,
   50,      123.3,    181.014,     368.756,    368.588,
   51,      125.8,    180.984,     370.199,    370.308,
   52,      128.3,    181.014,     370.966,    371.944,
   53,      130.8,    181.115,     372.967,    373.500,
   54,      133.3,    181.119,     375.444,    374.979,
   55,      135.8,    181.033,     375.347,    376.384,
   56,      138.3,    181.070,     377.754,    377.718,
   57,      140.8,    181.123,     378.473,    378.985,
   58,      143.3,    181.003,     379.829,    380.187,
   59,      145.8,    181.003,     380.105,    381.326,
   60,      148.3,    181.078,     382.157,    382.407,
   61,      150.8,    180.984,     383.736,    383.432,
   62,      153.3,    181.003,     384.801,    384.402,
   63,      155.8,    181.036,     385.834,    385.322,
   64,      158.3,    181.108,     386.787,    386.193,
   65,      160.8,    181.029,     385.574,    387.017,
   66,      163.3,    181.149,     386.975,    387.797,
   67,      165.8,    181.063,     388.540,    388.535,
   68,      168.3,    181.070,     391.285,    389.234,
   69,      170.8,    181.048,     391.610,    389.894,
   70,      175.8,    179.882,     391.645,    391.228,
----,
DateTime:        , 2025/11/20, 10:35:00, 1763649300505,
RFID_EPC:        ,--Not Acquired--,
RFID_UserData:   ,--Not Acquired--,
Barcode:         ,--Not Acquired--,
PIF:,            0.00,
PARs:,            0.0,     0.0,     0.0,     0.0,     0.0,     0.0,
Light:,           0.0,     0.0,     0.0,     0.0,     0.0,     0.0,
Cycles:,            1,
                    1,      69,      70,      70,
Lamps:,        #10000,
Gain:,              2,     100, 
SNR_raw:,     362.30,
Position:,        0.0,              0.0,   NoData,
DataPt,      Time(us),   EX,         EM,       Fit,
==========,==========,==========,==========,=========,
    0,        0.0,      0.000,       0.000,    148.063,
    1,        0.8,    161.363,     147.803,    153.403,
    2,        3.3,    180.531,     160.115,    159.445,
    3,        5.8,    180.580,     171.116,    165.548,
    4,        8.3,    180.662,     174.636,    171.699,
    5,       10.8,    180.621,     178.828,    177.878,
    6,       13.3,    180.677,     185.967,    184.077,
    7,       15.8,    180.714,     190.079,    190.281,
    8,       18.3,    180.774,     196.654,    196.480,
    9,       20.8,    180.879,     202.621,    202.664,
   10,       23.3,    180.857,     208.176,    208.818,
   11,       25.8,    180.887,     213.393,    214.935,
   12,       28.3,    180.812,     220.395,    221.000,
   13,       30.8,    180.823,     224.805,    227.009,
   14,       33.3,    180.834,     230.598,    232.952,
   15,       35.8,    180.906,     237.970,    238.823,
   16,       38.3,    180.774,     242.844,    244.608,
   17,       40.8,    180.883,     248.780,    250.308,
   18,       43.3,    180.861,     255.722,    255.912,
   19,       45.8,    181.040,     261.268,    261.420,
   20,       48.3,    180.962,     266.078,    266.820,
   21,       50.8,    180.984,     271.571,    272.107,
   22,       53.3,    181.055,     276.711,    277.281,
   23,       55.8,    180.902,     283.027,    282.330,
   24,       58.3,    180.962,     287.630,    287.257,
   25,       60.8,    180.920,     291.841,    292.056,
   26,       63.3,    181.014,     297.491,    296.728,
   27,       65.8,    180.947,     302.299,    301.267,
   28,       68.3,    180.920,     307.594,    305.672,
   29,       70.8,    180.950,     310.306,    309.945,
   30,       73.3,    181.022,     315.432,    314.084,
   31,       75.8,    181.067,     318.115,    318.090,
   32,       78.3,    180.935,     322.491,    321.959,
   33,       80.8,    181.142,     327.092,    325.698,
   34,       83.3,    181.044,     330.030,    329.302,
   35,       85.8,    180.973,     334.028,    332.773,
   36,       88.3,    180.954,     336.826,    336.114,
   37,       90.8,    181.010,     338.931,    339.328,
   38,       93.3,    180.891,     343.025,    342.414,
   39,       95.8,    180.980,     345.065,    345.378,
   40,       98.3,    180.924,     349.041,    348.220,
   41,      100.8,    180.977,     351.979,    350.944,
   42,      103.3,    181.018,     353.556,    353.554,
   43,      105.8,    181.010,     356.057,    356.051,
   44,      108.3,    181.063,     357.611,    358.440,
   45,      110.8,    181.123,     360.253,    360.723,
   46,      113.3,    181.025,     361.828,    362.902,
   47,      115.8,    181.040,     365.112,    364.982,
   48,      118.3,    181.033,     365.956,    366.965,
   49,      120.8,    181.022,     367.912,    368.855,
   50,      123.3,    181.003,     369.884,    370.656,
   51,      125.8,    181.029,     371.487,    372.371,
   52,      128.3,    181.055,     373.366,    374.003,
   53,      130.8,    181.044,     375.047,    375.555,
   54,      133.3,    181.052,     376.688,    377.031,
   55,      135.8,    181.025,     377.019,    378.433,
   56,      138.3,    181.097,     378.803,    379.765,
   57,      140.8,    181.059,     381.643,    381.030,
   58,      143.3,    181.085,     380.760,    382.231,
   59,      145.8,    180.935,     383.838,    383.370,
   60,      148.3,    180.988,     384.832,    384.450,
   61,      150.8,    180.969,     385.977,    385.474,
   62,      153.3,    180.995,     387.026,    386.444,
   63,      155.8,    181.052,     387.735,    387.364,
   64,      158.3,    181.078,     389.059,    388.236,
   65,      160.8,    181.074,     390.448,    389.062,
   66,      163.3,    181.063,     390.472,    389.843,
   67,      165.8,    181.138,     392.243,    390.583,
   68,      168.3,    181.145,     391.399,    391.283,
   69,      170.8,    181.052,     392.429,    391.946,
   70,      175.8,    179.913,     392.135,    392.718,
----,
DateTime:        , 2025/11/20, 10:35:17, 1763649316969,
RFID_EPC:        ,--Not Acquired--,
RFID_UserData:   ,--Not Acquired--,
Barcode:         ,--Not Acquired--,
PIF:,            0.00,
PARs:,            0.0,     0.0,     0.0,     0.0,     0.0,     0.0,
Light:,           0.0,     0.0,     0.0,     0.0,     0.0,     0.0,
Cycles:,            1,
                    1,      69,      70,      70,
Lamps:,        #10000,
Gain:,              2,     100, 
SNR_raw:,     323.75,
Position:,        0.0,              0.0,   NoData,
DataPt,      Time(us),   EX,         EM,       Fit,
==========,==========,==========,==========,=========,
    0,        0.0,      0.000,       0.000,    148.883,
    1,        0.8,    161.360,     147.187,    154.220,
    2,        3.3,    180.654,     159.667,    160.241,
    3,        5.8,    180.601,     170.818,    166.300,
    4,        8.3,    180.688,     175.441,    172.394,
    5,       10.8,    180.763,     180.624,    178.514,
    6,       13.3,    180.830,     186.916,    184.649,
    7,       15.8,    180.759,     192.522,    190.787,
    8,       18.3,    180.759,     196.948,    196.920,
    9,       20.8,    180.755,     203.037,    203.041,
   10,       23.3,    180.763,     209.391,    209.139,
   11,       25.8,    180.740,     214.673,    215.206,
   12,       28.3,    180.819,     220.110,    221.236,
   13,       30.8,    180.867,     225.027,    227.219,
   14,       33.3,    180.894,     231.351,    233.147,
   15,       35.8,    180.976,     237.600,    239.012,
   16,       38.3,    180.935,     243.734,    244.805,
   17,       40.8,    180.931,     249.266,    250.517,
   18,       43.3,    180.875,     254.596,    256.141,
   19,       45.8,    180.935,     260.591,    261.674,
   20,       48.3,    180.957,     266.914,    267.108,
   21,       50.8,    180.969,     272.699,    272.436,
   22,       53.3,    180.830,     278.162,    277.651,
   23,       55.8,    180.927,     283.539,    282.752,
   24,       58.3,    181.044,     287.500,    287.737,
   25,       60.8,    181.006,     293.637,    292.598,
   26,       63.3,    180.957,     298.413,    297.330,
   27,       65.8,    180.999,     302.489,    301.935,
   28,       68.3,    181.047,     305.997,    306.408,
   29,       70.8,    180.939,     311.708,    310.746,
   30,       73.3,    180.935,     316.136,    314.949,
   31,       75.8,    181.006,     319.326,    319.018,
   32,       78.3,    180.987,     323.227,    322.951,
   33,       80.8,    180.957,     327.425,    326.748,
   34,       83.3,    180.957,     331.570,    330.411,
   35,       85.8,    181.006,     335.348,    333.940,
   36,       88.3,    181.010,     338.379,    337.336,
   37,       90.8,    181.055,     340.781,    340.603,
   38,       93.3,    181.055,     342.990,    343.740,
   39,       95.8,    181.044,     346.602,    346.750,
   40,       98.3,    181.077,     350.127,    349.636,
   41,      100.8,    181.044,     352.678,    352.400,
   42,      103.3,    180.976,     356.124,    355.044,
   43,      105.8,    181.115,     357.508,    357.573,
   44,      108.3,    180.882,     360.455,    359.988,
   45,      110.8,    180.965,     361.949,    362.294,
   46,      113.3,    180.972,     363.039,    364.494,
   47,      115.8,    181.044,     367.039,    366.592,
   48,      118.3,    181.017,     367.368,    368.590,
   49,      120.8,    181.002,     369.609,    370.493,
   50,      123.3,    181.040,     370.913,    372.304,
   51,      125.8,    181.044,     373.391,    374.025,
   52,      128.3,    181.025,     374.534,    375.662,
   53,      130.8,    180.980,     376.285,    377.216,
   54,      133.3,    181.002,     378.724,    378.691,
   55,      135.8,    180.976,     379.056,    380.091,
   56,      138.3,    180.909,     381.961,    381.419,
   57,      140.8,    180.972,     382.655,    382.678,
   58,      143.3,    181.111,     383.743,    383.872,
   59,      145.8,    181.100,     384.871,    385.003,
   60,      148.3,    181.118,     386.211,    386.074,
   61,      150.8,    181.160,     386.675,    387.088,
   62,      153.3,    181.126,     388.680,    388.047,
   63,      155.8,    181.088,     387.932,    388.955,
   64,      158.3,    180.969,     390.676,    389.813,
   65,      160.8,    181.032,     391.643,    390.624,
   66,      163.3,    180.995,     392.000,    391.390,
   67,      165.8,    180.976,     394.527,    392.115,
   68,      168.3,    180.927,     393.528,    392.799,
   69,      170.8,    181.059,     393.519,    393.446,
   70,      175.8,    179.908,     394.367,    394.330,
----,
DateTime:        , 2025/11/20, 10:35:33, 1763649333429,
RFID_EPC:        ,--Not Acquired--,
RFID_UserData:   ,--Not Acquired--,
Barcode:         ,--Not Acquired--,
PIF:,            0.00,
PARs:,            0.0,     0.0,     0.0,     0.0,     0.0,     0.0,
Light:,           0.0,     0.0,     0.0,     0.0,     0.0,     0.0,
Cycles:,            1,
                    1,      69,      70,      70,
Lamps:,        #10000,
Gain:,              2,     100, 
SNR_raw:,     316.03,
Position:,        0.0,              0.0,   NoData,
DataPt,      Time(us),   EX,         EM,       Fit,
==========,==========,==========,==========,=========,
    0,        0.0,      0.000,       0.000,    151.054,
    1,        0.8,    161.280,     150.669,    156.132,
    2,        3.3,    180.578,     162.765,    161.924,
    3,        5.8,    180.623,     173.566,    167.817,
    4,        8.3,    180.683,     175.168,    173.792,
    5,       10.8,    180.713,     181.226,    179.832,
    6,       13.3,    180.792,     187.232,    185.922,
    7,       15.8,    180.811,     192.466,    192.045,
    8,       18.3,    180.758,     199.714,    198.185,
    9,       20.8,    180.882,     203.724,    204.334,
   10,       23.3,    180.826,     210.147,    210.473,
   11,       25.8,    180.822,     216.511,    216.592,
   12,       28.3,    180.743,     221.032,    222.679,
   13,       30.8,    180.852,     226.705,    228.727,
   14,       33.3,    180.758,     232.354,    234.720,
   15,       35.8,    180.822,     238.909,    240.653,
   16,       38.3,    180.867,     244.931,    246.517,
   17,       40.8,    180.957,     250.888,    252.305,
   18,       43.3,    180.908,     256.760,    258.005,
   19,       45.8,    180.908,     261.735,    263.609,
   20,       48.3,    180.949,     268.860,    269.114,
   21,       50.8,    180.889,     275.583,    274.510,
   22,       53.3,    180.889,     279.452,    279.792,
   23,       55.8,    180.976,     285.398,    284.958,
   24,       58.3,    180.912,     289.644,    290.000,
   25,       60.8,    180.916,     296.271,    294.915,
   26,       63.3,    181.013,     300.807,    299.703,
   27,       65.8,    181.032,     305.747,    304.358,
   28,       68.3,    180.991,     309.408,    308.876,
   29,       70.8,    181.024,     313.218,    313.259,
   30,       73.3,    181.051,     317.867,    317.504,
   31,       75.8,    181.054,     321.174,    321.611,
   32,       78.3,    181.036,     327.560,    325.578,
   33,       80.8,    180.919,     331.916,    329.404,
   34,       83.3,    180.994,     333.436,    333.094,
   35,       85.8,    180.931,     336.869,    336.645,
   36,       88.3,    180.987,     340.909,    340.063,
   37,       90.8,    180.934,     344.324,    343.346,
   38,       93.3,    180.998,     347.517,    346.498,
   39,       95.8,    181.032,     350.767,    349.522,
   40,       98.3,    181.069,     352.904,    352.419,
   41,      100.8,    181.073,     354.553,    355.193,
   42,      103.3,    181.058,     357.068,    357.846,
   43,      105.8,    180.964,     359.463,    360.380,
   44,      108.3,    180.957,     362.517,    362.800,
   45,      110.8,    180.968,     364.981,    365.109,
   46,      113.3,    180.949,     366.953,    367.311,
   47,      115.8,    181.017,     368.474,    369.409,
   48,      118.3,    180.976,     370.492,    371.407,
   49,      120.8,    181.043,     371.459,    373.308,
   50,      123.3,    181.017,     374.551,    375.116,
   51,      125.8,    181.032,     376.729,    376.835,
   52,      128.3,    181.039,     378.371,    378.468,
   53,      130.8,    181.077,     379.397,    380.018,
   54,      133.3,    181.137,     381.756,    381.489,
   55,      135.8,    181.013,     382.293,    382.884,
   56,      138.3,    181.051,     384.147,    384.206,
   57,      140.8,    181.009,     384.511,    385.459,
   58,      143.3,    181.032,     385.844,    386.646,
   59,      145.8,    180.987,     387.045,    387.770,
   60,      148.3,    181.062,     388.265,    388.834,
   61,      150.8,    181.107,     390.101,    389.840,
   62,      153.3,    181.125,     391.441,    390.793,
   63,      155.8,    181.125,     391.993,    391.693,
   64,      158.3,    181.099,     392.878,    392.544,
   65,      160.8,    181.144,     392.781,    393.348,
   66,      163.3,    181.062,     394.893,    394.108,
   67,      165.8,    181.054,     395.738,    394.826,
   68,      168.3,    180.994,     397.526,    395.503,
   69,      170.8,    181.002,     398.338,    396.143,
   70,      175.8,    179.844,     396.732,    397.093,
----,
DateTime:        , 2025/11/20, 10:35:50, 1763649349895,
RFID_EPC:        ,--Not Acquired--,
RFID_UserData:   ,--Not Acquired--,
Barcode:         ,--Not Acquired--,
PIF:,            0.00,
PARs:,            0.0,     0.0,     0.0,     0.0,     0.0,     0.0,
Light:,           0.0,     0.0,     0.0,     0.0,     0.0,     0.0,
Cycles:,            1,
                    1,      69,      70,      70,
Lamps:,        #10000,
Gain:,              2,     100, 
SNR_raw:,     402.53,
Position:,        0.0,              0.0,   NoData,
DataPt,      Time(us),   EX,         EM,       Fit,
==========,==========,==========,==========,=========,
    0,        0.0,      0.000,       0.000,    152.320,
    1,        0.8,    161.452,     151.438,    157.463,
    2,        3.3,    180.510,     162.691,    163.309,
    3,        5.8,    180.607,     172.751,    169.247,
    4,        8.3,    180.633,     179.369,    175.259,
    5,       10.8,    180.682,     183.748,    181.331,
    6,       13.3,    180.768,     189.193,    187.448,
    7,       15.8,    180.667,     194.003,    193.590,
    8,       18.3,    180.798,     200.223,    199.752,
    9,       20.8,    180.899,     205.363,    205.919,
   10,       23.3,    180.821,     211.536,    212.073,
   11,       25.8,    180.753,     216.870,    218.203,
   12,       28.3,    180.772,     223.486,    224.299,
   13,       30.8,    180.787,     228.169,    230.351,
   14,       33.3,    180.858,     235.544,    236.351,
   15,       35.8,    180.873,     241.606,    242.286,
   16,       38.3,    180.854,     247.713,    248.147,
   17,       40.8,    180.922,     252.043,    253.928,
   18,       43.3,    180.903,     259.531,    259.619,
   19,       45.8,    181.038,     264.033,    265.216,
   20,       48.3,    181.008,     270.983,    270.707,
   21,       50.8,    181.015,     275.943,    276.089,
   22,       53.3,    180.903,     281.366,    281.352,
   23,       55.8,    180.847,     286.154,    286.494,
   24,       58.3,    180.933,     290.992,    291.512,
   25,       60.8,    180.944,     296.500,    296.402,
   26,       63.3,    180.873,     301.869,    301.159,
   27,       65.8,    180.940,     307.283,    305.784,
   28,       68.3,    181.049,     311.518,    310.274,
   29,       70.8,    180.955,     314.995,    314.626,
   30,       73.3,    181.042,     319.816,    318.840,
   31,       75.8,    181.045,     323.400,    322.916,
   32,       78.3,    181.083,     327.475,    326.853,
   33,       80.8,    181.064,     332.203,    330.652,
   34,       83.3,    180.974,     335.131,    334.312,
   35,       85.8,    181.012,     338.376,    337.836,
   36,       88.3,    180.847,     342.279,    341.224,
   37,       90.8,    180.892,     344.958,    344.481,
   38,       93.3,    180.925,     347.657,    347.607,
   39,       95.8,    181.015,     349.970,    350.607,
   40,       98.3,    180.993,     353.053,    353.481,
   41,      100.8,    181.102,     357.258,    356.235,
   42,      103.3,    181.019,     358.249,    358.868,
   43,      105.8,    181.064,     360.370,    361.386,
   44,      108.3,    181.053,     362.878,    363.791,
   45,      110.8,    181.034,     366.229,    366.087,
   46,      113.3,    181.023,     367.633,    368.277,
   47,      115.8,    180.944,     370.004,    370.364,
   48,      118.3,    181.030,     372.313,    372.353,
   49,      120.8,    180.985,     373.511,    374.246,
   50,      123.3,    181.004,     375.682,    376.048,
   51,      125.8,    181.038,     377.545,    377.762,
   52,      128.3,    181.146,     378.699,    379.391,
   53,      130.8,    181.087,     380.757,    380.939,
   54,      133.3,    181.087,     382.966,    382.409,
   55,      135.8,    181.034,     383.077,    383.804,
   56,      138.3,    181.053,     385.247,    385.128,
   57,      140.8,    181.049,     385.807,    386.383,
   58,      143.3,    181.027,     387.236,    387.573,
   59,      145.8,    181.000,     388.397,    388.701,
   60,      148.3,    180.985,     390.087,    389.769,
   61,      150.8,    180.970,     390.948,    390.781,
   62,      153.3,    181.124,     391.445,    391.739,
   63,      155.8,    181.131,     392.256,    392.645,
   64,      158.3,    181.034,     394.401,    393.503,
   65,      160.8,    181.045,     394.100,    394.315,
   66,      163.3,    181.131,     395.569,    395.082,
   67,      165.8,    181.068,     395.432,    395.807,
   68,      168.3,    181.027,     398.008,    396.493,
   69,      170.8,    181.075,     398.453,    397.141,
   70,      175.8,    179.873,     398.893,    398.644,
----,
DateTime:        , 2025/11/20, 10:36:06, 1763649366456,
RFID_EPC:        ,--Not Acquired--,
RFID_UserData:   ,--Not Acquired--,
Barcode:         ,--Not Acquired--,
PIF:,            0.00,
PARs:,            0.0,     0.0,     0.0,     0.0,     0.0,     0.0,
Light:,           0.0,     0.0,     0.0,     0.0,     0.0,     0.0,
Cycles:,            1,
                    1,      69,      70,      70,
Lamps:,        #10000,
Gain:,              2,     100, 
SNR_raw:,     404.55,
Position:,        0.0,              0.0,   NoData,
DataPt,      Time(us),   EX,         EM,       Fit,
==========,==========,==========,==========,=========,
    0,        0.0,      0.000,       0.000,    152.015,
    1,        0.8,    161.412,     151.166,    157.084,
    2,        3.3,    180.593,     162.676,    162.885,
    3,        5.8,    180.679,     172.959,    168.811,
    4,        8.3,    180.668,     178.504,    174.837,
    5,       10.8,    180.716,     183.160,    180.944,
    6,       13.3,    180.806,     189.153,    187.112,
    7,       15.8,    180.773,     193.613,    193.320,
    8,       18.3,    180.810,     200.210,    199.552,
    9,       20.8,    180.769,     205.788,    205.790,
   10,       23.3,    180.761,     210.222,    212.021,
   11,       25.8,    180.713,     217.196,    218.229,
   12,       28.3,    180.758,     223.504,    224.403,
   13,       30.8,    180.896,     228.031,    230.536,
   14,       33.3,    180.915,     234.917,    236.611,
   15,       35.8,    180.979,     240.360,    242.620,
   16,       38.3,    181.016,     247.768,    248.552,
   17,       40.8,    180.896,     253.737,    254.395,
   18,       43.3,    180.949,     259.189,    260.145,
   19,       45.8,    180.870,     264.831,    265.791,
   20,       48.3,    180.829,     270.974,    271.328,
   21,       50.8,    180.908,     276.937,    276.752,
   22,       53.3,    180.904,     283.023,    282.058,
   23,       55.8,    180.896,     286.628,    287.239,
   24,       58.3,    180.911,     293.238,    292.293,
   25,       60.8,    181.001,     298.064,    297.217,
   26,       63.3,    180.975,     302.528,    302.007,
   27,       65.8,    180.975,     308.330,    306.662,
   28,       68.3,    181.069,     312.313,    311.180,
   29,       70.8,    180.923,     317.263,    315.558,
   30,       73.3,    180.971,     319.940,    319.797,
   31,       75.8,    180.975,     325.183,    323.898,
   32,       78.3,    180.990,     328.748,    327.860,
   33,       80.8,    180.986,     332.898,    331.684,
   34,       83.3,    180.904,     336.090,    335.370,
   35,       85.8,    180.930,     339.910,    338.921,
   36,       88.3,    180.964,     343.163,    342.339,
   37,       90.8,    181.020,     346.095,    345.626,
   38,       93.3,    181.076,     349.025,    348.785,
   39,       95.8,    181.024,     351.335,    351.816,
   40,       98.3,    181.050,     354.322,    354.724,
   41,      100.8,    180.971,     357.515,    357.510,
   42,      103.3,    180.952,     358.658,    360.178,
   43,      105.8,    180.990,     361.899,    362.732,
   44,      108.3,    180.934,     365.327,    365.174,
   45,      110.8,    180.975,     366.902,    367.508,
   46,      113.3,    181.012,     369.588,    369.737,
   47,      115.8,    181.125,     370.463,    371.866,
   48,      118.3,    181.114,     373.246,    373.896,
   49,      120.8,    181.069,     374.996,    375.832,
   50,      123.3,    181.027,     377.291,    377.677,
   51,      125.8,    181.117,     378.484,    379.434,
   52,      128.3,    181.046,     381.394,    381.107,
   53,      130.8,    181.020,     382.002,    382.699,
   54,      133.3,    181.061,     384.124,    384.213,
   55,      135.8,    180.967,     385.705,    385.652,
   56,      138.3,    180.997,     385.917,    387.020,
   57,      140.8,    180.975,     387.623,    388.320,
   58,      143.3,    181.114,     388.154,    389.554,
   59,      145.8,    181.099,     390.671,    390.725,
   60,      148.3,    181.095,     391.508,    391.837,
   61,      150.8,    181.095,     392.888,    392.892,
   62,      153.3,    181.106,     393.692,    393.893,
   63,      155.8,    181.001,     394.749,    394.842,
   64,      158.3,    181.016,     395.821,    395.741,
   65,      160.8,    181.050,     396.852,    396.594,
   66,      163.3,    181.009,     397.495,    397.401,
   67,      165.8,    181.001,     398.616,    398.166,
   68,      168.3,    181.031,     401.312,    398.891,
   69,      170.8,    181.039,     401.296,    399.577,
   70,      175.8,    179.933,     401.815,    401.434,
----,
DateTime:        , 2025/11/20, 10:36:23, 1763649383007,
RFID_EPC:        ,--Not Acquired--,
RFID_UserData:   ,--Not Acquired--,
Barcode:         ,--Not Acquired--,
PIF:,            0.00,
PARs:,            0.0,     0.0,     0.0,     0.0,     0.0,     0.0,
Light:,           0.0,     0.0,     0.0,     0.0,     0.0,     0.0,
Cycles:,            1,
                    1,      69,      70,      70,
Lamps:,        #10000,
Gain:,              2,     100, 
SNR_raw:,     358.92,
Position:,        0.0,              0.0,   NoData,
DataPt,      Time(us),   EX,         EM,       Fit,
==========,==========,==========,==========,=========,
    0,        0.0,      0.000,       0.000,    151.808,
    1,        0.8,    161.369,     151.206,    157.202,
    2,        3.3,    180.552,     163.163,    163.317,
    3,        5.8,    180.620,     173.846,    169.511,
    4,        8.3,    180.717,     179.009,    175.767,
    5,       10.8,    180.687,     183.743,    182.069,
    6,       13.3,    180.856,     190.207,    188.408,
    7,       15.8,    180.766,     195.280,    194.762,
    8,       18.3,    180.762,     200.816,    201.122,
    9,       20.8,    180.751,     206.914,    207.474,
   10,       23.3,    180.848,     214.821,    213.810,
   11,       25.8,    180.815,     218.732,    220.114,
   12,       28.3,    180.766,     225.430,    226.375,
   13,       30.8,    180.886,     230.256,    232.588,
   14,       33.3,    180.860,     237.477,    238.737,
   15,       35.8,    180.987,     243.940,    244.818,
   16,       38.3,    180.935,     250.367,    250.818,
   17,       40.8,    180.961,     256.133,    256.728,
   18,       43.3,    180.893,     260.927,    262.541,
   19,       45.8,    180.916,     267.251,    268.250,
   20,       48.3,    180.931,     273.033,    273.849,
   21,       50.8,    180.905,     279.429,    279.331,
   22,       53.3,    180.875,     284.175,    284.690,
   23,       55.8,    180.935,     289.884,    289.925,
   24,       58.3,    180.953,     296.209,    295.030,
   25,       60.8,    181.028,     301.334,    300.003,
   26,       63.3,    181.017,     305.220,    304.839,
   27,       65.8,    180.995,     309.678,    309.535,
   28,       68.3,    181.088,     315.040,    314.093,
   29,       70.8,    180.995,     319.899,    318.507,
   30,       73.3,    181.062,     323.094,    322.780,
   31,       75.8,    180.972,     327.951,    326.908,
   32,       78.3,    180.916,     332.199,    330.893,
   33,       80.8,    181.013,     336.439,    334.738,
   34,       83.3,    180.923,     338.541,    338.441,
   35,       85.8,    180.920,     342.694,    342.005,
   36,       88.3,    181.036,     346.617,    345.433,
   37,       90.8,    181.069,     349.590,    348.727,
   38,       93.3,    181.013,     352.737,    351.887,
   39,       95.8,    181.096,     354.233,    354.918,
   40,       98.3,    181.099,     357.538,    357.822,
   41,      100.8,    181.069,     360.911,    360.602,
   42,      103.3,    180.931,     361.740,    363.259,
   43,      105.8,    181.047,     365.651,    365.800,
   44,      108.3,    181.002,     367.123,    368.226,
   45,      110.8,    180.961,     369.970,    370.541,
   46,      113.3,    180.950,     371.927,    372.749,
   47,      115.8,    180.987,     374.060,    374.854,
   48,      118.3,    181.009,     377.328,    376.859,
   49,      120.8,    180.916,     378.629,    378.767,
   50,      123.3,    181.024,     378.954,    380.584,
   51,      125.8,    181.118,     380.139,    382.311,
   52,      128.3,    181.006,     383.413,    383.953,
   53,      130.8,    180.995,     384.818,    385.512,
   54,      133.3,    180.983,     387.329,    386.993,
   55,      135.8,    181.009,     387.825,    388.399,
   56,      138.3,    180.983,     388.710,    389.733,
   57,      140.8,    180.950,     390.993,    390.998,
   58,      143.3,    181.043,     391.619,    392.197,
   59,      145.8,    181.036,     393.569,    393.333,
   60,      148.3,    181.107,     394.794,    394.410,
   61,      150.8,    181.084,     395.120,    395.429,
   62,      153.3,    181.114,     396.711,    396.395,
   63,      155.8,    181.114,     398.367,    397.308,
   64,      158.3,    181.028,     398.557,    398.173,
   65,      160.8,    180.953,     399.274,    398.991,
   66,      163.3,    181.028,     400.214,    399.765,
   67,      165.8,    181.002,     400.824,    400.496,
   68,      168.3,    181.006,     402.750,    401.187,
   69,      170.8,    180.961,     401.744,    401.841,
   70,      175.8,    179.994,     403.624,    403.339,
----,
DateTime:        , 2025/11/20, 10:36:39, 1763649399555,
RFID_EPC:        ,--Not Acquired--,
RFID_UserData:   ,--Not Acquired--,
Barcode:         ,--Not Acquired--,
PIF:,            0.00,
PARs:,            0.0,     0.0,     0.0,     0.0,     0.0,     0.0,
Light:,           0.0,     0.0,     0.0,     0.0,     0.0,     0.0,
Cycles:,            1,
                    1,      69,      70,      70,
Lamps:,        #10000,
Gain:,              2,     100, 
SNR_raw:,     363.68,
Position:,        0.0,              0.0,   NoData,
DataPt,      Time(us),   EX,         EM,       Fit,
==========,==========,==========,==========,=========,
    0,        0.0,      0.000,       0.000,    152.158,
    1,        0.8,    161.396,     151.491,    157.469,
    2,        3.3,    180.587,     163.136,    163.513,
    3,        5.8,    180.651,     173.539,    169.653,
    4,        8.3,    180.655,     179.071,    175.871,
    5,       10.8,    180.707,     184.553,    182.150,
    6,       13.3,    180.677,     189.841,    188.472,
    7,       15.8,    180.752,     195.572,    194.826,
    8,       18.3,    180.741,     201.117,    201.193,
    9,       20.8,    180.722,     206.394,    207.561,
   10,       23.3,    180.778,     214.351,    213.917,
   11,       25.8,    180.876,     220.041,    220.251,
   12,       28.3,    180.789,     227.060,    226.545,
   13,       30.8,    180.861,     230.288,    232.792,
   14,       33.3,    180.913,     237.960,    238.982,
   15,       35.8,    180.842,     242.753,    245.101,
   16,       38.3,    180.868,     249.629,    251.141,
   17,       40.8,    180.887,     255.685,    257.095,
   18,       43.3,    180.853,     262.644,    262.952,
   19,       45.8,    180.898,     268.107,    268.707,
   20,       48.3,    180.943,     274.396,    274.353,
   21,       50.8,    180.966,     280.440,    279.884,
   22,       53.3,    181.029,     285.313,    285.295,
   23,       55.8,    180.902,     291.595,    290.576,
   24,       58.3,    180.962,     295.643,    295.727,
   25,       60.8,    180.947,     300.088,    300.744,
   26,       63.3,    180.898,     305.421,    305.622,
   27,       65.8,    180.999,     311.051,    310.363,
   28,       68.3,    180.995,     316.306,    314.961,
   29,       70.8,    180.943,     320.543,    319.416,
   30,       73.3,    180.939,     325.247,    323.727,
   31,       75.8,    180.943,     328.004,    327.894,
   32,       78.3,    180.984,     332.626,    331.917,
   33,       80.8,    181.025,     335.864,    335.799,
   34,       83.3,    181.037,     339.986,    339.538,
   35,       85.8,    181.033,     343.584,    343.137,
   36,       88.3,    181.018,     346.927,    346.597,
   37,       90.8,    180.992,     351.397,    349.920,
   38,       93.3,    181.029,     353.810,    353.109,
   39,       95.8,    180.981,     356.116,    356.167,
   40,       98.3,    180.973,     359.170,    359.095,
   41,      100.8,    181.003,     361.044,    361.898,
   42,      103.3,    180.943,     364.479,    364.579,
   43,      105.8,    181.003,     366.569,    367.141,
   44,      108.3,    181.160,     370.114,    369.588,
   45,      110.8,    181.070,     371.402,    371.923,
   46,      113.3,    181.123,     374.056,    374.150,
   47,      115.8,    181.082,     376.073,    376.272,
   48,      118.3,    181.112,     376.563,    378.293,
   49,      120.8,    181.007,     379.544,    380.217,
   50,      123.3,    181.003,     382.038,    382.046,
   51,      125.8,    180.973,     383.206,    383.785,
   52,      128.3,    181.059,     384.129,    385.439,
   53,      130.8,    180.951,     387.399,    387.008,
   54,      133.3,    180.966,     387.919,    388.499,
   55,      135.8,    180.988,     390.081,    389.913,
   56,      138.3,    181.115,     390.083,    391.255,
   57,      140.8,    181.127,     392.267,    392.527,
   58,      143.3,    181.134,     393.079,    393.733,
   59,      145.8,    181.134,     395.563,    394.876,
   60,      148.3,    181.022,     396.085,    395.958,
   61,      150.8,    181.025,     396.353,    396.982,
   62,      153.3,    181.048,     397.685,    397.952,
   63,      155.8,    181.033,     398.822,    398.869,
   64,      158.3,    181.018,     400.513,    399.737,
   65,      160.8,    181.022,     400.781,    400.558,
   66,      163.3,    181.052,     402.647,    401.334,
   67,      165.8,    181.067,     402.338,    402.068,
   68,      168.3,    180.984,     402.521,    402.761,
   69,      170.8,    181.082,     404.514,    403.416,
   70,      175.8,    179.905,     405.213,    404.964,
----,
DateTime:        , 2025/11/20, 10:36:56, 1763649416099,
RFID_EPC:        ,--Not Acquired--,
RFID_UserData:   ,--Not Acquired--,
Barcode:         ,--Not Acquired--,
PIF:,            0.00,
PARs:,            0.0,     0.0,     0.0,     0.0,     0.0,     0.0,
Light:,           0.0,     0.0,     0.0,     0.0,     0.0,     0.0,
Cycles:,            1,
                    1,      69,      70,      70,
Lamps:,        #10000,
Gain:,              2,     100, 
SNR_raw:,     369.98,
Position:,        0.0,              0.0,   NoData,
DataPt,      Time(us),   EX,         EM,       Fit,
==========,==========,==========,==========,=========,
    0,        0.0,      0.000,       0.000,    154.438,
    1,        0.8,    161.463,     154.214,    159.749,
    2,        3.3,    180.576,     165.564,    165.765,
    3,        5.8,    180.700,     175.706,    171.857,
    4,        8.3,    180.752,     180.634,    178.011,
    5,       10.8,    180.790,     187.234,    184.213,
    6,       13.3,    180.726,     191.727,    190.448,
    7,       15.8,    180.771,     197.211,    196.706,
    8,       18.3,    180.786,     203.832,    202.975,
    9,       20.8,    180.711,     208.897,    209.241,
   10,       23.3,    180.741,     214.672,    215.496,
   11,       25.8,    180.849,     220.902,    221.732,
   12,       28.3,    180.775,     226.525,    227.932,
   13,       30.8,    180.883,     231.088,    234.091,
   14,       33.3,    180.928,     238.493,    240.198,
   15,       35.8,    180.887,     244.904,    246.241,
   16,       38.3,    181.018,     251.080,    252.216,
   17,       40.8,    180.902,     258.151,    258.108,
   18,       43.3,    180.924,     262.817,    263.911,
   19,       45.8,    180.928,     269.444,    269.619,
   20,       48.3,    180.928,     275.524,    275.224,
   21,       50.8,    180.902,     280.539,    280.720,
   22,       53.3,    180.932,     286.572,    286.101,
   23,       55.8,    180.962,     291.498,    291.363,
   24,       58.3,    181.018,     297.484,    296.501,
   25,       60.8,    180.996,     301.941,    301.510,
   26,       63.3,    181.067,     307.345,    306.388,
   27,       65.8,    181.026,     311.282,    311.129,
   28,       68.3,    180.913,     317.003,    315.731,
   29,       70.8,    180.902,     321.998,    320.193,
   30,       73.3,    181.037,     325.072,    324.517,
   31,       75.8,    180.947,     330.207,    328.699,
   32,       78.3,    180.883,     334.194,    332.737,
   33,       80.8,    180.924,     337.157,    336.636,
   34,       83.3,    181.052,     341.339,    340.395,
   35,       85.8,    180.943,     344.031,    344.014,
   36,       88.3,    181.029,     347.181,    347.496,
   37,       90.8,    181.112,     351.441,    350.843,
   38,       93.3,    181.029,     354.086,    354.055,
   39,       95.8,    181.040,     356.826,    357.135,
   40,       98.3,    181.055,     359.006,    360.087,
   41,      100.8,    181.018,     362.119,    362.911,
   42,      103.3,    180.939,     365.868,    365.612,
   43,      105.8,    180.988,     367.980,    368.194,
   44,      108.3,    180.988,     370.466,    370.660,
   45,      110.8,    180.992,     373.221,    373.012,
   46,      113.3,    181.029,     375.077,    375.256,
   47,      115.8,    181.052,     376.412,    377.393,
   48,      118.3,    181.093,     378.259,    379.429,
   49,      120.8,    181.070,     380.791,    381.366,
   50,      123.3,    181.093,     382.953,    383.209,
   51,      125.8,    181.026,     384.200,    384.960,
   52,      128.3,    181.014,     386.986,    386.623,
   53,      130.8,    180.977,     387.895,    388.201,
   54,      133.3,    180.947,     389.894,    389.699,
   55,      135.8,    180.981,     390.097,    391.120,
   56,      138.3,    180.996,     391.722,    392.468,
   57,      140.8,    181.059,     393.518,    393.745,
   58,      143.3,    181.007,     394.460,    394.954,
   59,      145.8,    181.007,     396.670,    396.100,
   60,      148.3,    181.048,     397.408,    397.184,
   61,      150.8,    181.070,     398.464,    398.210,
   62,      153.3,    181.022,     398.295,    399.180,
   63,      155.8,    181.003,     401.374,    400.098,
   64,      158.3,    181.014,     401.073,    400.965,
   65,      160.8,    180.984,     403.902,    401.785,
   66,      163.3,    180.992,     402.228,    402.559,
   67,      165.8,    181.011,     403.568,    403.291,
   68,      168.3,    181.044,     405.702,    403.982,
   69,      170.8,    181.055,     406.229,    404.634,
   70,      175.8,    179.875,     405.836,    405.834,
----,
DateTime:        , 2025/11/20, 10:37:12, 1763649432579,
RFID_EPC:        ,--Not Acquired--,
RFID_UserData:   ,--Not Acquired--,
Barcode:         ,--Not Acquired--,
PIF:,            0.00,
PARs:,            0.0,     0.0,     0.0,     0.0,     0.0,     0.0,
Light:,           0.0,     0.0,     0.0,     0.0,     0.0,     0.0,
Cycles:,            1,
                    1,      69,      70,      70,
Lamps:,        #10000,
Gain:,              2,     100, 
SNR_raw:,     362.12,
Position:,        0.0,              0.0,   NoData,
DataPt,      Time(us),   EX,         EM,       Fit,
==========,==========,==========,==========,=========,
    0,        0.0,      0.000,       0.000,    155.582,
    1,        0.8,    161.391,     154.593,    160.588,
    2,        3.3,    180.517,     165.745,    166.358,
    3,        5.8,    180.701,     175.705,    172.294,
    4,        8.3,    180.667,     182.380,    178.360,
    5,       10.8,    180.682,     187.346,    184.531,
    6,       13.3,    180.659,     191.521,    190.783,
    7,       15.8,    180.674,     198.423,    197.093,
    8,       18.3,    180.730,     203.895,    203.443,
    9,       20.8,    180.820,     210.153,    209.815,
   10,       23.3,    180.772,     216.295,    216.187,
   11,       25.8,    180.862,     221.164,    222.548,
   12,       28.3,    180.955,     227.681,    228.883,
   13,       30.8,    180.779,     232.881,    235.171,
   14,       33.3,    180.854,     240.525,    241.406,
   15,       35.8,    180.779,     245.603,    247.571,
   16,       38.3,    180.805,     251.928,    253.660,
   17,       40.8,    180.832,     258.251,    259.663,
   18,       43.3,    180.850,     265.689,    265.570,
   19,       45.8,    180.850,     270.942,    271.372,
   20,       48.3,    180.955,     276.588,    277.065,
   21,       50.8,    180.948,     281.573,    282.640,
   22,       53.3,    180.944,     287.658,    288.091,
   23,       55.8,    181.019,     293.616,    293.414,
   24,       58.3,    181.030,     298.845,    298.603,
   25,       60.8,    180.952,     303.396,    303.654,
   26,       63.3,    180.858,     309.359,    308.564,
   27,       65.8,    180.974,     315.791,    313.332,
   28,       68.3,    180.963,     318.574,    317.956,
   29,       70.8,    180.952,     324.120,    322.435,
   30,       73.3,    180.937,     327.463,    326.767,
   31,       75.8,    180.967,     331.000,    330.953,
   32,       78.3,    181.011,     335.338,    334.995,
   33,       80.8,    181.064,     339.659,    338.891,
   34,       83.3,    181.068,     343.794,    342.644,
   35,       85.8,    181.004,     347.782,    346.254,
   36,       88.3,    181.011,     350.530,    349.724,
   37,       90.8,    181.034,     353.249,    353.056,
   38,       93.3,    180.948,     355.904,    356.252,
   39,       95.8,    181.008,     359.929,    359.316,
   40,       98.3,    181.004,     362.423,    362.249,
   41,      100.8,    181.038,     365.394,    365.057,
   42,      103.3,    180.970,     367.740,    367.741,
   43,      105.8,    181.068,     370.027,    370.306,
   44,      108.3,    181.004,     370.986,    372.754,
   45,      110.8,    181.109,     374.913,    375.091,
   46,      113.3,    181.128,     377.634,    377.318,
   47,      115.8,    181.056,     379.164,    379.441,
   48,      118.3,    181.075,     379.953,    381.462,
   49,      120.8,    181.019,     382.557,    383.385,
   50,      123.3,    180.996,     385.090,    385.214,
   51,      125.8,    181.015,     386.708,    386.953,
   52,      128.3,    181.000,     387.569,    388.605,
   53,      130.8,    180.955,     389.046,    390.174,
   54,      133.3,    181.109,     390.925,    391.663,
   55,      135.8,    181.071,     392.939,    393.076,
   56,      138.3,    181.083,     394.847,    394.417,
   57,      140.8,    181.113,     395.886,    395.688,
   58,      143.3,    181.113,     396.991,    396.892,
   59,      145.8,    181.079,     397.617,    398.033,
   60,      148.3,    181.015,     398.309,    399.114,
   61,      150.8,    181.030,     399.933,    400.137,
   62,      153.3,    180.967,     400.074,    401.106,
   63,      155.8,    181.015,     401.071,    402.022,
   64,      158.3,    181.075,     402.871,    402.888,
   65,      160.8,    180.978,     404.746,    403.708,
   66,      163.3,    181.105,     405.013,    404.483,
   67,      165.8,    181.086,     405.607,    405.215,
   68,      168.3,    181.173,     407.346,    405.907,
   69,      170.8,    181.034,     407.935,    406.561,
   70,      175.8,    179.891,     408.858,    408.444,
