----,
DateTime:        , 2025/11/19, 16:03:46, 1763582625867,
RFID_EPC:        ,--Not Acquired--,
RFID_UserData:   ,--Not Acquired--,
Barcode:         ,--Not Acquired--,
PIF:,            0.00,
PARs:,            0.0,     0.0,     0.0,     0.0,     0.0,     0.0,
Light:,           0.0,     0.0,     0.0,     0.0,     0.0,     0.0,
Cycles:,            1,
                    1,      69,      70,      70,
Lamps:,        #10000,
Gain:,              2,      50, 
SNR_raw:,     318.66,
Position:,        0.0,              0.0,   NoData,
DataPt,      Time(us),   EX,         EM,       Fit,
==========,==========,==========,==========,=========,
    0,        0.0,      0.000,       0.000,    199.924,
    1,        0.8,    161.001,     201.862,    206.520,
    2,        3.3,    179.855,     215.174,    214.175,
    3,        5.8,    180.118,     227.073,    222.081,
    4,        8.3,    180.140,     233.430,    230.143,
    5,       10.8,    180.111,     239.852,    238.288,
    6,       13.3,    180.250,     247.435,    246.462,
    7,       15.8,    180.527,     254.255,    254.619,
    8,       18.3,    180.439,     260.752,    262.705,
    9,       20.8,    180.571,     268.316,    270.692,
   10,       23.3,    180.629,     276.810,    278.549,
   11,       25.8,    180.673,     284.215,    286.252,
   12,       28.3,    180.695,     291.651,    293.781,
   13,       30.8,    180.520,     299.967,    301.116,
   14,       33.3,    180.819,     307.489,    308.255,
   15,       35.8,    180.608,     314.494,    315.179,
   16,       38.3,    180.695,     321.536,    321.886,
   17,       40.8,    180.673,     327.387,    328.371,
   18,       43.3,    180.944,     335.187,    334.634,
   19,       45.8,    180.834,     342.579,    340.669,
   20,       48.3,    180.914,     347.126,    346.478,
   21,       50.8,    180.841,     353.625,    352.061,
   22,       53.3,    180.892,     356.013,    357.421,
   23,       55.8,    180.980,     363.852,    362.561,
   24,       58.3,    180.878,     368.757,    367.484,
   25,       60.8,    181.082,     372.759,    372.196,
   26,       63.3,    181.002,     378.449,    376.701,
   27,       65.8,    180.944,     381.887,    381.003,
   28,       68.3,    180.929,     386.340,    385.108,
   29,       70.8,    180.995,     390.067,    389.023,
   30,       73.3,    181.075,     393.483,    392.754,
   31,       75.8,    181.141,     396.929,    396.306,
   32,       78.3,    181.207,     401.200,    399.687,
   33,       80.8,    181.133,     403.570,    402.902,
   34,       83.3,    181.265,     406.311,    405.957,
   35,       85.8,    181.155,     409.593,    408.859,
   36,       88.3,    181.031,     412.912,    411.614,
   37,       90.8,    181.126,     414.628,    414.228,
   38,       93.3,    181.155,     416.769,    416.706,
   39,       95.8,    181.126,     418.493,    419.056,
   40,       98.3,    181.170,     422.255,    421.282,
   41,      100.8,    181.104,     422.133,    423.391,
   42,      103.3,    181.075,     424.686,    425.387,
   43,      105.8,    181.141,     427.292,    427.276,
   44,      108.3,    181.323,     428.240,    429.062,
   45,      110.8,    181.024,     428.673,    430.753,
   46,      113.3,    181.148,     430.035,    432.352,
   47,      115.8,    181.214,     434.570,    433.861,
   48,      118.3,    181.097,     433.193,    435.289,
   49,      120.8,    181.236,     436.172,    436.637,
   50,      123.3,    181.104,     437.041,    437.911,
   51,      125.8,    181.207,     437.070,    439.113,
   52,      128.3,    181.126,     439.473,    440.249,
   53,      130.8,    181.258,     440.809,    441.319,
   54,      133.3,    181.155,     441.610,    442.330,
   55,      135.8,    181.192,     442.625,    443.284,
   56,      138.3,    181.148,     443.836,    444.184,
   57,      140.8,    181.214,     445.330,    445.032,
   58,      143.3,    181.185,     446.782,    445.833,
   59,      145.8,    181.068,     447.070,    446.589,
   60,      148.3,    181.039,     447.695,    447.302,
   61,      150.8,    181.418,     448.962,    447.969,
   62,      153.3,    181.287,     449.840,    448.599,
   63,      155.8,    181.228,     449.157,    449.195,
   64,      158.3,    181.404,     450.928,    449.753,
   65,      160.8,    181.455,     451.903,    450.279,
   66,      163.3,    181.280,     452.616,    450.777,
   67,      165.8,    181.053,     452.906,    451.250,
   68,      168.3,    181.126,     452.999,    451.694,
   69,      170.8,    181.075,     453.679,    452.113,
   70,      175.8,    179.672,     455.273,    455.179,
----,
DateTime:        , 2025/11/19, 16:03:54, 1763582634362,
RFID_EPC:        ,--Not Acquired--,
RFID_UserData:   ,--Not Acquired--,
Barcode:         ,--Not Acquired--,
PIF:,            0.00,
PARs:,            0.0,     0.0,     0.0,     0.0,     0.0,     0.0,
Light:,           0.0,     0.0,     0.0,     0.0,     0.0,     0.0,
Cycles:,            1,
                    1,      69,      70,      70,
Lamps:,        #10000,
Gain:,              2,      50, 
SNR_raw:,     358.36,
Position:,        0.0,              0.0,   NoData,
DataPt,      Time(us),   EX,         EM,       Fit,
==========,==========,==========,==========,=========,
    0,        0.0,      0.000,       0.000,    214.211,
    1,        0.8,    161.113,     215.688,    220.458,
    2,        3.3,    179.941,     227.819,    227.621,
    3,        5.8,    180.167,     238.667,    234.944,
    4,        8.3,    180.445,     246.336,    242.364,
    5,       10.8,    180.364,     251.713,    249.814,
    6,       13.3,    180.320,     256.488,    257.248,
    7,       15.8,    180.474,     264.581,    264.635,
    8,       18.3,    180.372,     271.939,    271.933,
    9,       20.8,    180.510,     277.823,    279.122,
   10,       23.3,    180.547,     285.244,    286.176,
   11,       25.8,    180.540,     291.626,    293.075,
   12,       28.3,    180.729,     298.512,    299.808,
   13,       30.8,    180.708,     306.019,    306.359,
   14,       33.3,    180.912,     312.030,    312.722,
   15,       35.8,    180.810,     318.014,    318.885,
   16,       38.3,    180.824,     324.348,    324.844,
   17,       40.8,    180.992,     329.848,    330.599,
   18,       43.3,    180.912,     336.351,    336.144,
   19,       45.8,    180.854,     341.160,    341.479,
   20,       48.3,    180.839,     346.994,    346.606,
   21,       50.8,    180.883,     351.885,    351.527,
   22,       53.3,    180.978,     356.121,    356.246,
   23,       55.8,    181.044,     360.687,    360.764,
   24,       58.3,    180.992,     364.932,    365.086,
   25,       60.8,    181.044,     370.905,    369.217,
   26,       63.3,    181.058,     374.465,    373.160,
   27,       65.8,    180.956,     377.164,    376.921,
   28,       68.3,    181.051,     381.661,    380.506,
   29,       70.8,    181.029,     385.298,    383.921,
   30,       73.3,    181.073,     387.689,    387.170,
   31,       75.8,    180.934,     391.027,    390.260,
   32,       78.3,    181.146,     393.882,    393.197,
   33,       80.8,    181.131,     396.674,    395.987,
   34,       83.3,    181.051,     398.783,    398.635,
   35,       85.8,    181.029,     400.765,    401.148,
   36,       88.3,    181.226,     403.915,    403.531,
   37,       90.8,    181.233,     405.830,    405.789,
   38,       93.3,    181.102,     407.781,    407.929,
   39,       95.8,    180.912,     408.762,    409.957,
   40,       98.3,    181.109,     411.906,    411.875,
   41,      100.8,    181.190,     414.207,    413.689,
   42,      103.3,    181.153,     415.671,    415.406,
   43,      105.8,    181.014,     416.542,    417.031,
   44,      108.3,    181.102,     418.549,    418.565,
   45,      110.8,    181.190,     420.278,    420.015,
   46,      113.3,    181.117,     420.724,    421.385,
   47,      115.8,    181.204,     423.003,    422.679,
   48,      118.3,    181.146,     423.416,    423.901,
   49,      120.8,    181.131,     425.934,    425.054,
   50,      123.3,    181.051,     425.571,    426.144,
   51,      125.8,    181.102,     426.555,    427.172,
   52,      128.3,    181.073,     427.729,    428.141,
   53,      130.8,    180.919,     428.644,    429.058,
   54,      133.3,    181.007,     429.265,    429.921,
   55,      135.8,    181.219,     428.763,    430.732,
   56,      138.3,    181.292,     431.624,    431.496,
   57,      140.8,    181.219,     431.798,    432.217,
   58,      143.3,    181.197,     432.403,    432.898,
   59,      145.8,    181.219,     433.178,    433.538,
   60,      148.3,    181.160,     433.870,    434.143,
   61,      150.8,    181.051,     433.856,    434.714,
   62,      153.3,    181.197,     435.162,    435.250,
   63,      155.8,    181.058,     435.495,    435.757,
   64,      158.3,    181.051,     437.722,    436.234,
   65,      160.8,    181.131,     438.080,    436.682,
   66,      163.3,    181.124,     437.822,    437.105,
   67,      165.8,    181.160,     439.114,    437.502,
   68,      168.3,    181.299,     439.329,    437.874,
   69,      170.8,    181.343,     439.223,    438.223,
   70,      175.8,    179.729,     441.220,    440.991,
----,
DateTime:        , 2025/11/19, 16:04:03, 1763582642849,
RFID_EPC:        ,--Not Acquired--,
RFID_UserData:   ,--Not Acquired--,
Barcode:         ,--Not Acquired--,
PIF:,            0.00,
PARs:,            0.0,     0.0,     0.0,     0.0,     0.0,     0.0,
Light:,           0.0,     0.0,     0.0,     0.0,     0.0,     0.0,
Cycles:,            1,
                    1,      69,      70,      70,
Lamps:,        #10000,
Gain:,              2,      50, 
SNR_raw:,     298.79,
Position:,        0.0,              0.0,   NoData,
DataPt,      Time(us),   EX,         EM,       Fit,
==========,==========,==========,==========,=========,
    0,        0.0,      0.000,       0.000,    216.289,
    1,        0.8,    161.103,     218.184,    222.464,
    2,        3.3,    179.924,     229.697,    229.458,
    3,        5.8,    180.216,     239.990,    236.535,
    4,        8.3,    180.245,     246.608,    243.645,
    5,       10.8,    180.304,     252.352,    250.754,
    6,       13.3,    180.384,     258.338,    257.831,
    7,       15.8,    180.442,     264.904,    264.848,
    8,       18.3,    180.406,     271.055,    271.777,
    9,       20.8,    180.603,     277.127,    278.605,
   10,       23.3,    180.662,     284.787,    285.308,
   11,       25.8,    180.559,     291.040,    291.865,
   12,       28.3,    180.720,     295.761,    298.272,
   13,       30.8,    180.676,     302.752,    304.509,
   14,       33.3,    180.757,     308.979,    310.572,
   15,       35.8,    180.705,     315.984,    316.448,
   16,       38.3,    180.640,     323.019,    322.132,
   17,       40.8,    180.851,     328.446,    327.626,
   18,       43.3,    180.800,     333.794,    332.920,
   19,       45.8,    180.976,     338.443,    338.017,
   20,       48.3,    180.983,     343.679,    342.913,
   21,       50.8,    181.012,     347.491,    347.609,
   22,       53.3,    180.881,     353.272,    352.103,
   23,       55.8,    181.129,     356.652,    356.404,
   24,       58.3,    180.866,     360.764,    360.507,
   25,       60.8,    181.049,     364.819,    364.421,
   26,       63.3,    181.012,     368.207,    368.149,
   27,       65.8,    181.107,     372.708,    371.695,
   28,       68.3,    180.903,     375.893,    375.063,
   29,       70.8,    181.107,     379.058,    378.261,
   30,       73.3,    180.895,     381.436,    381.291,
   31,       75.8,    181.187,     383.857,    384.164,
   32,       78.3,    181.144,     385.882,    386.882,
   33,       80.8,    181.092,     387.923,    389.451,
   34,       83.3,    181.166,     392.183,    391.879,
   35,       85.8,    181.122,     394.762,    394.171,
   36,       88.3,    181.224,     396.747,    396.333,
   37,       90.8,    181.056,     398.772,    398.370,
   38,       93.3,    181.005,     399.989,    400.289,
   39,       95.8,    181.056,     400.981,    402.095,
   40,       98.3,    181.034,     404.344,    403.794,
   41,      100.8,    181.034,     405.172,    405.392,
   42,      103.3,    181.049,     405.416,    406.893,
   43,      105.8,    181.136,     407.704,    408.304,
   44,      108.3,    181.231,     409.698,    409.628,
   45,      110.8,    181.202,     410.591,    410.871,
   46,      113.3,    181.122,     411.878,    412.037,
   47,      115.8,    180.998,     412.989,    413.131,
   48,      118.3,    181.005,     414.077,    414.155,
   49,      120.8,    180.983,     414.127,    415.115,
   50,      123.3,    181.005,     415.735,    416.015,
   51,      125.8,    181.100,     416.897,    416.857,
   52,      128.3,    181.100,     417.726,    417.645,
   53,      130.8,    181.136,     418.469,    418.383,
   54,      133.3,    181.122,     420.712,    419.073,
   55,      135.8,    181.319,     419.978,    419.718,
   56,      138.3,    181.085,     420.520,    420.322,
   57,      140.8,    181.173,     420.041,    420.887,
   58,      143.3,    181.275,     422.011,    421.415,
   59,      145.8,    181.341,     421.858,    421.908,
   60,      148.3,    181.239,     422.647,    422.369,
   61,      150.8,    181.282,     422.821,    422.799,
   62,      153.3,    181.173,     423.077,    423.202,
   63,      155.8,    181.209,     422.991,    423.578,
   64,      158.3,    181.268,     425.613,    423.928,
   65,      160.8,    181.173,     423.629,    424.256,
   66,      163.3,    181.187,     424.698,    424.562,
   67,      165.8,    181.122,     425.129,    424.848,
   68,      168.3,    181.209,     424.647,    425.114,
   69,      170.8,    181.144,     426.457,    425.363,
   70,      175.8,    179.778,     426.081,    426.343,
----,
DateTime:        , 2025/11/19, 16:04:11, 1763582651320,
RFID_EPC:        ,--Not Acquired--,
RFID_UserData:   ,--Not Acquired--,
Barcode:         ,--Not Acquired--,
PIF:,            0.00,
PARs:,            0.0,     0.0,     0.0,     0.0,     0.0,     0.0,
Light:,           0.0,     0.0,     0.0,     0.0,     0.0,     0.0,
Cycles:,            1,
                    1,      69,      70,      70,
Lamps:,        #10000,
Gain:,              2,      50, 
SNR_raw:,     334.70,
Position:,        0.0,              0.0,   NoData,
DataPt,      Time(us),   EX,         EM,       Fit,
==========,==========,==========,==========,=========,
    0,        0.0,      0.000,       0.000,    209.474,
    1,        0.8,    161.147,     210.987,    216.026,
    2,        3.3,    180.014,     223.571,    223.437,
    3,        5.8,    180.131,     234.829,    230.921,
    4,        8.3,    180.197,     241.402,    238.431,
    5,       10.8,    180.402,     248.335,    245.934,
    6,       13.3,    180.409,     253.868,    253.389,
    7,       15.8,    180.358,     260.316,    260.764,
    8,       18.3,    180.453,     267.937,    268.039,
    9,       20.8,    180.533,     273.911,    275.192,
   10,       23.3,    180.606,     280.998,    282.202,
   11,       25.8,    180.584,     288.785,    289.051,
   12,       28.3,    180.672,     294.733,    295.730,
   13,       30.8,    180.964,     300.612,    302.232,
   14,       33.3,    180.789,     307.541,    308.536,
   15,       35.8,    180.876,     313.750,    314.643,
   16,       38.3,    180.884,     320.648,    320.546,
   17,       40.8,    180.774,     326.098,    326.240,
   18,       43.3,    180.825,     331.536,    331.725,
   19,       45.8,    180.906,     336.363,    337.001,
   20,       48.3,    180.913,     342.154,    342.068,
   21,       50.8,    180.891,     348.276,    346.927,
   22,       53.3,    180.935,     351.508,    351.582,
   23,       55.8,    181.008,     357.443,    356.035,
   24,       58.3,    181.117,     359.988,    360.290,
   25,       60.8,    180.971,     364.975,    364.351,
   26,       63.3,    181.088,     368.329,    368.223,
   27,       65.8,    180.920,     372.264,    371.911,
   28,       68.3,    180.949,     376.072,    375.420,
   29,       70.8,    180.986,     379.035,    378.756,
   30,       73.3,    180.927,     383.303,    381.925,
   31,       75.8,    180.949,     385.743,    384.934,
   32,       78.3,    181.074,     388.240,    387.788,
   33,       80.8,    181.088,     391.246,    390.493,
   34,       83.3,    181.132,     393.360,    393.056,
   35,       85.8,    180.840,     395.654,    395.482,
   36,       88.3,    180.979,     398.390,    397.778,
   37,       90.8,    180.964,     400.080,    399.948,
   38,       93.3,    181.022,     403.265,    402.000,
   39,       95.8,    181.227,     403.638,    403.937,
   40,       98.3,    181.088,     404.775,    405.766,
   41,      100.8,    181.139,     406.593,    407.493,
   42,      103.3,    181.154,     408.216,    409.122,
   43,      105.8,    181.212,     410.568,    410.658,
   44,      108.3,    181.168,     411.771,    412.106,
   45,      110.8,    181.117,     413.268,    413.471,
   46,      113.3,    181.132,     413.787,    414.757,
   47,      115.8,    181.366,     416.286,    415.966,
   48,      118.3,    180.906,     417.898,    417.108,
   49,      120.8,    181.249,     417.658,    418.180,
   50,      123.3,    181.147,     419.550,    419.190,
   51,      125.8,    181.161,     420.068,    420.140,
   52,      128.3,    181.030,     420.373,    421.035,
   53,      130.8,    181.081,     422.187,    421.876,
   54,      133.3,    181.154,     422.293,    422.666,
   55,      135.8,    181.074,     422.756,    423.409,
   56,      138.3,    181.161,     423.656,    424.107,
   57,      140.8,    181.300,     424.711,    424.761,
   58,      143.3,    181.234,     425.140,    425.376,
   59,      145.8,    181.125,     425.950,    425.956,
   60,      148.3,    181.176,     425.002,    426.499,
   61,      150.8,    180.803,     426.707,    427.014,
   62,      153.3,    181.212,     427.123,    427.492,
   63,      155.8,    181.044,     428.624,    427.944,
   64,      158.3,    181.242,     429.261,    428.365,
   65,      160.8,    181.227,     429.296,    428.761,
   66,      163.3,    181.132,     431.177,    429.133,
   67,      165.8,    181.249,     429.244,    429.482,
   68,      168.3,    181.453,     430.414,    429.806,
   69,      170.8,    181.410,     430.793,    430.112,
   70,      175.8,    179.751,     433.098,    432.627,
----,
DateTime:        , 2025/11/19, 16:04:20, 1763582659864,
RFID_EPC:        ,--Not Acquired--,
RFID_UserData:   ,--Not Acquired--,
Barcode:         ,--Not Acquired--,
PIF:,            0.00,
PARs:,            0.0,     0.0,     0.0,     0.0,     0.0,     0.0,
Light:,           0.0,     0.0,     0.0,     0.0,     0.0,     0.0,
Cycles:,            1,
                    1,      69,      70,      70,
Lamps:,        #10000,
Gain:,              2,      50, 
SNR_raw:,     327.62,
Position:,        0.0,              0.0,   NoData,
DataPt,      Time(us),   EX,         EM,       Fit,
==========,==========,==========,==========,=========,
    0,        0.0,      0.000,       0.000,    206.025,
    1,        0.8,    161.113,     207.928,    212.631,
    2,        3.3,    179.857,     220.907,    220.123,
    3,        5.8,    179.981,     232.525,    227.711,
    4,        8.3,    180.236,     238.576,    235.354,
    5,       10.8,    180.112,     244.015,    243.000,
    6,       13.3,    180.258,     249.919,    250.622,
    7,       15.8,    180.514,     257.598,    258.194,
    8,       18.3,    180.280,     264.866,    265.672,
    9,       20.8,    180.660,     271.228,    273.052,
   10,       23.3,    180.529,     279.180,    280.297,
   11,       25.8,    180.740,     286.876,    287.401,
   12,       28.3,    180.550,     293.824,    294.334,
   13,       30.8,    180.660,     300.011,    301.094,
   14,       33.3,    180.806,     307.512,    307.671,
   15,       35.8,    180.762,     312.842,    314.051,
   16,       38.3,    180.828,     320.470,    320.230,
   17,       40.8,    180.791,     325.790,    326.199,
   18,       43.3,    180.748,     332.231,    331.957,
   19,       45.8,    180.923,     336.607,    337.505,
   20,       48.3,    180.938,     342.383,    342.838,
   21,       50.8,    180.733,     349.134,    347.953,
   22,       53.3,    180.835,     353.360,    352.858,
   23,       55.8,    180.974,     358.615,    357.554,
   24,       58.3,    181.047,     362.613,    362.043,
   25,       60.8,    181.164,     367.347,    366.330,
   26,       63.3,    180.945,     371.660,    370.414,
   27,       65.8,    180.989,     375.714,    374.303,
   28,       68.3,    180.967,     379.075,    378.003,
   29,       70.8,    181.040,     381.960,    381.519,
   30,       73.3,    180.959,     384.064,    384.855,
   31,       75.8,    180.996,     388.683,    388.020,
   32,       78.3,    181.040,     391.074,    391.019,
   33,       80.8,    180.959,     393.735,    393.858,
   34,       83.3,    180.981,     396.450,    396.543,
   35,       85.8,    181.069,     399.295,    399.082,
   36,       88.3,    181.091,     401.456,    401.480,
   37,       90.8,    181.142,     403.551,    403.744,
   38,       93.3,    181.018,     406.313,    405.880,
   39,       95.8,    181.062,     407.872,    407.893,
   40,       98.3,    181.164,     411.230,    409.790,
   41,      100.8,    181.113,     411.070,    411.577,
   42,      103.3,    181.142,     412.383,    413.258,
   43,      105.8,    181.040,     414.273,    414.840,
   44,      108.3,    181.325,     415.829,    416.328,
   45,      110.8,    181.135,     416.265,    417.726,
   46,      113.3,    181.215,     418.287,    419.040,
   47,      115.8,    181.295,     419.481,    420.274,
   48,      118.3,    181.171,     420.596,    421.433,
   49,      120.8,    181.054,     422.249,    422.521,
   50,      123.3,    181.193,     422.753,    423.541,
   51,      125.8,    181.120,     422.924,    424.498,
   52,      128.3,    181.084,     424.942,    425.396,
   53,      130.8,    181.142,     426.185,    426.238,
   54,      133.3,    181.259,     425.910,    427.026,
   55,      135.8,    181.354,     427.617,    427.765,
   56,      138.3,    181.186,     428.565,    428.457,
   57,      140.8,    181.215,     429.324,    429.106,
   58,      143.3,    181.288,     427.772,    429.713,
   59,      145.8,    181.127,     432.016,    430.282,
   60,      148.3,    181.354,     430.925,    430.814,
   61,      150.8,    181.127,     431.740,    431.313,
   62,      153.3,    181.127,     433.120,    431.781,
   63,      155.8,    181.215,     432.635,    432.217,
   64,      158.3,    181.449,     433.180,    432.624,
   65,      160.8,    181.222,     432.618,    433.007,
   66,      163.3,    181.317,     434.321,    433.364,
   67,      165.8,    181.237,     434.790,    433.698,
   68,      168.3,    181.281,     435.512,    434.011,
   69,      170.8,    181.230,     435.359,    434.304,
   70,      175.8,    179.718,     435.683,    435.806,
----,
DateTime:        , 2025/11/19, 16:04:28, 1763582668338,
RFID_EPC:        ,--Not Acquired--,
RFID_UserData:   ,--Not Acquired--,
Barcode:         ,--Not Acquired--,
PIF:,            0.00,
PARs:,            0.0,     0.0,     0.0,     0.0,     0.0,     0.0,
Light:,           0.0,     0.0,     0.0,     0.0,     0.0,     0.0,
Cycles:,            1,
                    1,      69,      70,      70,
Lamps:,        #10000,
Gain:,              2,      50, 
SNR_raw:,     350.10,
Position:,        0.0,              0.0,   NoData,
DataPt,      Time(us),   EX,         EM,       Fit,
==========,==========,==========,==========,=========,
    0,        0.0,      0.000,       0.000,    209.812,
    1,        0.8,    161.117,     210.716,    215.682,
    2,        3.3,    179.905,     223.785,    222.571,
    3,        5.8,    180.058,     235.480,    229.745,
    4,        8.3,    180.336,     239.831,    237.111,
    5,       10.8,    180.263,     246.030,    244.576,
    6,       13.3,    180.328,     252.317,    252.079,
    7,       15.8,    180.460,     258.506,    259.566,
    8,       18.3,    180.504,     264.261,    266.991,
    9,       20.8,    180.533,     273.080,    274.315,
   10,       23.3,    180.562,     279.682,    281.510,
   11,       25.8,    180.533,     288.036,    288.549,
   12,       28.3,    180.621,     293.986,    295.417,
   13,       30.8,    180.679,     300.810,    302.099,
   14,       33.3,    180.803,     307.240,    308.584,
   15,       35.8,    180.905,     313.700,    314.863,
   16,       38.3,    180.789,     320.540,    320.927,
   17,       40.8,    180.810,     326.032,    326.776,
   18,       43.3,    180.628,     333.282,    332.403,
   19,       45.8,    180.884,     338.339,    337.815,
   20,       48.3,    180.752,     344.394,    343.009,
   21,       50.8,    180.986,     348.922,    347.989,
   22,       53.3,    180.767,     354.324,    352.756,
   23,       55.8,    180.964,     358.911,    357.316,
   24,       58.3,    181.059,     363.142,    361.673,
   25,       60.8,    181.052,     366.470,    365.832,
   26,       63.3,    181.066,     370.031,    369.798,
   27,       65.8,    181.044,     373.942,    373.577,
   28,       68.3,    181.095,     378.254,    377.174,
   29,       70.8,    181.008,     381.199,    380.596,
   30,       73.3,    180.905,     385.284,    383.849,
   31,       75.8,    180.949,     387.678,    386.939,
   32,       78.3,    180.942,     389.904,    389.872,
   33,       80.8,    180.869,     393.655,    392.656,
   34,       83.3,    180.876,     395.851,    395.294,
   35,       85.8,    180.971,     397.577,    397.795,
   36,       88.3,    181.176,     399.888,    400.162,
   37,       90.8,    181.168,     402.664,    402.404,
   38,       93.3,    181.190,     403.167,    404.526,
   39,       95.8,    181.161,     407.096,    406.533,
   40,       98.3,    181.095,     408.625,    408.433,
   41,      100.8,    181.117,     409.679,    410.228,
   42,      103.3,    181.278,     409.592,    411.923,
   43,      105.8,    181.095,     412.214,    413.526,
   44,      108.3,    181.139,     414.046,    415.039,
   45,      110.8,    181.088,     414.991,    416.468,
   46,      113.3,    181.008,     417.109,    417.818,
   47,      115.8,    180.971,     419.128,    419.092,
   48,      118.3,    181.285,     420.332,    420.289,
   49,      120.8,    181.095,     419.945,    421.421,
   50,      123.3,    181.249,     420.968,    422.487,
   51,      125.8,    181.176,     423.070,    423.492,
   52,      128.3,    181.103,     423.793,    424.441,
   53,      130.8,    181.139,     425.364,    425.335,
   54,      133.3,    181.205,     424.933,    426.175,
   55,      135.8,    181.110,     427.365,    426.969,
   56,      138.3,    181.234,     427.348,    427.715,
   57,      140.8,    181.059,     428.038,    428.419,
   58,      143.3,    181.285,     428.882,    429.080,
   59,      145.8,    181.263,     430.037,    429.702,
   60,      148.3,    181.402,     430.535,    430.285,
   61,      150.8,    181.132,     430.625,    430.839,
   62,      153.3,    181.220,     432.349,    431.359,
   63,      155.8,    181.190,     432.142,    431.849,
   64,      158.3,    181.198,     432.953,    432.309,
   65,      160.8,    181.461,     432.601,    432.738,
   66,      163.3,    181.220,     433.728,    433.146,
   67,      165.8,    181.168,     435.230,    433.531,
   68,      168.3,    181.358,     434.775,    433.890,
   69,      170.8,    181.344,     435.913,    434.227,
   70,      175.8,    179.795,     437.720,    437.399,
----,
DateTime:        , 2025/11/19, 16:04:37, 1763582676890,
RFID_EPC:        ,--Not Acquired--,
RFID_UserData:   ,--Not Acquired--,
Barcode:         ,--Not Acquired--,
PIF:,            0.00,
PARs:,            0.0,     0.0,     0.0,     0.0,     0.0,     0.0,
Light:,           0.0,     0.0,     0.0,     0.0,     0.0,     0.0,
Cycles:,            1,
                    1,      69,      70,      70,
Lamps:,        #10000,
Gain:,              2,      50, 
SNR_raw:,     407.55,
Position:,        0.0,              0.0,   NoData,
DataPt,      Time(us),   EX,         EM,       Fit,
==========,==========,==========,==========,=========,
    0,        0.0,      0.000,       0.000,    212.724,
    1,        0.8,    161.174,     213.434,    219.040,
    2,        3.3,    179.896,     226.777,    226.212,
    3,        5.8,    180.130,     238.716,    233.487,
    4,        8.3,    180.532,     244.278,    240.825,
    5,       10.8,    180.473,     249.898,    248.169,
    6,       13.3,    180.378,     256.405,    255.480,
    7,       15.8,    180.539,     261.716,    262.738,
    8,       18.3,    180.517,     269.780,    269.907,
    9,       20.8,    180.349,     275.299,    276.962,
   10,       23.3,    180.444,     282.636,    283.888,
   11,       25.8,    180.583,     289.341,    290.672,
   12,       28.3,    180.853,     294.714,    297.300,
   13,       30.8,    180.576,     302.920,    303.749,
   14,       33.3,    180.868,     308.789,    310.021,
   15,       35.8,    180.948,     314.731,    316.104,
   16,       38.3,    180.817,     321.043,    321.987,
   17,       40.8,    180.882,     327.837,    327.672,
   18,       43.3,    180.948,     332.968,    333.154,
   19,       45.8,    180.912,     338.839,    338.431,
   20,       48.3,    180.846,     344.216,    343.502,
   21,       50.8,    180.853,     349.731,    348.370,
   22,       53.3,    180.956,     353.954,    353.037,
   23,       55.8,    180.802,     358.679,    357.503,
   24,       58.3,    181.014,     362.955,    361.775,
   25,       60.8,    180.999,     366.852,    365.855,
   26,       63.3,    181.007,     370.705,    369.747,
   27,       65.8,    181.080,     374.697,    373.458,
   28,       68.3,    181.072,     377.749,    376.990,
   29,       70.8,    181.029,     380.879,    380.349,
   30,       73.3,    181.094,     384.054,    383.543,
   31,       75.8,    180.999,     387.018,    386.574,
   32,       78.3,    180.992,     390.349,    389.451,
   33,       80.8,    180.941,     393.222,    392.178,
   34,       83.3,    180.926,     394.912,    394.762,
   35,       85.8,    180.985,     397.824,    397.209,
   36,       88.3,    181.058,     399.320,    399.525,
   37,       90.8,    181.058,     401.529,    401.714,
   38,       93.3,    181.109,     403.348,    403.784,
   39,       95.8,    180.948,     406.470,    405.739,
   40,       98.3,    181.145,     407.407,    407.585,
   41,      100.8,    181.124,     408.561,    409.328,
   42,      103.3,    181.094,     410.560,    410.972,
   43,      105.8,    181.072,     412.542,    412.522,
   44,      108.3,    181.124,     412.150,    413.983,
   45,      110.8,    181.116,     415.203,    415.359,
   46,      113.3,    181.175,     415.897,    416.656,
   47,      115.8,    181.197,     416.950,    417.877,
   48,      118.3,    181.050,     418.115,    419.027,
   49,      120.8,    181.197,     419.434,    420.108,
   50,      123.3,    181.306,     420.559,    421.125,
   51,      125.8,    181.102,     422.691,    422.083,
   52,      128.3,    181.029,     422.585,    422.984,
   53,      130.8,    180.992,     423.776,    423.831,
   54,      133.3,    181.160,     424.210,    424.626,
   55,      135.8,    181.087,     425.210,    425.374,
   56,      138.3,    181.153,     425.332,    426.076,
   57,      140.8,    181.175,     426.936,    426.735,
   58,      143.3,    181.145,     426.453,    427.355,
   59,      145.8,    181.233,     428.178,    427.936,
   60,      148.3,    181.313,     427.988,    428.481,
   61,      150.8,    181.270,     429.747,    428.993,
   62,      153.3,    181.372,     428.677,    429.473,
   63,      155.8,    181.226,     431.230,    429.925,
   64,      158.3,    181.226,     431.506,    430.349,
   65,      160.8,    181.094,     431.819,    430.749,
   66,      163.3,    181.109,     431.784,    431.123,
   67,      165.8,    181.219,     433.179,    431.473,
   68,      168.3,    180.970,     434.602,    431.804,
   69,      170.8,    181.335,     433.727,    432.111,
   70,      175.8,    179.801,     434.368,    434.249,
----,
DateTime:        , 2025/11/19, 16:04:45, 1763582685362,
RFID_EPC:        ,--Not Acquired--,
RFID_UserData:   ,--Not Acquired--,
Barcode:         ,--Not Acquired--,
PIF:,            0.00,
PARs:,            0.0,     0.0,     0.0,     0.0,     0.0,     0.0,
Light:,           0.0,     0.0,     0.0,     0.0,     0.0,     0.0,
Cycles:,            1,
                    1,      69,      70,      70,
Lamps:,        #10000,
Gain:,              2,      50, 
SNR_raw:,     321.71,
Position:,        0.0,              0.0,   NoData,
DataPt,      Time(us),   EX,         EM,       Fit,
==========,==========,==========,==========,=========,
    0,        0.0,      0.000,       0.000,    211.517,
    1,        0.8,    161.221,     211.821,    217.972,
    2,        3.3,    179.963,     225.466,    225.313,
    3,        5.8,    180.072,     237.682,    232.761,
    4,        8.3,    180.372,     243.940,    240.273,
    5,       10.8,    180.365,     251.712,    247.792,
    6,       13.3,    180.240,     256.047,    255.274,
    7,       15.8,    180.562,     262.791,    262.701,
    8,       18.3,    180.357,     267.525,    270.028,
    9,       20.8,    180.445,     276.539,    277.239,
   10,       23.3,    180.657,     282.580,    284.317,
   11,       25.8,    180.613,     288.739,    291.237,
   12,       28.3,    180.555,     296.309,    297.985,
   13,       30.8,    180.752,     302.902,    304.555,
   14,       33.3,    180.686,     309.930,    310.930,
   15,       35.8,    180.744,     317.299,    317.107,
   16,       38.3,    180.803,     322.174,    323.081,
   17,       40.8,    180.993,     327.637,    328.848,
   18,       43.3,    180.956,     335.164,    334.404,
   19,       45.8,    181.022,     340.290,    339.748,
   20,       48.3,    180.788,     345.155,    344.875,
   21,       50.8,    180.708,     350.012,    349.790,
   22,       53.3,    181.073,     355.934,    354.502,
   23,       55.8,    180.810,     358.940,    359.004,
   24,       58.3,    180.905,     364.832,    363.305,
   25,       60.8,    180.876,     368.485,    367.408,
   26,       63.3,    181.073,     372.502,    371.320,
   27,       65.8,    180.956,     375.781,    375.043,
   28,       68.3,    181.066,     380.249,    378.585,
   29,       70.8,    181.088,     382.411,    381.950,
   30,       73.3,    181.139,     384.512,    385.144,
   31,       75.8,    180.985,     388.705,    388.173,
   32,       78.3,    180.898,     390.276,    391.043,
   33,       80.8,    180.993,     392.833,    393.761,
   34,       83.3,    181.029,     397.173,    396.333,
   35,       85.8,    181.044,     400.179,    398.765,
   36,       88.3,    181.161,     401.577,    401.064,
   37,       90.8,    181.241,     402.778,    403.236,
   38,       93.3,    181.139,     404.938,    405.286,
   39,       95.8,    181.175,     407.616,    407.220,
   40,       98.3,    181.117,     409.128,    409.044,
   41,      100.8,    181.132,     410.475,    410.762,
   42,      103.3,    181.007,     411.585,    412.382,
   43,      105.8,    181.080,     412.248,    413.906,
   44,      108.3,    181.102,     414.407,    415.341,
   45,      110.8,    181.000,     416.851,    416.692,
   46,      113.3,    181.117,     417.410,    417.962,
   47,      115.8,    181.139,     419.844,    419.156,
   48,      118.3,    181.212,     420.226,    420.278,
   49,      120.8,    181.153,     421.466,    421.332,
   50,      123.3,    181.153,     422.294,    422.323,
   51,      125.8,    181.256,     422.056,    423.254,
   52,      128.3,    181.168,     423.364,    424.128,
   53,      130.8,    181.073,     424.690,    424.949,
   54,      133.3,    181.139,     425.364,    425.719,
   55,      135.8,    181.183,     426.089,    426.441,
   56,      138.3,    181.110,     427.642,    427.119,
   57,      140.8,    181.183,     428.297,    427.755,
   58,      143.3,    181.285,     428.883,    428.350,
   59,      145.8,    181.117,     429.005,    428.910,
   60,      148.3,    181.212,     429.884,    429.434,
   61,      150.8,    181.358,     429.537,    429.924,
   62,      153.3,    181.212,     429.884,    430.385,
   63,      155.8,    181.285,     431.917,    430.816,
   64,      158.3,    181.241,     431.745,    431.221,
   65,      160.8,    181.285,     431.917,    431.600,
   66,      163.3,    181.124,     432.852,    431.956,
   67,      165.8,    181.102,     432.904,    432.289,
   68,      168.3,    181.132,     434.215,    432.602,
   69,      170.8,    181.256,     432.538,    432.893,
   70,      175.8,    179.744,     434.507,    434.527,
----,
DateTime:        , 2025/11/19, 16:04:53, 1763582693822,
RFID_EPC:        ,--Not Acquired--,
RFID_UserData:   ,--Not Acquired--,
Barcode:         ,--Not Acquired--,
PIF:,            0.00,
PARs:,            0.0,     0.0,     0.0,     0.0,     0.0,     0.0,
Light:,           0.0,     0.0,     0.0,     0.0,     0.0,     0.0,
Cycles:,            1,
                    1,      69,      70,      70,
Lamps:,        #10000,
Gain:,              2,      50, 
SNR_raw:,     303.35,
Position:,        0.0,              0.0,   NoData,
DataPt,      Time(us),   EX,         EM,       Fit,
==========,==========,==========,==========,=========,
    0,        0.0,      0.000,       0.000,    208.993,
    1,        0.8,    160.980,     209.964,    215.566,
    2,        3.3,    180.054,     223.623,    223.032,
    3,        5.8,    179.996,     235.839,    230.583,
    4,        8.3,    180.332,     241.222,    238.188,
    5,       10.8,    180.193,     247.512,    245.789,
    6,       13.3,    180.325,     253.155,    253.361,
    7,       15.8,    180.354,     260.876,    260.870,
    8,       18.3,    180.471,     267.633,    268.292,
    9,       20.8,    180.507,     273.673,    275.602,
   10,       23.3,    180.602,     281.835,    282.781,
   11,       25.8,    180.529,     289.150,    289.806,
   12,       28.3,    180.478,     295.050,    296.663,
   13,       30.8,    180.617,     301.744,    303.347,
   14,       33.3,    180.712,     309.609,    309.845,
   15,       35.8,    180.799,     315.543,    316.149,
   16,       38.3,    180.814,     322.154,    322.250,
   17,       40.8,    180.916,     328.605,    328.146,
   18,       43.3,    180.851,     333.977,    333.829,
   19,       45.8,    180.843,     340.073,    339.299,
   20,       48.3,    180.836,     344.235,    344.556,
   21,       50.8,    180.997,     348.901,    349.602,
   22,       53.3,    180.843,     355.004,    354.434,
   23,       55.8,    180.953,     359.210,    359.058,
   24,       58.3,    181.041,     364.007,    363.478,
   25,       60.8,    181.026,     368.179,    367.695,
   26,       63.3,    181.150,     372.619,    371.715,
   27,       65.8,    180.902,     375.618,    375.539,
   28,       68.3,    181.077,     380.501,    379.177,
   29,       70.8,    181.041,     382.235,    382.632,
   30,       73.3,    181.033,     386.117,    385.910,
   31,       75.8,    181.041,     389.139,    389.019,
   32,       78.3,    181.019,     392.777,    391.962,
   33,       80.8,    181.070,     395.704,    394.748,
   34,       83.3,    180.982,     398.658,    397.382,
   35,       85.8,    181.165,     401.568,    399.872,
   36,       88.3,    181.106,     402.526,    402.223,
   37,       90.8,    181.216,     403.110,    404.441,
   38,       93.3,    181.143,     406.033,    406.533,
   39,       95.8,    181.041,     409.301,    408.503,
   40,       98.3,    181.092,     410.290,    410.360,
   41,      100.8,    181.106,     411.361,    412.107,
   42,      103.3,    181.026,     412.372,    413.751,
   43,      105.8,    181.223,     414.682,    415.297,
   44,      108.3,    180.909,     416.784,    416.749,
   45,      110.8,    181.121,     418.229,    418.115,
   46,      113.3,    181.311,     418.894,    419.397,
   47,      115.8,    181.201,     419.699,    420.601,
   48,      118.3,    181.194,     421.924,    421.731,
   49,      120.8,    181.092,     422.438,    422.791,
   50,      123.3,    181.289,     423.357,    423.785,
   51,      125.8,    181.260,     424.253,    424.717,
   52,      128.3,    181.187,     426.632,    425.591,
   53,      130.8,    181.055,     425.561,    426.410,
   54,      133.3,    181.026,     427.287,    427.178,
   55,      135.8,    181.260,     428.943,    427.896,
   56,      138.3,    181.106,     427.650,    428.569,
   57,      140.8,    181.260,     428.667,    429.199,
   58,      143.3,    181.260,     429.218,    429.788,
   59,      145.8,    181.194,     429.650,    430.341,
   60,      148.3,    181.267,     430.029,    430.857,
   61,      150.8,    181.464,     432.592,    431.339,
   62,      153.3,    181.106,     431.791,    431.792,
   63,      155.8,    181.165,     432.479,    432.216,
   64,      158.3,    181.223,     432.892,    432.611,
   65,      160.8,    181.245,     434.770,    432.981,
   66,      163.3,    180.982,     435.126,    433.328,
   67,      165.8,    181.260,     433.908,    433.652,
   68,      168.3,    181.165,     434.411,    433.954,
   69,      170.8,    181.267,     434.994,    434.236,
   70,      175.8,    179.835,     435.399,    435.420,
----,
DateTime:        , 2025/11/19, 16:05:02, 1763582702272,
RFID_EPC:        ,--Not Acquired--,
RFID_UserData:   ,--Not Acquired--,
Barcode:         ,--Not Acquired--,
PIF:,            0.00,
PARs:,            0.0,     0.0,     0.0,     0.0,     0.0,     0.0,
Light:,           0.0,     0.0,     0.0,     0.0,     0.0,     0.0,
Cycles:,            1,
                    1,      69,      70,      70,
Lamps:,        #10000,
Gain:,              2,      50, 
SNR_raw:,     438.96,
Position:,        0.0,              0.0,   NoData,
DataPt,      Time(us),   EX,         EM,       Fit,
==========,==========,==========,==========,=========,
    0,        0.0,      0.000,       0.000,    211.194,
    1,        0.8,    161.105,     212.284,    217.788,
    2,        3.3,    180.007,     226.020,    225.260,
    3,        5.8,    180.015,     238.314,    232.809,
    4,        8.3,    180.175,     243.652,    240.393,
    5,       10.8,    180.409,     249.433,    247.973,
    6,       13.3,    180.409,     255.253,    255.504,
    7,       15.8,    180.555,     262.801,    262.961,
    8,       18.3,    180.482,     269.002,    270.309,
    9,       20.8,    180.628,     275.428,    277.532,
   10,       23.3,    180.708,     283.883,    284.609,
   11,       25.8,    180.701,     289.982,    291.521,
   12,       28.3,    180.665,     297.789,    298.254,
   13,       30.8,    180.672,     303.589,    304.800,
   14,       33.3,    180.854,     311.576,    311.153,
   15,       35.8,    180.833,     316.038,    317.303,
   16,       38.3,    180.898,     323.386,    323.246,
   17,       40.8,    180.708,     328.430,    328.976,
   18,       43.3,    180.869,     334.220,    334.496,
   19,       45.8,    181.052,     339.406,    339.808,
   20,       48.3,    180.964,     345.096,    344.906,
   21,       50.8,    180.993,     349.461,    349.796,
   22,       53.3,    180.920,     354.576,    354.478,
   23,       55.8,    180.986,     359.420,    358.957,
   24,       58.3,    180.884,     364.875,    363.236,
   25,       60.8,    181.022,     367.910,    367.321,
   26,       63.3,    180.811,     373.042,    371.215,
   27,       65.8,    180.993,     375.981,    374.926,
   28,       68.3,    181.030,     378.943,    378.459,
   29,       70.8,    180.847,     382.920,    381.817,
   30,       73.3,    180.964,     386.265,    385.009,
   31,       75.8,    180.884,     389.200,    388.039,
   32,       78.3,    181.081,     391.538,    390.915,
   33,       80.8,    181.081,     394.299,    393.643,
   34,       83.3,    181.161,     396.608,    396.227,
   35,       85.8,    181.015,     399.414,    398.675,
   36,       88.3,    181.074,     401.218,    400.992,
   37,       90.8,    181.169,     403.492,    403.184,
   38,       93.3,    181.205,     405.342,    405.257,
   39,       95.8,    181.154,     406.560,    407.216,
   40,       98.3,    180.971,     409.181,    409.067,
   41,      100.8,    181.227,     409.983,    410.814,
   42,      103.3,    180.986,     412.463,    412.464,
   43,      105.8,    181.117,     413.820,    414.021,
   44,      108.3,    181.074,     414.748,    415.489,
   45,      110.8,    181.212,     415.810,    416.873,
   46,      113.3,    180.971,     418.022,    418.179,
   47,      115.8,    181.066,     419.183,    419.408,
   48,      118.3,    181.242,     418.778,    420.566,
   49,      120.8,    181.147,     420.654,    421.657,
   50,      123.3,    181.190,     422.208,    422.684,
   51,      125.8,    181.249,     422.347,    423.650,
   52,      128.3,    181.132,     424.276,    424.561,
   53,      130.8,    181.088,     425.207,    425.418,
   54,      133.3,    181.205,     426.313,    426.223,
   55,      135.8,    181.110,     426.812,    426.982,
   56,      138.3,    181.300,     426.365,    427.693,
   57,      140.8,    181.030,     427.830,    428.365,
   58,      143.3,    181.074,     429.383,    428.996,
   59,      145.8,    181.198,     429.365,    429.588,
   60,      148.3,    181.234,     430.934,    430.144,
   61,      150.8,    181.117,     430.936,    430.668,
   62,      153.3,    181.271,     432.502,    431.159,
   63,      155.8,    181.315,     432.398,    431.619,
   64,      158.3,    181.256,     432.261,    432.053,
   65,      160.8,    181.147,     432.799,    432.462,
   66,      163.3,    181.132,     433.662,    432.845,
   67,      165.8,    181.081,     434.888,    433.206,
   68,      168.3,    181.117,     435.629,    433.545,
   69,      170.8,    181.234,     435.900,    433.862,
   70,      175.8,    179.722,     436.228,    436.117,
----,
DateTime:        , 2025/11/19, 16:05:10, 1763582710734,
RFID_EPC:        ,--Not Acquired--,
RFID_UserData:   ,--Not Acquired--,
Barcode:         ,--Not Acquired--,
PIF:,            0.00,
PARs:,            0.0,     0.0,     0.0,     0.0,     0.0,     0.0,
Light:,           0.0,     0.0,     0.0,     0.0,     0.0,     0.0,
Cycles:,            1,
                    1,      69,      70,      70,
Lamps:,        #10000,
Gain:,              2,      50, 
SNR_raw:,     349.64,
Position:,        0.0,              0.0,   NoData,
DataPt,      Time(us),   EX,         EM,       Fit,
==========,==========,==========,==========,=========,
    0,        0.0,      0.000,       0.000,    211.565,
    1,        0.8,    161.202,     212.467,    218.030,
    2,        3.3,    179.870,     225.707,    225.388,
    3,        5.8,    180.170,     237.554,    232.871,
    4,        8.3,    180.045,     243.550,    240.407,
    5,       10.8,    180.345,     250.631,    247.961,
    6,       13.3,    180.579,     256.121,    255.492,
    7,       15.8,    180.440,     262.691,    262.949,
    8,       18.3,    180.476,     269.287,    270.310,
    9,       20.8,    180.542,     275.559,    277.550,
   10,       23.3,    180.579,     282.702,    284.647,
   11,       25.8,    180.601,     289.866,    291.582,
   12,       28.3,    180.739,     297.666,    298.345,
   13,       30.8,    180.695,     304.656,    304.920,
   14,       33.3,    180.732,     310.681,    311.299,
   15,       35.8,    180.827,     316.878,    317.476,
   16,       38.3,    180.915,     323.357,    323.447,
   17,       40.8,    180.754,     328.347,    329.204,
   18,       43.3,    180.937,     334.648,    334.751,
   19,       45.8,    180.980,     340.092,    340.085,
   20,       48.3,    180.893,     345.785,    345.205,
   21,       50.8,    180.893,     351.037,    350.115,
   22,       53.3,    180.827,     355.312,    354.816,
   23,       55.8,    181.068,     359.257,    359.315,
   24,       58.3,    181.002,     364.360,    363.613,
   25,       60.8,    180.871,     368.772,    367.714,
   26,       63.3,    181.002,     372.924,    371.625,
   27,       65.8,    181.061,     375.841,    375.352,
   28,       68.3,    181.075,     379.952,    378.898,
   29,       70.8,    181.061,     383.297,    382.271,
   30,       73.3,    181.046,     386.090,    385.475,
   31,       75.8,    181.039,     389.143,    388.518,
   32,       78.3,    181.002,     390.327,    391.404,
   33,       80.8,    181.002,     393.365,    394.141,
   34,       83.3,    180.922,     396.856,    396.735,
   35,       85.8,    181.068,     399.574,    399.191,
   36,       88.3,    181.148,     401.605,    401.515,
   37,       90.8,    181.185,     403.731,    403.714,
   38,       93.3,    181.199,     405.630,    405.794,
   39,       95.8,    181.126,     407.174,    407.759,
   40,       98.3,    181.170,     408.456,    409.615,
   41,      100.8,    181.148,     410.989,    411.369,
   42,      103.3,    181.192,     412.546,    413.023,
   43,      105.8,    181.141,     414.594,    414.584,
   44,      108.3,    181.017,     415.707,    416.058,
   45,      110.8,    181.119,     416.853,    417.446,
   46,      113.3,    181.141,     418.459,    418.754,
   47,      115.8,    181.010,     420.420,    419.988,
   48,      118.3,    180.958,     421.368,    421.151,
   49,      120.8,    181.061,     423.063,    422.245,
   50,      123.3,    181.031,     422.579,    423.275,
   51,      125.8,    181.280,     423.930,    424.243,
   52,      128.3,    181.061,     424.720,    425.156,
   53,      130.8,    181.221,     425.447,    426.014,
   54,      133.3,    181.134,     426.757,    426.822,
   55,      135.8,    181.229,     428.188,    427.581,
   56,      138.3,    181.104,     429.310,    428.296,
   57,      140.8,    181.156,     429.189,    428.968,
   58,      143.3,    181.053,     430.536,    429.600,
   59,      145.8,    181.163,     430.828,    430.194,
   60,      148.3,    181.148,     429.482,    430.752,
   61,      150.8,    181.156,     431.121,    431.276,
   62,      153.3,    181.141,     431.708,    431.769,
   63,      155.8,    181.316,     431.842,    432.230,
   64,      158.3,    181.346,     431.497,    432.664,
   65,      160.8,    181.236,     433.413,    433.072,
   66,      163.3,    181.104,     434.556,    433.457,
   67,      165.8,    181.280,     434.136,    433.817,
   68,      168.3,    181.243,     434.775,    434.155,
   69,      170.8,    181.229,     435.362,    434.473,
   70,      175.8,    179.695,     436.852,    436.745,
----,
DateTime:        , 2025/11/19, 16:05:19, 1763582719223,
RFID_EPC:        ,--Not Acquired--,
RFID_UserData:   ,--Not Acquired--,
Barcode:         ,--Not Acquired--,
PIF:,            0.00,
PARs:,            0.0,     0.0,     0.0,     0.0,     0.0,     0.0,
Light:,           0.0,     0.0,     0.0,     0.0,     0.0,     0.0,
Cycles:,            1,
                    1,      69,      70,      70,
Lamps:,        #10000,
Gain:,              2,      50, 
SNR_raw:,     324.75,
Position:,        0.0,              0.0,   NoData,
DataPt,      Time(us),   EX,         EM,       Fit,
==========,==========,==========,==========,=========,
    0,        0.0,      0.000,       0.000,    213.647,
    1,        0.8,    161.205,     213.704,    219.458,
    2,        3.3,    179.989,     226.725,    226.297,
    3,        5.8,    180.178,     238.375,    233.440,
    4,        8.3,    180.244,     244.391,    240.781,
    5,       10.8,    180.215,     250.257,    248.237,
    6,       13.3,    180.427,     256.891,    255.745,
    7,       15.8,    180.536,     262.828,    263.245,
    8,       18.3,    180.368,     269.171,    270.682,
    9,       20.8,    180.514,     277.263,    278.027,
   10,       23.3,    180.690,     283.912,    285.247,
   11,       25.8,    180.587,     289.887,    292.312,
   12,       28.3,    180.653,     297.808,    299.204,
   13,       30.8,    180.770,     305.360,    305.907,
   14,       33.3,    180.799,     311.119,    312.408,
   15,       35.8,    180.828,     318.534,    318.698,
   16,       38.3,    180.931,     324.434,    324.770,
   17,       40.8,    180.967,     329.894,    330.620,
   18,       43.3,    180.697,     335.922,    336.242,
   19,       45.8,    180.967,     342.051,    341.641,
   20,       48.3,    180.880,     346.916,    346.814,
   21,       50.8,    180.982,     351.969,    351.766,
   22,       53.3,    180.909,     356.810,    356.498,
   23,       55.8,    180.909,     360.955,    361.014,
   24,       58.3,    180.931,     366.715,    365.320,
   25,       60.8,    180.872,     370.980,    369.420,
   26,       63.3,    181.026,     373.980,    373.320,
   27,       65.8,    181.004,     377.340,    377.027,
   28,       68.3,    180.843,     380.164,    380.548,
   29,       70.8,    181.033,     383.632,    383.887,
   30,       73.3,    181.033,     389.432,    387.052,
   31,       75.8,    180.982,     389.818,    390.051,
   32,       78.3,    181.113,     394.505,    392.889,
   33,       80.8,    181.055,     395.737,    395.574,
   34,       83.3,    181.091,     397.866,    398.112,
   35,       85.8,    180.923,     400.999,    400.511,
   36,       88.3,    181.121,     403.047,    402.775,
   37,       90.8,    181.172,     404.313,    404.911,
   38,       93.3,    181.069,     406.198,    406.927,
   39,       95.8,    181.069,     408.407,    408.828,
   40,       98.3,    180.828,     410.610,    410.621,
   41,      100.8,    181.172,     412.592,    412.307,
   42,      103.3,    181.230,     413.563,    413.894,
   43,      105.8,    181.245,     416.288,    415.388,
   44,      108.3,    181.011,     416.273,    416.797,
   45,      110.8,    181.179,     418.647,    418.120,
   46,      113.3,    181.121,     419.058,    419.365,
   47,      115.8,    181.099,     420.765,    420.535,
   48,      118.3,    180.974,     421.054,    421.637,
   49,      120.8,    181.121,     421.266,    422.671,
   50,      123.3,    181.186,     423.045,    423.640,
   51,      125.8,    181.077,     424.130,    424.553,
   52,      128.3,    181.201,     424.391,    425.408,
   53,      130.8,    181.135,     425.649,    426.212,
   54,      133.3,    181.259,     427.564,    426.965,
   55,      135.8,    181.179,     427.478,    427.672,
   56,      138.3,    181.106,     428.202,    428.338,
   57,      140.8,    181.194,     429.375,    428.961,
   58,      143.3,    181.172,     429.703,    429.545,
   59,      145.8,    181.208,     430.720,    430.093,
   60,      148.3,    181.237,     431.202,    430.607,
   61,      150.8,    181.296,     431.615,    431.087,
   62,      153.3,    181.252,     431.444,    431.539,
   63,      155.8,    181.230,     431.220,    431.963,
   64,      158.3,    181.281,     432.753,    432.359,
   65,      160.8,    181.245,     434.220,    432.731,
   66,      163.3,    181.274,     433.322,    433.080,
   67,      165.8,    181.237,     433.410,    433.407,
   68,      168.3,    181.194,     433.790,    433.715,
   69,      170.8,    180.953,     434.644,    434.007,
   70,      175.8,    179.726,     437.333,    437.154,
----,
DateTime:        , 2025/11/19, 16:05:27, 1763582727737,
RFID_EPC:        ,--Not Acquired--,
RFID_UserData:   ,--Not Acquired--,
Barcode:         ,--Not Acquired--,
PIF:,            0.00,
PARs:,            0.0,     0.0,     0.0,     0.0,     0.0,     0.0,
Light:,           0.0,     0.0,     0.0,     0.0,     0.0,     0.0,
Cycles:,            1,
                    1,      69,      70,      70,
Lamps:,        #10000,
Gain:,              2,      50, 
SNR_raw:,     309.00,
Position:,        0.0,              0.0,   NoData,
DataPt,      Time(us),   EX,         EM,       Fit,
==========,==========,==========,==========,=========,
    0,        0.0,      0.000,       0.000,    211.098,
    1,        0.8,    161.106,     212.283,    217.709,
    2,        3.3,    179.773,     225.635,    225.199,
    3,        5.8,    180.153,     237.576,    232.790,
    4,        8.3,    180.270,     243.801,    240.425,
    5,       10.8,    180.321,     250.110,    248.058,
    6,       13.3,    180.175,     255.308,    255.647,
    7,       15.8,    180.525,     262.290,    263.177,
    8,       18.3,    180.438,     271.008,    270.605,
    9,       20.8,    180.701,     276.701,    277.919,
   10,       23.3,    180.555,     284.678,    285.085,
   11,       25.8,    180.803,     290.924,    292.097,
   12,       28.3,    180.686,     297.201,    298.931,
   13,       30.8,    180.635,     304.481,    305.577,
   14,       33.3,    180.628,     310.584,    312.026,
   15,       35.8,    180.708,     317.363,    318.273,
   16,       38.3,    180.818,     322.978,    324.313,
   17,       40.8,    180.686,     330.131,    330.137,
   18,       43.3,    180.964,     334.874,    335.750,
   19,       45.8,    180.854,     341.712,    341.144,
   20,       48.3,    180.942,     345.968,    346.323,
   21,       50.8,    181.000,     352.210,    351.288,
   22,       53.3,    180.905,     357.370,    356.039,
   23,       55.8,    180.986,     361.355,    360.582,
   24,       58.3,    180.964,     366.648,    364.918,
   25,       60.8,    180.861,     370.449,    369.052,
   26,       63.3,    181.154,     373.716,    372.993,
   27,       65.8,    180.861,     377.637,    376.740,
   28,       68.3,    181.051,     380.831,    380.303,
   29,       70.8,    181.037,     385.557,    383.687,
   30,       73.3,    181.234,     387.897,    386.899,
   31,       75.8,    181.029,     389.440,    389.944,
   32,       78.3,    181.285,     392.476,    392.829,
   33,       80.8,    181.161,     396.609,    395.559,
   34,       83.3,    181.139,     398.589,    398.142,
   35,       85.8,    181.007,     400.812,    400.584,
   36,       88.3,    181.044,     402.941,    402.890,
   37,       90.8,    181.037,     404.062,    405.068,
   38,       93.3,    181.117,     408.300,    407.123,
   39,       95.8,    181.154,     409.045,    409.061,
   40,       98.3,    181.197,     410.050,    410.888,
   41,      100.8,    181.037,     410.967,    412.609,
   42,      103.3,    181.183,     413.671,    414.230,
   43,      105.8,    181.219,     415.519,    415.756,
   44,      108.3,    181.080,     417.494,    417.193,
   45,      110.8,    181.088,     418.582,    418.545,
   46,      113.3,    181.022,     417.905,    419.816,
   47,      115.8,    181.146,     419.551,    421.010,
   48,      118.3,    181.124,     421.534,    422.133,
   49,      120.8,    181.029,     423.688,    423.188,
   50,      123.3,    181.051,     423.913,    424.180,
   51,      125.8,    181.095,     425.467,    425.110,
   52,      128.3,    181.132,     425.381,    425.983,
   53,      130.8,    181.278,     427.245,    426.802,
   54,      133.3,    181.219,     426.003,    427.570,
   55,      135.8,    181.270,     428.917,    428.291,
   56,      138.3,    181.059,     428.038,    428.969,
   57,      140.8,    181.395,     429.451,    429.602,
   58,      143.3,    181.102,     430.143,    430.199,
   59,      145.8,    181.234,     431.211,    430.757,
   60,      148.3,    181.080,     432.404,    431.281,
   61,      150.8,    181.234,     432.039,    431.772,
   62,      153.3,    181.073,     432.974,    432.233,
   63,      155.8,    181.256,     433.090,    432.663,
   64,      158.3,    181.088,     433.215,    433.068,
   65,      160.8,    181.234,     433.418,    433.445,
   66,      163.3,    181.132,     434.491,    433.800,
   67,      165.8,    181.175,     434.938,    434.132,
   68,      168.3,    181.088,     435.976,    434.445,
   69,      170.8,    181.351,     435.344,    434.734,
   70,      175.8,    179.766,     437.235,    437.005,
----,
DateTime:        , 2025/11/19, 16:05:36, 1763582736213,
RFID_EPC:        ,--Not Acquired--,
RFID_UserData:   ,--Not Acquired--,
Barcode:         ,--Not Acquired--,
PIF:,            0.00,
PARs:,            0.0,     0.0,     0.0,     0.0,     0.0,     0.0,
Light:,           0.0,     0.0,     0.0,     0.0,     0.0,     0.0,
Cycles:,            1,
                    1,      69,      70,      70,
Lamps:,        #10000,
Gain:,              2,      50, 
SNR_raw:,     346.53,
Position:,        0.0,              0.0,   NoData,
DataPt,      Time(us),   EX,         EM,       Fit,
==========,==========,==========,==========,=========,
    0,        0.0,      0.000,       0.000,    210.365,
    1,        0.8,    160.976,     211.211,    216.946,
    2,        3.3,    179.825,     225.144,    224.414,
    3,        5.8,    180.139,     237.594,    231.984,
    4,        8.3,    180.073,     241.568,    239.594,
    5,       10.8,    180.270,     251.012,    247.214,
    6,       13.3,    180.314,     254.556,    254.802,
    7,       15.8,    180.541,     260.606,    262.333,
    8,       18.3,    180.548,     268.904,    269.770,
    9,       20.8,    180.519,     275.872,    277.089,
   10,       23.3,    180.599,     283.224,    284.273,
   11,       25.8,    180.665,     290.040,    291.303,
   12,       28.3,    180.774,     296.502,    298.165,
   13,       30.8,    180.694,     304.659,    304.843,
   14,       33.3,    180.789,     309.754,    311.329,
   15,       35.8,    180.533,     317.116,    317.607,
   16,       38.3,    180.701,     323.462,    323.683,
   17,       40.8,    180.760,     330.273,    329.548,
   18,       43.3,    180.635,     335.759,    335.196,
   19,       45.8,    180.709,     339.774,    340.630,
   20,       48.3,    181.001,     346.408,    345.852,
   21,       50.8,    180.840,     350.863,    350.857,
   22,       53.3,    181.066,     356.499,    355.653,
   23,       55.8,    181.001,     361.048,    360.237,
   24,       58.3,    180.979,     364.684,    364.614,
   25,       60.8,    180.884,     370.127,    368.787,
   26,       63.3,    181.059,     374.740,    372.765,
   27,       65.8,    180.906,     376.992,    376.549,
   28,       68.3,    180.789,     380.278,    380.145,
   29,       70.8,    180.979,     384.299,    383.561,
   30,       73.3,    180.920,     386.911,    386.802,
   31,       75.8,    181.030,     389.715,    389.875,
   32,       78.3,    181.096,     393.439,    392.785,
   33,       80.8,    181.249,     395.864,    395.541,
   34,       83.3,    181.147,     398.848,    398.147,
   35,       85.8,    181.242,     400.570,    400.610,
   36,       88.3,    181.212,     403.118,    402.936,
   37,       90.8,    181.147,     404.920,    405.131,
   38,       93.3,    181.015,     406.872,    407.202,
   39,       95.8,    181.081,     408.933,    409.155,
   40,       98.3,    181.169,     411.495,    410.994,
   41,      100.8,    181.044,     414.539,    412.727,
   42,      103.3,    181.139,     414.046,    414.359,
   43,      105.8,    181.161,     415.652,    415.893,
   44,      108.3,    181.293,     417.557,    417.336,
   45,      110.8,    181.059,     418.648,    418.694,
   46,      113.3,    181.008,     418.766,    419.971,
   47,      115.8,    181.183,     420.845,    421.169,
   48,      118.3,    181.103,     421.860,    422.295,
   49,      120.8,    181.198,     421.915,    423.352,
   50,      123.3,    180.986,     424.066,    424.346,
   51,      125.8,    181.190,     423.863,    425.277,
   52,      128.3,    181.285,     426.124,    426.150,
   53,      130.8,    181.315,     426.606,    426.968,
   54,      133.3,    180.986,     427.934,    427.739,
   55,      135.8,    181.307,     427.727,    428.458,
   56,      138.3,    181.264,     428.106,    429.133,
   57,      140.8,    181.132,     428.969,    429.767,
   58,      143.3,    181.402,     429.984,    430.359,
   59,      145.8,    181.161,     430.556,    430.916,
   60,      148.3,    181.190,     431.866,    431.437,
   61,      150.8,    181.198,     432.124,    431.925,
   62,      153.3,    181.176,     432.453,    432.382,
   63,      155.8,    181.227,     434.538,    432.810,
   64,      158.3,    181.183,     434.091,    433.211,
   65,      160.8,    181.278,     433.312,    433.586,
   66,      163.3,    181.351,     433.965,    433.936,
   67,      165.8,    181.285,     436.328,    434.264,
   68,      168.3,    181.234,     436.176,    434.572,
   69,      170.8,    181.190,     436.833,    434.861,
   70,      175.8,    179.796,     437.163,    436.958,
----,
DateTime:        , 2025/11/19, 16:05:44, 1763582744696,
RFID_EPC:        ,--Not Acquired--,
RFID_UserData:   ,--Not Acquired--,
Barcode:         ,--Not Acquired--,
PIF:,            0.00,
PARs:,            0.0,     0.0,     0.0,     0.0,     0.0,     0.0,
Light:,           0.0,     0.0,     0.0,     0.0,     0.0,     0.0,
Cycles:,            1,
                    1,      69,      70,      70,
Lamps:,        #10000,
Gain:,              2,      50, 
SNR_raw:,     309.20,
Position:,        0.0,              0.0,   NoData,
DataPt,      Time(us),   EX,         EM,       Fit,
==========,==========,==========,==========,=========,
    0,        0.0,      0.000,       0.000,    213.956,
    1,        0.8,    161.030,     215.487,    220.371,
    2,        3.3,    179.946,     228.168,    227.674,
    3,        5.8,    180.165,     239.503,    235.093,
    4,        8.3,    180.107,     245.966,    242.566,
    5,       10.8,    180.399,     251.388,    250.062,
    6,       13.3,    180.304,     257.898,    257.529,
    7,       15.8,    180.625,     265.190,    264.948,
    8,       18.3,    180.705,     270.330,    272.281,
    9,       20.8,    180.632,     278.743,    279.498,
   10,       23.3,    180.676,     285.317,    286.582,
   11,       25.8,    180.589,     291.547,    293.510,
   12,       28.3,    180.749,     299.586,    300.274,
   13,       30.8,    180.647,     305.568,    306.855,
   14,       33.3,    180.778,     313.090,    313.249,
   15,       35.8,    180.764,     318.095,    319.443,
   16,       38.3,    180.764,     325.563,    325.433,
   17,       40.8,    180.924,     330.525,    331.217,
   18,       43.3,    180.749,     337.208,    336.786,
   19,       45.8,    180.800,     341.814,    342.142,
   20,       48.3,    180.800,     348.174,    347.286,
   21,       50.8,    180.983,     353.348,    352.220,
   22,       53.3,    180.983,     357.769,    356.945,
   23,       55.8,    180.910,     362.611,    361.462,
   24,       58.3,    180.895,     365.958,    365.775,
   25,       60.8,    180.976,     370.216,    369.890,
   26,       63.3,    180.851,     374.340,    373.809,
   27,       65.8,    181.041,     378.367,    377.541,
   28,       68.3,    180.808,     381.898,    381.088,
   29,       70.8,    181.012,     385.057,    384.458,
   30,       73.3,    181.078,     389.611,    387.656,
   31,       75.8,    181.027,     391.102,    390.689,
   32,       78.3,    180.888,     394.443,    393.562,
   33,       80.8,    180.903,     395.793,    396.282,
   34,       83.3,    181.027,     398.560,    398.856,
   35,       85.8,    181.114,     400.852,    401.289,
   36,       88.3,    181.173,     404.034,    403.588,
   37,       90.8,    181.005,     406.895,    405.759,
   38,       93.3,    181.180,     407.605,    407.807,
   39,       95.8,    181.034,     409.039,    409.740,
   40,       98.3,    181.056,     411.475,    411.561,
   41,      100.8,    181.041,     412.613,    413.278,
   42,      103.3,    181.180,     415.609,    414.894,
   43,      105.8,    181.078,     415.843,    416.416,
   44,      108.3,    181.071,     416.412,    417.849,
   45,      110.8,    181.129,     418.486,    419.196,
   46,      113.3,    181.063,     421.124,    420.463,
   47,      115.8,    181.122,     420.712,    421.654,
   48,      118.3,    181.158,     421.731,    422.773,
   49,      120.8,    181.202,     423.009,    423.825,
   50,      123.3,    181.085,     423.558,    424.813,
   51,      125.8,    181.165,     426.130,    425.740,
   52,      128.3,    181.253,     425.924,    426.610,
   53,      130.8,    181.282,     428.337,    427.426,
   54,      133.3,    181.114,     428.182,    428.194,
   55,      135.8,    181.209,     428.786,    428.913,
   56,      138.3,    181.260,     428.389,    429.587,
   57,      140.8,    181.217,     430.700,    430.220,
   58,      143.3,    181.129,     430.632,    430.814,
   59,      145.8,    181.312,     431.302,    431.369,
   60,      148.3,    181.180,     433.547,    431.891,
   61,      150.8,    181.173,     432.184,    432.380,
   62,      153.3,    181.297,     432.164,    432.837,
   63,      155.8,    181.341,     432.887,    433.265,
   64,      158.3,    181.341,     434.817,    433.667,
   65,      160.8,    181.326,     434.576,    434.043,
   66,      163.3,    181.107,     436.206,    434.397,
   67,      165.8,    181.173,     435.220,    434.729,
   68,      168.3,    181.100,     436.500,    435.040,
   69,      170.8,    181.049,     436.623,    435.331,
   70,      175.8,    179.946,     437.632,    437.465,
----,
DateTime:        , 2025/11/19, 16:05:53, 1763582753184,
RFID_EPC:        ,--Not Acquired--,
RFID_UserData:   ,--Not Acquired--,
Barcode:         ,--Not Acquired--,
PIF:,            0.00,
PARs:,            0.0,     0.0,     0.0,     0.0,     0.0,     0.0,
Light:,           0.0,     0.0,     0.0,     0.0,     0.0,     0.0,
Cycles:,            1,
                    1,      69,      70,      70,
Lamps:,        #10000,
Gain:,              2,      50, 
SNR_raw:,     283.76,
Position:,        0.0,              0.0,   NoData,
DataPt,      Time(us),   EX,         EM,       Fit,
==========,==========,==========,==========,=========,
    0,        0.0,      0.000,       0.000,    212.471,
    1,        0.8,    161.206,     213.081,    219.019,
    2,        3.3,    180.064,     226.585,    226.475,
    3,        5.8,    180.167,     238.668,    234.045,
    4,        8.3,    180.108,     245.408,    241.669,
    5,       10.8,    180.313,     252.062,    249.309,
    6,       13.3,    180.276,     257.383,    256.914,
    7,       15.8,    180.422,     263.548,    264.455,
    8,       18.3,    180.378,     270.265,    271.896,
    9,       20.8,    180.561,     278.299,    279.218,
   10,       23.3,    180.641,     286.479,    286.397,
   11,       25.8,    180.627,     292.592,    293.411,
   12,       28.3,    180.627,     299.513,    300.246,
   13,       30.8,    180.744,     305.405,    306.892,
   14,       33.3,    180.780,     312.534,    313.339,
   15,       35.8,    180.824,     318.542,    319.580,
   16,       38.3,    180.824,     325.178,    325.608,
   17,       40.8,    180.817,     330.998,    331.419,
   18,       43.3,    180.890,     336.117,    337.015,
   19,       45.8,    180.795,     342.930,    342.390,
   20,       48.3,    180.890,     348.279,    347.549,
   21,       50.8,    180.955,     352.020,    352.494,
   22,       53.3,    180.904,     357.648,    357.226,
   23,       55.8,    180.992,     361.618,    361.749,
   24,       58.3,    180.831,     365.811,    366.066,
   25,       60.8,    181.058,     370.876,    370.185,
   26,       63.3,    180.846,     373.523,    374.108,
   27,       65.8,    180.926,     378.607,    377.841,
   28,       68.3,    180.926,     382.753,    381.391,
   29,       70.8,    181.028,     386.680,    384.765,
   30,       73.3,    180.948,     389.615,    387.967,
   31,       75.8,    181.109,     391.477,    391.005,
   32,       78.3,    181.174,     395.751,    393.884,
   33,       80.8,    181.160,     396.335,    396.612,
   34,       83.3,    181.138,     399.419,    399.194,
   35,       85.8,    181.043,     401.838,    401.637,
   36,       88.3,    181.101,     404.746,    403.947,
   37,       90.8,    181.043,     407.086,    406.130,
   38,       93.3,    181.021,     408.792,    408.191,
   39,       95.8,    181.080,     409.765,    410.137,
   40,       98.3,    181.043,     412.057,    411.974,
   41,      100.8,    180.955,     411.980,    413.706,
   42,      103.3,    181.123,     414.911,    415.339,
   43,      105.8,    181.080,     415.563,    416.878,
   44,      108.3,    181.233,     417.419,    418.327,
   45,      110.8,    181.189,     419.451,    419.692,
   46,      113.3,    181.189,     420.831,    420.978,
   47,      115.8,    181.262,     421.765,    422.187,
   48,      118.3,    181.189,     421.935,    423.326,
   49,      120.8,    181.218,     425.454,    424.397,
   50,      123.3,    181.131,     424.831,    425.406,
   51,      125.8,    180.941,     426.659,    426.355,
   52,      128.3,    181.218,     426.833,    427.245,
   53,      130.8,    181.028,     428.938,    428.084,
   54,      133.3,    181.182,     428.851,    428.870,
   55,      135.8,    181.087,     428.248,    429.610,
   56,      138.3,    181.226,     429.299,    430.304,
   57,      140.8,    181.321,     431.280,    430.954,
   58,      143.3,    181.306,     429.936,    431.565,
   59,      145.8,    181.262,     431.419,    432.140,
   60,      148.3,    181.050,     432.476,    432.682,
   61,      150.8,    181.240,     433.954,    433.188,
   62,      153.3,    181.167,     434.405,    433.664,
   63,      155.8,    181.182,     434.646,    434.111,
   64,      158.3,    181.123,     435.063,    434.531,
   65,      160.8,    181.196,     435.991,    434.924,
   66,      163.3,    181.321,     435.692,    435.291,
   67,      165.8,    181.277,     436.625,    435.637,
   68,      168.3,    181.153,     436.372,    435.962,
   69,      170.8,    181.357,     437.535,    436.265,
   70,      175.8,    179.714,     439.031,    438.790,
----,
DateTime:        , 2025/11/19, 16:06:01, 1763582761678,
RFID_EPC:        ,--Not Acquired--,
RFID_UserData:   ,--Not Acquired--,
Barcode:         ,--Not Acquired--,
PIF:,            0.00,
PARs:,            0.0,     0.0,     0.0,     0.0,     0.0,     0.0,
Light:,           0.0,     0.0,     0.0,     0.0,     0.0,     0.0,
Cycles:,            1,
                    1,      69,      70,      70,
Lamps:,        #10000,
Gain:,              2,      50, 
SNR_raw:,     298.75,
Position:,        0.0,              0.0,   NoData,
DataPt,      Time(us),   EX,         EM,       Fit,
==========,==========,==========,==========,=========,
    0,        0.0,      0.000,       0.000,    214.481,
    1,        0.8,    161.138,     215.033,    220.706,
    2,        3.3,    179.767,     228.270,    227.830,
    3,        5.8,    180.125,     240.111,    235.118,
    4,        8.3,    180.111,     246.238,    242.498,
    5,       10.8,    180.249,     252.428,    249.926,
    6,       13.3,    180.279,     257.657,    257.356,
    7,       15.8,    180.432,     263.534,    264.754,
    8,       18.3,    180.505,     271.461,    272.084,
    9,       20.8,    180.600,     277.132,    279.317,
   10,       23.3,    180.593,     285.172,    286.428,
   11,       25.8,    180.607,     291.240,    293.395,
   12,       28.3,    180.680,     299.424,    300.203,
   13,       30.8,    180.797,     306.697,    306.838,
   14,       33.3,    180.739,     312.053,    313.285,
   15,       35.8,    180.673,     319.638,    319.534,
   16,       38.3,    180.921,     325.003,    325.583,
   17,       40.8,    180.731,     331.154,    331.421,
   18,       43.3,    181.053,     336.918,    337.051,
   19,       45.8,    180.826,     342.041,    342.464,
   20,       48.3,    180.914,     349.337,    347.663,
   21,       50.8,    181.031,     353.807,    352.650,
   22,       53.3,    181.009,     357.993,    357.423,
   23,       55.8,    181.009,     362.413,    361.987,
   24,       58.3,    181.184,     365.925,    366.346,
   25,       60.8,    180.753,     371.224,    370.500,
   26,       63.3,    180.994,     375.426,    374.458,
   27,       65.8,    180.914,     378.356,    378.223,
   28,       68.3,    180.914,     381.949,    381.802,
   29,       70.8,    181.068,     386.596,    385.201,
   30,       73.3,    181.060,     389.097,    388.425,
   31,       75.8,    181.155,     391.377,    391.481,
   32,       78.3,    181.089,     394.832,    394.376,
   33,       80.8,    181.170,     397.417,    397.114,
   34,       83.3,    180.987,     400.581,    399.705,
   35,       85.8,    181.031,     402.693,    402.152,
   36,       88.3,    181.089,     405.048,    404.463,
   37,       90.8,    181.038,     405.715,    406.644,
   38,       93.3,    181.141,     408.798,    408.701,
   39,       95.8,    181.170,     409.560,    410.640,
   40,       98.3,    181.097,     413.315,    412.467,
   41,      100.8,    181.082,     414.177,    414.188,
   42,      103.3,    181.148,     415.130,    415.808,
   43,      105.8,    181.046,     416.193,    417.333,
   44,      108.3,    181.155,     417.046,    418.766,
   45,      110.8,    181.199,     420.532,    420.113,
   46,      113.3,    181.082,     420.251,    421.380,
   47,      115.8,    180.951,     422.491,    422.571,
   48,      118.3,    181.053,     423.081,    423.690,
   49,      120.8,    181.155,     425.878,    424.738,
   50,      123.3,    181.046,     425.307,    425.724,
   51,      125.8,    181.236,     427.068,    426.647,
   52,      128.3,    181.192,     425.516,    427.514,
   53,      130.8,    181.265,     427.827,    428.326,
   54,      133.3,    181.031,     428.380,    429.091,
   55,      135.8,    181.323,     428.792,    429.804,
   56,      138.3,    181.141,     430.053,    430.475,
   57,      140.8,    181.170,     431.087,    431.104,
   58,      143.3,    181.199,     432.121,    431.692,
   59,      145.8,    181.163,     430.829,    432.244,
   60,      148.3,    181.170,     433.019,    432.762,
   61,      150.8,    181.155,     433.882,    433.246,
   62,      153.3,    181.170,     434.951,    433.700,
   63,      155.8,    181.345,     435.082,    434.123,
   64,      158.3,    181.301,     435.187,    434.519,
   65,      160.8,    181.316,     435.152,    434.890,
   66,      163.3,    181.309,     435.445,    435.238,
   67,      165.8,    181.170,     436.331,    435.565,
   68,      168.3,    181.199,     436.261,    435.871,
   69,      170.8,    181.097,     437.059,    436.159,
   70,      175.8,    179.687,     439.097,    438.883,
----,
DateTime:        , 2025/11/19, 16:06:10, 1763582770222,
RFID_EPC:        ,--Not Acquired--,
RFID_UserData:   ,--Not Acquired--,
Barcode:         ,--Not Acquired--,
PIF:,            0.00,
PARs:,            0.0,     0.0,     0.0,     0.0,     0.0,     0.0,
Light:,           0.0,     0.0,     0.0,     0.0,     0.0,     0.0,
Cycles:,            1,
                    1,      69,      70,      70,
Lamps:,        #10000,
Gain:,              2,      50, 
SNR_raw:,     368.46,
Position:,        0.0,              0.0,   NoData,
DataPt,      Time(us),   EX,         EM,       Fit,
==========,==========,==========,==========,=========,
    0,        0.0,      0.000,       0.000,    214.185,
    1,        0.8,    161.079,     215.111,    220.386,
    2,        3.3,    179.982,     228.278,    227.578,
    3,        5.8,    179.952,     240.063,    234.983,
    4,        8.3,    180.208,     245.549,    242.531,
    5,       10.8,    180.164,     252.270,    250.142,
    6,       13.3,    180.398,     257.763,    257.768,
    7,       15.8,    180.435,     266.302,    265.356,
    8,       18.3,    180.398,     271.067,    272.862,
    9,       20.8,    180.544,     279.987,    280.260,
   10,       23.3,    180.537,     286.645,    287.517,
   11,       25.8,    180.632,     292.307,    294.615,
   12,       28.3,    180.595,     299.288,    301.532,
   13,       30.8,    180.829,     305.814,    308.261,
   14,       33.3,    180.741,     313.708,    314.783,
   15,       35.8,    180.851,     319.600,    321.094,
   16,       38.3,    180.697,     327.896,    327.183,
   17,       40.8,    180.836,     332.345,    333.052,
   18,       43.3,    180.873,     339.189,    338.698,
   19,       45.8,    180.887,     343.860,    344.118,
   20,       48.3,    180.917,     350.161,    349.316,
   21,       50.8,    181.106,     354.764,    354.294,
   22,       53.3,    181.070,     359.253,    359.053,
   23,       55.8,    181.026,     363.760,    363.596,
   24,       58.3,    181.150,     369.583,    367.930,
   25,       60.8,    181.026,     372.046,    372.059,
   26,       63.3,    180.785,     377.797,    375.986,
   27,       65.8,    180.865,     380.393,    379.719,
   28,       68.3,    180.960,     383.233,    383.265,
   29,       70.8,    181.055,     387.174,    386.631,
   30,       73.3,    181.077,     390.993,    389.823,
   31,       75.8,    181.099,     393.983,    392.847,
   32,       78.3,    180.953,     395.959,    395.710,
   33,       80.8,    181.260,     398.599,    398.419,
   34,       83.3,    180.960,     401.745,    400.981,
   35,       85.8,    181.128,     403.857,    403.401,
   36,       88.3,    181.296,     405.965,    405.686,
   37,       90.8,    181.063,     408.146,    407.844,
   38,       93.3,    181.128,     409.930,    409.879,
   39,       95.8,    181.143,     411.829,    411.798,
   40,       98.3,    181.158,     414.004,    413.606,
   41,      100.8,    181.019,     415.703,    415.310,
   42,      103.3,    181.136,     415.986,    416.914,
   43,      105.8,    181.012,     418.205,    418.425,
   44,      108.3,    181.092,     419.676,    419.846,
   45,      110.8,    181.318,     420.531,    421.181,
   46,      113.3,    181.260,     420.943,    422.437,
   47,      115.8,    181.231,     421.838,    423.618,
   48,      118.3,    181.304,     423.323,    424.727,
   49,      120.8,    180.938,     426.112,    425.773,
   50,      123.3,    181.209,     426.580,    426.752,
   51,      125.8,    181.077,     426.890,    427.673,
   52,      128.3,    181.077,     429.099,    428.538,
   53,      130.8,    181.048,     429.444,    429.350,
   54,      133.3,    181.274,     430.563,    430.109,
   55,      135.8,    181.085,     431.290,    430.824,
   56,      138.3,    181.187,     431.323,    431.493,
   57,      140.8,    181.055,     432.188,    432.123,
   58,      143.3,    181.282,     432.476,    432.711,
   59,      145.8,    181.150,     432.790,    433.263,
   60,      148.3,    181.092,     434.310,    433.782,
   61,      150.8,    181.165,     434.135,    434.268,
   62,      153.3,    181.194,     435.169,    434.723,
   63,      155.8,    181.201,     435.427,    435.149,
   64,      158.3,    181.165,     435.791,    435.549,
   65,      160.8,    181.194,     436.824,    435.924,
   66,      163.3,    181.223,     436.202,    436.274,
   67,      165.8,    181.296,     437.130,    436.602,
   68,      168.3,    181.260,     438.321,    436.910,
   69,      170.8,    181.187,     438.774,    437.199,
   70,      175.8,    179.602,     439.583,    439.592,
----,
DateTime:        , 2025/11/19, 16:06:18, 1763582778690,
RFID_EPC:        ,--Not Acquired--,
RFID_UserData:   ,--Not Acquired--,
Barcode:         ,--Not Acquired--,
PIF:,            0.00,
PARs:,            0.0,     0.0,     0.0,     0.0,     0.0,     0.0,
Light:,           0.0,     0.0,     0.0,     0.0,     0.0,     0.0,
Cycles:,            1,
                    1,      69,      70,      70,
Lamps:,        #10000,
Gain:,              2,      50, 
SNR_raw:,     402.31,
Position:,        0.0,              0.0,   NoData,
DataPt,      Time(us),   EX,         EM,       Fit,
==========,==========,==========,==========,=========,
    0,        0.0,      0.000,       0.000,    214.561,
    1,        0.8,    161.161,     215.312,    220.816,
    2,        3.3,    179.964,     228.713,    228.054,
    3,        5.8,    180.315,     240.690,    235.512,
    4,        8.3,    180.162,     247.556,    243.089,
    5,       10.8,    180.476,     252.389,    250.736,
    6,       13.3,    180.330,     257.861,    258.380,
    7,       15.8,    180.359,     264.473,    265.981,
    8,       18.3,    180.520,     272.824,    273.503,
    9,       20.8,    180.593,     279.635,    280.911,
   10,       23.3,    180.563,     286.049,    288.177,
   11,       25.8,    180.563,     293.526,    295.279,
   12,       28.3,    180.622,     300.905,    302.202,
   13,       30.8,    180.644,     307.788,    308.930,
   14,       33.3,    180.863,     314.879,    315.459,
   15,       35.8,    180.870,     322.607,    321.775,
   16,       38.3,    180.899,     327.254,    327.873,
   17,       40.8,    180.797,     333.800,    333.748,
   18,       43.3,    180.790,     339.897,    339.398,
   19,       45.8,    180.965,     344.818,    344.828,
   20,       48.3,    180.936,     351.229,    350.034,
   21,       50.8,    180.914,     355.970,    355.019,
   22,       53.3,    180.907,     359.025,    359.786,
   23,       55.8,    180.972,     364.696,    364.341,
   24,       58.3,    181.031,     369.274,    368.686,
   25,       60.8,    181.016,     373.447,    372.828,
   26,       63.3,    180.958,     376.883,    376.771,
   27,       65.8,    181.045,     381.396,    380.521,
   28,       68.3,    180.951,     384.636,    384.085,
   29,       70.8,    180.783,     387.482,    387.467,
   30,       73.3,    181.111,     391.472,    390.677,
   31,       75.8,    180.914,     394.663,    393.720,
   32,       78.3,    181.024,     396.910,    396.602,
   33,       80.8,    181.024,     400.500,    399.331,
   34,       83.3,    181.067,     400.680,    401.912,
   35,       85.8,    181.067,     404.545,    404.352,
   36,       88.3,    180.994,     406.643,    406.659,
   37,       90.8,    181.111,     409.141,    408.837,
   38,       93.3,    181.104,     410.262,    410.893,
   39,       95.8,    181.075,     411.985,    412.832,
   40,       98.3,    180.943,     414.218,    414.662,
   41,      100.8,    181.155,     416.494,    416.386,
   42,      103.3,    181.038,     417.591,    418.011,
   43,      105.8,    181.206,     419.688,    419.541,
   44,      108.3,    181.104,     421.305,    420.982,
   45,      110.8,    181.221,     421.861,    422.338,
   46,      113.3,    181.104,     422.962,    423.614,
   47,      115.8,    181.279,     424.759,    424.814,
   48,      118.3,    181.119,     426.240,    425.944,
   49,      120.8,    181.330,     427.121,    427.004,
   50,      123.3,    181.316,     427.431,    428.001,
   51,      125.8,    181.228,     429.017,    428.939,
   52,      128.3,    181.199,     429.638,    429.820,
   53,      130.8,    181.016,     430.348,    430.650,
   54,      133.3,    181.045,     431.659,    431.428,
   55,      135.8,    181.053,     432.747,    432.159,
   56,      138.3,    181.126,     432.572,    432.844,
   57,      140.8,    181.206,     432.932,    433.486,
   58,      143.3,    181.287,     433.844,    434.088,
   59,      145.8,    181.243,     434.500,    434.654,
   60,      148.3,    181.214,     435.122,    435.185,
   61,      150.8,    181.097,     435.679,    435.685,
   62,      153.3,    181.170,     436.607,    436.152,
   63,      155.8,    181.221,     437.036,    436.590,
   64,      158.3,    181.148,     438.316,    437.002,
   65,      160.8,    181.111,     436.472,    437.389,
   66,      163.3,    181.279,     438.274,    437.749,
   67,      165.8,    181.126,     438.921,    438.089,
   68,      168.3,    181.301,     438.773,    438.405,
   69,      170.8,    181.177,     439.349,    438.703,
   70,      175.8,    179.679,     441.063,    441.086,
----,
DateTime:        , 2025/11/19, 16:06:27, 1763582787181,
RFID_EPC:        ,--Not Acquired--,
RFID_UserData:   ,--Not Acquired--,
Barcode:         ,--Not Acquired--,
PIF:,            0.00,
PARs:,            0.0,     0.0,     0.0,     0.0,     0.0,     0.0,
Light:,           0.0,     0.0,     0.0,     0.0,     0.0,     0.0,
Cycles:,            1,
                    1,      69,      70,      70,
Lamps:,        #10000,
Gain:,              2,      50, 
SNR_raw:,     344.69,
Position:,        0.0,              0.0,   NoData,
DataPt,      Time(us),   EX,         EM,       Fit,
==========,==========,==========,==========,=========,
    0,        0.0,      0.000,       0.000,    214.998,
    1,        0.8,    161.107,     216.006,    221.503,
    2,        3.3,    179.981,     229.559,    228.938,
    3,        5.8,    180.200,     241.676,    236.516,
    4,        8.3,    180.346,     248.411,    244.173,
    5,       10.8,    180.200,     253.052,    251.847,
    6,       13.3,    180.331,     259.800,    259.503,
    7,       15.8,    180.302,     266.220,    267.098,
    8,       18.3,    180.346,     274.473,    274.602,
    9,       20.8,    180.485,     279.802,    281.988,
   10,       23.3,    180.653,     288.399,    289.236,
   11,       25.8,    180.726,     293.539,    296.323,
   12,       28.3,    180.550,     301.578,    303.226,
   13,       30.8,    180.821,     309.423,    309.943,
   14,       33.3,    180.726,     315.118,    316.455,
   15,       35.8,    180.667,     321.586,    322.757,
   16,       38.3,    180.675,     328.214,    328.843,
   17,       40.8,    180.726,     335.591,    334.711,
   18,       43.3,    180.770,     340.489,    340.358,
   19,       45.8,    180.886,     346.074,    345.785,
   20,       48.3,    180.901,     351.021,    350.992,
   21,       50.8,    180.989,     356.652,    355.980,
   22,       53.3,    181.025,     361.276,    360.752,
   23,       55.8,    181.011,     366.001,    365.312,
   24,       58.3,    181.025,     371.771,    369.662,
   25,       60.8,    180.989,     375.162,    373.809,
   26,       63.3,    180.908,     379.474,    377.757,
   27,       65.8,    180.974,     382.375,    381.512,
   28,       68.3,    181.120,     386.760,    385.081,
   29,       70.8,    180.952,     389.329,    388.470,
   30,       73.3,    181.091,     392.068,    391.685,
   31,       75.8,    180.974,     396.189,    394.732,
   32,       78.3,    181.084,     397.882,    397.618,
   33,       80.8,    181.069,     401.228,    400.351,
   34,       83.3,    181.098,     402.268,    402.935,
   35,       85.8,    181.084,     404.785,    405.378,
   36,       88.3,    181.164,     407.366,    407.686,
   37,       90.8,    181.047,     409.286,    409.866,
   38,       93.3,    181.113,     412.174,    411.923,
   39,       95.8,    181.054,     412.859,    413.864,
   40,       98.3,    181.040,     415.378,    415.694,
   41,      100.8,    181.062,     416.709,    417.418,
   42,      103.3,    181.127,     417.938,    419.042,
   43,      105.8,    181.149,     420.371,    420.572,
   44,      108.3,    181.171,     421.148,    422.011,
   45,      110.8,    181.208,     422.167,    423.366,
   46,      113.3,    181.164,     424.753,    424.641,
   47,      115.8,    181.084,     425.770,    425.840,
   48,      118.3,    181.237,     426.237,    426.966,
   49,      120.8,    181.120,     427.341,    428.026,
   50,      123.3,    181.120,     430.101,    429.022,
   51,      125.8,    181.091,     429.342,    429.958,
   52,      128.3,    181.149,     430.308,    430.837,
   53,      130.8,    181.215,     431.531,    431.661,
   54,      133.3,    181.179,     432.446,    432.435,
   55,      135.8,    181.054,     433.019,    433.164,
   56,      138.3,    181.113,     432.327,    433.847,
   57,      140.8,    181.106,     434.829,    434.487,
   58,      143.3,    181.405,     435.765,    435.085,
   59,      145.8,    181.142,     435.846,    435.650,
   60,      148.3,    181.106,     436.486,    436.179,
   61,      150.8,    181.033,     437.767,    436.677,
   62,      153.3,    181.230,     437.290,    437.141,
   63,      155.8,    181.215,     437.326,    437.577,
   64,      158.3,    181.076,     438.765,    437.987,
   65,      160.8,    181.463,     440.034,    438.366,
   66,      163.3,    181.390,     439.108,    438.723,
   67,      165.8,    181.237,     439.756,    439.060,
   68,      168.3,    181.252,     439.996,    439.376,
   69,      170.8,    181.259,     441.909,    439.671,
   70,      175.8,    179.835,     442.351,    442.185,
----,
DateTime:        , 2025/11/19, 16:06:35, 1763582795656,
RFID_EPC:        ,--Not Acquired--,
RFID_UserData:   ,--Not Acquired--,
Barcode:         ,--Not Acquired--,
PIF:,            0.00,
PARs:,            0.0,     0.0,     0.0,     0.0,     0.0,     0.0,
Light:,           0.0,     0.0,     0.0,     0.0,     0.0,     0.0,
Cycles:,            1,
                    1,      69,      70,      70,
Lamps:,        #10000,
Gain:,              2,      50, 
SNR_raw:,     266.20,
Position:,        0.0,              0.0,   NoData,
DataPt,      Time(us),   EX,         EM,       Fit,
==========,==========,==========,==========,=========,
    0,        0.0,      0.000,       0.000,    215.573,
    1,        0.8,    161.026,     215.804,    221.672,
    2,        3.3,    180.022,     229.465,    228.803,
    3,        5.8,    179.985,     241.686,    236.192,
    4,        8.3,    180.285,     247.386,    243.759,
    5,       10.8,    180.256,     254.084,    251.413,
    6,       13.3,    180.453,     257.962,    259.099,
    7,       15.8,    180.475,     265.965,    266.757,
    8,       18.3,    180.424,     273.246,    274.341,
    9,       20.8,    180.467,     281.214,    281.817,
   10,       23.3,    180.540,     287.470,    289.156,
   11,       25.8,    180.577,     295.719,    296.334,
   12,       28.3,    180.679,     302.470,    303.333,
   13,       30.8,    180.628,     307.815,    310.134,
   14,       33.3,    180.825,     316.604,    316.732,
   15,       35.8,    180.738,     322.290,    323.111,
   16,       38.3,    180.745,     329.193,    329.268,
   17,       40.8,    180.789,     334.645,    335.200,
   18,       43.3,    180.906,     340.233,    340.906,
   19,       45.8,    180.942,     345.967,    346.385,
   20,       48.3,    181.044,     351.295,    351.638,
   21,       50.8,    180.745,     356.856,    356.663,
   22,       53.3,    180.935,     362.562,    361.469,
   23,       55.8,    181.052,     367.022,    366.059,
   24,       58.3,    180.964,     372.726,    370.436,
   25,       60.8,    180.957,     374.952,    374.606,
   26,       63.3,    180.949,     377.730,    378.575,
   27,       65.8,    181.030,     383.362,    382.349,
   28,       68.3,    181.110,     386.229,    385.935,
   29,       70.8,    181.147,     390.568,    389.339,
   30,       73.3,    181.059,     392.414,    392.568,
   31,       75.8,    181.022,     395.807,    395.628,
   32,       78.3,    181.066,     399.301,    398.526,
   33,       80.8,    181.074,     401.494,    401.270,
   34,       83.3,    180.993,     405.816,    403.865,
   35,       85.8,    181.103,     405.571,    406.318,
   36,       88.3,    181.030,     409.877,    408.636,
   37,       90.8,    181.022,     411.551,    410.825,
   38,       93.3,    181.037,     412.899,    412.892,
   39,       95.8,    181.052,     415.351,    414.841,
   40,       98.3,    181.125,     415.184,    416.679,
   41,      100.8,    181.161,     417.860,    418.411,
   42,      103.3,    181.132,     418.479,    420.044,
   43,      105.8,    181.044,     420.339,    421.583,
   44,      108.3,    181.256,     423.986,    423.030,
   45,      110.8,    181.154,     423.397,    424.394,
   46,      113.3,    181.125,     425.950,    425.677,
   47,      115.8,    181.103,     426.829,    426.885,
   48,      118.3,    181.161,     426.968,    428.021,
   49,      120.8,    181.161,     429.452,    429.089,
   50,      123.3,    181.271,     429.468,    430.091,
   51,      125.8,    181.227,     429.848,    431.034,
   52,      128.3,    181.074,     432.145,    431.922,
   53,      130.8,    181.271,     433.054,    432.754,
   54,      133.3,    181.161,     433.316,    433.537,
   55,      135.8,    181.110,     432.886,    434.273,
   56,      138.3,    181.125,     435.888,    434.964,
   57,      140.8,    181.198,     435.712,    435.612,
   58,      143.3,    181.059,     436.046,    436.222,
   59,      145.8,    181.059,     436.874,    436.794,
   60,      148.3,    181.176,     437.972,    437.329,
   61,      150.8,    181.424,     438.751,    437.828,
   62,      153.3,    181.161,     439.388,    438.300,
   63,      155.8,    181.117,     438.942,    438.744,
   64,      158.3,    181.329,     440.084,    439.157,
   65,      160.8,    181.242,     439.745,    439.546,
   66,      163.3,    181.337,     438.687,    439.910,
   67,      165.8,    181.110,     440.340,    440.255,
   68,      168.3,    181.285,     441.017,    440.575,
   69,      170.8,    181.117,     441.979,    440.878,
   70,      175.8,    179.774,     443.892,    443.786,
----,
DateTime:        , 2025/11/19, 16:06:44, 1763582804133,
RFID_EPC:        ,--Not Acquired--,
RFID_UserData:   ,--Not Acquired--,
Barcode:         ,--Not Acquired--,
PIF:,            0.00,
PARs:,            0.0,     0.0,     0.0,     0.0,     0.0,     0.0,
Light:,           0.0,     0.0,     0.0,     0.0,     0.0,     0.0,
Cycles:,            1,
                    1,      69,      70,      70,
Lamps:,        #10000,
Gain:,              2,      50, 
SNR_raw:,     294.78,
Position:,        0.0,              0.0,   NoData,
DataPt,      Time(us),   EX,         EM,       Fit,
==========,==========,==========,==========,=========,
    0,        0.0,      0.000,       0.000,    217.244,
    1,        0.8,    161.149,     218.122,    223.446,
    2,        3.3,    179.920,     230.943,    230.622,
    3,        5.8,    180.278,     242.404,    238.020,
    4,        8.3,    180.154,     249.509,    245.545,
    5,       10.8,    180.227,     255.234,    253.137,
    6,       13.3,    180.263,     261.285,    260.740,
    7,       15.8,    180.570,     267.486,    268.313,
    8,       18.3,    180.387,     275.795,    275.805,
    9,       20.8,    180.424,     281.836,    283.188,
   10,       23.3,    180.585,     289.338,    290.438,
   11,       25.8,    180.592,     296.248,    297.529,
   12,       28.3,    180.709,     302.420,    304.446,
   13,       30.8,    180.548,     309.890,    311.168,
   14,       33.3,    180.928,     315.595,    317.695,
   15,       35.8,    181.008,     323.190,    324.014,
   16,       38.3,    180.701,     329.272,    330.110,
   17,       40.8,    180.855,     335.075,    335.989,
   18,       43.3,    180.855,     342.264,    341.645,
   19,       45.8,    180.680,     348.407,    347.077,
   20,       48.3,    180.731,     352.735,    352.287,
   21,       50.8,    180.921,     356.510,    357.279,
   22,       53.3,    180.855,     362.998,    362.054,
   23,       55.8,    181.023,     367.633,    366.618,
   24,       58.3,    180.957,     371.359,    370.973,
   25,       60.8,    181.001,     375.965,    375.124,
   26,       63.3,    180.869,     380.661,    379.078,
   27,       65.8,    181.015,     384.221,    382.840,
   28,       68.3,    181.015,     387.260,    386.416,
   29,       70.8,    180.994,     390.069,    389.813,
   30,       73.3,    180.986,     395.058,    393.037,
   31,       75.8,    181.008,     396.943,    396.095,
   32,       78.3,    181.037,     399.089,    398.992,
   33,       80.8,    181.096,     401.997,    401.737,
   34,       83.3,    181.030,     403.800,    404.334,
   35,       85.8,    181.125,     406.625,    406.791,
   36,       88.3,    181.125,     409.938,    409.115,
   37,       90.8,    181.118,     413.267,    411.310,
   38,       93.3,    181.089,     413.334,    413.384,
   39,       95.8,    181.067,     413.936,    415.342,
   40,       98.3,    181.074,     416.128,    417.189,
   41,      100.8,    181.096,     418.563,    418.932,
   42,      103.3,    181.037,     420.079,    420.575,
   43,      105.8,    181.169,     422.810,    422.123,
   44,      108.3,    181.125,     422.360,    423.582,
   45,      110.8,    181.366,     423.729,    424.954,
   46,      113.3,    181.140,     425.362,    426.249,
   47,      115.8,    181.147,     427.277,    427.468,
   48,      118.3,    181.030,     428.658,    428.616,
   49,      120.8,    181.162,     428.899,    429.695,
   50,      123.3,    181.293,     429.967,    430.709,
   51,      125.8,    181.191,     430.485,    431.663,
   52,      128.3,    181.037,     433.060,    432.563,
   53,      130.8,    181.220,     434.279,    433.406,
   54,      133.3,    181.286,     433.570,    434.198,
   55,      135.8,    181.067,     435.751,    434.945,
   56,      138.3,    181.322,     435.137,    435.644,
   57,      140.8,    181.330,     435.395,    436.300,
   58,      143.3,    181.081,     436.544,    436.920,
   59,      145.8,    181.198,     437.919,    437.501,
   60,      148.3,    181.052,     437.996,    438.049,
   61,      150.8,    181.162,     439.663,    438.561,
   62,      153.3,    181.162,     439.387,    439.042,
   63,      155.8,    181.176,     439.075,    439.493,
   64,      158.3,    181.081,     439.858,    439.918,
   65,      160.8,    181.351,     441.132,    440.313,
   66,      163.3,    181.432,     441.764,    440.683,
   67,      165.8,    181.169,     442.681,    441.034,
   68,      168.3,    181.344,     442.804,    441.361,
   69,      170.8,    181.264,     442.173,    441.669,
   70,      175.8,    179.745,     444.798,    444.616,
----,
DateTime:        , 2025/11/19, 16:06:52, 1763582812640,
RFID_EPC:        ,--Not Acquired--,
RFID_UserData:   ,--Not Acquired--,
Barcode:         ,--Not Acquired--,
PIF:,            0.00,
PARs:,            0.0,     0.0,     0.0,     0.0,     0.0,     0.0,
Light:,           0.0,     0.0,     0.0,     0.0,     0.0,     0.0,
Cycles:,            1,
                    1,      69,      70,      70,
Lamps:,        #10000,
Gain:,              2,      50, 
SNR_raw:,     288.93,
Position:,        0.0,              0.0,   NoData,
DataPt,      Time(us),   EX,         EM,       Fit,
==========,==========,==========,==========,=========,
    0,        0.0,      0.000,       0.000,    216.641,
    1,        0.8,    160.956,     219.003,    223.319,
    2,        3.3,    180.024,     231.854,    230.940,
    3,        5.8,    180.207,     243.331,    238.686,
    4,        8.3,    180.455,     248.538,    246.497,
    5,       10.8,    180.397,     256.102,    254.311,
    6,       13.3,    180.390,     261.656,    262.084,
    7,       15.8,    180.499,     269.807,    269.783,
    8,       18.3,    180.485,     275.924,    277.372,
    9,       20.8,    180.579,     284.362,    284.828,
   10,       23.3,    180.609,     290.407,    292.128,
   11,       25.8,    180.565,     298.231,    299.250,
   12,       28.3,    180.704,     303.259,    306.186,
   13,       30.8,    180.893,     311.233,    312.924,
   14,       33.3,    180.755,     318.664,    319.447,
   15,       35.8,    180.799,     326.330,    325.754,
   16,       38.3,    180.726,     332.549,    331.838,
   17,       40.8,    180.974,     337.065,    337.702,
   18,       43.3,    180.981,     342.853,    343.340,
   19,       45.8,    180.806,     349.823,    348.749,
   20,       48.3,    180.828,     355.864,    353.935,
   21,       50.8,    180.828,     359.458,    358.899,
   22,       53.3,    180.893,     363.750,    363.646,
   23,       55.8,    181.003,     369.055,    368.181,
   24,       58.3,    181.091,     374.122,    372.507,
   25,       60.8,    180.930,     376.389,    376.628,
   26,       63.3,    180.915,     381.394,    380.551,
   27,       65.8,    181.061,     384.952,    384.282,
   28,       68.3,    181.076,     387.682,    387.828,
   29,       70.8,    180.872,     392.267,    391.193,
   30,       73.3,    180.930,     395.457,    394.385,
   31,       75.8,    180.886,     398.593,    397.411,
   32,       78.3,    180.945,     402.057,    400.278,
   33,       80.8,    180.974,     402.821,    402.991,
   34,       83.3,    181.061,     405.663,    405.559,
   35,       85.8,    181.229,     408.598,    407.986,
   36,       88.3,    181.156,     410.971,    410.280,
   37,       90.8,    181.229,     412.461,    412.447,
   38,       93.3,    181.061,     414.224,    414.493,
   39,       95.8,    181.134,     415.437,    416.423,
   40,       98.3,    181.003,     417.396,    418.244,
   41,      100.8,    181.076,     419.713,    419.960,
   42,      103.3,    181.164,     419.510,    421.577,
   43,      105.8,    180.952,     421.935,    423.101,
   44,      108.3,    181.069,     424.148,    424.536,
   45,      110.8,    181.222,     425.721,    425.886,
   46,      113.3,    181.098,     427.669,    427.158,
   47,      115.8,    181.164,     426.686,    428.353,
   48,      118.3,    181.127,     429.808,    429.478,
   49,      120.8,    181.310,     429.927,    430.535,
   50,      123.3,    181.025,     431.156,    431.531,
   51,      125.8,    181.142,     431.430,    432.466,
   52,      128.3,    181.069,     432.985,    433.345,
   53,      130.8,    180.988,     434.558,    434.172,
   54,      133.3,    181.215,     433.739,    434.946,
   55,      135.8,    181.171,     435.224,    435.674,
   56,      138.3,    181.171,     436.328,    436.358,
   57,      140.8,    181.178,     438.794,    437.000,
   58,      143.3,    181.273,     436.634,    437.602,
   59,      145.8,    181.244,     437.808,    438.167,
   60,      148.3,    181.142,     438.883,    438.699,
   61,      150.8,    181.105,     440.352,    439.198,
   62,      153.3,    181.142,     439.711,    439.666,
   63,      155.8,    181.273,     441.047,    440.104,
   64,      158.3,    181.354,     441.127,    440.514,
   65,      160.8,    181.069,     442.097,    440.901,
   66,      163.3,    181.120,     442.525,    441.264,
   67,      165.8,    181.273,     442.426,    441.603,
   68,      168.3,    181.156,     444.091,    441.922,
   69,      170.8,    181.251,     443.031,    442.220,
   70,      175.8,    179.747,     444.514,    444.427,
