----,
DateTime:        , 2025/11/19, 13:55:44, 1763574944658,
RFID_EPC:        ,--Not Acquired--,
RFID_UserData:   ,--Not Acquired--,
Barcode:         ,--Not Acquired--,
PIF:,            0.00,
PARs:,            0.0,     0.0,     0.0,     0.0,     0.0,     0.0,
Light:,           0.0,     0.0,     0.0,     0.0,     0.0,     0.0,
Cycles:,            1,
                    1,      69,      70,      70,
Lamps:,        #10000,
Gain:,              2,      50, 
SNR_raw:,     401.21,
Position:,        0.0,              0.0,   NoData,
DataPt,      Time(us),   EX,         EM,       Fit,
==========,==========,==========,==========,=========,
    0,        0.0,      0.000,       0.000,    152.445,
    1,        0.8,    161.102,     154.561,    158.675,
    2,        3.3,    180.017,     166.472,    165.830,
    3,        5.8,    180.098,     177.126,    173.147,
    4,        8.3,    180.127,     183.759,    180.561,
    5,       10.8,    180.134,     189.581,    188.018,
    6,       13.3,    180.568,     196.048,    195.490,
    7,       15.8,    180.516,     203.029,    202.922,
    8,       18.3,    180.472,     209.173,    210.285,
    9,       20.8,    180.700,     216.104,    217.561,
   10,       23.3,    180.612,     223.130,    224.720,
   11,       25.8,    180.649,     230.835,    231.748,
   12,       28.3,    180.810,     235.882,    238.633,
   13,       30.8,    180.671,     244.090,    245.357,
   14,       33.3,    180.686,     250.712,    251.913,
   15,       35.8,    180.612,     256.627,    258.293,
   16,       38.3,    180.700,     263.696,    264.495,
   17,       40.8,    180.715,     270.592,    270.513,
   18,       43.3,    180.810,     275.703,    276.346,
   19,       45.8,    180.869,     281.695,    281.993,
   20,       48.3,    180.943,     287.936,    287.452,
   21,       50.8,    181.090,     293.501,    292.725,
   22,       53.3,    180.935,     298.725,    297.809,
   23,       55.8,    180.987,     304.166,    302.708,
   24,       58.3,    180.950,     309.201,    307.423,
   25,       60.8,    180.950,     313.346,    311.958,
   26,       63.3,    181.038,     317.889,    316.317,
   27,       65.8,    180.855,     322.911,    320.500,
   28,       68.3,    180.869,     325.650,    324.514,
   29,       70.8,    180.972,     330.161,    328.363,
   30,       73.3,    181.009,     332.857,    332.050,
   31,       75.8,    181.134,     335.664,    335.582,
   32,       78.3,    180.810,     339.306,    338.960,
   33,       80.8,    181.053,     341.889,    342.191,
   34,       83.3,    181.237,     345.681,    345.280,
   35,       85.8,    181.082,     347.632,    348.230,
   36,       88.3,    181.178,     350.484,    351.047,
   37,       90.8,    181.082,     353.983,    353.735,
   38,       93.3,    181.097,     356.991,    356.299,
   39,       95.8,    181.038,     359.040,    358.743,
   40,       98.3,    181.068,     360.915,    361.072,
   41,      100.8,    181.090,     362.804,    363.291,
   42,      103.3,    181.244,     364.978,    365.404,
   43,      105.8,    181.090,     366.117,    367.416,
   44,      108.3,    181.024,     367.908,    369.330,
   45,      110.8,    181.237,     370.510,    371.150,
   46,      113.3,    181.126,     371.840,    372.881,
   47,      115.8,    181.156,     372.883,    374.527,
   48,      118.3,    181.112,     375.183,    376.091,
   49,      120.8,    181.273,     376.503,    377.577,
   50,      123.3,    181.171,     378.373,    378.988,
   51,      125.8,    181.060,     381.365,    380.329,
   52,      128.3,    181.171,     380.857,    381.602,
   53,      130.8,    181.398,     382.032,    382.808,
   54,      133.3,    181.273,     383.123,    383.954,
   55,      135.8,    181.273,     383.950,    385.042,
   56,      138.3,    181.112,     385.121,    386.075,
   57,      140.8,    181.126,     386.194,    387.054,
   58,      143.3,    181.016,     387.811,    387.983,
   59,      145.8,    181.053,     389.113,    388.864,
   60,      148.3,    181.178,     389.672,    389.698,
   61,      150.8,    181.119,     390.351,    390.488,
   62,      153.3,    181.303,     391.886,    391.236,
   63,      155.8,    181.317,     393.233,    391.945,
   64,      158.3,    181.303,     392.989,    392.617,
   65,      160.8,    181.317,     394.060,    393.253,
   66,      163.3,    181.281,     393.864,    393.856,
   67,      165.8,    181.104,     395.628,    394.430,
   68,      168.3,    181.193,     396.264,    394.971,
   69,      170.8,    181.171,     396.588,    395.484,
   70,      175.8,    179.664,     398.522,    397.851,
----,
DateTime:        , 2025/11/19, 13:55:49, 1763574949204,
RFID_EPC:        ,--Not Acquired--,
RFID_UserData:   ,--Not Acquired--,
Barcode:         ,--Not Acquired--,
PIF:,            0.00,
PARs:,            0.0,     0.0,     0.0,     0.0,     0.0,     0.0,
Light:,           0.0,     0.0,     0.0,     0.0,     0.0,     0.0,
Cycles:,            1,
                    1,      69,      70,      70,
Lamps:,        #10000,
Gain:,              2,      50, 
SNR_raw:,     280.19,
Position:,        0.0,              0.0,   NoData,
DataPt,      Time(us),   EX,         EM,       Fit,
==========,==========,==========,==========,=========,
    0,        0.0,      0.000,       0.000,    168.916,
    1,        0.8,    161.135,     169.423,    174.554,
    2,        3.3,    179.895,     180.948,    180.967,
    3,        5.8,    180.123,     191.258,    187.479,
    4,        8.3,    180.071,     197.144,    194.032,
    5,       10.8,    180.270,     203.029,    200.594,
    6,       13.3,    180.365,     208.189,    207.128,
    7,       15.8,    180.659,     212.832,    213.611,
    8,       18.3,    180.747,     219.644,    220.014,
    9,       20.8,    180.571,     226.227,    226.311,
   10,       23.3,    180.637,     232.510,    232.492,
   11,       25.8,    180.637,     236.386,    238.543,
   12,       28.3,    180.843,     243.029,    244.458,
   13,       30.8,    180.769,     248.659,    250.223,
   14,       33.3,    180.615,     254.408,    255.830,
   15,       35.8,    180.813,     261.319,    261.282,
   16,       38.3,    180.644,     265.715,    266.569,
   17,       40.8,    180.711,     271.705,    271.693,
   18,       43.3,    180.777,     276.308,    276.653,
   19,       45.8,    180.843,     281.460,    281.449,
   20,       48.3,    180.938,     286.009,    286.082,
   21,       50.8,    181.063,     289.954,    290.554,
   22,       53.3,    180.982,     295.609,    294.863,
   23,       55.8,    181.100,     299.558,    299.014,
   24,       58.3,    180.696,     303.549,    303.005,
   25,       60.8,    180.916,     307.324,    306.845,
   26,       63.3,    181.034,     310.991,    310.536,
   27,       65.8,    180.938,     315.301,    314.080,
   28,       68.3,    180.997,     319.066,    317.481,
   29,       70.8,    181.137,     320.752,    320.745,
   30,       73.3,    181.093,     323.867,    323.873,
   31,       75.8,    181.019,     327.037,    326.869,
   32,       78.3,    181.122,     330.164,    329.740,
   33,       80.8,    180.880,     333.371,    332.486,
   34,       83.3,    180.982,     334.839,    335.114,
   35,       85.8,    181.019,     337.809,    337.627,
   36,       88.3,    181.247,     340.419,    340.029,
   37,       90.8,    180.872,     343.613,    342.325,
   38,       93.3,    181.166,     345.815,    344.517,
   39,       95.8,    181.041,     345.778,    346.611,
   40,       98.3,    181.181,     347.995,    348.610,
   41,      100.8,    180.982,     350.863,    350.517,
   42,      103.3,    181.144,     351.930,    352.337,
   43,      105.8,    181.078,     354.543,    354.072,
   44,      108.3,    181.085,     355.081,    355.726,
   45,      110.8,    181.151,     357.160,    357.303,
   46,      113.3,    181.225,     357.015,    358.805,
   47,      115.8,    181.335,     359.279,    360.236,
   48,      118.3,    181.056,     361.214,    361.600,
   49,      120.8,    181.159,     363.493,    362.898,
   50,      123.3,    181.196,     363.971,    364.134,
   51,      125.8,    181.166,     365.962,    365.311,
   52,      128.3,    181.276,     366.291,    366.431,
   53,      130.8,    181.159,     366.805,    367.497,
   54,      133.3,    181.210,     367.253,    368.510,
   55,      135.8,    181.218,     368.342,    369.475,
   56,      138.3,    181.115,     370.207,    370.392,
   57,      140.8,    181.019,     369.850,    371.266,
   58,      143.3,    180.960,     373.562,    372.096,
   59,      145.8,    181.328,     371.978,    372.883,
   60,      148.3,    181.122,     374.057,    373.633,
   61,      150.8,    181.240,     374.642,    374.345,
   62,      153.3,    181.129,     375.146,    375.022,
   63,      155.8,    181.232,     375.209,    375.664,
   64,      158.3,    181.225,     376.052,    376.275,
   65,      160.8,    181.320,     375.854,    376.855,
   66,      163.3,    181.210,     377.738,    377.407,
   67,      165.8,    181.240,     377.401,    377.930,
   68,      168.3,    181.174,     378.643,    378.428,
   69,      170.8,    181.218,     379.654,    378.901,
   70,      175.8,    179.675,     381.801,    381.036,
----,
DateTime:        , 2025/11/19, 13:55:53, 1763574953776,
RFID_EPC:        ,--Not Acquired--,
RFID_UserData:   ,--Not Acquired--,
Barcode:         ,--Not Acquired--,
PIF:,            0.00,
PARs:,            0.0,     0.0,     0.0,     0.0,     0.0,     0.0,
Light:,           0.0,     0.0,     0.0,     0.0,     0.0,     0.0,
Cycles:,            1,
                    1,      69,      70,      70,
Lamps:,        #10000,
Gain:,              2,      50, 
SNR_raw:,     255.77,
Position:,        0.0,              0.0,   NoData,
DataPt,      Time(us),   EX,         EM,       Fit,
==========,==========,==========,==========,=========,
    0,        0.0,      0.000,       0.000,    169.163,
    1,        0.8,    161.182,     169.684,    174.899,
    2,        3.3,    180.073,     181.262,    181.332,
    3,        5.8,    180.036,     191.628,    187.771,
    4,        8.3,    180.242,     196.680,    194.198,
    5,       10.8,    180.418,     202.307,    200.585,
    6,       13.3,    180.433,     208.942,    206.907,
    7,       15.8,    180.352,     213.471,    213.143,
    8,       18.3,    180.558,     219.320,    219.284,
    9,       20.8,    180.441,     225.005,    225.309,
   10,       23.3,    180.492,     229.096,    231.210,
   11,       25.8,    180.602,     235.878,    236.980,
   12,       28.3,    180.580,     241.444,    242.606,
   13,       30.8,    180.646,     246.061,    248.085,
   14,       33.3,    180.705,     253.175,    253.412,
   15,       35.8,    180.837,     257.690,    258.583,
   16,       38.3,    180.845,     262.380,    263.594,
   17,       40.8,    180.889,     268.397,    268.443,
   18,       43.3,    180.808,     274.048,    273.128,
   19,       45.8,    181.080,     277.502,    277.654,
   20,       48.3,    180.984,     282.069,    282.016,
   21,       50.8,    180.823,     287.575,    286.215,
   22,       53.3,    181.021,     289.469,    290.256,
   23,       55.8,    180.903,     294.080,    294.139,
   24,       58.3,    181.043,     297.443,    297.869,
   25,       60.8,    180.933,     302.322,    301.446,
   26,       63.3,    180.889,     305.160,    304.874,
   27,       65.8,    181.050,     308.478,    308.159,
   28,       68.3,    181.117,     312.230,    311.304,
   29,       70.8,    181.153,     315.479,    314.312,
   30,       73.3,    180.977,     317.720,    317.185,
   31,       75.8,    181.175,     319.856,    319.931,
   32,       78.3,    181.168,     324.285,    322.553,
   33,       80.8,    181.087,     324.429,    325.053,
   34,       83.3,    181.028,     328.402,    327.437,
   35,       85.8,    181.139,     330.686,    329.709,
   36,       88.3,    181.043,     331.965,    331.873,
   37,       90.8,    180.918,     333.853,    333.933,
   38,       93.3,    181.168,     335.324,    335.894,
   39,       95.8,    181.139,     336.483,    337.759,
   40,       98.3,    181.102,     339.036,    339.533,
   41,      100.8,    181.241,     342.637,    341.219,
   42,      103.3,    181.050,     342.722,    342.821,
   43,      105.8,    181.109,     343.991,    344.343,
   44,      108.3,    181.043,     346.050,    345.788,
   45,      110.8,    181.058,     347.403,    347.160,
   46,      113.3,    181.131,     347.814,    348.462,
   47,      115.8,    180.992,     348.911,    349.697,
   48,      118.3,    181.153,     349.704,    350.868,
   49,      120.8,    181.168,     351.331,    351.979,
   50,      123.3,    181.227,     352.873,    353.031,
   51,      125.8,    181.286,     354.138,    354.029,
   52,      128.3,    181.168,     355.471,    354.975,
   53,      130.8,    181.080,     355.920,    355.871,
   54,      133.3,    181.161,     357.142,    356.720,
   55,      135.8,    181.146,     357.447,    357.524,
   56,      138.3,    181.058,     358.173,    358.286,
   57,      140.8,    181.072,     357.868,    359.007,
   58,      143.3,    181.080,     360.338,    359.690,
   59,      145.8,    181.197,     359.001,    360.335,
   60,      148.3,    181.322,     360.960,    360.945,
   61,      150.8,    181.256,     360.540,    361.523,
   62,      153.3,    181.293,     362.121,    362.069,
   63,      155.8,    181.315,     363.456,    362.586,
   64,      158.3,    181.175,     362.908,    363.076,
   65,      160.8,    181.212,     363.111,    363.539,
   66,      163.3,    181.271,     364.648,    363.977,
   67,      165.8,    181.058,     366.182,    364.392,
   68,      168.3,    181.072,     365.323,    364.785,
   69,      170.8,    181.102,     365.264,    365.156,
   70,      175.8,    179.625,     367.154,    366.950,
----,
DateTime:        , 2025/11/19, 13:55:58, 1763574958266,
RFID_EPC:        ,--Not Acquired--,
RFID_UserData:   ,--Not Acquired--,
Barcode:         ,--Not Acquired--,
PIF:,            0.00,
PARs:,            0.0,     0.0,     0.0,     0.0,     0.0,     0.0,
Light:,           0.0,     0.0,     0.0,     0.0,     0.0,     0.0,
Cycles:,            1,
                    1,      69,      70,      70,
Lamps:,        #10000,
Gain:,              2,      50, 
SNR_raw:,     266.65,
Position:,        0.0,              0.0,   NoData,
DataPt,      Time(us),   EX,         EM,       Fit,
==========,==========,==========,==========,=========,
    0,        0.0,      0.000,       0.000,    161.884,
    1,        0.8,    161.210,     162.211,    167.627,
    2,        3.3,    179.905,     174.139,    174.104,
    3,        5.8,    180.184,     184.811,    180.640,
    4,        8.3,    180.257,     190.561,    187.197,
    5,       10.8,    180.213,     194.769,    193.742,
    6,       13.3,    180.346,     201.003,    200.256,
    7,       15.8,    180.493,     207.488,    206.717,
    8,       18.3,    180.456,     213.072,    213.100,
    9,       20.8,    180.551,     219.882,    219.391,
   10,       23.3,    180.728,     224.094,    225.578,
   11,       25.8,    180.603,     230.063,    231.640,
   12,       28.3,    180.603,     236.707,    237.569,
   13,       30.8,    180.875,     242.986,    243.362,
   14,       33.3,    180.662,     246.040,    249.001,
   15,       35.8,    180.742,     253.399,    254.485,
   16,       38.3,    180.728,     259.783,    259.807,
   17,       40.8,    180.764,     264.433,    264.966,
   18,       43.3,    180.941,     268.872,    269.960,
   19,       45.8,    180.919,     275.814,    274.785,
   20,       48.3,    180.867,     279.763,    279.439,
   21,       50.8,    180.970,     283.196,    283.925,
   22,       53.3,    180.831,     288.668,    288.239,
   23,       55.8,    181.000,     291.990,    292.388,
   24,       58.3,    180.941,     296.782,    296.370,
   25,       60.8,    181.117,     300.634,    300.191,
   26,       63.3,    180.779,     304.239,    303.848,
   27,       65.8,    180.970,     309.719,    307.350,
   28,       68.3,    181.117,     311.677,    310.700,
   29,       70.8,    180.948,     314.455,    313.899,
   30,       73.3,    180.948,     319.152,    316.952,
   31,       75.8,    181.073,     320.589,    319.866,
   32,       78.3,    181.095,     323.035,    322.642,
   33,       80.8,    181.147,     325.151,    325.287,
   34,       83.3,    181.205,     327.805,    327.804,
   35,       85.8,    181.058,     331.385,    330.197,
   36,       88.3,    181.161,     332.025,    332.472,
   37,       90.8,    181.147,     334.536,    334.634,
   38,       93.3,    181.000,     336.189,    336.685,
   39,       95.8,    181.235,     337.684,    338.632,
   40,       98.3,    181.073,     341.299,    340.479,
   41,      100.8,    181.058,     341.879,    342.229,
   42,      103.3,    181.183,     343.023,    343.888,
   43,      105.8,    181.213,     344.899,    345.459,
   44,      108.3,    181.147,     346.129,    346.946,
   45,      110.8,    181.169,     348.846,    348.354,
   46,      113.3,    181.242,     348.981,    349.685,
   47,      115.8,    181.088,     350.106,    350.945,
   48,      118.3,    180.911,     351.001,    352.137,
   49,      120.8,    181.139,     353.043,    353.262,
   50,      123.3,    181.080,     354.539,    354.325,
   51,      125.8,    181.000,     354.421,    355.330,
   52,      128.3,    181.117,     356.123,    356.279,
   53,      130.8,    181.249,     356.967,    357.173,
   54,      133.3,    181.147,     357.721,    358.019,
   55,      135.8,    181.360,     358.128,    358.815,
   56,      138.3,    181.205,     361.744,    359.568,
   57,      140.8,    181.308,     359.884,    360.277,
   58,      143.3,    181.191,     360.946,    360.947,
   59,      145.8,    181.022,     361.283,    361.579,
   60,      148.3,    181.220,     361.439,    362.174,
   61,      150.8,    181.139,     361.876,    362.736,
   62,      153.3,    181.213,     362.833,    363.265,
   63,      155.8,    181.036,     364.015,    363.764,
   64,      158.3,    181.191,     363.981,    364.234,
   65,      160.8,    181.338,     365.341,    364.675,
   66,      163.3,    181.125,     366.323,    365.093,
   67,      165.8,    181.191,     366.189,    365.486,
   68,      168.3,    181.338,     365.341,    365.854,
   69,      170.8,    181.058,     366.456,    366.204,
   70,      175.8,    179.662,     368.469,    368.075,
----,
DateTime:        , 2025/11/19, 13:56:03, 1763574962844,
RFID_EPC:        ,--Not Acquired--,
RFID_UserData:   ,--Not Acquired--,
Barcode:         ,--Not Acquired--,
PIF:,            0.00,
PARs:,            0.0,     0.0,     0.0,     0.0,     0.0,     0.0,
Light:,           0.0,     0.0,     0.0,     0.0,     0.0,     0.0,
Cycles:,            1,
                    1,      69,      70,      70,
Lamps:,        #10000,
Gain:,              2,      50, 
SNR_raw:,     276.11,
Position:,        0.0,              0.0,   NoData,
DataPt,      Time(us),   EX,         EM,       Fit,
==========,==========,==========,==========,=========,
    0,        0.0,      0.000,       0.000,    157.538,
    1,        0.8,    161.131,     158.566,    163.253,
    2,        3.3,    179.939,     169.793,    169.728,
    3,        5.8,    180.167,     179.833,    176.284,
    4,        8.3,    180.233,     186.148,    182.878,
    5,       10.8,    180.233,     190.864,    189.477,
    6,       13.3,    180.424,     196.759,    196.058,
    7,       15.8,    180.424,     202.855,    202.592,
    8,       18.3,    180.630,     209.545,    209.062,
    9,       20.8,    180.402,     214.798,    215.438,
   10,       23.3,    180.498,     221.610,    221.714,
   11,       25.8,    180.630,     226.153,    227.876,
   12,       28.3,    180.652,     232.491,    233.910,
   13,       30.8,    180.637,     237.770,    239.805,
   14,       33.3,    180.777,     243.947,    245.557,
   15,       35.8,    180.784,     250.022,    251.155,
   16,       38.3,    180.703,     255.391,    256.593,
   17,       40.8,    180.835,     261.840,    261.871,
   18,       43.3,    180.850,     266.795,    266.984,
   19,       45.8,    180.880,     271.451,    271.930,
   20,       48.3,    180.990,     277.087,    276.709,
   21,       50.8,    180.835,     281.748,    281.316,
   22,       53.3,    180.909,     286.885,    285.756,
   23,       55.8,    180.784,     290.678,    290.027,
   24,       58.3,    181.019,     295.549,    294.135,
   25,       60.8,    180.681,     297.485,    298.076,
   26,       63.3,    181.056,     302.945,    301.860,
   27,       65.8,    180.924,     307.036,    305.486,
   28,       68.3,    181.218,     309.573,    308.960,
   29,       70.8,    181.159,     313.537,    312.282,
   30,       73.3,    181.100,     315.572,    315.458,
   31,       75.8,    181.041,     318.160,    318.490,
   32,       78.3,    181.085,     322.224,    321.384,
   33,       80.8,    180.968,     324.644,    324.143,
   34,       83.3,    181.195,     326.167,    326.773,
   35,       85.8,    181.100,     329.652,    329.278,
   36,       88.3,    181.019,     332.009,    331.661,
   37,       90.8,    181.027,     333.653,    333.928,
   38,       93.3,    181.071,     337.990,    336.083,
   39,       95.8,    181.195,     338.309,    338.131,
   40,       98.3,    180.997,     338.403,    340.076,
   41,      100.8,    181.240,     341.537,    341.922,
   42,      103.3,    181.137,     344.215,    343.674,
   43,      105.8,    181.342,     345.755,    345.335,
   44,      108.3,    181.019,     346.648,    346.909,
   45,      110.8,    181.195,     347.967,    348.401,
   46,      113.3,    181.063,     348.221,    349.815,
   47,      115.8,    181.144,     349.998,    351.153,
   48,      118.3,    181.122,     352.249,    352.420,
   49,      120.8,    181.129,     354.719,    353.619,
   50,      123.3,    181.063,     354.572,    354.753,
   51,      125.8,    181.240,     355.607,    355.825,
   52,      128.3,    181.100,     355.881,    356.839,
   53,      130.8,    181.188,     357.363,    357.797,
   54,      133.3,    181.122,     359.150,    358.703,
   55,      135.8,    181.203,     359.542,    359.559,
   56,      138.3,    181.240,     359.469,    360.367,
   57,      140.8,    181.254,     360.819,    361.130,
   58,      143.3,    181.210,     361.459,    361.851,
   59,      145.8,    181.093,     363.074,    362.532,
   60,      148.3,    181.129,     363.000,    363.174,
   61,      150.8,    181.247,     363.592,    363.780,
   62,      153.3,    181.144,     364.627,    364.352,
   63,      155.8,    181.218,     364.755,    364.892,
   64,      158.3,    181.225,     365.292,    365.400,
   65,      160.8,    181.262,     366.321,    365.880,
   66,      163.3,    181.240,     365.814,    366.333,
   67,      165.8,    181.166,     368.722,    366.760,
   68,      168.3,    181.144,     368.215,    367.163,
   69,      170.8,    181.328,     368.945,    367.542,
   70,      175.8,    179.792,     369.315,    369.163,
----,
DateTime:        , 2025/11/19, 13:56:07, 1763574967307,
RFID_EPC:        ,--Not Acquired--,
RFID_UserData:   ,--Not Acquired--,
Barcode:         ,--Not Acquired--,
PIF:,            0.00,
PARs:,            0.0,     0.0,     0.0,     0.0,     0.0,     0.0,
Light:,           0.0,     0.0,     0.0,     0.0,     0.0,     0.0,
Cycles:,            1,
                    1,      69,      70,      70,
Lamps:,        #10000,
Gain:,              2,      50, 
SNR_raw:,     303.97,
Position:,        0.0,              0.0,   NoData,
DataPt,      Time(us),   EX,         EM,       Fit,
==========,==========,==========,==========,=========,
    0,        0.0,      0.000,       0.000,    157.946,
    1,        0.8,    161.201,     158.498,    163.390,
    2,        3.3,    179.863,     169.591,    169.594,
    3,        5.8,    180.208,     179.514,    175.915,
    4,        8.3,    180.150,     185.401,    182.301,
    5,       10.8,    180.333,     189.649,    188.723,
    6,       13.3,    180.319,     195.487,    195.143,
    7,       15.8,    180.297,     201.890,    201.534,
    8,       18.3,    180.510,     208.853,    207.879,
    9,       20.8,    180.664,     214.763,    214.155,
   10,       23.3,    180.466,     219.432,    220.334,
   11,       25.8,    180.613,     225.898,    226.411,
   12,       28.3,    180.730,     229.901,    232.371,
   13,       30.8,    180.855,     236.930,    238.203,
   14,       33.3,    180.679,     241.866,    243.890,
   15,       35.8,    180.767,     248.386,    249.432,
   16,       38.3,    180.745,     253.673,    254.818,
   17,       40.8,    180.906,     260.356,    260.050,
   18,       43.3,    180.789,     265.226,    265.116,
   19,       45.8,    180.826,     270.150,    270.018,
   20,       48.3,    180.826,     275.127,    274.753,
   21,       50.8,    180.958,     280.176,    279.324,
   22,       53.3,    181.075,     283.860,    283.729,
   23,       55.8,    181.046,     288.324,    287.967,
   24,       58.3,    180.877,     293.017,    292.039,
   25,       60.8,    180.892,     295.204,    295.948,
   26,       63.3,    181.053,     299.359,    299.699,
   27,       65.8,    180.951,     304.503,    303.292,
   28,       68.3,    180.928,     307.304,    306.730,
   29,       70.8,    180.936,     311.160,    310.019,
   30,       73.3,    181.024,     313.494,    313.162,
   31,       75.8,    180.928,     317.805,    316.162,
   32,       78.3,    181.303,     318.527,    319.025,
   33,       80.8,    181.200,     320.916,    321.755,
   34,       83.3,    181.031,     325.082,    324.354,
   35,       85.8,    181.083,     326.646,    326.829,
   36,       88.3,    180.906,     329.452,    329.183,
   37,       90.8,    180.870,     331.730,    331.421,
   38,       93.3,    180.995,     333.159,    333.547,
   39,       95.8,    181.097,     335.731,    335.567,
   40,       98.3,    180.906,     338.573,    337.484,
   41,      100.8,    181.120,     338.727,    339.303,
   42,      103.3,    181.222,     341.293,    341.027,
   43,      105.8,    181.230,     341.555,    342.662,
   44,      108.3,    181.311,     344.712,    344.211,
   45,      110.8,    181.311,     346.367,    345.678,
   46,      113.3,    181.244,     346.493,    347.067,
   47,      115.8,    181.164,     348.028,    348.382,
   48,      118.3,    181.186,     349.089,    349.626,
   49,      120.8,    181.281,     350.560,    350.802,
   50,      123.3,    181.097,     352.296,    351.915,
   51,      125.8,    181.009,     353.021,    352.968,
   52,      128.3,    181.068,     352.906,    353.962,
   53,      130.8,    181.017,     354.387,    354.901,
   54,      133.3,    181.200,     355.684,    355.788,
   55,      135.8,    181.142,     356.351,    356.625,
   56,      138.3,    181.252,     356.134,    357.415,
   57,      140.8,    181.333,     356.803,    358.159,
   58,      143.3,    181.244,     357.804,    358.863,
   59,      145.8,    181.244,     359.459,    359.527,
   60,      148.3,    181.230,     360.040,    360.154,
   61,      150.8,    181.164,     361.000,    360.746,
   62,      153.3,    181.325,     361.229,    361.302,
   63,      155.8,    180.995,     361.060,    361.830,
   64,      158.3,    181.112,     363.311,    362.326,
   65,      160.8,    181.127,     363.281,    362.794,
   66,      163.3,    181.075,     363.661,    363.235,
   67,      165.8,    181.208,     363.947,    363.650,
   68,      168.3,    181.237,     365.267,    364.040,
   69,      170.8,    181.494,     364.750,    364.406,
   70,      175.8,    179.753,     366.893,    366.432,
----,
DateTime:        , 2025/11/19, 13:56:12, 1763574971859,
RFID_EPC:        ,--Not Acquired--,
RFID_UserData:   ,--Not Acquired--,
Barcode:         ,--Not Acquired--,
PIF:,            0.00,
PARs:,            0.0,     0.0,     0.0,     0.0,     0.0,     0.0,
Light:,           0.0,     0.0,     0.0,     0.0,     0.0,     0.0,
Cycles:,            1,
                    1,      69,      70,      70,
Lamps:,        #10000,
Gain:,              2,      50, 
SNR_raw:,     246.21,
Position:,        0.0,              0.0,   NoData,
DataPt,      Time(us),   EX,         EM,       Fit,
==========,==========,==========,==========,=========,
    0,        0.0,      0.000,       0.000,    160.845,
    1,        0.8,    161.301,     161.810,    166.597,
    2,        3.3,    180.002,     172.980,    173.045,
    3,        5.8,    180.068,     182.986,    179.510,
    4,        8.3,    180.384,     188.764,    185.974,
    5,       10.8,    180.296,     193.293,    192.403,
    6,       13.3,    180.435,     200.072,    198.784,
    7,       15.8,    180.369,     205.689,    205.093,
    8,       18.3,    180.656,     212.005,    211.324,
    9,       20.8,    180.377,     217.877,    217.448,
   10,       23.3,    180.641,     222.541,    223.467,
   11,       25.8,    180.450,     228.595,    229.358,
   12,       28.3,    180.619,     233.364,    235.122,
   13,       30.8,    180.693,     239.080,    240.748,
   14,       33.3,    180.715,     245.138,    246.228,
   15,       35.8,    180.825,     249.966,    251.558,
   16,       38.3,    180.972,     255.841,    256.735,
   17,       40.8,    181.016,     261.303,    261.754,
   18,       43.3,    180.832,     265.992,    266.607,
   19,       45.8,    181.082,     270.872,    271.302,
   20,       48.3,    180.832,     276.223,    275.828,
   21,       50.8,    180.920,     279.957,    280.191,
   22,       53.3,    180.788,     283.757,    284.390,
   23,       55.8,    180.913,     289.918,    288.429,
   24,       58.3,    180.979,     293.128,    292.309,
   25,       60.8,    181.119,     296.214,    296.034,
   26,       63.3,    181.053,     300.741,    299.603,
   27,       65.8,    181.207,     303.796,    303.022,
   28,       68.3,    181.045,     306.829,    306.291,
   29,       70.8,    180.987,     309.691,    309.415,
   30,       73.3,    181.126,     314.146,    312.399,
   31,       75.8,    181.060,     316.193,    315.246,
   32,       78.3,    181.104,     319.429,    317.961,
   33,       80.8,    180.987,     321.847,    320.547,
   34,       83.3,    180.950,     323.847,    323.009,
   35,       85.8,    181.163,     324.846,    325.353,
   36,       88.3,    181.207,     327.526,    327.582,
   37,       90.8,    181.111,     329.907,    329.699,
   38,       93.3,    181.134,     332.075,    331.711,
   39,       95.8,    181.111,     334.048,    333.620,
   40,       98.3,    181.134,     335.388,    335.432,
   41,      100.8,    181.111,     337.361,    337.150,
   42,      103.3,    181.141,     337.030,    338.779,
   43,      105.8,    181.185,     339.708,    340.322,
   44,      108.3,    181.097,     341.806,    341.784,
   45,      110.8,    181.111,     344.263,    343.167,
   46,      113.3,    181.119,     342.593,    344.477,
   47,      115.8,    181.156,     345.007,    345.716,
   48,      118.3,    181.082,     345.976,    346.887,
   49,      120.8,    181.207,     347.393,    347.995,
   50,      123.3,    181.281,     346.976,    349.042,
   51,      125.8,    181.075,     350.132,    350.031,
   52,      128.3,    181.089,     350.655,    350.966,
   53,      130.8,    181.097,     353.126,    351.849,
   54,      133.3,    181.192,     352.112,    352.682,
   55,      135.8,    180.987,     352.512,    353.470,
   56,      138.3,    181.082,     354.259,    354.213,
   57,      140.8,    181.207,     355.119,    354.913,
   58,      143.3,    181.207,     354.567,    355.573,
   59,      145.8,    181.104,     356.149,    356.197,
   60,      148.3,    181.192,     355.699,    356.785,
   61,      150.8,    181.089,     357.558,    357.340,
   62,      153.3,    181.236,     358.372,    357.862,
   63,      155.8,    181.126,     359.694,    358.355,
   64,      158.3,    181.023,     359.346,    358.820,
   65,      160.8,    180.994,     359.128,    359.259,
   66,      163.3,    181.339,     359.823,    359.670,
   67,      165.8,    181.192,     361.770,    360.059,
   68,      168.3,    181.111,     361.932,    360.425,
   69,      170.8,    181.053,     360.945,    360.771,
   70,      175.8,    179.649,     362.651,    362.406,
----,
DateTime:        , 2025/11/19, 13:56:16, 1763574976369,
RFID_EPC:        ,--Not Acquired--,
RFID_UserData:   ,--Not Acquired--,
Barcode:         ,--Not Acquired--,
PIF:,            0.00,
PARs:,            0.0,     0.0,     0.0,     0.0,     0.0,     0.0,
Light:,           0.0,     0.0,     0.0,     0.0,     0.0,     0.0,
Cycles:,            1,
                    1,      69,      70,      70,
Lamps:,        #10000,
Gain:,              2,      50, 
SNR_raw:,     283.77,
Position:,        0.0,              0.0,   NoData,
DataPt,      Time(us),   EX,         EM,       Fit,
==========,==========,==========,==========,=========,
    0,        0.0,      0.000,       0.000,    160.449,
    1,        0.8,    161.254,     160.616,    165.828,
    2,        3.3,    179.801,     171.664,    172.027,
    3,        5.8,    180.110,     181.556,    178.399,
    4,        8.3,    180.227,     187.818,    184.871,
    5,       10.8,    180.183,     192.859,    191.383,
    6,       13.3,    180.338,     200.457,    197.896,
    7,       15.8,    180.551,     205.205,    204.374,
    8,       18.3,    180.543,     211.030,    210.780,
    9,       20.8,    180.654,     217.543,    217.093,
   10,       23.3,    180.492,     223.002,    223.285,
   11,       25.8,    180.551,     227.360,    229.345,
   12,       28.3,    180.661,     232.756,    235.262,
   13,       30.8,    180.735,     240.408,    241.024,
   14,       33.3,    180.455,     245.767,    246.618,
   15,       35.8,    180.749,     250.623,    252.047,
   16,       38.3,    180.793,     256.094,    257.305,
   17,       40.8,    180.867,     260.966,    262.388,
   18,       43.3,    180.859,     266.505,    267.294,
   19,       45.8,    180.830,     271.526,    272.024,
   20,       48.3,    180.926,     277.186,    276.579,
   21,       50.8,    181.036,     281.160,    280.961,
   22,       53.3,    180.852,     285.316,    285.169,
   23,       55.8,    180.874,     289.981,    289.208,
   24,       58.3,    180.970,     293.143,    293.083,
   25,       60.8,    181.014,     297.215,    296.795,
   26,       63.3,    180.948,     299.534,    300.348,
   27,       65.8,    180.962,     304.483,    303.748,
   28,       68.3,    180.992,     307.196,    306.997,
   29,       70.8,    181.175,     309.921,    310.103,
   30,       73.3,    181.073,     313.686,    313.067,
   31,       75.8,    181.014,     318.484,    315.895,
   32,       78.3,    181.227,     319.765,    318.592,
   33,       80.8,    181.058,     322.549,    321.162,
   34,       83.3,    181.234,     324.166,    323.610,
   35,       85.8,    181.036,     327.007,    325.941,
   36,       88.3,    181.073,     328.045,    328.159,
   37,       90.8,    181.139,     330.686,    330.269,
   38,       93.3,    181.102,     332.409,    332.275,
   39,       95.8,    181.153,     332.867,    334.181,
   40,       98.3,    181.073,     335.501,    335.993,
   41,      100.8,    181.139,     336.482,    337.713,
   42,      103.3,    181.102,     339.588,    339.346,
   43,      105.8,    181.161,     340.582,    340.896,
   44,      108.3,    180.977,     341.480,    342.368,
   45,      110.8,    181.153,     343.355,    343.762,
   46,      113.3,    181.183,     344.680,    345.085,
   47,      115.8,    181.234,     347.341,    346.338,
   48,      118.3,    180.955,     346.771,    347.528,
   49,      120.8,    181.264,     348.663,    348.654,
   50,      123.3,    181.080,     350.398,    349.721,
   51,      125.8,    181.308,     349.958,    350.731,
   52,      128.3,    181.249,     352.002,    351.687,
   53,      130.8,    181.058,     352.374,    352.595,
   54,      133.3,    181.190,     353.496,    353.453,
   55,      135.8,    181.286,     354.137,    354.264,
   56,      138.3,    181.073,     355.106,    355.033,
   57,      140.8,    181.168,     355.195,    355.760,
   58,      143.3,    181.183,     356.546,    356.448,
   59,      145.8,    181.161,     356.865,    357.099,
   60,      148.3,    181.109,     358.347,    357.715,
   61,      150.8,    181.352,     358.971,    358.295,
   62,      153.3,    181.286,     358.550,    358.845,
   63,      155.8,    181.205,     359.538,    359.366,
   64,      158.3,    181.322,     359.856,    359.856,
   65,      160.8,    181.183,     359.858,    360.322,
   66,      163.3,    181.183,     360.410,    360.762,
   67,      165.8,    181.131,     361.616,    361.179,
   68,      168.3,    181.153,     361.848,    361.572,
   69,      170.8,    181.197,     362.588,    361.943,
   70,      175.8,    179.573,     364.475,    364.236,
----,
DateTime:        , 2025/11/19, 13:56:21, 1763574980886,
RFID_EPC:        ,--Not Acquired--,
RFID_UserData:   ,--Not Acquired--,
Barcode:         ,--Not Acquired--,
PIF:,            0.00,
PARs:,            0.0,     0.0,     0.0,     0.0,     0.0,     0.0,
Light:,           0.0,     0.0,     0.0,     0.0,     0.0,     0.0,
Cycles:,            1,
                    1,      69,      70,      70,
Lamps:,        #10000,
Gain:,              2,      50, 
SNR_raw:,     259.52,
Position:,        0.0,              0.0,   NoData,
DataPt,      Time(us),   EX,         EM,       Fit,
==========,==========,==========,==========,=========,
    0,        0.0,      0.000,       0.000,    159.369,
    1,        0.8,    161.172,     161.008,    165.190,
    2,        3.3,    179.864,     171.880,    171.736,
    3,        5.8,    180.055,     181.611,    178.321,
    4,        8.3,    180.216,     186.720,    184.918,
    5,       10.8,    180.246,     193.070,    191.498,
    6,       13.3,    180.547,     200.225,    198.046,
    7,       15.8,    180.378,     204.570,    204.528,
    8,       18.3,    180.371,     210.677,    210.931,
    9,       20.8,    180.745,     216.050,    217.251,
   10,       23.3,    180.679,     222.494,    223.460,
   11,       25.8,    180.576,     229.266,    229.547,
   12,       28.3,    180.584,     234.240,    235.502,
   13,       30.8,    180.716,     239.603,    241.321,
   14,       33.3,    180.709,     245.976,    246.992,
   15,       35.8,    180.789,     251.674,    252.511,
   16,       38.3,    180.797,     257.195,    257.871,
   17,       40.8,    180.834,     261.290,    263.068,
   18,       43.3,    180.973,     268.272,    268.102,
   19,       45.8,    180.929,     273.312,    272.966,
   20,       48.3,    180.870,     278.653,    277.660,
   21,       50.8,    180.951,     282.673,    282.186,
   22,       53.3,    180.907,     286.335,    286.541,
   23,       55.8,    180.819,     290.622,    290.727,
   24,       58.3,    181.017,     295.552,    294.749,
   25,       60.8,    180.870,     299.386,    298.605,
   26,       63.3,    180.870,     303.809,    302.299,
   27,       65.8,    180.951,     306.713,    305.836,
   28,       68.3,    181.164,     309.112,    309.220,
   29,       70.8,    181.267,     313.626,    312.453,
   30,       73.3,    180.878,     316.512,    315.535,
   31,       75.8,    181.208,     318.694,    318.477,
   32,       78.3,    181.223,     322.531,    321.280,
   33,       80.8,    181.069,     325.291,    323.947,
   34,       83.3,    181.054,     326.974,    326.485,
   35,       85.8,    181.039,     329.487,    328.896,
   36,       88.3,    181.025,     331.999,    331.188,
   37,       90.8,    181.274,     332.921,    333.364,
   38,       93.3,    181.083,     335.757,    335.428,
   39,       95.8,    180.951,     336.279,    337.385,
   40,       98.3,    181.186,     339.154,    339.240,
   41,      100.8,    181.091,     340.437,    340.997,
   42,      103.3,    181.230,     340.451,    342.661,
   43,      105.8,    181.194,     343.279,    344.236,
   44,      108.3,    181.135,     345.599,    345.725,
   45,      110.8,    181.238,     348.438,    347.133,
   46,      113.3,    181.091,     347.340,    348.464,
   47,      115.8,    181.186,     349.088,    349.722,
   48,      118.3,    181.267,     350.312,    350.910,
   49,      120.8,    181.186,     350.744,    352.031,
   50,      123.3,    181.223,     351.777,    353.089,
   51,      125.8,    181.025,     352.715,    354.088,
   52,      128.3,    181.061,     355.405,    355.031,
   53,      130.8,    181.194,     355.421,    355.919,
   54,      133.3,    180.980,     356.392,    356.757,
   55,      135.8,    181.164,     358.239,    357.546,
   56,      138.3,    181.098,     359.198,    358.291,
   57,      140.8,    181.149,     359.924,    358.992,
   58,      143.3,    181.171,     359.052,    359.652,
   59,      145.8,    181.223,     361.157,    360.273,
   60,      148.3,    181.157,     361.289,    360.859,
   61,      150.8,    181.245,     361.665,    361.410,
   62,      153.3,    181.179,     361.797,    361.929,
   63,      155.8,    181.230,     363.902,    362.417,
   64,      158.3,    181.245,     362.217,    362.877,
   65,      160.8,    181.208,     363.670,    363.310,
   66,      163.3,    181.127,     365.213,    363.717,
   67,      165.8,    181.252,     364.409,    364.100,
   68,      168.3,    181.025,     364.591,    364.461,
   69,      170.8,    181.083,     365.025,    364.800,
   70,      175.8,    179.687,     366.470,    366.288,
----,
DateTime:        , 2025/11/19, 13:56:25, 1763574985366,
RFID_EPC:        ,--Not Acquired--,
RFID_UserData:   ,--Not Acquired--,
Barcode:         ,--Not Acquired--,
PIF:,            0.00,
PARs:,            0.0,     0.0,     0.0,     0.0,     0.0,     0.0,
Light:,           0.0,     0.0,     0.0,     0.0,     0.0,     0.0,
Cycles:,            1,
                    1,      69,      70,      70,
Lamps:,        #10000,
Gain:,              2,      50, 
SNR_raw:,     280.97,
Position:,        0.0,              0.0,   NoData,
DataPt,      Time(us),   EX,         EM,       Fit,
==========,==========,==========,==========,=========,
    0,        0.0,      0.000,       0.000,    159.644,
    1,        0.8,    161.228,     160.332,    165.543,
    2,        3.3,    180.223,     172.330,    172.174,
    3,        5.8,    180.267,     183.062,    178.827,
    4,        8.3,    180.113,     187.383,    185.470,
    5,       10.8,    180.289,     194.965,    192.090,
    6,       13.3,    180.407,     200.380,    198.664,
    7,       15.8,    180.473,     204.740,    205.172,
    8,       18.3,    180.436,     211.432,    211.593,
    9,       20.8,    180.605,     217.879,    217.919,
   10,       23.3,    180.627,     223.942,    224.132,
   11,       25.8,    180.517,     227.402,    230.216,
   12,       28.3,    180.708,     234.079,    236.171,
   13,       30.8,    180.789,     241.442,    241.984,
   14,       33.3,    180.811,     245.837,    247.647,
   15,       35.8,    180.818,     251.634,    253.154,
   16,       38.3,    180.679,     257.916,    258.497,
   17,       40.8,    180.671,     262.632,    263.675,
   18,       43.3,    180.884,     268.956,    268.690,
   19,       45.8,    180.818,     273.479,    273.535,
   20,       48.3,    180.965,     278.506,    278.213,
   21,       50.8,    180.987,     283.445,    282.722,
   22,       53.3,    180.987,     287.313,    287.062,
   23,       55.8,    180.973,     291.481,    291.234,
   24,       58.3,    181.053,     295.769,    295.242,
   25,       60.8,    181.002,     299.444,    299.085,
   26,       63.3,    180.929,     305.093,    302.767,
   27,       65.8,    180.936,     306.739,    306.291,
   28,       68.3,    180.943,     310.595,    309.662,
   29,       70.8,    181.002,     314.085,    312.883,
   30,       73.3,    180.892,     317.040,    315.957,
   31,       75.8,    181.208,     319.799,    318.892,
   32,       78.3,    180.899,     323.108,    321.688,
   33,       80.8,    181.039,     325.621,    324.351,
   34,       83.3,    181.017,     328.147,    326.885,
   35,       85.8,    181.274,     328.784,    329.297,
   36,       88.3,    181.178,     331.717,    331.589,
   37,       90.8,    181.208,     333.871,    333.767,
   38,       93.3,    181.068,     336.061,    335.834,
   39,       95.8,    181.134,     337.043,    337.795,
   40,       98.3,    181.075,     339.913,    339.655,
   41,      100.8,    181.075,     339.085,    341.417,
   42,      103.3,    181.105,     342.895,    343.088,
   43,      105.8,    181.164,     344.992,    344.669,
   44,      108.3,    181.193,     344.936,    346.167,
   45,      110.8,    181.061,     347.949,    347.584,
   46,      113.3,    181.178,     347.172,    348.924,
   47,      115.8,    181.252,     349.238,    350.191,
   48,      118.3,    181.120,     351.149,    351.389,
   49,      120.8,    181.134,     352.501,    352.520,
   50,      123.3,    181.024,     352.716,    353.590,
   51,      125.8,    181.098,     353.677,    354.599,
   52,      128.3,    181.237,     353.956,    355.552,
   53,      130.8,    181.039,     356.554,    356.452,
   54,      133.3,    181.105,     357.528,    357.302,
   55,      135.8,    181.083,     358.952,    358.103,
   56,      138.3,    181.083,     358.400,    358.858,
   57,      140.8,    181.318,     359.589,    359.570,
   58,      143.3,    181.112,     360.274,    360.242,
   59,      145.8,    181.105,     360.565,    360.875,
   60,      148.3,    181.230,     361.971,    361.472,
   61,      150.8,    181.186,     361.508,    362.034,
   62,      153.3,    181.281,     363.524,    362.564,
   63,      155.8,    181.362,     363.637,    363.062,
   64,      158.3,    181.061,     363.966,    363.533,
   65,      160.8,    181.061,     364.795,    363.977,
   66,      163.3,    181.237,     363.888,    364.394,
   67,      165.8,    181.186,     365.647,    364.787,
   68,      168.3,    181.222,     366.676,    365.156,
   69,      170.8,    181.083,     366.959,    365.505,
   70,      175.8,    179.672,     367.336,    367.098,
----,
DateTime:        , 2025/11/19, 13:56:30, 1763574989877,
RFID_EPC:        ,--Not Acquired--,
RFID_UserData:   ,--Not Acquired--,
Barcode:         ,--Not Acquired--,
PIF:,            0.00,
PARs:,            0.0,     0.0,     0.0,     0.0,     0.0,     0.0,
Light:,           0.0,     0.0,     0.0,     0.0,     0.0,     0.0,
Cycles:,            1,
                    1,      69,      70,      70,
Lamps:,        #10000,
Gain:,              2,      50, 
SNR_raw:,     319.62,
Position:,        0.0,              0.0,   NoData,
DataPt,      Time(us),   EX,         EM,       Fit,
==========,==========,==========,==========,=========,
    0,        0.0,      0.000,       0.000,    161.004,
    1,        0.8,    161.250,     161.550,    166.774,
    2,        3.3,    179.870,     173.272,    173.288,
    3,        5.8,    180.120,     183.767,    179.866,
    4,        8.3,    180.267,     188.887,    186.470,
    5,       10.8,    180.311,     195.773,    193.063,
    6,       13.3,    180.414,     201.481,    199.620,
    7,       15.8,    180.502,     206.092,    206.117,
    8,       18.3,    180.267,     212.186,    212.523,
    9,       20.8,    180.539,     218.236,    218.835,
   10,       23.3,    180.583,     223.720,    225.034,
   11,       25.8,    180.450,     229.149,    231.100,
   12,       28.3,    180.590,     236.447,    237.031,
   13,       30.8,    180.612,     242.509,    242.814,
   14,       33.3,    180.730,     246.224,    248.446,
   15,       35.8,    180.788,     252.229,    253.920,
   16,       38.3,    180.781,     258.600,    259.229,
   17,       40.8,    180.671,     264.293,    264.368,
   18,       43.3,    180.847,     268.735,    269.342,
   19,       45.8,    180.825,     274.575,    274.146,
   20,       48.3,    180.921,     278.852,    278.782,
   21,       50.8,    180.987,     283.446,    283.249,
   22,       53.3,    180.906,     287.166,    287.546,
   23,       55.8,    180.965,     291.493,    291.678,
   24,       58.3,    180.957,     295.650,    295.647,
   25,       60.8,    181.259,     300.951,    299.457,
   26,       63.3,    180.965,     303.374,    303.107,
   27,       65.8,    180.987,     307.481,    306.602,
   28,       68.3,    181.075,     311.473,    309.947,
   29,       70.8,    180.943,     314.188,    313.145,
   30,       73.3,    180.832,     316.315,    316.199,
   31,       75.8,    181.016,     319.032,    319.117,
   32,       78.3,    181.119,     322.716,    321.901,
   33,       80.8,    181.259,     326.053,    324.556,
   34,       83.3,    180.921,     328.597,    327.085,
   35,       85.8,    181.207,     329.181,    329.495,
   36,       88.3,    181.090,     332.432,    331.788,
   37,       90.8,    181.163,     335.333,    333.970,
   38,       93.3,    181.119,     335.691,    336.044,
   39,       95.8,    181.075,     338.258,    338.016,
   40,       98.3,    181.112,     340.674,    339.889,
   41,      100.8,    181.082,     341.281,    341.668,
   42,      103.3,    181.126,     342.855,    343.356,
   43,      105.8,    181.075,     344.056,    344.958,
   44,      108.3,    181.178,     345.241,    346.478,
   45,      110.8,    181.229,     347.350,    347.918,
   46,      113.3,    181.266,     348.935,    349.284,
   47,      115.8,    181.222,     349.571,    350.578,
   48,      118.3,    181.112,     350.888,    351.805,
   49,      120.8,    181.178,     352.416,    352.966,
   50,      123.3,    181.156,     354.391,    354.065,
   51,      125.8,    181.060,     354.302,    355.107,
   52,      128.3,    181.259,     356.121,    356.091,
   53,      130.8,    181.024,     356.307,    357.024,
   54,      133.3,    181.193,     356.527,    357.905,
   55,      135.8,    181.303,     358.792,    358.738,
   56,      138.3,    180.965,     360.015,    359.527,
   57,      140.8,    181.222,     359.504,    360.272,
   58,      143.3,    181.185,     360.957,    360.976,
   59,      145.8,    181.237,     361.130,    361.642,
   60,      148.3,    181.200,     362.031,    362.271,
   61,      150.8,    181.237,     364.165,    362.865,
   62,      153.3,    181.119,     364.401,    363.427,
   63,      155.8,    181.119,     364.953,    363.958,
   64,      158.3,    181.126,     365.491,    364.459,
   65,      160.8,    181.244,     365.529,    364.932,
   66,      163.3,    181.178,     365.663,    365.378,
   67,      165.8,    181.303,     366.238,    365.799,
   68,      168.3,    181.354,     366.410,    366.196,
   69,      170.8,    181.207,     366.983,    366.573,
   70,      175.8,    179.752,     368.563,    368.358,
----,
DateTime:        , 2025/11/19, 13:56:34, 1763574994391,
RFID_EPC:        ,--Not Acquired--,
RFID_UserData:   ,--Not Acquired--,
Barcode:         ,--Not Acquired--,
PIF:,            0.00,
PARs:,            0.0,     0.0,     0.0,     0.0,     0.0,     0.0,
Light:,           0.0,     0.0,     0.0,     0.0,     0.0,     0.0,
Cycles:,            1,
                    1,      69,      70,      70,
Lamps:,        #10000,
Gain:,              2,      50, 
SNR_raw:,     298.25,
Position:,        0.0,              0.0,   NoData,
DataPt,      Time(us),   EX,         EM,       Fit,
==========,==========,==========,==========,=========,
    0,        0.0,      0.000,       0.000,    162.354,
    1,        0.8,    161.243,     164.038,    167.996,
    2,        3.3,    179.982,     175.337,    174.384,
    3,        5.8,    180.100,     185.453,    180.841,
    4,        8.3,    180.232,     188.091,    187.329,
    5,       10.8,    180.217,     195.597,    193.808,
    6,       13.3,    180.276,     201.358,    200.252,
    7,       15.8,    180.453,     206.703,    206.640,
    8,       18.3,    180.541,     211.864,    212.948,
    9,       20.8,    180.548,     218.501,    219.157,
   10,       23.3,    180.563,     223.745,    225.251,
   11,       25.8,    180.644,     229.457,    231.222,
   12,       28.3,    180.651,     235.260,    237.057,
   13,       30.8,    180.629,     240.548,    242.747,
   14,       33.3,    180.916,     247.906,    248.293,
   15,       35.8,    180.747,     253.117,    253.681,
   16,       38.3,    180.901,     257.876,    258.913,
   17,       40.8,    180.798,     263.001,    263.981,
   18,       43.3,    180.827,     269.318,    268.887,
   19,       45.8,    180.813,     274.041,    273.630,
   20,       48.3,    181.033,     278.678,    278.213,
   21,       50.8,    180.849,     283.385,    282.630,
   22,       53.3,    180.842,     288.097,    286.887,
   23,       55.8,    181.099,     292.381,    290.988,
   24,       58.3,    180.857,     294.708,    294.928,
   25,       60.8,    180.857,     299.961,    298.715,
   26,       63.3,    180.901,     303.758,    302.351,
   27,       65.8,    181.026,     307.691,    305.841,
   28,       68.3,    181.048,     309.587,    309.187,
   29,       70.8,    181.048,     312.901,    312.392,
   30,       73.3,    180.901,     316.472,    315.459,
   31,       75.8,    181.077,     319.201,    318.395,
   32,       78.3,    181.048,     321.186,    321.202,
   33,       80.8,    180.916,     323.632,    323.883,
   34,       83.3,    180.916,     325.843,    326.444,
   35,       85.8,    180.923,     328.593,    328.889,
   36,       88.3,    181.004,     330.656,    331.221,
   37,       90.8,    181.011,     332.576,    333.446,
   38,       93.3,    181.136,     336.764,    335.566,
   39,       95.8,    180.938,     337.409,    337.586,
   40,       98.3,    181.143,     339.234,    339.511,
   41,      100.8,    181.026,     342.769,    341.343,
   42,      103.3,    181.268,     342.586,    343.086,
   43,      105.8,    181.202,     343.263,    344.745,
   44,      108.3,    181.165,     345.817,    346.323,
   45,      110.8,    181.114,     348.123,    347.823,
   46,      113.3,    181.129,     349.199,    349.248,
   47,      115.8,    181.114,     349.504,    350.602,
   48,      118.3,    181.121,     351.698,    351.889,
   49,      120.8,    181.055,     352.379,    353.111,
   50,      123.3,    181.246,     353.938,    354.270,
   51,      125.8,    181.254,     354.476,    355.371,
   52,      128.3,    181.158,     355.215,    356.415,
   53,      130.8,    181.378,     356.988,    357.406,
   54,      133.3,    181.364,     357.844,    358.346,
   55,      135.8,    181.232,     359.209,    359.238,
   56,      138.3,    181.180,     360.139,    360.083,
   57,      140.8,    181.055,     361.492,    360.886,
   58,      143.3,    181.114,     360.547,    361.646,
   59,      145.8,    181.202,     362.303,    362.366,
   60,      148.3,    181.121,     363.016,    363.048,
   61,      150.8,    181.085,     363.642,    363.695,
   62,      153.3,    181.276,     363.535,    364.307,
   63,      155.8,    181.342,     365.332,    364.886,
   64,      158.3,    181.423,     365.445,    365.434,
   65,      160.8,    181.195,     366.732,    365.955,
   66,      163.3,    181.129,     368.247,    366.448,
   67,      165.8,    181.312,     368.149,    366.914,
   68,      168.3,    181.327,     368.395,    367.355,
   69,      170.8,    181.246,     369.387,    367.773,
   70,      175.8,    179.718,     369.190,    369.374,
----,
DateTime:        , 2025/11/19, 13:56:39, 1763574998876,
RFID_EPC:        ,--Not Acquired--,
RFID_UserData:   ,--Not Acquired--,
Barcode:         ,--Not Acquired--,
PIF:,            0.00,
PARs:,            0.0,     0.0,     0.0,     0.0,     0.0,     0.0,
Light:,           0.0,     0.0,     0.0,     0.0,     0.0,     0.0,
Cycles:,            1,
                    1,      69,      70,      70,
Lamps:,        #10000,
Gain:,              2,      50, 
SNR_raw:,     290.38,
Position:,        0.0,              0.0,   NoData,
DataPt,      Time(us),   EX,         EM,       Fit,
==========,==========,==========,==========,=========,
    0,        0.0,      0.000,       0.000,    163.245,
    1,        0.8,    161.102,     164.181,    168.435,
    2,        3.3,    179.884,     174.997,    174.465,
    3,        5.8,    180.332,     184.659,    180.705,
    4,        8.3,    180.325,     189.935,    187.070,
    5,       10.8,    180.340,     195.742,    193.504,
    6,       13.3,    180.362,     200.708,    199.957,
    7,       15.8,    180.487,     206.386,    206.392,
    8,       18.3,    180.531,     211.875,    212.775,
    9,       20.8,    180.531,     218.245,    219.077,
   10,       23.3,    180.516,     224.634,    225.275,
   11,       25.8,    180.428,     229.454,    231.350,
   12,       28.3,    180.715,     235.454,    237.295,
   13,       30.8,    180.737,     241.512,    243.094,
   14,       33.3,    180.840,     247.457,    248.739,
   15,       35.8,    180.825,     253.007,    254.221,
   16,       38.3,    180.854,     257.943,    259.536,
   17,       40.8,    180.979,     263.843,    264.683,
   18,       43.3,    180.862,     268.990,    269.655,
   19,       45.8,    180.913,     274.718,    274.454,
   20,       48.3,    180.744,     278.847,    279.078,
   21,       50.8,    180.766,     283.792,    283.530,
   22,       53.3,    180.751,     287.965,    287.812,
   23,       55.8,    180.773,     293.738,    291.926,
   24,       58.3,    180.994,     297.524,    295.876,
   25,       60.8,    181.155,     301.675,    299.666,
   26,       63.3,    181.031,     303.816,    303.297,
   27,       65.8,    181.053,     308.198,    306.774,
   28,       68.3,    181.097,     310.608,    310.100,
   29,       70.8,    181.038,     314.023,    313.281,
   30,       73.3,    181.089,     316.971,    316.320,
   31,       75.8,    181.023,     319.848,    319.222,
   32,       78.3,    181.009,     322.084,    321.991,
   33,       80.8,    180.913,     324.742,    324.632,
   34,       83.3,    181.009,     327.885,    327.149,
   35,       85.8,    180.994,     330.122,    329.548,
   36,       88.3,    181.133,     331.524,    331.832,
   37,       90.8,    180.898,     333.889,    334.007,
   38,       93.3,    181.236,     334.922,    336.075,
   39,       95.8,    181.141,     338.411,    338.043,
   40,       98.3,    181.192,     338.591,    339.914,
   41,      100.8,    181.045,     341.903,    341.692,
   42,      103.3,    181.075,     344.057,    343.382,
   43,      105.8,    181.126,     343.959,    344.986,
   44,      108.3,    181.310,     346.920,    346.509,
   45,      110.8,    180.942,     348.730,    347.956,
   46,      113.3,    181.148,     349.162,    349.328,
   47,      115.8,    181.119,     351.427,    350.630,
   48,      118.3,    181.097,     351.746,    351.865,
   49,      120.8,    181.178,     352.693,    353.035,
   50,      123.3,    181.111,     353.650,    354.145,
   51,      125.8,    181.251,     353.929,    355.196,
   52,      128.3,    181.273,     354.714,    356.191,
   53,      130.8,    181.324,     356.819,    357.134,
   54,      133.3,    181.155,     357.428,    358.029,
   55,      135.8,    181.192,     357.907,    358.876,
   56,      138.3,    181.053,     359.840,    359.680,
   57,      140.8,    181.324,     359.852,    360.438,
   58,      143.3,    181.347,     361.463,    361.155,
   59,      145.8,    181.155,     361.568,    361.836,
   60,      148.3,    181.067,     362.020,    362.482,
   61,      150.8,    181.163,     362.381,    363.091,
   62,      153.3,    181.163,     363.485,    363.668,
   63,      155.8,    181.288,     364.338,    364.212,
   64,      158.3,    181.067,     365.886,    364.729,
   65,      160.8,    181.148,     365.723,    365.217,
   66,      163.3,    181.214,     366.141,    365.678,
   67,      165.8,    181.170,     368.162,    366.115,
   68,      168.3,    181.104,     367.192,    366.528,
   69,      170.8,    181.141,     368.222,    366.918,
   70,      175.8,    179.847,     369.480,    369.428,
----,
DateTime:        , 2025/11/19, 13:56:43, 1763575003446,
RFID_EPC:        ,--Not Acquired--,
RFID_UserData:   ,--Not Acquired--,
Barcode:         ,--Not Acquired--,
PIF:,            0.00,
PARs:,            0.0,     0.0,     0.0,     0.0,     0.0,     0.0,
Light:,           0.0,     0.0,     0.0,     0.0,     0.0,     0.0,
Cycles:,            1,
                    1,      69,      70,      70,
Lamps:,        #10000,
Gain:,              2,      50, 
SNR_raw:,     286.44,
Position:,        0.0,              0.0,   NoData,
DataPt,      Time(us),   EX,         EM,       Fit,
==========,==========,==========,==========,=========,
    0,        0.0,      0.000,       0.000,    162.005,
    1,        0.8,    161.269,     162.771,    167.745,
    2,        3.3,    180.000,     174.462,    174.206,
    3,        5.8,    180.352,     184.916,    180.714,
    4,        8.3,    180.117,     190.432,    187.222,
    5,       10.8,    180.315,     195.491,    193.715,
    6,       13.3,    180.389,     201.232,    200.168,
    7,       15.8,    180.462,     206.691,    206.560,
    8,       18.3,    180.396,     212.587,    212.868,
    9,       20.8,    180.602,     218.159,    219.085,
   10,       23.3,    180.580,     223.724,    225.191,
   11,       25.8,    180.565,     229.280,    231.175,
   12,       28.3,    180.793,     234.799,    237.033,
   13,       30.8,    180.712,     241.544,    242.749,
   14,       33.3,    180.749,     247.028,    248.320,
   15,       35.8,    180.712,     253.718,    253.738,
   16,       38.3,    180.749,     257.816,    259.001,
   17,       40.8,    180.720,     263.668,    264.104,
   18,       43.3,    180.830,     269.037,    269.048,
   19,       45.8,    180.764,     273.285,    273.829,
   20,       48.3,    180.786,     279.336,    278.447,
   21,       50.8,    181.028,     283.381,    282.906,
   22,       53.3,    180.933,     287.952,    287.202,
   23,       55.8,    180.903,     291.869,    291.338,
   24,       58.3,    180.837,     296.123,    295.314,
   25,       60.8,    180.933,     300.112,    299.135,
   26,       63.3,    180.896,     304.595,    302.802,
   27,       65.8,    181.050,     308.478,    306.320,
   28,       68.3,    180.911,     309.545,    309.691,
   29,       70.8,    181.058,     313.436,    312.919,
   30,       73.3,    181.087,     316.699,    316.008,
   31,       75.8,    180.992,     318.523,    318.960,
   32,       78.3,    180.889,     322.021,    321.781,
   33,       80.8,    181.072,     326.113,    324.474,
   34,       83.3,    180.992,     327.640,    327.044,
   35,       85.8,    180.984,     329.587,    329.495,
   36,       88.3,    180.969,     332.100,    331.831,
   37,       90.8,    180.918,     334.129,    334.055,
   38,       93.3,    181.146,     337.021,    336.174,
   39,       95.8,    181.153,     338.940,    338.191,
   40,       98.3,    181.116,     339.837,    340.109,
   41,      100.8,    181.021,     342.502,    341.932,
   42,      103.3,    181.138,     342.280,    343.666,
   43,      105.8,    181.263,     344.802,    345.312,
   44,      108.3,    181.227,     345.700,    346.876,
   45,      110.8,    181.050,     347.141,    348.361,
   46,      113.3,    180.947,     349.825,    349.770,
   47,      115.8,    181.050,     350.731,    351.107,
   48,      118.3,    181.138,     352.217,    352.375,
   49,      120.8,    181.219,     352.887,    353.577,
   50,      123.3,    181.006,     353.303,    354.717,
   51,      125.8,    181.197,     355.690,    355.796,
   52,      128.3,    181.285,     355.793,    356.819,
   53,      130.8,    181.227,     356.736,    357.788,
   54,      133.3,    181.484,     358.159,    358.704,
   55,      135.8,    181.263,     358.318,    359.573,
   56,      138.3,    181.285,     359.930,    360.395,
   57,      140.8,    181.234,     360.584,    361.174,
   58,      143.3,    181.072,     361.734,    361.912,
   59,      145.8,    181.146,     364.071,    362.609,
   60,      148.3,    181.065,     362.853,    363.269,
   61,      150.8,    181.205,     364.505,    363.893,
   62,      153.3,    181.315,     365.938,    364.482,
   63,      155.8,    181.161,     365.422,    365.040,
   64,      158.3,    181.205,     366.437,    365.567,
   65,      160.8,    181.344,     367.809,    366.065,
   66,      163.3,    181.366,     367.213,    366.535,
   67,      165.8,    181.249,     366.623,    366.981,
   68,      168.3,    181.241,     368.293,    367.401,
   69,      170.8,    181.249,     369.106,    367.799,
   70,      175.8,    179.816,     369.823,    369.619,
----,
DateTime:        , 2025/11/19, 13:56:48, 1763575007955,
RFID_EPC:        ,--Not Acquired--,
RFID_UserData:   ,--Not Acquired--,
Barcode:         ,--Not Acquired--,
PIF:,            0.00,
PARs:,            0.0,     0.0,     0.0,     0.0,     0.0,     0.0,
Light:,           0.0,     0.0,     0.0,     0.0,     0.0,     0.0,
Cycles:,            1,
                    1,      69,      70,      70,
Lamps:,        #10000,
Gain:,              2,      50, 
SNR_raw:,     353.77,
Position:,        0.0,              0.0,   NoData,
DataPt,      Time(us),   EX,         EM,       Fit,
==========,==========,==========,==========,=========,
    0,        0.0,      0.000,       0.000,    162.963,
    1,        0.8,    161.437,     163.841,    168.450,
    2,        3.3,    179.999,     175.153,    174.728,
    3,        5.8,    180.264,     185.284,    181.142,
    4,        8.3,    180.220,     190.878,    187.627,
    5,       10.8,    180.286,     194.968,    194.138,
    6,       13.3,    180.345,     200.727,    200.639,
    7,       15.8,    180.418,     207.019,    207.096,
    8,       18.3,    180.514,     213.003,    213.482,
    9,       20.8,    180.499,     219.669,    219.774,
   10,       23.3,    180.624,     225.330,    225.956,
   11,       25.8,    180.492,     230.759,    232.007,
   12,       28.3,    180.741,     236.526,    237.924,
   13,       30.8,    180.778,     242.286,    243.692,
   14,       33.3,    180.668,     248.246,    249.300,
   15,       35.8,    180.778,     254.456,    254.749,
   16,       38.3,    180.807,     258.839,    260.031,
   17,       40.8,    180.771,     264.147,    265.143,
   18,       43.3,    180.844,     270.675,    270.085,
   19,       45.8,    180.734,     274.436,    274.855,
   20,       48.3,    180.977,     279.318,    279.457,
   21,       50.8,    180.859,     283.646,    283.887,
   22,       53.3,    181.043,     288.882,    288.152,
   23,       55.8,    181.050,     293.013,    292.250,
   24,       58.3,    180.954,     297.589,    296.185,
   25,       60.8,    180.896,     301.555,    299.959,
   26,       63.3,    181.057,     303.495,    303.578,
   27,       65.8,    181.131,     306.960,    307.044,
   28,       68.3,    181.013,     311.027,    310.361,
   29,       70.8,    181.182,     313.221,    313.535,
   30,       73.3,    180.918,     317.271,    316.566,
   31,       75.8,    181.050,     320.630,    319.462,
   32,       78.3,    181.094,     323.865,    322.226,
   33,       80.8,    181.013,     325.391,    324.863,
   34,       83.3,    181.065,     326.679,    327.378,
   35,       85.8,    181.094,     330.215,    329.774,
   36,       88.3,    181.057,     331.939,    332.056,
   37,       90.8,    181.013,     334.230,    334.229,
   38,       93.3,    181.160,     335.615,    336.297,
   39,       95.8,    181.035,     338.056,    338.264,
   40,       98.3,    181.160,     339.755,    340.135,
   41,      100.8,    180.874,     341.951,    341.913,
   42,      103.3,    181.226,     342.941,    343.602,
   43,      105.8,    181.182,     345.508,    345.206,
   44,      108.3,    181.072,     346.547,    346.729,
   45,      110.8,    181.035,     347.722,    348.176,
   46,      113.3,    181.241,     349.259,    349.547,
   47,      115.8,    181.087,     351.213,    350.849,
   48,      118.3,    181.109,     351.170,    352.084,
   49,      120.8,    180.903,     352.122,    353.256,
   50,      123.3,    181.241,     354.224,    354.365,
   51,      125.8,    181.131,     356.372,    355.417,
   52,      128.3,    181.087,     356.735,    356.413,
   53,      130.8,    181.072,     356.764,    357.358,
   54,      133.3,    181.079,     357.854,    358.252,
   55,      135.8,    181.270,     359.132,    359.098,
   56,      138.3,    181.123,     359.975,    359.900,
   57,      140.8,    181.226,     361.426,    360.658,
   58,      143.3,    181.182,     361.238,    361.377,
   59,      145.8,    181.212,     362.008,    362.057,
   60,      148.3,    181.219,     362.269,    362.700,
   61,      150.8,    181.035,     363.465,    363.310,
   62,      153.3,    181.050,     364.264,    363.887,
   63,      155.8,    181.263,     364.663,    364.430,
   64,      158.3,    181.263,     364.939,    364.945,
   65,      160.8,    181.219,     365.580,    365.432,
   66,      163.3,    181.263,     366.043,    365.892,
   67,      165.8,    181.226,     366.669,    366.328,
   68,      168.3,    181.278,     367.392,    366.739,
   69,      170.8,    181.197,     367.280,    367.129,
   70,      175.8,    179.793,     369.313,    369.151,
----,
DateTime:        , 2025/11/19, 13:56:52, 1763575012473,
RFID_EPC:        ,--Not Acquired--,
RFID_UserData:   ,--Not Acquired--,
Barcode:         ,--Not Acquired--,
PIF:,            0.00,
PARs:,            0.0,     0.0,     0.0,     0.0,     0.0,     0.0,
Light:,           0.0,     0.0,     0.0,     0.0,     0.0,     0.0,
Cycles:,            1,
                    1,      69,      70,      70,
Lamps:,        #10000,
Gain:,              2,      50, 
SNR_raw:,     270.58,
Position:,        0.0,              0.0,   NoData,
DataPt,      Time(us),   EX,         EM,       Fit,
==========,==========,==========,==========,=========,
    0,        0.0,      0.000,       0.000,    161.832,
    1,        0.8,    161.306,     163.354,    167.618,
    2,        3.3,    179.807,     174.166,    174.125,
    3,        5.8,    180.035,     183.853,    180.681,
    4,        8.3,    180.153,     189.561,    187.252,
    5,       10.8,    180.336,     195.468,    193.815,
    6,       13.3,    180.366,     200.980,    200.340,
    7,       15.8,    180.476,     207.507,    206.810,
    8,       18.3,    180.542,     212.970,    213.204,
    9,       20.8,    180.557,     219.045,    219.505,
   10,       23.3,    180.616,     225.064,    225.700,
   11,       25.8,    180.689,     230.506,    231.777,
   12,       28.3,    180.616,     236.137,    237.721,
   13,       30.8,    180.579,     242.553,    243.525,
   14,       33.3,    180.594,     248.625,    249.181,
   15,       35.8,    180.763,     253.094,    254.688,
   16,       38.3,    180.873,     260.128,    260.038,
   17,       40.8,    180.924,     265.028,    265.226,
   18,       43.3,    180.924,     270.279,    270.248,
   19,       45.8,    180.895,     274.469,    275.102,
   20,       48.3,    181.034,     280.610,    279.789,
   21,       50.8,    180.821,     284.258,    284.304,
   22,       53.3,    180.887,     289.959,    288.650,
   23,       55.8,    180.961,     293.157,    292.830,
   24,       58.3,    180.887,     297.146,    296.844,
   25,       60.8,    180.932,     301.219,    300.694,
   26,       63.3,    180.961,     304.762,    304.383,
   27,       65.8,    181.034,     307.400,    307.916,
   28,       68.3,    180.983,     311.908,    311.293,
   29,       70.8,    181.027,     314.318,    314.520,
   30,       73.3,    180.932,     318.352,    317.600,
   31,       75.8,    181.012,     321.801,    320.537,
   32,       78.3,    180.990,     323.222,    323.336,
   33,       80.8,    181.211,     325.312,    326.003,
   34,       83.3,    181.034,     330.048,    328.540,
   35,       85.8,    181.196,     332.513,    330.952,
   36,       88.3,    180.895,     333.619,    333.243,
   37,       90.8,    181.174,     335.313,    335.419,
   38,       93.3,    181.189,     337.217,    337.485,
   39,       95.8,    181.240,     338.501,    339.444,
   40,       98.3,    181.159,     341.412,    341.302,
   41,      100.8,    181.145,     342.268,    343.061,
   42,      103.3,    181.108,     344.822,    344.727,
   43,      105.8,    181.115,     346.188,    346.304,
   44,      108.3,    181.159,     348.312,    347.796,
   45,      110.8,    181.012,     349.424,    349.208,
   46,      113.3,    181.248,     350.074,    350.542,
   47,      115.8,    181.218,     350.958,    351.802,
   48,      118.3,    181.380,     352.851,    352.993,
   49,      120.8,    181.079,     353.438,    354.118,
   50,      123.3,    181.270,     354.996,    355.180,
   51,      125.8,    181.248,     355.867,    356.183,
   52,      128.3,    181.174,     356.839,    357.128,
   53,      130.8,    181.152,     357.987,    358.020,
   54,      133.3,    181.005,     357.172,    358.862,
   55,      135.8,    181.145,     359.105,    359.655,
   56,      138.3,    181.064,     361.751,    360.403,
   57,      140.8,    181.064,     362.303,    361.108,
   58,      143.3,    181.079,     362.274,    361.772,
   59,      145.8,    181.174,     362.083,    362.397,
   60,      148.3,    181.350,     362.282,    362.985,
   61,      150.8,    181.306,     363.749,    363.539,
   62,      153.3,    181.284,     363.518,    364.061,
   63,      155.8,    181.115,     364.133,    364.553,
   64,      158.3,    181.174,     365.119,    365.016,
   65,      160.8,    181.189,     364.537,    365.452,
   66,      163.3,    181.108,     367.184,    365.862,
   67,      165.8,    181.137,     366.849,    366.248,
   68,      168.3,    181.196,     367.006,    366.611,
   69,      170.8,    181.071,     368.640,    366.953,
   70,      175.8,    179.822,     368.420,    368.282,
----,
DateTime:        , 2025/11/19, 13:56:57, 1763575016967,
RFID_EPC:        ,--Not Acquired--,
RFID_UserData:   ,--Not Acquired--,
Barcode:         ,--Not Acquired--,
PIF:,            0.00,
PARs:,            0.0,     0.0,     0.0,     0.0,     0.0,     0.0,
Light:,           0.0,     0.0,     0.0,     0.0,     0.0,     0.0,
Cycles:,            1,
                    1,      69,      70,      70,
Lamps:,        #10000,
Gain:,              2,      50, 
SNR_raw:,     311.31,
Position:,        0.0,              0.0,   NoData,
DataPt,      Time(us),   EX,         EM,       Fit,
==========,==========,==========,==========,=========,
    0,        0.0,      0.000,       0.000,    162.449,
    1,        0.8,    161.395,     162.955,    168.231,
    2,        3.3,    180.039,     174.847,    174.729,
    3,        5.8,    180.046,     185.508,    181.258,
    4,        8.3,    180.406,     190.404,    187.804,
    5,       10.8,    180.318,     196.043,    194.326,
    6,       13.3,    180.281,     201.907,    200.804,
    7,       15.8,    180.546,     207.427,    207.228,
    8,       18.3,    180.494,     214.134,    213.570,
    9,       20.8,    180.656,     218.371,    219.821,
   10,       23.3,    180.494,     225.215,    225.958,
   11,       25.8,    180.663,     231.370,    231.980,
   12,       28.3,    180.759,     235.673,    237.873,
   13,       30.8,    180.546,     241.490,    243.621,
   14,       33.3,    180.972,     247.829,    249.233,
   15,       35.8,    180.825,     253.837,    254.689,
   16,       38.3,    180.766,     259.728,    259.986,
   17,       40.8,    180.773,     265.802,    265.122,
   18,       43.3,    180.788,     271.312,    270.095,
   19,       45.8,    180.832,     274.840,    274.903,
   20,       48.3,    180.965,     279.613,    279.547,
   21,       50.8,    180.950,     283.228,    284.025,
   22,       53.3,    180.920,     288.525,    288.336,
   23,       55.8,    180.751,     294.050,    292.480,
   24,       58.3,    180.920,     296.816,    296.464,
   25,       60.8,    180.957,     300.624,    300.288,
   26,       63.3,    180.920,     304.001,    303.954,
   27,       65.8,    180.943,     307.280,    307.466,
   28,       68.3,    181.009,     311.587,    310.826,
   29,       70.8,    180.884,     315.396,    314.038,
   30,       73.3,    181.104,     317.773,    317.108,
   31,       75.8,    181.067,     320.046,    320.038,
   32,       78.3,    181.163,     323.466,    322.834,
   33,       80.8,    181.163,     326.226,    325.497,
   34,       83.3,    181.170,     328.696,    328.034,
   35,       85.8,    180.847,     330.113,    330.448,
   36,       88.3,    180.891,     332.797,    332.743,
   37,       90.8,    181.134,     334.560,    334.926,
   38,       93.3,    181.001,     337.567,    336.999,
   39,       95.8,    181.031,     339.721,    338.968,
   40,       98.3,    181.053,     340.785,    340.836,
   41,      100.8,    181.112,     341.502,    342.609,
   42,      103.3,    181.126,     343.131,    344.289,
   43,      105.8,    181.244,     345.391,    345.882,
   44,      108.3,    181.347,     347.125,    347.391,
   45,      110.8,    181.097,     348.985,    348.820,
   46,      113.3,    181.075,     350.408,    350.173,
   47,      115.8,    181.200,     352.098,    351.453,
   48,      118.3,    181.067,     352.907,    352.664,
   49,      120.8,    181.097,     353.678,    353.809,
   50,      123.3,    181.134,     353.606,    354.892,
   51,      125.8,    181.207,     354.843,    355.914,
   52,      128.3,    181.273,     356.920,    356.881,
   53,      130.8,    181.097,     358.096,    357.794,
   54,      133.3,    181.244,     358.633,    358.656,
   55,      135.8,    181.244,     359.185,    359.470,
   56,      138.3,    181.178,     360.420,    360.239,
   57,      140.8,    181.089,     361.147,    360.964,
   58,      143.3,    181.236,     361.682,    361.649,
   59,      145.8,    181.222,     362.263,    362.294,
   60,      148.3,    181.126,     361.350,    362.904,
   61,      150.8,    181.045,     362.616,    363.479,
   62,      153.3,    181.244,     363.599,    364.020,
   63,      155.8,    181.244,     364.978,    364.530,
   64,      158.3,    181.259,     365.224,    365.011,
   65,      160.8,    181.266,     366.589,    365.465,
   66,      163.3,    181.251,     365.791,    365.892,
   67,      165.8,    181.104,     366.640,    366.296,
   68,      168.3,    181.119,     368.266,    366.677,
   69,      170.8,    181.266,     367.692,    367.034,
   70,      175.8,    179.546,     368.986,    368.699,
----,
DateTime:        , 2025/11/19, 13:57:01, 1763575021452,
RFID_EPC:        ,--Not Acquired--,
RFID_UserData:   ,--Not Acquired--,
Barcode:         ,--Not Acquired--,
PIF:,            0.00,
PARs:,            0.0,     0.0,     0.0,     0.0,     0.0,     0.0,
Light:,           0.0,     0.0,     0.0,     0.0,     0.0,     0.0,
Cycles:,            1,
                    1,      69,      70,      70,
Lamps:,        #10000,
Gain:,              2,      50, 
SNR_raw:,     272.46,
Position:,        0.0,              0.0,   NoData,
DataPt,      Time(us),   EX,         EM,       Fit,
==========,==========,==========,==========,=========,
    0,        0.0,      0.000,       0.000,    162.203,
    1,        0.8,    161.203,     162.838,    167.884,
    2,        3.3,    179.963,     174.552,    174.349,
    3,        5.8,    180.242,     185.029,    180.915,
    4,        8.3,    180.375,     190.437,    187.525,
    5,       10.8,    180.330,     196.584,    194.133,
    6,       13.3,    180.323,     201.860,    200.705,
    7,       15.8,    180.433,     207.833,    207.214,
    8,       18.3,    180.558,     213.504,    213.639,
    9,       20.8,    180.492,     219.400,    219.953,
   10,       23.3,    180.426,     224.746,    226.142,
   11,       25.8,    180.580,     231.199,    232.197,
   12,       28.3,    180.617,     236.689,    238.107,
   13,       30.8,    180.764,     243.135,    243.864,
   14,       33.3,    180.845,     246.620,    249.462,
   15,       35.8,    180.896,     253.737,    254.895,
   16,       38.3,    180.845,     259.338,    260.158,
   17,       40.8,    180.823,     265.177,    265.250,
   18,       43.3,    180.815,     269.059,    270.170,
   19,       45.8,    180.808,     273.494,    274.917,
   20,       48.3,    180.992,     279.571,    279.497,
   21,       50.8,    180.955,     283.772,    283.906,
   22,       53.3,    180.962,     288.181,    288.149,
   23,       55.8,    180.918,     293.226,    292.225,
   24,       58.3,    181.073,     296.842,    296.141,
   25,       60.8,    180.948,     300.639,    299.898,
   26,       63.3,    181.183,     302.733,    303.501,
   27,       65.8,    181.029,     306.581,    306.952,
   28,       68.3,    181.014,     311.302,    310.255,
   29,       70.8,    181.029,     313.486,    313.414,
   30,       73.3,    181.021,     317.366,    316.435,
   31,       75.8,    180.918,     320.310,    319.320,
   32,       78.3,    181.176,     322.891,    322.077,
   33,       80.8,    181.065,     326.402,    324.707,
   34,       83.3,    181.036,     327.559,    327.215,
   35,       85.8,    181.190,     330.868,    329.608,
   36,       88.3,    181.051,     331.399,    331.886,
   37,       90.8,    181.124,     333.749,    334.057,
   38,       93.3,    180.933,     337.694,    336.123,
   39,       95.8,    181.168,     338.912,    338.090,
   40,       98.3,    181.073,     341.576,    339.961,
   41,      100.8,    181.058,     342.156,    341.740,
   42,      103.3,    181.124,     343.963,    343.430,
   43,      105.8,    181.043,     345.221,    345.037,
   44,      108.3,    181.102,     345.661,    346.564,
   45,      110.8,    181.153,     348.047,    348.013,
   46,      113.3,    181.124,     347.828,    349.389,
   47,      115.8,    181.183,     349.095,    350.696,
   48,      118.3,    181.183,     351.303,    351.935,
   49,      120.8,    181.131,     352.230,    353.111,
   50,      123.3,    181.124,     353.901,    354.226,
   51,      125.8,    181.117,     354.744,    355.284,
   52,      128.3,    180.940,     355.642,    356.287,
   53,      130.8,    181.080,     356.472,    357.237,
   54,      133.3,    180.984,     358.594,    358.138,
   55,      135.8,    181.190,     358.739,    358.990,
   56,      138.3,    181.234,     360.031,    359.798,
   57,      140.8,    181.264,     359.697,    360.562,
   58,      143.3,    181.146,     362.139,    361.287,
   59,      145.8,    181.227,     361.977,    361.973,
   60,      148.3,    181.190,     362.878,    362.623,
   61,      150.8,    181.139,     364.085,    363.238,
   62,      153.3,    181.278,     363.805,    363.820,
   63,      155.8,    181.139,     364.362,    364.371,
   64,      158.3,    181.271,     364.096,    364.892,
   65,      160.8,    181.176,     366.219,    365.386,
   66,      163.3,    181.109,     366.629,    365.853,
   67,      165.8,    181.102,     366.920,    366.295,
   68,      168.3,    181.234,     366.652,    366.712,
   69,      170.8,    181.183,     368.136,    367.107,
   70,      175.8,    179.772,     368.800,    368.745,
----,
DateTime:        , 2025/11/19, 13:57:06, 1763575025942,
RFID_EPC:        ,--Not Acquired--,
RFID_UserData:   ,--Not Acquired--,
Barcode:         ,--Not Acquired--,
PIF:,            0.00,
PARs:,            0.0,     0.0,     0.0,     0.0,     0.0,     0.0,
Light:,           0.0,     0.0,     0.0,     0.0,     0.0,     0.0,
Cycles:,            1,
                    1,      69,      70,      70,
Lamps:,        #10000,
Gain:,              2,      50, 
SNR_raw:,     297.12,
Position:,        0.0,              0.0,   NoData,
DataPt,      Time(us),   EX,         EM,       Fit,
==========,==========,==========,==========,=========,
    0,        0.0,      0.000,       0.000,    160.367,
    1,        0.8,    161.278,     162.453,    166.361,
    2,        3.3,    180.003,     173.648,    173.095,
    3,        5.8,    179.929,     183.683,    179.845,
    4,        8.3,    180.238,     189.472,    186.592,
    5,       10.8,    180.186,     195.076,    193.295,
    6,       13.3,    180.400,     200.666,    199.940,
    7,       15.8,    180.488,     205.831,    206.503,
    8,       18.3,    180.422,     212.558,    212.961,
    9,       20.8,    180.693,     218.049,    219.311,
   10,       23.3,    180.502,     223.543,    225.526,
   11,       25.8,    180.693,     230.778,    231.609,
   12,       28.3,    180.642,     236.102,    237.543,
   13,       30.8,    180.848,     241.363,    243.330,
   14,       33.3,    180.671,     247.410,    248.953,
   15,       35.8,    180.885,     254.306,    254.419,
   16,       38.3,    180.591,     259.427,    259.712,
   17,       40.8,    180.863,     264.566,    264.844,
   18,       43.3,    180.863,     269.542,    269.807,
   19,       45.8,    180.863,     273.965,    274.601,
   20,       48.3,    180.885,     279.736,    279.228,
   21,       50.8,    181.046,     284.458,    283.690,
   22,       53.3,    180.980,     288.430,    287.984,
   23,       55.8,    180.745,     292.124,    292.110,
   24,       58.3,    181.017,     296.657,    296.080,
   25,       60.8,    180.929,     300.395,    299.889,
   26,       63.3,    181.193,     304.371,    303.547,
   27,       65.8,    180.951,     308.924,    307.048,
   28,       68.3,    181.142,     311.910,    310.404,
   29,       70.8,    180.929,     314.765,    313.612,
   30,       73.3,    181.193,     317.617,    316.683,
   31,       75.8,    181.024,     321.504,    319.615,
   32,       78.3,    181.179,     321.506,    322.417,
   33,       80.8,    181.208,     325.593,    325.090,
   34,       83.3,    181.017,     327.870,    327.638,
   35,       85.8,    181.142,     329.576,    330.067,
   36,       88.3,    181.017,     332.013,    332.380,
   37,       90.8,    181.142,     333.717,    334.582,
   38,       93.3,    181.032,     335.853,    336.678,
   39,       95.8,    181.061,     338.836,    338.671,
   40,       98.3,    181.193,     339.417,    340.566,
   41,      100.8,    181.098,     342.909,    342.367,
   42,      103.3,    181.120,     343.143,    344.077,
   43,      105.8,    181.061,     344.083,    345.701,
   44,      108.3,    181.193,     347.419,    347.243,
   45,      110.8,    181.193,     348.523,    348.705,
   46,      113.3,    181.009,     349.705,    350.092,
   47,      115.8,    181.090,     351.482,    351.407,
   48,      118.3,    181.171,     351.877,    352.654,
   49,      120.8,    181.237,     353.956,    353.835,
   50,      123.3,    181.127,     355.551,    354.954,
   51,      125.8,    181.090,     356.176,    356.014,
   52,      128.3,    181.127,     355.828,    357.017,
   53,      130.8,    181.068,     357.600,    357.967,
   54,      133.3,    181.237,     359.198,    358.866,
   55,      135.8,    181.090,     359.765,    359.717,
   56,      138.3,    181.259,     360.809,    360.521,
   57,      140.8,    181.083,     360.608,    361.282,
   58,      143.3,    181.156,     361.290,    362.002,
   59,      145.8,    181.127,     362.177,    362.683,
   60,      148.3,    181.098,     363.616,    363.326,
   61,      150.8,    181.223,     364.469,    363.934,
   62,      153.3,    181.142,     364.079,    364.509,
   63,      155.8,    181.318,     365.931,    365.052,
   64,      158.3,    181.105,     366.362,    365.565,
   65,      160.8,    181.112,     366.899,    366.050,
   66,      163.3,    181.303,     366.513,    366.507,
   67,      165.8,    181.281,     367.936,    366.940,
   68,      168.3,    181.105,     368.295,    367.348,
   69,      170.8,    181.289,     367.646,    367.734,
   70,      175.8,    179.606,     368.306,    368.617,
----,
DateTime:        , 2025/11/19, 13:57:10, 1763575030415,
RFID_EPC:        ,--Not Acquired--,
RFID_UserData:   ,--Not Acquired--,
Barcode:         ,--Not Acquired--,
PIF:,            0.00,
PARs:,            0.0,     0.0,     0.0,     0.0,     0.0,     0.0,
Light:,           0.0,     0.0,     0.0,     0.0,     0.0,     0.0,
Cycles:,            1,
                    1,      69,      70,      70,
Lamps:,        #10000,
Gain:,              2,      50, 
SNR_raw:,     265.04,
Position:,        0.0,              0.0,   NoData,
DataPt,      Time(us),   EX,         EM,       Fit,
==========,==========,==========,==========,=========,
    0,        0.0,      0.000,       0.000,    162.582,
    1,        0.8,    161.392,     163.267,    168.370,
    2,        3.3,    179.998,     175.008,    174.878,
    3,        5.8,    180.020,     185.535,    181.420,
    4,        8.3,    180.145,     190.403,    187.969,
    5,       10.8,    180.299,     195.509,    194.498,
    6,       13.3,    180.284,     203.290,    200.981,
    7,       15.8,    180.439,     207.550,    207.401,
    8,       18.3,    180.593,     212.910,    213.742,
    9,       20.8,    180.453,     220.556,    219.980,
   10,       23.3,    180.461,     225.257,    226.105,
   11,       25.8,    180.593,     230.629,    232.111,
   12,       28.3,    180.630,     236.119,    237.985,
   13,       30.8,    180.872,     242.437,    243.724,
   14,       33.3,    180.718,     248.730,    249.312,
   15,       35.8,    180.887,     253.750,    254.752,
   16,       38.3,    180.850,     259.331,    260.034,
   17,       40.8,    180.865,     264.010,    265.157,
   18,       43.3,    180.857,     269.549,    270.117,
   19,       45.8,    180.754,     274.959,    274.912,
   20,       48.3,    180.909,     279.699,    279.546,
   21,       50.8,    180.769,     282.958,    284.014,
   22,       53.3,    180.872,     289.984,    288.321,
   23,       55.8,    181.166,     292.825,    292.471,
   24,       58.3,    180.887,     295.765,    296.457,
   25,       60.8,    181.144,     301.418,    300.289,
   26,       63.3,    180.990,     304.990,    303.964,
   27,       65.8,    181.048,     308.205,    307.488,
   28,       68.3,    180.982,     312.738,    310.863,
   29,       70.8,    180.982,     314.395,    314.093,
   30,       73.3,    180.835,     317.416,    317.179,
   31,       75.8,    181.019,     321.513,    320.131,
   32,       78.3,    181.048,     323.947,    322.949,
   33,       80.8,    180.960,     324.657,    325.638,
   34,       83.3,    181.012,     328.432,    328.202,
   35,       85.8,    180.975,     331.261,    330.645,
   36,       88.3,    181.129,     334.016,    332.972,
   37,       90.8,    181.195,     334.170,    335.188,
   38,       93.3,    181.261,     337.358,    337.296,
   39,       95.8,    181.195,     339.689,    339.301,
   40,       98.3,    181.070,     340.199,    341.204,
   41,      100.8,    181.173,     342.214,    343.013,
   42,      103.3,    181.004,     343.914,    344.730,
   43,      105.8,    181.239,     345.675,    346.360,
   44,      108.3,    180.990,     348.915,    347.905,
   45,      110.8,    181.159,     349.694,    349.371,
   46,      113.3,    180.997,     349.730,    350.760,
   47,      115.8,    181.239,     350.089,    352.076,
   48,      118.3,    181.070,     352.625,    353.323,
   49,      120.8,    181.181,     355.170,    354.504,
   50,      123.3,    181.364,     355.913,    355.622,
   51,      125.8,    181.188,     357.364,    356.680,
   52,      128.3,    181.129,     357.480,    357.681,
   53,      130.8,    181.335,     358.453,    358.628,
   54,      133.3,    181.063,     359.543,    359.524,
   55,      135.8,    181.247,     360.006,    360.371,
   56,      138.3,    181.306,     360.717,    361.171,
   57,      140.8,    181.166,     362.375,    361.927,
   58,      143.3,    181.195,     362.040,    362.642,
   59,      145.8,    181.247,     363.869,    363.317,
   60,      148.3,    181.247,     363.869,    363.955,
   61,      150.8,    181.056,     365.081,    364.557,
   62,      153.3,    181.144,     365.455,    365.126,
   63,      155.8,    181.085,     366.126,    365.663,
   64,      158.3,    181.313,     365.942,    366.170,
   65,      160.8,    181.195,     367.835,    366.648,
   66,      163.3,    181.107,     367.186,    367.100,
   67,      165.8,    181.217,     367.790,    367.526,
   68,      168.3,    181.181,     367.865,    367.928,
   69,      170.8,    181.225,     368.327,    368.307,
   70,      175.8,    179.579,     369.476,    369.432,
----,
DateTime:        , 2025/11/19, 13:57:15, 1763575034886,
RFID_EPC:        ,--Not Acquired--,
RFID_UserData:   ,--Not Acquired--,
Barcode:         ,--Not Acquired--,
PIF:,            0.00,
PARs:,            0.0,     0.0,     0.0,     0.0,     0.0,     0.0,
Light:,           0.0,     0.0,     0.0,     0.0,     0.0,     0.0,
Cycles:,            1,
                    1,      69,      70,      70,
Lamps:,        #10000,
Gain:,              2,      50, 
SNR_raw:,     266.41,
Position:,        0.0,              0.0,   NoData,
DataPt,      Time(us),   EX,         EM,       Fit,
==========,==========,==========,==========,=========,
    0,        0.0,      0.000,       0.000,    164.068,
    1,        0.8,    161.242,     164.349,    169.306,
    2,        3.3,    180.097,     175.704,    175.355,
    3,        5.8,    179.957,     185.877,    181.569,
    4,        8.3,    180.207,     190.891,    187.901,
    5,       10.8,    180.479,     195.313,    194.302,
    6,       13.3,    180.391,     201.230,    200.722,
    7,       15.8,    180.428,     207.285,    207.127,
    8,       18.3,    180.457,     213.070,    213.488,
    9,       20.8,    180.538,     219.621,    219.781,
   10,       23.3,    180.560,     224.579,    225.982,
   11,       25.8,    180.479,     231.606,    232.072,
   12,       28.3,    180.655,     236.361,    238.042,
   13,       30.8,    180.567,     242.292,    243.873,
   14,       33.3,    180.516,     248.732,    249.556,
   15,       35.8,    180.795,     254.155,    255.091,
   16,       38.3,    180.810,     259.665,    260.466,
   17,       40.8,    180.810,     266.025,    265.675,
   18,       43.3,    180.802,     270.461,    270.717,
   19,       45.8,    180.817,     274.310,    275.588,
   20,       48.3,    180.817,     280.394,    280.289,
   21,       50.8,    180.876,     285.278,    284.819,
   22,       53.3,    180.964,     289.284,    289.179,
   23,       55.8,    180.949,     294.005,    293.371,
   24,       58.3,    180.891,     298.523,    297.395,
   25,       60.8,    181.001,     302.485,    301.255,
   26,       63.3,    180.913,     305.672,    304.954,
   27,       65.8,    180.942,     308.662,    308.495,
   28,       68.3,    181.096,     313.645,    311.883,
   29,       70.8,    181.104,     315.841,    315.120,
   30,       73.3,    181.023,     319.573,    318.211,
   31,       75.8,    181.207,     322.008,    321.161,
   32,       78.3,    180.839,     324.321,    323.973,
   33,       80.8,    181.118,     326.858,    326.653,
   34,       83.3,    181.023,     329.240,    329.204,
   35,       85.8,    180.942,     332.980,    331.632,
   36,       88.3,    181.045,     333.619,    333.941,
   37,       90.8,    181.140,     334.823,    336.136,
   38,       93.3,    181.096,     337.666,    338.221,
   39,       95.8,    181.251,     340.688,    340.200,
   40,       98.3,    181.126,     342.028,    342.079,
   41,      100.8,    181.162,     342.786,    343.862,
   42,      103.3,    181.038,     344.956,    345.553,
   43,      105.8,    181.221,     347.089,    347.155,
   44,      108.3,    181.060,     347.952,    348.673,
   45,      110.8,    181.243,     348.703,    350.110,
   46,      113.3,    181.082,     349.566,    351.472,
   47,      115.8,    181.104,     353.113,    352.761,
   48,      118.3,    181.111,     353.650,    353.981,
   49,      120.8,    181.016,     354.389,    355.135,
   50,      123.3,    181.302,     356.311,    356.224,
   51,      125.8,    181.052,     357.908,    357.256,
   52,      128.3,    181.354,     358.967,    358.230,
   53,      130.8,    181.251,     360.275,    359.150,
   54,      133.3,    181.118,     359.986,    360.021,
   55,      135.8,    181.236,     360.304,    360.843,
   56,      138.3,    181.243,     360.289,    361.619,
   57,      140.8,    181.265,     362.728,    362.351,
   58,      143.3,    181.192,     362.323,    363.044,
   59,      145.8,    181.214,     362.831,    363.697,
   60,      148.3,    181.214,     363.659,    364.313,
   61,      150.8,    181.324,     364.816,    364.894,
   62,      153.3,    181.302,     365.964,    365.442,
   63,      155.8,    181.273,     366.575,    365.960,
   64,      158.3,    181.243,     365.531,    366.448,
   65,      160.8,    181.214,     367.246,    366.909,
   66,      163.3,    181.346,     367.805,    367.342,
   67,      165.8,    181.148,     367.380,    367.753,
   68,      168.3,    181.052,     368.126,    368.141,
   69,      170.8,    181.199,     370.035,    368.505,
   70,      175.8,    179.649,     371.280,    370.778,
----,
DateTime:        , 2025/11/19, 13:57:19, 1763575039406,
RFID_EPC:        ,--Not Acquired--,
RFID_UserData:   ,--Not Acquired--,
Barcode:         ,--Not Acquired--,
PIF:,            0.00,
PARs:,            0.0,     0.0,     0.0,     0.0,     0.0,     0.0,
Light:,           0.0,     0.0,     0.0,     0.0,     0.0,     0.0,
Cycles:,            1,
                    1,      69,      70,      70,
Lamps:,        #10000,
Gain:,              2,      50, 
SNR_raw:,     265.95,
Position:,        0.0,              0.0,   NoData,
DataPt,      Time(us),   EX,         EM,       Fit,
==========,==========,==========,==========,=========,
    0,        0.0,      0.000,       0.000,    162.442,
    1,        0.8,    161.140,     163.523,    168.209,
    2,        3.3,    179.806,     175.247,    174.712,
    3,        5.8,    180.093,     185.738,    181.274,
    4,        8.3,    180.210,     189.778,    187.855,
    5,       10.8,    180.313,     196.603,    194.429,
    6,       13.3,    180.210,     201.709,    200.963,
    7,       15.8,    180.600,     207.642,    207.451,
    8,       18.3,    180.570,     214.044,    213.860,
    9,       20.8,    180.629,     219.234,    220.178,
   10,       23.3,    180.533,     224.335,    226.384,
   11,       25.8,    180.732,     230.452,    232.475,
   12,       28.3,    180.636,     236.940,    238.432,
   13,       30.8,    180.783,     242.279,    244.251,
   14,       33.3,    180.783,     249.746,    249.923,
   15,       35.8,    180.827,     254.386,    255.442,
   16,       38.3,    180.798,     260.788,    260.800,
   17,       40.8,    180.695,     265.087,    265.994,
   18,       43.3,    180.886,     270.612,    271.025,
   19,       45.8,    181.063,     274.767,    275.893,
   20,       48.3,    180.835,     281.196,    280.588,
   21,       50.8,    180.996,     287.298,    285.118,
   22,       53.3,    180.916,     290.743,    289.478,
   23,       55.8,    180.864,     294.696,    293.671,
   24,       58.3,    180.791,     297.582,    297.698,
   25,       60.8,    180.864,     302.713,    301.563,
   26,       63.3,    180.835,     306.357,    305.269,
   27,       65.8,    180.960,     309.185,    308.819,
   28,       68.3,    180.945,     312.250,    312.216,
   29,       70.8,    181.070,     315.900,    315.465,
   30,       73.3,    181.085,     320.292,    318.568,
   31,       75.8,    181.121,     322.160,    321.530,
   32,       78.3,    181.019,     324.276,    324.354,
   33,       80.8,    180.996,     327.078,    327.045,
   34,       83.3,    181.158,     330.374,    329.609,
   35,       85.8,    181.195,     331.963,    332.048,
   36,       88.3,    181.107,     335.990,    334.368,
   37,       90.8,    180.894,     337.491,    336.572,
   38,       93.3,    181.055,     338.847,    338.665,
   39,       95.8,    180.967,     341.775,    340.653,
   40,       98.3,    181.239,     342.090,    342.540,
   41,      100.8,    181.114,     344.534,    344.329,
   42,      103.3,    181.268,     344.793,    346.025,
   43,      105.8,    181.114,     346.191,    347.632,
   44,      108.3,    181.143,     347.515,    349.154,
   45,      110.8,    181.092,     350.098,    350.595,
   46,      113.3,    181.143,     351.379,    351.959,
   47,      115.8,    181.158,     353.834,    353.249,
   48,      118.3,    181.033,     354.355,    354.469,
   49,      120.8,    181.077,     355.097,    355.623,
   50,      123.3,    181.026,     356.026,    356.713,
   51,      125.8,    181.085,     356.463,    357.743,
   52,      128.3,    181.246,     358.076,    358.716,
   53,      130.8,    181.158,     358.803,    359.635,
   54,      133.3,    181.151,     359.093,    360.502,
   55,      135.8,    181.202,     360.923,    361.321,
   56,      138.3,    181.195,     362.593,    362.094,
   57,      140.8,    181.210,     363.115,    362.823,
   58,      143.3,    181.195,     362.593,    363.511,
   59,      145.8,    181.099,     365.269,    364.160,
   60,      148.3,    181.217,     364.480,    364.771,
   61,      150.8,    181.349,     366.420,    365.348,
   62,      153.3,    181.232,     366.106,    365.891,
   63,      155.8,    181.070,     366.985,    366.405,
   64,      158.3,    181.327,     367.843,    366.887,
   65,      160.8,    181.401,     367.419,    367.342,
   66,      163.3,    181.283,     367.933,    367.770,
   67,      165.8,    181.151,     369.582,    368.175,
   68,      168.3,    181.298,     369.282,    368.555,
   69,      170.8,    181.202,     371.684,    368.914,
   70,      175.8,    179.740,     370.257,    370.213,
----,
DateTime:        , 2025/11/19, 13:57:24, 1763575043889,
RFID_EPC:        ,--Not Acquired--,
RFID_UserData:   ,--Not Acquired--,
Barcode:         ,--Not Acquired--,
PIF:,            0.00,
PARs:,            0.0,     0.0,     0.0,     0.0,     0.0,     0.0,
Light:,           0.0,     0.0,     0.0,     0.0,     0.0,     0.0,
Cycles:,            1,
                    1,      69,      70,      70,
Lamps:,        #10000,
Gain:,              2,      50, 
SNR_raw:,     286.71,
Position:,        0.0,              0.0,   NoData,
DataPt,      Time(us),   EX,         EM,       Fit,
==========,==========,==========,==========,=========,
    0,        0.0,      0.000,       0.000,    161.935,
    1,        0.8,    161.074,     162.347,    167.860,
    2,        3.3,    179.956,     174.941,    174.511,
    3,        5.8,    180.184,     186.199,    181.187,
    4,        8.3,    180.316,     189.667,    187.857,
    5,       10.8,    180.242,     196.679,    194.491,
    6,       13.3,    180.353,     201.272,    201.075,
    7,       15.8,    180.397,     208.152,    207.588,
    8,       18.3,    180.338,     214.320,    214.010,
    9,       20.8,    180.478,     220.249,    220.333,
   10,       23.3,    180.507,     225.476,    226.542,
   11,       25.8,    180.544,     231.246,    232.624,
   12,       28.3,    180.676,     236.611,    238.573,
   13,       30.8,    180.860,     242.730,    244.383,
   14,       33.3,    180.771,     248.933,    250.039,
   15,       35.8,    180.918,     254.535,    255.541,
   16,       38.3,    180.926,     259.222,    260.883,
   17,       40.8,    180.911,     266.429,    266.061,
   18,       43.3,    180.735,     270.562,    271.068,
   19,       45.8,    180.823,     275.961,    275.909,
   20,       48.3,    180.845,     280.351,    280.583,
   21,       50.8,    180.808,     285.385,    285.088,
   22,       53.3,    180.940,     290.980,    289.428,
   23,       55.8,    180.882,     294.944,    293.601,
   24,       58.3,    181.154,     298.918,    297.615,
   25,       60.8,    180.904,     301.265,    301.463,
   26,       63.3,    180.962,     305.865,    305.154,
   27,       65.8,    180.962,     310.009,    308.690,
   28,       68.3,    181.036,     311.817,    312.074,
   29,       70.8,    181.102,     315.844,    315.311,
   30,       73.3,    181.036,     319.274,    318.403,
   31,       75.8,    181.154,     322.103,    321.356,
   32,       78.3,    181.058,     323.929,    324.173,
   33,       80.8,    180.970,     327.403,    326.857,
   34,       83.3,    181.139,     330.962,    329.416,
   35,       85.8,    181.073,     332.463,    331.851,
   36,       88.3,    181.058,     334.423,    334.169,
   37,       90.8,    181.220,     337.160,    336.373,
   38,       93.3,    181.109,     337.365,    338.468,
   39,       95.8,    181.124,     341.202,    340.458,
   40,       98.3,    181.102,     341.796,    342.347,
   41,      100.8,    180.852,     343.927,    344.140,
   42,      103.3,    181.131,     345.881,    345.841,
   43,      105.8,    181.198,     347.135,    347.454,
   44,      108.3,    181.117,     347.842,    348.982,
   45,      110.8,    181.007,     349.435,    350.431,
   46,      113.3,    181.058,     352.097,    351.803,
   47,      115.8,    181.080,     352.330,    353.102,
   48,      118.3,    181.315,     353.528,    354.331,
   49,      120.8,    181.198,     355.413,    355.494,
   50,      123.3,    181.234,     355.893,    356.594,
   51,      125.8,    181.176,     356.284,    357.635,
   52,      128.3,    181.190,     358.187,    358.618,
   53,      130.8,    181.102,     358.638,    359.549,
   54,      133.3,    181.102,     360.570,    360.428,
   55,      135.8,    181.220,     359.784,    361.258,
   56,      138.3,    181.154,     362.400,    362.042,
   57,      140.8,    181.183,     363.445,    362.783,
   58,      143.3,    181.264,     363.007,    363.482,
   59,      145.8,    181.212,     364.214,    364.142,
   60,      148.3,    181.249,     365.795,    364.765,
   61,      150.8,    181.322,     365.647,    365.353,
   62,      153.3,    180.940,     366.419,    365.909,
   63,      155.8,    181.256,     367.435,    366.433,
   64,      158.3,    181.168,     366.510,    366.927,
   65,      160.8,    181.212,     369.456,    367.393,
   66,      163.3,    181.205,     368.643,    367.832,
   67,      165.8,    181.337,     367.823,    368.246,
   68,      168.3,    181.117,     369.375,    368.637,
   69,      170.8,    181.183,     368.688,    369.006,
   70,      175.8,    179.772,     371.025,    370.736,
----,
DateTime:        , 2025/11/19, 13:57:28, 1763575048420,
RFID_EPC:        ,--Not Acquired--,
RFID_UserData:   ,--Not Acquired--,
Barcode:         ,--Not Acquired--,
PIF:,            0.00,
PARs:,            0.0,     0.0,     0.0,     0.0,     0.0,     0.0,
Light:,           0.0,     0.0,     0.0,     0.0,     0.0,     0.0,
Cycles:,            1,
                    1,      69,      70,      70,
Lamps:,        #10000,
Gain:,              2,      50, 
SNR_raw:,     312.41,
Position:,        0.0,              0.0,   NoData,
DataPt,      Time(us),   EX,         EM,       Fit,
==========,==========,==========,==========,=========,
    0,        0.0,      0.000,       0.000,    163.868,
    1,        0.8,    161.197,     164.705,    169.670,
    2,        3.3,    180.124,     175.738,    176.178,
    3,        5.8,    180.220,     185.607,    182.700,
    4,        8.3,    180.352,     192.679,    189.213,
    5,       10.8,    180.345,     197.954,    195.692,
    6,       13.3,    180.455,     204.483,    202.122,
    7,       15.8,    180.396,     208.984,    208.481,
    8,       18.3,    180.455,     213.627,    214.757,
    9,       20.8,    180.484,     220.518,    220.937,
   10,       23.3,    180.359,     225.938,    227.004,
   11,       25.8,    180.624,     232.250,    232.958,
   12,       28.3,    180.764,     236.773,    238.788,
   13,       30.8,    180.771,     244.508,    244.481,
   14,       33.3,    180.911,     248.742,    250.034,
   15,       35.8,    180.837,     252.714,    255.436,
   16,       38.3,    180.808,     259.668,    260.684,
   17,       40.8,    180.881,     265.644,    265.776,
   18,       43.3,    180.903,     270.587,    270.710,
   19,       45.8,    180.808,     275.984,    275.480,
   20,       48.3,    180.889,     279.730,    280.090,
   21,       50.8,    180.977,     285.396,    284.539,
   22,       53.3,    181.050,     289.146,    288.827,
   23,       55.8,    180.866,     292.757,    292.950,
   24,       58.3,    181.080,     297.107,    296.917,
   25,       60.8,    181.146,     300.035,    300.728,
   26,       63.3,    180.918,     305.111,    304.379,
   27,       65.8,    180.881,     309.043,    307.878,
   28,       68.3,    180.977,     312.195,    311.229,
   29,       70.8,    181.058,     315.369,    314.435,
   30,       73.3,    180.984,     317.984,    317.497,
   31,       75.8,    181.109,     320.525,    320.423,
   32,       78.3,    181.197,     323.957,    323.214,
   33,       80.8,    181.146,     327.361,    325.875,
   34,       83.3,    181.153,     329.280,    328.410,
   35,       85.8,    181.043,     331.690,    330.822,
   36,       88.3,    181.050,     334.162,    333.117,
   37,       90.8,    181.072,     335.778,    335.298,
   38,       93.3,    180.896,     337.763,    337.370,
   39,       95.8,    181.102,     339.588,    339.338,
   40,       98.3,    180.911,     340.776,    341.205,
   41,      100.8,    181.050,     342.170,    342.977,
   42,      103.3,    181.109,     345.096,    344.657,
   43,      105.8,    181.094,     345.676,    346.249,
   44,      108.3,    181.094,     347.609,    347.757,
   45,      110.8,    181.278,     349.463,    349.185,
   46,      113.3,    181.249,     348.968,    350.537,
   47,      115.8,    181.197,     350.999,    351.816,
   48,      118.3,    181.080,     351.503,    353.025,
   49,      120.8,    181.190,     352.393,    354.168,
   50,      123.3,    181.175,     354.629,    355.249,
   51,      125.8,    181.058,     354.860,    356.270,
   52,      128.3,    180.955,     356.996,    357.234,
   53,      130.8,    181.138,     358.566,    358.145,
   54,      133.3,    181.146,     358.827,    359.004,
   55,      135.8,    181.087,     360.048,    359.816,
   56,      138.3,    181.153,     361.021,    360.581,
   57,      140.8,    181.175,     361.529,    361.304,
   58,      143.3,    181.219,     362.544,    361.985,
   59,      145.8,    181.080,     361.996,    362.627,
   60,      148.3,    181.212,     363.111,    363.233,
   61,      150.8,    181.124,     364.668,    363.804,
   62,      153.3,    181.050,     365.092,    364.343,
   63,      155.8,    181.234,     364.722,    364.850,
   64,      158.3,    181.058,     365.906,    365.328,
   65,      160.8,    181.160,     365.698,    365.778,
   66,      163.3,    181.300,     367.347,    366.202,
   67,      165.8,    181.234,     366.929,    366.602,
   68,      168.3,    181.102,     367.749,    366.978,
   69,      170.8,    181.293,     368.465,    367.332,
   70,      175.8,    179.713,     368.365,    368.335,
----,
DateTime:        , 2025/11/19, 13:57:33, 1763575052909,
RFID_EPC:        ,--Not Acquired--,
RFID_UserData:   ,--Not Acquired--,
Barcode:         ,--Not Acquired--,
PIF:,            0.00,
PARs:,            0.0,     0.0,     0.0,     0.0,     0.0,     0.0,
Light:,           0.0,     0.0,     0.0,     0.0,     0.0,     0.0,
Cycles:,            1,
                    1,      69,      70,      70,
Lamps:,        #10000,
Gain:,              2,      50, 
SNR_raw:,     334.74,
Position:,        0.0,              0.0,   NoData,
DataPt,      Time(us),   EX,         EM,       Fit,
==========,==========,==========,==========,=========,
    0,        0.0,      0.000,       0.000,    162.824,
    1,        0.8,    161.361,     163.298,    168.671,
    2,        3.3,    179.898,     175.830,    175.224,
    3,        5.8,    180.162,     187.054,    181.804,
    4,        8.3,    180.067,     190.763,    188.375,
    5,       10.8,    180.331,     194.919,    194.927,
    6,       13.3,    180.331,     202.683,    201.432,
    7,       15.8,    180.478,     207.781,    207.876,
    8,       18.3,    180.508,     214.949,    214.240,
    9,       20.8,    180.508,     220.766,    220.508,
   10,       23.3,    180.625,     225.329,    226.672,
   11,       25.8,    180.684,     231.343,    232.717,
   12,       28.3,    180.706,     236.572,    238.634,
   13,       30.8,    180.677,     242.699,    244.412,
   14,       33.3,    180.699,     248.757,    250.046,
   15,       35.8,    180.713,     254.547,    255.529,
   16,       38.3,    180.860,     260.422,    260.859,
   17,       40.8,    180.809,     264.921,    266.029,
   18,       43.3,    180.970,     271.315,    271.040,
   19,       45.8,    180.801,     276.270,    275.882,
   20,       48.3,    180.970,     280.433,    280.562,
   21,       50.8,    180.882,     286.098,    285.074,
   22,       53.3,    180.787,     290.674,    289.418,
   23,       55.8,    180.941,     293.742,    293.601,
   24,       58.3,    180.897,     298.512,    297.619,
   25,       60.8,    180.912,     302.357,    301.476,
   26,       63.3,    180.875,     305.460,    305.173,
   27,       65.8,    180.970,     309.719,    308.716,
   28,       68.3,    180.926,     313.387,    312.106,
   29,       70.8,    181.139,     316.607,    315.349,
   30,       73.3,    181.066,     318.668,    318.446,
   31,       75.8,    181.044,     322.021,    321.400,
   32,       78.3,    181.000,     324.033,    324.217,
   33,       80.8,    181.081,     326.926,    326.902,
   34,       83.3,    181.007,     329.545,    329.458,
   35,       85.8,    181.022,     332.556,    331.889,
   36,       88.3,    181.022,     335.042,    334.201,
   37,       90.8,    181.125,     335.956,    336.398,
   38,       93.3,    181.220,     337.986,    338.484,
   39,       95.8,    181.103,     341.243,    340.464,
   40,       98.3,    181.264,     342.318,    342.342,
   41,      100.8,    181.154,     343.630,    344.123,
   42,      103.3,    181.125,     345.618,    345.809,
   43,      105.8,    181.169,     347.466,    347.407,
   44,      108.3,    181.125,     347.827,    348.919,
   45,      110.8,    181.220,     350.402,    350.350,
   46,      113.3,    180.941,     351.772,    351.704,
   47,      115.8,    181.022,     353.272,    352.983,
   48,      118.3,    181.176,     352.971,    354.193,
   49,      120.8,    181.000,     353.868,    355.336,
   50,      123.3,    181.345,     355.675,    356.415,
   51,      125.8,    181.279,     356.357,    357.434,
   52,      128.3,    181.103,     358.360,    358.397,
   53,      130.8,    181.433,     359.361,    359.304,
   54,      133.3,    181.272,     359.129,    360.161,
   55,      135.8,    181.073,     360.904,    360.970,
   56,      138.3,    181.198,     362.034,    361.732,
   57,      140.8,    181.338,     362.032,    362.450,
   58,      143.3,    181.022,     362.940,    363.128,
   59,      145.8,    181.125,     364.114,    363.767,
   60,      148.3,    181.191,     365.085,    364.369,
   61,      150.8,    181.330,     364.528,    364.935,
   62,      153.3,    181.176,     365.390,    365.469,
   63,      155.8,    181.279,     366.838,    365.972,
   64,      158.3,    181.103,     366.091,    366.446,
   65,      160.8,    181.125,     368.254,    366.892,
   66,      163.3,    181.169,     368.717,    367.312,
   67,      165.8,    181.242,     368.292,    367.707,
   68,      168.3,    181.206,     370.022,    368.079,
   69,      170.8,    181.169,     368.441,    368.429,
   70,      175.8,    179.648,     369.890,    369.759,
----,
DateTime:        , 2025/11/19, 13:57:37, 1763575057378,
RFID_EPC:        ,--Not Acquired--,
RFID_UserData:   ,--Not Acquired--,
Barcode:         ,--Not Acquired--,
PIF:,            0.00,
PARs:,            0.0,     0.0,     0.0,     0.0,     0.0,     0.0,
Light:,           0.0,     0.0,     0.0,     0.0,     0.0,     0.0,
Cycles:,            1,
                    1,      69,      70,      70,
Lamps:,        #10000,
Gain:,              2,      50, 
SNR_raw:,     229.46,
Position:,        0.0,              0.0,   NoData,
DataPt,      Time(us),   EX,         EM,       Fit,
==========,==========,==========,==========,=========,
    0,        0.0,      0.000,       0.000,    162.520,
    1,        0.8,    161.305,     162.425,    168.212,
    2,        3.3,    180.027,     174.640,    174.674,
    3,        5.8,    180.255,     185.571,    181.228,
    4,        8.3,    180.188,     190.911,    187.823,
    5,       10.8,    180.166,     196.763,    194.425,
    6,       13.3,    180.431,     201.739,    201.009,
    7,       15.8,    180.365,     207.912,    207.541,
    8,       18.3,    180.475,     214.711,    214.000,
    9,       20.8,    180.504,     219.385,    220.367,
   10,       23.3,    180.615,     225.618,    226.626,
   11,       25.8,    180.615,     231.155,    232.759,
   12,       28.3,    180.710,     238.227,    238.758,
   13,       30.8,    180.644,     242.466,    244.608,
   14,       33.3,    180.857,     250.197,    250.309,
   15,       35.8,    180.703,     254.285,    255.845,
   16,       38.3,    180.806,     260.777,    261.218,
   17,       40.8,    180.710,     265.342,    266.419,
   18,       43.3,    180.828,     270.700,    271.451,
   19,       45.8,    180.673,     276.189,    276.308,
   20,       48.3,    180.872,     281.138,    280.994,
   21,       50.8,    181.048,     286.112,    285.509,
   22,       53.3,    180.938,     289.049,    289.852,
   23,       55.8,    181.011,     294.733,    294.024,
   24,       58.3,    180.945,     298.433,    298.028,
   25,       60.8,    180.916,     301.798,    301.867,
   26,       63.3,    180.894,     305.428,    305.543,
   27,       65.8,    181.078,     308.984,    309.062,
   28,       68.3,    181.004,     314.634,    312.426,
   29,       70.8,    181.063,     315.084,    315.640,
   30,       73.3,    181.158,     319.610,    318.709,
   31,       75.8,    181.092,     323.316,    321.635,
   32,       78.3,    181.070,     325.012,    324.423,
   33,       80.8,    181.136,     326.826,    327.079,
   34,       83.3,    181.004,     331.760,    329.607,
   35,       85.8,    180.975,     332.367,    332.010,
   36,       88.3,    181.107,     334.333,    334.296,
   37,       90.8,    181.070,     336.610,    336.467,
   38,       93.3,    180.997,     338.404,    338.528,
   39,       95.8,    181.225,     342.393,    340.485,
   40,       98.3,    181.011,     343.072,    342.341,
   41,      100.8,    181.210,     344.628,    344.101,
   42,      103.3,    181.122,     345.624,    345.769,
   43,      105.8,    181.173,     346.630,    347.349,
   44,      108.3,    181.151,     347.224,    348.845,
   45,      110.8,    181.298,     349.976,    350.262,
   46,      113.3,    181.129,     350.303,    351.603,
   47,      115.8,    181.173,     351.322,    352.871,
   48,      118.3,    181.004,     354.688,    354.071,
   49,      120.8,    181.107,     354.211,    355.205,
   50,      123.3,    181.122,     355.286,    356.277,
   51,      125.8,    181.239,     357.263,    357.289,
   52,      128.3,    181.136,     358.018,    358.246,
   53,      130.8,    181.386,     358.351,    359.149,
   54,      133.3,    181.269,     359.687,    360.002,
   55,      135.8,    181.063,     360.924,    360.808,
   56,      138.3,    181.210,     361.459,    361.568,
   57,      140.8,    181.261,     361.081,    362.285,
   58,      143.3,    181.114,     364.411,    362.963,
   59,      145.8,    181.078,     363.380,    363.602,
   60,      148.3,    181.085,     365.574,    364.205,
   61,      150.8,    181.210,     363.667,    364.772,
   62,      153.3,    181.364,     365.563,    365.307,
   63,      155.8,    181.232,     365.830,    365.812,
   64,      158.3,    181.202,     367.269,    366.288,
   65,      160.8,    181.129,     367.694,    366.737,
   66,      163.3,    181.129,     367.418,    367.160,
   67,      165.8,    181.063,     368.380,    367.560,
   68,      168.3,    181.063,     369.209,    367.936,
   69,      170.8,    181.158,     367.634,    368.290,
   70,      175.8,    179.828,     370.075,    369.949,
----,
DateTime:        , 2025/11/19, 13:57:42, 1763575061858,
RFID_EPC:        ,--Not Acquired--,
RFID_UserData:   ,--Not Acquired--,
Barcode:         ,--Not Acquired--,
PIF:,            0.00,
PARs:,            0.0,     0.0,     0.0,     0.0,     0.0,     0.0,
Light:,           0.0,     0.0,     0.0,     0.0,     0.0,     0.0,
Cycles:,            1,
                    1,      69,      70,      70,
Lamps:,        #10000,
Gain:,              2,      50, 
SNR_raw:,     352.96,
Position:,        0.0,              0.0,   NoData,
DataPt,      Time(us),   EX,         EM,       Fit,
==========,==========,==========,==========,=========,
    0,        0.0,      0.000,       0.000,    163.007,
    1,        0.8,    161.388,     162.961,    168.580,
    2,        3.3,    179.883,     174.892,    174.925,
    3,        5.8,    180.251,     185.575,    181.389,
    4,        8.3,    180.089,     190.739,    187.911,
    5,       10.8,    180.457,     196.446,    194.468,
    6,       13.3,    180.361,     202.372,    201.012,
    7,       15.8,    180.324,     207.681,    207.515,
    8,       18.3,    180.508,     215.226,    213.958,
    9,       20.8,    180.442,     219.738,    220.313,
   10,       23.3,    180.523,     226.010,    226.565,
   11,       25.8,    180.486,     231.320,    232.696,
   12,       28.3,    180.640,     236.658,    238.697,
   13,       30.8,    180.824,     243.054,    244.558,
   14,       33.3,    180.890,     248.770,    250.267,
   15,       35.8,    180.868,     254.605,    255.814,
   16,       38.3,    180.817,     259.102,    261.195,
   17,       40.8,    180.773,     265.250,    266.406,
   18,       43.3,    180.919,     271.668,    271.446,
   19,       45.8,    180.618,     275.720,    276.307,
   20,       48.3,    180.919,     280.788,    280.998,
   21,       50.8,    180.964,     285.969,    285.514,
   22,       53.3,    180.809,     290.914,    289.855,
   23,       55.8,    180.897,     295.195,    294.026,
   24,       58.3,    180.912,     299.040,    298.026,
   25,       60.8,    180.986,     302.510,    301.861,
   26,       63.3,    181.037,     305.738,    305.533,
   27,       65.8,    181.206,     310.420,    309.046,
   28,       68.3,    180.883,     313.739,    312.401,
   29,       70.8,    181.008,     316.561,    315.604,
   30,       73.3,    181.059,     319.509,    318.661,
   31,       75.8,    181.177,     322.061,    321.575,
   32,       78.3,    181.022,     324.269,    324.350,
   33,       80.8,    180.897,     327.810,    326.992,
   34,       83.3,    181.184,     329.499,    329.505,
   35,       85.8,    181.250,     332.689,    331.894,
   36,       88.3,    181.235,     335.475,    334.164,
   37,       90.8,    181.162,     336.439,    336.320,
   38,       93.3,    181.008,     338.383,    338.366,
   39,       95.8,    181.118,     340.938,    340.306,
   40,       98.3,    181.030,     341.104,    342.146,
   41,      100.8,    180.934,     343.771,    343.890,
   42,      103.3,    181.103,     345.383,    345.541,
   43,      105.8,    181.074,     347.096,    347.105,
   44,      108.3,    181.302,     347.763,    348.584,
   45,      110.8,    181.147,     349.715,    349.985,
   46,      113.3,    181.140,     349.454,    351.310,
   47,      115.8,    181.147,     352.476,    352.563,
   48,      118.3,    181.008,     353.576,    353.747,
   49,      120.8,    181.235,     353.959,    354.866,
   50,      123.3,    181.162,     354.379,    355.923,
   51,      125.8,    181.206,     355.672,    356.921,
   52,      128.3,    181.125,     357.211,    357.864,
   53,      130.8,    181.199,     359.274,    358.754,
   54,      133.3,    181.140,     359.115,    359.595,
   55,      135.8,    181.184,     360.683,    360.387,
   56,      138.3,    181.206,     360.087,    361.135,
   57,      140.8,    181.206,     361.467,    361.840,
   58,      143.3,    181.221,     362.265,    362.506,
   59,      145.8,    181.250,     362.482,    363.133,
   60,      148.3,    181.228,     363.630,    363.724,
   61,      150.8,    181.096,     364.172,    364.283,
   62,      153.3,    180.986,     364.394,    364.810,
   63,      155.8,    181.206,     364.502,    365.306,
   64,      158.3,    181.324,     366.472,    365.771,
   65,      160.8,    181.140,     366.567,    366.211,
   66,      163.3,    181.177,     367.597,    366.626,
   67,      165.8,    181.059,     368.112,    367.018,
   68,      168.3,    181.147,     367.381,    367.386,
   69,      170.8,    181.228,     368.872,    367.731,
   70,      175.8,    179.795,     370.700,    369.853,
----,
DateTime:        , 2025/11/19, 13:57:46, 1763575066419,
RFID_EPC:        ,--Not Acquired--,
RFID_UserData:   ,--Not Acquired--,
Barcode:         ,--Not Acquired--,
PIF:,            0.00,
PARs:,            0.0,     0.0,     0.0,     0.0,     0.0,     0.0,
Light:,           0.0,     0.0,     0.0,     0.0,     0.0,     0.0,
Cycles:,            1,
                    1,      69,      70,      70,
Lamps:,        #10000,
Gain:,              2,      50, 
SNR_raw:,     310.31,
Position:,        0.0,              0.0,   NoData,
DataPt,      Time(us),   EX,         EM,       Fit,
==========,==========,==========,==========,=========,
    0,        0.0,      0.000,       0.000,    161.830,
    1,        0.8,    161.294,     162.746,    167.666,
    2,        3.3,    180.024,     174.238,    174.260,
    3,        5.8,    180.193,     184.525,    180.917,
    4,        8.3,    180.119,     189.874,    187.592,
    5,       10.8,    180.450,     196.453,    194.265,
    6,       13.3,    180.303,     202.160,    200.892,
    7,       15.8,    180.509,     208.300,    207.460,
    8,       18.3,    180.494,     214.689,    213.941,
    9,       20.8,    180.714,     218.300,    220.322,
   10,       23.3,    180.589,     225.927,    226.581,
   11,       25.8,    180.832,     231.983,    232.712,
   12,       28.3,    180.788,     237.295,    238.698,
   13,       30.8,    180.788,     243.103,    244.531,
   14,       33.3,    180.648,     248.826,    250.201,
   15,       35.8,    180.986,     254.992,    255.713,
   16,       38.3,    180.803,     259.676,    261.052,
   17,       40.8,    180.714,     265.059,    266.217,
   18,       43.3,    180.898,     271.700,    271.211,
   19,       45.8,    180.839,     275.936,    276.030,
   20,       48.3,    180.744,     279.954,    280.672,
   21,       50.8,    180.913,     284.944,    285.143,
   22,       53.3,    180.891,     289.678,    289.442,
   23,       55.8,    180.986,     294.498,    293.571,
   24,       58.3,    180.883,     298.811,    297.532,
   25,       60.8,    181.016,     303.012,    301.330,
   26,       63.3,    181.052,     305.436,    304.968,
   27,       65.8,    180.920,     309.529,    308.447,
   28,       68.3,    180.920,     312.569,    311.773,
   29,       70.8,    181.023,     315.982,    314.952,
   30,       73.3,    180.979,     318.269,    317.985,
   31,       75.8,    180.957,     321.347,    320.878,
   32,       78.3,    181.001,     324.860,    323.637,
   33,       80.8,    181.016,     327.320,    326.264,
   34,       83.3,    181.067,     328.055,    328.766,
   35,       85.8,    181.089,     331.052,    331.147,
   36,       88.3,    181.170,     333.113,    333.411,
   37,       90.8,    181.119,     335.968,    335.563,
   38,       93.3,    180.898,     337.206,    337.608,
   39,       95.8,    181.067,     339.101,    339.549,
   40,       98.3,    181.163,     340.854,    341.392,
   41,      100.8,    181.045,     343.285,    343.140,
   42,      103.3,    181.236,     345.130,    344.799,
   43,      105.8,    181.155,     346.388,    346.371,
   44,      108.3,    181.302,     346.935,    347.860,
   45,      110.8,    181.111,     348.681,    349.272,
   46,      113.3,    181.133,     350.571,    350.610,
   47,      115.8,    180.891,     351.593,    351.877,
   48,      118.3,    181.177,     352.969,    353.075,
   49,      120.8,    180.905,     353.500,    354.210,
   50,      123.3,    181.104,     355.597,    355.282,
   51,      125.8,    181.148,     355.511,    356.297,
   52,      128.3,    181.243,     355.599,    357.255,
   53,      130.8,    181.243,     357.254,    358.162,
   54,      133.3,    181.177,     357.661,    359.019,
   55,      135.8,    181.133,     360.784,    359.830,
   56,      138.3,    181.119,     359.709,    360.596,
   57,      140.8,    181.280,     361.595,    361.318,
   58,      143.3,    181.111,     361.656,    362.002,
   59,      145.8,    181.221,     363.644,    362.647,
   60,      148.3,    181.016,     362.676,    363.258,
   61,      150.8,    181.163,     363.210,    363.833,
   62,      153.3,    181.038,     365.117,    364.377,
   63,      155.8,    181.265,     365.486,    364.889,
   64,      158.3,    181.332,     365.904,    365.371,
   65,      160.8,    181.288,     365.993,    365.827,
   66,      163.3,    181.133,     366.305,    366.259,
   67,      165.8,    181.258,     367.708,    366.665,
   68,      168.3,    181.155,     365.984,    367.049,
   69,      170.8,    181.295,     368.185,    367.410,
   70,      175.8,    179.664,     369.858,    369.399,
----,
DateTime:        , 2025/11/19, 13:57:51, 1763575071012,
RFID_EPC:        ,--Not Acquired--,
RFID_UserData:   ,--Not Acquired--,
Barcode:         ,--Not Acquired--,
PIF:,            0.00,
PARs:,            0.0,     0.0,     0.0,     0.0,     0.0,     0.0,
Light:,           0.0,     0.0,     0.0,     0.0,     0.0,     0.0,
Cycles:,            1,
                    1,      69,      70,      70,
Lamps:,        #10000,
Gain:,              2,      50, 
SNR_raw:,     252.03,
Position:,        0.0,              0.0,   NoData,
DataPt,      Time(us),   EX,         EM,       Fit,
==========,==========,==========,==========,=========,
    0,        0.0,      0.000,       0.000,    162.752,
    1,        0.8,    161.149,     163.824,    168.391,
    2,        3.3,    179.967,     175.036,    174.781,
    3,        5.8,    180.210,     185.062,    181.249,
    4,        8.3,    180.202,     189.509,    187.749,
    5,       10.8,    180.415,     196.491,    194.254,
    6,       13.3,    180.452,     202.270,    200.729,
    7,       15.8,    180.489,     206.938,    207.149,
    8,       18.3,    180.636,     213.966,    213.497,
    9,       20.8,    180.445,     218.626,    219.744,
   10,       23.3,    180.621,     224.503,    225.886,
   11,       25.8,    180.577,     229.819,    231.903,
   12,       28.3,    180.599,     235.605,    237.787,
   13,       30.8,    180.614,     243.337,    243.528,
   14,       33.3,    180.731,     248.988,    249.122,
   15,       35.8,    180.731,     253.415,    254.561,
   16,       38.3,    180.827,     259.088,    259.841,
   17,       40.8,    180.849,     264.309,    264.959,
   18,       43.3,    180.886,     270.060,    269.912,
   19,       45.8,    181.055,     274.227,    274.701,
   20,       48.3,    180.974,     279.598,    279.323,
   21,       50.8,    180.922,     284.100,    283.778,
   22,       53.3,    180.849,     289.745,    288.067,
   23,       55.8,    180.886,     292.450,    292.193,
   24,       58.3,    180.996,     296.968,    296.159,
   25,       60.8,    180.930,     301.222,    299.967,
   26,       63.3,    180.864,     303.544,    303.618,
   27,       65.8,    181.025,     307.139,    307.119,
   28,       68.3,    181.150,     311.344,    310.472,
   29,       70.8,    180.893,     312.616,    313.678,
   30,       73.3,    181.040,     317.057,    316.745,
   31,       75.8,    180.989,     320.186,    319.675,
   32,       78.3,    181.033,     323.422,    322.473,
   33,       80.8,    181.062,     326.131,    325.143,
   34,       83.3,    181.136,     329.311,    327.689,
   35,       85.8,    181.084,     329.957,    330.116,
   36,       88.3,    181.099,     333.796,    332.428,
   37,       90.8,    181.055,     334.153,    334.629,
   38,       93.3,    181.238,     336.297,    336.723,
   39,       95.8,    181.025,     338.903,    338.715,
   40,       98.3,    181.033,     340.823,    340.609,
   41,      100.8,    181.187,     341.912,    342.409,
   42,      103.3,    181.069,     342.410,    344.118,
   43,      105.8,    180.981,     345.340,    345.742,
   44,      108.3,    181.040,     347.437,    347.283,
   45,      110.8,    181.327,     347.715,    348.745,
   46,      113.3,    181.084,     349.285,    350.132,
   47,      115.8,    181.099,     351.466,    351.447,
   48,      118.3,    181.047,     351.289,    352.694,
   49,      120.8,    181.187,     355.434,    353.876,
   50,      123.3,    181.187,     354.054,    354.996,
   51,      125.8,    181.334,     356.249,    356.056,
   52,      128.3,    181.187,     357.642,    357.061,
   53,      130.8,    181.025,     357.961,    358.012,
   54,      133.3,    181.011,     358.819,    358.913,
   55,      135.8,    181.172,     360.154,    359.765,
   56,      138.3,    181.047,     359.298,    360.572,
   57,      140.8,    181.209,     361.737,    361.335,
   58,      143.3,    181.297,     361.561,    362.056,
   59,      145.8,    181.143,     362.697,    362.738,
   60,      148.3,    181.128,     363.279,    363.384,
   61,      150.8,    181.400,     364.112,    363.993,
   62,      153.3,    181.121,     364.398,    364.570,
   63,      155.8,    181.165,     364.309,    365.116,
   64,      158.3,    181.194,     366.457,    365.631,
   65,      160.8,    181.113,     366.621,    366.119,
   66,      163.3,    181.238,     366.368,    366.579,
   67,      165.8,    181.209,     368.911,    367.013,
   68,      168.3,    181.224,     368.053,    367.424,
   69,      170.8,    181.290,     368.195,    367.811,
   70,      175.8,    179.747,     369.687,    369.564,
----,
DateTime:        , 2025/11/19, 13:57:55, 1763575075531,
RFID_EPC:        ,--Not Acquired--,
RFID_UserData:   ,--Not Acquired--,
Barcode:         ,--Not Acquired--,
PIF:,            0.00,
PARs:,            0.0,     0.0,     0.0,     0.0,     0.0,     0.0,
Light:,           0.0,     0.0,     0.0,     0.0,     0.0,     0.0,
Cycles:,            1,
                    1,      69,      70,      70,
Lamps:,        #10000,
Gain:,              2,      50, 
SNR_raw:,     277.64,
Position:,        0.0,              0.0,   NoData,
DataPt,      Time(us),   EX,         EM,       Fit,
==========,==========,==========,==========,=========,
    0,        0.0,      0.000,       0.000,    161.994,
    1,        0.8,    161.257,     163.403,    167.608,
    2,        3.3,    180.076,     174.748,    174.041,
    3,        5.8,    180.090,     184.907,    180.601,
    4,        8.3,    180.399,     189.857,    187.237,
    5,       10.8,    180.200,     196.170,    193.886,
    6,       13.3,    180.384,     201.514,    200.520,
    7,       15.8,    180.384,     207.890,    207.099,
    8,       18.3,    180.333,     214.049,    213.594,
    9,       20.8,    180.568,     218.201,    219.992,
   10,       23.3,    180.436,     224.734,    226.264,
   11,       25.8,    180.509,     231.290,    232.402,
   12,       28.3,    180.810,     235.329,    238.398,
   13,       30.8,    180.722,     241.531,    244.234,
   14,       33.3,    180.869,     247.693,    249.908,
   15,       35.8,    180.876,     254.317,    255.412,
   16,       38.3,    180.832,     259.356,    260.742,
   17,       40.8,    180.832,     264.886,    265.895,
   18,       43.3,    180.840,     271.511,    270.872,
   19,       45.8,    180.862,     274.519,    275.671,
   20,       48.3,    180.921,     280.786,    280.294,
   21,       50.8,    180.781,     284.875,    284.741,
   22,       53.3,    180.928,     290.447,    289.016,
   23,       55.8,    180.928,     293.763,    293.120,
   24,       58.3,    181.038,     297.451,    297.059,
   25,       60.8,    180.913,     301.802,    300.832,
   26,       63.3,    181.009,     306.339,    304.445,
   27,       65.8,    181.126,     308.901,    307.904,
   28,       68.3,    180.979,     312.467,    311.210,
   29,       70.8,    180.957,     313.610,    314.367,
   30,       73.3,    181.112,     318.312,    317.383,
   31,       75.8,    181.038,     321.479,    320.259,
   32,       78.3,    181.082,     324.714,    323.002,
   33,       80.8,    181.060,     325.306,    325.616,
   34,       83.3,    181.112,     328.251,    328.106,
   35,       85.8,    181.016,     330.357,    330.475,
   36,       88.3,    181.090,     333.537,    332.729,
   37,       90.8,    181.185,     333.637,    334.873,
   38,       93.3,    181.090,     339.059,    336.911,
   39,       95.8,    181.016,     339.196,    338.847,
   40,       98.3,    181.060,     341.047,    340.686,
   41,      100.8,    181.090,     343.200,    342.431,
   42,      103.3,    181.126,     342.855,    344.087,
   43,      105.8,    181.104,     345.657,    345.659,
   44,      108.3,    181.045,     346.874,    347.149,
   45,      110.8,    181.317,     347.457,    348.561,
   46,      113.3,    181.097,     349.261,    349.900,
   47,      115.8,    181.236,     350.647,    351.168,
   48,      118.3,    181.119,     352.531,    352.370,
   49,      120.8,    181.163,     353.273,    353.507,
   50,      123.3,    181.023,     354.374,    354.585,
   51,      125.8,    181.104,     355.320,    355.605,
   52,      128.3,    181.207,     356.222,    356.569,
   53,      130.8,    181.075,     356.206,    357.482,
   54,      133.3,    181.281,     357.733,    358.345,
   55,      135.8,    181.317,     359.315,    359.161,
   56,      138.3,    181.148,     359.374,    359.933,
   57,      140.8,    181.303,     360.723,    360.662,
   58,      143.3,    181.185,     360.957,    361.353,
   59,      145.8,    181.178,     361.799,    362.005,
   60,      148.3,    181.222,     363.643,    362.621,
   61,      150.8,    181.295,     363.771,    363.203,
   62,      153.3,    180.979,     364.406,    363.755,
   63,      155.8,    181.163,     363.485,    364.275,
   64,      158.3,    181.038,     365.117,    364.766,
   65,      160.8,    180.972,     365.526,    365.231,
   66,      163.3,    181.295,     366.529,    365.668,
   67,      165.8,    181.259,     367.431,    366.080,
   68,      168.3,    181.163,     367.073,    366.470,
   69,      170.8,    181.075,     367.528,    366.840,
   70,      175.8,    179.899,     368.540,    368.567,
----,
DateTime:        , 2025/11/19, 13:58:00, 1763575080025,
RFID_EPC:        ,--Not Acquired--,
RFID_UserData:   ,--Not Acquired--,
Barcode:         ,--Not Acquired--,
PIF:,            0.00,
PARs:,            0.0,     0.0,     0.0,     0.0,     0.0,     0.0,
Light:,           0.0,     0.0,     0.0,     0.0,     0.0,     0.0,
Cycles:,            1,
                    1,      69,      70,      70,
Lamps:,        #10000,
Gain:,              2,      50, 
SNR_raw:,     294.65,
Position:,        0.0,              0.0,   NoData,
DataPt,      Time(us),   EX,         EM,       Fit,
==========,==========,==========,==========,=========,
    0,        0.0,      0.000,       0.000,    161.246,
    1,        0.8,    161.208,     161.593,    167.195,
    2,        3.3,    179.901,     174.134,    173.838,
    3,        5.8,    179.908,     185.372,    180.472,
    4,        8.3,    180.188,     189.247,    187.086,
    5,       10.8,    180.298,     195.510,    193.656,
    6,       13.3,    180.430,     201.186,    200.166,
    7,       15.8,    180.246,     206.662,    206.590,
    8,       18.3,    180.570,     212.106,    212.931,
    9,       20.8,    180.599,     218.993,    219.168,
   10,       23.3,    180.673,     225.269,    225.292,
   11,       25.8,    180.673,     230.251,    231.290,
   12,       28.3,    180.658,     235.528,    237.155,
   13,       30.8,    180.673,     241.320,    242.879,
   14,       33.3,    180.643,     247.726,    248.457,
   15,       35.8,    180.900,     253.454,    253.890,
   16,       38.3,    180.775,     258.332,    259.166,
   17,       40.8,    180.871,     262.618,    264.286,
   18,       43.3,    180.790,     268.820,    269.244,
   19,       45.8,    180.959,     274.648,    274.044,
   20,       48.3,    180.908,     278.871,    278.681,
   21,       50.8,    180.665,     283.397,    283.152,
   22,       53.3,    181.025,     288.357,    287.468,
   23,       55.8,    180.827,     291.715,    291.620,
   24,       58.3,    180.952,     295.382,    295.616,
   25,       60.8,    180.967,     300.056,    299.456,
   26,       63.3,    180.915,     302.628,    303.141,
   27,       65.8,    180.900,     307.075,    306.675,
   28,       68.3,    181.055,     310.956,    310.063,
   29,       70.8,    180.922,     314.499,    313.305,
   30,       73.3,    181.113,     318.033,    316.408,
   31,       75.8,    180.952,     320.804,    319.373,
   32,       78.3,    181.077,     323.344,    322.205,
   33,       80.8,    180.937,     324.975,    324.908,
   34,       83.3,    180.989,     328.198,    327.485,
   35,       85.8,    181.025,     330.893,    329.942,
   36,       88.3,    181.069,     332.469,    332.283,
   37,       90.8,    181.128,     334.846,    334.512,
   38,       93.3,    181.158,     335.895,    336.633,
   39,       95.8,    181.136,     338.697,    338.650,
   40,       98.3,    181.246,     340.146,    340.567,
   41,      100.8,    181.150,     341.981,    342.388,
   42,      103.3,    181.062,     344.357,    344.117,
   43,      105.8,    181.180,     344.410,    345.758,
   44,      108.3,    181.025,     347.741,    347.315,
   45,      110.8,    181.224,     349.016,    348.791,
   46,      113.3,    180.981,     349.484,    350.191,
   47,      115.8,    181.113,     351.437,    351.518,
   48,      118.3,    181.099,     351.466,    352.774,
   49,      120.8,    181.158,     353.284,    353.965,
   50,      123.3,    181.150,     353.022,    355.091,
   51,      125.8,    181.349,     355.944,    356.158,
   52,      128.3,    181.290,     357.439,    357.167,
   53,      130.8,    181.253,     357.235,    358.122,
   54,      133.3,    181.238,     359.471,    359.025,
   55,      135.8,    181.202,     360.648,    359.879,
   56,      138.3,    181.128,     360.518,    360.686,
   57,      140.8,    181.143,     361.869,    361.449,
   58,      143.3,    181.202,     361.476,    362.170,
   59,      145.8,    181.224,     361.984,    362.851,
   60,      148.3,    181.253,     362.201,    363.495,
   61,      150.8,    181.194,     364.526,    364.102,
   62,      153.3,    181.268,     365.206,    364.676,
   63,      155.8,    181.349,     365.594,    365.218,
   64,      158.3,    181.327,     366.742,    365.729,
   65,      160.8,    181.216,     366.413,    366.212,
   66,      163.3,    181.290,     367.643,    366.667,
   67,      165.8,    181.172,     368.158,    367.098,
   68,      168.3,    181.150,     367.651,    367.504,
   69,      170.8,    181.187,     368.680,    367.887,
   70,      175.8,    179.695,     369.514,    369.296,
----,
DateTime:        , 2025/11/19, 13:58:04, 1763575084541,
RFID_EPC:        ,--Not Acquired--,
RFID_UserData:   ,--Not Acquired--,
Barcode:         ,--Not Acquired--,
PIF:,            0.00,
PARs:,            0.0,     0.0,     0.0,     0.0,     0.0,     0.0,
Light:,           0.0,     0.0,     0.0,     0.0,     0.0,     0.0,
Cycles:,            1,
                    1,      69,      70,      70,
Lamps:,        #10000,
Gain:,              2,      50, 
SNR_raw:,     272.08,
Position:,        0.0,              0.0,   NoData,
DataPt,      Time(us),   EX,         EM,       Fit,
==========,==========,==========,==========,=========,
    0,        0.0,      0.000,       0.000,    161.831,
    1,        0.8,    161.279,     163.072,    167.524,
    2,        3.3,    180.074,     174.570,    174.030,
    3,        5.8,    180.133,     184.864,    180.650,
    4,        8.3,    180.177,     189.259,    187.324,
    5,       10.8,    180.294,     196.346,    194.005,
    6,       13.3,    180.140,     201.510,    200.647,
    7,       15.8,    180.559,     208.519,    207.232,
    8,       18.3,    180.493,     213.305,    213.723,
    9,       20.8,    180.706,     220.248,    220.104,
   10,       23.3,    180.478,     224.681,    226.348,
   11,       25.8,    180.551,     230.405,    232.449,
   12,       28.3,    180.662,     235.800,    238.397,
   13,       30.8,    180.831,     242.216,    244.186,
   14,       33.3,    180.853,     248.268,    249.807,
   15,       35.8,    180.853,     253.245,    255.255,
   16,       38.3,    180.911,     259.243,    260.529,
   17,       40.8,    180.728,     265.316,    265.622,
   18,       43.3,    180.757,     270.529,    270.538,
   19,       45.8,    180.875,     275.605,    275.280,
   20,       48.3,    181.007,     281.481,    279.848,
   21,       50.8,    180.786,     285.143,    284.240,
   22,       53.3,    180.992,     288.686,    288.464,
   23,       55.8,    181.139,     293.697,    292.523,
   24,       58.3,    181.036,     296.073,    296.415,
   25,       60.8,    180.889,     299.907,    300.145,
   26,       63.3,    181.022,     303.555,    303.720,
   27,       65.8,    181.036,     307.949,    307.142,
   28,       68.3,    181.058,     311.502,    310.417,
   29,       70.8,    180.904,     314.808,    313.546,
   30,       73.3,    180.882,     316.781,    316.535,
   31,       75.8,    181.007,     320.154,    319.390,
   32,       78.3,    181.044,     322.298,    322.115,
   33,       80.8,    180.992,     324.600,    324.715,
   34,       83.3,    180.875,     328.404,    327.192,
   35,       85.8,    181.066,     329.715,    329.554,
   36,       88.3,    181.139,     332.341,    331.804,
   37,       90.8,    181.279,     334.568,    333.946,
   38,       93.3,    181.154,     333.970,    335.985,
   39,       95.8,    181.073,     337.157,    337.925,
   40,       98.3,    181.183,     339.159,    339.770,
   41,      100.8,    181.124,     342.306,    341.524,
   42,      103.3,    180.948,     343.469,    343.191,
   43,      105.8,    180.970,     345.637,    344.774,
   44,      108.3,    181.161,     347.481,    346.278,
   45,      110.8,    181.073,     348.478,    347.706,
   46,      113.3,    181.161,     348.309,    349.061,
   47,      115.8,    181.183,     349.922,    350.347,
   48,      118.3,    181.007,     351.368,    351.568,
   49,      120.8,    181.271,     351.958,    352.725,
   50,      123.3,    181.345,     353.194,    353.822,
   51,      125.8,    181.139,     354.700,    354.863,
   52,      128.3,    181.102,     355.324,    355.850,
   53,      130.8,    181.088,     356.733,    356.786,
   54,      133.3,    181.213,     357.039,    357.672,
   55,      135.8,    181.249,     358.622,    358.511,
   56,      138.3,    181.051,     359.015,    359.307,
   57,      140.8,    181.220,     359.508,    360.060,
   58,      143.3,    181.102,     361.398,    360.773,
   59,      145.8,    181.161,     361.004,    361.449,
   60,      148.3,    181.088,     361.979,    362.088,
   61,      150.8,    181.367,     362.800,    362.692,
   62,      153.3,    181.161,     364.040,    363.265,
   63,      155.8,    181.330,     364.253,    363.807,
   64,      158.3,    181.051,     365.367,    364.321,
   65,      160.8,    181.176,     364.011,    364.806,
   66,      163.3,    181.161,     364.868,    365.266,
   67,      165.8,    181.264,     365.489,    365.700,
   68,      168.3,    181.286,     366.823,    366.110,
   69,      170.8,    181.058,     367.837,    366.500,
   70,      175.8,    179.773,     368.243,    368.215,
