----,
DateTime:        , 2025/11/18, 14:54:15, 1763492055570,
RFID_EPC:        ,--Not Acquired--,
RFID_UserData:   ,--Not Acquired--,
Barcode:         ,--Not Acquired--,
PIF:,            0.00,
PARs:,            0.0,     0.0,     0.0,     0.0,     0.0,     0.0,
Light:,           0.0,     0.0,     0.0,     0.0,     0.0,     0.0,
Cycles:,            1,
                    1,      69,      70,      70,
Lamps:,        #10000,
Gain:,              5,      25, 
SNR_raw:,     368.26,
Position:,        0.0,              0.0,   NoData,
DataPt,      Time(us),   EX,         EM,       Fit,
==========,==========,==========,==========,=========,
    0,        0.0,      0.000,       0.000,     94.436,
    1,        0.8,    164.718,      94.707,     96.023,
    2,        3.3,    179.914,      97.824,     97.869,
    3,        5.8,    180.187,     100.673,     99.828,
    4,        8.3,    180.226,     103.093,    101.886,
    5,       10.8,    180.265,     104.513,    104.035,
    6,       13.3,    180.356,     107.011,    106.264,
    7,       15.8,    180.447,     108.730,    108.565,
    8,       18.3,    180.499,     111.358,    110.930,
    9,       20.8,    180.564,     113.755,    113.353,
   10,       23.3,    180.693,     115.444,    115.826,
   11,       25.8,    180.706,     117.871,    118.344,
   12,       28.3,    180.797,     120.245,    120.901,
   13,       30.8,    180.706,     123.405,    123.489,
   14,       33.3,    180.719,     125.166,    126.105,
   15,       35.8,    180.797,     128.431,    128.744,
   16,       38.3,    180.680,     130.839,    131.400,
   17,       40.8,    180.797,     133.188,    134.071,
   18,       43.3,    180.758,     135.872,    136.750,
   19,       45.8,    180.849,     139.564,    139.436,
   20,       48.3,    180.849,     142.550,    142.123,
   21,       50.8,    180.888,     144.509,    144.809,
   22,       53.3,    180.927,     147.352,    147.488,
   23,       55.8,    180.966,     149.973,    150.159,
   24,       58.3,    180.940,     152.426,    152.816,
   25,       60.8,    180.797,     155.423,    155.456,
   26,       63.3,    181.018,     158.327,    158.078,
   27,       65.8,    180.758,     161.099,    160.676,
   28,       68.3,    180.992,     163.764,    163.250,
   29,       70.8,    180.888,     166.180,    165.796,
   30,       73.3,    180.940,     169.006,    168.311,
   31,       75.8,    180.940,     170.996,    170.793,
   32,       78.3,    180.992,     173.599,    173.240,
   33,       80.8,    180.953,     176.510,    175.648,
   34,       83.3,    181.070,     178.274,    178.018,
   35,       85.8,    181.083,     180.691,    180.347,
   36,       88.3,    181.083,     182.568,    182.631,
   37,       90.8,    181.083,     185.219,    184.871,
   38,       93.3,    181.109,     187.622,    187.064,
   39,       95.8,    181.148,     189.458,    189.209,
   40,       98.3,    181.005,     191.707,    191.305,
   41,      100.8,    181.122,     193.792,    193.351,
   42,      103.3,    181.031,     195.657,    195.346,
   43,      105.8,    181.057,     197.065,    197.289,
   44,      108.3,    180.914,     198.989,    199.180,
   45,      110.8,    180.914,     200.979,    201.018,
   46,      113.3,    181.239,     202.937,    202.806,
   47,      115.8,    181.213,     204.290,    204.540,
   48,      118.3,    181.070,     206.219,    206.222,
   49,      120.8,    181.226,     207.365,    207.851,
   50,      123.3,    181.005,     209.718,    209.428,
   51,      125.8,    180.979,     210.411,    210.953,
   52,      128.3,    180.979,     212.842,    212.426,
   53,      130.8,    180.914,     213.471,    213.849,
   54,      133.3,    181.083,     214.598,    215.222,
   55,      135.8,    181.070,     216.380,    216.546,
   56,      138.3,    181.044,     217.406,    217.822,
   57,      140.8,    181.148,     218.495,    219.051,
   58,      143.3,    181.161,     219.473,    220.233,
   59,      145.8,    180.992,     221.446,    221.369,
   60,      148.3,    181.109,     222.628,    222.461,
   61,      150.8,    180.927,     223.626,    223.510,
   62,      153.3,    181.109,     224.395,    224.517,
   63,      155.8,    181.044,     225.801,    225.483,
   64,      158.3,    181.135,     226.682,    226.409,
   65,      160.8,    181.096,     227.393,    227.296,
   66,      163.3,    181.083,     228.845,    228.146,
   67,      165.8,    181.174,     229.503,    228.959,
   68,      168.3,    181.239,     230.304,    229.738,
   69,      170.8,    181.213,     231.551,    230.482,
   70,      175.8,    179.797,     232.150,    231.932,
----,
DateTime:        , 2025/11/18, 14:54:24, 1763492064135,
RFID_EPC:        ,--Not Acquired--,
RFID_UserData:   ,--Not Acquired--,
Barcode:         ,--Not Acquired--,
PIF:,            0.00,
PARs:,            0.0,     0.0,     0.0,     0.0,     0.0,     0.0,
Light:,           0.0,     0.0,     0.0,     0.0,     0.0,     0.0,
Cycles:,            1,
                    1,      69,      70,      70,
Lamps:,        #10000,
Gain:,              5,      25, 
SNR_raw:,     314.56,
Position:,        0.0,              0.0,   NoData,
DataPt,      Time(us),   EX,         EM,       Fit,
==========,==========,==========,==========,=========,
    0,        0.0,      0.000,       0.000,     98.413,
    1,        0.8,    164.691,      98.852,    100.227,
    2,        3.3,    179.926,     102.433,    102.263,
    3,        5.8,    180.121,     105.707,    104.355,
    4,        8.3,    180.225,     107.533,    106.495,
    5,       10.8,    180.276,     109.055,    108.676,
    6,       13.3,    180.458,     110.940,    110.894,
    7,       15.8,    180.419,     113.070,    113.141,
    8,       18.3,    180.484,     115.467,    115.415,
    9,       20.8,    180.536,     117.096,    117.710,
   10,       23.3,    180.627,     119.916,    120.023,
   11,       25.8,    180.653,     121.891,    122.349,
   12,       28.3,    180.718,     124.282,    124.685,
   13,       30.8,    180.588,     126.697,    127.026,
   14,       33.3,    180.614,     129.336,    129.369,
   15,       35.8,    180.588,     131.570,    131.712,
   16,       38.3,    180.861,     133.915,    134.055,
   17,       40.8,    180.692,     136.033,    136.389,
   18,       43.3,    180.796,     138.056,    138.716,
   19,       45.8,    180.796,     141.596,    141.032,
   20,       48.3,    180.913,     143.494,    143.335,
   21,       50.8,    180.952,     145.785,    145.622,
   22,       53.3,    180.952,     148.327,    147.891,
   23,       55.8,    180.939,     149.885,    150.140,
   24,       58.3,    181.108,     151.954,    152.367,
   25,       60.8,    180.835,     154.616,    154.568,
   26,       63.3,    180.926,     157.081,    156.743,
   27,       65.8,    180.900,     158.872,    158.889,
   28,       68.3,    180.913,     161.183,    161.007,
   29,       70.8,    180.939,     163.149,    163.093,
   30,       73.3,    180.978,     165.435,    165.146,
   31,       75.8,    180.939,     167.128,    167.166,
   32,       78.3,    180.939,     169.228,    169.150,
   33,       80.8,    180.978,     171.071,    171.099,
   34,       83.3,    180.991,     172.826,    173.010,
   35,       85.8,    181.030,     175.772,    174.883,
   36,       88.3,    180.965,     177.051,    176.716,
   37,       90.8,    181.121,     179.107,    178.511,
   38,       93.3,    181.095,     180.237,    180.266,
   39,       95.8,    181.056,     182.043,    181.979,
   40,       98.3,    180.952,     183.474,    183.651,
   41,      100.8,    180.978,     185.879,    185.281,
   42,      103.3,    181.004,     187.399,    186.870,
   43,      105.8,    181.121,     188.162,    188.418,
   44,      108.3,    181.173,     189.874,    189.924,
   45,      110.8,    181.121,     191.033,    191.388,
   46,      113.3,    180.978,     193.283,    192.809,
   47,      115.8,    181.056,     194.194,    194.190,
   48,      118.3,    181.082,     195.823,    195.530,
   49,      120.8,    181.017,     196.888,    196.828,
   50,      123.3,    181.069,     198.267,    198.087,
   51,      125.8,    181.069,     199.261,    199.305,
   52,      128.3,    181.017,     200.423,    200.484,
   53,      130.8,    181.238,     201.393,    201.626,
   54,      133.3,    181.108,     202.090,    202.728,
   55,      135.8,    181.186,     203.217,    203.794,
   56,      138.3,    181.173,     204.335,    204.823,
   57,      140.8,    181.108,     205.734,    205.815,
   58,      143.3,    181.017,     206.058,    206.772,
   59,      145.8,    181.199,     207.286,    207.696,
   60,      148.3,    181.082,     208.525,    208.585,
   61,      150.8,    181.004,     209.940,    209.441,
   62,      153.3,    180.952,     210.111,    210.265,
   63,      155.8,    181.147,     211.210,    211.058,
   64,      158.3,    181.173,     211.953,    211.822,
   65,      160.8,    181.160,     212.741,    212.555,
   66,      163.3,    181.186,     213.262,    213.261,
   67,      165.8,    181.173,     214.271,    213.938,
   68,      168.3,    181.238,     215.518,    214.589,
   69,      170.8,    181.069,     216.051,    215.213,
   70,      175.8,    179.822,     216.659,    216.157,
----,
DateTime:        , 2025/11/18, 14:54:32, 1763492072709,
RFID_EPC:        ,--Not Acquired--,
RFID_UserData:   ,--Not Acquired--,
Barcode:         ,--Not Acquired--,
PIF:,            0.00,
PARs:,            0.0,     0.0,     0.0,     0.0,     0.0,     0.0,
Light:,           0.0,     0.0,     0.0,     0.0,     0.0,     0.0,
Cycles:,            1,
                    1,      69,      70,      70,
Lamps:,        #10000,
Gain:,              5,      25, 
SNR_raw:,     333.40,
Position:,        0.0,              0.0,   NoData,
DataPt,      Time(us),   EX,         EM,       Fit,
==========,==========,==========,==========,=========,
    0,        0.0,      0.000,       0.000,    100.312,
    1,        0.8,    164.519,     100.536,    102.076,
    2,        3.3,    180.137,     104.069,    104.047,
    3,        5.8,    180.254,     107.293,    106.059,
    4,        8.3,    180.150,     109.020,    108.104,
    5,       10.8,    180.306,     110.257,    110.180,
    6,       13.3,    180.371,     112.989,    112.281,
    7,       15.8,    180.449,     114.603,    114.403,
    8,       18.3,    180.449,     116.709,    116.543,
    9,       20.8,    180.423,     118.389,    118.696,
   10,       23.3,    180.592,     120.825,    120.860,
   11,       25.8,    180.605,     123.253,    123.032,
   12,       28.3,    180.760,     125.027,    125.208,
   13,       30.8,    180.877,     126.937,    127.386,
   14,       33.3,    180.838,     129.176,    129.562,
   15,       35.8,    180.825,     131.508,    131.733,
   16,       38.3,    180.838,     133.489,    133.896,
   17,       40.8,    180.721,     135.678,    136.049,
   18,       43.3,    180.838,     138.024,    138.190,
   19,       45.8,    180.760,     139.854,    140.316,
   20,       48.3,    180.825,     142.347,    142.426,
   21,       50.8,    180.994,     144.093,    144.519,
   22,       53.3,    181.007,     145.851,    146.592,
   23,       55.8,    180.812,     148.884,    148.640,
   24,       58.3,    180.968,     150.855,    150.665,
   25,       60.8,    180.942,     152.756,    152.664,
   26,       63.3,    181.085,     154.624,    154.637,
   27,       65.8,    180.955,     156.503,    156.580,
   28,       68.3,    180.864,     158.793,    158.491,
   29,       70.8,    180.903,     160.970,    160.371,
   30,       73.3,    180.877,     162.099,    162.219,
   31,       75.8,    180.981,     164.106,    164.033,
   32,       78.3,    180.955,     166.561,    165.813,
   33,       80.8,    181.020,     167.495,    167.557,
   34,       83.3,    181.111,     169.730,    169.265,
   35,       85.8,    181.137,     170.921,    170.937,
   36,       88.3,    181.137,     172.687,    172.571,
   37,       90.8,    180.942,     174.199,    174.165,
   38,       93.3,    181.124,     176.123,    175.722,
   39,       95.8,    181.072,     177.719,    177.240,
   40,       98.3,    181.033,     179.194,    178.719,
   41,      100.8,    180.916,     180.083,    180.158,
   42,      103.3,    181.033,     181.845,    181.559,
   43,      105.8,    180.942,     183.042,    182.920,
   44,      108.3,    181.124,     184.846,    184.243,
   45,      110.8,    181.150,     185.261,    185.528,
   46,      113.3,    181.137,     186.710,    186.774,
   47,      115.8,    180.968,     187.989,    187.982,
   48,      118.3,    181.059,     188.778,    189.152,
   49,      120.8,    180.994,     190.504,    190.285,
   50,      123.3,    181.007,     191.153,    191.381,
   51,      125.8,    181.046,     192.327,    192.441,
   52,      128.3,    181.098,     193.376,    193.466,
   53,      130.8,    181.163,     194.190,    194.456,
   54,      133.3,    181.150,     194.866,    195.412,
   55,      135.8,    181.085,     196.482,    196.334,
   56,      138.3,    181.072,     196.828,    197.223,
   57,      140.8,    181.059,     197.947,    198.080,
   58,      143.3,    180.955,     199.055,    198.906,
   59,      145.8,    181.124,     199.422,    199.701,
   60,      148.3,    181.007,     199.992,    200.466,
   61,      150.8,    181.059,     201.040,    201.203,
   62,      153.3,    181.033,     201.731,    201.911,
   63,      155.8,    181.228,     202.508,    202.592,
   64,      158.3,    181.098,     203.536,    203.246,
   65,      160.8,    181.111,     203.853,    203.875,
   66,      163.3,    181.176,     204.553,    204.478,
   67,      165.8,    180.994,     205.532,    205.058,
   68,      168.3,    181.098,     206.076,    205.613,
   69,      170.8,    181.176,     207.092,    206.147,
   70,      175.8,    179.683,     207.254,    206.933,
----,
DateTime:        , 2025/11/18, 14:54:41, 1763492081275,
RFID_EPC:        ,--Not Acquired--,
RFID_UserData:   ,--Not Acquired--,
Barcode:         ,--Not Acquired--,
PIF:,            0.00,
PARs:,            0.0,     0.0,     0.0,     0.0,     0.0,     0.0,
Light:,           0.0,     0.0,     0.0,     0.0,     0.0,     0.0,
Cycles:,            1,
                    1,      69,      70,      70,
Lamps:,        #10000,
Gain:,              5,      25, 
SNR_raw:,     322.89,
Position:,        0.0,              0.0,   NoData,
DataPt,      Time(us),   EX,         EM,       Fit,
==========,==========,==========,==========,=========,
    0,        0.0,      0.000,       0.000,     99.138,
    1,        0.8,    164.492,      99.214,    100.990,
    2,        3.3,    179.995,     103.063,    103.048,
    3,        5.8,    180.151,     106.577,    105.141,
    4,        8.3,    180.307,     108.149,    107.263,
    5,       10.8,    180.333,     110.019,    109.411,
    6,       13.3,    180.462,     112.156,    111.582,
    7,       15.8,    180.359,     113.884,    113.770,
    8,       18.3,    180.566,     115.747,    115.976,
    9,       20.8,    180.618,     118.371,    118.194,
   10,       23.3,    180.540,     120.195,    120.421,
   11,       25.8,    180.670,     122.544,    122.655,
   12,       28.3,    180.709,     124.620,    124.894,
   13,       30.8,    180.696,     126.953,    127.132,
   14,       33.3,    180.735,     129.029,    129.370,
   15,       35.8,    180.670,     130.957,    131.602,
   16,       38.3,    180.956,     133.071,    133.830,
   17,       40.8,    180.800,     135.398,    136.047,
   18,       43.3,    180.878,     137.662,    138.252,
   19,       45.8,    180.787,     140.497,    140.443,
   20,       48.3,    180.917,     142.607,    142.618,
   21,       50.8,    180.839,     144.880,    144.773,
   22,       53.3,    180.891,     146.829,    146.909,
   23,       55.8,    180.826,     148.872,    149.020,
   24,       58.3,    180.943,     151.650,    151.109,
   25,       60.8,    180.839,     153.175,    153.169,
   26,       63.3,    181.138,     155.572,    155.205,
   27,       65.8,    180.839,     157.378,    157.207,
   28,       68.3,    180.982,     159.132,    159.180,
   29,       70.8,    180.969,     161.022,    161.119,
   30,       73.3,    180.891,     163.082,    163.024,
   31,       75.8,    180.969,     165.332,    164.894,
   32,       78.3,    181.099,     167.312,    166.728,
   33,       80.8,    180.995,     168.955,    168.525,
   34,       83.3,    181.099,     171.067,    170.284,
   35,       85.8,    180.995,     172.160,    172.003,
   36,       88.3,    181.112,     173.705,    173.683,
   37,       90.8,    181.086,     175.828,    175.323,
   38,       93.3,    181.034,     177.315,    176.922,
   39,       95.8,    181.099,     178.908,    178.481,
   40,       98.3,    181.099,     179.681,    179.998,
   41,      100.8,    180.904,     182.086,    181.473,
   42,      103.3,    180.956,     182.475,    182.907,
   43,      105.8,    181.047,     184.372,    184.300,
   44,      108.3,    181.008,     185.627,    185.652,
   45,      110.8,    180.995,     186.746,    186.963,
   46,      113.3,    181.047,     187.907,    188.234,
   47,      115.8,    181.073,     189.316,    189.465,
   48,      118.3,    181.073,     190.421,    190.656,
   49,      120.8,    181.021,     191.691,    191.807,
   50,      123.3,    181.099,     192.492,    192.920,
   51,      125.8,    181.177,     193.292,    193.996,
   52,      128.3,    180.995,     195.033,    195.033,
   53,      130.8,    181.125,     195.666,    196.034,
   54,      133.3,    181.034,     196.980,    196.999,
   55,      135.8,    180.982,     197.699,    197.929,
   56,      138.3,    180.787,     198.908,    198.823,
   57,      140.8,    181.099,     199.560,    199.685,
   58,      143.3,    181.099,     200.333,    200.514,
   59,      145.8,    181.021,     201.192,    201.311,
   60,      148.3,    181.254,     202.036,    202.078,
   61,      150.8,    181.073,     202.681,    202.814,
   62,      153.3,    181.151,     203.367,    203.521,
   63,      155.8,    181.229,     204.493,    204.200,
   64,      158.3,    180.982,     205.214,    204.850,
   65,      160.8,    181.190,     205.972,    205.475,
   66,      163.3,    181.216,     206.715,    206.073,
   67,      165.8,    181.241,     207.017,    206.647,
   68,      168.3,    181.008,     207.063,    207.196,
   69,      170.8,    181.047,     208.565,    207.722,
   70,      175.8,    179.891,     207.681,    208.462,
----,
DateTime:        , 2025/11/18, 14:54:50, 1763492089850,
RFID_EPC:        ,--Not Acquired--,
RFID_UserData:   ,--Not Acquired--,
Barcode:         ,--Not Acquired--,
PIF:,            0.00,
PARs:,            0.0,     0.0,     0.0,     0.0,     0.0,     0.0,
Light:,           0.0,     0.0,     0.0,     0.0,     0.0,     0.0,
Cycles:,            1,
                    1,      69,      70,      70,
Lamps:,        #10000,
Gain:,              5,      25, 
SNR_raw:,     287.41,
Position:,        0.0,              0.0,   NoData,
DataPt,      Time(us),   EX,         EM,       Fit,
==========,==========,==========,==========,=========,
    0,        0.0,      0.000,       0.000,     98.564,
    1,        0.8,    164.617,      98.532,    100.372,
    2,        3.3,    179.920,     102.318,    102.391,
    3,        5.8,    180.388,     105.772,    104.459,
    4,        8.3,    180.245,     108.075,    106.564,
    5,       10.8,    180.401,     109.201,    108.705,
    6,       13.3,    180.336,     111.348,    110.874,
    7,       15.8,    180.388,     112.979,    113.070,
    8,       18.3,    180.504,     115.565,    115.289,
    9,       20.8,    180.608,     117.160,    117.527,
   10,       23.3,    180.647,     119.459,    119.780,
   11,       25.8,    180.712,     121.962,    122.045,
   12,       28.3,    180.686,     124.304,    124.317,
   13,       30.8,    180.699,     126.066,    126.594,
   14,       33.3,    180.660,     128.418,    128.873,
   15,       35.8,    180.881,     130.804,    131.153,
   16,       38.3,    180.712,     133.361,    133.426,
   17,       40.8,    180.790,     135.516,    135.693,
   18,       43.3,    180.725,     137.889,    137.951,
   19,       45.8,    180.946,     139.710,    140.198,
   20,       48.3,    180.829,     142.123,    142.429,
   21,       50.8,    180.920,     144.263,    144.644,
   22,       53.3,    180.920,     146.363,    146.839,
   23,       55.8,    181.037,     148.589,    149.014,
   24,       58.3,    180.855,     150.950,    151.164,
   25,       60.8,    180.920,     153.328,    153.288,
   26,       63.3,    180.894,     155.340,    155.385,
   27,       65.8,    180.829,     157.497,    157.452,
   28,       68.3,    180.920,     159.739,    159.488,
   29,       70.8,    180.842,     161.909,    161.491,
   30,       73.3,    180.894,     164.074,    163.461,
   31,       75.8,    180.985,     166.091,    165.396,
   32,       78.3,    181.166,     167.912,    167.296,
   33,       80.8,    181.011,     169.824,    169.158,
   34,       83.3,    181.063,     171.212,    170.981,
   35,       85.8,    181.114,     173.481,    172.765,
   36,       88.3,    181.037,     174.771,    174.508,
   37,       90.8,    180.972,     177.044,    176.210,
   38,       93.3,    181.037,     178.086,    177.871,
   39,       95.8,    180.881,     179.676,    179.489,
   40,       98.3,    180.933,     181.614,    181.066,
   41,      100.8,    181.024,     181.965,    182.601,
   42,      103.3,    181.050,     184.148,    184.094,
   43,      105.8,    181.127,     185.505,    185.545,
   44,      108.3,    181.102,     187.298,    186.954,
   45,      110.8,    181.063,     188.112,    188.321,
   46,      113.3,    180.998,     189.616,    189.645,
   47,      115.8,    181.114,     190.708,    190.929,
   48,      118.3,    180.907,     191.480,    192.171,
   49,      120.8,    181.063,     193.303,    193.374,
   50,      123.3,    180.998,     194.699,    194.536,
   51,      125.8,    181.050,     195.085,    195.659,
   52,      128.3,    181.218,     196.558,    196.744,
   53,      130.8,    180.998,     197.793,    197.790,
   54,      133.3,    181.192,     198.794,    198.800,
   55,      135.8,    181.102,     199.225,    199.773,
   56,      138.3,    181.218,     199.869,    200.710,
   57,      140.8,    181.114,     200.978,    201.612,
   58,      143.3,    181.127,     202.288,    202.481,
   59,      145.8,    181.011,     203.855,    203.316,
   60,      148.3,    181.089,     203.547,    204.118,
   61,      150.8,    181.166,     204.894,    204.890,
   62,      153.3,    181.089,     205.645,    205.631,
   63,      155.8,    180.959,     206.456,    206.342,
   64,      158.3,    181.063,     207.553,    207.025,
   65,      160.8,    181.089,     208.075,    207.679,
   66,      163.3,    181.140,     208.236,    208.307,
   67,      165.8,    181.283,     209.396,    208.909,
   68,      168.3,    181.050,     210.108,    209.486,
   69,      170.8,    181.011,     211.590,    210.038,
   70,      175.8,    179.868,     210.932,    210.897,
----,
DateTime:        , 2025/11/18, 14:54:58, 1763492098398,
RFID_EPC:        ,--Not Acquired--,
RFID_UserData:   ,--Not Acquired--,
Barcode:         ,--Not Acquired--,
PIF:,            0.00,
PARs:,            0.0,     0.0,     0.0,     0.0,     0.0,     0.0,
Light:,           0.0,     0.0,     0.0,     0.0,     0.0,     0.0,
Cycles:,            1,
                    1,      69,      70,      70,
Lamps:,        #10000,
Gain:,              5,      25, 
SNR_raw:,     277.83,
Position:,        0.0,              0.0,   NoData,
DataPt,      Time(us),   EX,         EM,       Fit,
==========,==========,==========,==========,=========,
    0,        0.0,      0.000,       0.000,     98.491,
    1,        0.8,    164.600,      98.663,    100.283,
    2,        3.3,    179.980,     102.308,    102.284,
    3,        5.8,    180.045,     105.640,    104.328,
    4,        8.3,    180.318,     106.701,    106.411,
    5,       10.8,    180.382,     109.323,    108.528,
    6,       13.3,    180.382,     111.430,    110.674,
    7,       15.8,    180.486,     113.360,    112.847,
    8,       18.3,    180.512,     115.338,    115.041,
    9,       20.8,    180.681,     117.002,    117.255,
   10,       23.3,    180.590,     119.608,    119.483,
   11,       25.8,    180.460,     121.245,    121.721,
   12,       28.3,    180.616,     123.356,    123.969,
   13,       30.8,    180.824,     126.090,    126.226,
   14,       33.3,    180.798,     127.988,    128.485,
   15,       35.8,    180.616,     130.775,    130.742,
   16,       38.3,    180.850,     132.817,    132.998,
   17,       40.8,    180.811,     134.395,    135.249,
   18,       43.3,    180.928,     136.850,    137.494,
   19,       45.8,    180.824,     139.473,    139.727,
   20,       48.3,    180.720,     141.545,    141.946,
   21,       50.8,    180.902,     144.498,    144.151,
   22,       53.3,    180.928,     146.136,    146.340,
   23,       55.8,    181.057,     148.461,    148.510,
   24,       58.3,    180.902,     150.690,    150.657,
   25,       60.8,    180.889,     153.243,    152.779,
   26,       63.3,    180.941,     155.189,    154.877,
   27,       65.8,    180.979,     156.482,    156.947,
   28,       68.3,    180.941,     159.389,    158.988,
   29,       70.8,    180.889,     161.204,    160.997,
   30,       73.3,    180.863,     162.444,    162.973,
   31,       75.8,    180.966,     164.450,    164.917,
   32,       78.3,    180.876,     166.744,    166.824,
   33,       80.8,    180.889,     169.165,    168.695,
   34,       83.3,    180.966,     170.639,    170.529,
   35,       85.8,    180.941,     173.096,    172.324,
   36,       88.3,    180.954,     174.630,    174.080,
   37,       90.8,    181.148,     176.099,    175.797,
   38,       93.3,    181.057,     178.065,    177.472,
   39,       95.8,    181.122,     179.547,    179.107,
   40,       98.3,    181.044,     180.840,    180.699,
   41,      100.8,    181.018,     182.412,    182.249,
   42,      103.3,    180.915,     184.175,    183.756,
   43,      105.8,    181.070,     185.342,    185.221,
   44,      108.3,    181.109,     186.407,    186.645,
   45,      110.8,    180.902,     188.058,    188.025,
   46,      113.3,    181.083,     188.863,    189.364,
   47,      115.8,    181.161,     190.549,    190.661,
   48,      118.3,    181.174,     192.080,    191.917,
   49,      120.8,    181.057,     192.978,    193.131,
   50,      123.3,    181.187,     193.943,    194.306,
   51,      125.8,    181.135,     195.545,    195.440,
   52,      128.3,    181.109,     196.898,    196.535,
   53,      130.8,    181.187,     197.696,    197.591,
   54,      133.3,    181.122,     198.430,    198.609,
   55,      135.8,    180.941,     199.071,    199.589,
   56,      138.3,    180.941,     200.176,    200.533,
   57,      140.8,    181.018,     201.195,    201.442,
   58,      143.3,    181.135,     202.169,    202.316,
   59,      145.8,    181.174,     203.340,    203.156,
   60,      148.3,    181.161,     203.465,    203.963,
   61,      150.8,    181.083,     204.768,    204.738,
   62,      153.3,    181.148,     205.026,    205.482,
   63,      155.8,    181.148,     205.798,    206.195,
   64,      158.3,    181.187,     207.520,    206.880,
   65,      160.8,    181.083,     207.639,    207.535,
   66,      163.3,    181.070,     208.648,    208.163,
   67,      165.8,    181.096,     209.171,    208.765,
   68,      168.3,    181.200,     209.492,    209.341,
   69,      170.8,    181.109,     210.591,    209.892,
   70,      175.8,    179.798,     210.569,    210.662,
----,
DateTime:        , 2025/11/18, 14:55:07, 1763492106965,
RFID_EPC:        ,--Not Acquired--,
RFID_UserData:   ,--Not Acquired--,
Barcode:         ,--Not Acquired--,
PIF:,            0.00,
PARs:,            0.0,     0.0,     0.0,     0.0,     0.0,     0.0,
Light:,           0.0,     0.0,     0.0,     0.0,     0.0,     0.0,
Cycles:,            1,
                    1,      69,      70,      70,
Lamps:,        #10000,
Gain:,              5,      25, 
SNR_raw:,     325.48,
Position:,        0.0,              0.0,   NoData,
DataPt,      Time(us),   EX,         EM,       Fit,
==========,==========,==========,==========,=========,
    0,        0.0,      0.000,       0.000,     98.353,
    1,        0.8,    164.532,      98.461,    100.148,
    2,        3.3,    180.055,     101.993,    102.152,
    3,        5.8,    180.003,     105.220,    104.195,
    4,        8.3,    180.276,     107.280,    106.276,
    5,       10.8,    180.536,     109.009,    108.391,
    6,       13.3,    180.380,     111.764,    110.532,
    7,       15.8,    180.445,     112.611,    112.698,
    8,       18.3,    180.510,     115.119,    114.884,
    9,       20.8,    180.587,     116.952,    117.089,
   10,       23.3,    180.600,     119.490,    119.307,
   11,       25.8,    180.665,     120.886,    121.537,
   12,       28.3,    180.808,     123.446,    123.776,
   13,       30.8,    180.691,     125.629,    126.018,
   14,       33.3,    180.743,     127.695,    128.262,
   15,       35.8,    180.704,     130.268,    130.504,
   16,       38.3,    180.795,     132.304,    132.743,
   17,       40.8,    180.769,     134.536,    134.975,
   18,       43.3,    180.730,     136.778,    137.197,
   19,       45.8,    180.678,     139.364,    139.407,
   20,       48.3,    180.860,     141.435,    141.603,
   21,       50.8,    180.964,     143.233,    143.785,
   22,       53.3,    181.003,     145.854,    145.947,
   23,       55.8,    180.964,     148.096,    148.088,
   24,       58.3,    181.042,     150.131,    150.206,
   25,       60.8,    180.899,     152.240,    152.297,
   26,       63.3,    180.821,     154.517,    154.360,
   27,       65.8,    180.912,     156.761,    156.395,
   28,       68.3,    180.769,     158.434,    158.398,
   29,       70.8,    180.834,     160.810,    160.368,
   30,       73.3,    180.964,     162.905,    162.307,
   31,       75.8,    180.964,     164.453,    164.210,
   32,       78.3,    181.146,     166.606,    166.078,
   33,       80.8,    181.172,     168.238,    167.909,
   34,       83.3,    181.120,     170.053,    169.700,
   35,       85.8,    181.133,     171.697,    171.453,
   36,       88.3,    181.029,     173.232,    173.164,
   37,       90.8,    180.964,     175.284,    174.835,
   38,       93.3,    181.159,     176.972,    176.465,
   39,       95.8,    181.094,     178.582,    178.053,
   40,       98.3,    180.886,     179.782,    179.598,
   41,      100.8,    180.990,     181.336,    181.102,
   42,      103.3,    181.042,     182.278,    182.563,
   43,      105.8,    180.951,     183.917,    183.982,
   44,      108.3,    180.964,     185.562,    185.359,
   45,      110.8,    181.003,     186.958,    186.694,
   46,      113.3,    181.185,     187.764,    187.988,
   47,      115.8,    181.107,     189.170,    189.241,
   48,      118.3,    181.029,     190.577,    190.452,
   49,      120.8,    180.990,     191.392,    191.623,
   50,      123.3,    181.003,     192.152,    192.754,
   51,      125.8,    181.081,     193.615,    193.847,
   52,      128.3,    181.120,     194.236,    194.901,
   53,      130.8,    181.120,     195.561,    195.917,
   54,      133.3,    181.120,     196.666,    196.897,
   55,      135.8,    181.120,     197.328,    197.840,
   56,      138.3,    181.081,     198.475,    198.747,
   57,      140.8,    181.081,     198.696,    199.620,
   58,      143.3,    180.847,     200.059,    200.459,
   59,      145.8,    181.094,     201.332,    201.266,
   60,      148.3,    181.133,     202.283,    202.040,
   61,      150.8,    181.107,     203.195,    202.784,
   62,      153.3,    181.133,     203.939,    203.498,
   63,      155.8,    181.107,     204.189,    204.182,
   64,      158.3,    181.236,     205.367,    204.839,
   65,      160.8,    181.172,     205.772,    205.468,
   66,      163.3,    181.068,     205.890,    206.070,
   67,      165.8,    181.107,     207.281,    206.647,
   68,      168.3,    181.081,     207.974,    207.199,
   69,      170.8,    181.068,     207.988,    207.727,
   70,      175.8,    179.861,     208.717,    208.527,
----,
DateTime:        , 2025/11/18, 14:55:15, 1763492115549,
RFID_EPC:        ,--Not Acquired--,
RFID_UserData:   ,--Not Acquired--,
Barcode:         ,--Not Acquired--,
PIF:,            0.00,
PARs:,            0.0,     0.0,     0.0,     0.0,     0.0,     0.0,
Light:,           0.0,     0.0,     0.0,     0.0,     0.0,     0.0,
Cycles:,            1,
                    1,      69,      70,      70,
Lamps:,        #10000,
Gain:,              5,      25, 
SNR_raw:,     319.40,
Position:,        0.0,              0.0,   NoData,
DataPt,      Time(us),   EX,         EM,       Fit,
==========,==========,==========,==========,=========,
    0,        0.0,      0.000,       0.000,     98.041,
    1,        0.8,    164.666,      98.016,     99.867,
    2,        3.3,    180.050,     101.815,    101.896,
    3,        5.8,    180.076,     105.289,    103.956,
    4,        8.3,    180.310,     107.371,    106.046,
    5,       10.8,    180.569,     107.992,    108.164,
    6,       13.3,    180.479,     111.149,    110.304,
    7,       15.8,    180.518,     112.787,    112.463,
    8,       18.3,    180.427,     114.395,    114.639,
    9,       20.8,    180.595,     116.725,    116.832,
   10,       23.3,    180.557,     118.966,    119.035,
   11,       25.8,    180.712,     121.408,    121.250,
   12,       28.3,    180.518,     123.201,    123.469,
   13,       30.8,    180.803,     125.440,    125.695,
   14,       33.3,    180.842,     127.515,    127.923,
   15,       35.8,    180.790,     129.764,    130.149,
   16,       38.3,    180.712,     131.922,    132.371,
   17,       40.8,    180.738,     134.338,    134.586,
   18,       43.3,    180.699,     136.359,    136.793,
   19,       45.8,    180.738,     138.543,    138.988,
   20,       48.3,    180.738,     141.199,    141.170,
   21,       50.8,    180.777,     143.270,    143.337,
   22,       53.3,    180.946,     145.458,    145.487,
   23,       55.8,    180.816,     147.553,    147.615,
   24,       58.3,    180.985,     149.957,    149.723,
   25,       60.8,    180.829,     151.967,    151.804,
   26,       63.3,    181.180,     154.101,    153.862,
   27,       65.8,    180.894,     156.445,    155.889,
   28,       68.3,    181.076,     157.834,    157.888,
   29,       70.8,    180.907,     159.308,    159.853,
   30,       73.3,    180.933,     162.270,    161.784,
   31,       75.8,    180.829,     163.690,    163.680,
   32,       78.3,    180.803,     165.926,    165.539,
   33,       80.8,    180.998,     167.516,    167.363,
   34,       83.3,    180.985,     169.406,    169.148,
   35,       85.8,    181.102,     170.843,    170.894,
   36,       88.3,    180.894,     173.140,    172.599,
   37,       90.8,    181.037,     174.219,    174.263,
   38,       93.3,    180.998,     176.024,    175.886,
   39,       95.8,    181.219,     177.907,    177.468,
   40,       98.3,    181.063,     179.275,    179.006,
   41,      100.8,    181.024,     180.087,    180.502,
   42,      103.3,    180.907,     182.746,    181.953,
   43,      105.8,    180.881,     183.214,    183.362,
   44,      108.3,    181.024,     184.948,    184.729,
   45,      110.8,    181.024,     185.832,    186.053,
   46,      113.3,    180.946,     187.238,    187.335,
   47,      115.8,    181.024,     188.483,    188.575,
   48,      118.3,    181.089,     189.741,    189.774,
   49,      120.8,    181.167,     190.653,    190.932,
   50,      123.3,    181.154,     192.212,    192.050,
   51,      125.8,    181.206,     192.820,    193.128,
   52,      128.3,    180.985,     193.939,    194.166,
   53,      130.8,    181.024,     195.223,    195.166,
   54,      133.3,    181.063,     195.844,    196.128,
   55,      135.8,    181.024,     196.991,    197.053,
   56,      138.3,    181.011,     197.668,    197.943,
   57,      140.8,    181.180,     198.256,    198.798,
   58,      143.3,    181.128,     199.638,    199.619,
   59,      145.8,    181.102,     200.219,    200.406,
   60,      148.3,    181.167,     201.030,    201.162,
   61,      150.8,    181.154,     202.038,    201.886,
   62,      153.3,    181.167,     202.907,    202.580,
   63,      155.8,    181.193,     202.657,    203.244,
   64,      158.3,    181.193,     203.651,    203.880,
   65,      160.8,    181.102,     204.305,    204.488,
   66,      163.3,    181.128,     205.601,    205.070,
   67,      165.8,    181.063,     206.337,    205.627,
   68,      168.3,    181.309,     206.608,    206.159,
   69,      170.8,    180.972,     207.214,    206.666,
   70,      175.8,    179.985,     207.461,    207.351,
----,
DateTime:        , 2025/11/18, 14:55:24, 1763492124116,
RFID_EPC:        ,--Not Acquired--,
RFID_UserData:   ,--Not Acquired--,
Barcode:         ,--Not Acquired--,
PIF:,            0.00,
PARs:,            0.0,     0.0,     0.0,     0.0,     0.0,     0.0,
Light:,           0.0,     0.0,     0.0,     0.0,     0.0,     0.0,
Cycles:,            1,
                    1,      69,      70,      70,
Lamps:,        #10000,
Gain:,              5,      25, 
SNR_raw:,     278.76,
Position:,        0.0,              0.0,   NoData,
DataPt,      Time(us),   EX,         EM,       Fit,
==========,==========,==========,==========,=========,
    0,        0.0,      0.000,       0.000,     97.293,
    1,        0.8,    164.611,      97.320,     99.088,
    2,        3.3,    180.099,     101.090,    101.100,
    3,        5.8,    180.228,     104.534,    103.163,
    4,        8.3,    180.436,     106.409,    105.269,
    5,       10.8,    180.332,     107.690,    107.410,
    6,       13.3,    180.384,     110.098,    109.583,
    7,       15.8,    180.436,     112.505,    111.782,
    8,       18.3,    180.553,     114.537,    114.003,
    9,       20.8,    180.540,     115.875,    116.241,
   10,       23.3,    180.501,     118.116,    118.492,
   11,       25.8,    180.514,     120.101,    120.751,
   12,       28.3,    180.696,     122.748,    123.018,
   13,       30.8,    180.644,     124.665,    125.286,
   14,       33.3,    180.696,     127.175,    127.553,
   15,       35.8,    180.748,     129.020,    129.817,
   16,       38.3,    180.774,     131.656,    132.073,
   17,       40.8,    180.852,     133.590,    134.320,
   18,       43.3,    180.774,     136.303,    136.553,
   19,       45.8,    180.916,     138.738,    138.772,
   20,       48.3,    180.878,     141.201,    140.973,
   21,       50.8,    180.839,     143.111,    143.153,
   22,       53.3,    180.955,     145.561,    145.312,
   23,       55.8,    180.916,     147.582,    147.447,
   24,       58.3,    180.929,     149.451,    149.556,
   25,       60.8,    180.839,     151.627,    151.635,
   26,       63.3,    180.826,     154.292,    153.685,
   27,       65.8,    180.994,     155.253,    155.706,
   28,       68.3,    181.020,     158.214,    157.694,
   29,       70.8,    180.968,     159.807,    159.648,
   30,       73.3,    180.839,     161.691,    161.565,
   31,       75.8,    180.981,     163.663,    163.448,
   32,       78.3,    180.916,     165.933,    165.293,
   33,       80.8,    180.839,     167.553,    167.099,
   34,       83.3,    181.098,     168.969,    168.869,
   35,       85.8,    181.020,     171.141,    170.599,
   36,       88.3,    180.904,     172.689,    172.288,
   37,       90.8,    181.098,     174.380,    173.938,
   38,       93.3,    180.878,     176.252,    175.546,
   39,       95.8,    180.942,     176.852,    177.114,
   40,       98.3,    181.020,     178.543,    178.641,
   41,      100.8,    180.968,     180.142,    180.127,
   42,      103.3,    181.046,     182.163,    181.572,
   43,      105.8,    181.176,     183.137,    182.978,
   44,      108.3,    181.046,     184.373,    184.342,
   45,      110.8,    181.098,     185.535,    185.665,
   46,      113.3,    181.163,     186.572,    186.949,
   47,      115.8,    181.007,     187.838,    188.193,
   48,      118.3,    181.098,     189.952,    189.398,
   49,      120.8,    181.072,     190.532,    190.564,
   50,      123.3,    181.098,     191.719,    191.693,
   51,      125.8,    181.124,     192.133,    192.784,
   52,      128.3,    180.904,     193.363,    193.837,
   53,      130.8,    180.994,     194.260,    194.854,
   54,      133.3,    181.137,     195.874,    195.837,
   55,      135.8,    181.098,     197.131,    196.785,
   56,      138.3,    181.072,     197.490,    197.698,
   57,      140.8,    181.228,     198.093,    198.579,
   58,      143.3,    181.098,     199.229,    199.428,
   59,      145.8,    181.098,     199.229,    200.245,
   60,      148.3,    181.098,     201.217,    201.031,
   61,      150.8,    181.163,     201.255,    201.788,
   62,      153.3,    181.098,     202.652,    202.515,
   63,      155.8,    181.137,     202.940,    203.214,
   64,      158.3,    181.085,     204.103,    203.886,
   65,      160.8,    180.878,     205.001,    204.532,
   66,      163.3,    181.150,     205.465,    205.152,
   67,      165.8,    181.176,     206.208,    205.747,
   68,      168.3,    181.176,     207.091,    206.318,
   69,      170.8,    181.228,     208.025,    206.865,
   70,      175.8,    180.047,     208.390,    207.780,
----,
DateTime:        , 2025/11/18, 14:55:32, 1763492132676,
RFID_EPC:        ,--Not Acquired--,
RFID_UserData:   ,--Not Acquired--,
Barcode:         ,--Not Acquired--,
PIF:,            0.00,
PARs:,            0.0,     0.0,     0.0,     0.0,     0.0,     0.0,
Light:,           0.0,     0.0,     0.0,     0.0,     0.0,     0.0,
Cycles:,            1,
                    1,      69,      70,      70,
Lamps:,        #10000,
Gain:,              5,      25, 
SNR_raw:,     279.36,
Position:,        0.0,              0.0,   NoData,
DataPt,      Time(us),   EX,         EM,       Fit,
==========,==========,==========,==========,=========,
    0,        0.0,      0.000,       0.000,     96.844,
    1,        0.8,    164.452,      97.049,     98.621,
    2,        3.3,    180.094,     100.511,    100.610,
    3,        5.8,    180.185,     103.671,    102.642,
    4,        8.3,    180.211,     105.876,    104.713,
    5,       10.8,    180.315,     107.590,    106.817,
    6,       13.3,    180.419,     109.301,    108.952,
    7,       15.8,    180.419,     111.186,    111.111,
    8,       18.3,    180.497,     113.243,    113.292,
    9,       20.8,    180.704,     115.437,    115.492,
   10,       23.3,    180.600,     117.497,    117.705,
   11,       25.8,    180.510,     119.883,    119.927,
   12,       28.3,    180.626,     121.909,    122.157,
   13,       30.8,    180.639,     124.004,    124.392,
   14,       33.3,    180.795,     126.441,    126.629,
   15,       35.8,    180.613,     128.673,    128.862,
   16,       38.3,    180.860,     130.819,    131.093,
   17,       40.8,    180.691,     132.823,    133.314,
   18,       43.3,    180.821,     135.272,    135.527,
   19,       45.8,    180.873,     137.002,    137.728,
   20,       48.3,    180.925,     140.169,    139.914,
   21,       50.8,    180.951,     141.806,    142.083,
   22,       53.3,    180.873,     143.858,    144.232,
   23,       55.8,    180.951,     145.785,    146.360,
   24,       58.3,    180.873,     148.834,    148.464,
   25,       60.8,    180.847,     149.961,    150.541,
   26,       63.3,    180.938,     153.312,    152.592,
   27,       65.8,    180.873,     154.694,    154.613,
   28,       68.3,    180.990,     157.025,    156.605,
   29,       70.8,    180.860,     158.907,    158.563,
   30,       73.3,    181.055,     160.614,    160.489,
   31,       75.8,    180.912,     162.952,    162.379,
   32,       78.3,    181.159,     164.938,    164.235,
   33,       80.8,    180.938,     166.134,    166.052,
   34,       83.3,    180.938,     168.124,    167.830,
   35,       85.8,    180.938,     169.892,    169.570,
   36,       88.3,    180.899,     171.256,    171.271,
   37,       90.8,    181.081,     173.072,    172.932,
   38,       93.3,    181.055,     174.864,    174.552,
   39,       95.8,    181.029,     176.325,    176.132,
   40,       98.3,    181.159,     177.745,    177.671,
   41,      100.8,    181.146,     179.303,    179.168,
   42,      103.3,    181.107,     180.557,    180.624,
   43,      105.8,    181.185,     182.135,    182.038,
   44,      108.3,    180.912,     183.846,    183.410,
   45,      110.8,    181.068,     185.345,    184.741,
   46,      113.3,    181.029,     185.827,    186.031,
   47,      115.8,    180.977,     187.317,    187.280,
   48,      118.3,    181.042,     188.133,    188.490,
   49,      120.8,    181.094,     188.963,    189.660,
   50,      123.3,    181.068,     190.978,    190.791,
   51,      125.8,    181.237,     192.125,    191.884,
   52,      128.3,    181.133,     192.676,    192.939,
   53,      130.8,    181.224,     193.573,    193.957,
   54,      133.3,    181.107,     194.692,    194.938,
   55,      135.8,    181.133,     195.437,    195.883,
   56,      138.3,    181.068,     195.949,    196.794,
   57,      140.8,    181.042,     197.413,    197.670,
   58,      143.3,    181.055,     198.835,    198.513,
   59,      145.8,    180.951,     199.170,    199.323,
   60,      148.3,    181.003,     200.328,    200.102,
   61,      150.8,    181.146,     200.833,    200.851,
   62,      153.3,    181.120,     201.414,    201.570,
   63,      155.8,    181.353,     201.706,    202.260,
   64,      158.3,    181.275,     202.785,    202.923,
   65,      160.8,    181.250,     203.807,    203.558,
   66,      163.3,    181.120,     204.506,    204.166,
   67,      165.8,    181.055,     205.352,    204.749,
   68,      168.3,    181.029,     206.045,    205.308,
   69,      170.8,    180.912,     206.509,    205.843,
   70,      175.8,    179.796,     207.013,    206.658,
----,
DateTime:        , 2025/11/18, 14:55:41, 1763492141244,
RFID_EPC:        ,--Not Acquired--,
RFID_UserData:   ,--Not Acquired--,
Barcode:         ,--Not Acquired--,
PIF:,            0.00,
PARs:,            0.0,     0.0,     0.0,     0.0,     0.0,     0.0,
Light:,           0.0,     0.0,     0.0,     0.0,     0.0,     0.0,
Cycles:,            1,
                    1,      69,      70,      70,
Lamps:,        #10000,
Gain:,              5,      25, 
SNR_raw:,     302.62,
Position:,        0.0,              0.0,   NoData,
DataPt,      Time(us),   EX,         EM,       Fit,
==========,==========,==========,==========,=========,
    0,        0.0,      0.000,       0.000,     96.858,
    1,        0.8,    164.617,      96.831,     98.576,
    2,        3.3,    179.998,     100.515,    100.515,
    3,        5.8,    180.206,     103.881,    102.515,
    4,        8.3,    180.231,     105.420,    104.564,
    5,       10.8,    180.478,     107.714,    106.659,
    6,       13.3,    180.426,     109.518,    108.791,
    7,       15.8,    180.569,     110.872,    110.954,
    8,       18.3,    180.556,     113.206,    113.143,
    9,       20.8,    180.764,     115.289,    115.354,
   10,       23.3,    180.530,     117.321,    117.578,
   11,       25.8,    180.673,     119.664,    119.816,
   12,       28.3,    180.478,     122.009,    122.058,
   13,       30.8,    180.816,     123.883,    124.309,
   14,       33.3,    180.543,     126.064,    126.556,
   15,       35.8,    180.712,     128.381,    128.803,
   16,       38.3,    180.699,     130.604,    131.043,
   17,       40.8,    180.621,     132.764,    133.272,
   18,       43.3,    180.880,     135.449,    135.493,
   19,       45.8,    180.893,     137.429,    137.699,
   20,       48.3,    180.893,     139.751,    139.888,
   21,       50.8,    180.971,     141.569,    142.058,
   22,       53.3,    180.958,     143.348,    144.206,
   23,       55.8,    180.919,     146.253,    146.329,
   24,       58.3,    180.919,     148.353,    148.426,
   25,       60.8,    180.997,     150.279,    150.496,
   26,       63.3,    180.919,     152.554,    152.536,
   27,       65.8,    180.790,     154.876,    154.542,
   28,       68.3,    181.075,     156.620,    156.518,
   29,       70.8,    181.010,     158.997,    158.460,
   30,       73.3,    181.062,     160.276,    160.365,
   31,       75.8,    180.984,     162.556,    162.233,
   32,       78.3,    181.140,     164.293,    164.065,
   33,       80.8,    180.906,     166.605,    165.855,
   34,       83.3,    181.062,     168.119,    167.607,
   35,       85.8,    180.971,     169.530,    169.318,
   36,       88.3,    181.140,     171.470,    170.989,
   37,       90.8,    180.906,     173.239,    172.617,
   38,       93.3,    181.010,     174.134,    174.204,
   39,       95.8,    181.114,     176.132,    175.749,
   40,       98.3,    181.036,     177.423,    177.251,
   41,      100.8,    181.153,     178.744,    178.712,
   42,      103.3,    181.192,     180.582,    180.131,
   43,      105.8,    181.062,     181.595,    181.506,
   44,      108.3,    181.036,     183.057,    182.840,
   45,      110.8,    181.114,     183.972,    184.133,
   46,      113.3,    181.088,     185.655,    185.384,
   47,      115.8,    181.114,     186.623,    186.594,
   48,      118.3,    181.010,     187.614,    187.764,
   49,      120.8,    181.036,     188.471,    188.895,
   50,      123.3,    181.049,     189.783,    189.986,
   51,      125.8,    181.153,     190.336,    191.039,
   52,      128.3,    181.075,     191.744,    192.055,
   53,      130.8,    181.075,     192.517,    193.033,
   54,      133.3,    181.127,     193.566,    193.976,
   55,      135.8,    180.958,     194.630,    194.883,
   56,      138.3,    181.023,     195.665,    195.755,
   57,      140.8,    181.075,     196.714,    196.594,
   58,      143.3,    181.101,     197.017,    197.401,
   59,      145.8,    181.023,     198.428,    198.176,
   60,      148.3,    180.971,     199.479,    198.919,
   61,      150.8,    181.179,     200.023,    199.634,
   62,      153.3,    181.075,     199.917,    200.318,
   63,      155.8,    181.036,     201.396,    200.975,
   64,      158.3,    181.075,     201.795,    201.605,
   65,      160.8,    181.036,     202.280,    202.208,
   66,      163.3,    180.958,     202.920,    202.785,
   67,      165.8,    180.997,     203.539,    203.338,
   68,      168.3,    181.049,     204.475,    203.868,
   69,      170.8,    181.036,     204.379,    204.374,
   70,      175.8,    179.842,     205.291,    205.232,
----,
DateTime:        , 2025/11/18, 14:55:49, 1763492149811,
RFID_EPC:        ,--Not Acquired--,
RFID_UserData:   ,--Not Acquired--,
Barcode:         ,--Not Acquired--,
PIF:,            0.00,
PARs:,            0.0,     0.0,     0.0,     0.0,     0.0,     0.0,
Light:,           0.0,     0.0,     0.0,     0.0,     0.0,     0.0,
Cycles:,            1,
                    1,      69,      70,      70,
Lamps:,        #10000,
Gain:,              5,      25, 
SNR_raw:,     276.85,
Position:,        0.0,              0.0,   NoData,
DataPt,      Time(us),   EX,         EM,       Fit,
==========,==========,==========,==========,=========,
    0,        0.0,      0.000,       0.000,     96.805,
    1,        0.8,    164.729,      96.644,     98.435,
    2,        3.3,    180.228,     100.465,    100.286,
    3,        5.8,    180.267,     103.957,    102.203,
    4,        8.3,    180.553,     104.568,    104.178,
    5,       10.8,    180.371,     107.002,    106.200,
    6,       13.3,    180.592,     108.864,    108.265,
    7,       15.8,    180.475,     110.819,    110.365,
    8,       18.3,    180.566,     112.424,    112.494,
    9,       20.8,    180.605,     114.172,    114.648,
   10,       23.3,    180.566,     116.301,    116.820,
   11,       25.8,    180.592,     119.164,    119.007,
   12,       28.3,    180.605,     120.595,    121.204,
   13,       30.8,    180.735,     123.275,    123.407,
   14,       33.3,    180.722,     125.054,    125.613,
   15,       35.8,    180.981,     127.196,    127.819,
   16,       38.3,    181.020,     129.267,    130.022,
   17,       40.8,    180.916,     131.774,    132.215,
   18,       43.3,    180.786,     134.081,    134.396,
   19,       45.8,    180.825,     136.485,    136.564,
   20,       48.3,    180.877,     138.768,    138.715,
   21,       50.8,    180.994,     140.668,    140.849,
   22,       53.3,    180.903,     143.281,    142.962,
   23,       55.8,    180.890,     145.281,    145.050,
   24,       58.3,    181.072,     147.234,    147.115,
   25,       60.8,    180.955,     148.656,    149.152,
   26,       63.3,    181.033,     151.354,    151.160,
   27,       65.8,    180.916,     153.552,    153.137,
   28,       68.3,    180.942,     155.298,    155.081,
   29,       70.8,    180.994,     157.685,    156.993,
   30,       73.3,    180.968,     159.365,    158.869,
   31,       75.8,    181.020,     160.756,    160.710,
   32,       78.3,    180.942,     163.146,    162.513,
   33,       80.8,    181.033,     165.053,    164.279,
   34,       83.3,    180.929,     166.363,    166.006,
   35,       85.8,    180.916,     167.812,    167.693,
   36,       88.3,    181.072,     169.325,    169.341,
   37,       90.8,    180.994,     170.613,    170.949,
   38,       93.3,    181.176,     172.319,    172.517,
   39,       95.8,    181.007,     174.468,    174.043,
   40,       98.3,    180.994,     175.807,    175.528,
   41,      100.8,    180.981,     177.367,    176.973,
   42,      103.3,    181.137,     178.649,    178.376,
   43,      105.8,    181.020,     179.428,    179.739,
   44,      108.3,    180.981,     181.234,    181.061,
   45,      110.8,    180.968,     182.021,    182.342,
   46,      113.3,    180.994,     183.873,    183.583,
   47,      115.8,    180.890,     184.532,    184.785,
   48,      118.3,    181.033,     185.822,    185.948,
   49,      120.8,    181.306,     186.867,    187.073,
   50,      123.3,    180.942,     188.237,    188.160,
   51,      125.8,    181.046,     188.681,    189.209,
   52,      128.3,    181.072,     190.090,    190.222,
   53,      130.8,    180.942,     191.000,    191.199,
   54,      133.3,    181.020,     191.802,    192.141,
   55,      135.8,    180.955,     192.755,    193.049,
   56,      138.3,    180.929,     194.330,    193.923,
   57,      140.8,    180.968,     194.067,    194.764,
   58,      143.3,    181.202,     195.473,    195.574,
   59,      145.8,    180.942,     196.195,    196.352,
   60,      148.3,    181.124,     197.103,    197.100,
   61,      150.8,    180.929,     197.757,    197.819,
   62,      153.3,    181.046,     198.844,    198.510,
   63,      155.8,    180.994,     199.564,    199.173,
   64,      158.3,    181.007,     199.329,    199.809,
   65,      160.8,    180.955,     200.713,    200.419,
   66,      163.3,    180.955,     200.713,    201.005,
   67,      165.8,    181.163,     202.249,    201.566,
   68,      168.3,    181.033,     202.504,    202.104,
   69,      170.8,    181.111,     203.742,    202.619,
   70,      175.8,    179.787,     203.908,    203.589,
----,
DateTime:        , 2025/11/18, 14:55:58, 1763492158370,
RFID_EPC:        ,--Not Acquired--,
RFID_UserData:   ,--Not Acquired--,
Barcode:         ,--Not Acquired--,
PIF:,            0.00,
PARs:,            0.0,     0.0,     0.0,     0.0,     0.0,     0.0,
Light:,           0.0,     0.0,     0.0,     0.0,     0.0,     0.0,
Cycles:,            1,
                    1,      69,      70,      70,
Lamps:,        #10000,
Gain:,              5,      25, 
SNR_raw:,     272.03,
Position:,        0.0,              0.0,   NoData,
DataPt,      Time(us),   EX,         EM,       Fit,
==========,==========,==========,==========,=========,
    0,        0.0,      0.000,       0.000,     95.028,
    1,        0.8,    164.586,      95.269,     96.809,
    2,        3.3,    179.931,      98.778,     98.795,
    3,        5.8,    180.229,     101.981,    100.823,
    4,        8.3,    180.203,     103.328,    102.884,
    5,       10.8,    180.398,     105.988,    104.976,
    6,       13.3,    180.593,     107.424,    107.095,
    7,       15.8,    180.645,     109.386,    109.236,
    8,       18.3,    180.748,     112.311,    111.396,
    9,       20.8,    180.541,     113.437,    113.568,
   10,       23.3,    180.632,     115.373,    115.752,
   11,       25.8,    180.632,     117.255,    117.943,
   12,       28.3,    180.710,     119.972,    120.139,
   13,       30.8,    180.645,     122.118,    122.336,
   14,       33.3,    180.684,     123.974,    124.532,
   15,       35.8,    180.684,     126.187,    126.723,
   16,       38.3,    180.761,     128.678,    128.909,
   17,       40.8,    180.774,     130.218,    131.085,
   18,       43.3,    180.956,     132.960,    133.251,
   19,       45.8,    180.956,     135.392,    135.402,
   20,       48.3,    180.930,     136.959,    137.537,
   21,       50.8,    180.930,     140.054,    139.653,
   22,       53.3,    180.969,     141.461,    141.749,
   23,       55.8,    180.891,     143.954,    143.821,
   24,       58.3,    180.826,     145.886,    145.867,
   25,       60.8,    180.930,     147.792,    147.888,
   26,       63.3,    180.891,     150.477,    149.881,
   27,       65.8,    180.904,     152.014,    151.844,
   28,       68.3,    180.904,     154.004,    153.775,
   29,       70.8,    180.982,     155.927,    155.675,
   30,       73.3,    180.917,     157.862,    157.541,
   31,       75.8,    181.021,     159.871,    159.372,
   32,       78.3,    180.943,     161.598,    161.167,
   33,       80.8,    180.891,     163.413,    162.925,
   34,       83.3,    180.956,     165.012,    164.646,
   35,       85.8,    180.943,     166.793,    166.328,
   36,       88.3,    180.904,     168.376,    167.972,
   37,       90.8,    180.943,     169.556,    169.576,
   38,       93.3,    181.047,     171.558,    171.141,
   39,       95.8,    181.164,     172.330,    172.667,
   40,       98.3,    180.969,     174.063,    174.152,
   41,      100.8,    181.099,     175.595,    175.597,
   42,      103.3,    181.034,     176.541,    177.001,
   43,      105.8,    180.865,     178.475,    178.365,
   44,      108.3,    181.008,     179.660,    179.689,
   45,      110.8,    180.969,     181.136,    180.973,
   46,      113.3,    181.125,     181.863,    182.218,
   47,      115.8,    180.956,     183.691,    183.424,
   48,      118.3,    181.099,     184.982,    184.592,
   49,      120.8,    181.125,     186.059,    185.722,
   50,      123.3,    181.021,     186.387,    186.813,
   51,      125.8,    181.125,     187.495,    187.869,
   52,      128.3,    181.099,     189.068,    188.887,
   53,      130.8,    181.112,     189.386,    189.871,
   54,      133.3,    180.995,     190.060,    190.818,
   55,      135.8,    180.969,     192.077,    191.732,
   56,      138.3,    181.099,     191.829,    192.613,
   57,      140.8,    181.099,     193.264,    193.460,
   58,      143.3,    181.151,     194.092,    194.277,
   59,      145.8,    181.138,     194.437,    195.062,
   60,      148.3,    181.099,     195.915,    195.817,
   61,      150.8,    181.112,     196.343,    196.543,
   62,      153.3,    181.164,     197.501,    197.240,
   63,      155.8,    181.099,     198.234,    197.909,
   64,      158.3,    181.112,     199.103,    198.552,
   65,      160.8,    181.255,     198.836,    199.169,
   66,      163.3,    181.229,     200.299,    199.761,
   67,      165.8,    180.956,     200.491,    200.328,
   68,      168.3,    181.086,     201.341,    200.872,
   69,      170.8,    181.047,     202.378,    201.393,
   70,      175.8,    179.788,     202.350,    202.188,
----,
DateTime:        , 2025/11/18, 14:56:07, 1763492166938,
RFID_EPC:        ,--Not Acquired--,
RFID_UserData:   ,--Not Acquired--,
Barcode:         ,--Not Acquired--,
PIF:,            0.00,
PARs:,            0.0,     0.0,     0.0,     0.0,     0.0,     0.0,
Light:,           0.0,     0.0,     0.0,     0.0,     0.0,     0.0,
Cycles:,            1,
                    1,      69,      70,      70,
Lamps:,        #10000,
Gain:,              5,      25, 
SNR_raw:,     339.23,
Position:,        0.0,              0.0,   NoData,
DataPt,      Time(us),   EX,         EM,       Fit,
==========,==========,==========,==========,=========,
    0,        0.0,      0.000,       0.000,     94.447,
    1,        0.8,    164.483,      94.478,     96.153,
    2,        3.3,    180.009,      98.075,     98.074,
    3,        5.8,    180.152,     101.359,    100.048,
    4,        8.3,    180.411,     103.430,    102.067,
    5,       10.8,    180.346,     104.577,    104.123,
    6,       13.3,    180.359,     107.230,    106.211,
    7,       15.8,    180.385,     108.324,    108.326,
    8,       18.3,    180.554,     110.216,    110.465,
    9,       20.8,    180.541,     112.551,    112.621,
   10,       23.3,    180.632,     115.041,    114.791,
   11,       25.8,    180.671,     116.344,    116.972,
   12,       28.3,    180.762,     119.162,    119.160,
   13,       30.8,    180.788,     121.247,    121.351,
   14,       33.3,    180.736,     122.942,    123.541,
   15,       35.8,    180.736,     125.155,    125.729,
   16,       38.3,    180.749,     127.691,    127.910,
   17,       40.8,    180.749,     129.462,    130.083,
   18,       43.3,    180.852,     131.488,    132.246,
   19,       45.8,    180.814,     133.950,    134.395,
   20,       48.3,    180.684,     136.149,    136.526,
   21,       50.8,    180.995,     138.567,    138.643,
   22,       53.3,    180.801,     140.486,    140.737,
   23,       55.8,    180.865,     143.311,    142.810,
   24,       58.3,    180.775,     145.153,    144.858,
   25,       60.8,    180.969,     146.323,    146.881,
   26,       63.3,    180.930,     148.565,    148.877,
   27,       65.8,    180.969,     151.075,    150.844,
   28,       68.3,    180.995,     152.822,    152.780,
   29,       70.8,    181.021,     154.567,    154.684,
   30,       73.3,    180.904,     156.878,    156.554,
   31,       75.8,    180.788,     158.529,    158.388,
   32,       78.3,    180.969,     160.469,    160.188,
   33,       80.8,    180.878,     162.761,    161.950,
   34,       83.3,    180.891,     163.523,    163.675,
   35,       85.8,    180.917,     165.600,    165.363,
   36,       88.3,    180.982,     166.978,    167.011,
   37,       90.8,    180.956,     168.659,    168.621,
   38,       93.3,    181.242,     170.049,    170.192,
   39,       95.8,    181.138,     172.023,    171.722,
   40,       98.3,    181.112,     173.925,    173.212,
   41,      100.8,    181.164,     174.759,    174.662,
   42,      103.3,    181.060,     176.295,    176.070,
   43,      105.8,    181.034,     177.646,    177.438,
   44,      108.3,    180.943,     178.951,    178.765,
   45,      110.8,    180.904,     180.316,    180.052,
   46,      113.3,    181.060,     181.487,    181.300,
   47,      115.8,    181.034,     182.617,    182.508,
   48,      118.3,    181.021,     183.514,    183.677,
   49,      120.8,    181.047,     184.814,    184.807,
   50,      123.3,    181.164,     186.019,    185.900,
   51,      125.8,    181.203,     186.752,    186.956,
   52,      128.3,    181.190,     187.538,    187.975,
   53,      130.8,    181.073,     188.653,    188.957,
   54,      133.3,    181.008,     189.715,    189.904,
   55,      135.8,    181.021,     190.585,    190.816,
   56,      138.3,    181.021,     191.690,    191.694,
   57,      140.8,    181.177,     192.519,    192.540,
   58,      143.3,    181.047,     192.988,    193.353,
   59,      145.8,    181.164,     193.637,    194.135,
   60,      148.3,    181.112,     194.907,    194.886,
   61,      150.8,    181.073,     195.501,    195.608,
   62,      153.3,    181.125,     195.997,    196.301,
   63,      155.8,    181.047,     196.855,    196.966,
   64,      158.3,    181.229,     197.761,    197.604,
   65,      160.8,    181.216,     197.996,    198.215,
   66,      163.3,    181.047,     199.175,    198.802,
   67,      165.8,    181.021,     199.977,    199.363,
   68,      168.3,    181.294,     200.338,    199.901,
   69,      170.8,    181.229,     200.630,    200.416,
   70,      175.8,    179.957,     201.159,    201.204,
----,
DateTime:        , 2025/11/18, 14:56:15, 1763492175497,
RFID_EPC:        ,--Not Acquired--,
RFID_UserData:   ,--Not Acquired--,
Barcode:         ,--Not Acquired--,
PIF:,            0.00,
PARs:,            0.0,     0.0,     0.0,     0.0,     0.0,     0.0,
Light:,           0.0,     0.0,     0.0,     0.0,     0.0,     0.0,
Cycles:,            1,
                    1,      69,      70,      70,
Lamps:,        #10000,
Gain:,              5,      25, 
SNR_raw:,     272.34,
Position:,        0.0,              0.0,   NoData,
DataPt,      Time(us),   EX,         EM,       Fit,
==========,==========,==========,==========,=========,
    0,        0.0,      0.000,       0.000,     93.368,
    1,        0.8,    164.621,      93.548,     95.144,
    2,        3.3,    180.093,      97.117,     97.123,
    3,        5.8,    180.119,     100.378,     99.139,
    4,        8.3,    180.222,     102.318,    101.187,
    5,       10.8,    180.352,     103.908,    103.263,
    6,       13.3,    180.274,     105.506,    105.363,
    7,       15.8,    180.378,     107.441,    107.483,
    8,       18.3,    180.443,     109.287,    109.621,
    9,       20.8,    180.586,     112.190,    111.773,
   10,       23.3,    180.690,     113.676,    113.937,
   11,       25.8,    180.664,     115.574,    116.107,
   12,       28.3,    180.638,     118.026,    118.281,
   13,       30.8,    180.586,     119.721,    120.455,
   14,       33.3,    180.858,     122.969,    122.630,
   15,       35.8,    180.703,     124.403,    124.800,
   16,       38.3,    180.768,     126.903,    126.963,
   17,       40.8,    180.742,     128.803,    129.117,
   18,       43.3,    180.755,     131.338,    131.260,
   19,       45.8,    180.794,     133.522,    133.388,
   20,       48.3,    180.923,     135.195,    135.502,
   21,       50.8,    180.962,     137.266,    137.598,
   22,       53.3,    180.949,     139.266,    139.674,
   23,       55.8,    180.897,     141.406,    141.727,
   24,       58.3,    180.871,     143.196,    143.755,
   25,       60.8,    180.936,     146.129,    145.758,
   26,       63.3,    180.794,     147.904,    147.732,
   27,       65.8,    180.897,     149.809,    149.679,
   28,       68.3,    181.014,     151.922,    151.596,
   29,       70.8,    180.988,     153.712,    153.481,
   30,       73.3,    180.819,     156.178,    155.331,
   31,       75.8,    180.949,     157.834,    157.149,
   32,       78.3,    181.027,     158.982,    158.931,
   33,       80.8,    181.079,     161.366,    160.679,
   34,       83.3,    181.079,     162.581,    162.389,
   35,       85.8,    180.975,     164.663,    164.061,
   36,       88.3,    181.118,     165.748,    165.696,
   37,       90.8,    181.027,     167.378,    167.291,
   38,       93.3,    180.962,     168.543,    168.847,
   39,       95.8,    180.871,     170.066,    170.363,
   40,       98.3,    181.001,     172.043,    171.840,
   41,      100.8,    180.949,     173.419,    173.277,
   42,      103.3,    181.053,     174.093,    174.675,
   43,      105.8,    181.040,     175.983,    176.033,
   44,      108.3,    180.975,     177.593,    177.352,
   45,      110.8,    181.118,     178.778,    178.632,
   46,      113.3,    181.209,     179.903,    179.873,
   47,      115.8,    181.001,     180.551,    181.075,
   48,      118.3,    181.131,     182.741,    182.239,
   49,      120.8,    181.014,     183.411,    183.365,
   50,      123.3,    181.209,     184.097,    184.454,
   51,      125.8,    181.196,     185.987,    185.507,
   52,      128.3,    181.001,     186.739,    186.523,
   53,      130.8,    181.079,     187.321,    187.504,
   54,      133.3,    181.183,     187.766,    188.450,
   55,      135.8,    180.988,     189.184,    189.362,
   56,      138.3,    181.183,     189.422,    190.241,
   57,      140.8,    181.079,     190.856,    191.088,
   58,      143.3,    181.066,     191.864,    191.903,
   59,      145.8,    181.040,     192.664,    192.687,
   60,      148.3,    181.209,     193.368,    193.441,
   61,      150.8,    181.092,     194.266,    194.166,
   62,      153.3,    181.014,     194.681,    194.862,
   63,      155.8,    181.170,     195.838,    195.531,
   64,      158.3,    181.183,     195.935,    196.173,
   65,      160.8,    181.248,     196.968,    196.790,
   66,      163.3,    181.027,     197.760,    197.381,
   67,      165.8,    181.248,     198.402,    197.948,
   68,      168.3,    181.131,     198.972,    198.492,
   69,      170.8,    181.105,     199.221,    199.013,
   70,      175.8,    179.833,     200.519,    199.776,
----,
DateTime:        , 2025/11/18, 14:56:24, 1763492184048,
RFID_EPC:        ,--Not Acquired--,
RFID_UserData:   ,--Not Acquired--,
Barcode:         ,--Not Acquired--,
PIF:,            0.00,
PARs:,            0.0,     0.0,     0.0,     0.0,     0.0,     0.0,
Light:,           0.0,     0.0,     0.0,     0.0,     0.0,     0.0,
Cycles:,            1,
                    1,      69,      70,      70,
Lamps:,        #10000,
Gain:,              5,      25, 
SNR_raw:,     303.80,
Position:,        0.0,              0.0,   NoData,
DataPt,      Time(us),   EX,         EM,       Fit,
==========,==========,==========,==========,=========,
    0,        0.0,      0.000,       0.000,     92.915,
    1,        0.8,    164.459,      93.154,     94.650,
    2,        3.3,    180.007,      96.758,     96.601,
    3,        5.8,    180.111,     100.049,     98.603,
    4,        8.3,    180.241,     101.531,    100.648,
    5,       10.8,    180.319,     102.929,    102.729,
    6,       13.3,    180.448,     104.961,    104.841,
    7,       15.8,    180.422,     107.415,    106.978,
    8,       18.3,    180.487,     108.595,    109.135,
    9,       20.8,    180.526,     111.341,    111.307,
   10,       23.3,    180.630,     113.492,    113.491,
   11,       25.8,    180.656,     115.579,    115.682,
   12,       28.3,    180.591,     117.835,    117.877,
   13,       30.8,    180.643,     119.683,    120.072,
   14,       33.3,    180.812,     122.116,    122.267,
   15,       35.8,    180.669,     124.316,    124.454,
   16,       38.3,    180.760,     126.355,    126.633,
   17,       40.8,    181.007,     128.504,    128.804,
   18,       43.3,    180.799,     130.753,    130.959,
   19,       45.8,    180.773,     133.095,    133.098,
   20,       48.3,    180.773,     134.644,    135.218,
   21,       50.8,    180.890,     137.542,    137.320,
   22,       53.3,    180.851,     138.678,    139.399,
   23,       55.8,    181.007,     141.210,    141.455,
   24,       58.3,    180.864,     143.312,    143.483,
   25,       60.8,    180.877,     145.182,    145.485,
   26,       63.3,    180.942,     147.782,    147.457,
   27,       65.8,    180.877,     149.715,    149.399,
   28,       68.3,    181.019,     151.365,    151.309,
   29,       70.8,    180.981,     153.497,    153.186,
   30,       73.3,    181.032,     155.110,    155.030,
   31,       75.8,    181.071,     156.955,    156.838,
   32,       78.3,    181.097,     158.920,    158.610,
   33,       80.8,    180.994,     160.337,    160.344,
   34,       83.3,    181.045,     162.611,    162.041,
   35,       85.8,    180.877,     164.421,    163.698,
   36,       88.3,    181.007,     165.298,    165.317,
   37,       90.8,    181.175,     166.358,    166.898,
   38,       93.3,    180.760,     168.953,    168.437,
   39,       95.8,    181.058,     170.332,    169.938,
   40,       98.3,    181.149,     171.461,    171.400,
   41,      100.8,    181.227,     173.043,    172.822,
   42,      103.3,    181.071,     173.965,    174.203,
   43,      105.8,    181.071,     175.953,    175.544,
   44,      108.3,    181.201,     176.820,    176.847,
   45,      110.8,    181.084,     178.149,    178.109,
   46,      113.3,    181.032,     179.194,    179.333,
   47,      115.8,    181.084,     180.800,    180.518,
   48,      118.3,    181.123,     181.644,    181.665,
   49,      120.8,    181.019,     182.853,    182.774,
   50,      123.3,    181.071,     183.795,    183.847,
   51,      125.8,    181.097,     184.983,    184.883,
   52,      128.3,    181.253,     186.259,    185.884,
   53,      130.8,    181.045,     186.804,    186.849,
   54,      133.3,    181.110,     187.510,    187.780,
   55,      135.8,    181.305,     188.191,    188.678,
   56,      138.3,    181.110,     189.277,    189.543,
   57,      140.8,    181.019,     190.035,    190.375,
   58,      143.3,    181.110,     190.712,    191.177,
   59,      145.8,    180.994,     191.830,    191.948,
   60,      148.3,    181.123,     192.797,    192.689,
   61,      150.8,    181.149,     193.100,    193.402,
   62,      153.3,    181.266,     194.079,    194.087,
   63,      155.8,    180.994,     194.372,    194.744,
   64,      158.3,    180.955,     195.629,    195.375,
   65,      160.8,    181.007,     196.457,    195.981,
   66,      163.3,    181.123,     196.551,    196.562,
   67,      165.8,    180.955,     197.619,    197.119,
   68,      168.3,    181.032,     197.644,    197.653,
   69,      170.8,    181.084,     199.023,    198.165,
   70,      175.8,    179.774,     199.362,    198.964,
----,
DateTime:        , 2025/11/18, 14:56:32, 1763492192609,
RFID_EPC:        ,--Not Acquired--,
RFID_UserData:   ,--Not Acquired--,
Barcode:         ,--Not Acquired--,
PIF:,            0.00,
PARs:,            0.0,     0.0,     0.0,     0.0,     0.0,     0.0,
Light:,           0.0,     0.0,     0.0,     0.0,     0.0,     0.0,
Cycles:,            1,
                    1,      69,      70,      70,
Lamps:,        #10000,
Gain:,              5,      25, 
SNR_raw:,     260.25,
Position:,        0.0,              0.0,   NoData,
DataPt,      Time(us),   EX,         EM,       Fit,
==========,==========,==========,==========,=========,
    0,        0.0,      0.000,       0.000,     93.477,
    1,        0.8,    164.544,      93.470,     95.044,
    2,        3.3,    180.041,      96.942,     96.825,
    3,        5.8,    180.197,     100.113,     98.670,
    4,        8.3,    180.340,     101.475,    100.573,
    5,       10.8,    180.262,     102.629,    102.523,
    6,       13.3,    180.288,     104.943,    104.516,
    7,       15.8,    180.443,     106.737,    106.546,
    8,       18.3,    180.275,     108.612,    108.605,
    9,       20.8,    180.599,     110.632,    110.693,
   10,       23.3,    180.456,     112.714,    112.801,
   11,       25.8,    180.625,     114.713,    114.927,
   12,       28.3,    180.547,     116.978,    117.064,
   13,       30.8,    180.703,     118.426,    119.212,
   14,       33.3,    180.690,     120.870,    121.365,
   15,       35.8,    180.755,     123.371,    123.519,
   16,       38.3,    180.794,     125.336,    125.672,
   17,       40.8,    180.833,     126.968,    127.821,
   18,       43.3,    180.755,     130.121,    129.961,
   19,       45.8,    180.859,     132.037,    132.092,
   20,       48.3,    180.690,     134.263,    134.207,
   21,       50.8,    180.664,     136.718,    136.306,
   22,       53.3,    180.872,     138.109,    138.389,
   23,       55.8,    181.015,     140.983,    140.452,
   24,       58.3,    180.950,     142.028,    142.492,
   25,       60.8,    180.911,     144.381,    144.506,
   26,       63.3,    181.053,     146.255,    146.494,
   27,       65.8,    180.989,     148.849,    148.453,
   28,       68.3,    181.002,     150.164,    150.382,
   29,       70.8,    180.898,     152.351,    152.278,
   30,       73.3,    180.963,     154.176,    154.140,
   31,       75.8,    181.015,     156.341,    155.968,
   32,       78.3,    180.963,     158.265,    157.760,
   33,       80.8,    180.937,     159.945,    159.514,
   34,       83.3,    181.002,     161.767,    161.230,
   35,       85.8,    181.079,     163.243,    162.908,
   36,       88.3,    180.937,     164.588,    164.545,
   37,       90.8,    180.963,     166.333,    166.143,
   38,       93.3,    181.092,     167.981,    167.700,
   39,       95.8,    180.885,     169.942,    169.214,
   40,       98.3,    181.015,     170.705,    170.688,
   41,      100.8,    181.015,     171.699,    172.121,
   42,      103.3,    180.976,     173.836,    173.512,
   43,      105.8,    181.118,     174.582,    174.862,
   44,      108.3,    181.066,     176.068,    176.170,
   45,      110.8,    181.222,     177.462,    177.438,
   46,      113.3,    181.183,     178.383,    178.665,
   47,      115.8,    181.092,     179.577,    179.851,
   48,      118.3,    181.157,     181.058,    180.998,
   49,      120.8,    181.066,     181.591,    182.105,
   50,      123.3,    181.040,     183.605,    183.173,
   51,      125.8,    180.989,     184.432,    184.202,
   52,      128.3,    181.209,     185.311,    185.195,
   53,      130.8,    181.079,     185.775,    186.151,
   54,      133.3,    181.015,     186.615,    187.071,
   55,      135.8,    181.040,     187.361,    187.956,
   56,      138.3,    181.209,     188.732,    188.807,
   57,      140.8,    181.118,     189.710,    189.624,
   58,      143.3,    181.157,     190.442,    190.410,
   59,      145.8,    181.157,     190.994,    191.163,
   60,      148.3,    181.157,     192.319,    191.886,
   61,      150.8,    181.170,     192.968,    192.579,
   62,      153.3,    181.092,     192.830,    193.243,
   63,      155.8,    181.209,     193.809,    193.879,
   64,      158.3,    181.144,     194.541,    194.488,
   65,      160.8,    181.144,     195.204,    195.071,
   66,      163.3,    181.002,     195.357,    195.629,
   67,      165.8,    181.300,     196.249,    196.163,
   68,      168.3,    181.144,     197.080,    196.673,
   69,      170.8,    181.079,     198.145,    197.160,
   70,      175.8,    179.950,     198.277,    198.043,
----,
DateTime:        , 2025/11/18, 14:56:41, 1763492201146,
RFID_EPC:        ,--Not Acquired--,
RFID_UserData:   ,--Not Acquired--,
Barcode:         ,--Not Acquired--,
PIF:,            0.00,
PARs:,            0.0,     0.0,     0.0,     0.0,     0.0,     0.0,
Light:,           0.0,     0.0,     0.0,     0.0,     0.0,     0.0,
Cycles:,            1,
                    1,      69,      70,      70,
Lamps:,        #10000,
Gain:,              5,      25, 
SNR_raw:,     336.47,
Position:,        0.0,              0.0,   NoData,
DataPt,      Time(us),   EX,         EM,       Fit,
==========,==========,==========,==========,=========,
    0,        0.0,      0.000,       0.000,     92.838,
    1,        0.8,    164.530,      92.749,     94.487,
    2,        3.3,    180.118,      96.352,     96.336,
    3,        5.8,    180.041,      99.644,     98.225,
    4,        8.3,    180.300,     100.943,    100.155,
    5,       10.8,    180.131,     102.592,    102.117,
    6,       13.3,    180.560,     104.785,    104.113,
    7,       15.8,    180.651,     106.393,    106.135,
    8,       18.3,    180.521,     108.242,    108.179,
    9,       20.8,    180.612,     110.181,    110.242,
   10,       23.3,    180.482,     111.923,    112.319,
   11,       25.8,    180.702,     114.332,    114.411,
   12,       28.3,    180.715,     116.094,    116.512,
   13,       30.8,    180.741,     117.959,    118.619,
   14,       33.3,    180.664,     120.223,    120.729,
   15,       35.8,    180.677,     122.318,    122.839,
   16,       38.3,    180.793,     124.783,    124.948,
   17,       40.8,    180.638,     126.884,    127.051,
   18,       43.3,    180.858,     128.941,    129.148,
   19,       45.8,    180.936,     131.096,    131.235,
   20,       48.3,    180.897,     133.114,    133.309,
   21,       50.8,    181.014,     135.128,    135.370,
   22,       53.3,    181.014,     137.558,    137.413,
   23,       55.8,    180.832,     139.577,    139.435,
   24,       58.3,    180.858,     141.769,    141.436,
   25,       60.8,    181.027,     143.404,    143.415,
   26,       63.3,    180.949,     145.787,    145.367,
   27,       65.8,    180.780,     147.140,    147.291,
   28,       68.3,    180.871,     149.609,    149.187,
   29,       70.8,    180.858,     151.058,    151.052,
   30,       73.3,    180.975,     152.839,    152.886,
   31,       75.8,    180.936,     155.193,    154.687,
   32,       78.3,    180.871,     156.686,    156.453,
   33,       80.8,    181.079,     158.605,    158.185,
   34,       83.3,    181.066,     160.163,    159.880,
   35,       85.8,    180.923,     161.837,    161.537,
   36,       88.3,    180.975,     163.337,    163.156,
   37,       90.8,    180.884,     165.299,    164.735,
   38,       93.3,    181.001,     165.966,    166.276,
   39,       95.8,    181.079,     167.662,    167.778,
   40,       98.3,    181.105,     169.626,    169.240,
   41,      100.8,    181.053,     170.447,    170.661,
   42,      103.3,    181.131,     172.362,    172.042,
   43,      105.8,    181.131,     172.914,    173.383,
   44,      108.3,    180.988,     175.039,    174.683,
   45,      110.8,    181.105,     175.699,    175.943,
   46,      113.3,    181.027,     176.990,    177.164,
   47,      115.8,    181.131,     178.545,    178.345,
   48,      118.3,    181.105,     179.675,    179.487,
   49,      120.8,    181.092,     180.571,    180.591,
   50,      123.3,    181.066,     181.481,    181.656,
   51,      125.8,    181.170,     182.481,    182.684,
   52,      128.3,    181.118,     183.306,    183.676,
   53,      130.8,    180.923,     184.388,    184.630,
   54,      133.3,    181.157,     185.254,    185.550,
   55,      135.8,    181.053,     186.465,    186.435,
   56,      138.3,    180.936,     187.027,    187.286,
   57,      140.8,    181.092,     187.640,    188.105,
   58,      143.3,    181.105,     189.062,    188.891,
   59,      145.8,    180.962,     189.542,    189.646,
   60,      148.3,    181.001,     190.717,    190.371,
   61,      150.8,    181.118,     190.484,    191.066,
   62,      153.3,    181.131,     191.685,    191.733,
   63,      155.8,    181.170,     192.527,    192.372,
   64,      158.3,    181.183,     193.396,    192.984,
   65,      160.8,    181.248,     193.547,    193.571,
   66,      163.3,    181.183,     194.169,    194.132,
   67,      165.8,    181.157,     195.080,    194.669,
   68,      168.3,    181.118,     195.563,    195.182,
   69,      170.8,    181.092,     196.364,    195.673,
   70,      175.8,    179.794,     196.781,    196.444,
----,
DateTime:        , 2025/11/18, 14:56:49, 1763492209701,
RFID_EPC:        ,--Not Acquired--,
RFID_UserData:   ,--Not Acquired--,
Barcode:         ,--Not Acquired--,
PIF:,            0.00,
PARs:,            0.0,     0.0,     0.0,     0.0,     0.0,     0.0,
Light:,           0.0,     0.0,     0.0,     0.0,     0.0,     0.0,
Cycles:,            1,
                    1,      69,      70,      70,
Lamps:,        #10000,
Gain:,              5,      25, 
SNR_raw:,     276.33,
Position:,        0.0,              0.0,   NoData,
DataPt,      Time(us),   EX,         EM,       Fit,
==========,==========,==========,==========,=========,
    0,        0.0,      0.000,       0.000,     91.751,
    1,        0.8,    164.688,      91.567,     93.409,
    2,        3.3,    180.057,      95.263,     95.261,
    3,        5.8,    180.252,      98.640,     97.152,
    4,        8.3,    180.265,      99.742,     99.078,
    5,       10.8,    180.265,     101.628,    101.035,
    6,       13.3,    180.447,     103.632,    103.021,
    7,       15.8,    180.395,     105.325,    105.031,
    8,       18.3,    180.473,     107.274,    107.064,
    9,       20.8,    180.486,     108.707,    109.115,
   10,       23.3,    180.615,     110.400,    111.184,
   11,       25.8,    180.589,     113.185,    113.264,
   12,       28.3,    180.473,     115.142,    115.354,
   13,       30.8,    180.524,     117.436,    117.451,
   14,       33.3,    180.888,     119.190,    119.556,
   15,       35.8,    180.771,     121.369,    121.661,
   16,       38.3,    180.758,     124.144,    123.765,
   17,       40.8,    180.693,     125.517,    125.865,
   18,       43.3,    180.758,     127.795,    127.958,
   19,       45.8,    180.953,     129.868,    130.045,
   20,       48.3,    180.836,     131.943,    132.120,
   21,       50.8,    180.797,     133.962,    134.180,
   22,       53.3,    180.901,     135.544,    136.225,
   23,       55.8,    180.784,     138.397,    138.250,
   24,       58.3,    180.901,     140.298,    140.256,
   25,       60.8,    180.862,     142.318,    142.239,
   26,       63.3,    180.849,     144.209,    144.197,
   27,       65.8,    180.888,     146.389,    146.129,
   28,       68.3,    180.927,     148.237,    148.032,
   29,       70.8,    180.836,     149.749,    149.905,
   30,       73.3,    180.927,     151.885,    151.747,
   31,       75.8,    181.070,     153.753,    153.557,
   32,       78.3,    180.888,     155.234,    155.331,
   33,       80.8,    181.135,     156.679,    157.071,
   34,       83.3,    181.044,     159.299,    158.773,
   35,       85.8,    180.927,     160.949,    160.437,
   36,       88.3,    180.940,     162.374,    162.062,
   37,       90.8,    180.901,     163.626,    163.648,
   38,       93.3,    181.083,     165.449,    165.195,
   39,       95.8,    180.901,     167.495,    166.700,
   40,       98.3,    180.966,     168.651,    168.164,
   41,      100.8,    181.109,     169.622,    169.589,
   42,      103.3,    181.109,     171.389,    170.972,
   43,      105.8,    181.173,     172.652,    172.314,
   44,      108.3,    181.083,     173.843,    173.615,
   45,      110.8,    180.927,     174.877,    174.874,
   46,      113.3,    181.148,     175.879,    176.093,
   47,      115.8,    180.966,     177.824,    177.270,
   48,      118.3,    181.005,     178.780,    178.408,
   49,      120.8,    181.083,     179.145,    179.507,
   50,      123.3,    181.135,     179.977,    180.567,
   51,      125.8,    181.005,     181.211,    181.588,
   52,      128.3,    180.940,     182.160,    182.572,
   53,      130.8,    181.148,     183.386,    183.519,
   54,      133.3,    181.277,     183.807,    184.430,
   55,      135.8,    181.290,     184.786,    185.307,
   56,      138.3,    181.199,     186.204,    186.148,
   57,      140.8,    181.329,     186.732,    186.956,
   58,      143.3,    181.096,     187.194,    187.731,
   59,      145.8,    181.122,     188.382,    188.474,
   60,      148.3,    181.199,     188.742,    189.186,
   61,      150.8,    181.122,     189.928,    189.868,
   62,      153.3,    181.186,     190.080,    190.521,
   63,      155.8,    181.122,     191.363,    191.146,
   64,      158.3,    181.135,     191.349,    191.744,
   65,      160.8,    181.109,     192.813,    192.316,
   66,      163.3,    181.096,     193.710,    192.862,
   67,      165.8,    181.368,     193.419,    193.384,
   68,      168.3,    181.057,     194.746,    193.883,
   69,      170.8,    181.225,     195.006,    194.358,
   70,      175.8,    179.733,     195.401,    195.074,
----,
DateTime:        , 2025/11/18, 14:56:58, 1763492218252,
RFID_EPC:        ,--Not Acquired--,
RFID_UserData:   ,--Not Acquired--,
Barcode:         ,--Not Acquired--,
PIF:,            0.00,
PARs:,            0.0,     0.0,     0.0,     0.0,     0.0,     0.0,
Light:,           0.0,     0.0,     0.0,     0.0,     0.0,     0.0,
Cycles:,            1,
                    1,      69,      70,      70,
Lamps:,        #10000,
Gain:,              5,      25, 
SNR_raw:,     331.62,
Position:,        0.0,              0.0,   NoData,
DataPt,      Time(us),   EX,         EM,       Fit,
==========,==========,==========,==========,=========,
    0,        0.0,      0.000,       0.000,     91.505,
    1,        0.8,    164.670,      91.699,     93.200,
    2,        3.3,    180.116,      94.994,     95.088,
    3,        5.8,    180.193,      98.006,     97.010,
    4,        8.3,    180.245,      99.309,     98.961,
    5,       10.8,    180.310,     102.157,    100.940,
    6,       13.3,    180.336,     103.473,    102.942,
    7,       15.8,    180.362,     105.011,    104.965,
    8,       18.3,    180.544,     107.121,    107.006,
    9,       20.8,    180.544,     109.779,    109.063,
   10,       23.3,    180.570,     110.317,    111.131,
   11,       25.8,    180.674,     112.911,    113.208,
   12,       28.3,    180.765,     114.846,    115.293,
   13,       30.8,    180.816,     116.804,    117.382,
   14,       33.3,    180.791,     119.365,    119.472,
   15,       35.8,    180.752,     120.939,    121.559,
   16,       38.3,    180.765,     123.918,    123.642,
   17,       40.8,    180.765,     125.799,    125.718,
   18,       43.3,    180.791,     127.440,    127.786,
   19,       45.8,    180.920,     129.339,    129.843,
   20,       48.3,    180.881,     131.578,    131.886,
   21,       50.8,    180.855,     133.809,    133.913,
   22,       53.3,    180.894,     135.991,    135.922,
   23,       55.8,    180.842,     137.800,    137.911,
   24,       58.3,    180.842,     140.011,    139.877,
   25,       60.8,    180.894,     141.630,    141.820,
   26,       63.3,    180.894,     143.509,    143.737,
   27,       65.8,    180.985,     145.979,    145.628,
   28,       68.3,    180.804,     147.674,    147.488,
   29,       70.8,    181.037,     149.251,    149.319,
   30,       73.3,    180.972,     151.736,    151.118,
   31,       75.8,    180.998,     153.151,    152.884,
   32,       78.3,    180.881,     154.798,    154.615,
   33,       80.8,    180.998,     156.687,    156.311,
   34,       83.3,    181.024,     157.879,    157.971,
   35,       85.8,    180.920,     160.070,    159.594,
   36,       88.3,    181.050,     161.834,    161.179,
   37,       90.8,    181.024,     162.851,    162.726,
   38,       93.3,    180.933,     164.480,    164.233,
   39,       95.8,    181.024,     165.945,    165.702,
   40,       98.3,    181.141,     167.494,    167.132,
   41,      100.8,    180.920,     168.472,    168.521,
   42,      103.3,    181.063,     169.886,    169.870,
   43,      105.8,    181.154,     170.904,    171.181,
   44,      108.3,    181.219,     172.609,    172.453,
   45,      110.8,    181.050,     173.764,    173.684,
   46,      113.3,    180.985,     174.821,    174.875,
   47,      115.8,    180.959,     176.172,    176.028,
   48,      118.3,    181.089,     177.150,    177.143,
   49,      120.8,    180.959,     177.720,    178.219,
   50,      123.3,    180.920,     179.084,    179.258,
   51,      125.8,    181.063,     180.269,    180.261,
   52,      128.3,    181.011,     180.873,    181.228,
   53,      130.8,    181.076,     181.912,    182.160,
   54,      133.3,    181.193,     182.568,    183.057,
   55,      135.8,    181.206,     183.879,    183.921,
   56,      138.3,    181.076,     184.342,    184.751,
   57,      140.8,    181.193,     185.217,    185.549,
   58,      143.3,    181.115,     186.401,    186.316,
   59,      145.8,    181.063,     187.117,    187.052,
   60,      148.3,    181.258,     187.688,    187.758,
   61,      150.8,    180.894,     187.844,    188.435,
   62,      153.3,    180.959,     188.551,    189.085,
   63,      155.8,    181.076,     190.307,    189.707,
   64,      158.3,    181.141,     190.791,    190.303,
   65,      160.8,    181.206,     191.053,    190.874,
   66,      163.3,    181.050,     191.881,    191.421,
   67,      165.8,    181.271,     192.199,    191.944,
   68,      168.3,    181.102,     192.930,    192.444,
   69,      170.8,    181.206,     193.261,    192.922,
   70,      175.8,    179.895,     193.891,    193.614,
----,
DateTime:        , 2025/11/18, 14:57:06, 1763492226816,
RFID_EPC:        ,--Not Acquired--,
RFID_UserData:   ,--Not Acquired--,
Barcode:         ,--Not Acquired--,
PIF:,            0.00,
PARs:,            0.0,     0.0,     0.0,     0.0,     0.0,     0.0,
Light:,           0.0,     0.0,     0.0,     0.0,     0.0,     0.0,
Cycles:,            1,
                    1,      69,      70,      70,
Lamps:,        #10000,
Gain:,              5,      25, 
SNR_raw:,     229.26,
Position:,        0.0,              0.0,   NoData,
DataPt,      Time(us),   EX,         EM,       Fit,
==========,==========,==========,==========,=========,
    0,        0.0,      0.000,       0.000,     90.620,
    1,        0.8,    164.604,      90.642,     92.352,
    2,        3.3,    180.086,      94.289,     94.279,
    3,        5.8,    180.293,      97.619,     96.239,
    4,        8.3,    180.242,      99.200,     98.227,
    5,       10.8,    180.410,     100.659,    100.240,
    6,       13.3,    180.397,     102.330,    102.273,
    7,       15.8,    180.410,     104.650,    104.325,
    8,       18.3,    180.579,     106.435,    106.392,
    9,       20.8,    180.527,     108.460,    108.469,
   10,       23.3,    180.722,     110.667,    110.558,
   11,       25.8,    180.696,     112.786,    112.651,
   12,       28.3,    180.696,     114.447,    114.747,
   13,       30.8,    180.709,     116.209,    116.844,
   14,       33.3,    180.644,     118.908,    118.938,
   15,       35.8,    180.800,     120.686,    121.028,
   16,       38.3,    180.852,     122.200,    123.112,
   17,       40.8,    180.813,     124.991,    125.186,
   18,       43.3,    180.839,     127.185,    127.248,
   19,       45.8,    180.813,     129.084,    129.296,
   20,       48.3,    180.852,     131.047,    131.328,
   21,       50.8,    181.059,     132.885,    133.345,
   22,       53.3,    180.890,     135.441,    135.340,
   23,       55.8,    180.981,     137.031,    137.314,
   24,       58.3,    180.877,     138.989,    139.263,
   25,       60.8,    180.774,     141.614,    141.187,
   26,       63.3,    180.864,     142.869,    143.085,
   27,       65.8,    180.994,     144.645,    144.955,
   28,       68.3,    180.942,     147.008,    146.796,
   29,       70.8,    181.033,     148.812,    148.607,
   30,       73.3,    180.968,     150.966,    150.385,
   31,       75.8,    181.059,     152.989,    152.131,
   32,       78.3,    181.176,     154.325,    153.844,
   33,       80.8,    180.994,     155.917,    155.521,
   34,       83.3,    181.033,     157.319,    157.162,
   35,       85.8,    181.046,     158.634,    158.768,
   36,       88.3,    181.020,     161.087,    160.336,
   37,       90.8,    180.852,     162.011,    161.866,
   38,       93.3,    180.968,     164.007,    163.360,
   39,       95.8,    180.968,     165.664,    164.815,
   40,       98.3,    181.098,     166.208,    166.234,
   41,      100.8,    181.072,     167.668,    167.614,
   42,      103.3,    181.007,     168.391,    168.956,
   43,      105.8,    181.059,     170.552,    170.260,
   44,      108.3,    181.150,     171.681,    171.526,
   45,      110.8,    181.124,     172.699,    172.755,
   46,      113.3,    181.046,     173.878,    173.946,
   47,      115.8,    180.903,     175.121,    175.099,
   48,      118.3,    181.085,     176.271,    176.216,
   49,      120.8,    181.046,     177.192,    177.297,
   50,      123.3,    181.150,     177.864,    178.343,
   51,      125.8,    181.007,     179.440,    179.353,
   52,      128.3,    181.020,     180.201,    180.329,
   53,      130.8,    181.137,     181.189,    181.272,
   54,      133.3,    181.215,     181.111,    182.181,
   55,      135.8,    181.033,     182.177,    183.057,
   56,      138.3,    181.111,     183.976,    183.902,
   57,      140.8,    181.085,     183.781,    184.715,
   58,      143.3,    180.981,     185.544,    185.499,
   59,      145.8,    180.916,     185.721,    186.252,
   60,      148.3,    180.955,     187.118,    186.977,
   61,      150.8,    181.072,     188.102,    187.674,
   62,      153.3,    181.072,     188.544,    188.344,
   63,      155.8,    181.072,     189.427,    188.987,
   64,      158.3,    181.111,     189.718,    189.605,
   65,      160.8,    181.202,     190.064,    190.199,
   66,      163.3,    181.085,     190.739,    190.768,
   67,      165.8,    181.046,     191.774,    191.314,
   68,      168.3,    180.968,     192.078,    191.837,
   69,      170.8,    181.020,     193.570,    192.339,
   70,      175.8,    179.865,     193.367,    193.068,
----,
DateTime:        , 2025/11/18, 14:57:15, 1763492235358,
RFID_EPC:        ,--Not Acquired--,
RFID_UserData:   ,--Not Acquired--,
Barcode:         ,--Not Acquired--,
PIF:,            0.00,
PARs:,            0.0,     0.0,     0.0,     0.0,     0.0,     0.0,
Light:,           0.0,     0.0,     0.0,     0.0,     0.0,     0.0,
Cycles:,            1,
                    1,      69,      70,      70,
Lamps:,        #10000,
Gain:,              5,      25, 
SNR_raw:,     315.49,
Position:,        0.0,              0.0,   NoData,
DataPt,      Time(us),   EX,         EM,       Fit,
==========,==========,==========,==========,=========,
    0,        0.0,      0.000,       0.000,     89.680,
    1,        0.8,    164.593,      89.797,     91.335,
    2,        3.3,    180.105,      93.188,     93.197,
    3,        5.8,    180.300,      96.284,     95.108,
    4,        8.3,    180.261,      98.302,     97.061,
    5,       10.8,    180.287,     100.063,     99.050,
    6,       13.3,    180.455,     101.743,    101.070,
    7,       15.8,    180.390,     103.110,    103.114,
    8,       18.3,    180.494,     105.267,    105.180,
    9,       20.8,    180.403,     107.426,    107.260,
   10,       23.3,    180.624,     108.956,    109.355,
   11,       25.8,    180.637,     111.273,    111.458,
   12,       28.3,    180.689,     112.901,    113.566,
   13,       30.8,    180.689,     115.779,    115.677,
   14,       33.3,    180.741,     117.184,    117.786,
   15,       35.8,    180.663,     119.338,    119.890,
   16,       38.3,    180.793,     121.133,    121.988,
   17,       40.8,    180.832,     123.983,    124.076,
   18,       43.3,    180.637,     125.334,    126.151,
   19,       45.8,    180.689,     128.287,    128.212,
   20,       48.3,    180.754,     129.790,    130.257,
   21,       50.8,    180.767,     131.772,    132.283,
   22,       53.3,    180.936,     133.970,    134.290,
   23,       55.8,    180.845,     136.471,    136.273,
   24,       58.3,    180.832,     137.918,    138.232,
   25,       60.8,    181.000,     139.889,    140.167,
   26,       63.3,    180.910,     142.170,    142.073,
   27,       65.8,    180.897,     143.618,    143.950,
   28,       68.3,    180.962,     145.777,    145.798,
   29,       70.8,    180.858,     147.851,    147.613,
   30,       73.3,    180.962,     149.535,    149.396,
   31,       75.8,    180.845,     151.732,    151.144,
   32,       78.3,    180.962,     153.403,    152.859,
   33,       80.8,    180.897,     154.785,    154.538,
   34,       83.3,    180.974,     156.486,    156.181,
   35,       85.8,    181.013,     158.331,    157.788,
   36,       88.3,    180.987,     159.459,    159.358,
   37,       90.8,    181.117,     161.442,    160.890,
   38,       93.3,    181.130,     163.087,    162.385,
   39,       95.8,    181.052,     164.151,    163.841,
   40,       98.3,    181.039,     165.931,    165.258,
   41,      100.8,    181.104,     167.086,    166.638,
   42,      103.3,    181.013,     168.385,    167.978,
   43,      105.8,    181.104,     169.184,    169.281,
   44,      108.3,    181.117,     170.497,    170.546,
   45,      110.8,    181.117,     171.602,    171.772,
   46,      113.3,    181.026,     172.903,    172.961,
   47,      115.8,    181.143,     174.116,    174.113,
   48,      118.3,    181.104,     174.596,    175.228,
   49,      120.8,    181.013,     176.009,    176.307,
   50,      123.3,    181.221,     177.242,    177.350,
   51,      125.8,    181.065,     178.168,    178.358,
   52,      128.3,    181.052,     178.733,    179.331,
   53,      130.8,    181.052,     179.727,    180.271,
   54,      133.3,    181.052,     180.942,    181.177,
   55,      135.8,    181.065,     181.592,    182.050,
   56,      138.3,    181.130,     182.741,    182.892,
   57,      140.8,    181.065,     183.580,    183.703,
   58,      143.3,    181.273,     184.363,    184.484,
   59,      145.8,    181.195,     185.325,    185.235,
   60,      148.3,    181.221,     185.961,    185.958,
   61,      150.8,    181.117,     186.619,    186.652,
   62,      153.3,    181.104,     187.406,    187.320,
   63,      155.8,    181.065,     188.109,    187.961,
   64,      158.3,    181.091,     188.965,    188.576,
   65,      160.8,    181.195,     189.630,    189.167,
   66,      163.3,    181.117,     189.711,    189.734,
   67,      165.8,    181.169,     190.319,    190.278,
   68,      168.3,    181.130,     190.691,    190.799,
   69,      170.8,    181.078,     191.961,    191.299,
   70,      175.8,    179.975,     191.582,    192.097,
----,
DateTime:        , 2025/11/18, 14:57:24, 1763492243906,
RFID_EPC:        ,--Not Acquired--,
RFID_UserData:   ,--Not Acquired--,
Barcode:         ,--Not Acquired--,
PIF:,            0.00,
PARs:,            0.0,     0.0,     0.0,     0.0,     0.0,     0.0,
Light:,           0.0,     0.0,     0.0,     0.0,     0.0,     0.0,
Cycles:,            1,
                    1,      69,      70,      70,
Lamps:,        #10000,
Gain:,              5,      25, 
SNR_raw:,     323.32,
Position:,        0.0,              0.0,   NoData,
DataPt,      Time(us),   EX,         EM,       Fit,
==========,==========,==========,==========,=========,
    0,        0.0,      0.000,       0.000,     89.778,
    1,        0.8,    164.659,      90.247,     91.327,
    2,        3.3,    180.038,      93.226,     93.087,
    3,        5.8,    180.311,      95.945,     94.913,
    4,        8.3,    180.376,      97.241,     96.794,
    5,       10.8,    180.376,      99.126,     98.721,
    6,       13.3,    180.337,     101.477,    100.688,
    7,       15.8,    180.350,     102.246,    102.687,
    8,       18.3,    180.454,     104.847,    104.714,
    9,       20.8,    180.467,     106.834,    106.764,
   10,       23.3,    180.519,     109.130,    108.830,
   11,       25.8,    180.661,     110.483,    110.911,
   12,       28.3,    180.583,     113.189,    112.999,
   13,       30.8,    180.726,     114.317,    115.093,
   14,       33.3,    180.648,     116.580,    117.188,
   15,       35.8,    180.596,     119.050,    119.280,
   16,       38.3,    180.700,     120.974,    121.368,
   17,       40.8,    180.713,     122.515,    123.448,
   18,       43.3,    180.674,     125.640,    125.517,
   19,       45.8,    180.817,     126.869,    127.574,
   20,       48.3,    180.843,     129.615,    129.616,
   21,       50.8,    180.804,     131.524,    131.639,
   22,       53.3,    180.947,     133.299,    133.643,
   23,       55.8,    180.830,     135.708,    135.625,
   24,       58.3,    180.986,     137.801,    137.583,
   25,       60.8,    180.947,     139.710,    139.516,
   26,       63.3,    181.064,     141.718,    141.422,
   27,       65.8,    180.986,     143.768,    143.299,
   28,       68.3,    180.973,     145.768,    145.145,
   29,       70.8,    180.921,     147.136,    146.959,
   30,       73.3,    180.830,     149.422,    148.740,
   31,       75.8,    180.908,     150.906,    150.487,
   32,       78.3,    180.960,     152.631,    152.200,
   33,       80.8,    181.090,     153.847,    153.878,
   34,       83.3,    181.038,     155.548,    155.519,
   35,       85.8,    180.895,     156.997,    157.122,
   36,       88.3,    181.025,     158.984,    158.688,
   37,       90.8,    181.038,     160.298,    160.216,
   38,       93.3,    180.804,     161.943,    161.705,
   39,       95.8,    181.038,     163.281,    163.156,
   40,       98.3,    180.947,     165.021,    164.568,
   41,      100.8,    181.090,     165.885,    165.941,
   42,      103.3,    180.804,     167.253,    167.274,
   43,      105.8,    180.973,     168.202,    168.570,
   44,      108.3,    180.973,     169.418,    169.826,
   45,      110.8,    181.180,     170.548,    171.046,
   46,      113.3,    180.882,     172.267,    172.226,
   47,      115.8,    181.154,     173.112,    173.369,
   48,      118.3,    180.999,     174.587,    174.475,
   49,      120.8,    181.142,     175.664,    175.545,
   50,      123.3,    181.077,     176.610,    176.578,
   51,      125.8,    180.921,     177.426,    177.576,
   52,      128.3,    181.116,     178.229,    178.539,
   53,      130.8,    181.051,     179.839,    179.468,
   54,      133.3,    181.193,     180.470,    180.363,
   55,      135.8,    181.193,     180.912,    181.226,
   56,      138.3,    181.154,     181.944,    182.057,
   57,      140.8,    181.271,     183.041,    182.857,
   58,      143.3,    181.219,     183.645,    183.626,
   59,      145.8,    181.154,     184.483,    184.366,
   60,      148.3,    181.245,     184.391,    185.076,
   61,      150.8,    181.103,     185.641,    185.759,
   62,      153.3,    181.051,     186.246,    186.414,
   63,      155.8,    181.090,     187.311,    187.044,
   64,      158.3,    181.258,     187.909,    187.647,
   65,      160.8,    181.310,     188.627,    188.226,
   66,      163.3,    181.142,     188.692,    188.781,
   67,      165.8,    181.167,     189.880,    189.313,
   68,      168.3,    181.232,     190.253,    189.822,
   69,      170.8,    181.323,     190.489,    190.310,
   70,      175.8,    179.857,     191.041,    191.183,
----,
DateTime:        , 2025/11/18, 14:57:32, 1763492252455,
RFID_EPC:        ,--Not Acquired--,
RFID_UserData:   ,--Not Acquired--,
Barcode:         ,--Not Acquired--,
PIF:,            0.00,
PARs:,            0.0,     0.0,     0.0,     0.0,     0.0,     0.0,
Light:,           0.0,     0.0,     0.0,     0.0,     0.0,     0.0,
Cycles:,            1,
                    1,      69,      70,      70,
Lamps:,        #10000,
Gain:,              5,      25, 
SNR_raw:,     281.72,
Position:,        0.0,              0.0,   NoData,
DataPt,      Time(us),   EX,         EM,       Fit,
==========,==========,==========,==========,=========,
    0,        0.0,      0.000,       0.000,     89.581,
    1,        0.8,    164.476,      89.618,     91.148,
    2,        3.3,    180.126,      92.919,     92.919,
    3,        5.8,    180.126,      95.933,     94.743,
    4,        8.3,    180.229,      97.098,     96.615,
    5,       10.8,    180.593,      99.118,     98.531,
    6,       13.3,    180.476,     101.288,    100.482,
    7,       15.8,    180.372,     102.898,    102.461,
    8,       18.3,    180.424,     105.197,    104.466,
    9,       20.8,    180.606,     105.977,    106.494,
   10,       23.3,    180.593,     108.199,    108.538,
   11,       25.8,    180.502,     109.583,    110.594,
   12,       28.3,    180.580,     112.748,    112.660,
   13,       30.8,    180.774,     114.397,    114.734,
   14,       33.3,    180.813,     116.695,    116.811,
   15,       35.8,    180.800,     118.694,    118.886,
   16,       38.3,    180.839,     120.660,    120.958,
   17,       40.8,    180.852,     122.973,    123.024,
   18,       43.3,    180.943,     124.680,    125.081,
   19,       45.8,    180.904,     126.807,    127.126,
   20,       48.3,    180.852,     128.834,    129.155,
   21,       50.8,    180.891,     130.797,    131.168,
   22,       53.3,    180.982,     133.162,    133.163,
   23,       55.8,    180.839,     134.705,    135.136,
   24,       58.3,    180.904,     137.089,    137.085,
   25,       60.8,    180.684,     138.917,    139.007,
   26,       63.3,    181.112,     141.018,    140.906,
   27,       65.8,    180.969,     143.008,    142.775,
   28,       68.3,    181.034,     144.614,    144.615,
   29,       70.8,    181.099,     146.219,    146.423,
   30,       73.3,    181.073,     148.338,    148.197,
   31,       75.8,    180.891,     150.367,    149.936,
   32,       78.3,    180.956,     152.192,    151.641,
   33,       80.8,    181.112,     153.276,    153.310,
   34,       83.3,    180.878,     156.017,    154.940,
   35,       85.8,    180.956,     156.944,    156.533,
   36,       88.3,    180.891,     157.996,    158.087,
   37,       90.8,    181.073,     160.377,    159.603,
   38,       93.3,    180.917,     161.179,    161.079,
   39,       95.8,    180.904,     163.180,    162.516,
   40,       98.3,    181.151,     164.062,    163.913,
   41,      100.8,    180.969,     164.890,    165.270,
   42,      103.3,    181.060,     166.243,    166.588,
   43,      105.8,    181.099,     167.975,    167.866,
   44,      108.3,    181.086,     169.091,    169.104,
   45,      110.8,    181.125,     170.932,    170.303,
   46,      113.3,    181.047,     171.337,    171.463,
   47,      115.8,    181.060,     172.319,    172.584,
   48,      118.3,    181.047,     173.657,    173.668,
   49,      120.8,    180.982,     174.603,    174.713,
   50,      123.3,    181.073,     175.730,    175.722,
   51,      125.8,    181.190,     176.390,    176.696,
   52,      128.3,    181.047,     177.081,    177.633,
   53,      130.8,    180.969,     178.594,    178.535,
   54,      133.3,    181.008,     179.329,    179.403,
   55,      135.8,    180.982,     180.128,    180.239,
   56,      138.3,    181.086,     180.798,    181.041,
   57,      140.8,    181.099,     181.669,    181.813,
   58,      143.3,    181.164,     182.045,    182.553,
   59,      145.8,    181.345,     183.186,    183.265,
   60,      148.3,    181.086,     184.001,    183.946,
   61,      150.8,    181.060,     184.248,    184.600,
   62,      153.3,    181.008,     185.627,    185.226,
   63,      155.8,    181.086,     185.658,    185.826,
   64,      158.3,    181.047,     186.802,    186.401,
   65,      160.8,    181.034,     187.037,    186.951,
   66,      163.3,    181.216,     187.401,    187.477,
   67,      165.8,    181.099,     188.295,    187.980,
   68,      168.3,    181.047,     188.901,    188.461,
   69,      170.8,    181.099,     189.731,    188.921,
   70,      175.8,    179.788,     189.668,    189.719,
----,
DateTime:        , 2025/11/18, 14:57:41, 1763492261010,
RFID_EPC:        ,--Not Acquired--,
RFID_UserData:   ,--Not Acquired--,
Barcode:         ,--Not Acquired--,
PIF:,            0.00,
PARs:,            0.0,     0.0,     0.0,     0.0,     0.0,     0.0,
Light:,           0.0,     0.0,     0.0,     0.0,     0.0,     0.0,
Cycles:,            1,
                    1,      69,      70,      70,
Lamps:,        #10000,
Gain:,              5,      25, 
SNR_raw:,     281.38,
Position:,        0.0,              0.0,   NoData,
DataPt,      Time(us),   EX,         EM,       Fit,
==========,==========,==========,==========,=========,
    0,        0.0,      0.000,       0.000,     88.540,
    1,        0.8,    164.728,      88.509,     90.207,
    2,        3.3,    180.157,      92.048,     92.065,
    3,        5.8,    180.092,      95.285,     93.957,
    4,        8.3,    180.377,      96.686,     95.883,
    5,       10.8,    180.312,      98.385,     97.835,
    6,       13.3,    180.403,      99.887,     99.814,
    7,       15.8,    180.364,     102.348,    101.812,
    8,       18.3,    180.585,     103.774,    103.832,
    9,       20.8,    180.559,     105.893,    105.866,
   10,       23.3,    180.494,     107.594,    107.911,
   11,       25.8,    180.806,     109.952,    109.968,
   12,       28.3,    180.650,     112.261,    112.031,
   13,       30.8,    180.728,     113.984,    114.097,
   14,       33.3,    180.728,     115.644,    116.164,
   15,       35.8,    180.715,     117.976,    118.229,
   16,       38.3,    180.780,     120.036,    120.291,
   17,       40.8,    180.793,     121.908,    122.345,
   18,       43.3,    180.831,     123.872,    124.390,
   19,       45.8,    180.935,     126.012,    126.425,
   20,       48.3,    180.857,     128.388,    128.444,
   21,       50.8,    180.793,     129.983,    130.446,
   22,       53.3,    180.831,     132.057,    132.430,
   23,       55.8,    180.883,     133.677,    134.394,
   24,       58.3,    180.948,     136.503,    136.335,
   25,       60.8,    180.831,     138.471,    138.251,
   26,       63.3,    180.767,     140.070,    140.139,
   27,       65.8,    180.948,     142.361,    142.001,
   28,       68.3,    180.857,     144.313,    143.833,
   29,       70.8,    180.831,     145.992,    145.633,
   30,       73.3,    180.948,     147.667,    147.402,
   31,       75.8,    181.026,     149.813,    149.137,
   32,       78.3,    180.987,     151.060,    150.837,
   33,       80.8,    180.961,     153.071,    152.502,
   34,       83.3,    180.922,     154.431,    154.128,
   35,       85.8,    180.974,     156.155,    155.718,
   36,       88.3,    180.987,     157.801,    157.270,
   37,       90.8,    180.948,     158.498,    158.782,
   38,       93.3,    180.961,     160.255,    160.256,
   39,       95.8,    180.987,     162.221,    161.690,
   40,       98.3,    180.961,     163.239,    163.084,
   41,      100.8,    181.052,     164.262,    164.439,
   42,      103.3,    181.130,     166.289,    165.754,
   43,      105.8,    181.091,     167.319,    167.029,
   44,      108.3,    180.948,     168.114,    168.264,
   45,      110.8,    181.104,     169.295,    169.461,
   46,      113.3,    181.338,     170.290,    170.619,
   47,      115.8,    181.013,     172.142,    171.737,
   48,      118.3,    181.130,     172.142,    172.818,
   49,      120.8,    181.039,     173.775,    173.861,
   50,      123.3,    181.000,     174.585,    174.866,
   51,      125.8,    181.000,     175.580,    175.836,
   52,      128.3,    181.026,     176.660,    176.769,
   53,      130.8,    181.039,     177.641,    177.668,
   54,      133.3,    181.117,     178.559,    178.533,
   55,      135.8,    181.143,     178.864,    179.365,
   56,      138.3,    181.013,     179.766,    180.164,
   57,      140.8,    181.091,     180.462,    180.931,
   58,      143.3,    181.130,     181.085,    181.668,
   59,      145.8,    181.039,     182.281,    182.374,
   60,      148.3,    181.039,     183.054,    183.052,
   61,      150.8,    181.000,     183.646,    183.701,
   62,      153.3,    181.130,     184.177,    184.323,
   63,      155.8,    181.130,     185.392,    184.918,
   64,      158.3,    181.208,     185.312,    185.489,
   65,      160.8,    181.169,     186.014,    186.034,
   66,      163.3,    181.195,     186.871,    186.556,
   67,      165.8,    181.402,     188.200,    187.055,
   68,      168.3,    181.117,     188.276,    187.531,
   69,      170.8,    181.234,     188.486,    187.986,
   70,      175.8,    179.884,     188.343,    188.681,
----,
DateTime:        , 2025/11/18, 14:57:49, 1763492269540,
RFID_EPC:        ,--Not Acquired--,
RFID_UserData:   ,--Not Acquired--,
Barcode:         ,--Not Acquired--,
PIF:,            0.00,
PARs:,            0.0,     0.0,     0.0,     0.0,     0.0,     0.0,
Light:,           0.0,     0.0,     0.0,     0.0,     0.0,     0.0,
Cycles:,            1,
                    1,      69,      70,      70,
Lamps:,        #10000,
Gain:,              5,      25, 
SNR_raw:,     284.06,
Position:,        0.0,              0.0,   NoData,
DataPt,      Time(us),   EX,         EM,       Fit,
==========,==========,==========,==========,=========,
    0,        0.0,      0.000,       0.000,     88.218,
    1,        0.8,    164.554,      88.239,     89.779,
    2,        3.3,    180.050,      91.659,     91.549,
    3,        5.8,    179.985,      94.786,     93.377,
    4,        8.3,    180.323,      96.050,     95.259,
    5,       10.8,    180.323,      98.268,     97.183,
    6,       13.3,    180.478,      99.403,     99.145,
    7,       15.8,    180.374,     101.899,    101.135,
    8,       18.3,    180.478,     103.170,    103.151,
    9,       20.8,    180.517,     105.364,    105.186,
   10,       23.3,    180.491,     106.820,    107.236,
   11,       25.8,    180.517,     109.131,    109.297,
   12,       28.3,    180.530,     110.674,    111.365,
   13,       30.8,    180.686,     112.903,    113.438,
   14,       33.3,    180.764,     114.403,    115.511,
   15,       35.8,    180.647,     116.692,    117.581,
   16,       38.3,    180.751,     119.059,    119.645,
   17,       40.8,    180.751,     121.604,    121.700,
   18,       43.3,    180.868,     122.852,    123.745,
   19,       45.8,    180.829,     125.865,    125.776,
   20,       48.3,    180.855,     127.395,    127.792,
   21,       50.8,    180.751,     129.903,    129.788,
   22,       53.3,    180.868,     132.251,    131.764,
   23,       55.8,    180.855,     133.367,    133.718,
   24,       58.3,    180.920,     135.530,    135.649,
   25,       60.8,    180.855,     137.458,    137.553,
   26,       63.3,    180.764,     139.851,    139.429,
   27,       65.8,    180.997,     141.438,    141.278,
   28,       68.3,    180.933,     144.142,    143.096,
   29,       70.8,    180.816,     145.120,    144.881,
   30,       73.3,    180.971,     146.653,    146.635,
   31,       75.8,    180.959,     148.763,    148.355,
   32,       78.3,    181.179,     150.017,    150.041,
   33,       80.8,    180.751,     151.701,    151.689,
   34,       83.3,    181.140,     153.251,    153.302,
   35,       85.8,    181.010,     155.240,    154.878,
   36,       88.3,    181.075,     156.841,    156.417,
   37,       90.8,    180.997,     157.571,    157.916,
   38,       93.3,    181.036,     159.415,    159.378,
   39,       95.8,    181.114,     160.562,    160.802,
   40,       98.3,    181.088,     162.241,    162.186,
   41,      100.8,    181.036,     163.503,    163.532,
   42,      103.3,    181.114,     165.089,    164.839,
   43,      105.8,    180.933,     166.471,    166.106,
   44,      108.3,    181.049,     167.689,    167.336,
   45,      110.8,    181.127,     168.390,    168.527,
   46,      113.3,    180.933,     169.898,    169.680,
   47,      115.8,    181.127,     170.819,    170.797,
   48,      118.3,    181.179,     172.095,    171.876,
   49,      120.8,    181.205,     173.064,    172.919,
   50,      123.3,    181.153,     173.665,    173.926,
   51,      125.8,    181.140,     174.892,    174.898,
   52,      128.3,    181.049,     175.974,    175.835,
   53,      130.8,    181.036,     176.429,    176.738,
   54,      133.3,    181.205,     177.478,    177.608,
   55,      135.8,    181.192,     177.602,    178.445,
   56,      138.3,    181.114,     179.224,    179.251,
   57,      140.8,    181.127,     179.542,    180.026,
   58,      143.3,    181.179,     180.816,    180.771,
   59,      145.8,    181.062,     181.153,    181.486,
   60,      148.3,    181.361,     182.068,    182.174,
   61,      150.8,    181.153,     182.718,    182.833,
   62,      153.3,    181.101,     183.544,    183.466,
   63,      155.8,    181.153,     184.043,    184.072,
   64,      158.3,    181.153,     185.037,    184.654,
   65,      160.8,    181.010,     185.625,    185.211,
   66,      163.3,    181.062,     185.903,    185.745,
   67,      165.8,    181.140,     186.375,    186.256,
   68,      168.3,    181.140,     186.817,    186.745,
   69,      170.8,    181.205,     187.522,    187.213,
   70,      175.8,    179.907,     187.652,    188.009,
----,
DateTime:        , 2025/11/18, 14:57:58, 1763492278090,
RFID_EPC:        ,--Not Acquired--,
RFID_UserData:   ,--Not Acquired--,
Barcode:         ,--Not Acquired--,
PIF:,            0.00,
PARs:,            0.0,     0.0,     0.0,     0.0,     0.0,     0.0,
Light:,           0.0,     0.0,     0.0,     0.0,     0.0,     0.0,
Cycles:,            1,
                    1,      69,      70,      70,
Lamps:,        #10000,
Gain:,              5,      25, 
SNR_raw:,     270.51,
Position:,        0.0,              0.0,   NoData,
DataPt,      Time(us),   EX,         EM,       Fit,
==========,==========,==========,==========,=========,
    0,        0.0,      0.000,       0.000,     87.611,
    1,        0.8,    164.651,      87.701,     89.266,
    2,        3.3,    179.964,      91.003,     91.115,
    3,        5.8,    180.392,      94.018,     93.009,
    4,        8.3,    180.288,      96.290,     94.936,
    5,       10.8,    180.314,      97.829,     96.893,
    6,       13.3,    180.327,      99.375,     98.874,
    7,       15.8,    180.548,     101.137,    100.878,
    8,       18.3,    180.418,     102.872,    102.898,
    9,       20.8,    180.561,     104.563,    104.932,
   10,       23.3,    180.716,     106.576,    106.977,
   11,       25.8,    180.574,     108.543,    109.028,
   12,       28.3,    180.626,     110.505,    111.082,
   13,       30.8,    180.626,     112.719,    113.136,
   14,       33.3,    180.807,     115.261,    115.190,
   15,       35.8,    180.651,     116.910,    117.237,
   16,       38.3,    180.963,     119.140,    119.280,
   17,       40.8,    180.807,     121.123,    121.311,
   18,       43.3,    180.820,     122.553,    123.330,
   19,       45.8,    180.768,     124.911,    125.335,
   20,       48.3,    181.015,     127.061,    127.325,
   21,       50.8,    180.937,     129.327,    129.295,
   22,       53.3,    180.872,     131.364,    131.245,
   23,       55.8,    180.781,     133.421,    133.172,
   24,       58.3,    180.898,     135.214,    135.076,
   25,       60.8,    180.924,     136.743,    136.954,
   26,       63.3,    180.924,     138.401,    138.806,
   27,       65.8,    180.833,     141.346,    140.628,
   28,       68.3,    180.950,     142.691,    142.422,
   29,       70.8,    180.950,     144.570,    144.184,
   30,       73.3,    180.911,     146.260,    145.915,
   31,       75.8,    181.028,     147.491,    147.613,
   32,       78.3,    181.067,     149.337,    149.278,
   33,       80.8,    181.002,     151.269,    150.907,
   34,       83.3,    181.028,     153.015,    152.501,
   35,       85.8,    180.976,     153.722,    154.059,
   36,       88.3,    180.963,     156.054,    155.580,
   37,       90.8,    180.755,     156.897,    157.063,
   38,       93.3,    181.106,     159.134,    158.512,
   39,       95.8,    181.158,     159.750,    159.923,
   40,       98.3,    180.963,     161.801,    161.295,
   41,      100.8,    180.963,     163.127,    162.629,
   42,      103.3,    181.093,     163.673,    163.927,
   43,      105.8,    180.989,     165.204,    165.187,
   44,      108.3,    181.041,     166.813,    166.410,
   45,      110.8,    181.041,     167.255,    167.595,
   46,      113.3,    181.145,     168.705,    168.745,
   47,      115.8,    180.950,     169.771,    169.857,
   48,      118.3,    181.171,     170.558,    170.935,
   49,      120.8,    180.950,     172.423,    171.976,
   50,      123.3,    181.119,     172.815,    172.982,
   51,      125.8,    180.989,     173.712,    173.954,
   52,      128.3,    181.184,     174.078,    174.893,
   53,      130.8,    181.209,     175.488,    175.799,
   54,      133.3,    181.067,     176.399,    176.672,
   55,      135.8,    181.235,     177.449,    177.514,
   56,      138.3,    181.015,     177.996,    178.324,
   57,      140.8,    180.976,     179.361,    179.104,
   58,      143.3,    181.209,     180.013,    179.856,
   59,      145.8,    181.145,     180.960,    180.578,
   60,      148.3,    180.963,     181.142,    181.272,
   61,      150.8,    181.145,     181.844,    181.939,
   62,      153.3,    181.015,     182.747,    182.580,
   63,      155.8,    181.067,     183.247,    183.195,
   64,      158.3,    181.145,     183.721,    183.786,
   65,      160.8,    181.197,     184.551,    184.352,
   66,      163.3,    181.184,     184.895,    184.896,
   67,      165.8,    181.002,     185.854,    185.416,
   68,      168.3,    181.145,     186.260,    185.916,
   69,      170.8,    181.222,     186.621,    186.394,
   70,      175.8,    179.769,     187.018,    187.115,
----,
DateTime:        , 2025/11/18, 14:58:06, 1763492286648,
RFID_EPC:        ,--Not Acquired--,
RFID_UserData:   ,--Not Acquired--,
Barcode:         ,--Not Acquired--,
PIF:,            0.00,
PARs:,            0.0,     0.0,     0.0,     0.0,     0.0,     0.0,
Light:,           0.0,     0.0,     0.0,     0.0,     0.0,     0.0,
Cycles:,            1,
                    1,      69,      70,      70,
Lamps:,        #10000,
Gain:,              5,      25, 
SNR_raw:,     281.19,
Position:,        0.0,              0.0,   NoData,
DataPt,      Time(us),   EX,         EM,       Fit,
==========,==========,==========,==========,=========,
    0,        0.0,      0.000,       0.000,     87.703,
    1,        0.8,    164.730,      87.659,     89.255,
    2,        3.3,    179.937,      90.836,     91.002,
    3,        5.8,    180.288,      93.739,     92.800,
    4,        8.3,    180.379,      95.355,     94.644,
    5,       10.8,    180.301,      97.393,     96.524,
    6,       13.3,    180.301,      99.500,     98.438,
    7,       15.8,    180.495,     100.944,    100.382,
    8,       18.3,    180.612,     102.651,    102.351,
    9,       20.8,    180.495,     104.047,    104.339,
   10,       23.3,    180.612,     106.084,    106.344,
   11,       25.8,    180.482,     108.155,    108.360,
   12,       28.3,    180.560,     109.991,    110.386,
   13,       30.8,    180.781,     111.959,    112.418,
   14,       33.3,    180.807,     114.155,    114.453,
   15,       35.8,    180.794,     116.154,    116.487,
   16,       38.3,    180.677,     117.890,    118.516,
   17,       40.8,    180.729,     119.959,    120.538,
   18,       43.3,    180.859,     121.863,    122.553,
   19,       45.8,    180.807,     124.110,    124.554,
   20,       48.3,    180.625,     126.560,    126.540,
   21,       50.8,    180.833,     127.853,    128.510,
   22,       53.3,    180.794,     130.535,    130.461,
   23,       55.8,    181.001,     132.264,    132.393,
   24,       58.3,    180.859,     134.138,    134.301,
   25,       60.8,    180.937,     136.401,    136.184,
   26,       63.3,    180.807,     138.048,    138.039,
   27,       65.8,    180.872,     140.210,    139.867,
   28,       68.3,    180.859,     142.100,    141.665,
   29,       70.8,    180.885,     143.959,    143.431,
   30,       73.3,    180.937,     145.907,    145.166,
   31,       75.8,    181.066,     147.239,    146.868,
   32,       78.3,    180.976,     149.191,    148.534,
   33,       80.8,    180.924,     150.340,    150.165,
   34,       83.3,    181.131,     151.713,    151.760,
   35,       85.8,    180.950,     153.523,    153.317,
   36,       88.3,    181.014,     155.347,    154.837,
   37,       90.8,    181.001,     156.573,    156.319,
   38,       93.3,    181.079,     158.273,    157.763,
   39,       95.8,    181.131,     159.884,    159.169,
   40,       98.3,    181.040,     161.069,    160.535,
   41,      100.8,    180.872,     161.662,    161.861,
   42,      103.3,    181.183,     163.039,    163.150,
   43,      105.8,    180.988,     164.320,    164.399,
   44,      108.3,    181.118,     165.527,    165.611,
   45,      110.8,    181.079,     166.667,    166.784,
   46,      113.3,    181.053,     167.685,    167.919,
   47,      115.8,    180.976,     168.863,    169.016,
   48,      118.3,    181.079,     169.981,    170.077,
   49,      120.8,    180.988,     170.840,    171.100,
   50,      123.3,    181.040,     171.895,    172.089,
   51,      125.8,    181.105,     172.607,    173.042,
   52,      128.3,    181.001,     173.479,    173.960,
   53,      130.8,    181.144,     174.667,    174.845,
   54,      133.3,    181.183,     175.403,    175.697,
   55,      135.8,    181.222,     176.138,    176.517,
   56,      138.3,    181.105,     177.135,    177.305,
   57,      140.8,    181.066,     178.056,    178.063,
   58,      143.3,    181.196,     179.033,    178.790,
   59,      145.8,    181.209,     178.909,    179.489,
   60,      148.3,    181.092,     180.129,    180.159,
   61,      150.8,    181.105,     180.448,    180.802,
   62,      153.3,    181.079,     181.799,    181.419,
   63,      155.8,    181.157,     181.831,    182.009,
   64,      158.3,    181.040,     183.385,    182.575,
   65,      160.8,    181.131,     183.182,    183.117,
   66,      163.3,    181.339,     184.516,    183.636,
   67,      165.8,    181.118,     184.079,    184.133,
   68,      168.3,    181.222,     185.298,    184.608,
   69,      170.8,    181.092,     185.430,    185.062,
   70,      175.8,    179.847,     186.047,    185.874,
----,
DateTime:        , 2025/11/18, 14:58:15, 1763492295196,
RFID_EPC:        ,--Not Acquired--,
RFID_UserData:   ,--Not Acquired--,
Barcode:         ,--Not Acquired--,
PIF:,            0.00,
PARs:,            0.0,     0.0,     0.0,     0.0,     0.0,     0.0,
Light:,           0.0,     0.0,     0.0,     0.0,     0.0,     0.0,
Cycles:,            1,
                    1,      69,      70,      70,
Lamps:,        #10000,
Gain:,              5,      25, 
SNR_raw:,     236.56,
Position:,        0.0,              0.0,   NoData,
DataPt,      Time(us),   EX,         EM,       Fit,
==========,==========,==========,==========,=========,
    0,        0.0,      0.000,       0.000,     86.609,
    1,        0.8,    164.598,      86.392,     88.089,
    2,        3.3,    180.098,      89.696,     89.772,
    3,        5.8,    180.124,      92.714,     91.518,
    4,        8.3,    180.409,      94.341,     93.321,
    5,       10.8,    180.344,      96.149,     95.171,
    6,       13.3,    180.487,      97.846,     97.063,
    7,       15.8,    180.396,      98.783,     98.988,
    8,       18.3,    180.461,     101.185,    100.944,
    9,       20.8,    180.539,     102.914,    102.924,
   10,       23.3,    180.448,     104.961,    104.923,
   11,       25.8,    180.487,     106.600,    106.937,
   12,       28.3,    180.552,     108.667,    108.963,
   13,       30.8,    180.565,     110.764,    110.996,
   14,       33.3,    180.578,     112.195,    113.033,
   15,       35.8,    180.734,     114.644,    115.071,
   16,       38.3,    180.682,     116.337,    117.106,
   17,       40.8,    180.824,     119.010,    119.137,
   18,       43.3,    180.760,     120.934,    121.157,
   19,       45.8,    180.824,     122.218,    123.167,
   20,       48.3,    180.734,     124.825,    125.162,
   21,       50.8,    180.863,     127.168,    127.142,
   22,       53.3,    180.876,     129.370,    129.102,
   23,       55.8,    180.734,     131.022,    131.041,
   24,       58.3,    180.889,     133.231,    132.958,
   25,       60.8,    180.824,     134.606,    134.849,
   26,       63.3,    180.863,     137.009,    136.714,
   27,       65.8,    180.902,     138.307,    138.551,
   28,       68.3,    181.058,     140.397,    140.359,
   29,       70.8,    180.954,     142.025,    142.135,
   30,       73.3,    180.980,     144.325,    143.879,
   31,       75.8,    180.863,     146.077,    145.589,
   32,       78.3,    181.006,     147.730,    147.264,
   33,       80.8,    180.876,     148.720,    148.903,
   34,       83.3,    181.110,     150.958,    150.508,
   35,       85.8,    181.006,     152.591,    152.074,
   36,       88.3,    181.006,     154.138,    153.603,
   37,       90.8,    181.071,     155.629,    155.094,
   38,       93.3,    181.058,     157.077,    156.547,
   39,       95.8,    180.954,     158.272,    157.960,
   40,       98.3,    181.162,     159.747,    159.335,
   41,      100.8,    181.006,     160.768,    160.671,
   42,      103.3,    181.240,     162.216,    161.969,
   43,      105.8,    181.136,     163.413,    163.227,
   44,      108.3,    181.058,     164.809,    164.447,
   45,      110.8,    181.071,     166.012,    165.628,
   46,      113.3,    180.954,     166.230,    166.771,
   47,      115.8,    180.993,     167.852,    167.877,
   48,      118.3,    181.162,     168.468,    168.946,
   49,      120.8,    181.084,     169.976,    169.979,
   50,      123.3,    181.162,     170.897,    170.975,
   51,      125.8,    181.201,     171.302,    171.937,
   52,      128.3,    181.188,     172.418,    172.863,
   53,      130.8,    181.149,     173.228,    173.756,
   54,      133.3,    181.123,     174.025,    174.616,
   55,      135.8,    181.071,     174.959,    175.443,
   56,      138.3,    181.136,     175.669,    176.238,
   57,      140.8,    180.954,     177.172,    177.003,
   58,      143.3,    181.019,     177.440,    177.737,
   59,      145.8,    181.201,     178.586,    178.443,
   60,      148.3,    181.110,     179.338,    179.120,
   61,      150.8,    181.201,     179.469,    179.770,
   62,      153.3,    181.162,     180.501,    180.393,
   63,      155.8,    181.214,     181.443,    180.990,
   64,      158.3,    181.175,     182.365,    181.562,
   65,      160.8,    181.253,     182.618,    182.110,
   66,      163.3,    181.006,     182.756,    182.635,
   67,      165.8,    181.175,     183.800,    183.137,
   68,      168.3,    181.123,     183.190,    183.618,
   69,      170.8,    181.292,     184.785,    184.077,
   70,      175.8,    179.877,     185.238,    184.961,
----,
DateTime:        , 2025/11/18, 14:58:23, 1763492303756,
RFID_EPC:        ,--Not Acquired--,
RFID_UserData:   ,--Not Acquired--,
Barcode:         ,--Not Acquired--,
PIF:,            0.00,
PARs:,            0.0,     0.0,     0.0,     0.0,     0.0,     0.0,
Light:,           0.0,     0.0,     0.0,     0.0,     0.0,     0.0,
Cycles:,            1,
                    1,      69,      70,      70,
Lamps:,        #10000,
Gain:,              5,      25, 
SNR_raw:,     281.63,
Position:,        0.0,              0.0,   NoData,
DataPt,      Time(us),   EX,         EM,       Fit,
==========,==========,==========,==========,=========,
    0,        0.0,      0.000,       0.000,     86.170,
    1,        0.8,    164.550,      86.174,     87.749,
    2,        3.3,    179.979,      89.528,     89.526,
    3,        5.8,    180.368,      92.588,     91.351,
    4,        8.3,    180.368,      94.030,     93.217,
    5,       10.8,    180.291,      95.956,     95.117,
    6,       13.3,    180.576,      97.355,     97.048,
    7,       15.8,    180.511,      99.052,     99.003,
    8,       18.3,    180.511,     101.379,    100.979,
    9,       20.8,    180.563,     103.011,    102.971,
   10,       23.3,    180.810,     104.862,    104.977,
   11,       25.8,    180.498,     106.926,    106.989,
   12,       28.3,    180.693,     108.693,    109.007,
   13,       30.8,    180.719,     110.448,    111.028,
   14,       33.3,    180.823,     112.375,    113.049,
   15,       35.8,    180.745,     114.416,    115.065,
   16,       38.3,    180.887,     116.094,    117.075,
   17,       40.8,    180.913,     119.284,    119.077,
   18,       43.3,    180.913,     120.831,    121.066,
   19,       45.8,    180.745,     123.268,    123.040,
   20,       48.3,    180.849,     124.414,    124.999,
   21,       50.8,    180.862,     126.837,    126.939,
   22,       53.3,    180.771,     128.671,    128.858,
   23,       55.8,    180.952,     131.084,    130.757,
   24,       58.3,    180.836,     132.938,    132.630,
   25,       60.8,    180.823,     134.275,    134.478,
   26,       63.3,    180.836,     135.814,    136.298,
   27,       65.8,    180.913,     137.856,    138.091,
   28,       68.3,    180.978,     140.127,    139.854,
   29,       70.8,    180.939,     142.258,    141.586,
   30,       73.3,    180.900,     143.283,    143.285,
   31,       75.8,    181.004,     145.521,    144.952,
   32,       78.3,    180.965,     146.879,    146.585,
   33,       80.8,    180.926,     148.790,    148.182,
   34,       83.3,    180.939,     150.216,    149.744,
   35,       85.8,    180.939,     151.321,    151.270,
   36,       88.3,    181.134,     153.367,    152.761,
   37,       90.8,    181.056,     154.096,    154.214,
   38,       93.3,    180.926,     155.864,    155.629,
   39,       95.8,    181.082,     157.166,    157.008,
   40,       98.3,    181.069,     158.613,    158.349,
   41,      100.8,    181.030,     159.752,    159.652,
   42,      103.3,    181.056,     161.165,    160.919,
   43,      105.8,    181.043,     161.840,    162.147,
   44,      108.3,    180.978,     163.445,    163.339,
   45,      110.8,    181.056,     164.479,    164.494,
   46,      113.3,    181.056,     165.805,    165.613,
   47,      115.8,    181.108,     166.972,    166.695,
   48,      118.3,    181.095,     167.536,    167.743,
   49,      120.8,    181.212,     168.642,    168.755,
   50,      123.3,    181.173,     169.562,    169.733,
   51,      125.8,    181.043,     170.236,    170.677,
   52,      128.3,    180.939,     171.218,    171.587,
   53,      130.8,    181.121,     172.481,    172.465,
   54,      133.3,    181.108,     172.825,    173.312,
   55,      135.8,    181.082,     173.954,    174.127,
   56,      138.3,    181.030,     175.219,    174.911,
   57,      140.8,    181.095,     175.157,    175.666,
   58,      143.3,    181.121,     176.346,    176.392,
   59,      145.8,    181.017,     176.889,    177.090,
   60,      148.3,    181.134,     177.438,    177.761,
   61,      150.8,    181.173,     178.393,    178.405,
   62,      153.3,    181.238,     178.881,    179.024,
   63,      155.8,    181.030,     179.086,    179.617,
   64,      158.3,    181.056,     180.828,    180.187,
   65,      160.8,    181.082,     181.023,    180.732,
   66,      163.3,    180.978,     181.790,    181.256,
   67,      165.8,    180.952,     182.368,    181.757,
   68,      168.3,    181.082,     182.459,    182.237,
   69,      170.8,    181.056,     183.258,    182.697,
   70,      175.8,    179.888,     183.336,    183.470,
----,
DateTime:        , 2025/11/18, 14:58:32, 1763492312324,
RFID_EPC:        ,--Not Acquired--,
RFID_UserData:   ,--Not Acquired--,
Barcode:         ,--Not Acquired--,
PIF:,            0.00,
PARs:,            0.0,     0.0,     0.0,     0.0,     0.0,     0.0,
Light:,           0.0,     0.0,     0.0,     0.0,     0.0,     0.0,
Cycles:,            1,
                    1,      69,      70,      70,
Lamps:,        #10000,
Gain:,              5,      25, 
SNR_raw:,     270.69,
Position:,        0.0,              0.0,   NoData,
DataPt,      Time(us),   EX,         EM,       Fit,
==========,==========,==========,==========,=========,
    0,        0.0,      0.000,       0.000,     86.255,
    1,        0.8,    164.556,      86.414,     87.729,
    2,        3.3,    180.023,      89.504,     89.403,
    3,        5.8,    180.231,      92.326,     91.138,
    4,        8.3,    180.244,      93.651,     92.925,
    5,       10.8,    180.205,      94.892,     94.757,
    6,       13.3,    180.413,      97.222,     96.630,
    7,       15.8,    180.464,      98.524,     98.536,
    8,       18.3,    180.451,     100.969,    100.469,
    9,       20.8,    180.464,     101.848,    102.425,
   10,       23.3,    180.400,     104.435,    104.398,
   11,       25.8,    180.620,     105.415,    106.387,
   12,       28.3,    180.646,     108.057,    108.386,
   13,       30.8,    180.646,     110.271,    110.391,
   14,       33.3,    180.594,     112.517,    112.398,
   15,       35.8,    180.711,     114.658,    114.405,
   16,       38.3,    180.880,     116.320,    116.409,
   17,       40.8,    180.867,     118.209,    118.407,
   18,       43.3,    180.841,     119.884,    120.394,
   19,       45.8,    180.919,     122.044,    122.370,
   20,       48.3,    180.711,     123.844,    124.329,
   21,       50.8,    180.919,     126.245,    126.273,
   22,       53.3,    180.789,     127.773,    128.196,
   23,       55.8,    180.815,     129.967,    130.098,
   24,       58.3,    180.802,     132.189,    131.977,
   25,       60.8,    181.035,     133.676,    133.832,
   26,       63.3,    180.970,     135.934,    135.660,
   27,       65.8,    180.880,     137.329,    137.459,
   28,       68.3,    180.996,     139.782,    139.229,
   29,       70.8,    181.035,     141.188,    140.968,
   30,       73.3,    180.945,     143.027,    142.674,
   31,       75.8,    180.983,     144.212,    144.347,
   32,       78.3,    180.970,     146.322,    145.985,
   33,       80.8,    181.113,     147.863,    147.590,
   34,       83.3,    181.048,     149.463,    149.158,
   35,       85.8,    180.776,     151.126,    150.688,
   36,       88.3,    180.893,     152.466,    152.181,
   37,       90.8,    180.945,     154.191,    153.638,
   38,       93.3,    181.009,     155.351,    155.057,
   39,       95.8,    180.996,     156.799,    156.438,
   40,       98.3,    181.048,     158.521,    157.782,
   41,      100.8,    181.165,     159.523,    159.088,
   42,      103.3,    181.126,     160.661,    160.356,
   43,      105.8,    181.165,     161.621,    161.586,
   44,      108.3,    181.087,     162.684,    162.778,
   45,      110.8,    181.191,     163.915,    163.934,
   46,      113.3,    181.087,     164.672,    165.052,
   47,      115.8,    181.256,     165.622,    166.135,
   48,      118.3,    181.100,     167.421,    167.180,
   49,      120.8,    180.932,     167.909,    168.190,
   50,      123.3,    180.958,     169.322,    169.165,
   51,      125.8,    181.152,     169.471,    170.107,
   52,      128.3,    180.945,     170.218,    171.014,
   53,      130.8,    181.204,     171.519,    171.889,
   54,      133.3,    181.139,     172.574,    172.731,
   55,      135.8,    181.191,     173.077,    173.543,
   56,      138.3,    181.165,     173.875,    174.323,
   57,      140.8,    181.087,     174.833,    175.074,
   58,      143.3,    181.113,     175.802,    175.795,
   59,      145.8,    181.178,     175.849,    176.488,
   60,      148.3,    181.100,     177.802,    177.154,
   61,      150.8,    181.113,     177.900,    177.792,
   62,      153.3,    181.048,     178.847,    178.405,
   63,      155.8,    181.113,     178.894,    178.993,
   64,      158.3,    181.009,     179.659,    179.557,
   65,      160.8,    181.204,     180.239,    180.097,
   66,      163.3,    181.165,     180.830,    180.615,
   67,      165.8,    181.009,     181.206,    181.110,
   68,      168.3,    181.256,     182.394,    181.585,
   69,      170.8,    181.217,     182.985,    182.039,
   70,      175.8,    179.868,     183.357,    182.920,
----,
DateTime:        , 2025/11/18, 14:58:41, 1763492320862,
RFID_EPC:        ,--Not Acquired--,
RFID_UserData:   ,--Not Acquired--,
Barcode:         ,--Not Acquired--,
PIF:,            0.00,
PARs:,            0.0,     0.0,     0.0,     0.0,     0.0,     0.0,
Light:,           0.0,     0.0,     0.0,     0.0,     0.0,     0.0,
Cycles:,            1,
                    1,      69,      70,      70,
Lamps:,        #10000,
Gain:,              5,      25, 
SNR_raw:,     297.83,
Position:,        0.0,              0.0,   NoData,
DataPt,      Time(us),   EX,         EM,       Fit,
==========,==========,==========,==========,=========,
    0,        0.0,      0.000,       0.000,     85.539,
    1,        0.8,    164.700,      85.367,     87.014,
    2,        3.3,    180.062,      88.627,     88.690,
    3,        5.8,    180.114,      91.608,     90.429,
    4,        8.3,    180.283,      92.854,     92.222,
    5,       10.8,    180.322,      94.719,     94.062,
    6,       13.3,    180.296,      96.286,     95.941,
    7,       15.8,    180.309,      99.052,     97.854,
    8,       18.3,    180.465,     100.629,     99.796,
    9,       20.8,    180.504,     101.605,    101.762,
   10,       23.3,    180.659,     103.399,    103.748,
   11,       25.8,    180.711,     105.583,    105.748,
   12,       28.3,    180.594,     107.645,    107.758,
   13,       30.8,    180.504,     109.361,    109.772,
   14,       33.3,    180.828,     111.819,    111.793,
   15,       35.8,    180.841,     113.028,    113.812,
   16,       38.3,    180.750,     114.965,    115.827,
   17,       40.8,    180.737,     117.187,    117.835,
   18,       43.3,    180.802,     119.468,    119.834,
   19,       45.8,    180.815,     121.008,    121.821,
   20,       48.3,    180.841,     123.423,    123.792,
   21,       50.8,    180.711,     125.283,    125.746,
   22,       53.3,    180.893,     127.147,    127.681,
   23,       55.8,    180.893,     129.137,    129.594,
   24,       58.3,    180.802,     131.636,    131.483,
   25,       60.8,    180.919,     133.098,    133.347,
   26,       63.3,    181.074,     135.193,    135.185,
   27,       65.8,    180.971,     137.591,    136.993,
   28,       68.3,    180.906,     138.746,    138.769,
   29,       70.8,    180.984,     140.676,    140.515,
   30,       73.3,    180.919,     142.053,    142.226,
   31,       75.8,    181.010,     144.744,    143.904,
   32,       78.3,    180.932,     145.911,    145.546,
   33,       80.8,    181.074,     147.785,    147.152,
   34,       83.3,    180.906,     149.138,    148.720,
   35,       85.8,    181.036,     150.910,    150.252,
   36,       88.3,    181.036,     152.456,    151.745,
   37,       90.8,    181.036,     153.671,    153.199,
   38,       93.3,    181.010,     154.909,    154.614,
   39,       95.8,    180.906,     156.214,    155.990,
   40,       98.3,    181.048,     157.637,    157.327,
   41,      100.8,    181.036,     158.974,    158.624,
   42,      103.3,    181.087,     160.033,    159.883,
   43,      105.8,    181.139,     161.202,    161.103,
   44,      108.3,    181.023,     162.079,    162.283,
   45,      110.8,    181.139,     162.968,    163.426,
   46,      113.3,    181.165,     164.601,    164.530,
   47,      115.8,    181.100,     165.212,    165.597,
   48,      118.3,    181.023,     166.167,    166.626,
   49,      120.8,    181.048,     167.469,    167.619,
   50,      123.3,    181.139,     168.379,    168.576,
   51,      125.8,    180.893,     169.050,    169.498,
   52,      128.3,    181.178,     170.219,    170.386,
   53,      130.8,    181.074,     171.532,    171.240,
   54,      133.3,    181.100,     171.728,    172.061,
   55,      135.8,    181.204,     172.513,    172.851,
   56,      138.3,    181.191,     173.298,    173.609,
   57,      140.8,    181.256,     173.787,    174.337,
   58,      143.3,    181.023,     174.895,    175.035,
   59,      145.8,    181.010,     175.460,    175.704,
   60,      148.3,    181.023,     175.779,    176.346,
   61,      150.8,    181.048,     176.859,    176.960,
   62,      153.3,    180.971,     177.708,    177.549,
   63,      155.8,    180.997,     178.456,    178.112,
   64,      158.3,    181.217,     179.122,    178.651,
   65,      160.8,    181.204,     179.245,    179.167,
   66,      163.3,    181.191,     179.920,    179.660,
   67,      165.8,    181.217,     180.226,    180.131,
   68,      168.3,    181.308,     181.239,    180.582,
   69,      170.8,    181.191,     181.355,    181.012,
   70,      175.8,    179.803,     181.755,    181.834,
