----,
DateTime:        , 2025/11/20, 13:09:10, 1763658550114,
RFID_EPC:        ,--Not Acquired--,
RFID_UserData:   ,--Not Acquired--,
Barcode:         ,--Not Acquired--,
PIF:,            0.00,
PARs:,            0.0,     0.0,     0.0,     0.0,     0.0,     0.0,
Light:,           0.0,     0.0,     0.0,     0.0,     0.0,     0.0,
Cycles:,            1,
                    1,      69,      70,      70,
Lamps:,        #10000,
Gain:,              2,     100, 
SNR_raw:,     291.10,
Position:,        0.0,              0.0,   NoData,
DataPt,      Time(us),   EX,         EM,       Fit,
==========,==========,==========,==========,=========,
    0,        0.0,      0.000,       0.000,    117.898,
    1,        0.8,    162.306,     119.835,    123.212,
    2,        3.3,    180.618,     131.959,    129.600,
    3,        5.8,    180.603,     142.855,    136.434,
    4,        8.3,    180.785,     145.753,    143.636,
    5,       10.8,    180.800,     154.314,    151.127,
    6,       13.3,    180.834,     160.092,    158.844,
    7,       15.8,    180.759,     166.796,    166.728,
    8,       18.3,    180.838,     175.848,    174.735,
    9,       20.8,    180.797,     180.866,    182.819,
   10,       23.3,    180.733,     187.846,    190.941,
   11,       25.8,    180.804,     196.622,    199.073,
   12,       28.3,    180.759,     203.862,    207.181,
   13,       30.8,    180.815,     212.924,    215.244,
   14,       33.3,    180.953,     220.499,    223.241,
   15,       35.8,    180.916,     228.835,    231.149,
   16,       38.3,    180.905,     235.483,    238.951,
   17,       40.8,    181.009,     244.739,    246.634,
   18,       43.3,    181.009,     252.749,    254.184,
   19,       45.8,    180.961,     260.554,    261.589,
   20,       48.3,    180.920,     267.798,    268.838,
   21,       50.8,    180.901,     274.736,    275.924,
   22,       53.3,    180.886,     281.669,    282.841,
   23,       55.8,    180.953,     289.854,    289.583,
   24,       58.3,    180.912,     297.382,    296.146,
   25,       60.8,    180.897,     303.211,    302.524,
   26,       63.3,    180.942,     309.491,    308.718,
   27,       65.8,    180.968,     316.630,    314.723,
   28,       68.3,    180.965,     321.334,    320.540,
   29,       70.8,    181.006,     327.062,    326.168,
   30,       73.3,    180.927,     334.389,    331.606,
   31,       75.8,    180.987,     339.251,    336.856,
   32,       78.3,    180.909,     344.649,    341.919,
   33,       80.8,    180.901,     349.639,    346.796,
   34,       83.3,    180.968,     352.272,    351.490,
   35,       85.8,    180.920,     357.617,    356.003,
   36,       88.3,    180.983,     362.188,    360.339,
   37,       90.8,    180.987,     365.496,    364.500,
   38,       93.3,    180.920,     369.501,    368.491,
   39,       95.8,    180.972,     373.262,    372.313,
   40,       98.3,    181.050,     375.586,    375.972,
   41,      100.8,    181.002,     379.830,    379.471,
   42,      103.3,    180.991,     382.616,    382.815,
   43,      105.8,    180.946,     385.474,    386.008,
   44,      108.3,    181.002,     389.222,    389.054,
   45,      110.8,    180.950,     390.716,    391.957,
   46,      113.3,    180.998,     392.822,    394.722,
   47,      115.8,    180.991,     396.706,    397.353,
   48,      118.3,    181.032,     397.997,    399.855,
   49,      120.8,    181.050,     401.822,    402.232,
   50,      123.3,    181.047,     402.935,    404.488,
   51,      125.8,    181.039,     404.056,    406.628,
   52,      128.3,    181.062,     407.872,    408.656,
   53,      130.8,    181.058,     408.157,    410.576,
   54,      133.3,    180.965,     411.683,    412.394,
   55,      135.8,    180.983,     412.193,    414.112,
   56,      138.3,    180.860,     414.409,    415.736,
   57,      140.8,    180.961,     416.665,    417.267,
   58,      143.3,    181.013,     418.202,    418.709,
   59,      145.8,    181.065,     419.738,    420.066,
   60,      148.3,    181.077,     420.264,    421.343,
   61,      150.8,    181.058,     423.069,    422.543,
   62,      153.3,    181.069,     423.871,    423.669,
   63,      155.8,    181.050,     425.572,    424.725,
   64,      158.3,    180.979,     426.568,    425.715,
   65,      160.8,    180.938,     426.664,    426.641,
   66,      163.3,    180.965,     428.813,    427.505,
   67,      165.8,    180.942,     430.248,    428.311,
   68,      168.3,    180.957,     430.212,    429.060,
   69,      170.8,    181.009,     432.298,    429.755,
   70,      175.8,    180.061,     433.754,    433.755,
----,
DateTime:        , 2025/11/20, 13:09:13, 1763658552993,
RFID_EPC:        ,--Not Acquired--,
RFID_UserData:   ,--Not Acquired--,
Barcode:         ,--Not Acquired--,
PIF:,            0.00,
PARs:,            0.0,     0.0,     0.0,     0.0,     0.0,     0.0,
Light:,           0.0,     0.0,     0.0,     0.0,     0.0,     0.0,
Cycles:,            1,
                    1,      69,      70,      70,
Lamps:,        #10000,
Gain:,              2,     100, 
SNR_raw:,     318.76,
Position:,        0.0,              0.0,   NoData,
DataPt,      Time(us),   EX,         EM,       Fit,
==========,==========,==========,==========,=========,
    0,        0.0,      0.000,       0.000,    133.604,
    1,        0.8,    162.287,     133.714,    139.427,
    2,        3.3,    180.587,     145.902,    146.111,
    3,        5.8,    180.751,     156.846,    152.990,
    4,        8.3,    180.718,     163.515,    160.017,
    5,       10.8,    180.770,     169.276,    167.159,
    6,       13.3,    180.747,     176.213,    174.381,
    7,       15.8,    180.759,     182.841,    181.655,
    8,       18.3,    180.736,     189.226,    188.956,
    9,       20.8,    180.841,     195.476,    196.263,
   10,       23.3,    180.815,     201.311,    203.551,
   11,       25.8,    180.867,     208.994,    210.805,
   12,       28.3,    180.897,     217.251,    218.007,
   13,       30.8,    180.807,     222.890,    225.139,
   14,       33.3,    180.908,     229.675,    232.191,
   15,       35.8,    180.975,     237.049,    239.152,
   16,       38.3,    180.871,     244.650,    246.005,
   17,       40.8,    180.878,     251.827,    252.744,
   18,       43.3,    180.848,     257.675,    259.360,
   19,       45.8,    180.856,     264.852,    265.846,
   20,       48.3,    180.889,     271.713,    272.196,
   21,       50.8,    180.930,     278.837,    278.404,
   22,       53.3,    180.949,     285.440,    284.466,
   23,       55.8,    180.997,     290.612,    290.378,
   24,       58.3,    180.979,     295.339,    296.134,
   25,       60.8,    180.975,     302.804,    301.734,
   26,       63.3,    180.949,     307.822,    307.173,
   27,       65.8,    180.979,     313.849,    312.452,
   28,       68.3,    180.897,     319.519,    317.568,
   29,       70.8,    180.930,     323.605,    322.522,
   30,       73.3,    180.889,     328.378,    327.313,
   31,       75.8,    180.960,     333.499,    331.944,
   32,       78.3,    180.841,     336.484,    336.412,
   33,       80.8,    180.960,     342.341,    340.723,
   34,       83.3,    180.949,     345.954,    344.876,
   35,       85.8,    181.005,     350.267,    348.873,
   36,       88.3,    181.012,     353.015,    352.716,
   37,       90.8,    181.057,     357.070,    356.409,
   38,       93.3,    181.012,     360.196,    359.953,
   39,       95.8,    180.934,     364.774,    363.350,
   40,       98.3,    180.990,     366.042,    366.605,
   41,      100.8,    180.994,     369.902,    369.720,
   42,      103.3,    180.956,     372.466,    372.699,
   43,      105.8,    181.009,     375.120,    375.545,
   44,      108.3,    180.982,     378.213,    378.261,
   45,      110.8,    180.979,     380.708,    380.852,
   46,      113.3,    181.031,     383.084,    383.321,
   47,      115.8,    180.979,     384.576,    385.671,
   48,      118.3,    181.009,     386.722,    387.906,
   49,      120.8,    181.083,     388.495,    390.029,
   50,      123.3,    181.001,     390.882,    392.046,
   51,      125.8,    181.009,     391.970,    393.958,
   52,      128.3,    180.986,     394.229,    395.770,
   53,      130.8,    180.960,     397.049,    397.485,
   54,      133.3,    180.900,     398.562,    399.107,
   55,      135.8,    180.986,     398.097,    400.639,
   56,      138.3,    181.035,     399.923,    402.084,
   57,      140.8,    181.061,     401.799,    403.447,
   58,      143.3,    181.016,     404.660,    404.729,
   59,      145.8,    180.986,     404.174,    405.935,
   60,      148.3,    181.094,     406.142,    407.068,
   61,      150.8,    181.020,     406.585,    408.130,
   62,      153.3,    181.027,     408.502,    409.124,
   63,      155.8,    181.001,     410.771,    410.054,
   64,      158.3,    181.009,     411.306,    410.923,
   65,      160.8,    180.994,     411.064,    411.732,
   66,      163.3,    180.994,     414.103,    412.484,
   67,      165.8,    181.031,     414.570,    413.182,
   68,      168.3,    181.068,     414.208,    413.828,
   69,      170.8,    181.038,     416.210,    414.425,
   70,      175.8,    179.964,     416.768,    416.555,
----,
DateTime:        , 2025/11/20, 13:09:15, 1763658555735,
RFID_EPC:        ,--Not Acquired--,
RFID_UserData:   ,--Not Acquired--,
Barcode:         ,--Not Acquired--,
PIF:,            0.00,
PARs:,            0.0,     0.0,     0.0,     0.0,     0.0,     0.0,
Light:,           0.0,     0.0,     0.0,     0.0,     0.0,     0.0,
Cycles:,            1,
                    1,      69,      70,      70,
Lamps:,        #10000,
Gain:,              2,     100, 
SNR_raw:,     260.26,
Position:,        0.0,              0.0,   NoData,
DataPt,      Time(us),   EX,         EM,       Fit,
==========,==========,==========,==========,=========,
    0,        0.0,      0.000,       0.000,    134.167,
    1,        0.8,    162.321,     134.610,    139.363,
    2,        3.3,    180.675,     146.189,    145.437,
    3,        5.8,    180.727,     156.589,    151.779,
    4,        8.3,    180.716,     161.579,    158.333,
    5,       10.8,    180.735,     167.926,    165.048,
    6,       13.3,    180.765,     172.877,    171.883,
    7,       15.8,    180.791,     179.489,    178.798,
    8,       18.3,    180.686,     185.681,    185.758,
    9,       20.8,    180.828,     193.277,    192.740,
   10,       23.3,    180.802,     198.560,    199.713,
   11,       25.8,    180.839,     205.707,    206.658,
   12,       28.3,    180.817,     210.987,    213.552,
   13,       30.8,    180.865,     218.671,    220.381,
   14,       33.3,    180.851,     225.601,    227.127,
   15,       35.8,    180.989,     232.059,    233.781,
   16,       38.3,    180.929,     238.492,    240.328,
   17,       40.8,    180.880,     244.084,    246.757,
   18,       43.3,    180.877,     250.447,    253.061,
   19,       45.8,    180.873,     258.745,    259.232,
   20,       48.3,    180.989,     264.105,    265.267,
   21,       50.8,    180.843,     270.124,    271.156,
   22,       53.3,    180.851,     275.918,    276.897,
   23,       55.8,    181.056,     283.338,    282.490,
   24,       58.3,    180.948,     288.205,    287.927,
   25,       60.8,    180.985,     293.671,    293.208,
   26,       63.3,    181.007,     299.988,    298.332,
   27,       65.8,    181.059,     304.320,    303.298,
   28,       68.3,    181.033,     311.269,    308.106,
   29,       70.8,    180.959,     313.055,    312.755,
   30,       73.3,    180.925,     318.364,    317.245,
   31,       75.8,    180.906,     322.819,    321.579,
   32,       78.3,    180.877,     326.742,    325.758,
   33,       80.8,    180.996,     330.670,    329.784,
   34,       83.3,    181.022,     334.766,    333.659,
   35,       85.8,    180.977,     339.545,    337.384,
   36,       88.3,    180.985,     340.913,    340.964,
   37,       90.8,    181.015,     345.000,    344.400,
   38,       93.3,    181.056,     348.235,    347.695,
   39,       95.8,    180.966,     352.276,    350.852,
   40,       98.3,    180.933,     355.105,    353.874,
   41,      100.8,    180.951,     357.002,    356.766,
   42,      103.3,    181.022,     360.177,    359.529,
   43,      105.8,    180.921,     361.207,    362.168,
   44,      108.3,    180.944,     364.478,    364.686,
   45,      110.8,    180.948,     367.234,    367.086,
   46,      113.3,    181.052,     368.955,    369.373,
   47,      115.8,    180.996,     372.108,    371.549,
   48,      118.3,    181.011,     374.011,    373.619,
   49,      120.8,    180.992,     374.325,    375.585,
   50,      123.3,    181.007,     376.228,    377.452,
   51,      125.8,    180.959,     377.710,    379.222,
   52,      128.3,    180.970,     380.450,    380.900,
   53,      130.8,    180.962,     381.018,    382.488,
   54,      133.3,    181.000,     383.150,    383.990,
   55,      135.8,    180.970,     384.594,    385.410,
   56,      138.3,    181.003,     386.457,    386.749,
   57,      140.8,    181.074,     387.962,    388.011,
   58,      143.3,    181.030,     388.334,    389.200,
   59,      145.8,    181.015,     388.919,    390.319,
   60,      148.3,    181.003,     390.876,    391.370,
   61,      150.8,    181.026,     391.381,    392.356,
   62,      153.3,    180.981,     392.582,    393.280,
   63,      155.8,    180.944,     393.492,    394.145,
   64,      158.3,    180.936,     394.338,    394.953,
   65,      160.8,    180.981,     396.174,    395.706,
   66,      163.3,    180.996,     396.694,    396.407,
   67,      165.8,    180.970,     399.238,    397.058,
   68,      168.3,    181.048,     398.789,    397.661,
   69,      170.8,    181.093,     399.794,    398.218,
   70,      175.8,    180.041,     401.186,    400.931,
----,
DateTime:        , 2025/11/20, 13:09:18, 1763658558453,
RFID_EPC:        ,--Not Acquired--,
RFID_UserData:   ,--Not Acquired--,
Barcode:         ,--Not Acquired--,
PIF:,            0.00,
PARs:,            0.0,     0.0,     0.0,     0.0,     0.0,     0.0,
Light:,           0.0,     0.0,     0.0,     0.0,     0.0,     0.0,
Cycles:,            1,
                    1,      69,      70,      70,
Lamps:,        #10000,
Gain:,              2,     100, 
SNR_raw:,     272.15,
Position:,        0.0,              0.0,   NoData,
DataPt,      Time(us),   EX,         EM,       Fit,
==========,==========,==========,==========,=========,
    0,        0.0,      0.000,       0.000,    123.614,
    1,        0.8,    162.239,     124.199,    128.830,
    2,        3.3,    180.587,     135.605,    134.946,
    3,        5.8,    180.669,     145.846,    141.355,
    4,        8.3,    180.692,     151.639,    148.003,
    5,       10.8,    180.763,     157.389,    154.846,
    6,       13.3,    180.811,     163.430,    161.842,
    7,       15.8,    180.830,     170.879,    168.952,
    8,       18.3,    180.830,     176.132,    176.143,
    9,       20.8,    180.905,     182.140,    183.388,
   10,       23.3,    180.860,     188.544,    190.657,
   11,       25.8,    180.819,     195.500,    197.927,
   12,       28.3,    180.822,     202.132,    205.176,
   13,       30.8,    180.845,     212.337,    212.387,
   14,       33.3,    180.796,     218.478,    219.539,
   15,       35.8,    180.852,     224.769,    226.621,
   16,       38.3,    180.890,     232.186,    233.616,
   17,       40.8,    180.931,     238.489,    240.513,
   18,       43.3,    180.920,     247.071,    247.299,
   19,       45.8,    180.998,     253.042,    253.965,
   20,       48.3,    180.990,     259.959,    260.500,
   21,       50.8,    180.946,     264.444,    266.895,
   22,       53.3,    180.927,     273.591,    273.145,
   23,       55.8,    180.938,     279.930,    279.242,
   24,       58.3,    180.856,     286.139,    285.180,
   25,       60.8,    180.949,     291.794,    290.958,
   26,       63.3,    180.931,     296.799,    296.571,
   27,       65.8,    180.934,     302.319,    302.016,
   28,       68.3,    180.975,     308.053,    307.290,
   29,       70.8,    180.975,     313.855,    312.393,
   30,       73.3,    180.998,     318.236,    317.324,
   31,       75.8,    181.050,     323.667,    322.082,
   32,       78.3,    181.039,     327.830,    326.667,
   33,       80.8,    180.972,     332.096,    331.080,
   34,       83.3,    180.957,     337.097,    335.321,
   35,       85.8,    181.009,     340.038,    339.395,
   36,       88.3,    180.893,     344.955,    343.300,
   37,       90.8,    180.953,     349.262,    347.042,
   38,       93.3,    180.979,     350.869,    350.622,
   39,       95.8,    180.990,     354.439,    354.044,
   40,       98.3,    181.002,     357.179,    357.311,
   41,      100.8,    181.009,     360.755,    360.427,
   42,      103.3,    181.087,     362.532,    363.395,
   43,      105.8,    180.964,     365.542,    366.220,
   44,      108.3,    181.035,     367.884,    368.904,
   45,      110.8,    180.931,     369.202,    371.452,
   46,      113.3,    181.065,     373.070,    373.870,
   47,      115.8,    180.901,     375.897,    376.159,
   48,      118.3,    181.013,     377.321,    378.326,
   49,      120.8,    181.050,     380.005,    380.375,
   50,      123.3,    181.095,     381.844,    382.309,
   51,      125.8,    181.058,     383.027,    384.133,
   52,      128.3,    180.972,     383.762,    385.851,
   53,      130.8,    181.020,     385.868,    387.467,
   54,      133.3,    181.035,     387.770,    388.986,
   55,      135.8,    180.916,     388.579,    390.412,
   56,      138.3,    180.979,     390.653,    391.748,
   57,      140.8,    180.916,     392.171,    392.998,
   58,      143.3,    180.968,     393.716,    394.166,
   59,      145.8,    180.920,     394.927,    395.256,
   60,      148.3,    181.013,     396.105,    396.271,
   61,      150.8,    180.998,     396.690,    397.215,
   62,      153.3,    181.035,     397.160,    398.090,
   63,      155.8,    180.994,     399.737,    398.901,
   64,      158.3,    181.039,     399.638,    399.650,
   65,      160.8,    181.039,     401.571,    400.341,
   66,      163.3,    180.964,     402.013,    400.977,
   67,      165.8,    180.979,     402.809,    401.559,
   68,      168.3,    180.994,     404.157,    402.092,
   69,      170.8,    180.938,     404.282,    402.576,
   70,      175.8,    179.949,     404.457,    404.628,
----,
DateTime:        , 2025/11/20, 13:09:21, 1763658561143,
RFID_EPC:        ,--Not Acquired--,
RFID_UserData:   ,--Not Acquired--,
Barcode:         ,--Not Acquired--,
PIF:,            0.00,
PARs:,            0.0,     0.0,     0.0,     0.0,     0.0,     0.0,
Light:,           0.0,     0.0,     0.0,     0.0,     0.0,     0.0,
Cycles:,            1,
                    1,      69,      70,      70,
Lamps:,        #10000,
Gain:,              2,     100, 
SNR_raw:,     254.28,
Position:,        0.0,              0.0,   NoData,
DataPt,      Time(us),   EX,         EM,       Fit,
==========,==========,==========,==========,=========,
    0,        0.0,      0.000,       0.000,    116.171,
    1,        0.8,    162.219,     119.283,    121.708,
    2,        3.3,    180.586,     129.917,    128.118,
    3,        5.8,    180.691,     139.465,    134.763,
    4,        8.3,    180.799,     146.019,    141.603,
    5,       10.8,    180.769,     151.575,    148.596,
    6,       13.3,    180.836,     157.048,    155.711,
    7,       15.8,    180.818,     162.595,    162.916,
    8,       18.3,    180.892,     170.267,    170.186,
    9,       20.8,    180.907,     175.504,    177.495,
   10,       23.3,    180.709,     183.444,    184.812,
   11,       25.8,    180.847,     190.492,    192.129,
   12,       28.3,    180.818,     197.990,    199.419,
   13,       30.8,    180.832,     204.609,    206.668,
   14,       33.3,    180.769,     211.596,    213.857,
   15,       35.8,    180.873,     218.385,    220.977,
   16,       38.3,    180.907,     224.977,    228.013,
   17,       40.8,    180.929,     231.582,    234.951,
   18,       43.3,    181.015,     239.759,    241.784,
   19,       45.8,    180.922,     247.068,    248.496,
   20,       48.3,    180.971,     253.632,    255.081,
   21,       50.8,    180.885,     261.216,    261.529,
   22,       53.3,    180.937,     268.326,    267.837,
   23,       55.8,    180.944,     274.946,    273.995,
   24,       58.3,    180.937,     281.590,    280.000,
   25,       60.8,    180.941,     285.453,    285.847,
   26,       63.3,    180.918,     293.503,    291.531,
   27,       65.8,    180.967,     297.845,    297.051,
   28,       68.3,    180.959,     304.488,    302.403,
   29,       70.8,    180.967,     306.962,    307.586,
   30,       73.3,    180.989,     314.383,    312.599,
   31,       75.8,    180.963,     318.850,    317.441,
   32,       78.3,    180.974,     324.632,    322.112,
   33,       80.8,    180.926,     329.141,    326.611,
   34,       83.3,    180.885,     331.979,    330.941,
   35,       85.8,    180.978,     336.505,    335.104,
   36,       88.3,    180.900,     341.350,    339.100,
   37,       90.8,    180.989,     344.772,    342.934,
   38,       93.3,    181.008,     348.051,    346.606,
   39,       95.8,    181.038,     351.032,    350.120,
   40,       98.3,    180.971,     354.478,    353.479,
   41,      100.8,    180.952,     357.554,    356.685,
   42,      103.3,    181.000,     360.220,    359.744,
   43,      105.8,    180.974,     361.930,    362.658,
   44,      108.3,    180.967,     366.089,    365.430,
   45,      110.8,    180.978,     367.448,    368.067,
   46,      113.3,    180.963,     370.241,    370.570,
   47,      115.8,    180.929,     371.415,    372.945,
   48,      118.3,    181.008,     374.293,    375.196,
   49,      120.8,    181.030,     376.456,    377.327,
   50,      123.3,    181.135,     378.724,    379.342,
   51,      125.8,    181.004,     380.654,    381.245,
   52,      128.3,    181.075,     380.781,    383.041,
   53,      130.8,    181.131,     383.148,    384.733,
   54,      133.3,    180.993,     384.822,    386.326,
   55,      135.8,    181.015,     386.155,    387.823,
   56,      138.3,    180.933,     387.159,    389.230,
   57,      140.8,    180.982,     388.990,    390.548,
   58,      143.3,    180.989,     390.907,    391.783,
   59,      145.8,    181.023,     392.216,    392.937,
   60,      148.3,    181.049,     393.264,    394.015,
   61,      150.8,    181.041,     394.661,    395.020,
   62,      153.3,    180.956,     395.953,    395.955,
   63,      155.8,    181.026,     397.179,    396.823,
   64,      158.3,    181.075,     398.178,    397.628,
   65,      160.8,    180.881,     400.816,    398.374,
   66,      163.3,    181.015,     400.519,    399.061,
   67,      165.8,    181.008,     400.535,    399.694,
   68,      168.3,    181.000,     401.104,    400.275,
   69,      170.8,    180.926,     402.375,    400.807,
   70,      175.8,    179.956,     402.522,    402.579,
----,
DateTime:        , 2025/11/20, 13:09:24, 1763658563858,
RFID_EPC:        ,--Not Acquired--,
RFID_UserData:   ,--Not Acquired--,
Barcode:         ,--Not Acquired--,
PIF:,            0.00,
PARs:,            0.0,     0.0,     0.0,     0.0,     0.0,     0.0,
Light:,           0.0,     0.0,     0.0,     0.0,     0.0,     0.0,
Cycles:,            1,
                    1,      69,      70,      70,
Lamps:,        #10000,
Gain:,              2,     100, 
SNR_raw:,     219.19,
Position:,        0.0,              0.0,   NoData,
DataPt,      Time(us),   EX,         EM,       Fit,
==========,==========,==========,==========,=========,
    0,        0.0,      0.000,       0.000,    118.700,
    1,        0.8,    162.230,     122.973,    124.395,
    2,        3.3,    180.589,     134.294,    130.919,
    3,        5.8,    180.675,     144.458,    137.617,
    4,        8.3,    180.746,     148.275,    144.452,
    5,       10.8,    180.720,     154.383,    151.390,
    6,       13.3,    180.805,     159.287,    158.405,
    7,       15.8,    180.828,     165.351,    165.471,
    8,       18.3,    180.809,     171.175,    172.562,
    9,       20.8,    180.921,     178.255,    179.663,
   10,       23.3,    180.854,     184.679,    186.749,
   11,       25.8,    180.880,     190.734,    193.805,
   12,       28.3,    180.846,     197.958,    200.815,
   13,       30.8,    180.805,     204.087,    207.764,
   14,       33.3,    180.779,     212.137,    214.640,
   15,       35.8,    180.906,     218.069,    221.435,
   16,       38.3,    180.846,     225.053,    228.134,
   17,       40.8,    180.936,     232.403,    234.732,
   18,       43.3,    180.966,     238.995,    241.218,
   19,       45.8,    180.973,     245.893,    247.584,
   20,       48.3,    180.906,     250.682,    253.821,
   21,       50.8,    180.914,     259.792,    259.926,
   22,       53.3,    180.895,     265.071,    265.891,
   23,       55.8,    180.925,     270.278,    271.714,
   24,       58.3,    180.992,     277.084,    277.391,
   25,       60.8,    180.884,     284.160,    282.916,
   26,       63.3,    180.884,     288.307,    288.287,
   27,       65.8,    181.029,     294.151,    293.506,
   28,       68.3,    180.955,     301.180,    298.567,
   29,       70.8,    180.966,     305.306,    303.471,
   30,       73.3,    180.973,     309.162,    308.216,
   31,       75.8,    180.943,     313.358,    312.802,
   32,       78.3,    180.955,     318.035,    317.230,
   33,       80.8,    181.007,     323.745,    321.501,
   34,       83.3,    181.003,     326.237,    325.616,
   35,       85.8,    180.932,     332.168,    329.575,
   36,       88.3,    180.951,     336.003,    333.382,
   37,       90.8,    180.973,     339.000,    337.037,
   38,       93.3,    180.988,     342.287,    340.544,
   39,       95.8,    181.063,     345.184,    343.906,
   40,       98.3,    181.026,     346.636,    347.124,
   41,      100.8,    181.044,     351.019,    350.202,
   42,      103.3,    181.041,     353.236,    353.143,
   43,      105.8,    181.026,     355.475,    355.950,
   44,      108.3,    180.940,     357.854,    358.626,
   45,      110.8,    180.932,     360.356,    361.174,
   46,      113.3,    180.981,     363.298,    363.600,
   47,      115.8,    180.951,     364.740,    365.905,
   48,      118.3,    180.999,     367.681,    368.095,
   49,      120.8,    180.992,     369.906,    370.172,
   50,      123.3,    181.089,     371.917,    372.141,
   51,      125.8,    181.029,     373.144,    374.005,
   52,      128.3,    181.022,     373.988,    375.768,
   53,      130.8,    181.033,     377.832,    377.433,
   54,      133.3,    180.996,     378.186,    379.004,
   55,      135.8,    180.951,     379.661,    380.484,
   56,      138.3,    180.958,     380.750,    381.877,
   57,      140.8,    180.996,     382.053,    383.187,
   58,      143.3,    180.943,     382.993,    384.416,
   59,      145.8,    180.940,     384.658,    385.569,
   60,      148.3,    180.999,     387.018,    386.648,
   61,      150.8,    181.007,     388.107,    387.657,
   62,      153.3,    181.100,     389.287,    388.597,
   63,      155.8,    181.007,     389.212,    389.474,
   64,      158.3,    181.011,     390.032,    390.289,
   65,      160.8,    181.003,     391.153,    391.045,
   66,      163.3,    180.996,     391.446,    391.745,
   67,      165.8,    180.947,     392.380,    392.391,
   68,      168.3,    180.977,     394.525,    392.986,
   69,      170.8,    180.999,     394.476,    393.533,
   70,      175.8,    180.011,     395.030,    395.032,
----,
DateTime:        , 2025/11/20, 13:09:26, 1763658566578,
RFID_EPC:        ,--Not Acquired--,
RFID_UserData:   ,--Not Acquired--,
Barcode:         ,--Not Acquired--,
PIF:,            0.00,
PARs:,            0.0,     0.0,     0.0,     0.0,     0.0,     0.0,
Light:,           0.0,     0.0,     0.0,     0.0,     0.0,     0.0,
Cycles:,            1,
                    1,      69,      70,      70,
Lamps:,        #10000,
Gain:,              2,     100, 
SNR_raw:,     249.54,
Position:,        0.0,              0.0,   NoData,
DataPt,      Time(us),   EX,         EM,       Fit,
==========,==========,==========,==========,=========,
    0,        0.0,      0.000,       0.000,    122.839,
    1,        0.8,    162.351,     123.190,    127.877,
    2,        3.3,    180.610,     133.966,    133.727,
    3,        5.8,    180.647,     143.650,    139.811,
    4,        8.3,    180.718,     148.021,    146.090,
    5,       10.8,    180.778,     154.610,    152.527,
    6,       13.3,    180.804,     161.501,    159.090,
    7,       15.8,    180.815,     165.915,    165.747,
    8,       18.3,    180.826,     172.265,    172.472,
    9,       20.8,    180.808,     178.643,    179.238,
   10,       23.3,    180.841,     185.798,    186.025,
   11,       25.8,    180.767,     190.854,    192.809,
   12,       28.3,    180.864,     198.492,    199.575,
   13,       30.8,    180.808,     204.914,    206.302,
   14,       33.3,    180.830,     211.801,    212.976,
   15,       35.8,    180.890,     217.536,    219.584,
   16,       38.3,    180.953,     225.473,    226.112,
   17,       40.8,    180.976,     230.418,    232.549,
   18,       43.3,    180.946,     237.640,    238.881,
   19,       45.8,    180.894,     244.619,    245.099,
   20,       48.3,    180.938,     250.638,    251.196,
   21,       50.8,    180.886,     257.068,    257.162,
   22,       53.3,    180.901,     263.680,    262.993,
   23,       55.8,    180.834,     268.202,    268.681,
   24,       58.3,    180.998,     274.312,    274.224,
   25,       60.8,    180.938,     280.482,    279.616,
   26,       63.3,    180.871,     286.668,    284.853,
   27,       65.8,    180.890,     291.614,    289.933,
   28,       68.3,    181.024,     296.922,    294.856,
   29,       70.8,    181.050,     300.745,    299.619,
   30,       73.3,    180.998,     305.528,    304.220,
   31,       75.8,    181.028,     310.449,    308.660,
   32,       78.3,    180.950,     314.176,    312.938,
   33,       80.8,    180.946,     318.327,    317.056,
   34,       83.3,    180.905,     322.269,    321.015,
   35,       85.8,    180.983,     325.168,    324.817,
   36,       88.3,    180.912,     329.718,    328.464,
   37,       90.8,    180.908,     332.765,    331.957,
   38,       93.3,    181.035,     335.570,    335.301,
   39,       95.8,    181.006,     339.492,    338.497,
   40,       98.3,    181.024,     342.220,    341.549,
   41,      100.8,    181.050,     344.656,    344.460,
   42,      103.3,    181.006,     346.951,    347.234,
   43,      105.8,    181.006,     349.713,    349.874,
   44,      108.3,    180.957,     352.017,    352.384,
   45,      110.8,    180.964,     354.490,    354.767,
   46,      113.3,    180.935,     355.653,    357.029,
   47,      115.8,    180.916,     359.007,    359.171,
   48,      118.3,    180.994,     362.166,    361.200,
   49,      120.8,    181.024,     362.383,    363.118,
   50,      123.3,    181.002,     363.809,    364.929,
   51,      125.8,    181.061,     365.346,    366.638,
   52,      128.3,    181.020,     367.914,    368.248,
   53,      130.8,    181.050,     367.301,    369.764,
   54,      133.3,    180.991,     370.185,    371.189,
   55,      135.8,    181.002,     370.162,    372.526,
   56,      138.3,    180.953,     373.025,    373.780,
   57,      140.8,    181.017,     373.999,    374.954,
   58,      143.3,    180.979,     376.562,    376.051,
   59,      145.8,    180.964,     376.041,    377.075,
   60,      148.3,    181.024,     377.021,    378.029,
   61,      150.8,    181.024,     378.126,    378.917,
   62,      153.3,    181.032,     379.216,    379.740,
   63,      155.8,    181.106,     381.820,    380.503,
   64,      158.3,    181.024,     380.612,    381.208,
   65,      160.8,    180.994,     382.609,    381.859,
   66,      163.3,    181.006,     383.966,    382.457,
   67,      165.8,    180.968,     383.493,    383.006,
   68,      168.3,    180.927,     385.514,    383.508,
   69,      170.8,    181.039,     385.828,    383.964,
   70,      175.8,    180.013,     386.501,    386.273,
----,
DateTime:        , 2025/11/20, 13:09:29, 1763658569315,
RFID_EPC:        ,--Not Acquired--,
RFID_UserData:   ,--Not Acquired--,
Barcode:         ,--Not Acquired--,
PIF:,            0.00,
PARs:,            0.0,     0.0,     0.0,     0.0,     0.0,     0.0,
Light:,           0.0,     0.0,     0.0,     0.0,     0.0,     0.0,
Cycles:,            1,
                    1,      69,      70,      70,
Lamps:,        #10000,
Gain:,              2,     100, 
SNR_raw:,     242.26,
Position:,        0.0,              0.0,   NoData,
DataPt,      Time(us),   EX,         EM,       Fit,
==========,==========,==========,==========,=========,
    0,        0.0,      0.000,       0.000,    121.517,
    1,        0.8,    162.350,     120.419,    126.510,
    2,        3.3,    180.584,     132.047,    132.295,
    3,        5.8,    180.711,     142.493,    138.303,
    4,        8.3,    180.748,     147.166,    144.498,
    5,       10.8,    180.715,     152.174,    150.845,
    6,       13.3,    180.797,     158.742,    157.319,
    7,       15.8,    180.804,     164.543,    163.890,
    8,       18.3,    180.830,     169.496,    170.534,
    9,       20.8,    180.812,     177.809,    177.228,
   10,       23.3,    180.722,     184.261,    183.947,
   11,       25.8,    180.815,     190.249,    190.679,
   12,       28.3,    180.857,     195.182,    197.402,
   13,       30.8,    180.879,     204.280,    204.100,
   14,       33.3,    180.886,     210.077,    210.758,
   15,       35.8,    180.868,     216.457,    217.359,
   16,       38.3,    180.905,     222.216,    223.893,
   17,       40.8,    180.927,     228.545,    230.346,
   18,       43.3,    180.983,     235.933,    236.709,
   19,       45.8,    180.927,     241.533,    242.968,
   20,       48.3,    180.946,     248.693,    249.116,
   21,       50.8,    180.864,     255.164,    255.142,
   22,       53.3,    180.920,     261.442,    261.042,
   23,       55.8,    180.890,     267.842,    266.808,
   24,       58.3,    180.942,     272.739,    272.434,
   25,       60.8,    180.976,     278.766,    277.916,
   26,       63.3,    180.998,     283.428,    283.249,
   27,       65.8,    180.965,     291.217,    288.429,
   28,       68.3,    180.987,     295.325,    293.453,
   29,       70.8,    180.968,     300.605,    298.318,
   30,       73.3,    181.013,     304.674,    303.025,
   31,       75.8,    180.965,     309.729,    307.570,
   32,       78.3,    180.939,     313.366,    311.954,
   33,       80.8,    180.901,     317.024,    316.176,
   34,       83.3,    180.950,     320.531,    320.239,
   35,       85.8,    180.968,     327.405,    324.142,
   36,       88.3,    180.972,     329.885,    327.889,
   37,       90.8,    180.995,     332.883,    331.479,
   38,       93.3,    181.032,     335.300,    334.917,
   39,       95.8,    181.043,     338.317,    338.204,
   40,       98.3,    180.924,     342.133,    341.342,
   41,      100.8,    180.995,     344.485,    344.335,
   42,      103.3,    181.002,     347.234,    347.188,
   43,      105.8,    180.931,     348.751,    349.902,
   44,      108.3,    180.957,     352.293,    352.482,
   45,      110.8,    180.980,     354.183,    354.931,
   46,      113.3,    180.980,     355.565,    357.254,
   47,      115.8,    181.021,     357.970,    359.455,
   48,      118.3,    180.995,     360.784,    361.537,
   49,      120.8,    181.039,     364.009,    363.505,
   50,      123.3,    181.032,     365.129,    365.363,
   51,      125.8,    181.054,     365.636,    367.114,
   52,      128.3,    181.039,     366.219,    368.763,
   53,      130.8,    181.002,     369.057,    370.314,
   54,      133.3,    180.927,     370.038,    371.771,
   55,      135.8,    180.976,     372.701,    373.138,
   56,      138.3,    180.957,     373.845,    374.418,
   57,      140.8,    181.024,     375.087,    375.615,
   58,      143.3,    180.980,     374.904,    376.733,
   59,      145.8,    181.032,     376.729,    377.775,
   60,      148.3,    181.002,     378.173,    378.746,
   61,      150.8,    181.043,     379.744,    379.647,
   62,      153.3,    181.002,     380.935,    380.483,
   63,      155.8,    181.051,     381.661,    381.257,
   64,      158.3,    180.965,     382.119,    381.972,
   65,      160.8,    180.927,     382.750,    382.631,
   66,      163.3,    181.028,     384.747,    383.235,
   67,      165.8,    180.983,     385.394,    383.789,
   68,      168.3,    180.991,     385.379,    384.295,
   69,      170.8,    181.017,     387.809,    384.754,
   70,      175.8,    179.987,     386.501,    386.506,
----,
DateTime:        , 2025/11/20, 13:09:32, 1763658572008,
RFID_EPC:        ,--Not Acquired--,
RFID_UserData:   ,--Not Acquired--,
Barcode:         ,--Not Acquired--,
PIF:,            0.00,
PARs:,            0.0,     0.0,     0.0,     0.0,     0.0,     0.0,
Light:,           0.0,     0.0,     0.0,     0.0,     0.0,     0.0,
Cycles:,            1,
                    1,      69,      70,      70,
Lamps:,        #10000,
Gain:,              2,     100, 
SNR_raw:,     271.63,
Position:,        0.0,              0.0,   NoData,
DataPt,      Time(us),   EX,         EM,       Fit,
==========,==========,==========,==========,=========,
    0,        0.0,      0.000,       0.000,    116.524,
    1,        0.8,    162.267,     116.167,    121.354,
    2,        3.3,    180.558,     128.578,    127.073,
    3,        5.8,    180.715,     139.723,    133.124,
    4,        8.3,    180.764,     143.004,    139.448,
    5,       10.8,    180.779,     149.354,    145.993,
    6,       13.3,    180.850,     155.378,    152.717,
    7,       15.8,    180.846,     162.293,    159.578,
    8,       18.3,    180.827,     166.457,    166.540,
    9,       20.8,    180.723,     174.024,    173.567,
   10,       23.3,    180.823,     180.839,    180.636,
   11,       25.8,    180.801,     186.116,    187.718,
   12,       28.3,    180.782,     192.773,    194.789,
   13,       30.8,    180.864,     201.809,    201.830,
   14,       33.3,    180.920,     207.550,    208.823,
   15,       35.8,    180.920,     214.735,    215.747,
   16,       38.3,    180.928,     221.083,    222.589,
   17,       40.8,    180.988,     229.021,    229.335,
   18,       43.3,    180.935,     233.509,    235.970,
   19,       45.8,    180.961,     241.764,    242.485,
   20,       48.3,    180.917,     249.286,    248.869,
   21,       50.8,    180.838,     255.200,    255.113,
   22,       53.3,    180.879,     259.565,    261.211,
   23,       55.8,    180.891,     266.183,    267.158,
   24,       58.3,    180.905,     273.900,    272.947,
   25,       60.8,    180.976,     280.147,    278.575,
   26,       63.3,    180.950,     285.161,    284.037,
   27,       65.8,    180.924,     290.177,    289.331,
   28,       68.3,    180.988,     295.324,    294.455,
   29,       70.8,    180.973,     299.769,    299.407,
   30,       73.3,    180.969,     304.472,    304.188,
   31,       75.8,    180.932,     308.680,    308.796,
   32,       78.3,    180.905,     314.805,    313.233,
   33,       80.8,    180.935,     318.346,    317.499,
   34,       83.3,    180.947,     322.195,    321.597,
   35,       85.8,    180.954,     327.155,    325.528,
   36,       88.3,    180.932,     330.788,    329.295,
   37,       90.8,    181.025,     333.380,    332.900,
   38,       93.3,    181.002,     337.012,    336.347,
   39,       95.8,    181.036,     339.711,    339.639,
   40,       98.3,    181.036,     343.302,    342.779,
   41,      100.8,    181.006,     345.016,    345.771,
   42,      103.3,    180.999,     348.621,    348.619,
   43,      105.8,    180.999,     350.555,    351.327,
   44,      108.3,    180.984,     353.346,    353.899,
   45,      110.8,    180.991,     356.094,    356.339,
   46,      113.3,    180.976,     357.505,    358.652,
   47,      115.8,    181.021,     361.284,    360.841,
   48,      118.3,    181.103,     362.500,    362.911,
   49,      120.8,    180.961,     363.613,    364.867,
   50,      123.3,    180.991,     365.763,    366.713,
   51,      125.8,    181.077,     366.142,    368.452,
   52,      128.3,    181.021,     367.913,    370.089,
   53,      130.8,    180.980,     370.759,    371.629,
   54,      133.3,    180.999,     372.378,    373.075,
   55,      135.8,    180.939,     373.883,    374.431,
   56,      138.3,    181.002,     375.133,    375.701,
   57,      140.8,    180.988,     376.545,    376.889,
   58,      143.3,    180.965,     378.250,    377.998,
   59,      145.8,    181.077,     378.844,    379.031,
   60,      148.3,    181.021,     380.066,    379.993,
   61,      150.8,    181.103,     380.722,    380.887,
   62,      153.3,    181.047,     381.668,    381.716,
   63,      155.8,    181.040,     381.684,    382.483,
   64,      158.3,    180.898,     382.536,    383.193,
   65,      160.8,    180.973,     383.760,    383.847,
   66,      163.3,    180.965,     385.157,    384.447,
   67,      165.8,    180.950,     386.018,    384.997,
   68,      168.3,    180.961,     386.823,    385.498,
   69,      170.8,    180.973,     388.180,    385.954,
   70,      175.8,    180.021,     389.276,    388.967,
----,
DateTime:        , 2025/11/20, 13:09:34, 1763658574776,
RFID_EPC:        ,--Not Acquired--,
RFID_UserData:   ,--Not Acquired--,
Barcode:         ,--Not Acquired--,
PIF:,            0.00,
PARs:,            0.0,     0.0,     0.0,     0.0,     0.0,     0.0,
Light:,           0.0,     0.0,     0.0,     0.0,     0.0,     0.0,
Cycles:,            1,
                    1,      69,      70,      70,
Lamps:,        #10000,
Gain:,              2,     100, 
SNR_raw:,     265.41,
Position:,        0.0,              0.0,   NoData,
DataPt,      Time(us),   EX,         EM,       Fit,
==========,==========,==========,==========,=========,
    0,        0.0,      0.000,       0.000,    118.429,
    1,        0.8,    162.357,     116.718,    123.320,
    2,        3.3,    180.637,     128.837,    129.018,
    3,        5.8,    180.712,     139.725,    134.968,
    4,        8.3,    180.790,     145.196,    141.133,
    5,       10.8,    180.704,     148.585,    147.474,
    6,       13.3,    180.682,     154.968,    153.962,
    7,       15.8,    180.701,     160.763,    160.569,
    8,       18.3,    180.801,     166.757,    167.272,
    9,       20.8,    180.828,     174.199,    174.041,
   10,       23.3,    180.891,     181.601,    180.856,
   11,       25.8,    180.828,     186.642,    187.691,
   12,       28.3,    180.921,     192.626,    194.531,
   13,       30.8,    180.943,     200.063,    201.354,
   14,       33.3,    180.954,     205.577,    208.143,
   15,       35.8,    180.936,     212.506,    214.880,
   16,       38.3,    180.891,     220.851,    221.552,
   17,       40.8,    180.932,     226.328,    228.145,
   18,       43.3,    180.921,     233.251,    234.647,
   19,       45.8,    180.850,     240.254,    241.043,
   20,       48.3,    180.816,     246.936,    247.326,
   21,       50.8,    180.954,     252.273,    253.488,
   22,       53.3,    180.902,     259.532,    259.518,
   23,       55.8,    180.973,     265.785,    265.410,
   24,       58.3,    180.921,     270.837,    271.157,
   25,       60.8,    181.055,     277.816,    276.755,
   26,       63.3,    180.977,     282.909,    282.196,
   27,       65.8,    180.962,     288.735,    287.477,
   28,       68.3,    180.954,     294.273,    292.596,
   29,       70.8,    180.898,     298.510,    297.549,
   30,       73.3,    180.902,     303.202,    302.335,
   31,       75.8,    180.906,     308.724,    306.954,
   32,       78.3,    181.066,     311.764,    311.407,
   33,       80.8,    180.943,     316.674,    315.691,
   34,       83.3,    181.003,     320.989,    319.808,
   35,       85.8,    180.962,     324.930,    323.759,
   36,       88.3,    180.910,     328.617,    327.547,
   37,       90.8,    181.022,     330.347,    331.173,
   38,       93.3,    180.969,     334.863,    334.640,
   39,       95.8,    180.951,     337.661,    337.951,
   40,       98.3,    180.921,     341.862,    341.108,
   41,      100.8,    180.999,     343.648,    344.116,
   42,      103.3,    180.917,     346.844,    346.978,
   43,      105.8,    181.010,     349.151,    349.698,
   44,      108.3,    180.973,     351.433,    352.280,
   45,      110.8,    181.037,     354.901,    354.727,
   46,      113.3,    181.029,     355.468,    357.045,
   47,      115.8,    180.988,     359.692,    359.238,
   48,      118.3,    180.999,     359.946,    361.309,
   49,      120.8,    180.977,     362.477,    363.263,
   50,      123.3,    180.992,     364.657,    365.105,
   51,      125.8,    180.951,     366.122,    366.838,
   52,      128.3,    180.947,     367.235,    368.468,
   53,      130.8,    180.988,     369.361,    369.997,
   54,      133.3,    181.018,     370.958,    371.431,
   55,      135.8,    181.063,     372.247,    372.772,
   56,      138.3,    181.037,     372.577,    374.026,
   57,      140.8,    181.040,     373.950,    375.197,
   58,      143.3,    181.022,     374.541,    376.288,
   59,      145.8,    181.081,     375.246,    377.302,
   60,      148.3,    180.992,     377.365,    378.244,
   61,      150.8,    180.910,     378.918,    379.118,
   62,      153.3,    180.977,     379.883,    379.925,
   63,      155.8,    180.884,     380.079,    380.670,
   64,      158.3,    181.007,     382.306,    381.355,
   65,      160.8,    180.947,     382.985,    381.984,
   66,      163.3,    181.107,     383.198,    382.557,
   67,      165.8,    181.051,     384.697,    383.080,
   68,      168.3,    180.973,     383.482,    383.556,
   69,      170.8,    181.051,     385.802,    383.986,
   70,      175.8,    179.984,     387.371,    386.824,
----,
DateTime:        , 2025/11/20, 13:09:37, 1763658577584,
RFID_EPC:        ,--Not Acquired--,
RFID_UserData:   ,--Not Acquired--,
Barcode:         ,--Not Acquired--,
PIF:,            0.00,
PARs:,            0.0,     0.0,     0.0,     0.0,     0.0,     0.0,
Light:,           0.0,     0.0,     0.0,     0.0,     0.0,     0.0,
Cycles:,            1,
                    1,      69,      70,      70,
Lamps:,        #10000,
Gain:,              2,     100, 
SNR_raw:,     277.19,
Position:,        0.0,              0.0,   NoData,
DataPt,      Time(us),   EX,         EM,       Fit,
==========,==========,==========,==========,=========,
    0,        0.0,      0.000,       0.000,    119.758,
    1,        0.8,    162.357,     120.413,    125.042,
    2,        3.3,    180.586,     131.883,    131.130,
    3,        5.8,    180.750,     142.185,    137.421,
    4,        8.3,    180.731,     146.626,    143.871,
    5,       10.8,    180.769,     152.405,    150.447,
    6,       13.3,    180.798,     158.464,    157.118,
    7,       15.8,    180.769,     164.022,    163.856,
    8,       18.3,    180.854,     170.579,    170.640,
    9,       20.8,    180.784,     176.731,    177.441,
   10,       23.3,    180.784,     182.262,    184.243,
   11,       25.8,    180.910,     189.873,    191.029,
   12,       28.3,    180.896,     196.522,    197.779,
   13,       30.8,    180.884,     202.892,    204.479,
   14,       33.3,    180.854,     209.837,    211.113,
   15,       35.8,    180.862,     215.634,    217.670,
   16,       38.3,    180.899,     222.500,    224.139,
   17,       40.8,    180.896,     228.585,    230.510,
   18,       43.3,    180.896,     236.324,    236.772,
   19,       45.8,    180.922,     241.265,    242.917,
   20,       48.3,    180.922,     248.726,    248.939,
   21,       50.8,    180.929,     254.796,    254.831,
   22,       53.3,    180.929,     260.599,    260.585,
   23,       55.8,    180.981,     266.050,    266.200,
   24,       58.3,    180.944,     272.184,    271.668,
   25,       60.8,    180.974,     278.770,    276.987,
   26,       63.3,    180.970,     283.196,    282.153,
   27,       65.8,    181.004,     288.116,    287.166,
   28,       68.3,    180.922,     292.945,    292.021,
   29,       70.8,    180.914,     298.484,    296.719,
   30,       73.3,    180.951,     303.120,    301.260,
   31,       75.8,    180.899,     306.248,    305.641,
   32,       78.3,    180.873,     310.991,    309.865,
   33,       80.8,    180.981,     315.778,    313.934,
   34,       83.3,    180.993,     317.969,    317.848,
   35,       85.8,    180.989,     322.672,    321.608,
   36,       88.3,    181.056,     325.866,    325.217,
   37,       90.8,    180.966,     329.067,    328.676,
   38,       93.3,    181.015,     332.845,    331.988,
   39,       95.8,    181.011,     335.062,    335.156,
   40,       98.3,    180.929,     339.083,    338.182,
   41,      100.8,    180.922,     341.308,    341.069,
   42,      103.3,    180.925,     344.617,    343.823,
   43,      105.8,    181.004,     346.402,    346.446,
   44,      108.3,    180.866,     348.601,    348.940,
   45,      110.8,    181.026,     349.397,    351.312,
   46,      113.3,    181.071,     353.177,    353.563,
   47,      115.8,    181.067,     354.565,    355.699,
   48,      118.3,    181.030,     356.847,    357.721,
   49,      120.8,    180.996,     358.018,    359.635,
   50,      123.3,    181.007,     361.587,    361.445,
   51,      125.8,    180.981,     361.916,    363.153,
   52,      128.3,    180.925,     363.962,    364.764,
   53,      130.8,    180.940,     364.761,    366.281,
   54,      133.3,    180.966,     366.090,    367.709,
   55,      135.8,    181.041,     368.149,    369.051,
   56,      138.3,    181.030,     369.829,    370.310,
   57,      140.8,    181.007,     370.979,    371.489,
   58,      143.3,    181.034,     372.583,    372.594,
   59,      145.8,    181.060,     373.634,    373.625,
   60,      148.3,    181.022,     374.263,    374.587,
   61,      150.8,    180.996,     374.870,    375.484,
   62,      153.3,    181.030,     376.181,    376.317,
   63,      155.8,    180.944,     377.741,    377.090,
   64,      158.3,    180.951,     377.173,    377.806,
   65,      160.8,    180.981,     380.150,    378.467,
   66,      163.3,    181.045,     380.293,    379.075,
   67,      165.8,    181.045,     381.397,    379.635,
   68,      168.3,    180.978,     381.815,    380.147,
   69,      170.8,    181.026,     382.265,    380.615,
   70,      175.8,    179.929,     381.949,    382.083,
----,
DateTime:        , 2025/11/20, 13:09:40, 1763658580313,
RFID_EPC:        ,--Not Acquired--,
RFID_UserData:   ,--Not Acquired--,
Barcode:         ,--Not Acquired--,
PIF:,            0.00,
PARs:,            0.0,     0.0,     0.0,     0.0,     0.0,     0.0,
Light:,           0.0,     0.0,     0.0,     0.0,     0.0,     0.0,
Cycles:,            1,
                    1,      69,      70,      70,
Lamps:,        #10000,
Gain:,              2,     100, 
SNR_raw:,     268.60,
Position:,        0.0,              0.0,   NoData,
DataPt,      Time(us),   EX,         EM,       Fit,
==========,==========,==========,==========,=========,
    0,        0.0,      0.000,       0.000,    121.635,
    1,        0.8,    162.380,     121.320,    126.489,
    2,        3.3,    180.678,     131.582,    132.144,
    3,        5.8,    180.753,     140.800,    138.043,
    4,        8.3,    180.667,     145.295,    144.141,
    5,       10.8,    180.663,     153.324,    150.406,
    6,       13.3,    180.746,     157.404,    156.807,
    7,       15.8,    180.727,     163.506,    163.312,
    8,       18.3,    180.813,     169.789,    169.897,
    9,       20.8,    180.820,     175.589,    176.536,
   10,       23.3,    180.865,     182.180,    183.207,
   11,       25.8,    180.861,     189.648,    189.888,
   12,       28.3,    180.831,     195.763,    196.561,
   13,       30.8,    180.917,     202.026,    203.209,
   14,       33.3,    180.843,     208.745,    209.815,
   15,       35.8,    180.902,     214.204,    216.366,
   16,       38.3,    180.936,     221.073,    222.849,
   17,       40.8,    180.895,     226.375,    229.249,
   18,       43.3,    180.857,     234.992,    235.557,
   19,       45.8,    180.913,     240.999,    241.763,
   20,       48.3,    180.921,     247.622,    247.858,
   21,       50.8,    180.962,     253.645,    253.835,
   22,       53.3,    180.925,     260.329,    259.684,
   23,       55.8,    180.940,     265.282,    265.400,
   24,       58.3,    180.969,     272.145,    270.978,
   25,       60.8,    180.973,     276.560,    276.413,
   26,       63.3,    180.947,     283.232,    281.699,
   27,       65.8,    180.999,     287.018,    286.835,
   28,       68.3,    180.962,     292.879,    291.817,
   29,       70.8,    180.891,     299.075,    296.642,
   30,       73.3,    180.988,     302.230,    301.312,
   31,       75.8,    180.936,     307.291,    305.822,
   32,       78.3,    181.051,     310.409,    310.176,
   33,       80.8,    180.962,     315.812,    314.371,
   34,       83.3,    181.025,     319.016,    318.408,
   35,       85.8,    181.007,     323.192,    322.289,
   36,       88.3,    180.913,     326.399,    326.015,
   37,       90.8,    180.872,     330.343,    329.587,
   38,       93.3,    180.947,     333.523,    333.009,
   39,       95.8,    180.977,     335.678,    336.283,
   40,       98.3,    180.928,     341.019,    339.411,
   41,      100.8,    180.943,     342.373,    342.397,
   42,      103.3,    180.962,     344.548,    345.243,
   43,      105.8,    181.074,     347.096,    347.955,
   44,      108.3,    181.029,     349.668,    350.534,
   45,      110.8,    180.995,     352.495,    352.984,
   46,      113.3,    180.940,     354.538,    355.310,
   47,      115.8,    181.022,     356.863,    357.515,
   48,      118.3,    180.925,     359.542,    359.603,
   49,      120.8,    180.884,     359.900,    361.577,
   50,      123.3,    181.022,     363.492,    363.443,
   51,      125.8,    180.925,     364.240,    365.203,
   52,      128.3,    180.962,     366.099,    366.862,
   53,      130.8,    181.048,     367.306,    368.423,
   54,      133.3,    181.040,     368.702,    369.891,
   55,      135.8,    181.048,     369.792,    371.269,
   56,      138.3,    181.078,     371.940,    372.560,
   57,      140.8,    181.018,     372.891,    373.770,
   58,      143.3,    180.988,     373.782,    374.900,
   59,      145.8,    180.995,     375.147,    375.955,
   60,      148.3,    180.977,     376.844,    376.938,
   61,      150.8,    180.951,     377.175,    377.853,
   62,      153.3,    181.007,     378.715,    378.701,
   63,      155.8,    180.999,     379.836,    379.487,
   64,      158.3,    181.025,     380.610,    380.213,
   65,      160.8,    180.984,     379.867,    380.882,
   66,      163.3,    181.022,     382.551,    381.497,
   67,      165.8,    181.093,     383.230,    382.061,
   68,      168.3,    181.029,     383.640,    382.576,
   69,      170.8,    181.085,     384.074,    383.045,
   70,      175.8,    179.969,     385.202,    385.119,
----,
DateTime:        , 2025/11/20, 13:09:43, 1763658583042,
RFID_EPC:        ,--Not Acquired--,
RFID_UserData:   ,--Not Acquired--,
Barcode:         ,--Not Acquired--,
PIF:,            0.00,
PARs:,            0.0,     0.0,     0.0,     0.0,     0.0,     0.0,
Light:,           0.0,     0.0,     0.0,     0.0,     0.0,     0.0,
Cycles:,            1,
                    1,      69,      70,      70,
Lamps:,        #10000,
Gain:,              2,     100, 
SNR_raw:,     213.83,
Position:,        0.0,              0.0,   NoData,
DataPt,      Time(us),   EX,         EM,       Fit,
==========,==========,==========,==========,=========,
    0,        0.0,      0.000,       0.000,    114.795,
    1,        0.8,    162.387,     117.928,    120.507,
    2,        3.3,    180.596,     129.122,    127.009,
    3,        5.8,    180.700,     139.181,    133.653,
    4,        8.3,    180.633,     144.492,    140.404,
    5,       10.8,    180.719,     151.063,    147.242,
    6,       13.3,    180.734,     155.754,    154.143,
    7,       15.8,    180.768,     160.427,    161.084,
    8,       18.3,    180.734,     167.926,    168.044,
    9,       20.8,    180.797,     174.781,    175.008,
   10,       23.3,    180.947,     181.269,    181.964,
   11,       25.8,    180.835,     187.740,    188.887,
   12,       28.3,    180.880,     194.328,    195.768,
   13,       30.8,    180.917,     200.921,    202.593,
   14,       33.3,    181.006,     207.451,    209.354,
   15,       35.8,    180.936,     214.994,    216.032,
   16,       38.3,    180.816,     220.390,    222.617,
   17,       40.8,    180.891,     227.485,    229.106,
   18,       43.3,    180.894,     233.838,    235.487,
   19,       45.8,    180.880,     240.492,    241.752,
   20,       48.3,    180.947,     246.758,    247.897,
   21,       50.8,    180.902,     253.176,    253.911,
   22,       53.3,    180.939,     259.756,    259.792,
   23,       55.8,    180.962,     266.078,    265.534,
   24,       58.3,    180.980,     272.129,    271.132,
   25,       60.8,    181.029,     277.028,    276.583,
   26,       63.3,    180.973,     282.087,    281.882,
   27,       65.8,    180.965,     287.348,    287.027,
   28,       68.3,    180.977,     292.856,    292.016,
   29,       70.8,    180.992,     298.909,    296.849,
   30,       73.3,    180.962,     303.655,    301.523,
   31,       75.8,    180.965,     308.623,    306.039,
   32,       78.3,    180.984,     311.353,    310.396,
   33,       80.8,    181.003,     316.846,    314.596,
   34,       83.3,    181.010,     318.490,    318.638,
   35,       85.8,    180.995,     323.489,    322.525,
   36,       88.3,    181.006,     328.441,    326.257,
   37,       90.8,    180.947,     330.484,    329.837,
   38,       93.3,    180.992,     334.822,    333.267,
   39,       95.8,    180.902,     336.923,    336.548,
   40,       98.3,    180.969,     341.218,    339.685,
   41,      100.8,    180.999,     344.477,    342.682,
   42,      103.3,    180.977,     345.625,    345.539,
   43,      105.8,    180.954,     349.536,    348.261,
   44,      108.3,    180.954,     350.918,    350.852,
   45,      110.8,    181.044,     353.230,    353.315,
   46,      113.3,    180.939,     355.368,    355.653,
   47,      115.8,    181.051,     358.186,    357.872,
   48,      118.3,    180.988,     358.312,    359.973,
   49,      120.8,    180.909,     361.507,    361.961,
   50,      123.3,    180.962,     363.613,    363.840,
   51,      125.8,    181.025,     364.038,    365.614,
   52,      128.3,    180.973,     366.630,    367.286,
   53,      130.8,    180.965,     368.579,    368.861,
   54,      133.3,    180.977,     369.109,    370.341,
   55,      135.8,    181.074,     371.120,    371.732,
   56,      138.3,    181.025,     372.600,    373.037,
   57,      140.8,    180.980,     372.969,    374.258,
   58,      143.3,    181.070,     374.717,    375.400,
   59,      145.8,    180.943,     375.809,    376.466,
   60,      148.3,    180.995,     376.529,    377.459,
   61,      150.8,    180.973,     377.957,    378.382,
   62,      153.3,    180.950,     377.451,    379.239,
   63,      155.8,    180.947,     381.328,    380.033,
   64,      158.3,    180.965,     381.565,    380.767,
   65,      160.8,    181.018,     382.007,    381.443,
   66,      163.3,    181.047,     383.325,    382.064,
   67,      165.8,    181.006,     383.412,    382.633,
   68,      168.3,    181.085,     384.350,    383.152,
   69,      170.8,    181.055,     384.690,    383.625,
   70,      175.8,    179.880,     384.593,    384.602,
----,
DateTime:        , 2025/11/20, 13:09:45, 1763658585752,
RFID_EPC:        ,--Not Acquired--,
RFID_UserData:   ,--Not Acquired--,
Barcode:         ,--Not Acquired--,
PIF:,            0.00,
PARs:,            0.0,     0.0,     0.0,     0.0,     0.0,     0.0,
Light:,           0.0,     0.0,     0.0,     0.0,     0.0,     0.0,
Cycles:,            1,
                    1,      69,      70,      70,
Lamps:,        #10000,
Gain:,              2,     100, 
SNR_raw:,     222.58,
Position:,        0.0,              0.0,   NoData,
DataPt,      Time(us),   EX,         EM,       Fit,
==========,==========,==========,==========,=========,
    0,        0.0,      0.000,       0.000,    119.882,
    1,        0.8,    162.235,     119.888,    124.775,
    2,        3.3,    180.710,     131.081,    130.518,
    3,        5.8,    180.684,     141.131,    136.537,
    4,        8.3,    180.691,     145.552,    142.781,
    5,       10.8,    180.840,     151.515,    149.212,
    6,       13.3,    180.751,     156.569,    155.781,
    7,       15.8,    180.792,     161.788,    162.458,
    8,       18.3,    180.807,     169.518,    169.211,
    9,       20.8,    180.777,     175.354,    176.010,
   10,       23.3,    180.807,     180.026,    182.832,
   11,       25.8,    180.714,     187.036,    189.651,
   12,       28.3,    180.822,     194.667,    196.453,
   13,       30.8,    180.799,     201.328,    203.214,
   14,       33.3,    180.878,     206.769,    209.923,
   15,       35.8,    180.908,     215.303,    216.563,
   16,       38.3,    180.863,     221.162,    223.119,
   17,       40.8,    180.956,     227.127,    229.582,
   18,       43.3,    180.848,     231.963,    235.939,
   19,       45.8,    180.863,     241.067,    242.181,
   20,       48.3,    180.949,     247.031,    248.302,
   21,       50.8,    180.889,     254.023,    254.293,
   22,       53.3,    180.867,     260.689,    260.147,
   23,       55.8,    180.949,     265.269,    265.861,
   24,       58.3,    181.016,     272.352,    271.431,
   25,       60.8,    180.986,     277.646,    276.851,
   26,       63.3,    180.964,     284.035,    282.117,
   27,       65.8,    180.960,     288.738,    287.229,
   28,       68.3,    181.042,     293.578,    292.185,
   29,       70.8,    180.952,     298.974,    296.982,
   30,       73.3,    180.919,     303.175,    301.619,
   31,       75.8,    180.934,     307.571,    306.099,
   32,       78.3,    181.031,     310.721,    310.421,
   33,       80.8,    180.964,     316.086,    314.585,
   34,       83.3,    180.986,     321.019,    318.594,
   35,       85.8,    180.990,     325.157,    322.448,
   36,       88.3,    180.979,     328.216,    326.149,
   37,       90.8,    180.979,     331.255,    329.700,
   38,       93.3,    180.926,     335.219,    333.104,
   39,       95.8,    180.971,     337.070,    336.362,
   40,       98.3,    180.937,     339.620,    339.479,
   41,      100.8,    180.967,     342.880,    342.457,
   42,      103.3,    180.979,     344.240,    345.300,
   43,      105.8,    180.982,     348.377,    348.011,
   44,      108.3,    180.971,     349.503,    350.593,
   45,      110.8,    181.005,     352.201,    353.051,
   46,      113.3,    180.993,     354.985,    355.389,
   47,      115.8,    181.034,     356.838,    357.609,
   48,      118.3,    181.046,     357.645,    359.715,
   49,      120.8,    181.049,     360.951,    361.712,
   50,      123.3,    181.079,     363.929,    363.604,
   51,      125.8,    180.975,     364.415,    365.393,
   52,      128.3,    181.023,     365.975,    367.084,
   53,      130.8,    180.986,     368.261,    368.681,
   54,      133.3,    180.941,     369.181,    370.187,
   55,      135.8,    180.937,     369.741,    371.606,
   56,      138.3,    181.020,     370.678,    372.940,
   57,      140.8,    181.016,     373.448,    374.194,
   58,      143.3,    181.087,     375.235,    375.371,
   59,      145.8,    181.034,     377.000,    376.474,
   60,      148.3,    181.068,     377.482,    377.507,
   61,      150.8,    181.068,     378.311,    378.472,
   62,      153.3,    181.038,     379.754,    379.373,
   63,      155.8,    181.012,     380.085,    380.213,
   64,      158.3,    180.956,     381.861,    380.995,
   65,      160.8,    180.982,     381.529,    381.720,
   66,      163.3,    180.997,     383.155,    382.392,
   67,      165.8,    181.016,     384.221,    383.013,
   68,      168.3,    181.005,     384.797,    383.586,
   69,      170.8,    181.005,     385.625,    384.113,
   70,      175.8,    179.997,     386.389,    386.423,
----,
DateTime:        , 2025/11/20, 13:09:48, 1763658588466,
RFID_EPC:        ,--Not Acquired--,
RFID_UserData:   ,--Not Acquired--,
Barcode:         ,--Not Acquired--,
PIF:,            0.00,
PARs:,            0.0,     0.0,     0.0,     0.0,     0.0,     0.0,
Light:,           0.0,     0.0,     0.0,     0.0,     0.0,     0.0,
Cycles:,            1,
                    1,      69,      70,      70,
Lamps:,        #10000,
Gain:,              2,     100, 
SNR_raw:,     215.84,
Position:,        0.0,              0.0,   NoData,
DataPt,      Time(us),   EX,         EM,       Fit,
==========,==========,==========,==========,=========,
    0,        0.0,      0.000,       0.000,    118.794,
    1,        0.8,    162.283,     119.236,    123.753,
    2,        3.3,    180.690,     130.065,    129.562,
    3,        5.8,    180.623,     139.794,    135.640,
    4,        8.3,    180.676,     144.458,    141.942,
    5,       10.8,    180.717,     150.512,    148.424,
    6,       13.3,    180.713,     156.049,    155.044,
    7,       15.8,    180.754,     162.099,    161.771,
    8,       18.3,    180.840,     169.764,    168.573,
    9,       20.8,    180.873,     174.432,    175.421,
   10,       23.3,    180.851,     180.535,    182.288,
   11,       25.8,    180.873,     188.253,    189.154,
   12,       28.3,    180.914,     195.120,    195.997,
   13,       30.8,    180.899,     200.664,    202.799,
   14,       33.3,    180.851,     207.353,    209.542,
   15,       35.8,    180.911,     213.918,    216.214,
   16,       38.3,    180.821,     221.490,    222.798,
   17,       40.8,    180.903,     226.364,    229.286,
   18,       43.3,    180.888,     233.846,    235.665,
   19,       45.8,    180.903,     240.737,    241.927,
   20,       48.3,    180.944,     246.485,    248.064,
   21,       50.8,    180.978,     253.899,    254.069,
   22,       53.3,    180.933,     259.212,    259.933,
   23,       55.8,    180.967,     265.795,    265.654,
   24,       58.3,    180.933,     271.371,    271.225,
   25,       60.8,    180.967,     278.504,    276.644,
   26,       63.3,    180.877,     282.789,    281.905,
   27,       65.8,    180.937,     288.222,    287.010,
   28,       68.3,    180.914,     293.233,    291.954,
   29,       70.8,    180.963,     298.128,    296.739,
   30,       73.3,    181.008,     303.026,    301.363,
   31,       75.8,    180.985,     306.379,    305.825,
   32,       78.3,    181.015,     312.129,    310.128,
   33,       80.8,    180.967,     316.080,    314.271,
   34,       83.3,    181.015,     319.863,    318.257,
   35,       85.8,    180.933,     323.324,    322.085,
   36,       88.3,    180.888,     327.827,    325.760,
   37,       90.8,    180.888,     330.591,    329.283,
   38,       93.3,    180.963,     332.941,    332.657,
   39,       95.8,    180.918,     335.787,    335.885,
   40,       98.3,    181.023,     340.013,    338.971,
   41,      100.8,    181.023,     341.670,    341.918,
   42,      103.3,    181.082,     345.423,    344.729,
   43,      105.8,    181.079,     348.192,    347.407,
   44,      108.3,    181.026,     349.949,    349.957,
   45,      110.8,    181.030,     352.428,    352.381,
   46,      113.3,    180.955,     354.507,    354.685,
   47,      115.8,    181.004,     356.622,    356.871,
   48,      118.3,    180.948,     358.667,    358.944,
   49,      120.8,    180.981,     360.810,    360.908,
   50,      123.3,    180.937,     360.347,    362.765,
   51,      125.8,    180.955,     363.073,    364.521,
   52,      128.3,    180.899,     364.844,    366.180,
   53,      130.8,    181.030,     367.066,    367.743,
   54,      133.3,    181.052,     367.021,    369.215,
   55,      135.8,    181.108,     369.116,    370.601,
   56,      138.3,    181.008,     370.979,    371.904,
   57,      140.8,    181.090,     372.467,    373.126,
   58,      143.3,    181.030,     373.419,    374.272,
   59,      145.8,    180.963,     374.663,    375.346,
   60,      148.3,    180.922,     375.853,    376.350,
   61,      150.8,    180.944,     378.017,    377.287,
   62,      153.3,    181.015,     378.698,    378.159,
   63,      155.8,    181.015,     378.145,    378.970,
   64,      158.3,    181.041,     381.405,    379.723,
   65,      160.8,    181.008,     380.923,    380.421,
   66,      163.3,    181.023,     383.654,    381.066,
   67,      165.8,    181.056,     382.754,    381.661,
   68,      168.3,    181.037,     384.451,    382.208,
   69,      170.8,    180.996,     383.157,    382.710,
   70,      175.8,    179.944,     385.257,    385.172,
----,
DateTime:        , 2025/11/20, 13:09:51, 1763658591170,
RFID_EPC:        ,--Not Acquired--,
RFID_UserData:   ,--Not Acquired--,
Barcode:         ,--Not Acquired--,
PIF:,            0.00,
PARs:,            0.0,     0.0,     0.0,     0.0,     0.0,     0.0,
Light:,           0.0,     0.0,     0.0,     0.0,     0.0,     0.0,
Cycles:,            1,
                    1,      69,      70,      70,
Lamps:,        #10000,
Gain:,              2,     100, 
SNR_raw:,     286.07,
Position:,        0.0,              0.0,   NoData,
DataPt,      Time(us),   EX,         EM,       Fit,
==========,==========,==========,==========,=========,
    0,        0.0,      0.000,       0.000,    118.195,
    1,        0.8,    162.312,     117.983,    123.555,
    2,        3.3,    180.640,     130.332,    129.699,
    3,        5.8,    180.659,     141.427,    136.011,
    4,        8.3,    180.734,     146.071,    142.466,
    5,       10.8,    180.763,     151.026,    149.037,
    6,       13.3,    180.778,     157.928,    155.700,
    7,       15.8,    180.808,     163.156,    162.433,
    8,       18.3,    180.804,     169.244,    169.215,
    9,       20.8,    180.793,     173.956,    176.024,
   10,       23.3,    180.860,     182.461,    182.847,
   11,       25.8,    180.898,     187.675,    189.664,
   12,       28.3,    180.875,     194.886,    196.458,
   13,       30.8,    180.928,     202.567,    203.217,
   14,       33.3,    180.812,     209.057,    209.921,
   15,       35.8,    180.946,     214.705,    216.564,
   16,       38.3,    180.946,     221.337,    223.132,
   17,       40.8,    180.853,     227.533,    229.609,
   18,       43.3,    180.831,     233.644,    235.989,
   19,       45.8,    180.894,     241.578,    242.262,
   20,       48.3,    180.812,     247.771,    248.418,
   21,       50.8,    180.931,     253.411,    254.454,
   22,       53.3,    180.942,     261.133,    260.358,
   23,       55.8,    180.946,     267.483,    266.126,
   24,       58.3,    180.972,     272.417,    271.752,
   25,       60.8,    180.935,     278.277,    277.230,
   26,       63.3,    181.010,     284.239,    282.558,
   27,       65.8,    180.984,     289.805,    287.731,
   28,       68.3,    181.002,     294.748,    292.746,
   29,       70.8,    180.928,     298.738,    297.600,
   30,       73.3,    180.942,     303.135,    302.294,
   31,       75.8,    180.868,     307.960,    306.825,
   32,       78.3,    180.849,     313.521,    311.193,
   33,       80.8,    180.969,     316.077,    315.401,
   34,       83.3,    180.995,     320.451,    319.449,
   35,       85.8,    181.017,     324.279,    323.336,
   36,       88.3,    180.961,     327.695,    327.065,
   37,       90.8,    181.028,     330.335,    330.638,
   38,       93.3,    181.002,     335.355,    334.056,
   39,       95.8,    180.957,     337.372,    337.323,
   40,       98.3,    180.954,     340.142,    340.441,
   41,      100.8,    180.998,     343.373,    343.414,
   42,      103.3,    180.909,     346.583,    346.244,
   43,      105.8,    180.935,     348.744,    348.936,
   44,      108.3,    181.006,     351.094,    351.494,
   45,      110.8,    181.006,     353.580,    353.921,
   46,      113.3,    181.010,     355.230,    356.221,
   47,      115.8,    181.073,     356.210,    358.399,
   48,      118.3,    181.032,     359.605,    360.457,
   49,      120.8,    181.021,     362.389,    362.401,
   50,      123.3,    180.965,     362.501,    364.234,
   51,      125.8,    180.976,     365.242,    365.960,
   52,      128.3,    180.939,     366.699,    367.584,
   53,      130.8,    180.931,     367.543,    369.109,
   54,      133.3,    180.991,     369.908,    370.540,
   55,      135.8,    181.006,     370.430,    371.880,
   56,      138.3,    181.021,     372.333,    373.134,
   57,      140.8,    181.013,     373.177,    374.304,
   58,      143.3,    180.995,     374.597,    375.395,
   59,      145.8,    181.025,     375.087,    376.411,
   60,      148.3,    181.077,     377.464,    377.354,
   61,      150.8,    181.017,     377.589,    378.228,
   62,      153.3,    180.939,     378.581,    379.037,
   63,      155.8,    180.991,     379.853,    379.783,
   64,      158.3,    181.013,     381.464,    380.469,
   65,      160.8,    180.998,     381.495,    381.100,
   66,      163.3,    180.984,     383.184,    381.676,
   67,      165.8,    181.039,     383.618,    382.201,
   68,      168.3,    180.980,     383.192,    382.678,
   69,      170.8,    181.140,     383.957,    383.109,
   70,      175.8,    180.032,     384.930,    384.695,
----,
DateTime:        , 2025/11/20, 13:09:54, 1763658593895,
RFID_EPC:        ,--Not Acquired--,
RFID_UserData:   ,--Not Acquired--,
Barcode:         ,--Not Acquired--,
PIF:,            0.00,
PARs:,            0.0,     0.0,     0.0,     0.0,     0.0,     0.0,
Light:,           0.0,     0.0,     0.0,     0.0,     0.0,     0.0,
Cycles:,            1,
                    1,      69,      70,      70,
Lamps:,        #10000,
Gain:,              2,     100, 
SNR_raw:,     247.78,
Position:,        0.0,              0.0,   NoData,
DataPt,      Time(us),   EX,         EM,       Fit,
==========,==========,==========,==========,=========,
    0,        0.0,      0.000,       0.000,    119.795,
    1,        0.8,    162.336,     118.582,    124.698,
    2,        3.3,    180.599,     130.469,    130.409,
    3,        5.8,    180.659,     141.150,    136.370,
    4,        8.3,    180.767,     145.491,    142.542,
    5,       10.8,    180.648,     149.739,    148.882,
    6,       13.3,    180.786,     155.986,    155.365,
    7,       15.8,    180.767,     162.364,    161.956,
    8,       18.3,    180.868,     169.184,    168.633,
    9,       20.8,    180.834,     175.299,    175.365,
   10,       23.3,    180.819,     181.120,    182.131,
   11,       25.8,    180.875,     187.698,    188.911,
   12,       28.3,    180.905,     194.301,    195.685,
   13,       30.8,    180.868,     202.081,    202.434,
   14,       33.3,    180.890,     208.690,    209.142,
   15,       35.8,    180.864,     214.249,    215.794,
   16,       38.3,    180.901,     220.838,    222.377,
   17,       40.8,    180.898,     227.753,    228.878,
   18,       43.3,    180.875,     234.416,    235.285,
   19,       45.8,    180.995,     239.786,    241.591,
   20,       48.3,    180.965,     246.180,    247.783,
   21,       50.8,    180.995,     253.875,    253.854,
   22,       53.3,    180.946,     260.575,    259.795,
   23,       55.8,    181.032,     266.251,    265.602,
   24,       58.3,    180.864,     272.304,    271.265,
   25,       60.8,    180.916,     277.200,    276.783,
   26,       63.3,    180.894,     284.144,    282.151,
   27,       65.8,    180.916,     289.084,    287.365,
   28,       68.3,    180.931,     293.482,    292.423,
   29,       70.8,    180.931,     299.838,    297.323,
   30,       73.3,    181.010,     304.680,    302.064,
   31,       75.8,    181.028,     306.858,    306.646,
   32,       78.3,    181.002,     313.532,    311.066,
   33,       80.8,    180.976,     316.064,    315.326,
   34,       83.3,    181.021,     320.129,    319.426,
   35,       85.8,    180.883,     323.967,    323.367,
   36,       88.3,    180.916,     328.605,    327.152,
   37,       90.8,    180.894,     332.239,    330.781,
   38,       93.3,    180.849,     334.256,    334.258,
   39,       95.8,    180.931,     337.697,    337.585,
   40,       98.3,    180.980,     342.303,    340.765,
   41,      100.8,    180.987,     343.394,    343.801,
   42,      103.3,    181.028,     347.183,    346.697,
   43,      105.8,    181.040,     349.371,    349.455,
   44,      108.3,    180.995,     351.115,    352.080,
   45,      110.8,    181.013,     354.670,    354.575,
   46,      113.3,    181.058,     357.344,    356.944,
   47,      115.8,    180.957,     358.372,    359.191,
   48,      118.3,    180.924,     358.991,    361.320,
   49,      120.8,    180.950,     362.807,    363.334,
   50,      123.3,    180.946,     363.920,    365.238,
   51,      125.8,    180.984,     365.779,    367.036,
   52,      128.3,    180.991,     368.250,    368.731,
   53,      130.8,    181.043,     369.525,    370.328,
   54,      133.3,    181.028,     370.936,    371.830,
   55,      135.8,    181.084,     372.755,    373.240,
   56,      138.3,    181.054,     373.092,    374.564,
   57,      140.8,    181.073,     374.711,    375.805,
   58,      143.3,    181.025,     375.363,    376.966,
   59,      145.8,    181.017,     377.589,    378.050,
   60,      148.3,    180.950,     378.558,    379.062,
   61,      150.8,    180.939,     380.239,    380.004,
   62,      153.3,    180.998,     381.219,    380.879,
   63,      155.8,    181.017,     380.351,    381.691,
   64,      158.3,    181.021,     383.657,    382.442,
   65,      160.8,    180.976,     383.200,    383.136,
   66,      163.3,    181.010,     383.957,    383.774,
   67,      165.8,    181.058,     384.959,    384.361,
   68,      168.3,    181.036,     385.835,    384.897,
   69,      170.8,    181.017,     386.151,    385.388,
   70,      175.8,    179.943,     388.131,    387.903,
----,
DateTime:        , 2025/11/20, 13:09:56, 1763658596650,
RFID_EPC:        ,--Not Acquired--,
RFID_UserData:   ,--Not Acquired--,
Barcode:         ,--Not Acquired--,
PIF:,            0.00,
PARs:,            0.0,     0.0,     0.0,     0.0,     0.0,     0.0,
Light:,           0.0,     0.0,     0.0,     0.0,     0.0,     0.0,
Cycles:,            1,
                    1,      69,      70,      70,
Lamps:,        #10000,
Gain:,              2,     100, 
SNR_raw:,     214.68,
Position:,        0.0,              0.0,   NoData,
DataPt,      Time(us),   EX,         EM,       Fit,
==========,==========,==========,==========,=========,
    0,        0.0,      0.000,       0.000,    118.774,
    1,        0.8,    162.397,     120.384,    123.637,
    2,        3.3,    180.542,     129.713,    129.358,
    3,        5.8,    180.669,     138.098,    135.380,
    4,        8.3,    180.632,     145.046,    141.644,
    5,       10.8,    180.669,     149.998,    148.105,
    6,       13.3,    180.759,     156.562,    154.722,
    7,       15.8,    180.826,     162.864,    161.458,
    8,       18.3,    180.826,     167.564,    168.277,
    9,       20.8,    180.860,     173.615,    175.151,
   10,       23.3,    180.848,     180.538,    182.052,
   11,       25.8,    180.904,     187.945,    188.957,
   12,       28.3,    180.770,     193.893,    195.842,
   13,       30.8,    180.807,     200.213,    202.690,
   14,       33.3,    180.774,     207.718,    209.483,
   15,       35.8,    180.893,     213.662,    216.209,
   16,       38.3,    180.897,     220.844,    222.852,
   17,       40.8,    180.889,     227.211,    229.400,
   18,       43.3,    180.942,     233.777,    235.842,
   19,       45.8,    180.934,     240.695,    242.168,
   20,       48.3,    180.968,     246.176,    248.371,
   21,       50.8,    180.994,     254.428,    254.441,
   22,       53.3,    180.972,     260.815,    260.373,
   23,       55.8,    180.878,     265.095,    266.159,
   24,       58.3,    180.934,     272.475,    271.797,
   25,       60.8,    180.938,     276.614,    277.283,
   26,       63.3,    180.904,     282.193,    282.612,
   27,       65.8,    180.964,     289.284,    287.784,
   28,       68.3,    180.972,     294.245,    292.796,
   29,       70.8,    181.027,     300.507,    297.647,
   30,       73.3,    181.046,     304.066,    302.337,
   31,       75.8,    180.986,     309.139,    306.865,
   32,       78.3,    181.020,     311.568,    311.232,
   33,       80.8,    181.001,     316.848,    315.438,
   34,       83.3,    180.986,     321.019,    319.485,
   35,       85.8,    180.923,     324.447,    323.374,
   36,       88.3,    180.960,     329.354,    327.107,
   37,       90.8,    180.949,     331.032,    330.688,
   38,       93.3,    180.934,     334.376,    334.119,
   39,       95.8,    180.960,     338.472,    337.402,
   40,       98.3,    181.005,     340.598,    340.541,
   41,      100.8,    181.035,     343.856,    343.539,
   42,      103.3,    181.091,     346.511,    346.400,
   43,      105.8,    181.046,     348.530,    349.127,
   44,      108.3,    181.035,     352.142,    351.723,
   45,      110.8,    180.968,     353.378,    354.193,
   46,      113.3,    181.016,     356.874,    356.540,
   47,      115.8,    180.990,     358.307,    358.768,
   48,      118.3,    180.979,     360.539,    360.881,
   49,      120.8,    180.927,     360.920,    362.883,
   50,      123.3,    180.964,     363.608,    364.778,
   51,      125.8,    181.024,     365.422,    366.569,
   52,      128.3,    180.990,     367.700,    368.261,
   53,      130.8,    181.020,     368.468,    369.857,
   54,      133.3,    181.057,     369.772,    371.361,
   55,      135.8,    181.054,     371.161,    372.776,
   56,      138.3,    180.994,     372.664,    374.108,
   57,      140.8,    180.986,     375.166,    375.358,
   58,      143.3,    180.934,     375.827,    376.530,
   59,      145.8,    180.949,     377.454,    377.628,
   60,      148.3,    180.927,     377.225,    378.655,
   61,      150.8,    181.020,     379.516,    379.613,
   62,      153.3,    181.027,     379.224,    380.506,
   63,      155.8,    181.005,     381.757,    381.338,
   64,      158.3,    181.039,     381.963,    382.109,
   65,      160.8,    181.024,     383.651,    382.825,
   66,      163.3,    181.035,     385.009,    383.487,
   67,      165.8,    181.039,     384.448,    384.098,
   68,      168.3,    181.039,     386.382,    384.660,
   69,      170.8,    180.934,     386.052,    385.177,
   70,      175.8,    179.889,     387.756,    387.702,
----,
DateTime:        , 2025/11/20, 13:09:59, 1763658599379,
RFID_EPC:        ,--Not Acquired--,
RFID_UserData:   ,--Not Acquired--,
Barcode:         ,--Not Acquired--,
PIF:,            0.00,
PARs:,            0.0,     0.0,     0.0,     0.0,     0.0,     0.0,
Light:,           0.0,     0.0,     0.0,     0.0,     0.0,     0.0,
Cycles:,            1,
                    1,      69,      70,      70,
Lamps:,        #10000,
Gain:,              2,     100, 
SNR_raw:,     218.12,
Position:,        0.0,              0.0,   NoData,
DataPt,      Time(us),   EX,         EM,       Fit,
==========,==========,==========,==========,=========,
    0,        0.0,      0.000,       0.000,    120.493,
    1,        0.8,    162.319,     119.517,    125.320,
    2,        3.3,    180.640,     130.902,    131.002,
    3,        5.8,    180.684,     141.130,    136.979,
    4,        8.3,    180.696,     146.379,    143.199,
    5,       10.8,    180.804,     152.652,    149.618,
    6,       13.3,    180.852,     156.758,    156.192,
    7,       15.8,    180.804,     162.607,    162.881,
    8,       18.3,    180.707,     169.335,    169.652,
    9,       20.8,    180.800,     176.161,    176.478,
   10,       23.3,    180.785,     183.920,    183.332,
   11,       25.8,    180.785,     187.792,    190.188,
   12,       28.3,    180.890,     195.976,    197.027,
   13,       30.8,    180.841,     202.111,    203.828,
   14,       33.3,    180.908,     209.775,    210.574,
   15,       35.8,    180.949,     216.083,    217.251,
   16,       38.3,    180.942,     221.342,    223.842,
   17,       40.8,    180.826,     227.290,    230.334,
   18,       43.3,    180.916,     234.916,    236.719,
   19,       45.8,    180.916,     241.549,    242.987,
   20,       48.3,    180.946,     249.246,    249.128,
   21,       50.8,    180.864,     255.441,    255.135,
   22,       53.3,    180.893,     262.033,    261.002,
   23,       55.8,    180.916,     266.975,    266.724,
   24,       58.3,    180.942,     272.463,    272.297,
   25,       60.8,    180.927,     278.842,    277.716,
   26,       63.3,    180.934,     283.528,    282.979,
   27,       65.8,    180.983,     290.911,    288.085,
   28,       68.3,    180.957,     294.822,    293.030,
   29,       70.8,    181.005,     299.991,    297.815,
   30,       73.3,    180.987,     304.166,    302.439,
   31,       75.8,    180.961,     307.802,    306.903,
   32,       78.3,    180.912,     312.583,    311.206,
   33,       80.8,    180.949,     317.216,    315.350,
   34,       83.3,    180.979,     321.308,    319.338,
   35,       85.8,    180.998,     324.313,    323.170,
   36,       88.3,    180.938,     327.736,    326.849,
   37,       90.8,    180.987,     330.135,    330.378,
   38,       93.3,    181.080,     333.830,    333.759,
   39,       95.8,    181.043,     336.661,    336.995,
   40,       98.3,    181.043,     341.080,    340.091,
   41,      100.8,    180.916,     342.701,    343.047,
   42,      103.3,    180.927,     346.272,    345.870,
   43,      105.8,    180.972,     348.949,    348.561,
   44,      108.3,    180.961,     351.181,    351.124,
   45,      110.8,    180.994,     353.326,    353.564,
   46,      113.3,    181.002,     354.417,    355.885,
   47,      115.8,    180.990,     356.925,    358.089,
   48,      118.3,    180.972,     358.343,    360.182,
   49,      120.8,    181.091,     360.868,    362.165,
   50,      123.3,    180.998,     361.330,    364.045,
   51,      125.8,    181.009,     364.623,    365.824,
   52,      128.3,    181.020,     367.086,    367.507,
   53,      130.8,    180.964,     369.134,    369.096,
   54,      133.3,    180.934,     371.405,    370.596,
   55,      135.8,    180.961,     370.246,    372.010,
   56,      138.3,    181.002,     372.096,    373.341,
   57,      140.8,    181.073,     374.159,    374.592,
   58,      143.3,    181.017,     375.656,    375.768,
   59,      145.8,    180.998,     374.866,    376.872,
   60,      148.3,    181.028,     377.290,    377.907,
   61,      150.8,    181.050,     378.624,    378.874,
   62,      153.3,    180.998,     379.562,    379.779,
   63,      155.8,    181.002,     380.660,    380.624,
   64,      158.3,    180.931,     381.914,    381.411,
   65,      160.8,    181.020,     382.554,    382.143,
   66,      163.3,    180.983,     382.633,    382.822,
   67,      165.8,    181.013,     384.227,    383.451,
   68,      168.3,    181.054,     386.901,    384.032,
   69,      170.8,    181.054,     387.730,    384.568,
   70,      175.8,    179.961,     387.562,    387.464,
----,
DateTime:        , 2025/11/20, 13:10:02, 1763658602139,
RFID_EPC:        ,--Not Acquired--,
RFID_UserData:   ,--Not Acquired--,
Barcode:         ,--Not Acquired--,
PIF:,            0.00,
PARs:,            0.0,     0.0,     0.0,     0.0,     0.0,     0.0,
Light:,           0.0,     0.0,     0.0,     0.0,     0.0,     0.0,
Cycles:,            1,
                    1,      69,      70,      70,
Lamps:,        #10000,
Gain:,              2,     100, 
SNR_raw:,     358.14,
Position:,        0.0,              0.0,   NoData,
DataPt,      Time(us),   EX,         EM,       Fit,
==========,==========,==========,==========,=========,
    0,        0.0,      0.000,       0.000,    119.679,
    1,        0.8,    162.371,     120.403,    124.924,
    2,        3.3,    180.543,     131.463,    130.943,
    3,        5.8,    180.692,     141.401,    137.146,
    4,        8.3,    180.707,     145.816,    143.499,
    5,       10.8,    180.715,     151.344,    149.977,
    6,       13.3,    180.763,     156.005,    156.554,
    7,       15.8,    180.808,     163.986,    163.210,
    8,       18.3,    180.886,     168.614,    169.923,
    9,       20.8,    180.894,     177.176,    176.672,
   10,       23.3,    180.879,     182.995,    183.437,
   11,       25.8,    180.838,     188.290,    190.201,
   12,       28.3,    180.827,     195.768,    196.949,
   13,       30.8,    180.853,     202.375,    203.667,
   14,       33.3,    180.897,     209.511,    210.340,
   15,       35.8,    180.897,     216.145,    216.955,
   16,       38.3,    180.927,     222.465,    223.501,
   17,       40.8,    180.912,     228.564,    229.963,
   18,       43.3,    180.957,     234.586,    236.335,
   19,       45.8,    180.912,     240.724,    242.603,
   20,       48.3,    180.994,     247.521,    248.761,
   21,       50.8,    180.965,     255.022,    254.799,
   22,       53.3,    180.953,     260.841,    260.709,
   23,       55.8,    180.965,     266.350,    266.486,
   24,       58.3,    180.961,     273.816,    272.123,
   25,       60.8,    180.912,     279.417,    277.614,
   26,       63.3,    180.912,     284.668,    282.955,
   27,       65.8,    180.931,     289.613,    288.144,
   28,       68.3,    180.983,     295.055,    293.177,
   29,       70.8,    181.009,     299.156,    298.052,
   30,       73.3,    180.950,     304.504,    302.765,
   31,       75.8,    181.009,     308.271,    307.318,
   32,       78.3,    180.942,     313.083,    311.707,
   33,       80.8,    180.998,     317.130,    315.934,
   34,       83.3,    180.897,     321.729,    319.998,
   35,       85.8,    180.980,     325.727,    323.902,
   36,       88.3,    180.890,     328.376,    327.645,
   37,       90.8,    180.987,     331.792,    331.232,
   38,       93.3,    180.965,     334.596,    334.663,
   39,       95.8,    180.994,     338.408,    337.942,
   40,       98.3,    181.006,     340.321,    341.070,
   41,      100.8,    181.013,     343.898,    344.051,
   42,      103.3,    180.976,     346.455,    346.889,
   43,      105.8,    181.024,     348.848,    349.587,
   44,      108.3,    180.987,     352.235,    352.147,
   45,      110.8,    180.931,     354.002,    354.576,
   46,      113.3,    180.875,     355.770,    356.875,
   47,      115.8,    180.946,     358.671,    359.050,
   48,      118.3,    180.916,     360.388,    361.105,
   49,      120.8,    180.991,     361.897,    363.044,
   50,      123.3,    180.976,     362.756,    364.872,
   51,      125.8,    181.032,     365.682,    366.591,
   52,      128.3,    180.991,     367.422,    368.208,
   53,      130.8,    181.006,     368.220,    369.724,
   54,      133.3,    181.043,     369.802,    371.146,
   55,      135.8,    181.039,     371.466,    372.476,
   56,      138.3,    181.013,     373.177,    373.719,
   57,      140.8,    180.950,     373.861,    374.879,
   58,      143.3,    180.905,     375.335,    375.958,
   59,      145.8,    180.965,     375.488,    376.962,
   60,      148.3,    180.980,     377.114,    377.892,
   61,      150.8,    181.088,     377.993,    378.754,
   62,      153.3,    181.021,     378.962,    379.550,
   63,      155.8,    181.054,     380.549,    380.284,
   64,      158.3,    181.017,     382.285,    380.958,
   65,      160.8,    181.028,     383.090,    381.576,
   66,      163.3,    180.994,     383.437,    382.141,
   67,      165.8,    181.017,     384.495,    382.654,
   68,      168.3,    180.972,     385.419,    383.120,
   69,      170.8,    181.021,     385.591,    383.540,
   70,      175.8,    179.946,     384.295,    384.569,
----,
DateTime:        , 2025/11/20, 13:10:04, 1763658604825,
RFID_EPC:        ,--Not Acquired--,
RFID_UserData:   ,--Not Acquired--,
Barcode:         ,--Not Acquired--,
PIF:,            0.00,
PARs:,            0.0,     0.0,     0.0,     0.0,     0.0,     0.0,
Light:,           0.0,     0.0,     0.0,     0.0,     0.0,     0.0,
Cycles:,            1,
                    1,      69,      70,      70,
Lamps:,        #10000,
Gain:,              2,     100, 
SNR_raw:,     256.48,
Position:,        0.0,              0.0,   NoData,
DataPt,      Time(us),   EX,         EM,       Fit,
==========,==========,==========,==========,=========,
    0,        0.0,      0.000,       0.000,    119.035,
    1,        0.8,    162.332,     118.584,    123.984,
    2,        3.3,    180.632,     130.435,    129.763,
    3,        5.8,    180.751,     141.078,    135.802,
    4,        8.3,    180.684,     145.281,    142.053,
    5,       10.8,    180.725,     151.612,    148.480,
    6,       13.3,    180.773,     155.720,    155.047,
    7,       15.8,    180.781,     163.458,    161.722,
    8,       18.3,    180.788,     168.706,    168.476,
    9,       20.8,    180.893,     175.795,    175.286,
   10,       23.3,    180.814,     181.125,    182.122,
   11,       25.8,    180.882,     187.415,    188.967,
   12,       28.3,    180.867,     194.066,    195.800,
   13,       30.8,    180.867,     200.424,    202.603,
   14,       33.3,    180.870,     207.607,    209.360,
   15,       35.8,    180.867,     214.799,    216.056,
   16,       38.3,    180.904,     220.835,    222.678,
   17,       40.8,    180.837,     225.894,    229.212,
   18,       43.3,    180.844,     233.350,    235.648,
   19,       45.8,    180.990,     240.345,    241.980,
   20,       48.3,    180.952,     247.579,    248.194,
   21,       50.8,    180.982,     253.340,    254.284,
   22,       53.3,    180.964,     261.102,    260.241,
   23,       55.8,    180.923,     266.965,    266.059,
   24,       58.3,    180.982,     271.850,    271.735,
   25,       60.8,    180.994,     278.463,    277.262,
   26,       63.3,    180.930,     283.811,    282.636,
   27,       65.8,    180.904,     289.104,    287.854,
   28,       68.3,    180.837,     295.017,    292.913,
   29,       70.8,    180.904,     299.054,    297.813,
   30,       73.3,    180.919,     303.451,    302.553,
   31,       75.8,    180.971,     308.060,    307.131,
   32,       78.3,    181.008,     313.245,    311.549,
   33,       80.8,    180.982,     317.711,    315.804,
   34,       83.3,    181.027,     320.670,    319.900,
   35,       85.8,    181.027,     325.366,    323.836,
   36,       88.3,    180.997,     328.734,    327.615,
   37,       90.8,    180.949,     331.586,    331.237,
   38,       93.3,    181.012,     336.441,    334.707,
   39,       95.8,    180.956,     338.203,    338.026,
   40,       98.3,    180.930,     342.397,    341.197,
   41,      100.8,    180.915,     344.360,    344.223,
   42,      103.3,    180.997,     345.585,    347.109,
   43,      105.8,    180.938,     348.463,    349.857,
   44,      108.3,    181.027,     352.157,    352.472,
   45,      110.8,    180.994,     353.051,    354.956,
   46,      113.3,    181.031,     356.017,    357.314,
   47,      115.8,    181.117,     358.885,    359.550,
   48,      118.3,    180.949,     361.428,    361.667,
   49,      120.8,    181.027,     363.205,    363.670,
   50,      123.3,    180.975,     364.139,    365.563,
   51,      125.8,    180.971,     367.186,    367.349,
   52,      128.3,    180.923,     369.495,    369.033,
   53,      130.8,    181.072,     370.571,    370.617,
   54,      133.3,    180.997,     371.000,    372.108,
   55,      135.8,    181.035,     373.133,    373.508,
   56,      138.3,    181.050,     373.931,    374.820,
   57,      140.8,    180.982,     376.556,    376.049,
   58,      143.3,    180.994,     377.085,    377.199,
   59,      145.8,    180.971,     378.513,    378.272,
   60,      148.3,    181.027,     379.225,    379.272,
   61,      150.8,    180.945,     379.673,    380.203,
   62,      153.3,    180.964,     381.845,    381.068,
   63,      155.8,    180.900,     381.702,    381.869,
   64,      158.3,    180.971,     382.658,    382.610,
   65,      160.8,    181.061,     382.468,    383.292,
   66,      163.3,    181.128,     383.707,    383.920,
   67,      165.8,    180.994,     384.820,    384.497,
   68,      168.3,    181.027,     385.854,    385.024,
   69,      170.8,    181.061,     386.335,    385.504,
   70,      175.8,    179.908,     387.760,    387.670,
----,
DateTime:        , 2025/11/20, 13:10:07, 1763658607596,
RFID_EPC:        ,--Not Acquired--,
RFID_UserData:   ,--Not Acquired--,
Barcode:         ,--Not Acquired--,
PIF:,            0.00,
PARs:,            0.0,     0.0,     0.0,     0.0,     0.0,     0.0,
Light:,           0.0,     0.0,     0.0,     0.0,     0.0,     0.0,
Cycles:,            1,
                    1,      69,      70,      70,
Lamps:,        #10000,
Gain:,              2,     100, 
SNR_raw:,     312.91,
Position:,        0.0,              0.0,   NoData,
DataPt,      Time(us),   EX,         EM,       Fit,
==========,==========,==========,==========,=========,
    0,        0.0,      0.000,       0.000,    119.027,
    1,        0.8,    162.399,     118.843,    123.984,
    2,        3.3,    180.623,     130.184,    129.760,
    3,        5.8,    180.578,     140.383,    135.787,
    4,        8.3,    180.712,     144.982,    142.030,
    5,       10.8,    180.779,     151.289,    148.451,
    6,       13.3,    180.731,     157.140,    155.012,
    7,       15.8,    180.738,     162.113,    161.685,
    8,       18.3,    180.828,     167.563,    168.444,
    9,       20.8,    180.820,     173.653,    175.260,
   10,       23.3,    180.880,     181.059,    182.111,
   11,       25.8,    180.839,     187.183,    188.973,
   12,       28.3,    180.861,     194.624,    195.827,
   13,       30.8,    180.873,     202.076,    202.655,
   14,       33.3,    180.906,     210.330,    209.441,
   15,       35.8,    180.910,     214.748,    216.167,
   16,       38.3,    180.846,     222.012,    222.818,
   17,       40.8,    180.955,     227.681,    229.386,
   18,       43.3,    180.854,     233.337,    235.853,
   19,       45.8,    180.981,     240.910,    242.215,
   20,       48.3,    180.940,     246.767,    248.457,
   21,       50.8,    180.936,     253.957,    254.572,
   22,       53.3,    180.936,     260.313,    260.553,
   23,       55.8,    180.958,     266.912,    266.393,
   24,       58.3,    180.988,     272.670,    272.086,
   25,       60.8,    180.962,     278.235,    277.628,
   26,       63.3,    180.966,     284.584,    283.013,
   27,       65.8,    180.914,     289.088,    288.239,
   28,       68.3,    180.932,     294.309,    293.304,
   29,       70.8,    180.932,     300.389,    298.205,
   30,       73.3,    180.988,     303.611,    302.942,
   31,       75.8,    180.988,     308.860,    307.514,
   32,       78.3,    180.973,     313.582,    311.920,
   33,       80.8,    180.992,     317.141,    316.162,
   34,       83.3,    181.011,     320.976,    320.240,
   35,       85.8,    180.962,     324.654,    324.155,
   36,       88.3,    180.888,     328.657,    327.910,
   37,       90.8,    180.940,     332.155,    331.507,
   38,       93.3,    181.029,     336.686,    334.949,
   39,       95.8,    180.951,     339.318,    338.237,
   40,       98.3,    180.988,     342.564,    341.377,
   41,      100.8,    181.022,     344.434,    344.371,
   42,      103.3,    180.999,     347.239,    347.222,
   43,      105.8,    181.048,     349.907,    349.935,
   44,      108.3,    181.018,     352.451,    352.513,
   45,      110.8,    181.037,     353.519,    354.960,
   46,      113.3,    181.007,     356.064,    357.280,
   47,      115.8,    180.906,     357.920,    359.477,
   48,      118.3,    180.981,     360.536,    361.556,
   49,      120.8,    180.947,     362.813,    363.521,
   50,      123.3,    180.902,     365.114,    365.376,
   51,      125.8,    180.992,     365.762,    367.124,
   52,      128.3,    181.033,     367.060,    368.770,
   53,      130.8,    181.040,     369.807,    370.318,
   54,      133.3,    181.044,     370.904,    371.772,
   55,      135.8,    181.040,     372.016,    373.137,
   56,      138.3,    181.040,     372.845,    374.415,
   57,      140.8,    181.011,     375.669,    375.611,
   58,      143.3,    180.962,     375.493,    376.728,
   59,      145.8,    180.966,     376.867,    377.770,
   60,      148.3,    180.947,     377.734,    378.741,
   61,      150.8,    180.985,     379.867,    379.643,
   62,      153.3,    180.943,     380.229,    380.479,
   63,      155.8,    181.007,     380.648,    381.254,
   64,      158.3,    181.014,     381.738,    381.969,
   65,      160.8,    181.067,     382.732,    382.627,
   66,      163.3,    180.981,     384.295,    383.233,
   67,      165.8,    181.022,     385.313,    383.788,
   68,      168.3,    181.048,     386.638,    384.294,
   69,      170.8,    180.999,     387.294,    384.756,
   70,      175.8,    179.902,     387.634,    387.249,
----,
DateTime:        , 2025/11/20, 13:10:10, 1763658610353,
RFID_EPC:        ,--Not Acquired--,
RFID_UserData:   ,--Not Acquired--,
Barcode:         ,--Not Acquired--,
PIF:,            0.00,
PARs:,            0.0,     0.0,     0.0,     0.0,     0.0,     0.0,
Light:,           0.0,     0.0,     0.0,     0.0,     0.0,     0.0,
Cycles:,            1,
                    1,      69,      70,      70,
Lamps:,        #10000,
Gain:,              2,     100, 
SNR_raw:,     287.33,
Position:,        0.0,              0.0,   NoData,
DataPt,      Time(us),   EX,         EM,       Fit,
==========,==========,==========,==========,=========,
    0,        0.0,      0.000,       0.000,    120.070,
    1,        0.8,    162.309,     120.141,    124.940,
    2,        3.3,    180.637,     130.886,    130.635,
    3,        5.8,    180.738,     140.535,    136.594,
    4,        8.3,    180.757,     147.159,    142.772,
    5,       10.8,    180.690,     151.365,    149.125,
    6,       13.3,    180.716,     156.876,    155.622,
    7,       15.8,    180.828,     163.139,    162.231,
    8,       18.3,    180.887,     168.337,    168.924,
    9,       20.8,    180.813,     175.043,    175.670,
   10,       23.3,    180.872,     183.002,    182.449,
   11,       25.8,    180.846,     188.005,    189.238,
   12,       28.3,    180.898,     194.861,    196.018,
   13,       30.8,    180.869,     201.251,    202.769,
   14,       33.3,    180.820,     207.941,    209.475,
   15,       35.8,    180.876,     214.788,    216.123,
   16,       38.3,    180.913,     221.377,    222.700,
   17,       40.8,    180.925,     227.443,    229.192,
   18,       43.3,    180.940,     234.609,    235.588,
   19,       45.8,    180.954,     240.392,    241.878,
   20,       48.3,    180.936,     247.602,    248.051,
   21,       50.8,    180.932,     253.410,    254.101,
   22,       53.3,    180.906,     260.080,    260.019,
   23,       55.8,    180.992,     266.310,    265.801,
   24,       58.3,    180.969,     272.698,    271.439,
   25,       60.8,    180.895,     278.339,    276.927,
   26,       63.3,    180.936,     283.526,    282.265,
   27,       65.8,    180.880,     288.313,    287.445,
   28,       68.3,    180.958,     293.162,    292.469,
   29,       70.8,    180.921,     299.026,    297.332,
   30,       73.3,    181.051,     304.610,    302.036,
   31,       75.8,    180.954,     308.641,    306.576,
   32,       78.3,    181.029,     310.724,    310.955,
   33,       80.8,    180.981,     316.332,    315.171,
   34,       83.3,    180.992,     319.904,    319.226,
   35,       85.8,    180.940,     324.141,    323.121,
   36,       88.3,    180.995,     327.632,    326.858,
   37,       90.8,    180.906,     331.111,    330.437,
   38,       93.3,    180.913,     334.414,    333.863,
   39,       95.8,    180.943,     337.675,    337.138,
   40,       98.3,    180.981,     340.644,    340.265,
   41,      100.8,    181.014,     343.343,    343.247,
   42,      103.3,    180.988,     344.774,    346.088,
   43,      105.8,    181.018,     349.137,    348.790,
   44,      108.3,    181.063,     350.983,    351.359,
   45,      110.8,    181.010,     353.571,    353.797,
   46,      113.3,    180.966,     355.040,    356.108,
   47,      115.8,    180.951,     356.174,    358.297,
   48,      118.3,    181.014,     358.536,    360.367,
   49,      120.8,    180.925,     360.924,    362.323,
   50,      123.3,    180.884,     362.941,    364.169,
   51,      125.8,    180.917,     364.532,    365.908,
   52,      128.3,    181.022,     367.083,    367.545,
   53,      130.8,    181.014,     367.651,    369.084,
   54,      133.3,    181.055,     370.605,    370.528,
   55,      135.8,    181.033,     371.756,    371.883,
   56,      138.3,    181.033,     372.032,    373.150,
   57,      140.8,    180.984,     374.066,    374.336,
   58,      143.3,    181.010,     375.393,    375.442,
   59,      145.8,    180.977,     376.015,    376.472,
   60,      148.3,    180.954,     377.996,    377.430,
   61,      150.8,    180.943,     378.295,    378.320,
   62,      153.3,    181.029,     378.945,    379.144,
   63,      155.8,    180.999,     380.665,    379.905,
   64,      158.3,    181.055,     380.547,    380.606,
   65,      160.8,    180.958,     382.409,    381.252,
   66,      163.3,    181.096,     383.222,    381.843,
   67,      165.8,    181.018,     383.111,    382.384,
   68,      168.3,    181.037,     383.900,    382.876,
   69,      170.8,    180.969,     384.319,    383.323,
   70,      175.8,    179.966,     385.225,    385.281,
----,
DateTime:        , 2025/11/20, 13:10:13, 1763658613079,
RFID_EPC:        ,--Not Acquired--,
RFID_UserData:   ,--Not Acquired--,
Barcode:         ,--Not Acquired--,
PIF:,            0.00,
PARs:,            0.0,     0.0,     0.0,     0.0,     0.0,     0.0,
Light:,           0.0,     0.0,     0.0,     0.0,     0.0,     0.0,
Cycles:,            1,
                    1,      69,      70,      70,
Lamps:,        #10000,
Gain:,              2,     100, 
SNR_raw:,     262.44,
Position:,        0.0,              0.0,   NoData,
DataPt,      Time(us),   EX,         EM,       Fit,
==========,==========,==========,==========,=========,
    0,        0.0,      0.000,       0.000,    118.635,
    1,        0.8,    162.290,     117.999,    124.020,
    2,        3.3,    180.671,     129.754,    130.177,
    3,        5.8,    180.667,     140.313,    136.487,
    4,        8.3,    180.753,     146.332,    142.930,
    5,       10.8,    180.742,     151.044,    149.479,
    6,       13.3,    180.772,     158.211,    156.114,
    7,       15.8,    180.824,     163.419,    162.816,
    8,       18.3,    180.850,     169.478,    169.565,
    9,       20.8,    180.805,     175.603,    176.340,
   10,       23.3,    180.790,     181.979,    183.124,
   11,       25.8,    180.861,     189.372,    189.906,
   12,       28.3,    180.880,     195.157,    196.667,
   13,       30.8,    180.913,     201.754,    203.394,
   14,       33.3,    180.947,     208.072,    210.073,
   15,       35.8,    180.954,     215.800,    216.691,
   16,       38.3,    180.895,     220.294,    223.234,
   17,       40.8,    180.902,     228.024,    229.693,
   18,       43.3,    180.902,     235.210,    236.056,
   19,       45.8,    180.872,     241.607,    242.315,
   20,       48.3,    180.805,     247.504,    248.459,
   21,       50.8,    180.854,     252.690,    254.482,
   22,       53.3,    180.939,     260.861,    260.380,
   23,       55.8,    180.917,     266.973,    266.142,
   24,       58.3,    180.969,     272.698,    271.765,
   25,       60.8,    180.947,     278.258,    277.242,
   26,       63.3,    180.969,     283.473,    282.569,
   27,       65.8,    180.932,     289.335,    287.742,
   28,       68.3,    180.913,     292.958,    292.758,
   29,       70.8,    181.014,     298.596,    297.617,
   30,       73.3,    180.902,     302.373,    302.314,
   31,       75.8,    180.906,     306.789,    306.849,
   32,       78.3,    180.928,     312.555,    311.223,
   33,       80.8,    181.010,     316.833,    315.436,
   34,       83.3,    181.029,     320.391,    319.488,
   35,       85.8,    180.995,     323.489,    323.379,
   36,       88.3,    180.951,     327.714,    327.110,
   37,       90.8,    181.014,     332.295,    330.686,
   38,       93.3,    180.995,     334.815,    334.107,
   39,       95.8,    181.029,     338.067,    337.376,
   40,       98.3,    180.958,     340.134,    340.495,
   41,      100.8,    180.939,     344.038,    343.467,
   42,      103.3,    180.977,     345.348,    346.298,
   43,      105.8,    180.958,     348.699,    348.989,
   44,      108.3,    180.962,     350.903,    351.544,
   45,      110.8,    181.010,     352.466,    353.969,
   46,      113.3,    181.010,     355.781,    356.266,
   47,      115.8,    180.981,     358.602,    358.439,
   48,      118.3,    181.025,     358.513,    360.492,
   49,      120.8,    181.055,     361.216,    362.431,
   50,      123.3,    180.984,     362.739,    364.258,
   51,      125.8,    180.969,     364.703,    365.978,
   52,      128.3,    180.954,     366.667,    367.595,
   53,      130.8,    180.928,     368.102,    369.113,
   54,      133.3,    180.954,     369.706,    370.536,
   55,      135.8,    180.984,     371.027,    371.869,
   56,      138.3,    180.992,     372.945,    373.114,
   57,      140.8,    181.025,     373.428,    374.276,
   58,      143.3,    181.025,     374.257,    375.359,
   59,      145.8,    181.063,     375.285,    376.366,
   60,      148.3,    181.036,     375.891,    377.300,
   61,      150.8,    180.992,     377.365,    378.165,
   62,      153.3,    180.969,     379.346,    378.965,
   63,      155.8,    181.010,     381.194,    379.702,
   64,      158.3,    180.988,     381.517,    380.380,
   65,      160.8,    181.048,     381.667,    381.001,
   66,      163.3,    181.029,     381.983,    381.569,
   67,      165.8,    181.003,     383.695,    382.086,
   68,      168.3,    181.051,     383.869,    382.554,
   69,      170.8,    181.066,     384.389,    382.977,
   70,      175.8,    179.939,     384.642,    384.398,
----,
DateTime:        , 2025/11/20, 13:10:15, 1763658615803,
RFID_EPC:        ,--Not Acquired--,
RFID_UserData:   ,--Not Acquired--,
Barcode:         ,--Not Acquired--,
PIF:,            0.00,
PARs:,            0.0,     0.0,     0.0,     0.0,     0.0,     0.0,
Light:,           0.0,     0.0,     0.0,     0.0,     0.0,     0.0,
Cycles:,            1,
                    1,      69,      70,      70,
Lamps:,        #10000,
Gain:,              2,     100, 
SNR_raw:,     234.41,
Position:,        0.0,              0.0,   NoData,
DataPt,      Time(us),   EX,         EM,       Fit,
==========,==========,==========,==========,=========,
    0,        0.0,      0.000,       0.000,    117.949,
    1,        0.8,    162.295,     117.071,    123.017,
    2,        3.3,    180.635,     128.878,    128.916,
    3,        5.8,    180.664,     139.485,    135.062,
    4,        8.3,    180.717,     144.978,    141.414,
    5,       10.8,    180.773,     149.082,    147.933,
    6,       13.3,    180.799,     155.975,    154.586,
    7,       15.8,    180.832,     163.688,    161.341,
    8,       18.3,    180.840,     168.105,    168.170,
    9,       20.8,    180.873,     174.431,    175.047,
   10,       23.3,    180.832,     180.831,    181.946,
   11,       25.8,    180.896,     187.124,    188.850,
   12,       28.3,    180.825,     194.664,    195.734,
   13,       30.8,    180.821,     201.027,    202.583,
   14,       33.3,    180.892,     207.859,    209.383,
   15,       35.8,    180.814,     214.309,    216.114,
   16,       38.3,    180.911,     220.274,    222.767,
   17,       40.8,    180.914,     227.179,    229.328,
   18,       43.3,    180.967,     234.297,    235.786,
   19,       45.8,    180.836,     239.996,    242.128,
   20,       48.3,    180.892,     246.832,    248.348,
   21,       50.8,    180.903,     254.280,    254.438,
   22,       53.3,    180.959,     259.451,    260.391,
   23,       55.8,    180.892,     265.628,    266.198,
   24,       58.3,    180.918,     273.328,    271.857,
   25,       60.8,    180.952,     277.975,    277.363,
   26,       63.3,    180.933,     284.083,    282.710,
   27,       65.8,    180.955,     289.574,    287.897,
   28,       68.3,    181.041,     294.960,    292.923,
   29,       70.8,    181.060,     299.348,    297.785,
   30,       73.3,    181.000,     304.143,    302.481,
   31,       75.8,    181.052,     308.750,    307.012,
   32,       78.3,    180.959,     312.225,    311.376,
   33,       80.8,    181.004,     316.844,    315.576,
   34,       83.3,    180.996,     321.277,    319.612,
   35,       85.8,    180.982,     324.619,    323.486,
   36,       88.3,    180.952,     326.607,    327.200,
   37,       90.8,    180.922,     332.188,    330.757,
   38,       93.3,    180.948,     335.179,    334.158,
   39,       95.8,    181.030,     338.065,    337.408,
   40,       98.3,    181.045,     339.418,    340.510,
   41,      100.8,    180.996,     342.824,    343.466,
   42,      103.3,    181.041,     346.882,    346.281,
   43,      105.8,    181.008,     351.366,    348.957,
   44,      108.3,    180.974,     350.603,    351.500,
   45,      110.8,    180.952,     352.580,    353.913,
   46,      113.3,    180.967,     355.314,    356.200,
   47,      115.8,    180.944,     358.398,    358.365,
   48,      118.3,    180.974,     359.444,    360.413,
   49,      120.8,    180.985,     361.908,    362.347,
   50,      123.3,    181.041,     363.453,    364.172,
   51,      125.8,    181.011,     363.789,    365.892,
   52,      128.3,    181.008,     366.559,    367.510,
   53,      130.8,    181.008,     366.835,    369.032,
   54,      133.3,    180.948,     368.891,    370.461,
   55,      135.8,    181.015,     370.963,    371.800,
   56,      138.3,    181.004,     371.539,    373.054,
   57,      140.8,    180.982,     374.071,    374.226,
   58,      143.3,    180.940,     374.709,    375.321,
   59,      145.8,    180.948,     376.075,    376.341,
   60,      148.3,    180.993,     376.534,    377.290,
   61,      150.8,    181.045,     378.911,    378.170,
   62,      153.3,    181.004,     379.550,    378.986,
   63,      155.8,    181.038,     379.479,    379.741,
   64,      158.3,    181.034,     380.592,    380.437,
   65,      160.8,    181.026,     382.265,    381.078,
   66,      163.3,    181.004,     382.036,    381.666,
   67,      165.8,    180.974,     383.204,    382.204,
   68,      168.3,    180.970,     384.593,    382.694,
   69,      170.8,    180.914,     384.712,    383.140,
   70,      175.8,    179.922,     385.436,    385.317,
----,
DateTime:        , 2025/11/20, 13:10:18, 1763658618549,
RFID_EPC:        ,--Not Acquired--,
RFID_UserData:   ,--Not Acquired--,
Barcode:         ,--Not Acquired--,
PIF:,            0.00,
PARs:,            0.0,     0.0,     0.0,     0.0,     0.0,     0.0,
Light:,           0.0,     0.0,     0.0,     0.0,     0.0,     0.0,
Cycles:,            1,
                    1,      69,      70,      70,
Lamps:,        #10000,
Gain:,              2,     100, 
SNR_raw:,     225.03,
Position:,        0.0,              0.0,   NoData,
DataPt,      Time(us),   EX,         EM,       Fit,
==========,==========,==========,==========,=========,
    0,        0.0,      0.000,       0.000,    117.574,
    1,        0.8,    162.331,     119.509,    122.791,
    2,        3.3,    180.685,     130.918,    128.821,
    3,        5.8,    180.633,     141.170,    135.060,
    4,        8.3,    180.711,     146.366,    141.475,
    5,       10.8,    180.678,     151.098,    148.030,
    6,       13.3,    180.752,     155.738,    154.697,
    7,       15.8,    180.711,     162.691,    161.444,
    8,       18.3,    180.831,     169.219,    168.253,
    9,       20.8,    180.797,     174.505,    175.095,
   10,       23.3,    180.886,     181.329,    181.953,
   11,       25.8,    180.823,     188.582,    188.803,
   12,       28.3,    180.894,     194.589,    195.631,
   13,       30.8,    180.976,     201.132,    202.422,
   14,       33.3,    180.890,     208.137,    209.155,
   15,       35.8,    180.853,     214.539,    215.818,
   16,       38.3,    180.849,     221.732,    222.400,
   17,       40.8,    180.875,     226.399,    228.891,
   18,       43.3,    180.894,     234.668,    235.279,
   19,       45.8,    180.916,     238.508,    241.556,
   20,       48.3,    180.909,     246.809,    247.712,
   21,       50.8,    180.991,     253.880,    253.742,
   22,       53.3,    180.965,     259.166,    259.637,
   23,       55.8,    180.935,     265.841,    265.390,
   24,       58.3,    180.987,     271.290,    270.999,
   25,       60.8,    180.972,     277.943,    276.458,
   26,       63.3,    180.950,     282.122,    281.763,
   27,       65.8,    180.928,     289.342,    286.911,
   28,       68.3,    180.942,     293.187,    291.901,
   29,       70.8,    180.905,     297.946,    296.731,
   30,       73.3,    180.875,     302.418,    301.398,
   31,       75.8,    181.006,     306.896,    305.906,
   32,       78.3,    181.010,     310.757,    310.252,
   33,       80.8,    181.047,     315.940,    314.438,
   34,       83.3,    180.965,     318.570,    318.463,
   35,       85.8,    181.081,     324.441,    322.331,
   36,       88.3,    181.062,     326.684,    326.041,
   37,       90.8,    180.957,     331.293,    329.596,
   38,       93.3,    180.901,     334.160,    332.999,
   39,       95.8,    180.976,     337.890,    336.252,
   40,       98.3,    180.950,     339.597,    339.359,
   41,      100.8,    180.950,     343.189,    342.322,
   42,      103.3,    180.924,     344.897,    345.146,
   43,      105.8,    181.069,     346.828,    347.834,
   44,      108.3,    180.987,     349.748,    350.390,
   45,      110.8,    181.021,     350.512,    352.817,
   46,      113.3,    181.069,     353.180,    355.119,
   47,      115.8,    180.965,     355.594,    357.300,
   48,      118.3,    181.006,     357.999,    359.364,
   49,      120.8,    181.051,     361.225,    361.315,
   50,      123.3,    181.013,     362.404,    363.157,
   51,      125.8,    181.021,     364.875,    364.894,
   52,      128.3,    180.939,     365.870,    366.531,
   53,      130.8,    180.946,     367.789,    368.070,
   54,      133.3,    181.066,     370.584,    369.515,
   55,      135.8,    181.058,     370.323,    370.872,
   56,      138.3,    181.006,     371.811,    372.143,
   57,      140.8,    180.995,     373.215,    373.331,
   58,      143.3,    181.006,     373.469,    374.442,
   59,      145.8,    180.883,     374.828,    375.477,
   60,      148.3,    180.942,     374.981,    376.441,
   61,      150.8,    180.969,     376.861,    377.336,
   62,      153.3,    180.998,     377.351,    378.166,
   63,      155.8,    181.006,     378.993,    378.933,
   64,      158.3,    180.987,     379.861,    379.642,
   65,      160.8,    181.010,     380.643,    380.294,
   66,      163.3,    181.039,     381.409,    380.892,
   67,      165.8,    181.028,     381.156,    381.439,
   68,      168.3,    181.025,     384.478,    381.938,
   69,      170.8,    181.036,     384.454,    382.391,
   70,      175.8,    179.886,     384.324,    384.200,
----,
DateTime:        , 2025/11/20, 13:10:21, 1763658621279,
RFID_EPC:        ,--Not Acquired--,
RFID_UserData:   ,--Not Acquired--,
Barcode:         ,--Not Acquired--,
PIF:,            0.00,
PARs:,            0.0,     0.0,     0.0,     0.0,     0.0,     0.0,
Light:,           0.0,     0.0,     0.0,     0.0,     0.0,     0.0,
Cycles:,            1,
                    1,      69,      70,      70,
Lamps:,        #10000,
Gain:,              2,     100, 
SNR_raw:,     280.85,
Position:,        0.0,              0.0,   NoData,
DataPt,      Time(us),   EX,         EM,       Fit,
==========,==========,==========,==========,=========,
    0,        0.0,      0.000,       0.000,    118.356,
    1,        0.8,    162.356,     117.027,    123.470,
    2,        3.3,    180.571,     129.713,    129.417,
    3,        5.8,    180.709,     141.111,    135.612,
    4,        8.3,    180.739,     144.960,    142.008,
    5,       10.8,    180.754,     151.034,    148.565,
    6,       13.3,    180.859,     155.923,    155.250,
    7,       15.8,    180.847,     162.568,    162.027,
    8,       18.3,    180.810,     168.409,    168.868,
    9,       20.8,    180.877,     174.981,    175.747,
   10,       23.3,    180.847,     180.815,    182.641,
   11,       25.8,    180.795,     187.782,    189.525,
   12,       28.3,    180.829,     194.383,    196.384,
   13,       30.8,    180.806,     201.873,    203.199,
   14,       33.3,    180.859,     207.897,    209.955,
   15,       35.8,    180.806,     215.977,    216.635,
   16,       38.3,    180.907,     221.937,    223.232,
   17,       40.8,    180.918,     228.280,    229.730,
   18,       43.3,    180.963,     234.578,    236.120,
   19,       45.8,    180.903,     240.460,    242.391,
   20,       48.3,    181.053,     247.442,    248.539,
   21,       50.8,    180.963,     253.643,    254.552,
   22,       53.3,    180.959,     260.832,    260.426,
   23,       55.8,    180.851,     265.688,    266.152,
   24,       58.3,    180.929,     271.100,    271.730,
   25,       60.8,    180.896,     277.784,    277.154,
   26,       63.3,    180.959,     283.489,    282.424,
   27,       65.8,    180.911,     289.093,    287.533,
   28,       68.3,    180.952,     294.554,    292.484,
   29,       70.8,    181.041,     297.998,    297.274,
   30,       73.3,    180.937,     303.421,    301.901,
   31,       75.8,    181.004,     307.452,    306.367,
   32,       78.3,    180.993,     311.614,    310.671,
   33,       80.8,    181.004,     315.739,    314.816,
   34,       83.3,    180.956,     319.415,    318.801,
   35,       85.8,    180.952,     325.225,    322.629,
   36,       88.3,    180.915,     326.674,    326.302,
   37,       90.8,    180.922,     331.082,    329.822,
   38,       93.3,    180.963,     334.322,    333.192,
   39,       95.8,    181.015,     336.988,    336.416,
   40,       98.3,    181.071,     338.541,    339.496,
   41,      100.8,    180.952,     343.462,    342.436,
   42,      103.3,    181.064,     346.011,    345.238,
   43,      105.8,    181.045,     348.532,    347.908,
   44,      108.3,    180.929,     350.137,    350.447,
   45,      110.8,    180.944,     352.318,    352.861,
   46,      113.3,    180.944,     355.082,    355.152,
   47,      115.8,    181.026,     357.959,    357.325,
   48,      118.3,    180.963,     358.637,    359.385,
   49,      120.8,    180.952,     360.317,    361.334,
   50,      123.3,    180.974,     362.206,    363.176,
   51,      125.8,    181.041,     362.624,    364.916,
   52,      128.3,    181.008,     365.730,    366.558,
   53,      130.8,    181.053,     367.297,    368.105,
   54,      133.3,    181.038,     368.155,    369.560,
   55,      135.8,    181.019,     369.298,    370.928,
   56,      138.3,    180.967,     371.615,    372.213,
   57,      140.8,    181.012,     372.904,    373.417,
   58,      143.3,    180.948,     373.864,    374.545,
   59,      145.8,    180.952,     375.238,    375.599,
   60,      148.3,    180.985,     375.168,    376.583,
   61,      150.8,    181.030,     377.285,    377.499,
   62,      153.3,    181.056,     378.612,    378.350,
   63,      155.8,    181.015,     379.802,    379.142,
   64,      158.3,    180.997,     379.841,    379.875,
   65,      160.8,    181.086,     380.482,    380.551,
   66,      163.3,    181.004,     381.759,    381.176,
   67,      165.8,    180.985,     382.075,    381.751,
   68,      168.3,    180.948,     383.812,    382.278,
   69,      170.8,    180.952,     383.804,    382.759,
   70,      175.8,    179.907,     385.249,    385.050,
----,
DateTime:        , 2025/11/20, 13:10:24, 1763658624014,
RFID_EPC:        ,--Not Acquired--,
RFID_UserData:   ,--Not Acquired--,
Barcode:         ,--Not Acquired--,
PIF:,            0.00,
PARs:,            0.0,     0.0,     0.0,     0.0,     0.0,     0.0,
Light:,           0.0,     0.0,     0.0,     0.0,     0.0,     0.0,
Cycles:,            1,
                    1,      69,      70,      70,
Lamps:,        #10000,
Gain:,              2,     100, 
SNR_raw:,     273.76,
Position:,        0.0,              0.0,   NoData,
DataPt,      Time(us),   EX,         EM,       Fit,
==========,==========,==========,==========,=========,
    0,        0.0,      0.000,       0.000,    116.971,
    1,        0.8,    162.291,     118.614,    122.212,
    2,        3.3,    180.585,     129.454,    128.253,
    3,        5.8,    180.690,     139.189,    134.495,
    4,        8.3,    180.667,     143.358,    140.902,
    5,       10.8,    180.727,     149.397,    147.445,
    6,       13.3,    180.798,     155.699,    154.097,
    7,       15.8,    180.783,     161.243,    160.829,
    8,       18.3,    180.794,     166.488,    167.618,
    9,       20.8,    180.869,     174.160,    174.443,
   10,       23.3,    180.775,     180.611,    181.280,
   11,       25.8,    180.798,     187.502,    188.112,
   12,       28.3,    180.764,     193.899,    194.921,
   13,       30.8,    180.876,     200.966,    201.695,
   14,       33.3,    180.884,     207.592,    208.415,
   15,       35.8,    180.861,     214.806,    215.068,
   16,       38.3,    180.910,     219.170,    221.643,
   17,       40.8,    180.951,     227.686,    228.128,
   18,       43.3,    180.962,     232.922,    234.511,
   19,       45.8,    180.962,     238.724,    240.784,
   20,       48.3,    180.951,     246.476,    246.937,
   21,       50.8,    180.928,     252.586,    252.963,
   22,       53.3,    180.913,     258.687,    258.855,
   23,       55.8,    180.932,     264.188,    264.607,
   24,       58.3,    180.951,     270.239,    270.215,
   25,       60.8,    180.925,     275.806,    275.674,
   26,       63.3,    180.921,     282.168,    280.979,
   27,       65.8,    180.940,     286.836,    286.130,
   28,       68.3,    180.958,     291.780,    291.123,
   29,       70.8,    181.029,     296.361,    295.958,
   30,       73.3,    180.966,     302.267,    300.632,
   31,       75.8,    181.003,     307.454,    305.146,
   32,       78.3,    181.007,     311.038,    309.499,
   33,       80.8,    181.055,     314.821,    313.692,
   34,       83.3,    180.951,     319.700,    317.725,
   35,       85.8,    180.932,     322.497,    321.601,
   36,       88.3,    180.936,     326.635,    325.320,
   37,       90.8,    180.951,     329.924,    328.886,
   38,       93.3,    180.962,     333.219,    332.301,
   39,       95.8,    181.014,     335.885,    335.568,
   40,       98.3,    181.044,     338.592,    338.690,
   41,      100.8,    181.051,     342.444,    341.670,
   42,      103.3,    181.085,     343.485,    344.510,
   43,      105.8,    181.007,     347.225,    347.215,
   44,      108.3,    180.995,     350.009,    349.789,
   45,      110.8,    180.973,     352.539,    352.234,
   46,      113.3,    180.951,     353.687,    354.556,
   47,      115.8,    180.869,     355.507,    356.757,
   48,      118.3,    180.943,     357.847,    358.842,
   49,      120.8,    180.932,     358.698,    360.815,
   50,      123.3,    181.003,     362.425,    362.679,
   51,      125.8,    181.059,     363.418,    364.439,
   52,      128.3,    181.025,     364.590,    366.099,
   53,      130.8,    181.048,     366.202,    367.662,
   54,      133.3,    181.010,     368.211,    369.132,
   55,      135.8,    180.995,     369.899,    370.513,
   56,      138.3,    180.981,     370.758,    371.809,
   57,      140.8,    181.010,     371.526,    373.023,
   58,      143.3,    180.954,     373.022,    374.159,
   59,      145.8,    180.973,     374.089,    375.220,
   60,      148.3,    180.966,     376.315,    376.210,
   61,      150.8,    181.007,     377.058,    377.130,
   62,      153.3,    181.048,     377.801,    377.986,
   63,      155.8,    181.018,     378.968,    378.779,
   64,      158.3,    181.037,     379.758,    379.514,
   65,      160.8,    181.003,     380.933,    380.192,
   66,      163.3,    181.025,     380.333,    380.816,
   67,      165.8,    181.025,     383.372,    381.389,
   68,      168.3,    181.063,     383.017,    381.914,
   69,      170.8,    180.951,     384.082,    382.393,
   70,      175.8,    179.981,     385.077,    384.645,
----,
DateTime:        , 2025/11/20, 13:10:26, 1763658626768,
RFID_EPC:        ,--Not Acquired--,
RFID_UserData:   ,--Not Acquired--,
Barcode:         ,--Not Acquired--,
PIF:,            0.00,
PARs:,            0.0,     0.0,     0.0,     0.0,     0.0,     0.0,
Light:,           0.0,     0.0,     0.0,     0.0,     0.0,     0.0,
Cycles:,            1,
                    1,      69,      70,      70,
Lamps:,        #10000,
Gain:,              2,     100, 
SNR_raw:,     249.42,
Position:,        0.0,              0.0,   NoData,
DataPt,      Time(us),   EX,         EM,       Fit,
==========,==========,==========,==========,=========,
    0,        0.0,      0.000,       0.000,    117.797,
    1,        0.8,    162.342,     117.345,    122.955,
    2,        3.3,    180.606,     129.408,    128.915,
    3,        5.8,    180.759,     140.242,    135.091,
    4,        8.3,    180.703,     145.542,    141.442,
    5,       10.8,    180.808,     150.436,    147.940,
    6,       13.3,    180.662,     156.369,    154.547,
    7,       15.8,    180.771,     162.084,    161.245,
    8,       18.3,    180.771,     168.169,    168.006,
    9,       20.8,    180.789,     173.959,    174.806,
   10,       23.3,    180.819,     180.014,    181.626,
   11,       25.8,    180.845,     187.453,    188.446,
   12,       28.3,    180.838,     193.267,    195.247,
   13,       30.8,    180.894,     200.670,    202.014,
   14,       33.3,    180.920,     206.721,    208.732,
   15,       35.8,    180.886,     213.947,    215.384,
   16,       38.3,    180.804,     220.404,    221.957,
   17,       40.8,    180.890,     225.828,    228.444,
   18,       43.3,    180.883,     231.918,    234.830,
   19,       45.8,    180.842,     239.713,    241.106,
   20,       48.3,    180.916,     247.352,    247.266,
   21,       50.8,    180.890,     253.192,    253.300,
   22,       53.3,    180.957,     259.454,    259.202,
   23,       55.8,    180.946,     265.825,    264.965,
   24,       58.3,    180.939,     270.257,    270.583,
   25,       60.8,    180.935,     276.343,    276.052,
   26,       63.3,    180.957,     282.940,    281.368,
   27,       65.8,    180.968,     288.172,    286.529,
   28,       68.3,    180.886,     292.725,    291.530,
   29,       70.8,    180.998,     296.964,    296.373,
   30,       73.3,    180.935,     302.319,    301.053,
   31,       75.8,    180.972,     308.335,    305.572,
   32,       78.3,    180.965,     311.939,    309.929,
   33,       80.8,    180.939,     315.300,    314.124,
   34,       83.3,    180.924,     320.025,    318.159,
   35,       85.8,    180.972,     323.254,    322.034,
   36,       88.3,    181.032,     325.910,    325.753,
   37,       90.8,    180.961,     330.734,    329.316,
   38,       93.3,    180.968,     333.760,    332.726,
   39,       95.8,    180.957,     336.820,    335.986,
   40,       98.3,    181.021,     339.464,    339.099,
   41,      100.8,    181.002,     342.538,    342.069,
   42,      103.3,    180.950,     345.400,    344.897,
   43,      105.8,    180.995,     347.801,    347.589,
   44,      108.3,    181.065,     350.702,    350.149,
   45,      110.8,    181.021,     351.341,    352.578,
   46,      113.3,    181.077,     353.994,    354.883,
   47,      115.8,    180.983,     357.215,    357.066,
   48,      118.3,    180.995,     358.298,    359.132,
   49,      120.8,    180.983,     359.702,    361.085,
   50,      123.3,    180.968,     362.218,    362.928,
   51,      125.8,    180.953,     363.353,    364.666,
   52,      128.3,    180.935,     364.220,    366.303,
   53,      130.8,    181.024,     365.697,    367.843,
   54,      133.3,    181.021,     368.190,    369.289,
   55,      135.8,    181.092,     369.150,    370.646,
   56,      138.3,    181.006,     370.983,    371.917,
   57,      140.8,    181.021,     370.676,    373.106,
   58,      143.3,    181.062,     374.458,    374.217,
   59,      145.8,    181.017,     374.274,    375.252,
   60,      148.3,    181.002,     376.515,    376.217,
   61,      150.8,    180.987,     377.099,    377.113,
   62,      153.3,    180.961,     377.429,    377.944,
   63,      155.8,    180.983,     379.040,    378.713,
   64,      158.3,    180.980,     379.877,    379.424,
   65,      160.8,    181.021,     380.620,    380.077,
   66,      163.3,    181.043,     382.230,    380.678,
   67,      165.8,    181.088,     382.687,    381.227,
   68,      168.3,    181.036,     382.522,    381.729,
   69,      170.8,    181.099,     384.596,    382.185,
   70,      175.8,    179.961,     384.209,    384.058,
----,
DateTime:        , 2025/11/20, 13:10:29, 1763658629470,
RFID_EPC:        ,--Not Acquired--,
RFID_UserData:   ,--Not Acquired--,
Barcode:         ,--Not Acquired--,
PIF:,            0.00,
PARs:,            0.0,     0.0,     0.0,     0.0,     0.0,     0.0,
Light:,           0.0,     0.0,     0.0,     0.0,     0.0,     0.0,
Cycles:,            1,
                    1,      69,      70,      70,
Lamps:,        #10000,
Gain:,              2,     100, 
SNR_raw:,     265.25,
Position:,        0.0,              0.0,   NoData,
DataPt,      Time(us),   EX,         EM,       Fit,
==========,==========,==========,==========,=========,
    0,        0.0,      0.000,       0.000,    116.780,
    1,        0.8,    162.332,     117.352,    122.093,
    2,        3.3,    180.623,     128.556,    128.189,
    3,        5.8,    180.709,     138.621,    134.464,
    4,        8.3,    180.757,     145.499,    140.887,
    5,       10.8,    180.660,     148.345,    147.427,
    6,       13.3,    180.821,     156.232,    154.067,
    7,       15.8,    180.769,     161.809,    160.777,
    8,       18.3,    180.817,     167.020,    167.540,
    9,       20.8,    180.769,     172.873,    174.333,
   10,       23.3,    180.869,     181.346,    181.140,
   11,       25.8,    180.825,     186.921,    187.942,
   12,       28.3,    180.896,     193.482,    194.724,
   13,       30.8,    180.877,     198.478,    201.470,
   14,       33.3,    180.877,     207.047,    208.166,
   15,       35.8,    180.877,     213.681,    214.799,
   16,       38.3,    180.896,     219.187,    221.357,
   17,       40.8,    180.851,     225.047,    227.827,
   18,       43.3,    180.918,     232.702,    234.202,
   19,       45.8,    180.884,     239.932,    240.469,
   20,       48.3,    180.858,     246.049,    246.621,
   21,       50.8,    180.888,     252.642,    252.650,
   22,       53.3,    180.892,     258.718,    258.549,
   23,       55.8,    180.896,     265.623,    264.312,
   24,       58.3,    180.918,     270.565,    269.933,
   25,       60.8,    181.037,     278.119,    275.410,
   26,       63.3,    180.974,     283.190,    280.735,
   27,       65.8,    180.993,     287.028,    285.905,
   28,       68.3,    181.019,     291.683,    290.918,
   29,       70.8,    180.993,     298.079,    295.772,
   30,       73.3,    180.940,     301.481,    300.463,
   31,       75.8,    180.996,     306.360,    304.994,
   32,       78.3,    180.862,     310.734,    309.361,
   33,       80.8,    180.948,     315.561,    313.567,
   34,       83.3,    180.948,     318.048,    317.612,
   35,       85.8,    181.030,     321.770,    321.498,
   36,       88.3,    181.004,     326.236,    325.225,
   37,       90.8,    180.993,     329.019,    328.796,
   38,       93.3,    181.011,     332.852,    332.213,
   39,       95.8,    181.082,     336.312,    335.479,
   40,       98.3,    181.034,     339.716,    338.596,
   41,      100.8,    180.996,     342.272,    341.567,
   42,      103.3,    180.933,     344.603,    344.396,
   43,      105.8,    180.966,     346.749,    347.087,
   44,      108.3,    180.966,     349.236,    349.643,
   45,      110.8,    181.015,     352.181,    352.069,
   46,      113.3,    180.929,     353.453,    354.368,
   47,      115.8,    180.981,     356.114,    356.544,
   48,      118.3,    181.022,     356.862,    358.602,
   49,      120.8,    180.978,     359.713,    360.545,
   50,      123.3,    181.056,     361.214,    362.378,
   51,      125.8,    181.022,     364.043,    364.105,
   52,      128.3,    180.993,     364.103,    365.730,
   53,      130.8,    181.004,     366.015,    367.257,
   54,      133.3,    180.978,     368.001,    368.689,
   55,      135.8,    180.903,     367.600,    370.031,
   56,      138.3,    181.000,     370.166,    371.287,
   57,      140.8,    181.015,     371.792,    372.461,
   58,      143.3,    181.063,     373.350,    373.555,
   59,      145.8,    180.959,     373.842,    374.575,
   60,      148.3,    181.049,     375.866,    375.523,
   61,      150.8,    181.015,     375.107,    376.402,
   62,      153.3,    180.985,     377.379,    377.216,
   63,      155.8,    181.004,     378.445,    377.968,
   64,      158.3,    180.974,     380.718,    378.662,
   65,      160.8,    181.022,     379.235,    379.299,
   66,      163.3,    181.007,     381.200,    379.883,
   67,      165.8,    181.052,     382.486,    380.417,
   68,      168.3,    180.981,     382.084,    380.903,
   69,      170.8,    181.037,     384.451,    381.343,
   70,      175.8,    179.952,     382.484,    382.560,
----,
DateTime:        , 2025/11/20, 13:10:32, 1763658632171,
RFID_EPC:        ,--Not Acquired--,
RFID_UserData:   ,--Not Acquired--,
Barcode:         ,--Not Acquired--,
PIF:,            0.00,
PARs:,            0.0,     0.0,     0.0,     0.0,     0.0,     0.0,
Light:,           0.0,     0.0,     0.0,     0.0,     0.0,     0.0,
Cycles:,            1,
                    1,      69,      70,      70,
Lamps:,        #10000,
Gain:,              2,     100, 
SNR_raw:,     285.02,
Position:,        0.0,              0.0,   NoData,
DataPt,      Time(us),   EX,         EM,       Fit,
==========,==========,==========,==========,=========,
    0,        0.0,      0.000,       0.000,    117.248,
    1,        0.8,    162.322,     117.359,    122.371,
    2,        3.3,    180.535,     129.020,    128.307,
    3,        5.8,    180.647,     139.499,    134.473,
    4,        8.3,    180.721,     144.698,    140.828,
    5,       10.8,    180.781,     150.182,    147.336,
    6,       13.3,    180.796,     155.977,    153.965,
    7,       15.8,    180.796,     161.508,    160.684,
    8,       18.3,    180.785,     166.773,    167.468,
    9,       20.8,    180.852,     172.793,    174.293,
   10,       23.3,    180.815,     180.572,    181.136,
   11,       25.8,    180.829,     187.193,    187.978,
   12,       28.3,    180.893,     192.655,    194.801,
   13,       30.8,    180.859,     200.156,    201.585,
   14,       33.3,    180.893,     208.134,    208.318,
   15,       35.8,    180.826,     212.912,    214.982,
   16,       38.3,    180.941,     220.513,    221.570,
   17,       40.8,    180.915,     227.178,    228.065,
   18,       43.3,    181.001,     232.043,    234.459,
   19,       45.8,    180.986,     238.416,    240.741,
   20,       48.3,    180.930,     245.951,    246.901,
   21,       50.8,    180.979,     252.240,    252.933,
   22,       53.3,    180.919,     259.232,    258.828,
   23,       55.8,    180.938,     263.903,    264.582,
   24,       58.3,    180.867,     271.194,    270.187,
   25,       60.8,    180.904,     276.942,    275.642,
   26,       63.3,    180.841,     282.569,    280.940,
   27,       65.8,    181.009,     286.174,    286.083,
   28,       68.3,    180.994,     291.723,    291.065,
   29,       70.8,    181.020,     296.100,    295.885,
   30,       73.3,    180.960,     302.277,    300.542,
   31,       75.8,    180.979,     307.218,    305.034,
   32,       78.3,    181.031,     310.720,    309.364,
   33,       80.8,    180.960,     315.539,    313.530,
   34,       83.3,    180.919,     318.375,    317.533,
   35,       85.8,    180.912,     323.362,    321.376,
   36,       88.3,    181.046,     324.780,    325.061,
   37,       90.8,    180.889,     329.484,    328.589,
   38,       93.3,    181.035,     333.085,    331.964,
   39,       95.8,    180.915,     334.963,    335.188,
   40,       98.3,    181.068,     338.270,    338.264,
   41,      100.8,    180.994,     340.896,    341.196,
   42,      103.3,    180.960,     342.617,    343.986,
   43,      105.8,    180.979,     345.068,    346.640,
   44,      108.3,    180.982,     348.929,    349.160,
   45,      110.8,    180.949,     350.928,    351.550,
   46,      113.3,    180.941,     353.153,    353.815,
   47,      115.8,    180.908,     355.706,    355.959,
   48,      118.3,    180.882,     357.692,    357.985,
   49,      120.8,    180.956,     359.755,    359.898,
   50,      123.3,    180.990,     360.794,    361.702,
   51,      125.8,    181.068,     362.018,    363.402,
   52,      128.3,    180.960,     364.169,    365.000,
   53,      130.8,    181.117,     365.786,    366.502,
   54,      133.3,    181.031,     367.341,    367.911,
   55,      135.8,    181.012,     367.378,    369.230,
   56,      138.3,    180.979,     369.657,    370.465,
   57,      140.8,    181.012,     370.969,    371.618,
   58,      143.3,    181.038,     370.640,    372.693,
   59,      145.8,    180.994,     374.046,    373.694,
   60,      148.3,    180.982,     374.346,    374.624,
   61,      150.8,    181.005,     375.128,    375.486,
   62,      153.3,    180.990,     376.264,    376.284,
   63,      155.8,    181.087,     376.891,    377.020,
   64,      158.3,    181.031,     379.217,    377.698,
   65,      160.8,    180.986,     378.482,    378.321,
   66,      163.3,    181.035,     380.590,    378.891,
   67,      165.8,    181.046,     379.738,    379.411,
   68,      168.3,    180.990,     381.789,    379.884,
   69,      170.8,    181.035,     381.971,    380.311,
   70,      175.8,    179.956,     382.161,    382.067,
----,
DateTime:        , 2025/11/20, 13:10:35, 1763658634891,
RFID_EPC:        ,--Not Acquired--,
RFID_UserData:   ,--Not Acquired--,
Barcode:         ,--Not Acquired--,
PIF:,            0.00,
PARs:,            0.0,     0.0,     0.0,     0.0,     0.0,     0.0,
Light:,           0.0,     0.0,     0.0,     0.0,     0.0,     0.0,
Cycles:,            1,
                    1,      69,      70,      70,
Lamps:,        #10000,
Gain:,              2,     100, 
SNR_raw:,     261.11,
Position:,        0.0,              0.0,   NoData,
DataPt,      Time(us),   EX,         EM,       Fit,
==========,==========,==========,==========,=========,
    0,        0.0,      0.000,       0.000,    117.210,
    1,        0.8,    162.222,     118.356,    122.362,
    2,        3.3,    180.681,     129.620,    128.352,
    3,        5.8,    180.704,     139.731,    134.579,
    4,        8.3,    180.689,     144.724,    141.000,
    5,       10.8,    180.797,     150.445,    147.579,
    6,       13.3,    180.778,     156.822,    154.278,
    7,       15.8,    180.760,     162.370,    161.066,
    8,       18.3,    180.723,     168.214,    167.914,
    9,       20.8,    180.805,     174.498,    174.801,
   10,       23.3,    180.805,     180.305,    181.700,
   11,       25.8,    180.887,     185.752,    188.594,
   12,       28.3,    180.876,     193.503,    195.461,
   13,       30.8,    180.861,     200.984,    202.283,
   14,       33.3,    180.924,     206.993,    209.048,
   15,       35.8,    180.887,     213.117,    215.738,
   16,       38.3,    180.890,     220.576,    222.341,
   17,       40.8,    180.827,     226.183,    228.845,
   18,       43.3,    180.883,     234.406,    235.243,
   19,       45.8,    180.935,     240.970,    241.524,
   20,       48.3,    180.861,     246.875,    247.678,
   21,       50.8,    180.917,     252.879,    253.701,
   22,       53.3,    180.943,     259.198,    259.586,
   23,       55.8,    180.987,     265.212,    265.327,
   24,       58.3,    180.939,     270.257,    270.918,
   25,       60.8,    181.010,     276.504,    276.358,
   26,       63.3,    180.954,     282.945,    281.641,
   27,       65.8,    180.793,     288.451,    286.764,
   28,       68.3,    180.969,     293.697,    291.729,
   29,       70.8,    180.920,     297.921,    296.532,
   30,       73.3,    180.853,     301.626,    301.173,
   31,       75.8,    180.902,     305.967,    305.653,
   32,       78.3,    180.976,     311.643,    309.972,
   33,       80.8,    181.021,     314.604,    314.131,
   34,       83.3,    181.047,     319.806,    318.132,
   35,       85.8,    180.999,     323.483,    321.975,
   36,       88.3,    180.965,     326.859,    325.662,
   37,       90.8,    180.995,     329.567,    329.196,
   38,       93.3,    180.969,     332.378,    332.580,
   39,       95.8,    180.965,     336.529,    335.817,
   40,       98.3,    180.950,     340.425,    338.909,
   41,      100.8,    181.025,     342.495,    341.860,
   42,      103.3,    180.991,     345.044,    344.674,
   43,      105.8,    180.946,     347.893,    347.353,
   44,      108.3,    181.017,     349.414,    349.903,
   45,      110.8,    180.995,     353.049,    352.326,
   46,      113.3,    180.995,     353.877,    354.626,
   47,      115.8,    181.021,     356.312,    356.808,
   48,      118.3,    181.051,     357.910,    358.875,
   49,      120.8,    181.040,     360.971,    360.830,
   50,      123.3,    181.002,     360.769,    362.679,
   51,      125.8,    180.973,     362.762,    364.425,
   52,      128.3,    181.032,     364.024,    366.072,
   53,      130.8,    180.976,     366.346,    367.623,
   54,      133.3,    180.984,     368.818,    369.083,
   55,      135.8,    181.014,     369.586,    370.454,
   56,      138.3,    181.043,     371.458,    371.741,
   57,      140.8,    181.051,     371.166,    372.947,
   58,      143.3,    180.999,     372.655,    374.076,
   59,      145.8,    180.999,     374.036,    375.131,
   60,      148.3,    181.043,     374.496,    376.115,
   61,      150.8,    181.032,     375.900,    377.031,
   62,      153.3,    180.965,     377.973,    377.884,
   63,      155.8,    181.025,     378.677,    378.674,
   64,      158.3,    180.980,     380.153,    379.406,
   65,      160.8,    181.002,     380.382,    380.082,
   66,      163.3,    181.055,     381.100,    380.705,
   67,      165.8,    181.025,     382.268,    381.277,
   68,      168.3,    181.036,     383.625,    381.801,
   69,      170.8,    181.058,     383.578,    382.279,
   70,      175.8,    179.958,     384.781,    384.498,
