----,
DateTime:        , 2025/11/18, 18:12:48, 1763503967868,
RFID_EPC:        ,--Not Acquired--,
RFID_UserData:   ,--Not Acquired--,
Barcode:         ,--Not Acquired--,
PIF:,            0.00,
PARs:,            0.0,     0.0,     0.0,     0.0,     0.0,     0.0,
Light:,           0.0,     0.0,     0.0,     0.0,     0.0,     0.0,
Cycles:,            1,
                    1,      69,      70,      70,
Lamps:,        #10000,
Gain:,              5,      25, 
SNR_raw:,     705.60,
Position:,        0.0,              0.0,   NoData,
DataPt,      Time(us),   EX,         EM,       Fit,
==========,==========,==========,==========,=========,
    0,        0.0,      0.000,       0.000,    252.790,
    1,        0.8,    163.909,     255.141,    258.440,
    2,        3.3,    179.964,     266.392,    265.114,
    3,        5.8,    180.095,     276.631,    272.197,
    4,        8.3,    180.240,     282.180,    279.578,
    5,       10.8,    180.305,     289.176,    287.165,
    6,       13.3,    180.358,     295.635,    294.882,
    7,       15.8,    180.397,     302.666,    302.667,
    8,       18.3,    180.555,     309.048,    310.472,
    9,       20.8,    180.555,     316.248,    318.252,
   10,       23.3,    180.555,     323.891,    325.970,
   11,       25.8,    180.502,     331.298,    333.597,
   12,       28.3,    180.463,     339.682,    341.110,
   13,       30.8,    180.659,     346.951,    348.495,
   14,       33.3,    180.633,     353.977,    355.732,
   15,       35.8,    180.738,     361.186,    362.812,
   16,       38.3,    180.712,     368.432,    369.721,
   17,       40.8,    180.843,     375.464,    376.455,
   18,       43.3,    180.974,     382.817,    383.008,
   19,       45.8,    180.869,     389.121,    389.373,
   20,       48.3,    180.987,     396.271,    395.549,
   21,       50.8,    180.843,     402.338,    401.533,
   22,       53.3,    180.922,     408.132,    407.325,
   23,       55.8,    180.948,     413.931,    412.925,
   24,       58.3,    180.935,     419.267,    418.334,
   25,       60.8,    180.843,     424.788,    423.554,
   26,       63.3,    180.935,     429.768,    428.587,
   27,       65.8,    180.961,     434.679,    433.435,
   28,       68.3,    180.843,     439.165,    438.102,
   29,       70.8,    180.935,     444.027,    442.592,
   30,       73.3,    181.040,     448.078,    446.908,
   31,       75.8,    180.948,     452.395,    451.054,
   32,       78.3,    181.027,     455.955,    455.035,
   33,       80.8,    180.974,     460.286,    458.854,
   34,       83.3,    180.935,     463.482,    462.515,
   35,       85.8,    180.987,     465.778,    466.025,
   36,       88.3,    180.882,     470.250,    469.386,
   37,       90.8,    181.289,     472.836,    472.603,
   38,       93.3,    181.158,     475.276,    475.682,
   39,       95.8,    181.053,     478.865,    478.628,
   40,       98.3,    181.119,     480.790,    481.444,
   41,      100.8,    181.105,     483.475,    484.135,
   42,      103.3,    180.935,     485.921,    486.707,
   43,      105.8,    181.053,     488.365,    489.162,
   44,      108.3,    181.079,     490.945,    491.505,
   45,      110.8,    181.105,     493.083,    493.740,
   46,      113.3,    181.092,     494.665,    495.873,
   47,      115.8,    180.974,     497.308,    497.908,
   48,      118.3,    181.079,     499.340,    499.846,
   49,      120.8,    180.974,     501.508,    501.695,
   50,      123.3,    181.145,     502.802,    503.454,
   51,      125.8,    181.053,     504.162,    505.131,
   52,      128.3,    181.276,     505.417,    506.725,
   53,      130.8,    181.197,     507.182,    508.244,
   54,      133.3,    181.000,     508.728,    509.693,
   55,      135.8,    181.053,     510.237,    511.071,
   56,      138.3,    181.145,     511.856,    512.380,
   57,      140.8,    181.105,     513.403,    513.626,
   58,      143.3,    181.237,     514.024,    514.810,
   59,      145.8,    181.132,     515.537,    515.937,
   60,      148.3,    181.105,     517.047,    517.009,
   61,      150.8,    181.276,     518.326,    518.025,
   62,      153.3,    181.040,     519.775,    518.995,
   63,      155.8,    181.237,     520.425,    519.913,
   64,      158.3,    181.158,     521.865,    520.787,
   65,      160.8,    181.328,     522.257,    521.615,
   66,      163.3,    181.105,     522.900,    522.405,
   67,      165.8,    181.171,     524.918,    523.154,
   68,      168.3,    181.000,     525.302,    523.869,
   69,      170.8,    181.197,     526.498,    524.543,
   70,      175.8,    179.951,     526.810,    528.275,
----,
DateTime:        , 2025/11/18, 18:12:52, 1763503972406,
RFID_EPC:        ,--Not Acquired--,
RFID_UserData:   ,--Not Acquired--,
Barcode:         ,--Not Acquired--,
PIF:,            0.00,
PARs:,            0.0,     0.0,     0.0,     0.0,     0.0,     0.0,
Light:,           0.0,     0.0,     0.0,     0.0,     0.0,     0.0,
Cycles:,            1,
                    1,      69,      70,      70,
Lamps:,        #10000,
Gain:,              5,      25, 
SNR_raw:,     730.52,
Position:,        0.0,              0.0,   NoData,
DataPt,      Time(us),   EX,         EM,       Fit,
==========,==========,==========,==========,=========,
    0,        0.0,      0.000,       0.000,    273.364,
    1,        0.8,    164.136,     274.650,    279.097,
    2,        3.3,    180.111,     285.852,    285.557,
    3,        5.8,    180.307,     296.050,    292.166,
    4,        8.3,    180.229,     301.728,    298.867,
    5,       10.8,    180.255,     307.564,    305.620,
    6,       13.3,    180.478,     312.725,    312.397,
    7,       15.8,    180.609,     317.924,    319.163,
    8,       18.3,    180.504,     325.311,    325.883,
    9,       20.8,    180.439,     332.302,    332.538,
   10,       23.3,    180.635,     338.694,    339.113,
   11,       25.8,    180.557,     344.490,    345.584,
   12,       28.3,    180.766,     351.061,    351.946,
   13,       30.8,    180.753,     356.840,    358.180,
   14,       33.3,    180.871,     362.910,    364.280,
   15,       35.8,    180.806,     369.568,    370.234,
   16,       38.3,    180.989,     375.160,    376.040,
   17,       40.8,    180.793,     380.878,    381.687,
   18,       43.3,    180.845,     387.514,    387.175,
   19,       45.8,    180.806,     392.355,    392.501,
   20,       48.3,    180.727,     397.837,    397.661,
   21,       50.8,    180.648,     403.657,    402.656,
   22,       53.3,    180.924,     408.017,    407.489,
   23,       55.8,    181.081,     412.522,    412.161,
   24,       58.3,    180.937,     417.273,    416.669,
   25,       60.8,    180.976,     421.713,    421.016,
   26,       63.3,    180.976,     425.912,    425.205,
   27,       65.8,    181.055,     430.256,    429.239,
   28,       68.3,    181.068,     433.649,    433.120,
   29,       70.8,    180.819,     437.344,    436.849,
   30,       73.3,    180.898,     441.576,    440.432,
   31,       75.8,    180.858,     444.326,    443.871,
   32,       78.3,    180.806,     447.663,    447.172,
   33,       80.8,    180.924,     450.908,    450.337,
   34,       83.3,    180.858,     453.726,    453.370,
   35,       85.8,    180.976,     456.413,    456.276,
   36,       88.3,    181.107,     458.954,    459.058,
   37,       90.8,    181.016,     461.507,    461.721,
   38,       93.3,    181.068,     464.245,    464.269,
   39,       95.8,    181.068,     466.123,    466.705,
   40,       98.3,    181.094,     468.706,    469.033,
   41,      100.8,    181.068,     471.094,    471.257,
   42,      103.3,    181.068,     473.524,    473.382,
   43,      105.8,    181.186,     474.871,    475.410,
   44,      108.3,    181.042,     477.459,    477.347,
   45,      110.8,    181.055,     479.302,    479.194,
   46,      113.3,    180.911,     480.790,    480.958,
   47,      115.8,    180.989,     482.459,    482.638,
   48,      118.3,    181.107,     483.691,    484.240,
   49,      120.8,    180.911,     485.212,    485.767,
   50,      123.3,    180.976,     486.694,    487.223,
   51,      125.8,    181.147,     488.113,    488.607,
   52,      128.3,    181.160,     489.623,    489.926,
   53,      130.8,    181.002,     491.043,    491.184,
   54,      133.3,    181.042,     491.820,    492.381,
   55,      135.8,    181.121,     493.484,    493.519,
   56,      138.3,    181.107,     494.182,    494.602,
   57,      140.8,    181.160,     495.695,    495.633,
   58,      143.3,    180.989,     496.714,    496.615,
   59,      145.8,    181.016,     497.305,    497.549,
   60,      148.3,    181.055,     497.970,    498.437,
   61,      150.8,    181.068,     498.707,    499.281,
   62,      153.3,    181.186,     500.590,    500.082,
   63,      155.8,    181.147,     501.361,    500.844,
   64,      158.3,    181.239,     502.211,    501.568,
   65,      160.8,    181.160,     502.429,    502.257,
   66,      163.3,    181.199,     503.645,    502.911,
   67,      165.8,    181.042,     504.745,    503.535,
   68,      168.3,    181.265,     505.007,    504.125,
   69,      170.8,    181.186,     505.558,    504.686,
   70,      175.8,    179.822,     507.057,    507.545,
----,
DateTime:        , 2025/11/18, 18:12:57, 1763503976953,
RFID_EPC:        ,--Not Acquired--,
RFID_UserData:   ,--Not Acquired--,
Barcode:         ,--Not Acquired--,
PIF:,            0.00,
PARs:,            0.0,     0.0,     0.0,     0.0,     0.0,     0.0,
Light:,           0.0,     0.0,     0.0,     0.0,     0.0,     0.0,
Cycles:,            1,
                    1,      69,      70,      70,
Lamps:,        #10000,
Gain:,              5,      25, 
SNR_raw:,     518.78,
Position:,        0.0,              0.0,   NoData,
DataPt,      Time(us),   EX,         EM,       Fit,
==========,==========,==========,==========,=========,
    0,        0.0,      0.000,       0.000,    279.610,
    1,        0.8,    163.940,     279.492,    284.684,
    2,        3.3,    179.916,     290.329,    290.453,
    3,        5.8,    180.152,     300.191,    296.401,
    4,        8.3,    180.165,     305.164,    302.468,
    5,       10.8,    180.362,     310.708,    308.615,
    6,       13.3,    180.519,     315.312,    314.801,
    7,       15.8,    180.533,     321.161,    320.989,
    8,       18.3,    180.651,     326.597,    327.153,
    9,       20.8,    180.716,     333.230,    333.267,
   10,       23.3,    180.624,     338.382,    339.307,
   11,       25.8,    180.585,     344.768,    345.255,
   12,       28.3,    180.729,     350.358,    351.102,
   13,       30.8,    180.677,     355.884,    356.829,
   14,       33.3,    180.769,     361.678,    362.431,
   15,       35.8,    180.782,     367.183,    367.897,
   16,       38.3,    180.782,     372.493,    373.220,
   17,       40.8,    180.926,     377.944,    378.398,
   18,       43.3,    180.769,     383.695,    383.421,
   19,       45.8,    180.913,     388.032,    388.292,
   20,       48.3,    180.979,     392.312,    393.007,
   21,       50.8,    181.070,     397.967,    397.567,
   22,       53.3,    181.097,     401.995,    401.969,
   23,       55.8,    180.900,     406.413,    406.213,
   24,       58.3,    180.913,     410.363,    410.302,
   25,       60.8,    180.795,     414.171,    414.236,
   26,       63.3,    180.979,     418.392,    418.021,
   27,       65.8,    180.874,     422.394,    421.656,
   28,       68.3,    180.782,     425.817,    425.144,
   29,       70.8,    180.939,     428.873,    428.491,
   30,       73.3,    180.979,     432.206,    431.699,
   31,       75.8,    180.926,     434.874,    434.772,
   32,       78.3,    181.018,     437.526,    437.712,
   33,       80.8,    181.018,     441.393,    440.525,
   34,       83.3,    180.965,     443.842,    443.214,
   35,       85.8,    180.992,     446.098,    445.783,
   36,       88.3,    180.926,     449.244,    448.237,
   37,       90.8,    181.110,     450.556,    450.578,
   38,       93.3,    180.979,     452.650,    452.811,
   39,       95.8,    181.162,     454.620,    454.940,
   40,       98.3,    180.979,     456.739,    456.969,
   41,      100.8,    181.136,     458.109,    458.902,
   42,      103.3,    181.083,     460.892,    460.743,
   43,      105.8,    181.123,     462.449,    462.495,
   44,      108.3,    181.070,     463.687,    464.163,
   45,      110.8,    181.018,     465.921,    465.750,
   46,      113.3,    181.083,     466.636,    467.258,
   47,      115.8,    181.057,     468.912,    468.692,
   48,      118.3,    180.992,     470.187,    470.055,
   49,      120.8,    180.992,     471.182,    471.349,
   50,      123.3,    181.097,     472.566,    472.578,
   51,      125.8,    181.215,     473.361,    473.745,
   52,      128.3,    181.136,     474.119,    474.853,
   53,      130.8,    181.175,     475.672,    475.904,
   54,      133.3,    181.044,     476.790,    476.903,
   55,      135.8,    181.123,     477.356,    477.850,
   56,      138.3,    180.979,     478.399,    478.749,
   57,      140.8,    180.926,     479.865,    479.603,
   58,      143.3,    180.979,     480.499,    480.411,
   59,      145.8,    180.992,     481.680,    481.178,
   60,      148.3,    180.992,     482.564,    481.904,
   61,      150.8,    181.162,     482.772,    482.591,
   62,      153.3,    181.372,     482.875,    483.239,
   63,      155.8,    181.202,     483.440,    483.856,
   64,      158.3,    180.979,     484.698,    484.443,
   65,      160.8,    181.254,     484.955,    484.996,
   66,      163.3,    181.097,     485.708,    485.521,
   67,      165.8,    181.136,     486.265,    486.019,
   68,      168.3,    181.175,     487.153,    486.489,
   69,      170.8,    181.005,     487.832,    486.936,
   70,      175.8,    179.719,     488.094,    489.456,
----,
DateTime:        , 2025/11/18, 18:13:01, 1763503981436,
RFID_EPC:        ,--Not Acquired--,
RFID_UserData:   ,--Not Acquired--,
Barcode:         ,--Not Acquired--,
PIF:,            0.00,
PARs:,            0.0,     0.0,     0.0,     0.0,     0.0,     0.0,
Light:,           0.0,     0.0,     0.0,     0.0,     0.0,     0.0,
Cycles:,            1,
                    1,      69,      70,      70,
Lamps:,        #10000,
Gain:,              5,      25, 
SNR_raw:,     773.07,
Position:,        0.0,              0.0,   NoData,
DataPt,      Time(us),   EX,         EM,       Fit,
==========,==========,==========,==========,=========,
    0,        0.0,      0.000,       0.000,    273.951,
    1,        0.8,    163.988,     273.922,    279.028,
    2,        3.3,    180.185,     284.912,    284.856,
    3,        5.8,    180.329,     294.905,    290.903,
    4,        8.3,    180.211,     299.760,    297.103,
    5,       10.8,    180.250,     305.464,    303.407,
    6,       13.3,    180.513,     310.560,    309.776,
    7,       15.8,    180.513,     315.546,    316.165,
    8,       18.3,    180.618,     321.785,    322.544,
    9,       20.8,    180.447,     328.296,    328.877,
   10,       23.3,    180.565,     334.505,    335.146,
   11,       25.8,    180.605,     340.744,    341.331,
   12,       28.3,    180.762,     346.644,    347.414,
   13,       30.8,    180.814,     352.295,    353.380,
   14,       33.3,    180.762,     358.372,    359.215,
   15,       35.8,    180.775,     364.320,    364.910,
   16,       38.3,    180.723,     369.959,    370.456,
   17,       40.8,    180.788,     376.463,    375.848,
   18,       43.3,    180.670,     380.915,    381.080,
   19,       45.8,    180.801,     386.280,    386.150,
   20,       48.3,    180.814,     391.009,    391.056,
   21,       50.8,    180.788,     395.712,    395.795,
   22,       53.3,    180.919,     400.621,    400.368,
   23,       55.8,    180.880,     404.688,    404.776,
   24,       58.3,    181.011,     409.367,    409.020,
   25,       60.8,    180.854,     413.262,    413.099,
   26,       63.3,    180.946,     417.363,    417.018,
   27,       65.8,    180.880,     421.163,    420.779,
   28,       68.3,    180.854,     424.874,    424.385,
   29,       70.8,    180.985,     428.102,    427.839,
   30,       73.3,    180.854,     431.620,    431.145,
   31,       75.8,    180.932,     434.748,    434.307,
   32,       78.3,    181.024,     437.731,    437.330,
   33,       80.8,    181.142,     439.544,    440.216,
   34,       83.3,    181.011,     443.067,    442.972,
   35,       85.8,    180.972,     445.594,    445.600,
   36,       88.3,    181.234,     448.039,    448.105,
   37,       90.8,    181.050,     450.924,    450.492,
   38,       93.3,    181.024,     452.757,    452.766,
   39,       95.8,    181.116,     455.067,    454.929,
   40,       98.3,    181.037,     457.254,    456.988,
   41,      100.8,    181.103,     459.076,    458.945,
   42,      103.3,    180.946,     460.912,    460.805,
   43,      105.8,    181.287,     463.134,    462.571,
   44,      108.3,    181.142,     464.386,    464.249,
   45,      110.8,    180.985,     465.674,    465.844,
   46,      113.3,    180.972,     467.255,    467.357,
   47,      115.8,    180.985,     468.658,    468.792,
   48,      118.3,    181.064,     469.669,    470.152,
   49,      120.8,    181.011,     471.021,    471.442,
   50,      123.3,    181.037,     472.499,    472.665,
   51,      125.8,    180.946,     473.844,    473.824,
   52,      128.3,    181.103,     474.979,    474.921,
   53,      130.8,    181.050,     475.558,    475.961,
   54,      133.3,    181.116,     476.711,    476.944,
   55,      135.8,    181.260,     477.325,    477.874,
   56,      138.3,    181.168,     478.891,    478.755,
   57,      140.8,    181.195,     479.374,    479.589,
   58,      143.3,    181.260,     480.083,    480.378,
   59,      145.8,    181.142,     480.838,    481.125,
   60,      148.3,    181.116,     481.791,    481.832,
   61,      150.8,    181.037,     482.111,    482.502,
   62,      153.3,    181.064,     482.703,    483.135,
   63,      155.8,    181.011,     484.169,    483.734,
   64,      158.3,    181.037,     484.541,    484.299,
   65,      160.8,    181.142,     485.144,    484.832,
   66,      163.3,    181.090,     485.615,    485.337,
   67,      165.8,    181.195,     485.997,    485.813,
   68,      168.3,    181.090,     487.272,    486.264,
   69,      170.8,    181.129,     487.608,    486.689,
   70,      175.8,    179.870,     488.130,    489.494,
----,
DateTime:        , 2025/11/18, 18:13:06, 1763503985925,
RFID_EPC:        ,--Not Acquired--,
RFID_UserData:   ,--Not Acquired--,
Barcode:         ,--Not Acquired--,
PIF:,            0.00,
PARs:,            0.0,     0.0,     0.0,     0.0,     0.0,     0.0,
Light:,           0.0,     0.0,     0.0,     0.0,     0.0,     0.0,
Cycles:,            1,
                    1,      69,      70,      70,
Lamps:,        #10000,
Gain:,              5,      25, 
SNR_raw:,     570.03,
Position:,        0.0,              0.0,   NoData,
DataPt,      Time(us),   EX,         EM,       Fit,
==========,==========,==========,==========,=========,
    0,        0.0,      0.000,       0.000,    267.263,
    1,        0.8,    163.882,     267.876,    272.475,
    2,        3.3,    180.038,     278.791,    278.502,
    3,        5.8,    180.103,     288.723,    284.788,
    4,        8.3,    180.221,     294.416,    291.263,
    5,       10.8,    180.366,     299.725,    297.865,
    6,       13.3,    180.536,     305.313,    304.541,
    7,       15.8,    180.470,     310.522,    311.243,
    8,       18.3,    180.418,     316.709,    317.932,
    9,       20.8,    180.536,     323.924,    324.581,
   10,       23.3,    180.484,     330.778,    331.160,
   11,       25.8,    180.654,     336.998,    337.650,
   12,       28.3,    180.602,     343.076,    344.030,
   13,       30.8,    180.667,     349.150,    350.285,
   14,       33.3,    180.759,     355.169,    356.404,
   15,       35.8,    180.785,     361.645,    362.376,
   16,       38.3,    180.824,     367.539,    368.191,
   17,       40.8,    180.903,     373.128,    373.846,
   18,       43.3,    180.785,     378.682,    379.331,
   19,       45.8,    180.838,     384.212,    384.646,
   20,       48.3,    180.733,     390.190,    389.787,
   21,       50.8,    180.798,     394.362,    394.754,
   22,       53.3,    180.864,     399.417,    399.548,
   23,       55.8,    180.864,     404.835,    404.169,
   24,       58.3,    180.864,     409.922,    408.617,
   25,       60.8,    180.929,     413.531,    412.896,
   26,       63.3,    180.956,     418.003,    417.007,
   27,       65.8,    181.047,     421.437,    420.954,
   28,       68.3,    181.100,     424.959,    424.740,
   29,       70.8,    180.943,     428.976,    428.367,
   30,       73.3,    181.061,     432.452,    431.840,
   31,       75.8,    181.021,     435.750,    435.163,
   32,       78.3,    180.982,     438.497,    438.340,
   33,       80.8,    181.008,     441.859,    441.375,
   34,       83.3,    180.916,     444.515,    444.273,
   35,       85.8,    180.943,     448.098,    447.038,
   36,       88.3,    180.929,     450.231,    449.675,
   37,       90.8,    181.008,     453.129,    452.189,
   38,       93.3,    181.165,     454.612,    454.582,
   39,       95.8,    180.956,     457.129,    456.863,
   40,       98.3,    181.008,     458.985,    459.032,
   41,      100.8,    181.139,     460.640,    461.096,
   42,      103.3,    181.087,     462.541,    463.058,
   43,      105.8,    181.061,     464.706,    464.924,
   44,      108.3,    181.047,     466.618,    466.696,
   45,      110.8,    180.929,     467.807,    468.381,
   46,      113.3,    181.087,     469.499,    469.978,
   47,      115.8,    181.139,     470.798,    471.495,
   48,      118.3,    181.152,     472.641,    472.933,
   49,      120.8,    181.126,     474.255,    474.298,
   50,      123.3,    181.139,     475.325,    475.592,
   51,      125.8,    181.047,     476.339,    476.820,
   52,      128.3,    181.126,     477.789,    477.983,
   53,      130.8,    181.047,     478.880,    479.086,
   54,      133.3,    181.021,     479.391,    480.130,
   55,      135.8,    181.126,     480.991,    481.119,
   56,      138.3,    181.126,     482.095,    482.055,
   57,      140.8,    181.047,     482.194,    482.941,
   58,      143.3,    181.152,     483.571,    483.780,
   59,      145.8,    181.100,     485.147,    484.574,
   60,      148.3,    181.257,     485.057,    485.323,
   61,      150.8,    181.126,     486.181,    486.034,
   62,      153.3,    181.257,     486.822,    486.705,
   63,      155.8,    181.205,     487.956,    487.341,
   64,      158.3,    180.916,     488.624,    487.945,
   65,      160.8,    181.257,     489.029,    488.512,
   66,      163.3,    181.218,     489.687,    489.049,
   67,      165.8,    181.113,     489.639,    489.558,
   68,      168.3,    181.047,     490.811,    490.040,
   69,      170.8,    181.231,     492.079,    490.493,
   70,      175.8,    179.907,     491.589,    493.254,
----,
DateTime:        , 2025/11/18, 18:13:10, 1763503990406,
RFID_EPC:        ,--Not Acquired--,
RFID_UserData:   ,--Not Acquired--,
Barcode:         ,--Not Acquired--,
PIF:,            0.00,
PARs:,            0.0,     0.0,     0.0,     0.0,     0.0,     0.0,
Light:,           0.0,     0.0,     0.0,     0.0,     0.0,     0.0,
Cycles:,            1,
                    1,      69,      70,      70,
Lamps:,        #10000,
Gain:,              5,      25, 
SNR_raw:,     645.48,
Position:,        0.0,              0.0,   NoData,
DataPt,      Time(us),   EX,         EM,       Fit,
==========,==========,==========,==========,=========,
    0,        0.0,      0.000,       0.000,    268.650,
    1,        0.8,    163.972,     269.924,    274.090,
    2,        3.3,    180.167,     280.670,    280.274,
    3,        5.8,    180.062,     290.455,    286.634,
    4,        8.3,    180.469,     294.898,    293.132,
    5,       10.8,    180.351,     301.856,    299.708,
    6,       13.3,    180.430,     307.045,    306.326,
    7,       15.8,    180.430,     312.144,    312.951,
    8,       18.3,    180.482,     318.591,    319.553,
    9,       20.8,    180.351,     325.366,    326.102,
   10,       23.3,    180.495,     331.422,    332.583,
   11,       25.8,    180.521,     338.464,    338.973,
   12,       28.3,    180.797,     344.586,    345.261,
   13,       30.8,    180.836,     350.483,    351.429,
   14,       33.3,    180.744,     356.968,    357.462,
   15,       35.8,    180.980,     362.912,    363.356,
   16,       38.3,    180.810,     368.343,    369.096,
   17,       40.8,    180.875,     374.180,    374.680,
   18,       43.3,    180.810,     380.178,    380.102,
   19,       45.8,    180.823,     385.128,    385.358,
   20,       48.3,    180.797,     390.715,    390.445,
   21,       50.8,    180.915,     395.656,    395.365,
   22,       53.3,    180.889,     400.468,    400.115,
   23,       55.8,    180.889,     405.111,    404.695,
   24,       58.3,    180.941,     409.747,    409.107,
   25,       60.8,    181.033,     413.958,    413.353,
   26,       63.3,    181.151,     417.884,    417.435,
   27,       65.8,    181.020,     421.612,    421.354,
   28,       68.3,    181.072,     426.349,    425.114,
   29,       70.8,    180.980,     429.218,    428.717,
   30,       73.3,    180.967,     432.896,    432.168,
   31,       75.8,    181.007,     435.896,    435.471,
   32,       78.3,    181.072,     438.831,    438.629,
   33,       80.8,    180.980,     442.479,    441.647,
   34,       83.3,    180.954,     445.085,    444.529,
   35,       85.8,    180.889,     447.568,    447.279,
   36,       88.3,    181.138,     449.934,    449.901,
   37,       90.8,    181.138,     452.363,    452.402,
   38,       93.3,    181.033,     454.724,    454.784,
   39,       95.8,    181.072,     456.393,    457.052,
   40,       98.3,    181.098,     458.977,    459.211,
   41,      100.8,    181.059,     461.065,    461.264,
   42,      103.3,    181.059,     463.164,    463.217,
   43,      105.8,    181.007,     464.845,    465.073,
   44,      108.3,    180.993,     466.315,    466.837,
   45,      110.8,    181.085,     467.735,    468.511,
   46,      113.3,    181.046,     470.047,    470.101,
   47,      115.8,    180.980,     470.769,    471.610,
   48,      118.3,    181.020,     472.324,    473.042,
   49,      120.8,    180.993,     474.050,    474.400,
   50,      123.3,    181.059,     475.646,    475.687,
   51,      125.8,    181.046,     476.675,    476.908,
   52,      128.3,    181.059,     478.297,    478.064,
   53,      130.8,    181.007,     479.430,    479.160,
   54,      133.3,    181.138,     480.077,    480.197,
   55,      135.8,    181.151,     480.704,    481.179,
   56,      138.3,    180.993,     482.338,    482.111,
   57,      140.8,    180.980,     483.036,    482.993,
   58,      143.3,    180.980,     483.478,    483.827,
   59,      145.8,    181.282,     484.108,    484.614,
   60,      148.3,    181.072,     485.663,    485.361,
   61,      150.8,    181.151,     486.225,    486.066,
   62,      153.3,    181.046,     486.948,    486.735,
   63,      155.8,    181.111,     487.545,    487.366,
   64,      158.3,    181.033,     487.978,    487.964,
   65,      160.8,    181.059,     488.901,    488.530,
   66,      163.3,    180.954,     489.848,    489.065,
   67,      165.8,    181.098,     490.893,    489.569,
   68,      168.3,    181.216,     490.353,    490.045,
   69,      170.8,    181.177,     491.563,    490.494,
   70,      175.8,    179.905,     491.815,    493.232,
----,
DateTime:        , 2025/11/18, 18:13:15, 1763503994886,
RFID_EPC:        ,--Not Acquired--,
RFID_UserData:   ,--Not Acquired--,
Barcode:         ,--Not Acquired--,
PIF:,            0.00,
PARs:,            0.0,     0.0,     0.0,     0.0,     0.0,     0.0,
Light:,           0.0,     0.0,     0.0,     0.0,     0.0,     0.0,
Cycles:,            1,
                    1,      69,      70,      70,
Lamps:,        #10000,
Gain:,              5,      25, 
SNR_raw:,     703.66,
Position:,        0.0,              0.0,   NoData,
DataPt,      Time(us),   EX,         EM,       Fit,
==========,==========,==========,==========,=========,
    0,        0.0,      0.000,       0.000,    271.502,
    1,        0.8,    163.998,     272.076,    276.994,
    2,        3.3,    179.946,     283.123,    283.173,
    3,        5.8,    180.234,     293.174,    289.492,
    4,        8.3,    180.247,     298.590,    295.901,
    5,       10.8,    180.392,     305.003,    302.368,
    6,       13.3,    180.260,     309.108,    308.853,
    7,       15.8,    180.562,     315.459,    315.340,
    8,       18.3,    180.536,     321.488,    321.794,
    9,       20.8,    180.496,     327.873,    328.192,
   10,       23.3,    180.418,     333.448,    334.516,
   11,       25.8,    180.549,     339.520,    340.752,
   12,       28.3,    180.759,     346.097,    346.888,
   13,       30.8,    180.667,     352.140,    352.904,
   14,       33.3,    180.811,     357.721,    358.795,
   15,       35.8,    180.798,     363.610,    364.547,
   16,       38.3,    180.903,     369.590,    370.157,
   17,       40.8,    180.798,     375.225,    375.613,
   18,       43.3,    180.916,     380.618,    380.915,
   19,       45.8,    180.877,     385.345,    386.057,
   20,       48.3,    180.785,     391.183,    391.035,
   21,       50.8,    180.877,     396.071,    395.850,
   22,       53.3,    180.864,     401.407,    400.501,
   23,       55.8,    180.851,     405.418,    404.986,
   24,       58.3,    180.746,     409.305,    409.307,
   25,       60.8,    180.824,     414.657,    413.465,
   26,       63.3,    181.021,     418.073,    417.464,
   27,       65.8,    180.890,     421.804,    421.304,
   28,       68.3,    180.929,     425.470,    424.988,
   29,       70.8,    180.995,     428.963,    428.520,
   30,       73.3,    181.126,     432.406,    431.904,
   31,       75.8,    180.890,     435.403,    435.140,
   32,       78.3,    180.969,     438.529,    438.235,
   33,       80.8,    180.864,     441.548,    441.192,
   34,       83.3,    180.877,     444.391,    444.015,
   35,       85.8,    180.969,     447.371,    446.709,
   36,       88.3,    180.851,     449.542,    449.278,
   37,       90.8,    180.995,     451.836,    451.725,
   38,       93.3,    181.087,     453.926,    454.056,
   39,       95.8,    181.047,     456.566,    456.275,
   40,       98.3,    180.955,     458.566,    458.387,
   41,      100.8,    181.218,     460.220,    460.394,
   42,      103.3,    181.034,     462.565,    462.302,
   43,      105.8,    181.008,     463.405,    464.115,
   44,      108.3,    180.916,     465.741,    465.837,
   45,      110.8,    181.047,     467.171,    467.471,
   46,      113.3,    181.073,     468.429,    469.021,
   47,      115.8,    181.100,     469.796,    470.491,
   48,      118.3,    181.165,     471.503,    471.885,
   49,      120.8,    181.152,     472.641,    473.207,
   50,      123.3,    181.231,     474.643,    474.459,
   51,      125.8,    181.021,     475.304,    475.646,
   52,      128.3,    181.047,     476.561,    476.770,
   53,      130.8,    181.231,     477.292,    477.834,
   54,      133.3,    181.152,     478.934,    478.841,
   55,      135.8,    181.178,     479.527,    479.794,
   56,      138.3,    181.244,     480.237,    480.695,
   57,      140.8,    181.218,     481.299,    481.547,
   58,      143.3,    181.192,     481.811,    482.354,
   59,      145.8,    181.047,     483.410,    483.118,
   60,      148.3,    181.231,     483.361,    483.839,
   61,      150.8,    181.205,     484.645,    484.521,
   62,      153.3,    181.283,     485.538,    485.164,
   63,      155.8,    181.218,     486.266,    485.773,
   64,      158.3,    181.113,     486.327,    486.349,
   65,      160.8,    181.139,     487.692,    486.894,
   66,      163.3,    181.126,     488.058,    487.408,
   67,      165.8,    181.021,     488.452,    487.894,
   68,      168.3,    181.008,     488.929,    488.354,
   69,      170.8,    181.047,     489.927,    488.787,
   70,      175.8,    179.959,     489.890,    491.333,
----,
DateTime:        , 2025/11/18, 18:13:19, 1763503999384,
RFID_EPC:        ,--Not Acquired--,
RFID_UserData:   ,--Not Acquired--,
Barcode:         ,--Not Acquired--,
PIF:,            0.00,
PARs:,            0.0,     0.0,     0.0,     0.0,     0.0,     0.0,
Light:,           0.0,     0.0,     0.0,     0.0,     0.0,     0.0,
Cycles:,            1,
                    1,      69,      70,      70,
Lamps:,        #10000,
Gain:,              5,      25, 
SNR_raw:,     596.78,
Position:,        0.0,              0.0,   NoData,
DataPt,      Time(us),   EX,         EM,       Fit,
==========,==========,==========,==========,=========,
    0,        0.0,      0.000,       0.000,    272.442,
    1,        0.8,    164.022,     272.769,    277.875,
    2,        3.3,    180.072,     284.175,    284.009,
    3,        5.8,    180.203,     294.556,    290.292,
    4,        8.3,    180.426,     299.624,    296.684,
    5,       10.8,    180.295,     304.833,    303.135,
    6,       13.3,    180.453,     310.774,    309.619,
    7,       15.8,    180.492,     315.471,    316.103,
    8,       18.3,    180.636,     322.084,    322.562,
    9,       20.8,    180.610,     328.443,    328.969,
   10,       23.3,    180.689,     333.945,    335.307,
   11,       25.8,    180.662,     340.414,    341.554,
   12,       28.3,    180.649,     346.971,    347.697,
   13,       30.8,    180.754,     352.744,    353.724,
   14,       33.3,    180.767,     358.582,    359.622,
   15,       35.8,    180.741,     364.721,    365.382,
   16,       38.3,    180.820,     369.982,    370.997,
   17,       40.8,    180.846,     376.232,    376.461,
   18,       43.3,    180.925,     381.374,    381.769,
   19,       45.8,    180.912,     387.150,    386.916,
   20,       48.3,    180.859,     392.018,    391.899,
   21,       50.8,    180.898,     397.018,    396.718,
   22,       53.3,    180.767,     402.285,    401.370,
   23,       55.8,    180.807,     405.958,    405.857,
   24,       58.3,    180.977,     410.770,    410.181,
   25,       60.8,    180.951,     415.251,    414.341,
   26,       63.3,    180.794,     419.152,    418.339,
   27,       65.8,    180.925,     422.607,    422.179,
   28,       68.3,    180.977,     426.684,    425.863,
   29,       70.8,    181.030,     429.764,    429.394,
   30,       73.3,    181.082,     433.284,    432.776,
   31,       75.8,    181.043,     436.913,    436.012,
   32,       78.3,    181.095,     439.769,    439.106,
   33,       80.8,    180.912,     442.094,    442.061,
   34,       83.3,    181.003,     444.743,    444.883,
   35,       85.8,    180.912,     447.622,    447.575,
   36,       88.3,    180.951,     450.398,    450.142,
   37,       90.8,    180.977,     452.322,    452.588,
   38,       93.3,    181.069,     454.744,    454.918,
   39,       95.8,    180.925,     457.649,    457.135,
   40,       98.3,    181.030,     458.930,    459.245,
   41,      100.8,    181.082,     461.117,    461.250,
   42,      103.3,    181.030,     462.797,    463.157,
   43,      105.8,    181.003,     464.964,    464.968,
   44,      108.3,    180.938,     466.348,    466.689,
   45,      110.8,    181.082,     467.744,    468.321,
   46,      113.3,    181.003,     469.494,    469.871,
   47,      115.8,    180.977,     470.667,    471.341,
   48,      118.3,    181.003,     472.919,    472.735,
   49,      120.8,    180.938,     474.086,    474.056,
   50,      123.3,    181.043,     475.136,    475.308,
   51,      125.8,    181.213,     476.235,    476.493,
   52,      128.3,    181.108,     477.394,    477.616,
   53,      130.8,    181.200,     477.925,    478.678,
   54,      133.3,    181.003,     479.549,    479.686,
   55,      135.8,    181.069,     480.259,    480.639,
   56,      138.3,    181.016,     481.172,    481.542,
   57,      140.8,    181.056,     482.503,    482.395,
   58,      143.3,    181.043,     482.980,    483.202,
   59,      145.8,    181.121,     483.212,    483.965,
   60,      148.3,    181.174,     485.280,    484.686,
   61,      150.8,    181.226,     484.808,    485.366,
   62,      153.3,    181.187,     486.790,    486.010,
   63,      155.8,    181.082,     487.182,    486.620,
   64,      158.3,    181.174,     487.929,    487.196,
   65,      160.8,    181.043,     488.283,    487.741,
   66,      163.3,    181.174,     488.702,    488.254,
   67,      165.8,    181.121,     489.727,    488.740,
   68,      168.3,    181.253,     489.372,    489.197,
   69,      170.8,    181.043,     490.713,    489.631,
   70,      175.8,    179.836,     491.336,    492.248,
----,
DateTime:        , 2025/11/18, 18:13:24, 1763504003873,
RFID_EPC:        ,--Not Acquired--,
RFID_UserData:   ,--Not Acquired--,
Barcode:         ,--Not Acquired--,
PIF:,            0.00,
PARs:,            0.0,     0.0,     0.0,     0.0,     0.0,     0.0,
Light:,           0.0,     0.0,     0.0,     0.0,     0.0,     0.0,
Cycles:,            1,
                    1,      69,      70,      70,
Lamps:,        #10000,
Gain:,              5,      25, 
SNR_raw:,     630.61,
Position:,        0.0,              0.0,   NoData,
DataPt,      Time(us),   EX,         EM,       Fit,
==========,==========,==========,==========,=========,
    0,        0.0,      0.000,       0.000,    271.734,
    1,        0.8,    164.032,     271.897,    276.965,
    2,        3.3,    180.137,     283.048,    282.991,
    3,        5.8,    180.150,     293.200,    289.257,
    4,        8.3,    180.255,     298.688,    295.694,
    5,       10.8,    180.399,     304.769,    302.243,
    6,       13.3,    180.438,     309.358,    308.852,
    7,       15.8,    180.517,     315.427,    315.478,
    8,       18.3,    180.648,     321.177,    322.087,
    9,       20.8,    180.727,     327.345,    328.648,
   10,       23.3,    180.491,     334.421,    335.127,
   11,       25.8,    180.622,     340.712,    341.512,
   12,       28.3,    180.661,     346.615,    347.784,
   13,       30.8,    180.727,     352.908,    353.928,
   14,       33.3,    180.727,     359.216,    359.931,
   15,       35.8,    180.766,     365.555,    365.786,
   16,       38.3,    180.648,     370.997,    371.482,
   17,       40.8,    180.950,     376.900,    377.021,
   18,       43.3,    180.858,     381.846,    382.391,
   19,       45.8,    181.029,     387.895,    387.594,
   20,       48.3,    180.897,     392.598,    392.625,
   21,       50.8,    180.845,     397.799,    397.484,
   22,       53.3,    180.858,     402.526,    402.171,
   23,       55.8,    180.819,     406.706,    406.688,
   24,       58.3,    180.989,     411.074,    411.038,
   25,       60.8,    181.029,     415.736,    415.221,
   26,       63.3,    180.989,     418.699,    419.240,
   27,       65.8,    180.950,     423.211,    423.099,
   28,       68.3,    180.910,     427.504,    426.799,
   29,       70.8,    180.910,     431.042,    430.346,
   30,       73.3,    181.068,     433.871,    433.743,
   31,       75.8,    180.937,     437.722,    436.995,
   32,       78.3,    180.976,     440.832,    440.105,
   33,       80.8,    181.055,     442.739,    443.077,
   34,       83.3,    180.963,     446.058,    445.916,
   35,       85.8,    181.094,     448.827,    448.627,
   36,       88.3,    180.989,     451.740,    451.214,
   37,       90.8,    180.910,     454.147,    453.682,
   38,       93.3,    180.924,     456.436,    456.033,
   39,       95.8,    180.897,     458.713,    458.274,
   40,       98.3,    181.002,     460.436,    460.408,
   41,      100.8,    181.002,     462.425,    462.439,
   42,      103.3,    180.963,     464.847,    464.372,
   43,      105.8,    181.094,     465.835,    466.211,
   44,      108.3,    181.055,     467.593,    467.959,
   45,      110.8,    181.094,     469.259,    469.621,
   46,      113.3,    180.950,     471.070,    471.201,
   47,      115.8,    181.015,     472.777,    472.702,
   48,      118.3,    180.950,     474.275,    474.128,
   49,      120.8,    181.068,     474.960,    475.481,
   50,      123.3,    181.094,     476.327,    476.765,
   51,      125.8,    181.173,     478.328,    477.982,
   52,      128.3,    181.147,     478.508,    479.138,
   53,      130.8,    181.238,     479.810,    480.234,
   54,      133.3,    181.238,     481.024,    481.273,
   55,      135.8,    181.120,     482.110,    482.260,
   56,      138.3,    181.029,     482.576,    483.196,
   57,      140.8,    181.107,     484.023,    484.083,
   58,      143.3,    181.055,     484.494,    484.923,
   59,      145.8,    181.002,     485.298,    485.720,
   60,      148.3,    181.173,     486.497,    486.473,
   61,      150.8,    181.068,     487.221,    487.188,
   62,      153.3,    181.015,     487.804,    487.865,
   63,      155.8,    181.160,     489.071,    488.504,
   64,      158.3,    181.186,     489.111,    489.109,
   65,      160.8,    181.199,     490.400,    489.682,
   66,      163.3,    181.251,     490.810,    490.224,
   67,      165.8,    181.055,     491.012,    490.740,
   68,      168.3,    180.963,     492.145,    491.229,
   69,      170.8,    181.094,     492.451,    491.689,
   70,      175.8,    179.848,     493.082,    494.466,
----,
DateTime:        , 2025/11/18, 18:13:28, 1763504008347,
RFID_EPC:        ,--Not Acquired--,
RFID_UserData:   ,--Not Acquired--,
Barcode:         ,--Not Acquired--,
PIF:,            0.00,
PARs:,            0.0,     0.0,     0.0,     0.0,     0.0,     0.0,
Light:,           0.0,     0.0,     0.0,     0.0,     0.0,     0.0,
Cycles:,            1,
                    1,      69,      70,      70,
Lamps:,        #10000,
Gain:,              5,      25, 
SNR_raw:,     515.90,
Position:,        0.0,              0.0,   NoData,
DataPt,      Time(us),   EX,         EM,       Fit,
==========,==========,==========,==========,=========,
    0,        0.0,      0.000,       0.000,    270.738,
    1,        0.8,    164.130,     271.736,    276.235,
    2,        3.3,    179.882,     282.676,    282.453,
    3,        5.8,    180.223,     292.638,    288.848,
    4,        8.3,    180.380,     297.926,    295.362,
    5,       10.8,    180.459,     304.003,    301.952,
    6,       13.3,    180.380,     309.347,    308.573,
    7,       15.8,    180.446,     314.555,    315.198,
    8,       18.3,    180.485,     321.467,    321.795,
    9,       20.8,    180.511,     327.182,    328.340,
   10,       23.3,    180.603,     333.881,    334.813,
   11,       25.8,    180.564,     340.600,    341.192,
   12,       28.3,    180.564,     346.471,    347.461,
   13,       30.8,    180.734,     352.783,    353.611,
   14,       33.3,    180.826,     358.134,    359.629,
   15,       35.8,    180.865,     365.023,    365.503,
   16,       38.3,    180.970,     370.448,    371.228,
   17,       40.8,    180.918,     376.414,    376.794,
   18,       43.3,    180.970,     381.941,    382.198,
   19,       45.8,    180.892,     387.414,    387.435,
   20,       48.3,    180.878,     392.308,    392.503,
   21,       50.8,    180.839,     397.923,    397.401,
   22,       53.3,    180.957,     402.195,    402.130,
   23,       55.8,    180.970,     407.249,    406.689,
   24,       58.3,    180.760,     412.148,    411.077,
   25,       60.8,    180.865,     416.000,    415.298,
   26,       63.3,    180.774,     420.305,    419.354,
   27,       65.8,    180.892,     423.347,    423.248,
   28,       68.3,    181.062,     427.809,    426.984,
   29,       70.8,    181.101,     431.250,    430.564,
   30,       73.3,    180.918,     434.673,    433.991,
   31,       75.8,    181.010,     438.098,    437.270,
   32,       78.3,    180.997,     441.113,    440.405,
   33,       80.8,    181.010,     444.065,    443.399,
   34,       83.3,    180.826,     447.060,    446.258,
   35,       85.8,    181.075,     449.868,    448.984,
   36,       88.3,    180.944,     451.963,    451.584,
   37,       90.8,    180.983,     453.854,    454.062,
   38,       93.3,    181.010,     456.219,    456.421,
   39,       95.8,    181.075,     458.152,    458.667,
   40,       98.3,    181.049,     461.201,    460.804,
   41,      100.8,    181.088,     462.868,    462.836,
   42,      103.3,    181.023,     464.362,    464.768,
   43,      105.8,    181.206,     465.326,    466.602,
   44,      108.3,    181.062,     467.685,    468.345,
   45,      110.8,    180.944,     469.206,    470.001,
   46,      113.3,    181.101,     470.675,    471.571,
   47,      115.8,    181.075,     473.063,    473.061,
   48,      118.3,    180.983,     474.519,    474.475,
   49,      120.8,    181.062,     474.865,    475.815,
   50,      123.3,    181.010,     476.549,    477.085,
   51,      125.8,    181.062,     477.847,    478.289,
   52,      128.3,    181.036,     479.463,    479.429,
   53,      130.8,    181.023,     480.492,    480.509,
   54,      133.3,    181.219,     480.853,    481.530,
   55,      135.8,    181.115,     482.236,    482.497,
   56,      138.3,    181.023,     483.254,    483.414,
   57,      140.8,    181.115,     484.224,    484.281,
   58,      143.3,    181.088,     484.294,    485.101,
   59,      145.8,    181.101,     486.247,    485.877,
   60,      148.3,    181.206,     486.407,    486.609,
   61,      150.8,    181.075,     488.305,    487.304,
   62,      153.3,    181.115,     488.641,    487.960,
   63,      155.8,    181.154,     489.087,    488.579,
   64,      158.3,    181.167,     489.051,    489.165,
   65,      160.8,    181.088,     490.589,    489.720,
   66,      163.3,    181.128,     491.256,    490.243,
   67,      165.8,    181.062,     491.765,    490.739,
   68,      168.3,    181.167,     491.701,    491.206,
   69,      170.8,    181.141,     492.876,    491.647,
   70,      175.8,    179.764,     493.537,    494.360,
----,
DateTime:        , 2025/11/18, 18:13:33, 1763504012820,
RFID_EPC:        ,--Not Acquired--,
RFID_UserData:   ,--Not Acquired--,
Barcode:         ,--Not Acquired--,
PIF:,            0.00,
PARs:,            0.0,     0.0,     0.0,     0.0,     0.0,     0.0,
Light:,           0.0,     0.0,     0.0,     0.0,     0.0,     0.0,
Cycles:,            1,
                    1,      69,      70,      70,
Lamps:,        #10000,
Gain:,              5,      25, 
SNR_raw:,     688.77,
Position:,        0.0,              0.0,   NoData,
DataPt,      Time(us),   EX,         EM,       Fit,
==========,==========,==========,==========,=========,
    0,        0.0,      0.000,       0.000,    272.114,
    1,        0.8,    164.020,     273.015,    277.572,
    2,        3.3,    180.032,     283.867,    283.755,
    3,        5.8,    180.084,     293.752,    290.104,
    4,        8.3,    180.189,     299.908,    296.570,
    5,       10.8,    180.372,     304.925,    303.112,
    6,       13.3,    180.412,     310.512,    309.688,
    7,       15.8,    180.386,     315.879,    316.262,
    8,       18.3,    180.674,     322.238,    322.813,
    9,       20.8,    180.661,     327.796,    329.310,
   10,       23.3,    180.504,     334.730,    335.725,
   11,       25.8,    180.727,     341.068,    342.051,
   12,       28.3,    180.871,     346.878,    348.269,
   13,       30.8,    180.700,     353.514,    354.359,
   14,       33.3,    180.740,     359.412,    360.314,
   15,       35.8,    180.727,     365.746,    366.125,
   16,       38.3,    180.884,     371.067,    371.787,
   17,       40.8,    180.818,     376.842,    377.289,
   18,       43.3,    180.713,     382.816,    382.628,
   19,       45.8,    180.897,     387.956,    387.804,
   20,       48.3,    180.963,     393.120,    392.813,
   21,       50.8,    180.936,     397.709,    397.653,
   22,       53.3,    180.858,     402.527,    402.323,
   23,       55.8,    181.081,     407.443,    406.827,
   24,       58.3,    180.936,     411.858,    411.162,
   25,       60.8,    180.818,     416.108,    415.332,
   26,       63.3,    180.897,     420.129,    419.338,
   27,       65.8,    180.923,     424.047,    423.184,
   28,       68.3,    180.884,     427.457,    426.873,
   29,       70.8,    180.963,     431.139,    430.408,
   30,       73.3,    180.884,     434.312,    433.793,
   31,       75.8,    181.028,     437.943,    437.032,
   32,       78.3,    180.936,     440.155,    440.128,
   33,       80.8,    180.871,     443.632,    443.087,
   34,       83.3,    181.015,     445.709,    445.912,
   35,       85.8,    180.949,     448.855,    448.607,
   36,       88.3,    181.094,     451.148,    451.178,
   37,       90.8,    180.910,     454.038,    453.629,
   38,       93.3,    181.120,     455.720,    455.963,
   39,       95.8,    180.949,     458.581,    458.186,
   40,       98.3,    180.897,     460.373,    460.302,
   41,      100.8,    181.028,     462.359,    462.315,
   42,      103.3,    181.159,     464.122,    464.228,
   43,      105.8,    181.041,     465.750,    466.047,
   44,      108.3,    181.107,     467.238,    467.775,
   45,      110.8,    180.910,     469.626,    469.417,
   46,      113.3,    181.028,     470.424,    470.976,
   47,      115.8,    181.133,     471.918,    472.455,
   48,      118.3,    181.028,     472.965,    473.859,
   49,      120.8,    181.146,     474.976,    475.190,
   50,      123.3,    181.054,     475.990,    476.453,
   51,      125.8,    181.067,     477.170,    477.650,
   52,      128.3,    181.081,     478.572,    478.785,
   53,      130.8,    181.212,     479.770,    479.859,
   54,      133.3,    181.094,     479.862,    480.878,
   55,      135.8,    181.172,     480.978,    481.842,
   56,      138.3,    181.303,     482.065,    482.754,
   57,      140.8,    181.015,     483.606,    483.621,
   58,      143.3,    181.185,     484.366,    484.439,
   59,      145.8,    181.067,     485.344,    485.215,
   60,      148.3,    181.120,     486.529,    485.949,
   61,      150.8,    180.989,     486.881,    486.645,
   62,      153.3,    181.120,     487.964,    487.302,
   63,      155.8,    181.015,     488.468,    487.924,
   64,      158.3,    181.225,     488.896,    488.510,
   65,      160.8,    181.133,     489.475,    489.066,
   66,      163.3,    181.146,     490.433,    489.591,
   67,      165.8,    181.199,     490.622,    490.087,
   68,      168.3,    181.146,     491.758,    490.557,
   69,      170.8,    181.081,     492.378,    491.002,
   70,      175.8,    179.874,     492.122,    493.776,
----,
DateTime:        , 2025/11/18, 18:13:37, 1763504017301,
RFID_EPC:        ,--Not Acquired--,
RFID_UserData:   ,--Not Acquired--,
Barcode:         ,--Not Acquired--,
PIF:,            0.00,
PARs:,            0.0,     0.0,     0.0,     0.0,     0.0,     0.0,
Light:,           0.0,     0.0,     0.0,     0.0,     0.0,     0.0,
Cycles:,            1,
                    1,      69,      70,      70,
Lamps:,        #10000,
Gain:,              5,      25, 
SNR_raw:,     586.35,
Position:,        0.0,              0.0,   NoData,
DataPt,      Time(us),   EX,         EM,       Fit,
==========,==========,==========,==========,=========,
    0,        0.0,      0.000,       0.000,    272.332,
    1,        0.8,    164.141,     272.692,    277.612,
    2,        3.3,    179.997,     283.881,    283.653,
    3,        5.8,    180.299,     294.068,    289.917,
    4,        8.3,    180.285,     299.081,    296.332,
    5,       10.8,    180.351,     304.517,    302.846,
    6,       13.3,    180.469,     310.413,    309.416,
    7,       15.8,    180.561,     315.572,    316.000,
    8,       18.3,    180.508,     322.312,    322.562,
    9,       20.8,    180.535,     328.136,    329.075,
   10,       23.3,    180.705,     334.357,    335.519,
   11,       25.8,    180.744,     340.923,    341.868,
   12,       28.3,    180.836,     347.165,    348.109,
   13,       30.8,    180.797,     353.325,    354.223,
   14,       33.3,    180.849,     358.973,    360.201,
   15,       35.8,    180.758,     365.351,    366.030,
   16,       38.3,    180.705,     371.544,    371.704,
   17,       40.8,    180.731,     376.913,    377.217,
   18,       43.3,    180.915,     382.168,    382.569,
   19,       45.8,    180.915,     387.364,    387.753,
   20,       48.3,    180.876,     393.198,    392.766,
   21,       50.8,    180.863,     398.092,    397.609,
   22,       53.3,    181.046,     401.997,    402.283,
   23,       55.8,    180.889,     407.101,    406.785,
   24,       58.3,    180.876,     411.111,    411.119,
   25,       60.8,    180.928,     415.635,    415.287,
   26,       63.3,    180.876,     419.846,    419.290,
   27,       65.8,    180.731,     423.723,    423.131,
   28,       68.3,    180.902,     428.188,    426.814,
   29,       70.8,    181.059,     431.461,    430.344,
   30,       73.3,    181.059,     433.891,    433.724,
   31,       75.8,    181.020,     437.300,    436.957,
   32,       78.3,    181.072,     440.708,    440.049,
   33,       80.8,    181.007,     443.188,    443.002,
   34,       83.3,    181.085,     446.419,    445.821,
   35,       85.8,    180.863,     448.628,    448.511,
   36,       88.3,    181.112,     451.103,    451.076,
   37,       90.8,    180.941,     453.849,    453.522,
   38,       93.3,    180.758,     456.302,    455.851,
   39,       95.8,    180.967,     458.093,    458.069,
   40,       98.3,    181.177,     460.323,    460.178,
   41,      100.8,    181.007,     462.303,    462.186,
   42,      103.3,    181.072,     464.013,    464.095,
   43,      105.8,    181.190,     465.146,    465.908,
   44,      108.3,    181.190,     467.133,    467.632,
   45,      110.8,    180.967,     469.035,    469.270,
   46,      113.3,    181.099,     470.462,    470.825,
   47,      115.8,    180.954,     471.611,    472.302,
   48,      118.3,    181.112,     473.630,    473.702,
   49,      120.8,    181.007,     475.010,    475.031,
   50,      123.3,    180.994,     476.149,    476.292,
   51,      125.8,    181.033,     476.709,    477.487,
   52,      128.3,    181.072,     478.593,    478.619,
   53,      130.8,    181.177,     479.199,    479.691,
   54,      133.3,    181.046,     479.878,    480.708,
   55,      135.8,    181.007,     480.976,    481.672,
   56,      138.3,    181.020,     482.709,    482.584,
   57,      140.8,    181.151,     483.574,    483.447,
   58,      143.3,    181.072,     484.337,    484.264,
   59,      145.8,    181.112,     484.894,    485.038,
   60,      148.3,    180.954,     485.758,    485.772,
   61,      150.8,    181.151,     486.555,    486.464,
   62,      153.3,    181.125,     487.951,    487.119,
   63,      155.8,    181.046,     487.611,    487.740,
   64,      158.3,    181.099,     488.905,    488.327,
   65,      160.8,    181.059,     489.011,    488.882,
   66,      163.3,    181.217,     490.463,    489.406,
   67,      165.8,    180.994,     490.404,    489.903,
   68,      168.3,    181.112,     491.299,    490.372,
   69,      170.8,    181.125,     491.705,    490.815,
   70,      175.8,    179.826,     491.807,    493.531,
----,
DateTime:        , 2025/11/18, 18:13:41, 1763504021779,
RFID_EPC:        ,--Not Acquired--,
RFID_UserData:   ,--Not Acquired--,
Barcode:         ,--Not Acquired--,
PIF:,            0.00,
PARs:,            0.0,     0.0,     0.0,     0.0,     0.0,     0.0,
Light:,           0.0,     0.0,     0.0,     0.0,     0.0,     0.0,
Cycles:,            1,
                    1,      69,      70,      70,
Lamps:,        #10000,
Gain:,              5,      25, 
SNR_raw:,     628.56,
Position:,        0.0,              0.0,   NoData,
DataPt,      Time(us),   EX,         EM,       Fit,
==========,==========,==========,==========,=========,
    0,        0.0,      0.000,       0.000,    271.805,
    1,        0.8,    163.984,     272.100,    277.195,
    2,        3.3,    180.061,     283.464,    283.309,
    3,        5.8,    180.258,     293.801,    289.597,
    4,        8.3,    180.114,     299.478,    296.003,
    5,       10.8,    180.284,     304.298,    302.491,
    6,       13.3,    180.323,     309.666,    309.022,
    7,       15.8,    180.468,     315.070,    315.564,
    8,       18.3,    180.428,     321.457,    322.085,
    9,       20.8,    180.481,     327.680,    328.561,
   10,       23.3,    180.533,     333.789,    334.971,
   11,       25.8,    180.586,     340.337,    341.295,
   12,       28.3,    180.612,     346.378,    347.517,
   13,       30.8,    180.835,     352.366,    353.626,
   14,       33.3,    180.651,     358.924,    359.602,
   15,       35.8,    180.835,     364.200,    365.443,
   16,       38.3,    180.730,     370.830,    371.134,
   17,       40.8,    180.822,     376.282,    376.673,
   18,       43.3,    180.756,     382.283,    382.052,
   19,       45.8,    180.887,     387.203,    387.269,
   20,       48.3,    180.795,     392.377,    392.320,
   21,       50.8,    180.913,     397.428,    397.204,
   22,       53.3,    180.782,     402.694,    401.918,
   23,       55.8,    181.031,     407.001,    406.467,
   24,       58.3,    181.084,     411.191,    410.848,
   25,       60.8,    180.966,     415.879,    415.062,
   26,       63.3,    180.822,     419.861,    419.110,
   27,       65.8,    180.887,     423.800,    422.997,
   28,       68.3,    180.809,     427.635,    426.724,
   29,       70.8,    180.874,     430.576,    430.296,
   30,       73.3,    180.861,     434.698,    433.715,
   31,       75.8,    180.966,     437.541,    436.986,
   32,       78.3,    181.058,     440.743,    440.112,
   33,       80.8,    180.861,     443.434,    443.098,
   34,       83.3,    181.176,     445.424,    445.948,
   35,       85.8,    181.110,     449.119,    448.667,
   36,       88.3,    181.136,     451.152,    451.258,
   37,       90.8,    180.913,     453.808,    453.726,
   38,       93.3,    180.953,     456.031,    456.076,
   39,       95.8,    181.084,     459.014,    458.312,
   40,       98.3,    180.874,     460.541,    460.439,
   41,      100.8,    180.953,     462.109,    462.460,
   42,      103.3,    181.045,     463.532,    464.380,
   43,      105.8,    181.045,     465.852,    466.204,
   44,      108.3,    181.136,     467.603,    467.935,
   45,      110.8,    181.031,     469.421,    469.577,
   46,      113.3,    181.097,     470.908,    471.135,
   47,      115.8,    181.281,     471.975,    472.611,
   48,      118.3,    181.136,     473.566,    474.012,
   49,      120.8,    181.031,     474.835,    475.340,
   50,      123.3,    181.031,     476.823,    476.598,
   51,      125.8,    181.031,     477.155,    477.789,
   52,      128.3,    181.176,     478.872,    478.915,
   53,      130.8,    181.018,     479.288,    479.983,
   54,      133.3,    181.254,     480.430,    480.991,
   55,      135.8,    181.071,     481.580,    481.947,
   56,      138.3,    181.163,     482.881,    482.850,
   57,      140.8,    181.110,     483.352,    483.704,
   58,      143.3,    181.123,     484.311,    484.512,
   59,      145.8,    181.071,     485.666,    485.276,
   60,      148.3,    181.045,     485.847,    485.999,
   61,      150.8,    181.215,     486.604,    486.680,
   62,      153.3,    181.189,     487.999,    487.324,
   63,      155.8,    181.123,     488.286,    487.933,
   64,      158.3,    181.254,     489.036,    488.506,
   65,      160.8,    181.189,     489.544,    489.049,
   66,      163.3,    181.176,     490.132,    489.562,
   67,      165.8,    181.097,     491.449,    490.047,
   68,      168.3,    181.215,     491.460,    490.504,
   69,      170.8,    181.254,     491.243,    490.934,
   70,      175.8,    180.035,     492.793,    493.703,
----,
DateTime:        , 2025/11/18, 18:13:46, 1763504026269,
RFID_EPC:        ,--Not Acquired--,
RFID_UserData:   ,--Not Acquired--,
Barcode:         ,--Not Acquired--,
PIF:,            0.00,
PARs:,            0.0,     0.0,     0.0,     0.0,     0.0,     0.0,
Light:,           0.0,     0.0,     0.0,     0.0,     0.0,     0.0,
Cycles:,            1,
                    1,      69,      70,      70,
Lamps:,        #10000,
Gain:,              5,      25, 
SNR_raw:,     604.39,
Position:,        0.0,              0.0,   NoData,
DataPt,      Time(us),   EX,         EM,       Fit,
==========,==========,==========,==========,=========,
    0,        0.0,      0.000,       0.000,    271.502,
    1,        0.8,    164.131,     272.343,    276.996,
    2,        3.3,    180.160,     283.270,    283.202,
    3,        5.8,    180.134,     293.227,    289.557,
    4,        8.3,    180.225,     299.070,    296.021,
    5,       10.8,    180.344,     304.641,    302.553,
    6,       13.3,    180.330,     309.765,    309.115,
    7,       15.8,    180.475,     315.723,    315.681,
    8,       18.3,    180.619,     321.561,    322.223,
    9,       20.8,    180.566,     327.746,    328.711,
   10,       23.3,    180.737,     333.302,    335.132,
   11,       25.8,    180.685,     340.151,    341.461,
   12,       28.3,    180.789,     346.259,    347.686,
   13,       30.8,    180.645,     353.179,    353.789,
   14,       33.3,    180.763,     358.923,    359.763,
   15,       35.8,    180.776,     365.866,    365.598,
   16,       38.3,    180.868,     370.767,    371.286,
   17,       40.8,    180.894,     376.463,    376.821,
   18,       43.3,    180.829,     382.461,    382.196,
   19,       45.8,    180.894,     387.851,    387.409,
   20,       48.3,    180.881,     392.633,    392.456,
   21,       50.8,    180.947,     397.686,    397.337,
   22,       53.3,    180.908,     402.637,    402.050,
   23,       55.8,    180.960,     406.499,    406.595,
   24,       58.3,    180.881,     411.319,    410.973,
   25,       60.8,    180.763,     415.461,    415.184,
   26,       63.3,    180.960,     420.093,    419.233,
   27,       65.8,    180.868,     423.734,    423.120,
   28,       68.3,    180.934,     427.449,    426.849,
   29,       70.8,    180.986,     430.530,    430.423,
   30,       73.3,    181.052,     434.793,    433.847,
   31,       75.8,    181.012,     437.428,    437.121,
   32,       78.3,    180.986,     440.475,    440.252,
   33,       80.8,    180.999,     443.317,    443.243,
   34,       83.3,    181.012,     446.047,    446.099,
   35,       85.8,    181.012,     448.809,    448.823,
   36,       88.3,    180.973,     451.780,    451.420,
   37,       90.8,    181.039,     454.268,    453.894,
   38,       93.3,    180.934,     456.189,    456.251,
   39,       95.8,    180.921,     458.654,    458.494,
   40,       98.3,    181.039,     460.123,    460.627,
   41,      100.8,    181.012,     463.062,    462.655,
   42,      103.3,    180.947,     464.335,    464.583,
   43,      105.8,    181.039,     465.978,    466.414,
   44,      108.3,    181.104,     467.245,    468.152,
   45,      110.8,    181.104,     469.564,    469.802,
   46,      113.3,    181.157,     471.305,    471.368,
   47,      115.8,    180.999,     472.930,    472.853,
   48,      118.3,    181.196,     473.630,    474.260,
   49,      120.8,    181.078,     475.486,    475.595,
   50,      123.3,    180.999,     476.687,    476.860,
   51,      125.8,    180.934,     477.965,    478.059,
   52,      128.3,    181.052,     478.758,    479.194,
   53,      130.8,    181.065,     479.938,    480.267,
   54,      133.3,    181.170,     480.764,    481.283,
   55,      135.8,    180.986,     481.694,    482.246,
   56,      138.3,    181.170,     483.083,    483.155,
   57,      140.8,    181.039,     484.206,    484.016,
   58,      143.3,    181.157,     484.553,    484.830,
   59,      145.8,    181.052,     486.380,    485.600,
   60,      148.3,    181.039,     486.747,    486.328,
   61,      150.8,    181.144,     486.906,    487.015,
   62,      153.3,    181.039,     487.851,    487.666,
   63,      155.8,    181.170,     488.271,    488.279,
   64,      158.3,    180.986,     488.877,    488.861,
   65,      160.8,    181.209,     490.372,    489.408,
   66,      163.3,    181.170,     490.369,    489.925,
   67,      165.8,    181.235,     490.964,    490.413,
   68,      168.3,    181.026,     490.980,    490.876,
   69,      170.8,    181.026,     492.748,    491.313,
   70,      175.8,    179.963,     492.768,    493.870,
----,
DateTime:        , 2025/11/18, 18:13:50, 1763504030770,
RFID_EPC:        ,--Not Acquired--,
RFID_UserData:   ,--Not Acquired--,
Barcode:         ,--Not Acquired--,
PIF:,            0.00,
PARs:,            0.0,     0.0,     0.0,     0.0,     0.0,     0.0,
Light:,           0.0,     0.0,     0.0,     0.0,     0.0,     0.0,
Cycles:,            1,
                    1,      69,      70,      70,
Lamps:,        #10000,
Gain:,              5,      25, 
SNR_raw:,     721.60,
Position:,        0.0,              0.0,   NoData,
DataPt,      Time(us),   EX,         EM,       Fit,
==========,==========,==========,==========,=========,
    0,        0.0,      0.000,       0.000,    272.186,
    1,        0.8,    164.048,     272.726,    277.666,
    2,        3.3,    180.152,     284.145,    283.864,
    3,        5.8,    180.283,     294.537,    290.221,
    4,        8.3,    180.559,     299.183,    296.695,
    5,       10.8,    180.454,     305.120,    303.235,
    6,       13.3,    180.362,     310.709,    309.803,
    7,       15.8,    180.768,     315.874,    316.382,
    8,       18.3,    180.532,     322.047,    322.927,
    9,       20.8,    180.532,     328.141,    329.420,
   10,       23.3,    180.611,     335.195,    335.842,
   11,       25.8,    180.493,     341.620,    342.169,
   12,       28.3,    180.729,     347.260,    348.394,
   13,       30.8,    180.690,     354.088,    354.496,
   14,       33.3,    180.795,     359.634,    360.469,
   15,       35.8,    180.939,     365.317,    366.302,
   16,       38.3,    180.834,     371.169,    371.983,
   17,       40.8,    180.978,     377.172,    377.511,
   18,       43.3,    180.834,     383.003,    382.875,
   19,       45.8,    180.795,     388.396,    388.073,
   20,       48.3,    180.926,     393.089,    393.106,
   21,       50.8,    180.926,     398.285,    397.970,
   22,       53.3,    180.913,     402.957,    402.664,
   23,       55.8,    181.005,     407.283,    407.190,
   24,       58.3,    181.005,     412.144,    411.547,
   25,       60.8,    180.926,     416.082,    415.737,
   26,       63.3,    181.070,     420.721,    419.763,
   27,       65.8,    181.083,     424.335,    423.626,
   28,       68.3,    180.978,     427.344,    427.330,
   29,       70.8,    181.149,     431.248,    430.879,
   30,       73.3,    180.991,     434.827,    434.274,
   31,       75.8,    180.939,     438.159,    437.521,
   32,       78.3,    180.873,     441.082,    440.623,
   33,       80.8,    180.965,     444.284,    443.585,
   34,       83.3,    180.991,     446.651,    446.411,
   35,       85.8,    180.991,     449.635,    449.105,
   36,       88.3,    180.926,     452.008,    451.673,
   37,       90.8,    180.939,     454.407,    454.118,
   38,       93.3,    181.005,     456.563,    456.445,
   39,       95.8,    180.978,     458.619,    458.659,
   40,       98.3,    181.057,     460.628,    460.764,
   41,      100.8,    180.991,     462.121,    462.764,
   42,      103.3,    181.044,     464.418,    464.664,
   43,      105.8,    180.991,     466.652,    466.468,
   44,      108.3,    180.978,     467.680,    468.180,
   45,      110.8,    180.873,     469.279,    469.805,
   46,      113.3,    181.096,     471.020,    471.344,
   47,      115.8,    180.978,     472.543,    472.805,
   48,      118.3,    181.096,     474.002,    474.188,
   49,      120.8,    181.031,     475.168,    475.499,
   50,      123.3,    181.109,     476.176,    476.740,
   51,      125.8,    181.083,     477.460,    477.915,
   52,      128.3,    181.123,     478.902,    479.027,
   53,      130.8,    181.070,     480.146,    480.080,
   54,      133.3,    181.070,     480.146,    481.076,
   55,      135.8,    180.965,     481.308,    482.020,
   56,      138.3,    180.965,     482.634,    482.912,
   57,      140.8,    181.031,     484.006,    483.754,
   58,      143.3,    181.057,     484.157,    484.551,
   59,      145.8,    180.939,     485.689,    485.304,
   60,      148.3,    181.109,     486.225,    486.015,
   61,      150.8,    181.070,     486.552,    486.687,
   62,      153.3,    181.018,     487.356,    487.322,
   63,      155.8,    181.267,     488.341,    487.919,
   64,      158.3,    181.044,     488.832,    488.486,
   65,      160.8,    181.057,     489.791,    489.021,
   66,      163.3,    181.070,     490.418,    489.526,
   67,      165.8,    181.044,     490.489,    490.003,
   68,      168.3,    181.096,     491.782,    490.453,
   69,      170.8,    181.109,     491.526,    490.878,
   70,      175.8,    179.798,     491.997,    493.535,
----,
DateTime:        , 2025/11/18, 18:13:55, 1763504035261,
RFID_EPC:        ,--Not Acquired--,
RFID_UserData:   ,--Not Acquired--,
Barcode:         ,--Not Acquired--,
PIF:,            0.00,
PARs:,            0.0,     0.0,     0.0,     0.0,     0.0,     0.0,
Light:,           0.0,     0.0,     0.0,     0.0,     0.0,     0.0,
Cycles:,            1,
                    1,      69,      70,      70,
Lamps:,        #10000,
Gain:,              5,      25, 
SNR_raw:,     670.22,
Position:,        0.0,              0.0,   NoData,
DataPt,      Time(us),   EX,         EM,       Fit,
==========,==========,==========,==========,=========,
    0,        0.0,      0.000,       0.000,    272.145,
    1,        0.8,    164.157,     272.787,    277.667,
    2,        3.3,    180.067,     283.807,    283.889,
    3,        5.8,    180.303,     293.839,    290.260,
    4,        8.3,    180.158,     299.625,    296.724,
    5,       10.8,    180.381,     305.575,    303.255,
    6,       13.3,    180.329,     311.209,    309.810,
    7,       15.8,    180.342,     315.955,    316.361,
    8,       18.3,    180.486,     322.573,    322.886,
    9,       20.8,    180.670,     328.334,    329.362,
   10,       23.3,    180.473,     334.676,    335.759,
   11,       25.8,    180.696,     341.236,    342.071,
   12,       28.3,    180.867,     347.328,    348.279,
   13,       30.8,    180.788,     352.789,    354.366,
   14,       33.3,    180.657,     359.688,    360.319,
   15,       35.8,    180.631,     365.387,    366.131,
   16,       38.3,    180.775,     370.959,    371.798,
   17,       40.8,    180.696,     376.765,    377.310,
   18,       43.3,    180.736,     382.659,    382.663,
   19,       45.8,    180.762,     388.357,    387.854,
   20,       48.3,    180.801,     393.029,    392.881,
   21,       50.8,    180.880,     397.723,    397.742,
   22,       53.3,    180.906,     402.529,    402.436,
   23,       55.8,    180.945,     407.195,    406.963,
   24,       58.3,    180.972,     411.667,    411.324,
   25,       60.8,    180.906,     415.907,    415.519,
   26,       63.3,    180.985,     420.699,    419.552,
   27,       65.8,    180.880,     424.260,    423.423,
   28,       68.3,    181.116,     427.572,    427.137,
   29,       70.8,    180.972,     431.338,    430.696,
   30,       73.3,    180.867,     434.906,    434.104,
   31,       75.8,    181.011,     438.206,    437.364,
   32,       78.3,    181.024,     440.825,    440.481,
   33,       80.8,    181.050,     443.855,    443.458,
   34,       83.3,    181.103,     446.156,    446.300,
   35,       85.8,    181.103,     449.137,    449.012,
   36,       88.3,    181.011,     451.575,    451.597,
   37,       90.8,    180.932,     454.314,    454.060,
   38,       93.3,    181.050,     456.779,    456.405,
   39,       95.8,    180.972,     458.414,    458.637,
   40,       98.3,    181.077,     461.021,    460.760,
   41,      100.8,    180.958,     462.758,    462.778,
   42,      103.3,    181.037,     464.877,    464.696,
   43,      105.8,    180.880,     466.608,    466.519,
   44,      108.3,    181.129,     468.285,    468.248,
   45,      110.8,    181.050,     469.704,    469.890,
   46,      113.3,    181.011,     470.690,    471.448,
   47,      115.8,    181.024,     472.092,    472.925,
   48,      118.3,    180.919,     473.913,    474.327,
   49,      120.8,    180.998,     475.033,    475.655,
   50,      123.3,    181.090,     476.560,    476.912,
   51,      125.8,    181.168,     477.677,    478.102,
   52,      128.3,    181.063,     478.727,    479.231,
   53,      130.8,    181.168,     479.664,    480.298,
   54,      133.3,    181.168,     480.879,    481.309,
   55,      135.8,    181.208,     482.209,    482.264,
   56,      138.3,    181.090,     483.186,    483.170,
   57,      140.8,    181.103,     483.703,    484.026,
   58,      143.3,    180.985,     485.013,    484.837,
   59,      145.8,    181.129,     485.179,    485.603,
   60,      148.3,    181.063,     485.907,    486.327,
   61,      150.8,    181.129,     486.946,    487.011,
   62,      153.3,    181.103,     487.900,    487.658,
   63,      155.8,    181.142,     488.567,    488.268,
   64,      158.3,    180.998,     489.951,    488.847,
   65,      160.8,    181.299,     489.908,    489.390,
   66,      163.3,    181.260,     490.786,    489.904,
   67,      165.8,    181.195,     490.854,    490.390,
   68,      168.3,    181.286,     492.260,    490.848,
   69,      170.8,    181.221,     491.665,    491.281,
   70,      175.8,    179.791,     492.905,    493.938,
----,
DateTime:        , 2025/11/18, 18:13:59, 1763504039763,
RFID_EPC:        ,--Not Acquired--,
RFID_UserData:   ,--Not Acquired--,
Barcode:         ,--Not Acquired--,
PIF:,            0.00,
PARs:,            0.0,     0.0,     0.0,     0.0,     0.0,     0.0,
Light:,           0.0,     0.0,     0.0,     0.0,     0.0,     0.0,
Cycles:,            1,
                    1,      69,      70,      70,
Lamps:,        #10000,
Gain:,              5,      25, 
SNR_raw:,     594.50,
Position:,        0.0,              0.0,   NoData,
DataPt,      Time(us),   EX,         EM,       Fit,
==========,==========,==========,==========,=========,
    0,        0.0,      0.000,       0.000,    272.571,
    1,        0.8,    164.041,     273.225,    278.011,
    2,        3.3,    180.211,     284.298,    284.174,
    3,        5.8,    180.316,     294.372,    290.500,
    4,        8.3,    180.303,     299.939,    296.940,
    5,       10.8,    180.408,     305.751,    303.455,
    6,       13.3,    180.447,     310.340,    310.007,
    7,       15.8,    180.565,     316.229,    316.566,
    8,       18.3,    180.539,     322.257,    323.100,
    9,       20.8,    180.592,     328.808,    329.587,
   10,       23.3,    180.657,     335.110,    336.004,
   11,       25.8,    180.644,     341.223,    342.332,
   12,       28.3,    180.683,     347.016,    348.556,
   13,       30.8,    180.697,     354.074,    354.662,
   14,       33.3,    180.854,     360.180,    360.639,
   15,       35.8,    180.670,     365.860,    366.473,
   16,       38.3,    180.775,     371.732,    372.161,
   17,       40.8,    180.788,     377.347,    377.694,
   18,       43.3,    180.762,     383.045,    383.067,
   19,       45.8,    180.854,     387.716,    388.277,
   20,       48.3,    180.906,     393.463,    393.322,
   21,       50.8,    180.723,     398.622,    398.196,
   22,       53.3,    180.906,     402.971,    402.904,
   23,       55.8,    180.946,     407.968,    407.443,
   24,       58.3,    180.828,     412.547,    411.813,
   25,       60.8,    180.919,     416.539,    416.017,
   26,       63.3,    180.841,     421.255,    420.057,
   27,       65.8,    180.972,     424.375,    423.934,
   28,       68.3,    181.051,     428.168,    427.654,
   29,       70.8,    180.985,     431.969,    431.216,
   30,       73.3,    180.906,     434.921,    434.626,
   31,       75.8,    180.985,     439.042,    437.888,
   32,       78.3,    180.867,     441.429,    441.005,
   33,       80.8,    180.959,     444.189,    443.981,
   34,       83.3,    180.906,     447.082,    446.821,
   35,       85.8,    181.024,     449.663,    449.530,
   36,       88.3,    180.906,     452.278,    452.111,
   37,       90.8,    181.024,     454.193,    454.570,
   38,       93.3,    180.972,     456.977,    456.910,
   39,       95.8,    181.077,     458.479,    459.136,
   40,       98.3,    180.985,     461.475,    461.253,
   41,      100.8,    180.893,     463.478,    463.265,
   42,      103.3,    181.142,     464.607,    465.176,
   43,      105.8,    181.103,     466.806,    466.990,
   44,      108.3,    180.919,     468.385,    468.713,
   45,      110.8,    180.998,     469.176,    470.347,
   46,      113.3,    181.051,     471.691,    471.897,
   47,      115.8,    181.011,     473.341,    473.366,
   48,      118.3,    180.998,     474.811,    474.758,
   49,      120.8,    181.103,     476.303,    476.077,
   50,      123.3,    181.182,     477.090,    477.325,
   51,      125.8,    181.234,     478.166,    478.507,
   52,      128.3,    181.195,     478.601,    479.626,
   53,      130.8,    181.234,     480.704,    480.685,
   54,      133.3,    181.038,     481.337,    481.688,
   55,      135.8,    181.260,     482.400,    482.635,
   56,      138.3,    181.038,     482.994,    483.533,
   57,      140.8,    180.998,     484.535,    484.382,
   58,      143.3,    181.038,     485.203,    485.185,
   59,      145.8,    181.090,     486.057,    485.942,
   60,      148.3,    180.959,     486.409,    486.660,
   61,      150.8,    181.142,     487.793,    487.335,
   62,      153.3,    181.142,     487.903,    487.974,
   63,      155.8,    181.156,     488.641,    488.576,
   64,      158.3,    181.156,     489.524,    489.146,
   65,      160.8,    181.195,     490.411,    489.683,
   66,      163.3,    181.142,     491.216,    490.191,
   67,      165.8,    181.208,     490.928,    490.670,
   68,      168.3,    181.169,     492.359,    491.122,
   69,      170.8,    181.051,     492.238,    491.551,
   70,      175.8,    179.857,     493.169,    494.204,
----,
DateTime:        , 2025/11/18, 18:14:04, 1763504044245,
RFID_EPC:        ,--Not Acquired--,
RFID_UserData:   ,--Not Acquired--,
Barcode:         ,--Not Acquired--,
PIF:,            0.00,
PARs:,            0.0,     0.0,     0.0,     0.0,     0.0,     0.0,
Light:,           0.0,     0.0,     0.0,     0.0,     0.0,     0.0,
Cycles:,            1,
                    1,      69,      70,      70,
Lamps:,        #10000,
Gain:,              5,      25, 
SNR_raw:,     544.07,
Position:,        0.0,              0.0,   NoData,
DataPt,      Time(us),   EX,         EM,       Fit,
==========,==========,==========,==========,=========,
    0,        0.0,      0.000,       0.000,    272.482,
    1,        0.8,    163.936,     272.790,    277.904,
    2,        3.3,    180.133,     284.268,    284.056,
    3,        5.8,    180.106,     294.715,    290.377,
    4,        8.3,    180.342,     299.763,    296.824,
    5,       10.8,    180.277,     305.419,    303.348,
    6,       13.3,    180.513,     311.224,    309.918,
    7,       15.8,    180.565,     315.786,    316.497,
    8,       18.3,    180.697,     321.976,    323.058,
    9,       20.8,    180.631,     328.515,    329.570,
   10,       23.3,    180.539,     335.107,    336.010,
   11,       25.8,    180.775,     341.529,    342.367,
   12,       28.3,    180.644,     347.091,    348.617,
   13,       30.8,    180.631,     353.649,    354.747,
   14,       33.3,    180.631,     359.850,    360.747,
   15,       35.8,    180.710,     365.780,    366.607,
   16,       38.3,    180.683,     371.921,    372.317,
   17,       40.8,    180.657,     378.064,    377.871,
   18,       43.3,    180.828,     382.574,    383.267,
   19,       45.8,    180.959,     388.597,    388.500,
   20,       48.3,    180.893,     393.823,    393.565,
   21,       50.8,    180.880,     398.828,    398.459,
   22,       53.3,    180.788,     404.008,    403.183,
   23,       55.8,    181.103,     407.613,    407.740,
   24,       58.3,    180.933,     413.193,    412.125,
   25,       60.8,    180.749,     417.153,    416.341,
   26,       63.3,    180.959,     421.311,    420.393,
   27,       65.8,    180.854,     424.873,    424.281,
   28,       68.3,    180.906,     428.398,    428.008,
   29,       70.8,    180.919,     432.126,    431.578,
   30,       73.3,    181.024,     435.742,    434.995,
   31,       75.8,    181.024,     438.504,    438.263,
   32,       78.3,    181.064,     441.612,    441.385,
   33,       80.8,    181.077,     444.894,    444.365,
   34,       83.3,    181.038,     447.642,    447.209,
   35,       85.8,    181.038,     450.735,    449.920,
   36,       88.3,    181.064,     453.100,    452.502,
   37,       90.8,    181.156,     454.637,    454.961,
   38,       93.3,    180.959,     457.010,    457.302,
   39,       95.8,    180.946,     459.917,    459.528,
   40,       98.3,    180.854,     461.367,    461.644,
   41,      100.8,    181.051,     463.627,    463.654,
   42,      103.3,    181.038,     465.318,    465.563,
   43,      105.8,    181.116,     466.772,    467.374,
   44,      108.3,    180.893,     468.895,    469.094,
   45,      110.8,    181.156,     469.652,    470.724,
   46,      113.3,    181.051,     471.912,    472.270,
   47,      115.8,    181.169,     473.040,    473.735,
   48,      118.3,    180.933,     474.983,    475.124,
   49,      120.8,    181.011,     476.655,    476.439,
   50,      123.3,    181.169,     478.008,    477.683,
   51,      125.8,    181.234,     478.497,    478.860,
   52,      128.3,    180.867,     480.132,    479.977,
   53,      130.8,    181.024,     480.488,    481.032,
   54,      133.3,    181.090,     480.976,    482.030,
   55,      135.8,    181.129,     482.639,    482.973,
   56,      138.3,    181.156,     483.121,    483.864,
   57,      140.8,    181.208,     484.305,    484.706,
   58,      143.3,    181.077,     484.987,    485.504,
   59,      145.8,    181.024,     486.012,    486.257,
   60,      148.3,    181.024,     487.559,    486.969,
   61,      150.8,    181.011,     488.036,    487.642,
   62,      153.3,    181.103,     488.451,    488.276,
   63,      155.8,    181.142,     489.118,    488.874,
   64,      158.3,    181.195,     489.418,    489.439,
   65,      160.8,    181.247,     491.152,    489.971,
   66,      163.3,    181.169,     491.476,    490.475,
   67,      165.8,    181.103,     491.543,    490.951,
   68,      168.3,    181.156,     492.505,    491.399,
   69,      170.8,    181.169,     493.242,    491.822,
   70,      175.8,    180.001,     493.663,    494.537,
----,
DateTime:        , 2025/11/18, 18:14:08, 1763504048737,
RFID_EPC:        ,--Not Acquired--,
RFID_UserData:   ,--Not Acquired--,
Barcode:         ,--Not Acquired--,
PIF:,            0.00,
PARs:,            0.0,     0.0,     0.0,     0.0,     0.0,     0.0,
Light:,           0.0,     0.0,     0.0,     0.0,     0.0,     0.0,
Cycles:,            1,
                    1,      69,      70,      70,
Lamps:,        #10000,
Gain:,              5,      25, 
SNR_raw:,     638.34,
Position:,        0.0,              0.0,   NoData,
DataPt,      Time(us),   EX,         EM,       Fit,
==========,==========,==========,==========,=========,
    0,        0.0,      0.000,       0.000,    272.723,
    1,        0.8,    164.033,     273.725,    278.138,
    2,        3.3,    180.098,     284.514,    284.283,
    3,        5.8,    180.203,     294.335,    290.604,
    4,        8.3,    180.255,     299.686,    297.048,
    5,       10.8,    180.373,     305.145,    303.574,
    6,       13.3,    180.308,     311.024,    310.139,
    7,       15.8,    180.203,     316.310,    316.706,
    8,       18.3,    180.452,     322.413,    323.257,
    9,       20.8,    180.662,     328.791,    329.765,
   10,       23.3,    180.505,     335.504,    336.198,
   11,       25.8,    180.544,     341.302,    342.543,
   12,       28.3,    180.741,     347.902,    348.785,
   13,       30.8,    180.714,     353.818,    354.906,
   14,       33.3,    180.596,     360.472,    360.893,
   15,       35.8,    180.767,     366.550,    366.742,
   16,       38.3,    180.623,     371.936,    372.438,
   17,       40.8,    180.806,     377.421,    377.980,
   18,       43.3,    180.806,     383.283,    383.362,
   19,       45.8,    180.924,     388.450,    388.580,
   20,       48.3,    180.793,     393.931,    393.629,
   21,       50.8,    180.950,     398.894,    398.510,
   22,       53.3,    180.806,     403.084,    403.220,
   23,       55.8,    180.898,     408.518,    407.761,
   24,       58.3,    180.924,     412.880,    412.134,
   25,       60.8,    180.990,     416.819,    416.340,
   26,       63.3,    180.990,     420.797,    420.381,
   27,       65.8,    180.990,     424.554,    424.260,
   28,       68.3,    180.832,     429.127,    427.978,
   29,       70.8,    180.924,     432.336,    431.540,
   30,       73.3,    181.055,     435.668,    434.950,
   31,       75.8,    181.016,     438.746,    438.211,
   32,       78.3,    181.029,     441.587,    441.328,
   33,       80.8,    181.121,     444.675,    444.304,
   34,       83.3,    181.042,     447.189,    447.145,
   35,       85.8,    180.937,     449.769,    449.853,
   36,       88.3,    181.134,     452.151,    452.434,
   37,       90.8,    180.832,     454.896,    454.893,
   38,       93.3,    180.898,     457.606,    457.234,
   39,       95.8,    180.990,     459.253,    459.460,
   40,       98.3,    180.924,     461.298,    461.578,
   41,      100.8,    181.134,     463.193,    463.590,
   42,      103.3,    180.964,     465.508,    465.502,
   43,      105.8,    181.042,     467.405,    467.317,
   44,      108.3,    181.186,     468.468,    469.040,
   45,      110.8,    181.226,     469.690,    470.674,
   46,      113.3,    181.134,     472.026,    472.225,
   47,      115.8,    181.121,     473.054,    473.696,
   48,      118.3,    180.990,     474.944,    475.091,
   49,      120.8,    181.068,     476.615,    476.412,
   50,      123.3,    181.108,     477.285,    477.663,
   51,      125.8,    181.147,     478.285,    478.848,
   52,      128.3,    181.095,     479.639,    479.970,
   53,      130.8,    181.291,     480.773,    481.030,
   54,      133.3,    181.108,     482.254,    482.035,
   55,      135.8,    181.082,     482.656,    482.986,
   56,      138.3,    181.239,     483.781,    483.885,
   57,      140.8,    181.186,     484.804,    484.735,
   58,      143.3,    181.265,     485.477,    485.538,
   59,      145.8,    181.003,     486.401,    486.300,
   60,      148.3,    181.200,     487.418,    487.018,
   61,      150.8,    181.016,     488.023,    487.698,
   62,      153.3,    180.937,     489.341,    488.342,
   63,      155.8,    181.121,     488.955,    488.948,
   64,      158.3,    181.147,     489.547,    489.520,
   65,      160.8,    181.186,     490.103,    490.060,
   66,      163.3,    181.082,     490.608,    490.571,
   67,      165.8,    181.213,     491.467,    491.052,
   68,      168.3,    181.160,     492.161,    491.507,
   69,      170.8,    181.134,     493.116,    491.937,
   70,      175.8,    179.927,     493.199,    494.634,
----,
DateTime:        , 2025/11/18, 18:14:13, 1763504053232,
RFID_EPC:        ,--Not Acquired--,
RFID_UserData:   ,--Not Acquired--,
Barcode:         ,--Not Acquired--,
PIF:,            0.00,
PARs:,            0.0,     0.0,     0.0,     0.0,     0.0,     0.0,
Light:,           0.0,     0.0,     0.0,     0.0,     0.0,     0.0,
Cycles:,            1,
                    1,      69,      70,      70,
Lamps:,        #10000,
Gain:,              5,      25, 
SNR_raw:,     563.99,
Position:,        0.0,              0.0,   NoData,
DataPt,      Time(us),   EX,         EM,       Fit,
==========,==========,==========,==========,=========,
    0,        0.0,      0.000,       0.000,    274.024,
    1,        0.8,    164.019,     274.481,    279.014,
    2,        3.3,    180.069,     285.135,    284.836,
    3,        5.8,    180.240,     294.830,    290.954,
    4,        8.3,    180.397,     300.448,    297.285,
    5,       10.8,    180.345,     305.748,    303.755,
    6,       13.3,    180.331,     311.316,    310.305,
    7,       15.8,    180.567,     316.004,    316.894,
    8,       18.3,    180.646,     323.063,    323.476,
    9,       20.8,    180.423,     329.226,    330.013,
   10,       23.3,    180.659,     335.549,    336.485,
   11,       25.8,    180.633,     341.577,    342.864,
   12,       28.3,    180.790,     347.917,    349.134,
   13,       30.8,    180.672,     354.011,    355.276,
   14,       33.3,    180.869,     360.150,    361.281,
   15,       35.8,    180.790,     366.170,    367.136,
   16,       38.3,    180.738,     372.362,    372.833,
   17,       40.8,    180.764,     378.283,    378.366,
   18,       43.3,    180.843,     383.427,    383.733,
   19,       45.8,    180.856,     388.707,    388.930,
   20,       48.3,    180.948,     393.263,    393.956,
   21,       50.8,    180.895,     399.236,    398.809,
   22,       53.3,    180.817,     403.945,    403.488,
   23,       55.8,    180.895,     408.192,    407.997,
   24,       58.3,    181.013,     412.677,    412.336,
   25,       60.8,    181.040,     416.926,    416.507,
   26,       63.3,    180.895,     421.128,    420.513,
   27,       65.8,    180.935,     425.015,    424.357,
   28,       68.3,    180.843,     429.212,    428.042,
   29,       70.8,    180.987,     432.407,    431.572,
   30,       73.3,    181.040,     435.264,    434.952,
   31,       75.8,    180.777,     438.993,    438.185,
   32,       78.3,    180.974,     441.500,    441.275,
   33,       80.8,    180.948,     445.101,    444.226,
   34,       83.3,    180.974,     447.357,    447.044,
   35,       85.8,    181.000,     449.171,    449.733,
   36,       88.3,    181.013,     452.121,    452.298,
   37,       90.8,    181.092,     454.244,    454.741,
   38,       93.3,    180.961,     457.668,    457.070,
   39,       95.8,    181.026,     459.160,    459.287,
   40,       98.3,    181.079,     461.898,    461.397,
   41,      100.8,    180.961,     463.526,    463.405,
   42,      103.3,    181.079,     465.764,    465.314,
   43,      105.8,    180.922,     467.053,    467.129,
   44,      108.3,    181.026,     468.882,    468.853,
   45,      110.8,    180.974,     470.344,    470.492,
   46,      113.3,    181.053,     471.576,    472.046,
   47,      115.8,    181.092,     473.792,    473.522,
   48,      118.3,    180.974,     474.543,    474.924,
   49,      120.8,    181.026,     475.842,    476.253,
   50,      123.3,    181.040,     477.133,    477.514,
   51,      125.8,    180.987,     478.708,    478.710,
   52,      128.3,    181.131,     479.321,    479.842,
   53,      130.8,    181.131,     480.646,    480.915,
   54,      133.3,    181.013,     481.622,    481.934,
   55,      135.8,    181.105,     482.041,    482.897,
   56,      138.3,    181.026,     483.465,    483.811,
   57,      140.8,    181.289,     484.752,    484.673,
   58,      143.3,    181.118,     485.981,    485.492,
   59,      145.8,    181.210,     485.845,    486.266,
   60,      148.3,    181.013,     486.815,    487.002,
   61,      150.8,    181.105,     487.452,    487.696,
   62,      153.3,    181.092,     488.812,    488.354,
   63,      155.8,    181.131,     489.037,    488.975,
   64,      158.3,    181.236,     490.079,    489.561,
   65,      160.8,    181.079,     490.284,    490.119,
   66,      163.3,    181.092,     491.573,    490.645,
   67,      165.8,    181.092,     492.015,    491.143,
   68,      168.3,    181.341,     492.001,    491.611,
   69,      170.8,    181.184,     492.980,    492.055,
   70,      175.8,    179.872,     493.016,    494.873,
----,
DateTime:        , 2025/11/18, 18:14:17, 1763504057731,
RFID_EPC:        ,--Not Acquired--,
RFID_UserData:   ,--Not Acquired--,
Barcode:         ,--Not Acquired--,
PIF:,            0.00,
PARs:,            0.0,     0.0,     0.0,     0.0,     0.0,     0.0,
Light:,           0.0,     0.0,     0.0,     0.0,     0.0,     0.0,
Cycles:,            1,
                    1,      69,      70,      70,
Lamps:,        #10000,
Gain:,              5,      25, 
SNR_raw:,     572.89,
Position:,        0.0,              0.0,   NoData,
DataPt,      Time(us),   EX,         EM,       Fit,
==========,==========,==========,==========,=========,
    0,        0.0,      0.000,       0.000,    273.023,
    1,        0.8,    164.014,     273.879,    278.450,
    2,        3.3,    180.053,     284.858,    284.609,
    3,        5.8,    180.158,     294.852,    290.946,
    4,        8.3,    180.289,     300.295,    297.410,
    5,       10.8,    180.499,     305.930,    303.958,
    6,       13.3,    180.355,     311.497,    310.542,
    7,       15.8,    180.433,     316.460,    317.132,
    8,       18.3,    180.538,     322.701,    323.700,
    9,       20.8,    180.683,     328.753,    330.220,
   10,       23.3,    180.578,     335.700,    336.666,
   11,       25.8,    180.696,     341.790,    343.021,
   12,       28.3,    180.696,     348.210,    349.268,
   13,       30.8,    180.578,     354.861,    355.389,
   14,       33.3,    180.656,     360.906,    361.378,
   15,       35.8,    180.722,     366.972,    367.224,
   16,       38.3,    180.827,     372.843,    372.920,
   17,       40.8,    180.565,     378.036,    378.453,
   18,       43.3,    180.893,     382.990,    383.828,
   19,       45.8,    180.801,     389.047,    389.035,
   20,       48.3,    180.945,     394.153,    394.075,
   21,       50.8,    181.050,     399.117,    398.946,
   22,       53.3,    180.840,     404.003,    403.644,
   23,       55.8,    181.063,     408.587,    408.173,
   24,       58.3,    181.037,     412.513,    412.532,
   25,       60.8,    180.801,     417.476,    416.722,
   26,       63.3,    180.840,     421.367,    420.746,
   27,       65.8,    180.984,     425.562,    424.607,
   28,       68.3,    180.971,     429.129,    428.309,
   29,       70.8,    180.906,     433.043,    431.855,
   30,       73.3,    180.984,     436.060,    435.247,
   31,       75.8,    180.958,     439.549,    438.491,
   32,       78.3,    180.984,     442.138,    441.591,
   33,       80.8,    181.024,     445.135,    444.550,
   34,       83.3,    181.129,     447.417,    447.374,
   35,       85.8,    181.050,     450.373,    450.066,
   36,       88.3,    180.919,     452.689,    452.631,
   37,       90.8,    180.984,     455.067,    455.074,
   38,       93.3,    181.115,     457.057,    457.399,
   39,       95.8,    180.919,     459.322,    459.611,
   40,       98.3,    181.050,     462.524,    461.713,
   41,      100.8,    180.958,     463.643,    463.712,
   42,      103.3,    181.063,     465.142,    465.610,
   43,      105.8,    181.050,     467.164,    467.412,
   44,      108.3,    181.220,     468.601,    469.122,
   45,      110.8,    181.076,     470.410,    470.745,
   46,      113.3,    181.115,     471.522,    472.285,
   47,      115.8,    181.037,     472.943,    473.744,
   48,      118.3,    181.037,     474.047,    475.128,
   49,      120.8,    181.102,     476.526,    476.438,
   50,      123.3,    180.958,     477.017,    477.681,
   51,      125.8,    181.063,     478.839,    478.856,
   52,      128.3,    181.024,     478.943,    479.970,
   53,      130.8,    181.260,     480.967,    481.021,
   54,      133.3,    181.050,     481.856,    482.018,
   55,      135.8,    181.024,     483.031,    482.962,
   56,      138.3,    181.194,     483.459,    483.852,
   57,      140.8,    181.142,     484.703,    484.695,
   58,      143.3,    181.247,     485.416,    485.491,
   59,      145.8,    181.037,     485.758,    486.246,
   60,      148.3,    181.089,     486.942,    486.958,
   61,      150.8,    181.142,     487.574,    487.631,
   62,      153.3,    181.102,     489.337,    488.268,
   63,      155.8,    180.958,     489.727,    488.870,
   64,      158.3,    181.142,     489.562,    489.437,
   65,      160.8,    181.115,     490.405,    489.973,
   66,      163.3,    181.273,     491.524,    490.477,
   67,      165.8,    181.168,     491.588,    490.955,
   68,      168.3,    181.142,     492.763,    491.406,
   69,      170.8,    181.050,     493.124,    491.833,
   70,      175.8,    179.778,     492.942,    494.513,
----,
DateTime:        , 2025/11/18, 18:14:22, 1763504062201,
RFID_EPC:        ,--Not Acquired--,
RFID_UserData:   ,--Not Acquired--,
Barcode:         ,--Not Acquired--,
PIF:,            0.00,
PARs:,            0.0,     0.0,     0.0,     0.0,     0.0,     0.0,
Light:,           0.0,     0.0,     0.0,     0.0,     0.0,     0.0,
Cycles:,            1,
                    1,      69,      70,      70,
Lamps:,        #10000,
Gain:,              5,      25, 
SNR_raw:,     718.10,
Position:,        0.0,              0.0,   NoData,
DataPt,      Time(us),   EX,         EM,       Fit,
==========,==========,==========,==========,=========,
    0,        0.0,      0.000,       0.000,    272.417,
    1,        0.8,    163.848,     272.814,    277.744,
    2,        3.3,    179.901,     283.842,    283.842,
    3,        5.8,    180.216,     293.870,    290.161,
    4,        8.3,    180.190,     299.462,    296.630,
    5,       10.8,    180.308,     305.589,    303.198,
    6,       13.3,    180.321,     311.001,    309.817,
    7,       15.8,    180.491,     316.469,    316.451,
    8,       18.3,    180.491,     322.342,    323.062,
    9,       20.8,    180.727,     328.008,    329.626,
   10,       23.3,    180.596,     335.666,    336.112,
   11,       25.8,    180.636,     341.239,    342.501,
   12,       28.3,    180.714,     347.510,    348.777,
   13,       30.8,    180.675,     354.117,    354.925,
   14,       33.3,    180.662,     360.010,    360.932,
   15,       35.8,    180.714,     366.103,    366.789,
   16,       38.3,    180.819,     372.305,    372.492,
   17,       40.8,    180.819,     377.615,    378.031,
   18,       43.3,    180.872,     383.034,    383.403,
   19,       45.8,    181.029,     388.667,    388.607,
   20,       48.3,    180.859,     393.899,    393.636,
   21,       50.8,    180.964,     398.533,    398.494,
   22,       53.3,    180.806,     403.084,    403.177,
   23,       55.8,    180.924,     408.016,    407.688,
   24,       58.3,    180.937,     412.629,    412.030,
   25,       60.8,    180.741,     416.951,    416.202,
   26,       63.3,    180.859,     420.550,    420.208,
   27,       65.8,    180.898,     424.217,    424.052,
   28,       68.3,    181.055,     428.377,    427.738,
   29,       70.8,    181.016,     431.785,    431.268,
   30,       73.3,    180.964,     435.005,    434.647,
   31,       75.8,    180.950,     438.352,    437.878,
   32,       78.3,    181.029,     441.586,    440.966,
   33,       80.8,    181.055,     444.726,    443.916,
   34,       83.3,    180.977,     447.351,    446.732,
   35,       85.8,    181.003,     449.827,    449.418,
   36,       88.3,    181.003,     452.590,    451.979,
   37,       90.8,    181.042,     455.142,    454.419,
   38,       93.3,    181.068,     456.733,    456.743,
   39,       95.8,    181.134,     458.997,    458.955,
   40,       98.3,    181.160,     460.807,    461.060,
   41,      100.8,    180.964,     462.524,    463.064,
   42,      103.3,    181.068,     464.134,    464.968,
   43,      105.8,    181.200,     466.226,    466.777,
   44,      108.3,    181.003,     468.390,    468.497,
   45,      110.8,    181.003,     470.048,    470.131,
   46,      113.3,    181.068,     471.534,    471.681,
   47,      115.8,    180.964,     473.024,    473.154,
   48,      118.3,    181.108,     473.861,    474.550,
   49,      120.8,    180.924,     475.337,    475.876,
   50,      123.3,    181.200,     476.712,    477.130,
   51,      125.8,    181.147,     478.285,    478.321,
   52,      128.3,    181.082,     478.790,    479.450,
   53,      130.8,    181.121,     480.342,    480.519,
   54,      133.3,    181.147,     481.377,    481.532,
   55,      135.8,    181.186,     482.155,    482.492,
   56,      138.3,    181.095,     483.283,    483.402,
   57,      140.8,    181.029,     484.342,    484.264,
   58,      143.3,    181.095,     484.608,    485.079,
   59,      145.8,    181.095,     485.934,    485.851,
   60,      148.3,    181.108,     487.224,    486.582,
   61,      150.8,    181.173,     487.378,    487.273,
   62,      153.3,    180.977,     488.129,    487.929,
   63,      155.8,    181.239,     488.416,    488.546,
   64,      158.3,    181.121,     489.507,    489.131,
   65,      160.8,    181.173,     490.249,    489.684,
   66,      163.3,    181.147,     490.872,    490.208,
   67,      165.8,    181.160,     491.388,    490.703,
   68,      168.3,    181.095,     491.677,    491.172,
   69,      170.8,    181.226,     492.314,    491.614,
   70,      175.8,    179.809,     493.523,    494.569,
----,
DateTime:        , 2025/11/18, 18:14:26, 1763504066757,
RFID_EPC:        ,--Not Acquired--,
RFID_UserData:   ,--Not Acquired--,
Barcode:         ,--Not Acquired--,
PIF:,            0.00,
PARs:,            0.0,     0.0,     0.0,     0.0,     0.0,     0.0,
Light:,           0.0,     0.0,     0.0,     0.0,     0.0,     0.0,
Cycles:,            1,
                    1,      69,      70,      70,
Lamps:,        #10000,
Gain:,              5,      25, 
SNR_raw:,     637.91,
Position:,        0.0,              0.0,   NoData,
DataPt,      Time(us),   EX,         EM,       Fit,
==========,==========,==========,==========,=========,
    0,        0.0,      0.000,       0.000,    272.698,
    1,        0.8,    164.061,     272.947,    278.009,
    2,        3.3,    180.219,     284.165,    284.078,
    3,        5.8,    180.246,     294.376,    290.351,
    4,        8.3,    180.482,     299.421,    296.776,
    5,       10.8,    180.429,     305.383,    303.293,
    6,       13.3,    180.482,     310.835,    309.862,
    7,       15.8,    180.482,     316.597,    316.444,
    8,       18.3,    180.587,     321.729,    323.010,
    9,       20.8,    180.495,     328.874,    329.526,
   10,       23.3,    180.508,     335.055,    335.972,
   11,       25.8,    180.469,     341.777,    342.326,
   12,       28.3,    180.705,     347.750,    348.576,
   13,       30.8,    180.626,     353.327,    354.703,
   14,       33.3,    180.810,     360.269,    360.698,
   15,       35.8,    180.718,     365.874,    366.547,
   16,       38.3,    180.967,     372.112,    372.248,
   17,       40.8,    180.967,     376.975,    377.790,
   18,       43.3,    180.941,     383.109,    383.167,
   19,       45.8,    180.823,     388.115,    388.376,
   20,       48.3,    180.731,     393.181,    393.414,
   21,       50.8,    180.914,     398.199,    398.283,
   22,       53.3,    180.875,     402.709,    402.980,
   23,       55.8,    180.836,     407.220,    407.506,
   24,       58.3,    180.836,     412.640,    411.863,
   25,       60.8,    180.967,     416.319,    416.052,
   26,       63.3,    181.059,     421.300,    420.077,
   27,       65.8,    181.019,     424.927,    423.938,
   28,       68.3,    181.032,     428.210,    427.640,
   29,       70.8,    181.019,     431.777,    431.186,
   30,       73.3,    181.098,     434.903,    434.579,
   31,       75.8,    180.796,     438.172,    437.823,
   32,       78.3,    180.796,     441.491,    440.922,
   33,       80.8,    181.046,     444.529,    443.882,
   34,       83.3,    180.954,     447.075,    446.706,
   35,       85.8,    180.954,     449.397,    449.399,
   36,       88.3,    180.914,     453.032,    451.965,
   37,       90.8,    180.993,     454.161,    454.409,
   38,       93.3,    181.164,     456.935,    456.736,
   39,       95.8,    180.967,     459.200,    458.949,
   40,       98.3,    181.111,     460.932,    461.054,
   41,      100.8,    181.137,     463.184,    463.055,
   42,      103.3,    180.980,     464.913,    464.956,
   43,      105.8,    181.098,     466.708,    466.762,
   44,      108.3,    180.954,     467.854,    468.476,
   45,      110.8,    181.151,     469.775,    470.102,
   46,      113.3,    180.954,     471.281,    471.645,
   47,      115.8,    181.072,     472.851,    473.108,
   48,      118.3,    181.032,     474.169,    474.495,
   49,      120.8,    181.124,     474.702,    475.808,
   50,      123.3,    181.124,     476.468,    477.053,
   51,      125.8,    180.928,     477.981,    478.233,
   52,      128.3,    181.098,     479.188,    479.349,
   53,      130.8,    181.098,     480.071,    480.406,
   54,      133.3,    181.085,     481.763,    481.406,
   55,      135.8,    181.098,     482.170,    482.353,
   56,      138.3,    181.164,     482.878,    483.247,
   57,      140.8,    181.059,     483.600,    484.095,
   58,      143.3,    181.124,     484.971,    484.895,
   59,      145.8,    181.177,     485.382,    485.652,
   60,      148.3,    181.019,     486.578,    486.369,
   61,      150.8,    181.177,     486.707,    487.044,
   62,      153.3,    181.006,     487.828,    487.685,
   63,      155.8,    181.019,     488.677,    488.290,
   64,      158.3,    181.072,     489.640,    488.861,
   65,      160.8,    181.059,     490.007,    489.400,
   66,      163.3,    181.046,     490.484,    489.910,
   67,      165.8,    181.137,     490.677,    490.390,
   68,      168.3,    181.098,     491.888,    490.845,
   69,      170.8,    181.098,     492.330,    491.273,
   70,      175.8,    179.918,     492.003,    493.913,
----,
DateTime:        , 2025/11/18, 18:14:31, 1763504071253,
RFID_EPC:        ,--Not Acquired--,
RFID_UserData:   ,--Not Acquired--,
Barcode:         ,--Not Acquired--,
PIF:,            0.00,
PARs:,            0.0,     0.0,     0.0,     0.0,     0.0,     0.0,
Light:,           0.0,     0.0,     0.0,     0.0,     0.0,     0.0,
Cycles:,            1,
                    1,      69,      70,      70,
Lamps:,        #10000,
Gain:,              5,      25, 
SNR_raw:,     521.62,
Position:,        0.0,              0.0,   NoData,
DataPt,      Time(us),   EX,         EM,       Fit,
==========,==========,==========,==========,=========,
    0,        0.0,      0.000,       0.000,    272.264,
    1,        0.8,    163.934,     273.281,    277.715,
    2,        3.3,    180.052,     284.010,    283.892,
    3,        5.8,    180.209,     293.770,    290.237,
    4,        8.3,    180.380,     299.258,    296.702,
    5,       10.8,    180.406,     305.533,    303.240,
    6,       13.3,    180.301,     310.592,    309.809,
    7,       15.8,    180.708,     316.091,    316.391,
    8,       18.3,    180.813,     321.991,    322.949,
    9,       20.8,    180.550,     328.773,    329.449,
   10,       23.3,    180.563,     334.952,    335.875,
   11,       25.8,    180.629,     341.252,    342.211,
   12,       28.3,    180.694,     347.437,    348.440,
   13,       30.8,    180.616,     353.347,    354.546,
   14,       33.3,    180.747,     359.287,    360.521,
   15,       35.8,    180.642,     365.585,    366.351,
   16,       38.3,    180.799,     371.904,    372.033,
   17,       40.8,    180.944,     377.797,    377.562,
   18,       43.3,    180.891,     382.440,    382.927,
   19,       45.8,    180.865,     388.467,    388.127,
   20,       48.3,    180.983,     393.739,    393.160,
   21,       50.8,    181.062,     398.096,    398.025,
   22,       53.3,    180.839,     402.790,    402.718,
   23,       55.8,    180.917,     407.810,    407.242,
   24,       58.3,    180.917,     411.458,    411.598,
   25,       60.8,    180.799,     416.926,    415.785,
   26,       63.3,    180.852,     420.676,    419.808,
   27,       65.8,    180.944,     423.999,    423.670,
   28,       68.3,    180.891,     427.550,    427.372,
   29,       70.8,    180.917,     431.689,    430.918,
   30,       73.3,    181.153,     434.549,    434.313,
   31,       75.8,    180.944,     438.369,    437.560,
   32,       78.3,    180.970,     440.957,    440.662,
   33,       80.8,    180.931,     443.927,    443.624,
   34,       83.3,    181.114,     446.790,    446.451,
   35,       85.8,    180.878,     449.806,    449.146,
   36,       88.3,    180.944,     452.296,    451.715,
   37,       90.8,    180.917,     454.351,    454.162,
   38,       93.3,    180.983,     456.728,    456.491,
   39,       95.8,    180.957,     458.010,    458.707,
   40,       98.3,    180.839,     461.295,    460.815,
   41,      100.8,    181.075,     462.461,    462.817,
   42,      103.3,    180.944,     464.233,    464.720,
   43,      105.8,    181.114,     466.446,    466.526,
   44,      108.3,    181.180,     467.712,    468.240,
   45,      110.8,    181.127,     469.173,    469.867,
   46,      113.3,    181.062,     470.889,    471.411,
   47,      115.8,    181.075,     472.181,    472.875,
   48,      118.3,    180.983,     474.741,    474.263,
   49,      120.8,    181.193,     475.295,    475.577,
   50,      123.3,    180.944,     476.281,    476.823,
   51,      125.8,    181.075,     477.703,    478.003,
   52,      128.3,    181.114,     478.704,    479.119,
   53,      130.8,    181.075,     479.912,    480.176,
   54,      133.3,    181.167,     480.773,    481.176,
   55,      135.8,    181.258,     481.302,    482.120,
   56,      138.3,    181.180,     482.394,    483.015,
   57,      140.8,    181.180,     483.387,    483.861,
   58,      143.3,    181.140,     484.707,    484.662,
   59,      145.8,    181.035,     485.319,    485.420,
   60,      148.3,    180.983,     486.897,    486.137,
   61,      150.8,    181.035,     487.197,    486.813,
   62,      153.3,    180.996,     488.408,    487.453,
   63,      155.8,    181.101,     488.788,    488.057,
   64,      158.3,    181.114,     488.642,    488.626,
   65,      160.8,    181.075,     489.742,    489.165,
   66,      163.3,    181.180,     489.900,    489.673,
   67,      165.8,    181.206,     491.264,    490.152,
   68,      168.3,    181.180,     491.225,    490.604,
   69,      170.8,    181.049,     491.691,    491.033,
   70,      175.8,    179.868,     492.805,    493.703,
----,
DateTime:        , 2025/11/18, 18:14:35, 1763504075746,
RFID_EPC:        ,--Not Acquired--,
RFID_UserData:   ,--Not Acquired--,
Barcode:         ,--Not Acquired--,
PIF:,            0.00,
PARs:,            0.0,     0.0,     0.0,     0.0,     0.0,     0.0,
Light:,           0.0,     0.0,     0.0,     0.0,     0.0,     0.0,
Cycles:,            1,
                    1,      69,      70,      70,
Lamps:,        #10000,
Gain:,              5,      25, 
SNR_raw:,     615.07,
Position:,        0.0,              0.0,   NoData,
DataPt,      Time(us),   EX,         EM,       Fit,
==========,==========,==========,==========,=========,
    0,        0.0,      0.000,       0.000,    271.765,
    1,        0.8,    164.035,     272.746,    277.274,
    2,        3.3,    180.114,     283.636,    283.504,
    3,        5.8,    180.350,     293.541,    289.896,
    4,        8.3,    180.232,     299.060,    296.391,
    5,       10.8,    180.336,     305.096,    302.955,
    6,       13.3,    180.415,     310.617,    309.550,
    7,       15.8,    180.415,     315.384,    316.141,
    8,       18.3,    180.494,     322.005,    322.703,
    9,       20.8,    180.363,     328.560,    329.206,
   10,       23.3,    180.481,     334.773,    335.634,
   11,       25.8,    180.651,     340.324,    341.972,
   12,       28.3,    180.717,     347.284,    348.201,
   13,       30.8,    180.769,     353.268,    354.307,
   14,       33.3,    180.704,     359.594,    360.276,
   15,       35.8,    180.822,     365.554,    366.104,
   16,       38.3,    180.795,     371.248,    371.779,
   17,       40.8,    180.887,     377.141,    377.298,
   18,       43.3,    180.769,     382.919,    382.653,
   19,       45.8,    180.848,     388.171,    387.844,
   20,       48.3,    180.874,     392.759,    392.866,
   21,       50.8,    180.953,     397.673,    397.721,
   22,       53.3,    180.677,     403.149,    402.402,
   23,       55.8,    180.861,     407.163,    406.916,
   24,       58.3,    180.822,     411.455,    411.262,
   25,       60.8,    180.940,     415.608,    415.442,
   26,       63.3,    180.927,     419.949,    419.459,
   27,       65.8,    180.940,     424.009,    423.313,
   28,       68.3,    181.005,     428.054,    427.010,
   29,       70.8,    181.018,     431.227,    430.551,
   30,       73.3,    181.097,     434.463,    433.942,
   31,       75.8,    181.071,     437.840,    437.185,
   32,       78.3,    181.005,     440.982,    440.284,
   33,       80.8,    180.874,     443.845,    443.244,
   34,       83.3,    181.045,     446.741,    446.069,
   35,       85.8,    181.097,     448.268,    448.764,
   36,       88.3,    180.782,     451.150,    451.333,
   37,       90.8,    181.084,     454.044,    453.780,
   38,       93.3,    180.835,     456.328,    456.110,
   39,       95.8,    180.966,     458.097,    458.328,
   40,       98.3,    181.032,     460.251,    460.437,
   41,      100.8,    181.045,     462.317,    462.442,
   42,      103.3,    181.136,     463.849,    464.347,
   43,      105.8,    181.123,     465.981,    466.157,
   44,      108.3,    181.045,     467.288,    467.877,
   45,      110.8,    181.032,     469.642,    469.509,
   46,      113.3,    181.084,     470.831,    471.057,
   47,      115.8,    181.202,     471.849,    472.525,
   48,      118.3,    181.032,     474.172,    473.918,
   49,      120.8,    181.163,     474.822,    475.237,
   50,      123.3,    181.097,     475.988,    476.488,
   51,      125.8,    181.163,     477.030,    477.673,
   52,      128.3,    181.215,     478.658,    478.795,
   53,      130.8,    180.966,     479.427,    479.860,
   54,      133.3,    181.005,     481.091,    480.867,
   55,      135.8,    181.123,     481.330,    481.819,
   56,      138.3,    181.150,     482.253,    482.720,
   57,      140.8,    181.071,     483.899,    483.573,
   58,      143.3,    181.189,     483.584,    484.379,
   59,      145.8,    181.163,     485.199,    485.142,
   60,      148.3,    181.268,     486.243,    485.862,
   61,      150.8,    181.136,     486.595,    486.544,
   62,      153.3,    180.966,     487.163,    487.191,
   63,      155.8,    181.084,     487.950,    487.801,
   64,      158.3,    181.110,     488.432,    488.377,
   65,      160.8,    180.992,     489.192,    488.923,
   66,      163.3,    180.979,     490.665,    489.438,
   67,      165.8,    181.071,     491.078,    489.924,
   68,      168.3,    181.241,     491.279,    490.381,
   69,      170.8,    181.241,     491.720,    490.813,
   70,      175.8,    180.009,     492.088,    493.476,
----,
DateTime:        , 2025/11/18, 18:14:40, 1763504080254,
RFID_EPC:        ,--Not Acquired--,
RFID_UserData:   ,--Not Acquired--,
Barcode:         ,--Not Acquired--,
PIF:,            0.00,
PARs:,            0.0,     0.0,     0.0,     0.0,     0.0,     0.0,
Light:,           0.0,     0.0,     0.0,     0.0,     0.0,     0.0,
Cycles:,            1,
                    1,      69,      70,      70,
Lamps:,        #10000,
Gain:,              5,      25, 
SNR_raw:,     648.22,
Position:,        0.0,              0.0,   NoData,
DataPt,      Time(us),   EX,         EM,       Fit,
==========,==========,==========,==========,=========,
    0,        0.0,      0.000,       0.000,    272.683,
    1,        0.8,    163.816,     273.111,    278.008,
    2,        3.3,    179.945,     284.356,    284.076,
    3,        5.8,    180.259,     294.576,    290.341,
    4,        8.3,    180.325,     299.127,    296.743,
    5,       10.8,    180.404,     305.315,    303.233,
    6,       13.3,    180.404,     310.526,    309.768,
    7,       15.8,    180.600,     315.946,    316.319,
    8,       18.3,    180.653,     322.165,    322.850,
    9,       20.8,    180.561,     328.532,    329.330,
   10,       23.3,    180.771,     334.346,    335.744,
   11,       25.8,    180.731,     341.280,    342.067,
   12,       28.3,    180.600,     347.619,    348.280,
   13,       30.8,    180.797,     353.656,    354.376,
   14,       33.3,    180.535,     359.709,    360.333,
   15,       35.8,    180.876,     364.892,    366.153,
   16,       38.3,    180.731,     371.269,    371.820,
   17,       40.8,    180.771,     376.942,    377.331,
   18,       43.3,    180.954,     382.417,    382.683,
   19,       45.8,    180.849,     387.947,    387.869,
   20,       48.3,    181.072,     392.992,    392.890,
   21,       50.8,    180.902,     398.006,    397.740,
   22,       53.3,    180.862,     402.847,    402.420,
   23,       55.8,    180.915,     407.484,    406.932,
   24,       58.3,    180.981,     411.094,    411.277,
   25,       60.8,    180.915,     415.775,    415.455,
   26,       63.3,    180.810,     420.441,    419.469,
   27,       65.8,    180.823,     423.840,    423.322,
   28,       68.3,    180.797,     428.105,    427.017,
   29,       70.8,    180.994,     431.175,    430.557,
   30,       73.3,    180.928,     434.648,    433.947,
   31,       75.8,    181.007,     437.774,    437.190,
   32,       78.3,    181.125,     440.470,    440.291,
   33,       80.8,    180.876,     443.620,    443.253,
   34,       83.3,    180.981,     446.457,    446.080,
   35,       85.8,    181.046,     449.167,    448.778,
   36,       88.3,    180.941,     451.639,    451.350,
   37,       90.8,    180.889,     454.312,    453.801,
   38,       93.3,    180.915,     456.015,    456.135,
   39,       95.8,    181.020,     458.513,    458.357,
   40,       98.3,    180.928,     461.067,    460.472,
   41,      100.8,    180.915,     462.317,    462.483,
   42,      103.3,    181.125,     463.990,    464.393,
   43,      105.8,    180.981,     465.796,    466.210,
   44,      108.3,    180.967,     467.488,    467.935,
   45,      110.8,    181.072,     468.984,    469.573,
   46,      113.3,    181.164,     470.402,    471.127,
   47,      115.8,    181.007,     472.579,    472.603,
   48,      118.3,    181.164,     473.935,    474.002,
   49,      120.8,    181.112,     474.956,    475.329,
   50,      123.3,    181.230,     476.191,    476.586,
   51,      125.8,    181.243,     477.150,    477.777,
   52,      128.3,    181.138,     478.531,    478.907,
   53,      130.8,    181.138,     479.414,    479.977,
   54,      133.3,    181.059,     480.727,    480.992,
   55,      135.8,    181.020,     481.384,    481.953,
   56,      138.3,    181.112,     481.913,    482.862,
   57,      140.8,    181.046,     483.302,    483.723,
   58,      143.3,    181.177,     484.719,    484.536,
   59,      145.8,    181.164,     486.079,    485.305,
   60,      148.3,    181.138,     485.818,    486.034,
   61,      150.8,    181.269,     486.570,    486.721,
   62,      153.3,    181.033,     487.646,    487.374,
   63,      155.8,    181.243,     488.737,    487.989,
   64,      158.3,    181.217,     489.139,    488.571,
   65,      160.8,    181.217,     489.911,    489.121,
   66,      163.3,    181.033,     490.408,    489.643,
   67,      165.8,    181.177,     490.901,    490.135,
   68,      168.3,    181.046,     491.588,    490.601,
   69,      170.8,    180.967,     491.691,    491.043,
   70,      175.8,    179.722,     492.428,    493.848,
----,
DateTime:        , 2025/11/18, 18:14:44, 1763504084772,
RFID_EPC:        ,--Not Acquired--,
RFID_UserData:   ,--Not Acquired--,
Barcode:         ,--Not Acquired--,
PIF:,            0.00,
PARs:,            0.0,     0.0,     0.0,     0.0,     0.0,     0.0,
Light:,           0.0,     0.0,     0.0,     0.0,     0.0,     0.0,
Cycles:,            1,
                    1,      69,      70,      70,
Lamps:,        #10000,
Gain:,              5,      25, 
SNR_raw:,     527.55,
Position:,        0.0,              0.0,   NoData,
DataPt,      Time(us),   EX,         EM,       Fit,
==========,==========,==========,==========,=========,
    0,        0.0,      0.000,       0.000,    271.535,
    1,        0.8,    164.003,     272.312,    277.016,
    2,        3.3,    180.055,     283.316,    283.215,
    3,        5.8,    180.277,     293.326,    289.578,
    4,        8.3,    180.133,     298.779,    296.047,
    5,       10.8,    180.435,     305.152,    302.593,
    6,       13.3,    180.395,     309.764,    309.170,
    7,       15.8,    180.540,     315.055,    315.751,
    8,       18.3,    180.212,     321.510,    322.295,
    9,       20.8,    180.592,     328.253,    328.798,
   10,       23.3,    180.474,     334.341,    335.224,
   11,       25.8,    180.435,     340.732,    341.557,
   12,       28.3,    180.671,     346.597,    347.787,
   13,       30.8,    180.723,     352.694,    353.898,
   14,       33.3,    180.723,     359.223,    359.876,
   15,       35.8,    180.776,     364.983,    365.713,
   16,       38.3,    180.776,     371.178,    371.400,
   17,       40.8,    180.828,     376.047,    376.931,
   18,       43.3,    180.763,     381.827,    382.300,
   19,       45.8,    180.671,     387.334,    387.502,
   20,       48.3,    180.750,     392.698,    392.538,
   21,       50.8,    180.854,     397.778,    397.407,
   22,       53.3,    180.881,     403.249,    402.106,
   23,       55.8,    180.894,     407.532,    406.636,
   24,       58.3,    180.894,     411.402,    410.997,
   25,       60.8,    180.986,     415.834,    415.193,
   26,       63.3,    181.104,     419.428,    419.224,
   27,       65.8,    180.881,     423.926,    423.092,
   28,       68.3,    181.064,     427.141,    426.801,
   29,       70.8,    180.946,     431.067,    430.354,
   30,       73.3,    181.012,     434.336,    433.754,
   31,       75.8,    180.815,     437.795,    437.005,
   32,       78.3,    181.091,     440.885,    440.112,
   33,       80.8,    181.012,     443.838,    443.079,
   34,       83.3,    180.999,     445.418,    445.910,
   35,       85.8,    180.881,     448.362,    448.610,
   36,       88.3,    180.986,     451.638,    451.182,
   37,       90.8,    181.077,     453.839,    453.632,
   38,       93.3,    181.025,     455.517,    455.964,
   39,       95.8,    180.933,     457.849,    458.183,
   40,       98.3,    180.933,     459.838,    460.292,
   41,      100.8,    181.051,     462.300,    462.297,
   42,      103.3,    181.012,     463.948,    464.201,
   43,      105.8,    181.051,     465.504,    466.009,
   44,      108.3,    181.091,     468.274,    467.725,
   45,      110.8,    181.051,     468.928,    469.353,
   46,      113.3,    181.169,     470.720,    470.896,
   47,      115.8,    181.117,     472.071,    472.360,
   48,      118.3,    181.117,     473.507,    473.747,
   49,      120.8,    181.117,     474.942,    475.061,
   50,      123.3,    181.169,     475.909,    476.306,
   51,      125.8,    180.986,     476.613,    477.486,
   52,      128.3,    180.972,     478.857,    478.603,
   53,      130.8,    181.156,     479.255,    479.658,
   54,      133.3,    181.064,     480.713,    480.658,
   55,      135.8,    181.209,     481.434,    481.602,
   56,      138.3,    181.143,     481.940,    482.496,
   57,      140.8,    181.274,     483.467,    483.340,
   58,      143.3,    181.195,     483.456,    484.138,
   59,      145.8,    181.300,     484.500,    484.892,
   60,      148.3,    181.104,     486.020,    485.607,
   61,      150.8,    181.235,     485.999,    486.281,
   62,      153.3,    181.064,     487.120,    486.919,
   63,      155.8,    181.143,     487.239,    487.521,
   64,      158.3,    181.051,     489.033,    488.091,
   65,      160.8,    181.182,     488.679,    488.627,
   66,      163.3,    181.064,     490.213,    489.135,
   67,      165.8,    181.195,     490.741,    489.613,
   68,      168.3,    181.130,     491.250,    490.065,
   69,      170.8,    181.209,     491.036,    490.491,
   70,      175.8,    180.081,     492.335,    493.143,
----,
DateTime:        , 2025/11/18, 18:14:49, 1763504089270,
RFID_EPC:        ,--Not Acquired--,
RFID_UserData:   ,--Not Acquired--,
Barcode:         ,--Not Acquired--,
PIF:,            0.00,
PARs:,            0.0,     0.0,     0.0,     0.0,     0.0,     0.0,
Light:,           0.0,     0.0,     0.0,     0.0,     0.0,     0.0,
Cycles:,            1,
                    1,      69,      70,      70,
Lamps:,        #10000,
Gain:,              5,      25, 
SNR_raw:,     661.20,
Position:,        0.0,              0.0,   NoData,
DataPt,      Time(us),   EX,         EM,       Fit,
==========,==========,==========,==========,=========,
    0,        0.0,      0.000,       0.000,    272.740,
    1,        0.8,    163.835,     273.079,    277.785,
    2,        3.3,    180.082,     283.775,    283.671,
    3,        5.8,    180.240,     293.498,    289.850,
    4,        8.3,    180.227,     299.401,    296.234,
    5,       10.8,    180.541,     305.304,    302.761,
    6,       13.3,    180.450,     310.336,    309.361,
    7,       15.8,    180.607,     315.270,    315.991,
    8,       18.3,    180.594,     322.381,    322.607,
    9,       20.8,    180.515,     328.393,    329.173,
   10,       23.3,    180.712,     334.455,    335.667,
   11,       25.8,    180.673,     340.948,    342.062,
   12,       28.3,    180.594,     346.966,    348.338,
   13,       30.8,    180.804,     353.533,    354.485,
   14,       33.3,    180.817,     359.590,    360.488,
   15,       35.8,    180.712,     365.444,    366.335,
   16,       38.3,    180.751,     371.560,    372.021,
   17,       40.8,    180.791,     377.011,    377.541,
   18,       43.3,    180.974,     382.486,    382.892,
   19,       45.8,    181.092,     387.206,    388.072,
   20,       48.3,    180.922,     393.209,    393.076,
   21,       50.8,    180.974,     397.847,    397.906,
   22,       53.3,    180.974,     402.820,    402.561,
   23,       55.8,    181.013,     407.483,    407.045,
   24,       58.3,    180.935,     411.861,    411.357,
   25,       60.8,    181.000,     415.690,    415.501,
   26,       63.3,    180.764,     420.105,    419.479,
   27,       65.8,    180.843,     424.346,    423.295,
   28,       68.3,    181.013,     427.371,    426.953,
   29,       70.8,    181.040,     430.845,    430.457,
   30,       73.3,    180.909,     434.584,    433.811,
   31,       75.8,    181.066,     437.520,    437.019,
   32,       78.3,    181.118,     441.369,    440.086,
   33,       80.8,    181.027,     442.918,    443.016,
   34,       83.3,    181.079,     445.993,    445.814,
   35,       85.8,    180.961,     449.489,    448.484,
   36,       88.3,    181.132,     451.274,    451.030,
   37,       90.8,    180.961,     453.026,    453.457,
   38,       93.3,    180.909,     455.700,    455.771,
   39,       95.8,    181.000,     457.789,    457.974,
   40,       98.3,    180.961,     460.210,    460.071,
   41,      100.8,    180.987,     462.353,    462.066,
   42,      103.3,    181.013,     463.833,    463.965,
   43,      105.8,    181.158,     465.672,    465.769,
   44,      108.3,    180.974,     467.581,    467.486,
   45,      110.8,    180.869,     468.847,    469.118,
   46,      113.3,    181.197,     470.427,    470.665,
   47,      115.8,    181.066,     471.541,    472.137,
   48,      118.3,    180.987,     473.514,    473.535,
   49,      120.8,    180.974,     474.432,    474.861,
   50,      123.3,    181.027,     476.173,    476.120,
   51,      125.8,    181.053,     477.209,    477.314,
   52,      128.3,    181.053,     478.313,    478.446,
   53,      130.8,    180.987,     479.371,    479.521,
   54,      133.3,    181.053,     479.639,    480.539,
   55,      135.8,    181.171,     481.093,    481.503,
   56,      138.3,    181.027,     482.250,    482.419,
   57,      140.8,    181.040,     482.877,    483.287,
   58,      143.3,    181.000,     484.529,    484.109,
   59,      145.8,    181.027,     485.012,    484.888,
   60,      148.3,    180.830,     485.871,    485.628,
   61,      150.8,    181.171,     486.281,    486.324,
   62,      153.3,    181.132,     487.160,    486.984,
   63,      155.8,    181.132,     487.822,    487.609,
   64,      158.3,    181.145,     488.449,    488.201,
   65,      160.8,    181.276,     488.648,    488.759,
   66,      163.3,    181.066,     489.766,    489.291,
   67,      165.8,    181.079,     490.283,    489.794,
   68,      168.3,    181.092,     491.021,    490.270,
   69,      170.8,    181.250,     491.477,    490.718,
   70,      175.8,    179.755,     492.115,    493.689,
----,
DateTime:        , 2025/11/18, 18:14:53, 1763504093773,
RFID_EPC:        ,--Not Acquired--,
RFID_UserData:   ,--Not Acquired--,
Barcode:         ,--Not Acquired--,
PIF:,            0.00,
PARs:,            0.0,     0.0,     0.0,     0.0,     0.0,     0.0,
Light:,           0.0,     0.0,     0.0,     0.0,     0.0,     0.0,
Cycles:,            1,
                    1,      69,      70,      70,
Lamps:,        #10000,
Gain:,              5,      25, 
SNR_raw:,     595.58,
Position:,        0.0,              0.0,   NoData,
DataPt,      Time(us),   EX,         EM,       Fit,
==========,==========,==========,==========,=========,
    0,        0.0,      0.000,       0.000,    272.415,
    1,        0.8,    163.967,     273.470,    277.778,
    2,        3.3,    179.927,     283.904,    283.867,
    3,        5.8,    180.163,     293.401,    290.139,
    4,        8.3,    180.215,     299.641,    296.540,
    5,       10.8,    180.320,     304.902,    303.025,
    6,       13.3,    180.320,     310.004,    309.555,
    7,       15.8,    180.570,     315.668,    316.100,
    8,       18.3,    180.596,     322.156,    322.626,
    9,       20.8,    180.530,     328.145,    329.105,
   10,       23.3,    180.661,     334.991,    335.519,
   11,       25.8,    180.504,     340.824,    341.840,
   12,       28.3,    180.701,     346.983,    348.062,
   13,       30.8,    180.570,     353.105,    354.162,
   14,       33.3,    180.674,     359.542,    360.134,
   15,       35.8,    180.779,     365.528,    365.967,
   16,       38.3,    180.845,     371.147,    371.652,
   17,       40.8,    180.740,     377.227,    377.180,
   18,       43.3,    180.806,     381.847,    382.548,
   19,       45.8,    180.779,     388.097,    387.751,
   20,       48.3,    181.029,     392.424,    392.790,
   21,       50.8,    180.924,     397.737,    397.658,
   22,       53.3,    181.002,     402.757,    402.358,
   23,       55.8,    180.884,     407.222,    406.887,
   24,       58.3,    180.884,     412.087,    411.248,
   25,       60.8,    180.766,     416.007,    415.440,
   26,       63.3,    181.029,     420.044,    419.469,
   27,       65.8,    180.937,     424.347,    423.334,
   28,       68.3,    181.029,     427.778,    427.041,
   29,       70.8,    180.963,     431.249,    430.590,
   30,       73.3,    181.029,     434.628,    433.988,
   31,       75.8,    181.186,     436.899,    437.237,
   32,       78.3,    180.937,     441.038,    440.341,
   33,       80.8,    180.832,     443.838,    443.304,
   34,       83.3,    181.042,     446.306,    446.130,
   35,       85.8,    181.055,     448.483,    448.826,
   36,       88.3,    180.963,     451.474,    451.394,
   37,       90.8,    180.858,     454.279,    453.839,
   38,       93.3,    180.910,     456.469,    456.167,
   39,       95.8,    181.094,     457.884,    458.380,
   40,       98.3,    181.068,     460.380,    460.484,
   41,      100.8,    180.989,     462.238,    462.483,
   42,      103.3,    181.055,     463.838,    464.382,
   43,      105.8,    181.147,     466.363,    466.185,
   44,      108.3,    180.989,     467.210,    467.896,
   45,      110.8,    180.910,     469.514,    469.520,
   46,      113.3,    181.094,     470.695,    471.058,
   47,      115.8,    181.068,     472.088,    472.517,
   48,      118.3,    181.094,     474.339,    473.899,
   49,      120.8,    181.173,     475.127,    475.207,
   50,      123.3,    181.107,     476.072,    476.447,
   51,      125.8,    181.199,     476.824,    477.620,
   52,      128.3,    181.042,     478.233,    478.732,
   53,      130.8,    181.199,     479.362,    479.782,
   54,      133.3,    181.133,     480.751,    480.777,
   55,      135.8,    181.081,     481.773,    481.718,
   56,      138.3,    181.055,     481.954,    482.608,
   57,      140.8,    181.029,     483.018,    483.450,
   58,      143.3,    181.002,     484.856,    484.246,
   59,      145.8,    181.133,     485.057,    484.996,
   60,      148.3,    181.251,     485.624,    485.704,
   61,      150.8,    181.081,     486.302,    486.375,
   62,      153.3,    181.173,     487.601,    487.008,
   63,      155.8,    181.238,     487.756,    487.605,
   64,      158.3,    181.225,     488.343,    488.168,
   65,      160.8,    181.068,     489.319,    488.703,
   66,      163.3,    181.199,     489.407,    489.206,
   67,      165.8,    181.278,     490.077,    489.679,
   68,      168.3,    181.225,     490.660,    490.127,
   69,      170.8,    181.015,     491.892,    490.553,
   70,      175.8,    179.861,     492.602,    493.328,
----,
DateTime:        , 2025/11/18, 18:14:58, 1763504098271,
RFID_EPC:        ,--Not Acquired--,
RFID_UserData:   ,--Not Acquired--,
Barcode:         ,--Not Acquired--,
PIF:,            0.00,
PARs:,            0.0,     0.0,     0.0,     0.0,     0.0,     0.0,
Light:,           0.0,     0.0,     0.0,     0.0,     0.0,     0.0,
Cycles:,            1,
                    1,      69,      70,      70,
Lamps:,        #10000,
Gain:,              5,      25, 
SNR_raw:,     514.41,
Position:,        0.0,              0.0,   NoData,
DataPt,      Time(us),   EX,         EM,       Fit,
==========,==========,==========,==========,=========,
    0,        0.0,      0.000,       0.000,    272.447,
    1,        0.8,    163.931,     273.041,    277.905,
    2,        3.3,    179.969,     284.201,    284.071,
    3,        5.8,    180.192,     294.353,    290.392,
    4,        8.3,    180.244,     299.482,    296.821,
    5,       10.8,    180.297,     305.607,    303.317,
    6,       13.3,    180.415,     310.728,    309.849,
    7,       15.8,    180.284,     316.168,    316.379,
    8,       18.3,    180.611,     321.906,    322.893,
    9,       20.8,    180.559,     328.646,    329.355,
   10,       23.3,    180.546,     334.873,    335.748,
   11,       25.8,    180.651,     341.211,    342.055,
   12,       28.3,    180.638,     346.771,    348.258,
   13,       30.8,    180.874,     353.285,    354.348,
   14,       33.3,    180.664,     359.009,    360.305,
   15,       35.8,    180.638,     365.151,    366.123,
   16,       38.3,    180.769,     371.967,    371.796,
   17,       40.8,    180.821,     377.279,    377.317,
   18,       43.3,    180.821,     382.588,    382.679,
   19,       45.8,    180.874,     387.342,    387.880,
   20,       48.3,    180.821,     393.206,    392.913,
   21,       50.8,    180.926,     398.284,    397.781,
   22,       53.3,    180.874,     402.601,    402.479,
   23,       55.8,    180.900,     407.518,    407.010,
   24,       58.3,    180.900,     412.161,    411.372,
   25,       60.8,    180.808,     416.685,    415.566,
   26,       63.3,    180.926,     420.392,    419.597,
   27,       65.8,    181.031,     424.126,    423.466,
   28,       68.3,    180.952,     427.516,    427.175,
   29,       70.8,    180.848,     431.303,    430.727,
   30,       73.3,    181.084,     434.164,    434.127,
   31,       75.8,    181.123,     437.383,    437.378,
   32,       78.3,    181.057,     440.744,    440.484,
   33,       80.8,    181.097,     443.962,    443.448,
   34,       83.3,    180.992,     447.203,    446.275,
   35,       85.8,    181.110,     449.562,    448.970,
   36,       88.3,    180.848,     452.204,    451.537,
   37,       90.8,    180.966,     454.562,    453.981,
   38,       93.3,    180.874,     456.230,    456.305,
   39,       95.8,    181.123,     458.032,    458.515,
   40,       98.3,    181.018,     459.954,    460.615,
   41,      100.8,    181.018,     462.274,    462.609,
   42,      103.3,    181.149,     464.038,    464.502,
   43,      105.8,    181.070,     465.565,    466.299,
   44,      108.3,    181.175,     467.503,    468.003,
   45,      110.8,    181.097,     469.031,    469.618,
   46,      113.3,    181.123,     471.172,    471.149,
   47,      115.8,    181.018,     471.997,    472.599,
   48,      118.3,    181.097,     474.332,    473.973,
   49,      120.8,    180.966,     475.118,    475.273,
   50,      123.3,    181.175,     476.224,    476.503,
   51,      125.8,    180.992,     477.259,    477.667,
   52,      128.3,    181.044,     478.447,    478.768,
   53,      130.8,    181.123,     478.239,    479.809,
   54,      133.3,    181.057,     480.511,    480.793,
   55,      135.8,    181.215,     481.308,    481.721,
   56,      138.3,    181.005,     482.528,    482.601,
   57,      140.8,    181.149,     483.690,    483.430,
   58,      143.3,    181.123,     484.422,    484.214,
   59,      145.8,    181.123,     485.637,    484.953,
   60,      148.3,    181.097,     486.370,    485.652,
   61,      150.8,    181.215,     486.605,    486.311,
   62,      153.3,    181.215,     487.157,    486.932,
   63,      155.8,    181.162,     487.408,    487.519,
   64,      158.3,    181.136,     488.252,    488.074,
   65,      160.8,    181.241,     488.852,    488.595,
   66,      163.3,    181.057,     489.790,    489.090,
   67,      165.8,    181.175,     490.464,    489.554,
   68,      168.3,    181.123,     491.048,    489.993,
   69,      170.8,    180.992,     491.072,    490.408,
   70,      175.8,    179.995,     491.458,    492.828,
----,
DateTime:        , 2025/11/18, 18:15:02, 1763504102746,
RFID_EPC:        ,--Not Acquired--,
RFID_UserData:   ,--Not Acquired--,
Barcode:         ,--Not Acquired--,
PIF:,            0.00,
PARs:,            0.0,     0.0,     0.0,     0.0,     0.0,     0.0,
Light:,           0.0,     0.0,     0.0,     0.0,     0.0,     0.0,
Cycles:,            1,
                    1,      69,      70,      70,
Lamps:,        #10000,
Gain:,              5,      25, 
SNR_raw:,     621.35,
Position:,        0.0,              0.0,   NoData,
DataPt,      Time(us),   EX,         EM,       Fit,
==========,==========,==========,==========,=========,
    0,        0.0,      0.000,       0.000,    272.483,
    1,        0.8,    164.023,     273.498,    277.890,
    2,        3.3,    179.957,     284.236,    284.018,
    3,        5.8,    180.128,     294.014,    290.320,
    4,        8.3,    180.298,     299.393,    296.746,
    5,       10.8,    180.324,     304.784,    303.248,
    6,       13.3,    180.324,     310.773,    309.789,
    7,       15.8,    180.561,     315.573,    316.341,
    8,       18.3,    180.521,     322.067,    322.868,
    9,       20.8,    180.521,     328.493,    329.345,
   10,       23.3,    180.442,     334.954,    335.749,
   11,       25.8,    180.665,     341.183,    342.067,
   12,       28.3,    180.692,     347.885,    348.280,
   13,       30.8,    180.757,     353.513,    354.373,
   14,       33.3,    180.757,     359.930,    360.334,
   15,       35.8,    180.849,     365.277,    366.155,
   16,       38.3,    180.849,     371.028,    371.826,
   17,       40.8,    180.731,     376.914,    377.339,
   18,       43.3,    180.836,     382.778,    382.692,
   19,       45.8,    180.823,     387.672,    387.880,
   20,       48.3,    180.941,     392.946,    392.902,
   21,       50.8,    180.810,     397.988,    397.753,
   22,       53.3,    180.810,     402.965,    402.435,
   23,       55.8,    180.888,     407.655,    406.948,
   24,       58.3,    180.928,     411.324,    411.293,
   25,       60.8,    180.888,     416.168,    415.472,
   26,       63.3,    180.928,     419.836,    419.485,
   27,       65.8,    181.020,     423.932,    423.337,
   28,       68.3,    180.928,     427.574,    427.030,
   29,       70.8,    181.059,     431.241,    430.567,
   30,       73.3,    180.862,     434.364,    433.952,
   31,       75.8,    181.085,     437.584,    437.189,
   32,       78.3,    180.941,     441.249,    440.282,
   33,       80.8,    181.085,     443.217,    443.234,
   34,       83.3,    180.967,     447.153,    446.052,
   35,       85.8,    181.098,     449.259,    448.738,
   36,       88.3,    181.059,     451.014,    451.297,
   37,       90.8,    180.993,     453.829,    453.735,
   38,       93.3,    181.072,     456.172,    456.055,
   39,       95.8,    180.967,     458.094,    458.261,
   40,       98.3,    180.954,     460.117,    460.360,
   41,      100.8,    181.111,     462.147,    462.353,
   42,      103.3,    181.046,     463.308,    464.246,
   43,      105.8,    180.915,     465.745,    466.045,
   44,      108.3,    180.941,     467.998,    467.752,
   45,      110.8,    180.915,     468.951,    469.371,
   46,      113.3,    180.967,     470.583,    470.906,
   47,      115.8,    181.164,     472.169,    472.360,
   48,      118.3,    181.190,     472.984,    473.737,
   49,      120.8,    181.033,     474.721,    475.044,
   50,      123.3,    181.098,     476.095,    476.281,
   51,      125.8,    181.046,     477.338,    477.453,
   52,      128.3,    181.190,     477.510,    478.561,
   53,      130.8,    181.269,     479.399,    479.608,
   54,      133.3,    181.006,     480.535,    480.602,
   55,      135.8,    181.072,     481.466,    481.542,
   56,      138.3,    180.980,     482.594,    482.431,
   57,      140.8,    180.967,     483.292,    483.272,
   58,      143.3,    181.151,     483.796,    484.065,
   59,      145.8,    181.072,     484.890,    484.815,
   60,      148.3,    181.164,     485.969,    485.523,
   61,      150.8,    181.334,     485.843,    486.190,
   62,      153.3,    181.282,     486.977,    486.821,
   63,      155.8,    181.151,     487.992,    487.419,
   64,      158.3,    181.203,     488.292,    487.983,
   65,      160.8,    181.124,     488.614,    488.517,
   66,      163.3,    181.190,     489.210,    489.020,
   67,      165.8,    181.151,     490.310,    489.495,
   68,      168.3,    181.059,     491.001,    489.945,
   69,      170.8,    181.046,     491.478,    490.370,
   70,      175.8,    180.023,     491.493,    493.028,
----,
DateTime:        , 2025/11/18, 18:15:07, 1763504107244,
RFID_EPC:        ,--Not Acquired--,
RFID_UserData:   ,--Not Acquired--,
Barcode:         ,--Not Acquired--,
PIF:,            0.00,
PARs:,            0.0,     0.0,     0.0,     0.0,     0.0,     0.0,
Light:,           0.0,     0.0,     0.0,     0.0,     0.0,     0.0,
Cycles:,            1,
                    1,      69,      70,      70,
Lamps:,        #10000,
Gain:,              5,      25, 
SNR_raw:,     717.96,
Position:,        0.0,              0.0,   NoData,
DataPt,      Time(us),   EX,         EM,       Fit,
==========,==========,==========,==========,=========,
    0,        0.0,      0.000,       0.000,    271.774,
    1,        0.8,    163.911,     272.709,    277.247,
    2,        3.3,    180.041,     283.541,    283.449,
    3,        5.8,    180.238,     293.391,    289.819,
    4,        8.3,    180.159,     299.513,    296.301,
    5,       10.8,    180.316,     304.354,    302.860,
    6,       13.3,    180.487,     310.272,    309.457,
    7,       15.8,    180.500,     315.790,    316.056,
    8,       18.3,    180.421,     321.803,    322.626,
    9,       20.8,    180.500,     328.311,    329.145,
   10,       23.3,    180.565,     334.505,    335.591,
   11,       25.8,    180.723,     341.186,    341.948,
   12,       28.3,    180.657,     347.066,    348.194,
   13,       30.8,    180.579,     353.641,    354.316,
   14,       33.3,    180.723,     359.335,    360.306,
   15,       35.8,    180.631,     365.054,    366.151,
   16,       38.3,    180.723,     371.508,    371.846,
   17,       40.8,    180.762,     377.623,    377.383,
   18,       43.3,    180.919,     383.154,    382.760,
   19,       45.8,    180.893,     388.074,    387.970,
   20,       48.3,    180.815,     392.999,    393.011,
   21,       50.8,    180.919,     398.078,    397.882,
   22,       53.3,    180.972,     402.825,    402.583,
   23,       55.8,    180.867,     407.482,    407.112,
   24,       58.3,    180.854,     412.266,    411.472,
   25,       60.8,    180.933,     416.177,    415.665,
   26,       63.3,    180.788,     419.607,    419.691,
   27,       65.8,    180.893,     424.228,    423.555,
   28,       68.3,    181.090,     427.522,    427.260,
   29,       70.8,    180.933,     431.431,    430.808,
   30,       73.3,    181.011,     434.669,    434.203,
   31,       75.8,    180.893,     438.048,    437.449,
   32,       78.3,    181.090,     440.665,    440.551,
   33,       80.8,    181.064,     443.380,    443.513,
   34,       83.3,    181.090,     446.850,    446.339,
   35,       85.8,    181.090,     449.390,    449.033,
   36,       88.3,    180.919,     451.693,    451.600,
   37,       90.8,    181.051,     454.348,    454.044,
   38,       93.3,    180.933,     456.634,    456.371,
   39,       95.8,    181.037,     459.131,    458.584,
   40,       98.3,    181.116,     460.809,    460.688,
   41,      100.8,    181.142,     462.509,    462.687,
   42,      103.3,    181.195,     464.472,    464.586,
   43,      105.8,    181.064,     466.024,    466.389,
   44,      108.3,    181.051,     467.715,    468.101,
   45,      110.8,    180.959,     469.499,    469.726,
   46,      113.3,    181.182,     470.577,    471.265,
   47,      115.8,    181.024,     472.864,    472.725,
   48,      118.3,    181.142,     473.440,    474.108,
   49,      120.8,    181.064,     474.750,    475.419,
   50,      123.3,    181.024,     476.842,    476.661,
   51,      125.8,    181.077,     477.146,    477.837,
   52,      128.3,    181.142,     478.850,    478.949,
   53,      130.8,    181.287,     479.351,    480.001,
   54,      133.3,    181.260,     480.414,    480.996,
   55,      135.8,    181.208,     481.877,    481.938,
   56,      138.3,    181.156,     482.679,    482.830,
   57,      140.8,    181.064,     483.587,    483.674,
   58,      143.3,    180.985,     484.018,    484.472,
   59,      145.8,    181.182,     485.259,    485.225,
   60,      148.3,    181.011,     485.937,    485.938,
   61,      150.8,    180.998,     487.187,    486.612,
   62,      153.3,    180.998,     487.519,    487.249,
   63,      155.8,    181.103,     488.230,    487.849,
   64,      158.3,    181.247,     488.283,    488.414,
   65,      160.8,    181.195,     489.418,    488.948,
   66,      163.3,    181.182,     490.005,    489.453,
   67,      165.8,    181.024,     490.873,    489.932,
   68,      168.3,    181.090,     491.358,    490.383,
   69,      170.8,    181.208,     491.479,    490.808,
   70,      175.8,    179.831,     491.906,    493.521,
