----,
DateTime:        , 2025/11/19, 11:59:07, 1763567947537,
RFID_EPC:        ,--Not Acquired--,
RFID_UserData:   ,--Not Acquired--,
Barcode:         ,--Not Acquired--,
PIF:,            0.00,
PARs:,            0.0,     0.0,     0.0,     0.0,     0.0,     0.0,
Light:,           0.0,     0.0,     0.0,     0.0,     0.0,     0.0,
Cycles:,            1,
                    1,      69,      70,      70,
Lamps:,        #10000,
Gain:,              2,      50, 
SNR_raw:,     385.69,
Position:,        0.0,              0.0,   NoData,
DataPt,      Time(us),   EX,         EM,       Fit,
==========,==========,==========,==========,=========,
    0,        0.0,      0.000,       0.000,    140.751,
    1,        0.8,    160.714,     141.867,    146.005,
    2,        3.3,    180.061,     154.210,    152.527,
    3,        5.8,    180.054,     165.228,    159.639,
    4,        8.3,    180.245,     172.265,    167.238,
    5,       10.8,    180.311,     178.580,    175.229,
    6,       13.3,    180.444,     186.208,    183.537,
    7,       15.8,    180.348,     192.683,    192.089,
    8,       18.3,    180.473,     200.307,    200.835,
    9,       20.8,    180.429,     208.670,    209.722,
   10,       23.3,    180.532,     216.582,    218.713,
   11,       25.8,    180.517,     225.740,    227.769,
   12,       28.3,    180.745,     234.585,    236.864,
   13,       30.8,    180.715,     241.817,    245.962,
   14,       33.3,    180.679,     250.168,    255.039,
   15,       35.8,    180.671,     259.864,    264.072,
   16,       38.3,    180.818,     270.437,    273.044,
   17,       40.8,    180.870,     278.930,    281.936,
   18,       43.3,    180.936,     288.224,    290.730,
   19,       45.8,    180.855,     296.923,    299.407,
   20,       48.3,    180.811,     307.780,    307.953,
   21,       50.8,    180.789,     315.561,    316.357,
   22,       53.3,    181.046,     324.779,    324.614,
   23,       55.8,    180.818,     332.931,    332.702,
   24,       58.3,    181.068,     341.032,    340.623,
   25,       60.8,    180.892,     350.209,    348.360,
   26,       63.3,    180.855,     358.574,    355.907,
   27,       65.8,    180.958,     366.107,    363.261,
   28,       68.3,    180.921,     372.262,    370.416,
   29,       70.8,    180.833,     378.803,    377.365,
   30,       73.3,    181.142,     386.714,    384.112,
   31,       75.8,    180.914,     392.728,    390.646,
   32,       78.3,    181.075,     399.005,    396.971,
   33,       80.8,    181.156,     405.727,    403.085,
   34,       83.3,    181.083,     411.966,    408.986,
   35,       85.8,    181.083,     416.936,    414.675,
   36,       88.3,    180.973,     421.058,    420.153,
   37,       90.8,    181.098,     428.222,    425.424,
   38,       93.3,    180.973,     432.110,    430.487,
   39,       95.8,    181.083,     435.160,    435.347,
   40,       98.3,    181.046,     441.048,    440.008,
   41,      100.8,    181.215,     443.948,    444.474,
   42,      103.3,    181.142,     449.372,    448.747,
   43,      105.8,    181.333,     451.932,    452.834,
   44,      108.3,    181.120,     456.328,    456.739,
   45,      110.8,    181.112,     460.212,    460.466,
   46,      113.3,    181.274,     462.836,    464.021,
   47,      115.8,    181.156,     467.000,    467.409,
   48,      118.3,    181.252,     468.685,    470.635,
   49,      120.8,    181.090,     473.245,    473.706,
   50,      123.3,    181.193,     473.804,    476.626,
   51,      125.8,    181.215,     476.781,    479.400,
   52,      128.3,    181.230,     479.226,    482.036,
   53,      130.8,    181.178,     481.018,    484.538,
   54,      133.3,    181.127,     484.467,    486.912,
   55,      135.8,    181.164,     488.233,    489.163,
   56,      138.3,    181.289,     490.654,    491.294,
   57,      140.8,    181.259,     493.216,    493.314,
   58,      143.3,    181.178,     494.264,    495.228,
   59,      145.8,    181.244,     496.567,    497.038,
   60,      148.3,    181.244,     498.222,    498.750,
   61,      150.8,    181.178,     499.508,    500.370,
   62,      153.3,    181.259,     502.044,    501.900,
   63,      155.8,    181.333,     504.322,    503.346,
   64,      158.3,    181.355,     504.812,    504.711,
   65,      160.8,    181.164,     507.000,    506.003,
   66,      163.3,    181.244,     507.878,    507.221,
   67,      165.8,    181.355,     509.223,    508.370,
   68,      168.3,    181.333,     511.491,    509.454,
   69,      170.8,    181.112,     513.770,    510.479,
   70,      175.8,    179.819,     515.797,    514.433,
----,
DateTime:        , 2025/11/19, 11:59:12, 1763567952110,
RFID_EPC:        ,--Not Acquired--,
RFID_UserData:   ,--Not Acquired--,
Barcode:         ,--Not Acquired--,
PIF:,            0.00,
PARs:,            0.0,     0.0,     0.0,     0.0,     0.0,     0.0,
Light:,           0.0,     0.0,     0.0,     0.0,     0.0,     0.0,
Cycles:,            1,
                    1,      69,      70,      70,
Lamps:,        #10000,
Gain:,              2,      50, 
SNR_raw:,     489.37,
Position:,        0.0,              0.0,   NoData,
DataPt,      Time(us),   EX,         EM,       Fit,
==========,==========,==========,==========,=========,
    0,        0.0,      0.000,       0.000,    162.680,
    1,        0.8,    160.888,     162.535,    168.510,
    2,        3.3,    180.080,     175.341,    175.310,
    3,        5.8,    180.161,     186.777,    182.375,
    4,        8.3,    180.301,     193.011,    189.663,
    5,       10.8,    180.264,     199.984,    197.132,
    6,       13.3,    180.293,     206.608,    204.747,
    7,       15.8,    180.440,     214.198,    212.482,
    8,       18.3,    180.455,     220.276,    220.303,
    9,       20.8,    180.484,     227.720,    228.185,
   10,       23.3,    180.580,     234.245,    236.106,
   11,       25.8,    180.617,     241.672,    244.041,
   12,       28.3,    180.734,     250.368,    251.972,
   13,       30.8,    180.742,     257.550,    259.876,
   14,       33.3,    180.712,     265.616,    267.734,
   15,       35.8,    180.697,     273.939,    275.529,
   16,       38.3,    180.742,     282.724,    283.248,
   17,       40.8,    180.925,     289.899,    290.882,
   18,       43.3,    180.822,     297.806,    298.407,
   19,       45.8,    180.866,     305.198,    305.816,
   20,       48.3,    180.925,     312.560,    313.099,
   21,       50.8,    180.749,     320.057,    320.237,
   22,       53.3,    180.808,     327.420,    327.230,
   23,       55.8,    181.109,     334.606,    334.074,
   24,       58.3,    180.940,     341.274,    340.750,
   25,       60.8,    181.160,     347.759,    347.262,
   26,       63.3,    181.006,     354.408,    353.595,
   27,       65.8,    181.168,     361.268,    359.752,
   28,       68.3,    180.991,     367.974,    365.721,
   29,       70.8,    181.043,     372.564,    371.506,
   30,       73.3,    180.896,     378.671,    377.099,
   31,       75.8,    180.888,     383.662,    382.503,
   32,       78.3,    181.079,     389.056,    387.721,
   33,       80.8,    181.065,     394.334,    392.749,
   34,       83.3,    181.241,     398.641,    397.592,
   35,       85.8,    181.094,     403.105,    402.246,
   36,       88.3,    181.138,     407.976,    406.715,
   37,       90.8,    181.072,     411.162,    411.001,
   38,       93.3,    181.212,     414.984,    415.109,
   39,       95.8,    181.013,     419.306,    419.039,
   40,       98.3,    181.123,     422.916,    422.798,
   41,      100.8,    181.013,     426.212,    426.388,
   42,      103.3,    181.013,     429.803,    429.815,
   43,      105.8,    181.013,     433.117,    433.082,
   44,      108.3,    181.072,     434.910,    436.196,
   45,      110.8,    181.190,     438.767,    439.161,
   46,      113.3,    181.168,     441.028,    441.981,
   47,      115.8,    181.175,     443.494,    444.662,
   48,      118.3,    181.116,     446.123,    447.208,
   49,      120.8,    181.314,     448.944,    449.626,
   50,      123.3,    181.138,     449.657,    451.920,
   51,      125.8,    181.072,     452.858,    454.094,
   52,      128.3,    181.175,     455.361,    456.154,
   53,      130.8,    181.145,     455.987,    458.105,
   54,      133.3,    181.190,     457.532,    459.951,
   55,      135.8,    181.138,     461.250,    461.698,
   56,      138.3,    181.043,     462.322,    463.350,
   57,      140.8,    181.168,     465.039,    464.911,
   58,      143.3,    181.351,     465.671,    466.386,
   59,      145.8,    181.219,     468.218,    467.779,
   60,      148.3,    181.314,     468.523,    469.093,
   61,      150.8,    181.168,     470.007,    470.334,
   62,      153.3,    181.241,     472.299,    471.505,
   63,      155.8,    181.329,     473.724,    472.608,
   64,      158.3,    181.138,     473.672,    473.650,
   65,      160.8,    181.182,     475.764,    474.631,
   66,      163.3,    181.050,     476.388,    475.556,
   67,      165.8,    181.285,     478.252,    476.426,
   68,      168.3,    181.351,     477.802,    477.245,
   69,      170.8,    181.204,     479.293,    478.017,
   70,      175.8,    179.699,     481.362,    480.401,
----,
DateTime:        , 2025/11/19, 11:59:16, 1763567956653,
RFID_EPC:        ,--Not Acquired--,
RFID_UserData:   ,--Not Acquired--,
Barcode:         ,--Not Acquired--,
PIF:,            0.00,
PARs:,            0.0,     0.0,     0.0,     0.0,     0.0,     0.0,
Light:,           0.0,     0.0,     0.0,     0.0,     0.0,     0.0,
Cycles:,            1,
                    1,      69,      70,      70,
Lamps:,        #10000,
Gain:,              2,      50, 
SNR_raw:,     357.73,
Position:,        0.0,              0.0,   NoData,
DataPt,      Time(us),   EX,         EM,       Fit,
==========,==========,==========,==========,=========,
    0,        0.0,      0.000,       0.000,    167.505,
    1,        0.8,    160.974,     168.040,    173.237,
    2,        3.3,    179.947,     180.262,    179.843,
    3,        5.8,    180.197,     191.179,    186.643,
    4,        8.3,    180.278,     196.641,    193.600,
    5,       10.8,    180.388,     203.450,    200.686,
    6,       13.3,    180.315,     209.911,    207.869,
    7,       15.8,    180.359,     215.958,    215.129,
    8,       18.3,    180.366,     221.771,    222.440,
    9,       20.8,    180.374,     229.524,    229.783,
   10,       23.3,    180.565,     236.204,    237.144,
   11,       25.8,    180.550,     243.423,    244.496,
   12,       28.3,    180.645,     249.937,    251.827,
   13,       30.8,    180.513,     257.322,    259.111,
   14,       33.3,    180.638,     264.341,    266.343,
   15,       35.8,    180.704,     271.162,    273.505,
   16,       38.3,    180.895,     278.891,    280.588,
   17,       40.8,    180.697,     286.115,    287.566,
   18,       43.3,    180.991,     293.385,    294.444,
   19,       45.8,    180.866,     300.499,    301.196,
   20,       48.3,    180.844,     307.171,    307.817,
   21,       50.8,    180.924,     315.325,    314.300,
   22,       53.3,    180.895,     320.904,    320.633,
   23,       55.8,    180.961,     327.142,    326.813,
   24,       58.3,    181.005,     332.587,    332.832,
   25,       60.8,    181.071,     340.197,    338.685,
   26,       63.3,    180.998,     344.479,    344.364,
   27,       65.8,    181.057,     350.167,    349.869,
   28,       68.3,    180.880,     355.207,    355.191,
   29,       70.8,    181.145,     361.589,    360.339,
   30,       73.3,    181.093,     366.938,    365.305,
   31,       75.8,    180.917,     371.164,    370.085,
   32,       78.3,    180.954,     376.063,    374.684,
   33,       80.8,    181.123,     379.577,    379.106,
   34,       83.3,    180.924,     385.520,    383.345,
   35,       85.8,    181.299,     388.860,    387.414,
   36,       88.3,    181.101,     392.599,    391.305,
   37,       90.8,    181.174,     395.476,    395.027,
   38,       93.3,    181.262,     399.145,    398.582,
   39,       95.8,    181.218,     401.725,    401.973,
   40,       98.3,    181.292,     404.597,    405.206,
   41,      100.8,    181.086,     409.750,    408.281,
   42,      103.3,    181.042,     411.507,    411.205,
   43,      105.8,    181.101,     413.582,    413.985,
   44,      108.3,    181.086,     416.101,    416.624,
   45,      110.8,    181.042,     418.135,    419.127,
   46,      113.3,    181.174,     420.038,    421.501,
   47,      115.8,    181.130,     422.072,    423.749,
   48,      118.3,    181.174,     425.005,    425.878,
   49,      120.8,    181.277,     426.971,    427.892,
   50,      123.3,    181.292,     428.591,    429.795,
   51,      125.8,    181.240,     431.471,    431.594,
   52,      128.3,    181.123,     432.303,    433.291,
   53,      130.8,    181.130,     434.770,    434.893,
   54,      133.3,    180.998,     436.193,    436.404,
   55,      135.8,    181.123,     438.377,    437.828,
   56,      138.3,    181.064,     439.624,    439.170,
   57,      140.8,    181.115,     440.603,    440.434,
   58,      143.3,    181.380,     441.339,    441.625,
   59,      145.8,    181.152,     442.998,    442.745,
   60,      148.3,    181.196,     444.546,    443.799,
   61,      150.8,    181.204,     445.631,    444.790,
   62,      153.3,    181.321,     444.791,    445.722,
   63,      155.8,    181.248,     447.178,    446.598,
   64,      158.3,    181.248,     448.282,    447.420,
   65,      160.8,    181.226,     448.612,    448.194,
   66,      163.3,    181.306,     449.515,    448.919,
   67,      165.8,    181.270,     450.710,    449.601,
   68,      168.3,    181.152,     451.554,    450.241,
   69,      170.8,    181.167,     451.517,    450.841,
   70,      175.8,    179.734,     452.056,    452.158,
----,
DateTime:        , 2025/11/19, 11:59:21, 1763567961115,
RFID_EPC:        ,--Not Acquired--,
RFID_UserData:   ,--Not Acquired--,
Barcode:         ,--Not Acquired--,
PIF:,            0.00,
PARs:,            0.0,     0.0,     0.0,     0.0,     0.0,     0.0,
Light:,           0.0,     0.0,     0.0,     0.0,     0.0,     0.0,
Cycles:,            1,
                    1,      69,      70,      70,
Lamps:,        #10000,
Gain:,              2,      50, 
SNR_raw:,     385.55,
Position:,        0.0,              0.0,   NoData,
DataPt,      Time(us),   EX,         EM,       Fit,
==========,==========,==========,==========,=========,
    0,        0.0,      0.000,       0.000,    163.896,
    1,        0.8,    161.020,     164.265,    169.244,
    2,        3.3,    179.993,     175.878,    175.563,
    3,        5.8,    180.125,     186.260,    182.207,
    4,        8.3,    180.228,     192.257,    189.124,
    5,       10.8,    180.081,     197.967,    196.258,
    6,       13.3,    180.382,     205.952,    203.581,
    7,       15.8,    180.485,     211.929,    211.049,
    8,       18.3,    180.536,     218.793,    218.624,
    9,       20.8,    180.470,     225.799,    226.271,
   10,       23.3,    180.661,     231.926,    233.970,
   11,       25.8,    180.661,     239.675,    241.688,
   12,       28.3,    180.698,     247.651,    249.401,
   13,       30.8,    180.837,     256.031,    257.091,
   14,       33.3,    180.749,     262.518,    264.731,
   15,       35.8,    180.779,     271.603,    272.304,
   16,       38.3,    180.808,     277.919,    279.793,
   17,       40.8,    180.823,     286.192,    287.182,
   18,       43.3,    180.793,     293.982,    294.455,
   19,       45.8,    180.801,     300.884,    301.600,
   20,       48.3,    180.977,     308.327,    308.610,
   21,       50.8,    181.153,     315.755,    315.474,
   22,       53.3,    181.094,     322.484,    322.176,
   23,       55.8,    181.043,     329.480,    328.708,
   24,       58.3,    180.962,     335.705,    335.064,
   25,       60.8,    180.881,     342.213,    341.236,
   26,       63.3,    181.109,     347.857,    347.227,
   27,       65.8,    181.036,     353.245,    353.027,
   28,       68.3,    181.006,     359.656,    358.634,
   29,       70.8,    180.933,     364.500,    364.045,
   30,       73.3,    181.065,     369.757,    369.263,
   31,       75.8,    180.999,     375.140,    374.284,
   32,       78.3,    181.021,     381.448,    379.111,
   33,       80.8,    181.028,     384.470,    383.745,
   34,       83.3,    181.109,     389.544,    388.188,
   35,       85.8,    181.028,     393.309,    392.442,
   36,       88.3,    180.933,     396.832,    396.510,
   37,       90.8,    181.050,     400.441,    400.396,
   38,       93.3,    181.014,     404.942,    404.105,
   39,       95.8,    181.094,     408.627,    407.641,
   40,       98.3,    181.102,     411.095,    411.008,
   41,      100.8,    181.080,     414.458,    414.212,
   42,      103.3,    181.205,     417.208,    417.257,
   43,      105.8,    181.116,     419.896,    420.149,
   44,      108.3,    181.212,     422.709,    422.894,
   45,      110.8,    181.190,     423.037,    425.496,
   46,      113.3,    181.043,     426.970,    427.961,
   47,      115.8,    181.050,     429.439,    430.295,
   48,      118.3,    181.131,     431.179,    432.503,
   49,      120.8,    181.065,     434.374,    434.590,
   50,      123.3,    181.278,     434.967,    436.562,
   51,      125.8,    181.087,     436.806,    438.425,
   52,      128.3,    181.183,     439.612,    440.182,
   53,      130.8,    181.087,     440.396,    441.841,
   54,      133.3,    181.234,     442.246,    443.404,
   55,      135.8,    181.131,     443.601,    444.877,
   56,      138.3,    181.065,     446.525,    446.265,
   57,      140.8,    181.109,     448.625,    447.572,
   58,      143.3,    181.080,     448.421,    448.802,
   59,      145.8,    181.219,     450.007,    449.959,
   60,      148.3,    181.183,     450.926,    451.047,
   61,      150.8,    181.249,     452.693,    452.069,
   62,      153.3,    181.219,     453.318,    453.030,
   63,      155.8,    181.190,     454.496,    453.934,
   64,      158.3,    181.183,     455.342,    454.783,
   65,      160.8,    181.337,     456.609,    455.578,
   66,      163.3,    181.219,     456.353,    456.327,
   67,      165.8,    181.432,     458.298,    457.027,
   68,      168.3,    181.131,     459.888,    457.688,
   69,      170.8,    181.212,     458.855,    458.306,
   70,      175.8,    179.714,     461.011,    460.986,
----,
DateTime:        , 2025/11/19, 11:59:25, 1763567965660,
RFID_EPC:        ,--Not Acquired--,
RFID_UserData:   ,--Not Acquired--,
Barcode:         ,--Not Acquired--,
PIF:,            0.00,
PARs:,            0.0,     0.0,     0.0,     0.0,     0.0,     0.0,
Light:,           0.0,     0.0,     0.0,     0.0,     0.0,     0.0,
Cycles:,            1,
                    1,      69,      70,      70,
Lamps:,        #10000,
Gain:,              2,      50, 
SNR_raw:,     473.44,
Position:,        0.0,              0.0,   NoData,
DataPt,      Time(us),   EX,         EM,       Fit,
==========,==========,==========,==========,=========,
    0,        0.0,      0.000,       0.000,    158.207,
    1,        0.8,    160.884,     158.499,    163.442,
    2,        3.3,    180.061,     170.639,    169.710,
    3,        5.8,    180.186,     181.479,    176.369,
    4,        8.3,    180.370,     187.393,    183.360,
    5,       10.8,    180.385,     194.030,    190.619,
    6,       13.3,    180.230,     199.467,    198.094,
    7,       15.8,    180.399,     205.932,    205.749,
    8,       18.3,    180.458,     213.069,    213.544,
    9,       20.8,    180.524,     220.192,    221.442,
   10,       23.3,    180.465,     227.744,    229.409,
   11,       25.8,    180.656,     235.807,    237.423,
   12,       28.3,    180.612,     242.785,    245.450,
   13,       30.8,    180.517,     250.946,    253.464,
   14,       33.3,    180.818,     259.653,    261.455,
   15,       35.8,    180.796,     267.982,    269.394,
   16,       38.3,    180.737,     276.091,    277.259,
   17,       40.8,    180.803,     284.010,    285.036,
   18,       43.3,    180.899,     291.323,    292.711,
   19,       45.8,    180.972,     300.322,    300.268,
   20,       48.3,    180.855,     307.429,    307.688,
   21,       50.8,    180.811,     313.588,    314.960,
   22,       53.3,    181.009,     320.979,    322.081,
   23,       55.8,    180.987,     330.963,    329.033,
   24,       58.3,    180.965,     335.700,    335.810,
   25,       60.8,    180.906,     342.443,    342.402,
   26,       63.3,    180.987,     350.025,    348.807,
   27,       65.8,    181.009,     355.783,    355.017,
   28,       68.3,    181.149,     361.858,    361.032,
   29,       70.8,    180.936,     367.811,    366.841,
   30,       73.3,    180.994,     373.769,    372.447,
   31,       75.8,    180.994,     379.570,    377.848,
   32,       78.3,    181.207,     384.642,    383.047,
   33,       80.8,    181.038,     388.868,    388.040,
   34,       83.3,    181.156,     393.308,    392.830,
   35,       85.8,    181.163,     398.260,    397.420,
   36,       88.3,    181.082,     403.131,    401.811,
   37,       90.8,    181.090,     406.980,    406.007,
   38,       93.3,    181.112,     409.692,    410.011,
   39,       95.8,    181.075,     414.469,    413.829,
   40,       98.3,    180.869,     417.705,    417.464,
   41,      100.8,    181.104,     421.856,    420.922,
   42,      103.3,    181.031,     423.684,    424.209,
   43,      105.8,    181.112,     428.189,    427.329,
   44,      108.3,    181.171,     430.257,    430.290,
   45,      110.8,    181.163,     433.587,    433.095,
   46,      113.3,    181.266,     435.272,    435.752,
   47,      115.8,    181.281,     437.443,    438.266,
   48,      118.3,    181.149,     439.694,    440.643,
   49,      120.8,    181.222,     441.723,    442.889,
   50,      123.3,    181.171,     444.333,    445.009,
   51,      125.8,    181.053,     446.830,    447.010,
   52,      128.3,    180.950,     449.018,    448.897,
   53,      130.8,    181.251,     449.652,    450.674,
   54,      133.3,    181.163,     451.526,    452.348,
   55,      135.8,    181.259,     453.771,    453.924,
   56,      138.3,    181.273,     455.389,    455.406,
   57,      140.8,    181.273,     456.217,    456.801,
   58,      143.3,    181.200,     458.333,    458.112,
   59,      145.8,    181.149,     458.740,    459.345,
   60,      148.3,    181.156,     460.653,    460.503,
   61,      150.8,    181.251,     462.065,    461.589,
   62,      153.3,    181.193,     462.767,    462.610,
   63,      155.8,    181.097,     464.116,    463.568,
   64,      158.3,    181.075,     465.000,    464.467,
   65,      160.8,    181.295,     465.814,    465.309,
   66,      163.3,    181.251,     466.479,    466.098,
   67,      165.8,    181.141,     467.867,    466.839,
   68,      168.3,    181.156,     468.381,    467.533,
   69,      170.8,    181.310,     470.465,    468.182,
   70,      175.8,    179.863,     470.914,    470.829,
----,
DateTime:        , 2025/11/19, 11:59:30, 1763567970138,
RFID_EPC:        ,--Not Acquired--,
RFID_UserData:   ,--Not Acquired--,
Barcode:         ,--Not Acquired--,
PIF:,            0.00,
PARs:,            0.0,     0.0,     0.0,     0.0,     0.0,     0.0,
Light:,           0.0,     0.0,     0.0,     0.0,     0.0,     0.0,
Cycles:,            1,
                    1,      69,      70,      70,
Lamps:,        #10000,
Gain:,              2,      50, 
SNR_raw:,     450.51,
Position:,        0.0,              0.0,   NoData,
DataPt,      Time(us),   EX,         EM,       Fit,
==========,==========,==========,==========,=========,
    0,        0.0,      0.000,       0.000,    157.975,
    1,        0.8,    161.006,     159.932,    163.841,
    2,        3.3,    180.023,     171.891,    170.687,
    3,        5.8,    180.200,     182.575,    177.808,
    4,        8.3,    180.222,     189.212,    185.154,
    5,       10.8,    180.376,     195.148,    192.687,
    6,       13.3,    180.354,     202.657,    200.363,
    7,       15.8,    180.501,     208.309,    208.156,
    8,       18.3,    180.545,     215.736,    216.032,
    9,       20.8,    180.508,     222.428,    223.961,
   10,       23.3,    180.427,     229.732,    231.916,
   11,       25.8,    180.604,     235.876,    239.884,
   12,       28.3,    180.618,     245.822,    247.839,
   13,       30.8,    180.611,     253.307,    255.760,
   14,       33.3,    180.787,     262.740,    263.636,
   15,       35.8,    180.802,     269.909,    271.445,
   16,       38.3,    180.670,     277.855,    279.167,
   17,       40.8,    180.684,     285.304,    286.792,
   18,       43.3,    180.861,     291.385,    294.313,
   19,       45.8,    180.802,     300.052,    301.710,
   20,       48.3,    180.846,     308.826,    308.976,
   21,       50.8,    181.030,     316.247,    316.104,
   22,       53.3,    180.809,     323.269,    323.074,
   23,       55.8,    180.890,     330.864,    329.887,
   24,       58.3,    180.993,     338.135,    336.535,
   25,       60.8,    181.015,     345.828,    343.012,
   26,       63.3,    180.941,     349.561,    349.309,
   27,       65.8,    180.956,     357.545,    355.424,
   28,       68.3,    180.846,     362.463,    361.351,
   29,       70.8,    181.096,     369.418,    367.096,
   30,       73.3,    181.037,     374.233,    372.649,
   31,       75.8,    181.052,     378.621,    378.012,
   32,       78.3,    181.074,     383.546,    383.185,
   33,       80.8,    181.059,     387.995,    388.167,
   34,       83.3,    180.927,     393.529,    392.957,
   35,       85.8,    181.118,     399.740,    397.563,
   36,       88.3,    181.088,     402.014,    401.983,
   37,       90.8,    180.846,     406.976,    406.216,
   38,       93.3,    181.176,     410.097,    410.275,
   39,       95.8,    181.103,     413.853,    414.157,
   40,       98.3,    181.022,     417.352,    417.866,
   41,      100.8,    181.184,     420.567,    421.409,
   42,      103.3,    181.243,     425.397,    424.789,
   43,      105.8,    181.118,     428.175,    428.009,
   44,      108.3,    181.250,     430.345,    431.077,
   45,      110.8,    181.030,     433.631,    433.994,
   46,      113.3,    181.257,     436.120,    436.769,
   47,      115.8,    181.044,     440.224,    439.404,
   48,      118.3,    181.287,     441.842,    441.907,
   49,      120.8,    181.059,     443.502,    444.281,
   50,      123.3,    181.184,     446.508,    446.532,
   51,      125.8,    181.103,     447.811,    448.664,
   52,      128.3,    181.191,     450.077,    450.684,
   53,      130.8,    181.345,     452.451,    452.596,
   54,      133.3,    181.228,     453.848,    454.404,
   55,      135.8,    181.294,     455.613,    456.114,
   56,      138.3,    181.162,     457.602,    457.730,
   57,      140.8,    181.250,     459.310,    459.257,
   58,      143.3,    181.301,     459.732,    460.698,
   59,      145.8,    181.074,     462.795,    462.059,
   60,      148.3,    181.169,     463.379,    463.342,
   61,      150.8,    181.000,     464.364,    464.553,
   62,      153.3,    181.169,     466.415,    465.695,
   63,      155.8,    181.272,     467.254,    466.770,
   64,      158.3,    181.331,     468.205,    467.783,
   65,      160.8,    181.338,     469.013,    468.737,
   66,      163.3,    181.309,     470.193,    469.636,
   67,      165.8,    181.191,     471.601,    470.483,
   68,      168.3,    181.154,     473.077,    471.281,
   69,      170.8,    181.294,     473.264,    472.030,
   70,      175.8,    179.847,     473.736,    474.030,
----,
DateTime:        , 2025/11/19, 11:59:34, 1763567974602,
RFID_EPC:        ,--Not Acquired--,
RFID_UserData:   ,--Not Acquired--,
Barcode:         ,--Not Acquired--,
PIF:,            0.00,
PARs:,            0.0,     0.0,     0.0,     0.0,     0.0,     0.0,
Light:,           0.0,     0.0,     0.0,     0.0,     0.0,     0.0,
Cycles:,            1,
                    1,      69,      70,      70,
Lamps:,        #10000,
Gain:,              2,      50, 
SNR_raw:,     326.36,
Position:,        0.0,              0.0,   NoData,
DataPt,      Time(us),   EX,         EM,       Fit,
==========,==========,==========,==========,=========,
    0,        0.0,      0.000,       0.000,    162.543,
    1,        0.8,    160.924,     164.052,    168.635,
    2,        3.3,    179.932,     176.917,    175.666,
    3,        5.8,    180.196,     188.406,    182.915,
    4,        8.3,    180.189,     193.963,    190.338,
    5,       10.8,    180.292,     200.786,    197.908,
    6,       13.3,    180.505,     205.535,    205.601,
    7,       15.8,    180.453,     213.352,    213.382,
    8,       18.3,    180.387,     220.359,    221.225,
    9,       20.8,    180.497,     228.812,    229.115,
   10,       23.3,    180.659,     235.527,    237.032,
   11,       25.8,    180.732,     243.454,    244.953,
   12,       28.3,    180.505,     251.240,    252.847,
   13,       30.8,    180.674,     259.031,    260.712,
   14,       33.3,    180.644,     265.993,    268.523,
   15,       35.8,    180.754,     274.959,    276.269,
   16,       38.3,    180.747,     282.162,    283.932,
   17,       40.8,    180.982,     290.913,    291.505,
   18,       43.3,    180.938,     297.616,    298.965,
   19,       45.8,    180.791,     305.878,    306.297,
   20,       48.3,    180.894,     313.720,    313.498,
   21,       50.8,    180.864,     320.959,    320.552,
   22,       53.3,    181.070,     326.669,    327.458,
   23,       55.8,    180.872,     332.832,    334.195,
   24,       58.3,    181.019,     340.573,    340.765,
   25,       60.8,    180.997,     347.520,    347.158,
   26,       63.3,    180.982,     353.626,    353.367,
   27,       65.8,    181.033,     360.707,    359.390,
   28,       68.3,    180.989,     366.320,    365.220,
   29,       70.8,    181.026,     372.046,    370.858,
   30,       73.3,    181.063,     377.217,    376.302,
   31,       75.8,    180.989,     381.238,    381.547,
   32,       78.3,    181.063,     387.159,    386.597,
   33,       80.8,    181.048,     393.266,    391.450,
   34,       83.3,    180.938,     398.479,    396.107,
   35,       85.8,    180.997,     402.494,    400.572,
   36,       88.3,    181.055,     406.505,    404.848,
   37,       90.8,    181.217,     410.557,    408.940,
   38,       93.3,    181.217,     414.420,    412.849,
   39,       95.8,    181.195,     417.506,    416.577,
   40,       98.3,    181.107,     419.642,    420.129,
   41,      100.8,    181.246,     422.905,    423.513,
   42,      103.3,    181.129,     426.216,    426.730,
   43,      105.8,    181.041,     429.461,    429.785,
   44,      108.3,    181.041,     432.499,    432.686,
   45,      110.8,    181.158,     434.703,    435.438,
   46,      113.3,    181.151,     436.928,    438.047,
   47,      115.8,    181.188,     439.875,    440.518,
   48,      118.3,    181.063,     442.112,    442.855,
   49,      120.8,    181.224,     444.477,    445.065,
   50,      123.3,    181.261,     445.766,    447.155,
   51,      125.8,    181.261,     448.248,    449.128,
   52,      128.3,    181.224,     449.995,    450.990,
   53,      130.8,    181.239,     452.717,    452.747,
   54,      133.3,    181.122,     453.563,    454.402,
   55,      135.8,    181.151,     455.145,    455.962,
   56,      138.3,    181.217,     457.463,    457.431,
   57,      140.8,    181.077,     458.367,    458.814,
   58,      143.3,    181.188,     458.641,    460.115,
   59,      145.8,    181.283,     460.605,    461.339,
   60,      148.3,    181.290,     461.138,    462.490,
   61,      150.8,    181.246,     463.457,    463.572,
   62,      153.3,    181.144,     463.721,    464.588,
   63,      155.8,    181.151,     467.014,    465.542,
   64,      158.3,    181.283,     467.225,    466.439,
   65,      160.8,    181.151,     469.774,    467.280,
   66,      163.3,    181.019,     470.117,    468.069,
   67,      165.8,    181.180,     469.698,    468.810,
   68,      168.3,    180.960,     470.270,    469.504,
   69,      170.8,    181.195,     473.247,    470.156,
   70,      175.8,    179.880,     471.147,    471.413,
----,
DateTime:        , 2025/11/19, 11:59:39, 1763567979066,
RFID_EPC:        ,--Not Acquired--,
RFID_UserData:   ,--Not Acquired--,
Barcode:         ,--Not Acquired--,
PIF:,            0.00,
PARs:,            0.0,     0.0,     0.0,     0.0,     0.0,     0.0,
Light:,           0.0,     0.0,     0.0,     0.0,     0.0,     0.0,
Cycles:,            1,
                    1,      69,      70,      70,
Lamps:,        #10000,
Gain:,              2,      50, 
SNR_raw:,     435.45,
Position:,        0.0,              0.0,   NoData,
DataPt,      Time(us),   EX,         EM,       Fit,
==========,==========,==========,==========,=========,
    0,        0.0,      0.000,       0.000,    162.903,
    1,        0.8,    160.842,     163.825,    168.715,
    2,        3.3,    179.968,     176.099,    175.529,
    3,        5.8,    180.159,     187.057,    182.644,
    4,        8.3,    180.299,     193.845,    190.007,
    5,       10.8,    180.409,     199.547,    197.571,
    6,       13.3,    180.306,     206.593,    205.289,
    7,       15.8,    180.658,     215.047,    213.140,
    8,       18.3,    180.401,     222.005,    221.069,
    9,       20.8,    180.453,     228.869,    229.057,
   10,       23.3,    180.534,     234.305,    237.078,
   11,       25.8,    180.526,     242.347,    245.103,
   12,       28.3,    180.688,     250.155,    253.117,
   13,       30.8,    180.857,     259.598,    261.097,
   14,       33.3,    180.592,     266.623,    269.011,
   15,       35.8,    180.842,     274.273,    276.857,
   16,       38.3,    180.849,     282.832,    284.612,
   17,       40.8,    180.996,     290.890,    292.265,
   18,       43.3,    180.732,     299.892,    299.789,
   19,       45.8,    180.813,     307.501,    307.183,
   20,       48.3,    180.923,     313.946,    314.437,
   21,       50.8,    180.952,     321.632,    321.538,
   22,       53.3,    180.952,     329.092,    328.476,
   23,       55.8,    181.026,     336.140,    335.247,
   24,       58.3,    181.011,     343.349,    341.840,
   25,       60.8,    181.048,     348.527,    348.252,
   26,       63.3,    181.143,     355.796,    354.480,
   27,       65.8,    180.974,     361.377,    360.513,
   28,       68.3,    180.915,     366.469,    366.352,
   29,       70.8,    180.886,     373.992,    371.995,
   30,       73.3,    181.018,     378.415,    377.445,
   31,       75.8,    180.835,     383.499,    382.696,
   32,       78.3,    181.040,     388.035,    387.755,
   33,       80.8,    181.062,     393.235,    392.619,
   34,       83.3,    181.136,     398.596,    397.293,
   35,       85.8,    181.011,     403.567,    401.774,
   36,       88.3,    181.261,     407.976,    406.072,
   37,       90.8,    181.173,     410.658,    410.184,
   38,       93.3,    181.165,     413.435,    414.117,
   39,       95.8,    181.151,     418.713,    417.873,
   40,       98.3,    181.143,     421.766,    421.458,
   41,      100.8,    180.960,     424.404,    424.874,
   42,      103.3,    181.062,     427.753,    428.130,
   43,      105.8,    181.084,     431.014,    431.228,
   44,      108.3,    181.033,     433.346,    434.175,
   45,      110.8,    181.099,     437.330,    436.975,
   46,      113.3,    181.070,     438.505,    439.634,
   47,      115.8,    181.165,     440.758,    442.158,
   48,      118.3,    181.187,     444.016,    444.552,
   49,      120.8,    181.268,     446.300,    446.820,
   50,      123.3,    181.136,     448.558,    448.968,
   51,      125.8,    181.158,     450.160,    451.002,
   52,      128.3,    181.290,     452.038,    452.926,
   53,      130.8,    181.055,     454.834,    454.746,
   54,      133.3,    181.180,     455.624,    456.466,
   55,      135.8,    181.084,     457.798,    458.090,
   56,      138.3,    181.246,     460.148,    459.624,
   57,      140.8,    181.297,     460.569,    461.072,
   58,      143.3,    181.217,     461.602,    462.438,
   59,      145.8,    181.165,     463.941,    463.726,
   60,      148.3,    181.062,     465.309,    464.942,
   61,      150.8,    181.202,     466.055,    466.087,
   62,      153.3,    181.217,     467.396,    467.165,
   63,      155.8,    181.084,     469.118,    468.182,
   64,      158.3,    181.158,     469.480,    469.139,
   65,      160.8,    181.217,     470.431,    470.040,
   66,      163.3,    181.128,     473.421,    470.888,
   67,      165.8,    181.180,     473.562,    471.685,
   68,      168.3,    181.297,     473.255,    472.435,
   69,      170.8,    181.231,     473.980,    473.141,
   70,      175.8,    179.917,     475.498,    475.582,
----,
DateTime:        , 2025/11/19, 11:59:43, 1763567983545,
RFID_EPC:        ,--Not Acquired--,
RFID_UserData:   ,--Not Acquired--,
Barcode:         ,--Not Acquired--,
PIF:,            0.00,
PARs:,            0.0,     0.0,     0.0,     0.0,     0.0,     0.0,
Light:,           0.0,     0.0,     0.0,     0.0,     0.0,     0.0,
Cycles:,            1,
                    1,      69,      70,      70,
Lamps:,        #10000,
Gain:,              2,      50, 
SNR_raw:,     424.33,
Position:,        0.0,              0.0,   NoData,
DataPt,      Time(us),   EX,         EM,       Fit,
==========,==========,==========,==========,=========,
    0,        0.0,      0.000,       0.000,    164.563,
    1,        0.8,    161.085,     164.199,    169.984,
    2,        3.3,    180.013,     176.906,    176.420,
    3,        5.8,    180.057,     188.274,    183.215,
    4,        8.3,    180.196,     192.290,    190.314,
    5,       10.8,    180.372,     199.587,    197.666,
    6,       13.3,    180.321,     208.517,    205.216,
    7,       15.8,    180.431,     213.378,    212.929,
    8,       18.3,    180.549,     220.162,    220.767,
    9,       20.8,    180.549,     228.747,    228.694,
   10,       23.3,    180.475,     236.321,    236.677,
   11,       25.8,    180.593,     242.812,    244.694,
   12,       28.3,    180.696,     250.698,    252.719,
   13,       30.8,    180.828,     257.980,    260.730,
   14,       33.3,    180.776,     267.181,    268.701,
   15,       35.8,    180.696,     274.218,    276.610,
   16,       38.3,    180.828,     283.419,    284.446,
   17,       40.8,    180.909,     291.031,    292.190,
   18,       43.3,    180.754,     298.748,    299.821,
   19,       45.8,    180.798,     308.078,    307.330,
   20,       48.3,    180.798,     314.162,    314.703,
   21,       50.8,    180.909,     321.157,    321.932,
   22,       53.3,    180.872,     328.686,    329.002,
   23,       55.8,    181.180,     336.957,    335.913,
   24,       58.3,    180.982,     342.852,    342.646,
   25,       60.8,    181.019,     350.792,    349.197,
   26,       63.3,    180.864,     356.068,    355.558,
   27,       65.8,    180.960,     363.064,    361.729,
   28,       68.3,    180.967,     369.127,    367.705,
   29,       70.8,    181.100,     374.380,    373.484,
   30,       73.3,    181.144,     380.637,    379.065,
   31,       75.8,    180.872,     386.185,    384.440,
   32,       78.3,    181.092,     391.513,    389.618,
   33,       80.8,    181.063,     396.547,    394.595,
   34,       83.3,    181.085,     400.365,    399.373,
   35,       85.8,    181.144,     405.203,    403.956,
   36,       88.3,    181.122,     409.394,    408.344,
   37,       90.8,    181.070,     413.100,    412.541,
   38,       93.3,    181.033,     417.050,    416.551,
   39,       95.8,    181.342,     421.028,    420.380,
   40,       98.3,    181.004,     423.747,    424.029,
   41,      100.8,    181.217,     427.388,    427.505,
   42,      103.3,    181.041,     430.842,    430.812,
   43,      105.8,    181.063,     434.104,    433.956,
   44,      108.3,    181.136,     436.136,    436.942,
   45,      110.8,    181.100,     438.433,    439.776,
   46,      113.3,    181.144,     441.915,    442.464,
   47,      115.8,    180.982,     444.519,    445.010,
   48,      118.3,    181.173,     445.155,    447.421,
   49,      120.8,    181.224,     448.063,    449.702,
   50,      123.3,    181.122,     449.974,    451.859,
   51,      125.8,    181.232,     451.632,    453.897,
   52,      128.3,    181.004,     454.686,    455.823,
   53,      130.8,    181.063,     456.195,    457.640,
   54,      133.3,    181.063,     457.576,    459.355,
   55,      135.8,    181.158,     459.819,    460.971,
   56,      138.3,    181.114,     462.691,    462.494,
   57,      140.8,    181.357,     462.349,    463.928,
   58,      143.3,    181.158,     464.511,    465.280,
   59,      145.8,    181.048,     466.174,    466.553,
   60,      148.3,    181.180,     466.662,    467.750,
   61,      150.8,    181.452,     468.168,    468.873,
   62,      153.3,    181.239,     470.097,    469.932,
   63,      155.8,    181.136,     471.192,    470.928,
   64,      158.3,    181.335,     472.607,    471.862,
   65,      160.8,    181.077,     473.830,    472.742,
   66,      163.3,    181.349,     475.602,    473.566,
   67,      165.8,    181.232,     477.014,    474.341,
   68,      168.3,    181.459,     476.140,    475.066,
   69,      170.8,    181.122,     476.200,    475.750,
   70,      175.8,    179.675,     479.756,    478.504,
----,
DateTime:        , 2025/11/19, 11:59:48, 1763567988100,
RFID_EPC:        ,--Not Acquired--,
RFID_UserData:   ,--Not Acquired--,
Barcode:         ,--Not Acquired--,
PIF:,            0.00,
PARs:,            0.0,     0.0,     0.0,     0.0,     0.0,     0.0,
Light:,           0.0,     0.0,     0.0,     0.0,     0.0,     0.0,
Cycles:,            1,
                    1,      69,      70,      70,
Lamps:,        #10000,
Gain:,              2,      50, 
SNR_raw:,     409.67,
Position:,        0.0,              0.0,   NoData,
DataPt,      Time(us),   EX,         EM,       Fit,
==========,==========,==========,==========,=========,
    0,        0.0,      0.000,       0.000,    164.664,
    1,        0.8,    161.041,     165.796,    170.107,
    2,        3.3,    180.042,     177.231,    176.581,
    3,        5.8,    180.321,     187.443,    183.432,
    4,        8.3,    180.123,     192.924,    190.584,
    5,       10.8,    180.314,     201.038,    197.994,
    6,       13.3,    180.299,     206.601,    205.608,
    7,       15.8,    180.453,     212.520,    213.390,
    8,       18.3,    180.527,     221.851,    221.298,
    9,       20.8,    180.402,     228.102,    229.291,
   10,       23.3,    180.446,     235.250,    237.343,
   11,       25.8,    180.475,     243.524,    245.426,
   12,       28.3,    180.776,     251.692,    253.521,
   13,       30.8,    180.740,     260.042,    261.596,
   14,       33.3,    180.776,     268.564,    269.629,
   15,       35.8,    180.791,     276.009,    277.600,
   16,       38.3,    180.776,     284.052,    285.490,
   17,       40.8,    180.960,     293.711,    293.288,
   18,       43.3,    180.821,     300.574,    300.968,
   19,       45.8,    180.865,     308.795,    308.521,
   20,       48.3,    180.975,     316.342,    315.937,
   21,       50.8,    180.799,     323.288,    323.197,
   22,       53.3,    180.916,     331.093,    330.297,
   23,       55.8,    180.923,     336.883,    337.226,
   24,       58.3,    181.019,     344.715,    343.977,
   25,       60.8,    181.011,     351.359,    350.543,
   26,       63.3,    181.041,     357.378,    356.918,
   27,       65.8,    181.107,     364.149,    363.098,
   28,       68.3,    181.026,     370.665,    369.076,
   29,       70.8,    181.041,     375.882,    374.853,
   30,       73.3,    181.019,     382.281,    380.426,
   31,       75.8,    180.938,     386.873,    385.793,
   32,       78.3,    180.945,     392.660,    390.957,
   33,       80.8,    181.019,     396.920,    395.918,
   34,       83.3,    181.100,     400.884,    400.679,
   35,       85.8,    181.151,     406.015,    405.242,
   36,       88.3,    180.909,     410.428,    409.607,
   37,       90.8,    181.173,     413.693,    413.781,
   38,       93.3,    181.195,     418.058,    417.767,
   39,       95.8,    181.041,     421.176,    421.568,
   40,       98.3,    181.232,     425.146,    425.191,
   41,      100.8,    181.070,     429.115,    428.638,
   42,      103.3,    181.107,     431.237,    431.917,
   43,      105.8,    181.019,     434.485,    435.032,
   44,      108.3,    181.269,     436.369,    437.989,
   45,      110.8,    181.166,     440.205,    440.793,
   46,      113.3,    181.122,     441.692,    443.451,
   47,      115.8,    181.269,     443.817,    445.969,
   48,      118.3,    181.122,     446.661,    448.351,
   49,      120.8,    181.224,     450.546,    450.603,
   50,      123.3,    181.173,     451.226,    452.732,
   51,      125.8,    181.136,     453.526,    454.743,
   52,      128.3,    181.180,     456.175,    456.641,
   53,      130.8,    181.114,     457.722,    458.432,
   54,      133.3,    181.056,     460.080,    460.121,
   55,      135.8,    181.188,     462.228,    461.712,
   56,      138.3,    181.232,     463.219,    463.211,
   57,      140.8,    181.247,     463.181,    464.622,
   58,      143.3,    181.114,     466.004,    465.951,
   59,      145.8,    181.180,     466.662,    467.201,
   60,      148.3,    181.158,     468.927,    468.376,
   61,      150.8,    181.136,     468.432,    469.482,
   62,      153.3,    181.247,     470.354,    470.520,
   63,      155.8,    181.092,     471.583,    471.497,
   64,      158.3,    181.158,     473.343,    472.414,
   65,      160.8,    181.158,     474.447,    473.275,
   66,      163.3,    181.166,     475.807,    474.083,
   67,      165.8,    181.129,     474.800,    474.842,
   68,      168.3,    181.202,     477.918,    475.554,
   69,      170.8,    181.401,     477.947,    476.219,
   70,      175.8,    179.836,     479.325,    479.041,
----,
DateTime:        , 2025/11/19, 11:59:52, 1763567992656,
RFID_EPC:        ,--Not Acquired--,
RFID_UserData:   ,--Not Acquired--,
Barcode:         ,--Not Acquired--,
PIF:,            0.00,
PARs:,            0.0,     0.0,     0.0,     0.0,     0.0,     0.0,
Light:,           0.0,     0.0,     0.0,     0.0,     0.0,     0.0,
Cycles:,            1,
                    1,      69,      70,      70,
Lamps:,        #10000,
Gain:,              2,      50, 
SNR_raw:,     403.05,
Position:,        0.0,              0.0,   NoData,
DataPt,      Time(us),   EX,         EM,       Fit,
==========,==========,==========,==========,=========,
    0,        0.0,      0.000,       0.000,    165.355,
    1,        0.8,    160.998,     164.909,    170.810,
    2,        3.3,    179.933,     177.510,    177.282,
    3,        5.8,    180.110,     188.774,    184.115,
    4,        8.3,    180.235,     194.746,    191.246,
    5,       10.8,    180.308,     200.768,    198.622,
    6,       13.3,    180.286,     208.003,    206.193,
    7,       15.8,    180.242,     214.711,    213.915,
    8,       18.3,    180.345,     222.906,    221.758,
    9,       20.8,    180.433,     229.448,    229.686,
   10,       23.3,    180.550,     235.668,    237.670,
   11,       25.8,    180.646,     243.294,    245.683,
   12,       28.3,    180.719,     251.772,    253.698,
   13,       30.8,    180.771,     259.445,    261.693,
   14,       33.3,    180.808,     267.135,    269.644,
   15,       35.8,    180.800,     275.166,    277.532,
   16,       38.3,    180.859,     284.752,    285.340,
   17,       40.8,    180.808,     290.641,    293.049,
   18,       43.3,    180.661,     300.287,    300.641,
   19,       45.8,    180.822,     308.314,    308.111,
   20,       48.3,    180.918,     316.166,    315.446,
   21,       50.8,    180.874,     322.877,    322.629,
   22,       53.3,    180.962,     330.733,    329.655,
   23,       55.8,    180.918,     337.446,    336.511,
   24,       58.3,    181.116,     343.978,    343.196,
   25,       60.8,    181.167,     350.504,    349.700,
   26,       63.3,    181.079,     356.750,    356.013,
   27,       65.8,    181.072,     363.668,    362.134,
   28,       68.3,    181.057,     369.773,    368.059,
   29,       70.8,    180.830,     374.662,    373.781,
   30,       73.3,    181.021,     380.067,    379.306,
   31,       75.8,    181.079,     386.295,    384.632,
   32,       78.3,    181.189,     391.303,    389.760,
   33,       80.8,    181.006,     396.672,    394.685,
   34,       83.3,    180.910,     400.475,    399.412,
   35,       85.8,    181.123,     403.592,    403.945,
   36,       88.3,    181.182,     408.981,    408.287,
   37,       90.8,    181.057,     412.300,    412.438,
   38,       93.3,    181.138,     417.361,    416.404,
   39,       95.8,    181.175,     420.312,    420.190,
   40,       98.3,    181.138,     424.538,    423.798,
   41,      100.8,    181.131,     425.659,    427.234,
   42,      103.3,    181.006,     430.097,    430.504,
   43,      105.8,    181.153,     433.336,    433.612,
   44,      108.3,    181.307,     435.449,    436.564,
   45,      110.8,    181.182,     437.681,    439.366,
   46,      113.3,    181.050,     440.762,    442.022,
   47,      115.8,    181.234,     443.902,    444.540,
   48,      118.3,    181.065,     445.973,    446.923,
   49,      120.8,    181.241,     446.919,    449.178,
   50,      123.3,    181.028,     451.312,    451.311,
   51,      125.8,    181.219,     453.043,    453.326,
   52,      128.3,    181.065,     455.362,    455.230,
   53,      130.8,    181.160,     456.502,    457.027,
   54,      133.3,    181.241,     457.402,    458.722,
   55,      135.8,    181.167,     459.520,    460.321,
   56,      138.3,    181.189,     461.119,    461.828,
   57,      140.8,    181.197,     461.929,    463.247,
   58,      143.3,    181.212,     464.099,    464.584,
   59,      145.8,    181.153,     463.973,    465.843,
   60,      148.3,    181.182,     466.933,    467.028,
   61,      150.8,    181.094,     467.437,    468.143,
   62,      153.3,    181.153,     468.665,    469.191,
   63,      155.8,    181.256,     471.158,    470.176,
   64,      158.3,    181.270,     472.223,    471.101,
   65,      160.8,    181.182,     473.281,    471.971,
   66,      163.3,    181.175,     473.024,    472.789,
   67,      165.8,    181.292,     473.545,    473.555,
   68,      168.3,    181.197,     475.450,    474.276,
   69,      170.8,    181.219,     476.496,    474.952,
   70,      175.8,    179.838,     478.764,    477.675,
----,
DateTime:        , 2025/11/19, 11:59:57, 1763567997230,
RFID_EPC:        ,--Not Acquired--,
RFID_UserData:   ,--Not Acquired--,
Barcode:         ,--Not Acquired--,
PIF:,            0.00,
PARs:,            0.0,     0.0,     0.0,     0.0,     0.0,     0.0,
Light:,           0.0,     0.0,     0.0,     0.0,     0.0,     0.0,
Cycles:,            1,
                    1,      69,      70,      70,
Lamps:,        #10000,
Gain:,              2,      50, 
SNR_raw:,     430.86,
Position:,        0.0,              0.0,   NoData,
DataPt,      Time(us),   EX,         EM,       Fit,
==========,==========,==========,==========,=========,
    0,        0.0,      0.000,       0.000,    164.520,
    1,        0.8,    161.101,     163.872,    170.066,
    2,        3.3,    179.867,     176.828,    176.607,
    3,        5.8,    180.190,     188.413,    183.490,
    4,        8.3,    180.168,     193.708,    190.650,
    5,       10.8,    180.307,     200.768,    198.042,
    6,       13.3,    180.506,     207.750,    205.628,
    7,       15.8,    180.359,     214.295,    213.355,
    8,       18.3,    180.579,     221.787,    221.201,
    9,       20.8,    180.432,     228.064,    229.123,
   10,       23.3,    180.293,     235.173,    237.090,
   11,       25.8,    180.579,     243.107,    245.091,
   12,       28.3,    180.719,     251.219,    253.098,
   13,       30.8,    180.586,     259.433,    261.077,
   14,       33.3,    180.557,     267.229,    269.012,
   15,       35.8,    180.851,     275.918,    276.894,
   16,       38.3,    180.821,     282.876,    284.695,
   17,       40.8,    180.887,     291.065,    292.401,
   18,       43.3,    180.887,     299.357,    299.996,
   19,       45.8,    181.071,     306.509,    307.472,
   20,       48.3,    180.910,     313.416,    314.804,
   21,       50.8,    180.939,     321.656,    321.989,
   22,       53.3,    180.954,     330.472,    329.015,
   23,       55.8,    180.946,     336.564,    335.873,
   24,       58.3,    180.917,     343.528,    342.554,
   25,       60.8,    180.836,     350.317,    349.050,
   26,       63.3,    180.910,     356.532,    355.360,
   27,       65.8,    181.056,     362.318,    361.481,
   28,       68.3,    180.954,     370.261,    367.404,
   29,       70.8,    181.049,     374.208,    373.130,
   30,       73.3,    180.990,     379.578,    378.654,
   31,       75.8,    181.020,     385.041,    383.978,
   32,       78.3,    181.152,     390.832,    389.104,
   33,       80.8,    181.064,     395.165,    394.028,
   34,       83.3,    181.240,     399.470,    398.756,
   35,       85.8,    180.968,     404.767,    403.284,
   36,       88.3,    181.042,     407.917,    407.621,
   37,       90.8,    180.895,     413.224,    411.765,
   38,       93.3,    181.130,     416.552,    415.726,
   39,       95.8,    181.064,     419.189,    419.504,
   40,       98.3,    181.137,     422.332,    423.106,
   41,      100.8,    181.122,     426.507,    426.535,
   42,      103.3,    181.071,     429.942,    429.796,
   43,      105.8,    181.255,     431.713,    432.897,
   44,      108.3,    181.115,     434.254,    435.840,
   45,      110.8,    181.042,     437.468,    438.632,
   46,      113.3,    181.255,     439.989,    441.280,
   47,      115.8,    181.108,     443.382,    443.787,
   48,      118.3,    181.196,     444.270,    446.161,
   49,      120.8,    181.233,     447.215,    448.406,
   50,      123.3,    181.247,     448.834,    450.528,
   51,      125.8,    181.122,     451.904,    452.534,
   52,      128.3,    181.218,     454.149,    454.427,
   53,      130.8,    181.240,     455.198,    456.213,
   54,      133.3,    181.130,     457.959,    457.898,
   55,      135.8,    181.196,     457.516,    459.487,
   56,      138.3,    181.218,     460.495,    460.983,
   57,      140.8,    181.196,     461.379,    462.393,
   58,      143.3,    181.255,     464.540,    463.719,
   59,      145.8,    181.225,     464.063,    464.968,
   60,      148.3,    181.277,     466.138,    466.142,
   61,      150.8,    181.416,     466.882,    467.246,
   62,      153.3,    181.167,     468.078,    468.285,
   63,      155.8,    181.269,     468.640,    469.261,
   64,      158.3,    181.086,     469.391,    470.179,
   65,      160.8,    181.093,     472.133,    471.041,
   66,      163.3,    181.167,     472.493,    471.850,
   67,      165.8,    181.196,     474.072,    472.609,
   68,      168.3,    181.225,     474.823,    473.321,
   69,      170.8,    181.181,     475.491,    473.990,
   70,      175.8,    179.749,     477.888,    476.618,
----,
DateTime:        , 2025/11/19, 12:00:01, 1763568001786,
RFID_EPC:        ,--Not Acquired--,
RFID_UserData:   ,--Not Acquired--,
Barcode:         ,--Not Acquired--,
PIF:,            0.00,
PARs:,            0.0,     0.0,     0.0,     0.0,     0.0,     0.0,
Light:,           0.0,     0.0,     0.0,     0.0,     0.0,     0.0,
Cycles:,            1,
                    1,      69,      70,      70,
Lamps:,        #10000,
Gain:,              2,      50, 
SNR_raw:,     391.08,
Position:,        0.0,              0.0,   NoData,
DataPt,      Time(us),   EX,         EM,       Fit,
==========,==========,==========,==========,=========,
    0,        0.0,      0.000,       0.000,    164.108,
    1,        0.8,    161.020,     164.576,    169.869,
    2,        3.3,    180.130,     176.808,    176.617,
    3,        5.8,    180.027,     187.750,    183.653,
    4,        8.3,    180.152,     194.003,    190.936,
    5,       10.8,    180.350,     200.998,    198.429,
    6,       13.3,    180.343,     207.660,    206.085,
    7,       15.8,    180.328,     214.609,    213.871,
    8,       18.3,    180.431,     222.246,    221.758,
    9,       20.8,    180.614,     228.941,    229.720,
   10,       23.3,    180.512,     236.273,    237.721,
   11,       25.8,    180.666,     244.097,    245.744,
   12,       28.3,    180.600,     251.938,    253.758,
   13,       30.8,    180.791,     259.140,    261.751,
   14,       33.3,    180.754,     268.044,    269.694,
   15,       35.8,    180.952,     275.763,    277.578,
   16,       38.3,    180.747,     284.099,    285.371,
   17,       40.8,    180.930,     292.102,    293.070,
   18,       43.3,    180.842,     299.433,    300.652,
   19,       45.8,    180.732,     308.468,    308.102,
   20,       48.3,    180.849,     314.626,    315.416,
   21,       50.8,    180.842,     323.487,    322.578,
   22,       53.3,    180.769,     331.086,    329.577,
   23,       55.8,    180.820,     337.076,    336.408,
   24,       58.3,    180.915,     343.531,    343.064,
   25,       60.8,    181.048,     350.460,    349.538,
   26,       63.3,    181.143,     357.176,    355.826,
   27,       65.8,    181.136,     362.987,    361.920,
   28,       68.3,    181.011,     369.038,    367.814,
   29,       70.8,    180.915,     374.484,    373.507,
   30,       73.3,    180.960,     380.472,    378.999,
   31,       75.8,    181.033,     385.289,    384.292,
   32,       78.3,    181.099,     390.394,    389.385,
   33,       80.8,    180.776,     396.070,    394.273,
   34,       83.3,    181.158,     399.376,    398.968,
   35,       85.8,    181.055,     404.021,    403.465,
   36,       88.3,    181.165,     409.295,    407.771,
   37,       90.8,    181.055,     411.753,    411.886,
   38,       93.3,    181.224,     416.612,    415.817,
   39,       95.8,    181.004,     419.881,    419.565,
   40,       98.3,    181.187,     422.491,    423.138,
   41,      100.8,    181.173,     426.389,    426.539,
   42,      103.3,    181.062,     428.029,    429.772,
   43,      105.8,    181.033,     431.413,    432.845,
   44,      108.3,    181.033,     434.727,    435.762,
   45,      110.8,    180.996,     438.131,    438.529,
   46,      113.3,    181.092,     438.728,    441.151,
   47,      115.8,    181.261,     441.905,    443.635,
   48,      118.3,    181.099,     446.441,    445.987,
   49,      120.8,    181.187,     446.775,    448.210,
   50,      123.3,    181.180,     450.105,    450.312,
   51,      125.8,    181.239,     451.063,    452.298,
   52,      128.3,    181.202,     452.810,    454.173,
   53,      130.8,    181.202,     456.397,    455.941,
   54,      133.3,    181.187,     456.710,    457.610,
   55,      135.8,    181.070,     458.663,    459.183,
   56,      138.3,    181.327,     460.495,    460.664,
   57,      140.8,    181.261,     461.214,    462.059,
   58,      143.3,    181.356,     464.556,    463.372,
   59,      145.8,    180.827,     463.702,    464.610,
   60,      148.3,    181.275,     464.763,    465.772,
   61,      150.8,    181.202,     466.331,    466.866,
   62,      153.3,    181.371,     468.377,    467.893,
   63,      155.8,    181.202,     468.814,    468.859,
   64,      158.3,    181.114,     470.699,    469.767,
   65,      160.8,    181.334,     471.781,    470.619,
   66,      163.3,    181.128,     472.593,    471.420,
   67,      165.8,    181.187,     472.440,    472.171,
   68,      168.3,    181.253,     474.474,    472.876,
   69,      170.8,    181.363,     475.564,    473.537,
   70,      175.8,    179.902,     476.371,    476.040,
----,
DateTime:        , 2025/11/19, 12:00:06, 1763568006300,
RFID_EPC:        ,--Not Acquired--,
RFID_UserData:   ,--Not Acquired--,
Barcode:         ,--Not Acquired--,
PIF:,            0.00,
PARs:,            0.0,     0.0,     0.0,     0.0,     0.0,     0.0,
Light:,           0.0,     0.0,     0.0,     0.0,     0.0,     0.0,
Cycles:,            1,
                    1,      69,      70,      70,
Lamps:,        #10000,
Gain:,              2,      50, 
SNR_raw:,     410.96,
Position:,        0.0,              0.0,   NoData,
DataPt,      Time(us),   EX,         EM,       Fit,
==========,==========,==========,==========,=========,
    0,        0.0,      0.000,       0.000,    165.464,
    1,        0.8,    160.890,     165.019,    170.776,
    2,        3.3,    179.853,     177.505,    177.123,
    3,        5.8,    180.228,     188.650,    183.869,
    4,        8.3,    180.279,     193.589,    190.939,
    5,       10.8,    180.272,     201.640,    198.276,
    6,       13.3,    180.396,     208.153,    205.831,
    7,       15.8,    180.507,     214.951,    213.560,
    8,       18.3,    180.455,     221.939,    221.418,
    9,       20.8,    180.426,     229.457,    229.368,
   10,       23.3,    180.587,     233.959,    237.385,
   11,       25.8,    180.712,     243.204,    245.436,
   12,       28.3,    180.771,     251.700,    253.494,
   13,       30.8,    180.463,     258.779,    261.521,
   14,       33.3,    180.764,     267.200,    269.513,
   15,       35.8,    180.874,     274.501,    277.444,
   16,       38.3,    180.955,     284.049,    285.295,
   17,       40.8,    180.947,     290.969,    293.044,
   18,       43.3,    180.808,     301.149,    300.673,
   19,       45.8,    180.962,     308.076,    308.174,
   20,       48.3,    180.969,     316.076,    315.531,
   21,       50.8,    181.043,     322.023,    322.734,
   22,       53.3,    181.057,     330.006,    329.772,
   23,       55.8,    181.131,     337.601,    336.635,
   24,       58.3,    181.028,     343.869,    343.313,
   25,       60.8,    181.057,     350.717,    349.801,
   26,       63.3,    180.896,     357.664,    356.091,
   27,       65.8,    180.969,     364.703,    362.183,
   28,       68.3,    181.006,     369.325,    368.073,
   29,       70.8,    180.955,     375.232,    373.757,
   30,       73.3,    181.043,     381.954,    379.236,
   31,       75.8,    181.153,     385.034,    384.510,
   32,       78.3,    180.969,     390.398,    389.577,
   33,       80.8,    181.153,     394.694,    394.440,
   34,       83.3,    181.043,     399.906,    399.101,
   35,       85.8,    181.079,     404.519,    403.561,
   36,       88.3,    181.021,     409.069,    407.826,
   37,       90.8,    181.116,     412.995,    411.898,
   38,       93.3,    181.079,     415.840,    415.781,
   39,       95.8,    181.168,     418.397,    419.482,
   40,       98.3,    181.057,     423.346,    423.003,
   41,      100.8,    181.175,     426.108,    426.352,
   42,      103.3,    181.138,     428.402,    429.532,
   43,      105.8,    181.072,     431.596,    432.551,
   44,      108.3,    181.175,     434.663,    435.413,
   45,      110.8,    181.035,     437.207,    438.124,
   46,      113.3,    181.226,     439.230,    440.691,
   47,      115.8,    181.043,     442.437,    443.120,
   48,      118.3,    181.094,     444.796,    445.415,
   49,      120.8,    181.146,     447.982,    447.583,
   50,      123.3,    181.314,     448.116,    449.629,
   51,      125.8,    181.109,     449.730,    451.561,
   52,      128.3,    181.190,     452.289,    453.382,
   53,      130.8,    180.984,     453.631,    455.099,
   54,      133.3,    181.101,     456.650,    456.716,
   55,      135.8,    181.050,     459.265,    458.238,
   56,      138.3,    181.190,     458.360,    459.670,
   57,      140.8,    181.146,     459.851,    461.017,
   58,      143.3,    180.962,     460.870,    462.285,
   59,      145.8,    181.101,     463.276,    463.476,
   60,      148.3,    181.190,     463.879,    464.594,
   61,      150.8,    181.101,     465.761,    465.645,
   62,      153.3,    181.146,     467.028,    466.631,
   63,      155.8,    181.285,     467.771,    467.555,
   64,      158.3,    181.270,     468.913,    468.423,
   65,      160.8,    181.314,     469.902,    469.237,
   66,      163.3,    181.248,     471.452,    470.002,
   67,      165.8,    181.021,     472.322,    470.721,
   68,      168.3,    181.256,     472.537,    471.392,
   69,      170.8,    181.285,     473.839,    472.022,
   70,      175.8,    179.691,     475.538,    474.942,
----,
DateTime:        , 2025/11/19, 12:00:11, 1763568010855,
RFID_EPC:        ,--Not Acquired--,
RFID_UserData:   ,--Not Acquired--,
Barcode:         ,--Not Acquired--,
PIF:,            0.00,
PARs:,            0.0,     0.0,     0.0,     0.0,     0.0,     0.0,
Light:,           0.0,     0.0,     0.0,     0.0,     0.0,     0.0,
Cycles:,            1,
                    1,      69,      70,      70,
Lamps:,        #10000,
Gain:,              2,      50, 
SNR_raw:,     451.62,
Position:,        0.0,              0.0,   NoData,
DataPt,      Time(us),   EX,         EM,       Fit,
==========,==========,==========,==========,=========,
    0,        0.0,      0.000,       0.000,    163.999,
    1,        0.8,    160.932,     163.423,    169.725,
    2,        3.3,    179.954,     176.334,    176.449,
    3,        5.8,    180.182,     187.866,    183.487,
    4,        8.3,    180.255,     195.001,    190.781,
    5,       10.8,    180.218,     200.867,    198.280,
    6,       13.3,    180.527,     207.448,    205.957,
    7,       15.8,    180.285,     215.215,    213.754,
    8,       18.3,    180.527,     222.681,    221.654,
    9,       20.8,    180.534,     228.765,    229.620,
   10,       23.3,    180.725,     235.717,    237.630,
   11,       25.8,    180.520,     244.572,    245.644,
   12,       28.3,    180.564,     251.435,    253.648,
   13,       30.8,    180.711,     258.978,    261.623,
   14,       33.3,    180.982,     268.258,    269.553,
   15,       35.8,    180.769,     275.489,    277.406,
   16,       38.3,    180.769,     284.064,    285.169,
   17,       40.8,    180.879,     292.183,    292.833,
   18,       43.3,    181.100,     298.178,    300.385,
   19,       45.8,    180.821,     307.210,    307.797,
   20,       48.3,    180.850,     314.902,    315.068,
   21,       50.8,    180.865,     321.787,    322.186,
   22,       53.3,    180.828,     329.595,    329.141,
   23,       55.8,    180.835,     336.494,    335.925,
   24,       58.3,    180.865,     343.074,    342.532,
   25,       60.8,    181.034,     349.106,    348.960,
   26,       63.3,    181.004,     356.621,    355.199,
   27,       65.8,    180.931,     362.846,    361.244,
   28,       68.3,    181.078,     368.626,    367.096,
   29,       70.8,    180.990,     373.778,    372.750,
   30,       73.3,    181.342,     380.220,    378.210,
   31,       75.8,    180.990,     384.829,    383.467,
   32,       78.3,    181.034,     389.983,    388.525,
   33,       80.8,    180.938,     393.781,    393.385,
   34,       83.3,    181.151,     399.390,    398.052,
   35,       85.8,    181.122,     404.424,    402.525,
   36,       88.3,    181.056,     407.609,    406.808,
   37,       90.8,    181.210,     411.677,    410.906,
   38,       93.3,    181.026,     414.857,    414.819,
   39,       95.8,    181.151,     417.883,    418.555,
   40,       98.3,    181.078,     422.470,    422.117,
   41,      100.8,    181.181,     424.990,    425.510,
   42,      103.3,    181.092,     426.854,    428.738,
   43,      105.8,    181.188,     431.044,    431.808,
   44,      108.3,    181.239,     434.784,    434.726,
   45,      110.8,    181.048,     437.176,    437.494,
   46,      113.3,    181.137,     438.895,    440.120,
   47,      115.8,    181.063,     442.387,    442.610,
   48,      118.3,    181.217,     443.114,    444.968,
   49,      120.8,    181.232,     445.286,    447.200,
   50,      123.3,    181.254,     447.990,    449.311,
   51,      125.8,    181.159,     450.710,    451.308,
   52,      128.3,    181.129,     452.163,    453.195,
   53,      130.8,    181.129,     454.372,    454.976,
   54,      133.3,    181.181,     455.899,    456.658,
   55,      135.8,    181.232,     457.425,    458.245,
   56,      138.3,    181.232,     460.184,    459.741,
   57,      140.8,    181.173,     461.437,    461.151,
   58,      143.3,    181.151,     462.321,    462.481,
   59,      145.8,    181.063,     463.651,    463.733,
   60,      148.3,    181.210,     464.930,    464.912,
   61,      150.8,    181.173,     465.576,    466.022,
   62,      153.3,    181.203,     467.708,    467.065,
   63,      155.8,    181.342,     467.348,    468.046,
   64,      158.3,    181.166,     468.631,    468.970,
   65,      160.8,    181.026,     469.821,    469.840,
   66,      163.3,    181.232,     471.219,    470.656,
   67,      165.8,    181.078,     473.001,    471.424,
   68,      168.3,    181.181,     472.733,    472.144,
   69,      170.8,    181.247,     474.491,    472.820,
   70,      175.8,    179.609,     476.313,    475.365,
----,
DateTime:        , 2025/11/19, 12:00:15, 1763568015407,
RFID_EPC:        ,--Not Acquired--,
RFID_UserData:   ,--Not Acquired--,
Barcode:         ,--Not Acquired--,
PIF:,            0.00,
PARs:,            0.0,     0.0,     0.0,     0.0,     0.0,     0.0,
Light:,           0.0,     0.0,     0.0,     0.0,     0.0,     0.0,
Cycles:,            1,
                    1,      69,      70,      70,
Lamps:,        #10000,
Gain:,              2,      50, 
SNR_raw:,     425.90,
Position:,        0.0,              0.0,   NoData,
DataPt,      Time(us),   EX,         EM,       Fit,
==========,==========,==========,==========,=========,
    0,        0.0,      0.000,       0.000,    164.788,
    1,        0.8,    160.850,     164.439,    170.301,
    2,        3.3,    180.128,     176.938,    176.831,
    3,        5.8,    180.231,     188.092,    183.707,
    4,        8.3,    180.098,     194.338,    190.864,
    5,       10.8,    180.341,     201.286,    198.266,
    6,       13.3,    180.311,     207.696,    205.860,
    7,       15.8,    180.436,     214.203,    213.611,
    8,       18.3,    180.333,     222.366,    221.476,
    9,       20.8,    180.510,     228.520,    229.431,
   10,       23.3,    180.546,     235.397,    237.442,
   11,       25.8,    180.730,     243.180,    245.486,
   12,       28.3,    180.635,     251.890,    253.528,
   13,       30.8,    180.730,     259.227,    261.552,
   14,       33.3,    180.752,     267.494,    269.534,
   15,       35.8,    180.657,     276.492,    277.449,
   16,       38.3,    180.796,     283.469,    285.287,
   17,       40.8,    180.855,     292.500,    293.027,
   18,       43.3,    180.965,     300.058,    300.657,
   19,       45.8,    180.847,     307.165,    308.154,
   20,       48.3,    180.840,     315.472,    315.509,
   21,       50.8,    180.987,     321.846,    322.715,
   22,       53.3,    181.112,     329.907,    329.760,
   23,       55.8,    180.877,     337.246,    336.625,
   24,       58.3,    180.950,     345.122,    343.312,
   25,       60.8,    180.870,     351.082,    349.808,
   26,       63.3,    180.987,     357.208,    356.114,
   27,       65.8,    181.127,     363.834,    362.224,
   28,       68.3,    180.928,     370.313,    368.128,
   29,       70.8,    181.038,     375.611,    373.830,
   30,       73.3,    181.046,     380.843,    379.327,
   31,       75.8,    181.024,     385.585,    384.618,
   32,       78.3,    181.295,     391.350,    389.706,
   33,       80.8,    181.060,     395.172,    394.587,
   34,       83.3,    180.994,     400.012,    399.265,
   35,       85.8,    181.112,     404.722,    403.743,
   36,       88.3,    181.105,     408.880,    408.024,
   37,       90.8,    181.053,     412.586,    412.112,
   38,       93.3,    181.141,     417.078,    416.011,
   39,       95.8,    181.163,     418.683,    419.727,
   40,       98.3,    181.075,     423.581,    423.262,
   41,      100.8,    181.134,     426.480,    426.623,
   42,      103.3,    181.244,     427.048,    429.815,
   43,      105.8,    181.127,     432.294,    432.845,
   44,      108.3,    181.090,     434.315,    435.716,
   45,      110.8,    181.281,     437.719,    438.437,
   46,      113.3,    181.207,     440.655,    441.012,
   47,      115.8,    181.127,     441.956,    443.447,
   48,      118.3,    181.024,     443.864,    445.749,
   49,      120.8,    181.060,     446.536,    447.922,
   50,      123.3,    181.149,     450.183,    449.974,
   51,      125.8,    181.244,     451.601,    451.908,
   52,      128.3,    181.046,     453.200,    453.733,
   53,      130.8,    181.222,     455.519,    455.451,
   54,      133.3,    181.259,     455.150,    457.069,
   55,      135.8,    181.222,     458.002,    458.592,
   56,      138.3,    181.185,     458.646,    460.025,
   57,      140.8,    181.134,     460.433,    461.372,
   58,      143.3,    180.950,     461.729,    462.640,
   59,      145.8,    181.185,     463.890,    463.830,
   60,      148.3,    181.171,     464.479,    464.948,
   61,      150.8,    181.281,     466.404,    465.996,
   62,      153.3,    181.369,     466.728,    466.980,
   63,      155.8,    181.105,     467.962,    467.905,
   64,      158.3,    181.134,     468.438,    468.772,
   65,      160.8,    181.244,     470.360,    469.585,
   66,      163.3,    181.171,     471.379,    470.348,
   67,      165.8,    181.273,     471.939,    471.061,
   68,      168.3,    181.237,     473.414,    471.731,
   69,      170.8,    181.060,     474.427,    472.360,
   70,      175.8,    179.731,     475.989,    475.016,
----,
DateTime:        , 2025/11/19, 12:00:20, 1763568019959,
RFID_EPC:        ,--Not Acquired--,
RFID_UserData:   ,--Not Acquired--,
Barcode:         ,--Not Acquired--,
PIF:,            0.00,
PARs:,            0.0,     0.0,     0.0,     0.0,     0.0,     0.0,
Light:,           0.0,     0.0,     0.0,     0.0,     0.0,     0.0,
Cycles:,            1,
                    1,      69,      70,      70,
Lamps:,        #10000,
Gain:,              2,      50, 
SNR_raw:,     379.55,
Position:,        0.0,              0.0,   NoData,
DataPt,      Time(us),   EX,         EM,       Fit,
==========,==========,==========,==========,=========,
    0,        0.0,      0.000,       0.000,    165.027,
    1,        0.8,    161.000,     165.528,    170.727,
    2,        3.3,    179.912,     177.760,    177.399,
    3,        5.8,    180.191,     188.689,    184.369,
    4,        8.3,    180.154,     195.943,    191.582,
    5,       10.8,    180.375,     200.971,    199.009,
    6,       13.3,    180.441,     208.656,    206.607,
    7,       15.8,    180.507,     216.335,    214.343,
    8,       18.3,    180.610,     222.026,    222.189,
    9,       20.8,    180.551,     228.467,    230.110,
   10,       23.3,    180.602,     235.601,    238.082,
   11,       25.8,    180.566,     243.679,    246.078,
   12,       28.3,    180.566,     250.878,    254.076,
   13,       30.8,    180.690,     259.837,    262.058,
   14,       33.3,    180.661,     268.459,    269.998,
   15,       35.8,    180.881,     275.871,    277.885,
   16,       38.3,    180.918,     285.765,    285.696,
   17,       40.8,    180.823,     292.828,    293.408,
   18,       43.3,    180.903,     300.989,    301.012,
   19,       45.8,    180.918,     308.427,    308.491,
   20,       48.3,    180.970,     316.352,    315.833,
   21,       50.8,    180.823,     324.074,    323.020,
   22,       53.3,    180.808,     330.461,    330.044,
   23,       55.8,    180.992,     335.927,    336.902,
   24,       58.3,    181.028,     343.869,    343.580,
   25,       60.8,    180.962,     350.073,    350.070,
   26,       63.3,    180.977,     356.952,    356.366,
   27,       65.8,    180.984,     363.844,    362.463,
   28,       68.3,    181.116,     370.480,    368.360,
   29,       70.8,    181.050,     374.758,    374.051,
   30,       73.3,    181.043,     380.296,    379.534,
   31,       75.8,    181.175,     385.814,    384.812,
   32,       78.3,    181.065,     390.744,    389.880,
   33,       80.8,    181.050,     396.023,    394.740,
   34,       83.3,    181.021,     400.782,    399.395,
   35,       85.8,    181.021,     404.926,    403.847,
   36,       88.3,    181.050,     409.002,    408.100,
   37,       90.8,    181.271,     412.091,    412.160,
   38,       93.3,    181.043,     417.028,    416.025,
   39,       95.8,    181.205,     419.691,    419.706,
   40,       98.3,    181.072,     423.864,    423.203,
   41,      100.8,    181.124,     426.504,    426.525,
   42,      103.3,    181.249,     429.521,    429.677,
   43,      105.8,    180.881,     432.051,    432.661,
   44,      108.3,    181.102,     435.391,    435.488,
   45,      110.8,    180.970,     438.195,    438.162,
   46,      113.3,    181.138,     440.547,    440.689,
   47,      115.8,    181.190,     441.526,    443.077,
   48,      118.3,    181.249,     445.521,    445.330,
   49,      120.8,    181.021,     445.529,    447.454,
   50,      123.3,    181.278,     447.103,    449.456,
   51,      125.8,    181.278,     449.310,    451.341,
   52,      128.3,    181.256,     452.675,    453.115,
   53,      130.8,    181.160,     454.845,    454.785,
   54,      133.3,    181.124,     456.318,    456.354,
   55,      135.8,    181.212,     457.751,    457.828,
   56,      138.3,    181.175,     458.396,    459.213,
   57,      140.8,    181.021,     460.720,    460.513,
   58,      143.3,    181.183,     462.241,    461.733,
   59,      145.8,    181.109,     463.257,    462.877,
   60,      148.3,    181.109,     463.809,    463.950,
   61,      150.8,    181.160,     465.885,    464.956,
   62,      153.3,    181.249,     465.659,    465.897,
   63,      155.8,    181.227,     467.095,    466.779,
   64,      158.3,    181.183,     468.312,    467.606,
   65,      160.8,    181.241,     469.264,    468.379,
   66,      163.3,    181.080,     470.235,    469.104,
   67,      165.8,    181.219,     471.804,    469.781,
   68,      168.3,    181.036,     472.559,    470.415,
   69,      170.8,    181.278,     473.030,    471.007,
   70,      175.8,    179.706,     472.994,    473.040,
----,
DateTime:        , 2025/11/19, 12:00:24, 1763568024433,
RFID_EPC:        ,--Not Acquired--,
RFID_UserData:   ,--Not Acquired--,
Barcode:         ,--Not Acquired--,
PIF:,            0.00,
PARs:,            0.0,     0.0,     0.0,     0.0,     0.0,     0.0,
Light:,           0.0,     0.0,     0.0,     0.0,     0.0,     0.0,
Cycles:,            1,
                    1,      69,      70,      70,
Lamps:,        #10000,
Gain:,              2,      50, 
SNR_raw:,     421.01,
Position:,        0.0,              0.0,   NoData,
DataPt,      Time(us),   EX,         EM,       Fit,
==========,==========,==========,==========,=========,
    0,        0.0,      0.000,       0.000,    166.019,
    1,        0.8,    161.049,     165.478,    171.638,
    2,        3.3,    179.944,     178.342,    178.230,
    3,        5.8,    180.150,     189.842,    185.130,
    4,        8.3,    180.289,     194.964,    192.290,
    5,       10.8,    180.444,     201.448,    199.669,
    6,       13.3,    180.348,     208.208,    207.221,
    7,       15.8,    180.341,     216.812,    214.915,
    8,       18.3,    180.502,     223.820,    222.724,
    9,       20.8,    180.583,     230.365,    230.617,
   10,       23.3,    180.458,     237.174,    238.559,
   11,       25.8,    180.502,     245.149,    246.530,
   12,       28.3,    180.730,     253.140,    254.513,
   13,       30.8,    180.576,     261.109,    262.474,
   14,       33.3,    180.847,     268.735,    270.405,
   15,       35.8,    180.906,     276.939,    278.280,
   16,       38.3,    180.994,     284.816,    286.083,
   17,       40.8,    180.789,     292.330,    293.786,
   18,       43.3,    180.877,     300.204,    301.384,
   19,       45.8,    180.921,     308.146,    308.861,
   20,       48.3,    180.965,     315.531,    316.203,
   21,       50.8,    180.921,     323.069,    323.396,
   22,       53.3,    180.936,     329.675,    330.431,
   23,       55.8,    180.936,     339.071,    337.297,
   24,       58.3,    180.870,     345.277,    343.986,
   25,       60.8,    180.965,     351.449,    350.493,
   26,       63.3,    181.053,     358.458,    356.812,
   27,       65.8,    181.097,     364.169,    362.937,
   28,       68.3,    181.134,     369.340,    368.864,
   29,       70.8,    180.965,     375.763,    374.586,
   30,       73.3,    181.082,     380.766,    380.106,
   31,       75.8,    181.068,     386.872,    385.422,
   32,       78.3,    181.200,     391.556,    390.535,
   33,       80.8,    180.972,     395.641,    395.441,
   34,       83.3,    181.082,     400.094,    400.146,
   35,       85.8,    180.870,     405.265,    404.649,
   36,       88.3,    180.987,     410.527,    408.956,
   37,       90.8,    181.016,     413.222,    413.070,
   38,       93.3,    181.149,     418.165,    416.996,
   39,       95.8,    181.185,     420.564,    420.737,
   40,       98.3,    181.038,     425.048,    424.296,
   41,      100.8,    181.222,     426.825,    427.682,
   42,      103.3,    181.134,     430.069,    430.898,
   43,      105.8,    181.119,     433.140,    433.949,
   44,      108.3,    181.105,     436.488,    436.842,
   45,      110.8,    181.046,     439.392,    439.582,
   46,      113.3,    180.958,     442.369,    442.175,
   47,      115.8,    181.134,     444.423,    444.628,
   48,      118.3,    181.193,     446.210,    446.945,
   49,      120.8,    181.053,     449.316,    449.134,
   50,      123.3,    181.237,     449.412,    451.200,
   51,      125.8,    181.178,     451.766,    453.148,
   52,      128.3,    181.053,     454.563,    454.984,
   53,      130.8,    181.251,     454.341,    456.713,
   54,      133.3,    181.171,     457.856,    458.341,
   55,      135.8,    181.310,     459.985,    459.873,
   56,      138.3,    181.112,     460.489,    461.315,
   57,      140.8,    181.222,     462.140,    462.670,
   58,      143.3,    181.163,     463.946,    463.943,
   59,      145.8,    181.215,     464.366,    465.139,
   60,      148.3,    181.097,     465.220,    466.262,
   61,      150.8,    181.303,     466.898,    467.316,
   62,      153.3,    181.229,     466.812,    468.305,
   63,      155.8,    181.259,     467.840,    469.232,
   64,      158.3,    181.229,     470.123,    470.102,
   65,      160.8,    181.038,     471.171,    470.919,
   66,      163.3,    181.222,     472.901,    471.684,
   67,      165.8,    181.119,     473.445,    472.401,
   68,      168.3,    181.266,     474.717,    473.071,
   69,      170.8,    181.031,     475.885,    473.701,
   70,      175.8,    179.790,     477.223,    476.159,
----,
DateTime:        , 2025/11/19, 12:00:29, 1763568028988,
RFID_EPC:        ,--Not Acquired--,
RFID_UserData:   ,--Not Acquired--,
Barcode:         ,--Not Acquired--,
PIF:,            0.00,
PARs:,            0.0,     0.0,     0.0,     0.0,     0.0,     0.0,
Light:,           0.0,     0.0,     0.0,     0.0,     0.0,     0.0,
Cycles:,            1,
                    1,      69,      70,      70,
Lamps:,        #10000,
Gain:,              2,      50, 
SNR_raw:,     386.73,
Position:,        0.0,              0.0,   NoData,
DataPt,      Time(us),   EX,         EM,       Fit,
==========,==========,==========,==========,=========,
    0,        0.0,      0.000,       0.000,    166.096,
    1,        0.8,    160.915,     166.236,    171.721,
    2,        3.3,    180.192,     178.209,    178.333,
    3,        5.8,    180.258,     188.896,    185.247,
    4,        8.3,    180.162,     196.489,    192.415,
    5,       10.8,    180.287,     202.177,    199.803,
    6,       13.3,    180.317,     209.631,    207.370,
    7,       15.8,    180.397,     216.744,    215.084,
    8,       18.3,    180.647,     222.810,    222.919,
    9,       20.8,    180.471,     229.954,    230.831,
   10,       23.3,    180.552,     237.605,    238.801,
   11,       25.8,    180.823,     245.267,    246.811,
   12,       28.3,    180.831,     251.893,    254.826,
   13,       30.8,    180.757,     261.400,    262.823,
   14,       33.3,    180.956,     269.127,    270.789,
   15,       35.8,    180.721,     277.224,    278.690,
   16,       38.3,    180.948,     285.165,    286.522,
   17,       40.8,    180.618,     293.437,    294.250,
   18,       43.3,    180.625,     300.346,    301.870,
   19,       45.8,    180.706,     308.789,    309.369,
   20,       48.3,    180.911,     316.730,    316.738,
   21,       50.8,    180.838,     323.494,    323.955,
   22,       53.3,    180.919,     330.811,    331.015,
   23,       55.8,    181.000,     338.951,    337.908,
   24,       58.3,    181.036,     346.616,    344.623,
   25,       60.8,    181.102,     351.183,    351.154,
   26,       63.3,    180.911,     359.292,    357.490,
   27,       65.8,    181.051,     364.814,    363.632,
   28,       68.3,    181.014,     370.137,    369.573,
   29,       70.8,    180.933,     375.829,    375.309,
   30,       73.3,    181.014,     383.119,    380.842,
   31,       75.8,    180.897,     386.685,    386.167,
   32,       78.3,    181.080,     391.539,    391.288,
   33,       80.8,    180.882,     397.497,    396.202,
   34,       83.3,    181.036,     402.129,    400.915,
   35,       85.8,    181.117,     406.367,    405.428,
   36,       88.3,    181.088,     410.575,    409.742,
   37,       90.8,    181.271,     414.020,    413.864,
   38,       93.3,    181.227,     418.259,    417.795,
   39,       95.8,    180.985,     421.858,    421.538,
   40,       98.3,    181.132,     426.209,    425.101,
   41,      100.8,    181.058,     427.763,    428.489,
   42,      103.3,    181.110,     432.887,    431.706,
   43,      105.8,    181.205,     433.486,    434.758,
   44,      108.3,    181.198,     437.367,    437.652,
   45,      110.8,    181.198,     439.575,    440.393,
   46,      113.3,    180.992,     442.284,    442.986,
   47,      115.8,    181.176,     443.768,    445.439,
   48,      118.3,    180.919,     446.886,    447.756,
   49,      120.8,    181.102,     449.193,    449.944,
   50,      123.3,    181.036,     451.015,    452.009,
   51,      125.8,    181.352,     453.538,    453.955,
   52,      128.3,    181.213,     454.991,    455.790,
   53,      130.8,    181.102,     455.820,    457.518,
   54,      133.3,    181.205,     459.148,    459.145,
   55,      135.8,    181.161,     460.640,    460.676,
   56,      138.3,    181.359,     462.066,    462.115,
   57,      140.8,    181.286,     462.529,    463.469,
   58,      143.3,    181.044,     465.634,    464.741,
   59,      145.8,    181.249,     465.105,    465.936,
   60,      148.3,    181.235,     468.730,    467.057,
   61,      150.8,    181.161,     468.644,    468.111,
   62,      153.3,    181.168,     470.005,    469.099,
   63,      155.8,    181.124,     470.395,    470.026,
   64,      158.3,    181.367,     471.420,    470.893,
   65,      160.8,    181.161,     472.508,    471.708,
   66,      163.3,    181.124,     472.879,    472.473,
   67,      165.8,    181.345,     473.959,    473.187,
   68,      168.3,    181.117,     474.831,    473.858,
   69,      170.8,    181.198,     477.103,    474.485,
   70,      175.8,    179.604,     477.160,    477.002,
----,
DateTime:        , 2025/11/19, 12:00:33, 1763568033492,
RFID_EPC:        ,--Not Acquired--,
RFID_UserData:   ,--Not Acquired--,
Barcode:         ,--Not Acquired--,
PIF:,            0.00,
PARs:,            0.0,     0.0,     0.0,     0.0,     0.0,     0.0,
Light:,           0.0,     0.0,     0.0,     0.0,     0.0,     0.0,
Cycles:,            1,
                    1,      69,      70,      70,
Lamps:,        #10000,
Gain:,              2,      50, 
SNR_raw:,     398.10,
Position:,        0.0,              0.0,   NoData,
DataPt,      Time(us),   EX,         EM,       Fit,
==========,==========,==========,==========,=========,
    0,        0.0,      0.000,       0.000,    165.209,
    1,        0.8,    160.979,     164.618,    170.885,
    2,        3.3,    179.919,     177.215,    177.573,
    3,        5.8,    180.132,     188.473,    184.594,
    4,        8.3,    180.220,     196.981,    191.892,
    5,       10.8,    180.382,     201.517,    199.419,
    6,       13.3,    180.389,     209.547,    207.127,
    7,       15.8,    180.485,     215.808,    214.981,
    8,       18.3,    180.595,     222.875,    222.946,
    9,       20.8,    180.588,     231.190,    230.985,
   10,       23.3,    180.507,     237.387,    239.068,
   11,       25.8,    180.727,     245.674,    247.178,
   12,       28.3,    180.521,     253.986,    255.275,
   13,       30.8,    180.756,     261.678,    263.351,
   14,       33.3,    180.771,     268.295,    271.379,
   15,       35.8,    180.830,     277.333,    279.340,
   16,       38.3,    180.918,     286.041,    287.218,
   17,       40.8,    180.867,     293.587,    294.992,
   18,       43.3,    180.940,     300.928,    302.650,
   19,       45.8,    180.977,     309.156,    310.179,
   20,       48.3,    180.859,     316.545,    317.560,
   21,       50.8,    180.925,     324.720,    324.787,
   22,       53.3,    180.940,     332.983,    331.851,
   23,       55.8,    180.800,     339.601,    338.737,
   24,       58.3,    180.867,     346.664,    345.444,
   25,       60.8,    180.947,     353.141,    351.965,
   26,       63.3,    180.778,     360.662,    358.289,
   27,       65.8,    180.991,     366.316,    364.421,
   28,       68.3,    181.065,     371.690,    370.354,
   29,       70.8,    181.256,     378.746,    376.088,
   30,       73.3,    181.270,     381.750,    381.618,
   31,       75.8,    181.035,     388.045,    386.940,
   32,       78.3,    181.212,     392.911,    392.061,
   33,       80.8,    181.028,     398.004,    396.976,
   34,       83.3,    180.940,     401.791,    401.690,
   35,       85.8,    180.947,     406.748,    406.205,
   36,       88.3,    181.116,     411.338,    410.526,
   37,       90.8,    181.050,     415.078,    414.655,
   38,       93.3,    181.080,     418.601,    418.597,
   39,       95.8,    181.182,     422.778,    422.357,
   40,       98.3,    181.109,     425.987,    425.938,
   41,      100.8,    181.278,     429.175,    429.346,
   42,      103.3,    181.087,     433.217,    432.586,
   43,      105.8,    181.278,     436.071,    435.665,
   44,      108.3,    180.999,     439.506,    438.585,
   45,      110.8,    181.138,     439.995,    441.355,
   46,      113.3,    181.087,     441.777,    443.979,
   47,      115.8,    181.160,     445.462,    446.464,
   48,      118.3,    180.896,     447.771,    448.815,
   49,      120.8,    181.035,     450.464,    451.038,
   50,      123.3,    181.116,     451.920,    453.138,
   51,      125.8,    181.212,     453.061,    455.122,
   52,      128.3,    181.160,     455.398,    456.994,
   53,      130.8,    180.984,     458.051,    458.760,
   54,      133.3,    181.219,     458.561,    460.425,
   55,      135.8,    181.212,     460.235,    461.994,
   56,      138.3,    181.278,     463.653,    463.471,
   57,      140.8,    181.182,     464.173,    464.863,
   58,      143.3,    181.109,     464.361,    466.173,
   59,      145.8,    181.241,     466.230,    467.404,
   60,      148.3,    181.263,     468.656,    468.563,
   61,      150.8,    181.043,     469.778,    469.653,
   62,      153.3,    181.248,     470.349,    470.676,
   63,      155.8,    181.028,     472.026,    471.640,
   64,      158.3,    181.138,     473.947,    472.543,
   65,      160.8,    181.212,     473.479,    473.391,
   66,      163.3,    181.204,     475.430,    474.187,
   67,      165.8,    181.241,     475.885,    474.934,
   68,      168.3,    181.138,     475.603,    475.636,
   69,      170.8,    181.248,     478.349,    476.293,
   70,      175.8,    179.860,     480.094,    478.912,
----,
DateTime:        , 2025/11/19, 12:00:38, 1763568038041,
RFID_EPC:        ,--Not Acquired--,
RFID_UserData:   ,--Not Acquired--,
Barcode:         ,--Not Acquired--,
PIF:,            0.00,
PARs:,            0.0,     0.0,     0.0,     0.0,     0.0,     0.0,
Light:,           0.0,     0.0,     0.0,     0.0,     0.0,     0.0,
Cycles:,            1,
                    1,      69,      70,      70,
Lamps:,        #10000,
Gain:,              2,      50, 
SNR_raw:,     382.11,
Position:,        0.0,              0.0,   NoData,
DataPt,      Time(us),   EX,         EM,       Fit,
==========,==========,==========,==========,=========,
    0,        0.0,      0.000,       0.000,    167.134,
    1,        0.8,    160.941,     166.831,    172.518,
    2,        3.3,    180.074,     178.820,    178.939,
    3,        5.8,    180.184,     189.529,    185.738,
    4,        8.3,    180.213,     196.989,    192.851,
    5,       10.8,    180.279,     203.573,    200.225,
    6,       13.3,    180.404,     209.530,    207.812,
    7,       15.8,    180.411,     216.450,    215.566,
    8,       18.3,    180.360,     224.274,    223.446,
    9,       20.8,    180.456,     229.419,    231.422,
   10,       23.3,    180.668,     238.282,    239.466,
   11,       25.8,    180.779,     245.881,    247.547,
   12,       28.3,    180.676,     253.216,    255.631,
   13,       30.8,    180.771,     260.827,    263.700,
   14,       33.3,    180.881,     269.790,    271.732,
   15,       35.8,    180.808,     277.366,    279.702,
   16,       38.3,    180.808,     286.768,    287.593,
   17,       40.8,    180.815,     294.223,    295.388,
   18,       43.3,    180.852,     303.563,    303.072,
   19,       45.8,    180.823,     309.972,    310.629,
   20,       48.3,    181.036,     317.341,    318.052,
   21,       50.8,    180.896,     325.878,    325.320,
   22,       53.3,    180.896,     333.340,    332.426,
   23,       55.8,    181.161,     340.582,    339.368,
   24,       58.3,    181.014,     347.211,    346.127,
   25,       60.8,    181.080,     353.988,    352.701,
   26,       63.3,    181.021,     361.284,    359.082,
   27,       65.8,    181.058,     365.629,    365.267,
   28,       68.3,    180.867,     372.650,    371.248,
   29,       70.8,    181.050,     377.519,    377.029,
   30,       73.3,    180.896,     383.645,    382.603,
   31,       75.8,    181.087,     389.315,    387.974,
   32,       78.3,    181.087,     394.009,    393.141,
   33,       80.8,    181.043,     398.800,    398.103,
   34,       83.3,    181.168,     403.493,    402.864,
   35,       85.8,    181.131,     407.439,    407.424,
   36,       88.3,    181.168,     412.325,    411.788,
   37,       90.8,    181.234,     417.140,    415.958,
   38,       93.3,    181.102,     421.586,    419.938,
   39,       95.8,    181.043,     422.551,    423.732,
   40,       98.3,    180.948,     428.301,    427.345,
   41,      100.8,    181.014,     430.907,    430.783,
   42,      103.3,    181.014,     433.669,    434.050,
   43,      105.8,    181.175,     437.146,    437.154,
   44,      108.3,    181.043,     439.122,    440.099,
   45,      110.8,    181.205,     441.766,    442.890,
   46,      113.3,    181.102,     445.606,    445.535,
   47,      115.8,    181.102,     447.262,    448.038,
   48,      118.3,    180.977,     449.781,    450.406,
   49,      120.8,    181.072,     452.305,    452.643,
   50,      123.3,    181.161,     453.189,    454.757,
   51,      125.8,    181.285,     455.359,    456.751,
   52,      128.3,    181.087,     457.515,    458.634,
   53,      130.8,    181.175,     458.948,    460.409,
   54,      133.3,    181.124,     459.630,    462.081,
   55,      135.8,    181.256,     462.054,    463.656,
   56,      138.3,    181.183,     463.069,    465.140,
   57,      140.8,    181.271,     465.050,    466.535,
   58,      143.3,    181.146,     467.303,    467.848,
   59,      145.8,    181.212,     469.340,    469.083,
   60,      148.3,    181.153,     469.768,    470.244,
   61,      150.8,    180.984,     471.035,    471.336,
   62,      153.3,    181.028,     472.025,    472.361,
   63,      155.8,    181.109,     475.128,    473.323,
   64,      158.3,    181.249,     475.590,    474.225,
   65,      160.8,    181.197,     476.000,    475.072,
   66,      163.3,    181.256,     476.122,    475.866,
   67,      165.8,    181.197,     477.656,    476.611,
   68,      168.3,    181.183,     478.247,    477.310,
   69,      170.8,    181.278,     478.547,    477.965,
   70,      175.8,    179.772,     481.998,    480.766,
----,
DateTime:        , 2025/11/19, 12:00:42, 1763568042581,
RFID_EPC:        ,--Not Acquired--,
RFID_UserData:   ,--Not Acquired--,
Barcode:         ,--Not Acquired--,
PIF:,            0.00,
PARs:,            0.0,     0.0,     0.0,     0.0,     0.0,     0.0,
Light:,           0.0,     0.0,     0.0,     0.0,     0.0,     0.0,
Cycles:,            1,
                    1,      69,      70,      70,
Lamps:,        #10000,
Gain:,              2,      50, 
SNR_raw:,     470.68,
Position:,        0.0,              0.0,   NoData,
DataPt,      Time(us),   EX,         EM,       Fit,
==========,==========,==========,==========,=========,
    0,        0.0,      0.000,       0.000,    165.586,
    1,        0.8,    161.045,     165.171,    171.385,
    2,        3.3,    180.032,     178.637,    178.190,
    3,        5.8,    180.150,     190.675,    185.307,
    4,        8.3,    180.267,     195.543,    192.689,
    5,       10.8,    180.289,     203.007,    200.287,
    6,       13.3,    180.429,     209.778,    208.066,
    7,       15.8,    180.392,     216.473,    215.984,
    8,       18.3,    180.407,     225.601,    224.009,
    9,       20.8,    180.480,     231.050,    232.111,
   10,       23.3,    180.554,     238.710,    240.263,
   11,       25.8,    180.664,     245.207,    248.439,
   12,       28.3,    180.495,     255.132,    256.605,
   13,       30.8,    180.723,     263.111,    264.752,
   14,       33.3,    180.723,     271.411,    272.852,
   15,       35.8,    180.833,     279.540,    280.887,
   16,       38.3,    180.869,     286.947,    288.837,
   17,       40.8,    180.869,     296.346,    296.685,
   18,       43.3,    180.869,     303.534,    304.414,
   19,       45.8,    180.825,     311.903,    312.010,
   20,       48.3,    180.789,     318.881,    319.461,
   21,       50.8,    180.869,     325.373,    326.756,
   22,       53.3,    180.906,     333.875,    333.886,
   23,       55.8,    180.950,     341.254,    340.841,
   24,       58.3,    180.965,     348.963,    347.613,
   25,       60.8,    180.877,     354.385,    354.193,
   26,       63.3,    181.024,     362.107,    360.580,
   27,       65.8,    181.060,     368.385,    366.768,
   28,       68.3,    181.134,     374.309,    372.754,
   29,       70.8,    181.060,     379.984,    378.533,
   30,       73.3,    181.215,     385.454,    384.107,
   31,       75.8,    181.031,     389.712,    389.471,
   32,       78.3,    180.943,     395.152,    394.627,
   33,       80.8,    180.862,     401.687,    399.575,
   34,       83.3,    181.016,     404.107,    404.323,
   35,       85.8,    180.877,     409.395,    408.867,
   36,       88.3,    181.090,     413.607,    413.216,
   37,       90.8,    181.016,     417.642,    417.370,
   38,       93.3,    181.178,     421.133,    421.336,
   39,       95.8,    181.171,     425.290,    425.116,
   40,       98.3,    181.200,     428.808,    428.716,
   41,      100.8,    181.171,     432.465,    432.141,
   42,      103.3,    180.921,     434.720,    435.395,
   43,      105.8,    181.127,     438.644,    438.485,
   44,      108.3,    181.134,     441.386,    441.417,
   45,      110.8,    181.090,     444.255,    444.197,
   46,      113.3,    181.134,     445.527,    446.830,
   47,      115.8,    181.016,     450.236,    449.322,
   48,      118.3,    181.082,     450.900,    451.680,
   49,      120.8,    181.097,     453.072,    453.908,
   50,      123.3,    181.207,     454.452,    456.013,
   51,      125.8,    181.200,     456.954,    458.000,
   52,      128.3,    181.200,     458.333,    459.875,
   53,      130.8,    181.193,     460.284,    461.643,
   54,      133.3,    181.134,     463.193,    463.310,
   55,      135.8,    181.273,     463.388,    464.880,
   56,      138.3,    181.185,     465.546,    466.359,
   57,      140.8,    181.229,     467.088,    467.751,
   58,      143.3,    181.178,     468.600,    469.060,
   59,      145.8,    181.244,     468.981,    470.292,
   60,      148.3,    181.244,     472.016,    471.450,
   61,      150.8,    181.046,     471.980,    472.539,
   62,      153.3,    181.391,     473.838,    473.560,
   63,      155.8,    181.281,     474.954,    474.521,
   64,      158.3,    181.178,     476.603,    475.423,
   65,      160.8,    181.288,     477.693,    476.269,
   66,      163.3,    181.178,     477.983,    477.065,
   67,      165.8,    181.259,     479.149,    477.810,
   68,      168.3,    181.200,     479.581,    478.510,
   69,      170.8,    181.384,     481.300,    479.164,
   70,      175.8,    179.790,     481.952,    481.857,
----,
DateTime:        , 2025/11/19, 12:00:47, 1763568047137,
RFID_EPC:        ,--Not Acquired--,
RFID_UserData:   ,--Not Acquired--,
Barcode:         ,--Not Acquired--,
PIF:,            0.00,
PARs:,            0.0,     0.0,     0.0,     0.0,     0.0,     0.0,
Light:,           0.0,     0.0,     0.0,     0.0,     0.0,     0.0,
Cycles:,            1,
                    1,      69,      70,      70,
Lamps:,        #10000,
Gain:,              2,      50, 
SNR_raw:,     368.02,
Position:,        0.0,              0.0,   NoData,
DataPt,      Time(us),   EX,         EM,       Fit,
==========,==========,==========,==========,=========,
    0,        0.0,      0.000,       0.000,    166.934,
    1,        0.8,    160.969,     167.734,    172.631,
    2,        3.3,    179.856,     179.402,    179.333,
    3,        5.8,    180.164,     189.827,    186.369,
    4,        8.3,    180.135,     197.352,    193.677,
    5,       10.8,    180.289,     203.285,    201.220,
    6,       13.3,    180.289,     210.218,    208.949,
    7,       15.8,    180.363,     217.063,    216.832,
    8,       18.3,    180.289,     226.026,    224.827,
    9,       20.8,    180.392,     231.440,    232.910,
   10,       23.3,    180.598,     240.036,    241.056,
   11,       25.8,    180.612,     248.876,    249.231,
   12,       28.3,    180.730,     255.354,    257.414,
   13,       30.8,    180.693,     263.153,    265.575,
   14,       33.3,    180.744,     272.761,    273.696,
   15,       35.8,    180.752,     279.942,    281.756,
   16,       38.3,    180.847,     288.641,    289.738,
   17,       40.8,    180.678,     296.937,    297.617,
   18,       43.3,    180.737,     304.033,    305.384,
   19,       45.8,    180.715,     313.200,    313.021,
   20,       48.3,    180.884,     320.924,    320.521,
   21,       50.8,    180.855,     327.611,    327.866,
   22,       53.3,    181.097,     336.284,    335.053,
   23,       55.8,    180.950,     342.636,    342.061,
   24,       58.3,    181.112,     348.128,    348.890,
   25,       60.8,    180.943,     355.914,    355.525,
   26,       63.3,    181.009,     362.690,    361.966,
   27,       65.8,    181.068,     368.923,    368.207,
   28,       68.3,    181.075,     375.811,    374.243,
   29,       70.8,    180.891,     381.168,    380.068,
   30,       73.3,    181.009,     387.274,    385.687,
   31,       75.8,    180.943,     392.113,    391.095,
   32,       78.3,    181.222,     397.027,    396.298,
   33,       80.8,    181.207,     402.578,    401.293,
   34,       83.3,    181.214,     406.701,    406.081,
   35,       85.8,    181.068,     410.896,    410.663,
   36,       88.3,    181.104,     414.402,    415.045,
   37,       90.8,    181.090,     418.301,    419.229,
   38,       93.3,    181.075,     423.858,    423.220,
   39,       95.8,    181.119,     427.343,    427.024,
   40,       98.3,    180.994,     430.124,    430.643,
   41,      100.8,    181.178,     434.656,    434.085,
   42,      103.3,    181.148,     438.039,    437.355,
   43,      105.8,    181.126,     440.024,    440.458,
   44,      108.3,    181.119,     443.355,    443.400,
   45,      110.8,    181.082,     446.758,    446.187,
   46,      113.3,    181.060,     447.641,    448.826,
   47,      115.8,    181.060,     450.127,    451.321,
   48,      118.3,    181.178,     451.490,    453.680,
   49,      120.8,    181.170,     453.993,    455.907,
   50,      123.3,    181.141,     456.827,    458.010,
   51,      125.8,    181.119,     459.367,    459.994,
   52,      128.3,    181.053,     461.744,    461.865,
   53,      130.8,    181.229,     462.674,    463.626,
   54,      133.3,    181.251,     466.204,    465.286,
   55,      135.8,    181.332,     467.099,    466.847,
   56,      138.3,    181.170,     468.344,    468.317,
   57,      140.8,    181.420,     469.077,    469.698,
   58,      143.3,    181.347,     470.370,    470.996,
   59,      145.8,    181.104,     472.380,    472.218,
   60,      148.3,    181.369,     472.794,    473.364,
   61,      150.8,    181.141,     474.768,    474.442,
   62,      153.3,    181.046,     475.847,    475.454,
   63,      155.8,    181.068,     477.722,    476.404,
   64,      158.3,    181.236,     478.932,    477.293,
   65,      160.8,    181.420,     477.897,    478.126,
   66,      163.3,    181.251,     478.894,    478.908,
   67,      165.8,    181.163,     480.506,    479.642,
   68,      168.3,    181.376,     480.494,    480.328,
   69,      170.8,    181.317,     482.580,    480.972,
   70,      175.8,    179.746,     483.739,    483.653,
----,
DateTime:        , 2025/11/19, 12:00:51, 1763568051681,
RFID_EPC:        ,--Not Acquired--,
RFID_UserData:   ,--Not Acquired--,
Barcode:         ,--Not Acquired--,
PIF:,            0.00,
PARs:,            0.0,     0.0,     0.0,     0.0,     0.0,     0.0,
Light:,           0.0,     0.0,     0.0,     0.0,     0.0,     0.0,
Cycles:,            1,
                    1,      69,      70,      70,
Lamps:,        #10000,
Gain:,              2,      50, 
SNR_raw:,     371.57,
Position:,        0.0,              0.0,   NoData,
DataPt,      Time(us),   EX,         EM,       Fit,
==========,==========,==========,==========,=========,
    0,        0.0,      0.000,       0.000,    167.475,
    1,        0.8,    160.982,     167.721,    173.102,
    2,        3.3,    179.849,     180.429,    179.804,
    3,        5.8,    180.150,     191.784,    186.903,
    4,        8.3,    180.231,     198.356,    194.322,
    5,       10.8,    180.341,     205.166,    201.998,
    6,       13.3,    180.341,     212.652,    209.875,
    7,       15.8,    180.371,     218.716,    217.904,
    8,       18.3,    180.459,     226.644,    226.047,
    9,       20.8,    180.422,     232.787,    234.261,
   10,       23.3,    180.584,     241.993,    242.519,
   11,       25.8,    180.804,     248.612,    250.795,
   12,       28.3,    180.613,     257.456,    259.048,
   13,       30.8,    180.606,     265.219,    267.260,
   14,       33.3,    180.635,     271.542,    275.409,
   15,       35.8,    180.995,     280.947,    283.488,
   16,       38.3,    180.855,     288.905,    291.462,
   17,       40.8,    180.811,     298.101,    299.320,
   18,       43.3,    180.694,     305.766,    307.043,
   19,       45.8,    180.833,     313.825,    314.627,
   20,       48.3,    180.877,     322.041,    322.058,
   21,       50.8,    180.855,     328.716,    329.323,
   22,       53.3,    181.002,     336.183,    336.418,
   23,       55.8,    180.988,     344.222,    343.333,
   24,       58.3,    180.789,     349.855,    350.055,
   25,       60.8,    180.922,     355.679,    356.587,
   26,       63.3,    181.032,     363.196,    362.925,
   27,       65.8,    180.980,     369.930,    369.062,
   28,       68.3,    181.024,     376.469,    374.997,
   29,       70.8,    181.135,     380.932,    380.730,
   30,       73.3,    180.900,     387.508,    386.256,
   31,       75.8,    180.877,     393.913,    391.577,
   32,       78.3,    180.907,     396.889,    396.696,
   33,       80.8,    181.127,     402.204,    401.616,
   34,       83.3,    181.127,     408.277,    406.337,
   35,       85.8,    181.046,     412.325,    410.862,
   36,       88.3,    181.054,     416.175,    415.194,
   37,       90.8,    181.179,     420.855,    419.339,
   38,       93.3,    181.215,     424.633,    423.299,
   39,       95.8,    180.907,     428.397,    427.078,
   40,       98.3,    181.135,     432.275,    430.682,
   41,      100.8,    181.142,     435.846,    434.116,
   42,      103.3,    181.201,     437.360,    437.386,
   43,      105.8,    181.201,     441.224,    440.496,
   44,      108.3,    181.223,     443.101,    443.452,
   45,      110.8,    181.105,     445.597,    446.260,
   46,      113.3,    181.171,     448.471,    448.924,
   47,      115.8,    181.259,     450.459,    451.451,
   48,      118.3,    181.171,     452.886,    453.846,
   49,      120.8,    181.090,     455.297,    456.115,
   50,      123.3,    181.237,     457.687,    458.263,
   51,      125.8,    181.061,     459.513,    460.295,
   52,      128.3,    181.054,     460.637,    462.217,
   53,      130.8,    181.149,     463.706,    464.033,
   54,      133.3,    181.164,     465.048,    465.749,
   55,      135.8,    181.208,     466.039,    467.369,
   56,      138.3,    181.289,     468.314,    468.897,
   57,      140.8,    181.120,     470.959,    470.341,
   58,      143.3,    181.171,     471.929,    471.702,
   59,      145.8,    181.090,     472.140,    472.986,
   60,      148.3,    181.259,     473.631,    474.194,
   61,      150.8,    181.157,     475.279,    475.334,
   62,      153.3,    181.083,     476.853,    476.408,
   63,      155.8,    181.237,     478.378,    477.418,
   64,      158.3,    181.259,     478.596,    478.369,
   65,      160.8,    181.164,     479.676,    479.265,
   66,      163.3,    181.340,     481.691,    480.106,
   67,      165.8,    181.281,     481.847,    480.898,
   68,      168.3,    181.406,     484.272,    481.642,
   69,      170.8,    181.487,     483.230,    482.340,
   70,      175.8,    179.761,     485.366,    485.267,
----,
DateTime:        , 2025/11/19, 12:00:56, 1763568056183,
RFID_EPC:        ,--Not Acquired--,
RFID_UserData:   ,--Not Acquired--,
Barcode:         ,--Not Acquired--,
PIF:,            0.00,
PARs:,            0.0,     0.0,     0.0,     0.0,     0.0,     0.0,
Light:,           0.0,     0.0,     0.0,     0.0,     0.0,     0.0,
Cycles:,            1,
                    1,      69,      70,      70,
Lamps:,        #10000,
Gain:,              2,      50, 
SNR_raw:,     417.54,
Position:,        0.0,              0.0,   NoData,
DataPt,      Time(us),   EX,         EM,       Fit,
==========,==========,==========,==========,=========,
    0,        0.0,      0.000,       0.000,    169.528,
    1,        0.8,    160.999,     168.945,    175.018,
    2,        3.3,    179.814,     182.051,    181.539,
    3,        5.8,    180.115,     193.765,    188.443,
    4,        8.3,    180.225,     197.531,    195.666,
    5,       10.8,    180.328,     206.291,    203.154,
    6,       13.3,    180.350,     213.197,    210.857,
    7,       15.8,    180.438,     220.020,    218.735,
    8,       18.3,    180.600,     227.298,    226.752,
    9,       20.8,    180.570,     233.150,    234.866,
   10,       23.3,    180.636,     242.199,    243.049,
   11,       25.8,    180.453,     248.819,    251.262,
   12,       28.3,    180.695,     257.340,    259.491,
   13,       30.8,    180.768,     267.193,    267.707,
   14,       33.3,    180.651,     273.732,    275.879,
   15,       35.8,    180.857,     281.715,    283.997,
   16,       38.3,    180.901,     290.767,    292.035,
   17,       40.8,    180.592,     298.186,    299.965,
   18,       43.3,    180.864,     306.584,    307.786,
   19,       45.8,    180.996,     314.924,    315.480,
   20,       48.3,    181.136,     321.858,    323.032,
   21,       50.8,    180.893,     330.858,    330.420,
   22,       53.3,    180.937,     338.239,    337.640,
   23,       55.8,    180.820,     345.924,    344.678,
   24,       58.3,    180.732,     353.286,    351.526,
   25,       60.8,    181.202,     358.992,    358.189,
   26,       63.3,    181.003,     364.358,    364.648,
   27,       65.8,    181.048,     372.002,    370.902,
   28,       68.3,    181.077,     378.016,    376.947,
   29,       70.8,    181.158,     384.748,    382.782,
   30,       73.3,    181.018,     390.016,    388.401,
   31,       75.8,    180.996,     395.589,    393.806,
   32,       78.3,    181.136,     400.805,    399.000,
   33,       80.8,    181.084,     405.336,    403.980,
   34,       83.3,    181.048,     409.009,    408.750,
   35,       85.8,    181.040,     413.444,    413.313,
   36,       88.3,    181.062,     417.812,    417.672,
   37,       90.8,    181.084,     421.075,    421.832,
   38,       93.3,    181.187,     425.251,    425.797,
   39,       95.8,    181.136,     430.340,    429.571,
   40,       98.3,    181.216,     432.080,    433.160,
   41,      100.8,    181.150,     436.378,    436.569,
   42,      103.3,    181.238,     438.373,    439.805,
   43,      105.8,    181.077,     443.458,    442.873,
   44,      108.3,    181.062,     444.875,    445.778,
   45,      110.8,    181.114,     447.509,    448.528,
   46,      113.3,    180.996,     451.115,    451.129,
   47,      115.8,    181.092,     453.086,    453.586,
   48,      118.3,    181.106,     454.981,    455.906,
   49,      120.8,    181.194,     458.623,    458.096,
   50,      123.3,    181.216,     458.568,    460.160,
   51,      125.8,    181.253,     461.233,    462.105,
   52,      128.3,    181.451,     463.209,    463.937,
   53,      130.8,    181.092,     464.682,    465.663,
   54,      133.3,    181.136,     467.329,    467.287,
   55,      135.8,    181.158,     468.376,    468.813,
   56,      138.3,    181.136,     470.918,    470.248,
   57,      140.8,    181.165,     471.393,    471.596,
   58,      143.3,    181.216,     471.811,    472.862,
   59,      145.8,    181.172,     474.410,    474.050,
   60,      148.3,    181.084,     475.193,    475.166,
   61,      150.8,    181.187,     475.751,    476.212,
   62,      153.3,    181.253,     476.130,    477.193,
   63,      155.8,    181.231,     477.843,    478.112,
   64,      158.3,    181.172,     479.930,    478.974,
   65,      160.8,    181.180,     479.910,    479.782,
   66,      163.3,    181.070,     481.031,    480.540,
   67,      165.8,    181.187,     482.374,    481.249,
   68,      168.3,    181.180,     483.774,    481.912,
   69,      170.8,    181.099,     484.266,    482.534,
   70,      175.8,    179.667,     485.621,    485.427,
----,
DateTime:        , 2025/11/19, 12:01:00, 1763568060717,
RFID_EPC:        ,--Not Acquired--,
RFID_UserData:   ,--Not Acquired--,
Barcode:         ,--Not Acquired--,
PIF:,            0.00,
PARs:,            0.0,     0.0,     0.0,     0.0,     0.0,     0.0,
Light:,           0.0,     0.0,     0.0,     0.0,     0.0,     0.0,
Cycles:,            1,
                    1,      69,      70,      70,
Lamps:,        #10000,
Gain:,              2,      50, 
SNR_raw:,     448.25,
Position:,        0.0,              0.0,   NoData,
DataPt,      Time(us),   EX,         EM,       Fit,
==========,==========,==========,==========,=========,
    0,        0.0,      0.000,       0.000,    168.552,
    1,        0.8,    161.039,     168.903,    174.255,
    2,        3.3,    180.035,     181.292,    180.999,
    3,        5.8,    180.123,     192.368,    188.094,
    4,        8.3,    180.094,     198.507,    195.478,
    5,       10.8,    180.212,     204.759,    203.102,
    6,       13.3,    180.557,     213.229,    210.928,
    7,       15.8,    180.322,     219.885,    218.896,
    8,       18.3,    180.535,     227.103,    226.983,
    9,       20.8,    180.505,     235.450,    235.146,
   10,       23.3,    180.630,     241.377,    243.362,
   11,       25.8,    180.527,     250.378,    251.594,
   12,       28.3,    180.571,     257.793,    259.822,
   13,       30.8,    180.711,     265.894,    268.025,
   14,       33.3,    180.806,     273.497,    276.181,
   15,       35.8,    180.872,     282.520,    284.269,
   16,       38.3,    180.806,     290.089,    292.267,
   17,       40.8,    180.939,     298.997,    300.164,
   18,       43.3,    180.850,     306.883,    307.938,
   19,       45.8,    180.828,     315.216,    315.577,
   20,       48.3,    180.836,     322.669,    323.070,
   21,       50.8,    180.916,     331.645,    330.407,
   22,       53.3,    180.777,     337.986,    337.573,
   23,       55.8,    180.902,     346.044,    344.566,
   24,       58.3,    180.806,     352.034,    351.372,
   25,       60.8,    181.012,     359.092,    357.992,
   26,       63.3,    181.019,     365.983,    364.417,
   27,       65.8,    181.034,     372.582,    370.642,
   28,       68.3,    181.049,     378.628,    376.664,
   29,       70.8,    181.188,     383.855,    382.483,
   30,       73.3,    181.034,     389.153,    388.093,
   31,       75.8,    181.049,     394.369,    393.495,
   32,       78.3,    181.159,     399.649,    398.692,
   33,       80.8,    181.137,     404.667,    403.684,
   34,       83.3,    181.093,     410.287,    408.471,
   35,       85.8,    181.005,     413.802,    413.056,
   36,       88.3,    180.961,     418.600,    417.443,
   37,       90.8,    181.218,     421.041,    421.637,
   38,       93.3,    181.034,     425.611,    425.640,
   39,       95.8,    181.034,     428.925,    429.458,
   40,       98.3,    181.049,     432.480,    433.095,
   41,      100.8,    181.063,     436.588,    436.556,
   42,      103.3,    181.063,     438.521,    439.847,
   43,      105.8,    181.144,     442.189,    442.974,
   44,      108.3,    181.078,     445.388,    445.942,
   45,      110.8,    181.203,     449.496,    448.757,
   46,      113.3,    181.085,     450.892,    451.425,
   47,      115.8,    181.085,     452.273,    453.951,
   48,      118.3,    181.254,     454.610,    456.341,
   49,      120.8,    181.115,     456.617,    458.602,
   50,      123.3,    181.056,     459.526,    460.738,
   51,      125.8,    181.041,     461.221,    462.756,
   52,      128.3,    181.144,     463.719,    464.661,
   53,      130.8,    181.093,     465.507,    466.458,
   54,      133.3,    181.291,     467.481,    468.151,
   55,      135.8,    181.225,     469.031,    469.748,
   56,      138.3,    181.313,     471.560,    471.252,
   57,      140.8,    181.210,     471.000,    472.669,
   58,      143.3,    181.151,     474.465,    474.003,
   59,      145.8,    181.232,     474.529,    475.257,
   60,      148.3,    181.291,     477.134,    476.437,
   61,      150.8,    181.144,     478.348,    477.547,
   62,      153.3,    181.291,     479.064,    478.590,
   63,      155.8,    181.107,     478.721,    479.571,
   64,      158.3,    181.115,     481.187,    480.492,
   65,      160.8,    181.210,     481.761,    481.357,
   66,      163.3,    181.188,     482.923,    482.169,
   67,      165.8,    181.342,     483.891,    482.929,
   68,      168.3,    181.159,     485.210,    483.645,
   69,      170.8,    181.320,     485.053,    484.315,
   70,      175.8,    179.910,     488.020,    487.022,
----,
DateTime:        , 2025/11/19, 12:01:05, 1763568065271,
RFID_EPC:        ,--Not Acquired--,
RFID_UserData:   ,--Not Acquired--,
Barcode:         ,--Not Acquired--,
PIF:,            0.00,
PARs:,            0.0,     0.0,     0.0,     0.0,     0.0,     0.0,
Light:,           0.0,     0.0,     0.0,     0.0,     0.0,     0.0,
Cycles:,            1,
                    1,      69,      70,      70,
Lamps:,        #10000,
Gain:,              2,      50, 
SNR_raw:,     390.27,
Position:,        0.0,              0.0,   NoData,
DataPt,      Time(us),   EX,         EM,       Fit,
==========,==========,==========,==========,=========,
    0,        0.0,      0.000,       0.000,    170.700,
    1,        0.8,    161.026,     170.159,    175.984,
    2,        3.3,    179.849,     182.881,    182.348,
    3,        5.8,    180.179,     194.251,    189.158,
    4,        8.3,    180.194,     200.895,    196.328,
    5,       10.8,    180.290,     205.503,    203.796,
    6,       13.3,    180.348,     213.199,    211.503,
    7,       15.8,    180.547,     220.719,    219.402,
    8,       18.3,    180.547,     227.919,    227.443,
    9,       20.8,    180.539,     235.683,    235.585,
   10,       23.3,    180.811,     241.965,    243.801,
   11,       25.8,    180.576,     250.310,    252.044,
   12,       28.3,    180.598,     258.032,    260.291,
   13,       30.8,    180.627,     265.740,    268.518,
   14,       33.3,    180.752,     275.515,    276.704,
   15,       35.8,    180.921,     283.549,    284.827,
   16,       38.3,    180.789,     289.841,    292.860,
   17,       40.8,    180.892,     298.245,    300.792,
   18,       43.3,    180.789,     306.988,    308.600,
   19,       45.8,    180.833,     313.825,    316.274,
   20,       48.3,    180.936,     323.043,    323.803,
   21,       50.8,    180.936,     331.057,    331.172,
   22,       53.3,    181.053,     338.850,    338.374,
   23,       55.8,    180.767,     346.302,    345.390,
   24,       58.3,    180.877,     354.937,    352.222,
   25,       60.8,    181.031,     359.883,    358.863,
   26,       63.3,    180.980,     366.063,    365.305,
   27,       65.8,    181.017,     372.894,    371.546,
   28,       68.3,    180.892,     379.509,    377.578,
   29,       70.8,    181.053,     384.141,    383.405,
   30,       73.3,    181.009,     390.864,    389.022,
   31,       75.8,    181.178,     395.191,    394.432,
   32,       78.3,    181.009,     402.189,    399.631,
   33,       80.8,    181.127,     404.413,    404.625,
   34,       83.3,    180.884,     410.207,    409.411,
   35,       85.8,    181.031,     415.398,    413.996,
   36,       88.3,    181.244,     419.048,    418.383,
   37,       90.8,    181.053,     422.804,    422.574,
   38,       93.3,    181.024,     427.292,    426.573,
   39,       95.8,    181.024,     430.606,    430.387,
   40,       98.3,    181.017,     435.319,    434.018,
   41,      100.8,    181.244,     436.703,    437.474,
   42,      103.3,    181.097,     440.647,    440.760,
   43,      105.8,    181.281,     442.407,    443.880,
   44,      108.3,    181.178,     446.798,    446.842,
   45,      110.8,    180.995,     448.632,    449.651,
   46,      113.3,    181.046,     450.714,    452.311,
   47,      115.8,    181.039,     454.047,    454.830,
   48,      118.3,    181.031,     456.551,    457.214,
   49,      120.8,    181.237,     457.964,    459.466,
   50,      123.3,    181.031,     460.694,    461.596,
   51,      125.8,    181.017,     462.665,    463.607,
   52,      128.3,    181.354,     464.009,    465.503,
   53,      130.8,    181.296,     468.020,    467.293,
   54,      133.3,    181.178,     467.772,    468.981,
   55,      135.8,    181.332,     469.580,    470.570,
   56,      138.3,    181.097,     472.122,    472.070,
   57,      140.8,    181.237,     474.241,    473.481,
   58,      143.3,    181.230,     473.984,    474.808,
   59,      145.8,    181.178,     476.327,    476.058,
   60,      148.3,    181.222,     477.866,    477.233,
   61,      150.8,    181.237,     478.379,    478.338,
   62,      153.3,    181.186,     479.067,    479.376,
   63,      155.8,    180.995,     480.677,    480.354,
   64,      158.3,    181.230,     480.882,    481.270,
   65,      160.8,    181.215,     481.473,    482.130,
   66,      163.3,    181.281,     483.228,    482.937,
   67,      165.8,    181.281,     484.883,    483.695,
   68,      168.3,    181.222,     486.143,    484.407,
   69,      170.8,    181.244,     487.464,    485.074,
   70,      175.8,    179.739,     488.487,    488.265,
