----,
DateTime:        , 2025/11/18, 13:29:52, 1763486991887,
RFID_EPC:        ,--Not Acquired--,
RFID_UserData:   ,--Not Acquired--,
Barcode:         ,--Not Acquired--,
PIF:,            0.00,
PARs:,            0.0,     0.0,     0.0,     0.0,     0.0,     0.0,
Light:,           0.0,     0.0,     0.0,     0.0,     0.0,     0.0,
Cycles:,            1,
                    1,      69,      70,      70,
Lamps:,        #10000,
Gain:,              5,      25, 
SNR_raw:,     591.15,
Position:,        0.0,              0.0,   NoData,
DataPt,      Time(us),   EX,         EM,       Fit,
==========,==========,==========,==========,=========,
    0,        0.0,      0.000,       0.000,    143.840,
    1,        0.8,    165.288,     143.628,    146.347,
    2,        3.3,    180.078,     149.191,    149.240,
    3,        5.8,    180.310,     154.290,    152.298,
    4,        8.3,    180.374,     157.340,    155.504,
    5,       10.8,    180.258,     159.771,    158.844,
    6,       13.3,    180.387,     163.648,    162.309,
    7,       15.8,    180.374,     166.654,    165.888,
    8,       18.3,    180.477,     169.440,    169.571,
    9,       20.8,    180.503,     173.959,    173.350,
   10,       23.3,    180.567,     177.441,    177.215,
   11,       25.8,    180.618,     180.491,    181.159,
   12,       28.3,    180.721,     184.372,    185.174,
   13,       30.8,    180.554,     188.309,    189.249,
   14,       33.3,    180.657,     192.519,    193.382,
   15,       35.8,    180.644,     196.408,    197.562,
   16,       38.3,    180.657,     200.490,    201.786,
   17,       40.8,    180.683,     205.332,    206.045,
   18,       43.3,    180.709,     209.287,    210.335,
   19,       45.8,    180.824,     214.131,    214.651,
   20,       48.3,    180.683,     217.951,    218.982,
   21,       50.8,    180.863,     222.931,    223.328,
   22,       53.3,    180.670,     227.376,    227.678,
   23,       55.8,    181.017,     231.580,    232.035,
   24,       58.3,    180.953,     236.305,    236.387,
   25,       60.8,    180.966,     240.598,    240.730,
   26,       63.3,    180.991,     245.205,    245.058,
   27,       65.8,    180.979,     250.416,    249.367,
   28,       68.3,    180.863,     254.889,    253.649,
   29,       70.8,    180.927,     258.668,    257.902,
   30,       73.3,    180.786,     262.963,    262.120,
   31,       75.8,    180.837,     266.981,    266.299,
   32,       78.3,    180.914,     271.620,    270.437,
   33,       80.8,    180.901,     275.730,    274.528,
   34,       83.3,    180.824,     279.719,    278.567,
   35,       85.8,    181.043,     282.695,    282.554,
   36,       88.3,    180.914,     287.318,    286.481,
   37,       90.8,    180.889,     290.676,    290.346,
   38,       93.3,    181.017,     295.110,    294.147,
   39,       95.8,    180.940,     298.331,    297.880,
   40,       98.3,    181.069,     302.206,    301.544,
   41,      100.8,    180.991,     305.208,    305.135,
   42,      103.3,    181.146,     308.812,    308.652,
   43,      105.8,    181.081,     312.235,    312.091,
   44,      108.3,    181.017,     315.108,    315.451,
   45,      110.8,    181.004,     318.224,    318.730,
   46,      113.3,    181.030,     321.383,    321.928,
   47,      115.8,    181.081,     325.158,    325.044,
   48,      118.3,    181.094,     327.233,    328.077,
   49,      120.8,    181.069,     330.814,    331.026,
   50,      123.3,    181.120,     333.370,    333.891,
   51,      125.8,    181.043,     336.274,    336.671,
   52,      128.3,    181.107,     338.805,    339.368,
   53,      130.8,    181.159,     341.800,    341.981,
   54,      133.3,    181.146,     344.032,    344.511,
   55,      135.8,    181.030,     346.793,    346.958,
   56,      138.3,    181.210,     348.546,    349.323,
   57,      140.8,    181.081,     350.450,    351.608,
   58,      143.3,    181.184,     353.452,    353.813,
   59,      145.8,    181.043,     355.717,    355.938,
   60,      148.3,    181.120,     357.663,    357.987,
   61,      150.8,    181.120,     359.761,    359.960,
   62,      153.3,    181.184,     362.062,    361.860,
   63,      155.8,    181.120,     363.847,    363.686,
   64,      158.3,    181.249,     366.127,    365.442,
   65,      160.8,    181.197,     367.886,    367.129,
   66,      163.3,    181.287,     369.800,    368.748,
   67,      165.8,    181.300,     371.428,    370.302,
   68,      168.3,    181.300,     373.414,    371.792,
   69,      170.8,    181.120,     374.779,    373.221,
   70,      175.8,    179.834,     374.345,    375.710,
----,
DateTime:        , 2025/11/18, 13:29:53, 1763486992887,
RFID_EPC:        ,--Not Acquired--,
RFID_UserData:   ,--Not Acquired--,
Barcode:         ,--Not Acquired--,
PIF:,            0.00,
PARs:,            0.0,     0.0,     0.0,     0.0,     0.0,     0.0,
Light:,           0.0,     0.0,     0.0,     0.0,     0.0,     0.0,
Cycles:,            1,
                    1,      69,      70,      70,
Lamps:,        #10000,
Gain:,              5,      25, 
SNR_raw:,     364.13,
Position:,        0.0,              0.0,   NoData,
DataPt,      Time(us),   EX,         EM,       Fit,
==========,==========,==========,==========,=========,
    0,        0.0,      0.000,       0.000,    165.399,
    1,        0.8,    165.208,     166.093,    168.426,
    2,        3.3,    180.109,     171.887,    171.823,
    3,        5.8,    180.135,     177.201,    175.250,
    4,        8.3,    180.341,     180.436,    178.698,
    5,       10.8,    180.315,     183.235,    182.160,
    6,       13.3,    180.366,     185.400,    185.635,
    7,       15.8,    180.161,     188.720,    189.115,
    8,       18.3,    180.546,     192.527,    192.612,
    9,       20.8,    180.546,     196.293,    196.114,
   10,       23.3,    180.546,     198.952,    199.619,
   11,       25.8,    180.533,     202.733,    203.127,
   12,       28.3,    180.662,     206.574,    206.635,
   13,       30.8,    180.688,     209.533,    210.141,
   14,       33.3,    180.893,     213.385,    213.646,
   15,       35.8,    180.906,     217.018,    217.143,
   16,       38.3,    180.881,     220.366,    220.629,
   17,       40.8,    180.829,     223.526,    224.101,
   18,       43.3,    180.675,     227.370,    227.555,
   19,       45.8,    180.842,     230.809,    230.994,
   20,       48.3,    180.765,     234.448,    234.412,
   21,       50.8,    180.688,     237.758,    237.805,
   22,       53.3,    180.791,     241.384,    241.175,
   23,       55.8,    180.971,     244.239,    244.521,
   24,       58.3,    180.945,     248.473,    247.836,
   25,       60.8,    180.829,     251.508,    251.118,
   26,       63.3,    180.958,     255.308,    254.366,
   27,       65.8,    180.932,     258.108,    257.578,
   28,       68.3,    180.829,     261.352,    260.750,
   29,       70.8,    180.906,     264.778,    263.881,
   30,       73.3,    180.893,     268.224,    266.970,
   31,       75.8,    180.778,     270.609,    270.013,
   32,       78.3,    180.945,     273.564,    273.011,
   33,       80.8,    180.945,     276.217,    275.962,
   34,       83.3,    180.971,     279.272,    278.864,
   35,       85.8,    180.945,     281.412,    281.714,
   36,       88.3,    181.099,     284.375,    284.515,
   37,       90.8,    181.035,     287.237,    287.261,
   38,       93.3,    181.138,     289.724,    289.954,
   39,       95.8,    181.112,     292.747,    292.591,
   40,       98.3,    180.958,     294.323,    295.169,
   41,      100.8,    180.983,     297.486,    297.691,
   42,      103.3,    180.971,     299.386,    300.155,
   43,      105.8,    180.971,     302.812,    302.562,
   44,      108.3,    181.035,     305.576,    304.911,
   45,      110.8,    181.138,     307.390,    307.202,
   46,      113.3,    180.958,     309.022,    309.433,
   47,      115.8,    181.048,     311.189,    311.607,
   48,      118.3,    181.163,     313.308,    313.723,
   49,      120.8,    180.958,     315.322,    315.778,
   50,      123.3,    181.061,     317.573,    317.777,
   51,      125.8,    181.125,     319.448,    319.719,
   52,      128.3,    181.061,     321.439,    321.603,
   53,      130.8,    180.945,     322.529,    323.430,
   54,      133.3,    181.022,     324.822,    325.201,
   55,      135.8,    181.112,     326.538,    326.918,
   56,      138.3,    181.318,     327.822,    328.583,
   57,      140.8,    181.266,     330.122,    330.193,
   58,      143.3,    181.189,     331.366,    331.751,
   59,      145.8,    181.061,     332.927,    333.255,
   60,      148.3,    180.983,     335.058,    334.708,
   61,      150.8,    181.125,     335.901,    336.113,
   62,      153.3,    181.176,     336.909,    337.469,
   63,      155.8,    181.151,     339.717,    338.778,
   64,      158.3,    181.125,     341.091,    340.040,
   65,      160.8,    181.163,     341.460,    341.256,
   66,      163.3,    181.151,     342.919,    342.429,
   67,      165.8,    181.163,     344.992,    343.559,
   68,      168.3,    181.163,     345.544,    344.646,
   69,      170.8,    181.189,     347.261,    345.693,
   70,      175.8,    179.813,     347.137,    346.702,
----,
DateTime:        , 2025/11/18, 13:29:54, 1763486993887,
RFID_EPC:        ,--Not Acquired--,
RFID_UserData:   ,--Not Acquired--,
Barcode:         ,--Not Acquired--,
PIF:,            0.00,
PARs:,            0.0,     0.0,     0.0,     0.0,     0.0,     0.0,
Light:,           0.0,     0.0,     0.0,     0.0,     0.0,     0.0,
Cycles:,            1,
                    1,      69,      70,      70,
Lamps:,        #10000,
Gain:,              5,      25, 
SNR_raw:,     401.63,
Position:,        0.0,              0.0,   NoData,
DataPt,      Time(us),   EX,         EM,       Fit,
==========,==========,==========,==========,=========,
    0,        0.0,      0.000,       0.000,    171.883,
    1,        0.8,    165.334,     172.258,    174.865,
    2,        3.3,    180.194,     178.207,    178.134,
    3,        5.8,    180.219,     183.665,    181.421,
    4,        8.3,    180.348,     186.196,    184.725,
    5,       10.8,    180.361,     189.066,    188.040,
    6,       13.3,    180.271,     191.601,    191.362,
    7,       15.8,    180.502,     195.012,    194.693,
    8,       18.3,    180.412,     197.769,    198.025,
    9,       20.8,    180.528,     200.966,    201.358,
   10,       23.3,    180.579,     204.564,    204.688,
   11,       25.8,    180.515,     207.739,    208.011,
   12,       28.3,    180.605,     210.736,    211.326,
   13,       30.8,    180.682,     214.078,    214.631,
   14,       33.3,    180.862,     217.072,    217.923,
   15,       35.8,    180.785,     220.483,    221.198,
   16,       38.3,    180.746,     223.850,    224.451,
   17,       40.8,    180.721,     227.091,    227.682,
   18,       43.3,    180.785,     230.772,    230.888,
   19,       45.8,    180.901,     233.720,    234.069,
   20,       48.3,    180.901,     237.368,    237.221,
   21,       50.8,    180.849,     239.868,    240.339,
   22,       53.3,    181.029,     243.276,    243.426,
   23,       55.8,    181.016,     246.497,    246.476,
   24,       58.3,    180.811,     249.985,    249.485,
   25,       60.8,    180.991,     253.162,    252.456,
   26,       63.3,    180.978,     256.275,    255.385,
   27,       65.8,    181.055,     258.375,    258.271,
   28,       68.3,    180.965,     261.598,    261.111,
   29,       70.8,    180.798,     265.048,    263.901,
   30,       73.3,    181.093,     266.603,    266.648,
   31,       75.8,    180.875,     270.021,    269.342,
   32,       78.3,    180.926,     272.487,    271.986,
   33,       80.8,    180.926,     275.140,    274.579,
   34,       83.3,    181.042,     276.842,    277.120,
   35,       85.8,    180.888,     279.732,    279.607,
   36,       88.3,    181.132,     282.004,    282.043,
   37,       90.8,    181.055,     284.444,    284.423,
   38,       93.3,    180.913,     286.878,    286.747,
   39,       95.8,    181.093,     288.801,    289.018,
   40,       98.3,    180.965,     290.664,    291.233,
   41,      100.8,    180.991,     292.722,    293.392,
   42,      103.3,    181.003,     296.127,    295.496,
   43,      105.8,    181.132,     297.021,    297.546,
   44,      108.3,    181.029,     299.510,    299.539,
   45,      110.8,    181.081,     301.634,    301.479,
   46,      113.3,    181.081,     303.290,    303.364,
   47,      115.8,    181.042,     304.902,    305.194,
   48,      118.3,    181.042,     306.669,    306.971,
   49,      120.8,    180.939,     308.170,    308.694,
   50,      123.3,    181.042,     310.425,    310.366,
   51,      125.8,    181.081,     312.126,    311.987,
   52,      128.3,    181.055,     313.496,    313.556,
   53,      130.8,    181.119,     315.041,    315.076,
   54,      133.3,    180.952,     316.659,    316.546,
   55,      135.8,    181.029,     318.291,    317.968,
   56,      138.3,    181.055,     318.909,    319.343,
   57,      140.8,    181.068,     320.433,    320.672,
   58,      143.3,    181.106,     321.800,    321.956,
   59,      145.8,    180.952,     323.069,    323.195,
   60,      148.3,    181.081,     324.165,    324.391,
   61,      150.8,    181.119,     325.642,    325.545,
   62,      153.3,    181.068,     326.618,    326.657,
   63,      155.8,    181.106,     327.543,    327.730,
   64,      158.3,    181.093,     329.112,    328.763,
   65,      160.8,    181.055,     329.955,    329.759,
   66,      163.3,    181.171,     331.290,    330.718,
   67,      165.8,    181.119,     332.047,    331.641,
   68,      168.3,    181.106,     333.064,    332.529,
   69,      170.8,    181.029,     334.090,    333.383,
   70,      175.8,    179.808,     333.022,    334.334,
----,
DateTime:        , 2025/11/18, 13:29:55, 1763486994887,
RFID_EPC:        ,--Not Acquired--,
RFID_UserData:   ,--Not Acquired--,
Barcode:         ,--Not Acquired--,
PIF:,            0.00,
PARs:,            0.0,     0.0,     0.0,     0.0,     0.0,     0.0,
Light:,           0.0,     0.0,     0.0,     0.0,     0.0,     0.0,
Cycles:,            1,
                    1,      69,      70,      70,
Lamps:,        #10000,
Gain:,              5,      25, 
SNR_raw:,     391.32,
Position:,        0.0,              0.0,   NoData,
DataPt,      Time(us),   EX,         EM,       Fit,
==========,==========,==========,==========,=========,
    0,        0.0,      0.000,       0.000,    164.389,
    1,        0.8,    165.263,     164.344,    167.242,
    2,        3.3,    180.008,     170.431,    170.410,
    3,        5.8,    180.214,     176.013,    173.640,
    4,        8.3,    180.188,     178.813,    176.921,
    5,       10.8,    180.278,     181.164,    180.250,
    6,       13.3,    180.471,     184.295,    183.623,
    7,       15.8,    180.458,     187.522,    187.030,
    8,       18.3,    180.535,     190.544,    190.468,
    9,       20.8,    180.664,     193.398,    193.934,
   10,       23.3,    180.677,     197.258,    197.419,
   11,       25.8,    180.535,     200.182,    200.917,
   12,       28.3,    180.600,     203.765,    204.426,
   13,       30.8,    180.677,     207.331,    207.943,
   14,       33.3,    180.793,     211.181,    211.464,
   15,       35.8,    180.664,     214.431,    214.980,
   16,       38.3,    180.715,     217.690,    218.490,
   17,       40.8,    180.780,     221.153,    221.991,
   18,       43.3,    180.805,     224.661,    225.478,
   19,       45.8,    180.857,     228.357,    228.947,
   20,       48.3,    180.818,     231.946,    232.395,
   21,       50.8,    180.960,     235.190,    235.819,
   22,       53.3,    180.973,     238.600,    239.215,
   23,       55.8,    180.934,     242.630,    242.579,
   24,       58.3,    180.818,     245.993,    245.905,
   25,       60.8,    181.088,     250.154,    249.198,
   26,       63.3,    180.998,     252.820,    252.449,
   27,       65.8,    180.947,     256.208,    255.656,
   28,       68.3,    180.805,     260.169,    258.815,
   29,       70.8,    180.870,     262.952,    261.926,
   30,       73.3,    180.844,     265.533,    264.986,
   31,       75.8,    181.024,     268.694,    267.996,
   32,       78.3,    180.947,     272.235,    270.951,
   33,       80.8,    180.934,     274.686,    273.849,
   34,       83.3,    180.895,     277.177,    276.690,
   35,       85.8,    180.985,     279.581,    279.472,
   36,       88.3,    180.921,     282.222,    282.193,
   37,       90.8,    181.037,     284.804,    284.854,
   38,       93.3,    180.947,     287.709,    287.452,
   39,       95.8,    180.973,     289.657,    289.987,
   40,       98.3,    181.165,     292.109,    292.461,
   41,      100.8,    181.037,     294.747,    294.870,
   42,      103.3,    181.024,     296.977,    297.214,
   43,      105.8,    180.985,     299.914,    299.494,
   44,      108.3,    181.127,     301.667,    301.711,
   45,      110.8,    181.050,     304.005,    303.863,
   46,      113.3,    181.024,     305.595,    305.951,
   47,      115.8,    181.011,     307.605,    307.976,
   48,      118.3,    181.024,     309.793,    309.938,
   49,      120.8,    181.050,     311.296,    311.838,
   50,      123.3,    181.088,     313.990,    313.678,
   51,      125.8,    181.191,     315.358,    315.457,
   52,      128.3,    180.934,     316.469,    317.175,
   53,      130.8,    181.050,     318.034,    318.835,
   54,      133.3,    181.127,     319.665,    320.438,
   55,      135.8,    180.857,     322.244,    321.982,
   56,      138.3,    181.127,     322.757,    323.473,
   57,      140.8,    181.165,     324.676,    324.910,
   58,      143.3,    181.063,     326.738,    326.293,
   59,      145.8,    181.050,     327.203,    327.625,
   60,      148.3,    181.178,     328.847,    328.907,
   61,      150.8,    181.037,     330.319,    330.139,
   62,      153.3,    181.217,     331.537,    331.324,
   63,      155.8,    181.255,     332.349,    332.463,
   64,      158.3,    181.165,     334.280,    333.557,
   65,      160.8,    181.165,     334.611,    334.606,
   66,      163.3,    181.024,     336.640,    335.613,
   67,      165.8,    181.024,     337.414,    336.579,
   68,      168.3,    181.063,     338.778,    337.506,
   69,      170.8,    180.985,     339.585,    338.394,
   70,      175.8,    180.034,     338.491,    339.659,
----,
DateTime:        , 2025/11/18, 13:29:56, 1763486995888,
RFID_EPC:        ,--Not Acquired--,
RFID_UserData:   ,--Not Acquired--,
Barcode:         ,--Not Acquired--,
PIF:,            0.00,
PARs:,            0.0,     0.0,     0.0,     0.0,     0.0,     0.0,
Light:,           0.0,     0.0,     0.0,     0.0,     0.0,     0.0,
Cycles:,            1,
                    1,      69,      70,      70,
Lamps:,        #10000,
Gain:,              5,      25, 
SNR_raw:,     498.62,
Position:,        0.0,              0.0,   NoData,
DataPt,      Time(us),   EX,         EM,       Fit,
==========,==========,==========,==========,=========,
    0,        0.0,      0.000,       0.000,    159.289,
    1,        0.8,    165.276,     159.612,    162.164,
    2,        3.3,    180.073,     165.436,    165.359,
    3,        5.8,    180.356,     170.773,    168.620,
    4,        8.3,    180.240,     173.324,    171.935,
    5,       10.8,    180.446,     176.341,    175.303,
    6,       13.3,    180.395,     179.052,    178.713,
    7,       15.8,    180.356,     182.306,    182.161,
    8,       18.3,    180.395,     186.258,    185.642,
    9,       20.8,    180.575,     189.506,    189.154,
   10,       23.3,    180.665,     192.844,    192.691,
   11,       25.8,    180.755,     195.514,    196.248,
   12,       28.3,    180.600,     198.892,    199.816,
   13,       30.8,    180.845,     202.273,    203.398,
   14,       33.3,    180.832,     206.159,    206.985,
   15,       35.8,    180.729,     209.706,    210.571,
   16,       38.3,    180.716,     214.037,    214.154,
   17,       40.8,    180.652,     216.660,    217.729,
   18,       43.3,    180.780,     220.821,    221.295,
   19,       45.8,    180.793,     224.013,    224.846,
   20,       48.3,    180.832,     228.057,    228.380,
   21,       50.8,    180.665,     231.589,    231.890,
   22,       53.3,    180.896,     235.163,    235.378,
   23,       55.8,    180.973,     238.820,    238.838,
   24,       58.3,    180.986,     242.450,    242.267,
   25,       60.8,    180.870,     245.922,    245.659,
   26,       63.3,    180.922,     249.500,    249.014,
   27,       65.8,    180.973,     252.855,    252.330,
   28,       68.3,    180.935,     256.336,    255.601,
   29,       70.8,    180.729,     259.505,    258.823,
   30,       73.3,    180.999,     262.764,    262.001,
   31,       75.8,    180.935,     266.616,    265.127,
   32,       78.3,    180.973,     268.659,    268.201,
   33,       80.8,    180.922,     272.051,    271.220,
   34,       83.3,    180.883,     274.984,    274.182,
   35,       85.8,    181.115,     277.946,    277.090,
   36,       88.3,    181.012,     280.203,    279.936,
   37,       90.8,    180.935,     283.086,    282.721,
   38,       93.3,    180.922,     285.427,    285.444,
   39,       95.8,    181.102,     288.015,    288.107,
   40,       98.3,    181.089,     290.355,    290.706,
   41,      100.8,    181.012,     292.799,    293.240,
   42,      103.3,    181.012,     296.113,    295.710,
   43,      105.8,    181.153,     297.538,    298.117,
   44,      108.3,    181.076,     300.426,    300.457,
   45,      110.8,    180.973,     302.255,    302.732,
   46,      113.3,    181.153,     305.267,    304.944,
   47,      115.8,    181.179,     306.769,    307.091,
   48,      118.3,    181.140,     308.711,    309.174,
   49,      120.8,    180.947,     310.698,    311.191,
   50,      123.3,    181.063,     312.930,    313.147,
   51,      125.8,    180.986,     314.499,    315.039,
   52,      128.3,    181.243,     316.481,    316.872,
   53,      130.8,    181.089,     318.407,    318.642,
   54,      133.3,    181.153,     320.502,    320.354,
   55,      135.8,    181.192,     321.648,    322.007,
   56,      138.3,    181.192,     323.083,    323.602,
   57,      140.8,    181.089,     324.923,    325.140,
   58,      143.3,    181.089,     326.470,    326.622,
   59,      145.8,    180.960,     328.138,    328.050,
   60,      148.3,    181.127,     330.044,    329.426,
   61,      150.8,    180.935,     330.617,    330.750,
   62,      153.3,    181.025,     331.668,    332.023,
   63,      155.8,    181.025,     333.435,    333.248,
   64,      158.3,    181.063,     334.911,    334.425,
   65,      160.8,    181.102,     336.165,    335.557,
   66,      163.3,    180.973,     337.509,    336.643,
   67,      165.8,    181.076,     338.421,    337.686,
   68,      168.3,    181.127,     339.761,    338.687,
   69,      170.8,    181.089,     340.606,    339.647,
   70,      175.8,    179.816,     340.014,    340.968,
----,
DateTime:        , 2025/11/18, 13:29:57, 1763486996889,
RFID_EPC:        ,--Not Acquired--,
RFID_UserData:   ,--Not Acquired--,
Barcode:         ,--Not Acquired--,
PIF:,            0.00,
PARs:,            0.0,     0.0,     0.0,     0.0,     0.0,     0.0,
Light:,           0.0,     0.0,     0.0,     0.0,     0.0,     0.0,
Cycles:,            1,
                    1,      69,      70,      70,
Lamps:,        #10000,
Gain:,              5,      25, 
SNR_raw:,     463.91,
Position:,        0.0,              0.0,   NoData,
DataPt,      Time(us),   EX,         EM,       Fit,
==========,==========,==========,==========,=========,
    0,        0.0,      0.000,       0.000,    160.449,
    1,        0.8,    165.248,     160.850,    163.423,
    2,        3.3,    179.826,     166.670,    166.691,
    3,        5.8,    180.225,     172.008,    169.998,
    4,        8.3,    180.237,     174.991,    173.333,
    5,       10.8,    180.225,     178.111,    176.691,
    6,       13.3,    180.443,     180.334,    180.074,
    7,       15.8,    180.482,     183.841,    183.475,
    8,       18.3,    180.546,     186.435,    186.891,
    9,       20.8,    180.559,     190.520,    190.318,
   10,       23.3,    180.687,     193.483,    193.755,
   11,       25.8,    180.559,     197.055,    197.194,
   12,       28.3,    180.739,     200.178,    200.638,
   13,       30.8,    180.739,     203.277,    204.080,
   14,       33.3,    180.687,     206.987,    207.516,
   15,       35.8,    180.790,     209.967,    210.947,
   16,       38.3,    180.726,     213.694,    214.366,
   17,       40.8,    180.739,     217.220,    217.771,
   18,       43.3,    180.726,     220.555,    221.160,
   19,       45.8,    180.803,     224.001,    224.531,
   20,       48.3,    180.919,     227.174,    227.882,
   21,       50.8,    181.009,     230.928,    231.210,
   22,       53.3,    180.906,     235.039,    234.508,
   23,       55.8,    180.970,     237.056,    237.779,
   24,       58.3,    180.854,     241.410,    241.014,
   25,       60.8,    180.906,     244.547,    244.216,
   26,       63.3,    180.880,     247.346,    247.381,
   27,       65.8,    180.919,     250.941,    250.507,
   28,       68.3,    180.957,     254.756,    253.593,
   29,       70.8,    180.906,     256.819,    256.635,
   30,       73.3,    181.034,     260.171,    259.633,
   31,       75.8,    180.996,     263.321,    262.585,
   32,       78.3,    180.867,     265.720,    265.486,
   33,       80.8,    180.842,     269.075,    268.336,
   34,       83.3,    180.739,     272.105,    271.134,
   35,       85.8,    181.022,     274.774,    273.884,
   36,       88.3,    181.009,     277.224,    276.579,
   37,       90.8,    181.009,     279.544,    279.220,
   38,       93.3,    180.932,     282.206,    281.804,
   39,       95.8,    180.996,     284.095,    284.333,
   40,       98.3,    181.060,     287.087,    286.805,
   41,      100.8,    181.124,     289.304,    289.221,
   42,      103.3,    181.124,     291.733,    291.579,
   43,      105.8,    180.996,     293.819,    293.878,
   44,      108.3,    181.034,     295.745,    296.118,
   45,      110.8,    180.970,     298.171,    298.300,
   46,      113.3,    181.137,     300.214,    300.425,
   47,      115.8,    181.060,     301.668,    302.491,
   48,      118.3,    181.022,     304.384,    304.500,
   49,      120.8,    181.124,     306.530,    306.451,
   50,      123.3,    181.009,     308.272,    308.345,
   51,      125.8,    181.163,     309.445,    310.184,
   52,      128.3,    181.214,     311.565,    311.968,
   53,      130.8,    181.086,     313.332,    313.695,
   54,      133.3,    181.137,     314.899,    315.369,
   55,      135.8,    180.996,     316.692,    316.988,
   56,      138.3,    181.227,     318.495,    318.556,
   57,      140.8,    180.983,     319.698,    320.070,
   58,      143.3,    181.009,     321.421,    321.534,
   59,      145.8,    181.060,     322.876,    322.949,
   60,      148.3,    181.034,     323.916,    324.315,
   61,      150.8,    181.176,     325.430,    325.634,
   62,      153.3,    181.189,     327.062,    326.907,
   63,      155.8,    181.176,     328.189,    328.134,
   64,      158.3,    181.073,     330.033,    329.316,
   65,      160.8,    181.137,     330.688,    330.456,
   66,      163.3,    181.009,     332.028,    331.552,
   67,      165.8,    181.022,     333.441,    332.608,
   68,      168.3,    181.073,     334.230,    333.625,
   69,      170.8,    181.356,     336.024,    334.604,
   70,      175.8,    179.762,     334.999,    335.713,
----,
DateTime:        , 2025/11/18, 13:29:58, 1763486997895,
RFID_EPC:        ,--Not Acquired--,
RFID_UserData:   ,--Not Acquired--,
Barcode:         ,--Not Acquired--,
PIF:,            0.00,
PARs:,            0.0,     0.0,     0.0,     0.0,     0.0,     0.0,
Light:,           0.0,     0.0,     0.0,     0.0,     0.0,     0.0,
Cycles:,            1,
                    1,      69,      70,      70,
Lamps:,        #10000,
Gain:,              5,      25, 
SNR_raw:,     455.77,
Position:,        0.0,              0.0,   NoData,
DataPt,      Time(us),   EX,         EM,       Fit,
==========,==========,==========,==========,=========,
    0,        0.0,      0.000,       0.000,    161.947,
    1,        0.8,    165.327,     162.103,    164.851,
    2,        3.3,    180.047,     168.136,    168.054,
    3,        5.8,    180.227,     173.670,    171.300,
    4,        8.3,    180.278,     176.172,    174.581,
    5,       10.8,    180.407,     179.151,    177.893,
    6,       13.3,    180.304,     181.693,    181.229,
    7,       15.8,    180.407,     184.472,    184.587,
    8,       18.3,    180.728,     187.574,    187.968,
    9,       20.8,    180.535,     191.984,    191.359,
   10,       23.3,    180.613,     194.782,    194.759,
   11,       25.8,    180.587,     197.467,    198.165,
   12,       28.3,    180.677,     200.690,    201.574,
   13,       30.8,    180.741,     204.159,    204.982,
   14,       33.3,    180.690,     207.981,    208.384,
   15,       35.8,    180.921,     210.810,    211.781,
   16,       38.3,    180.664,     214.542,    215.161,
   17,       40.8,    180.793,     217.708,    218.529,
   18,       43.3,    180.754,     220.742,    221.878,
   19,       45.8,    180.767,     224.931,    225.205,
   20,       48.3,    180.831,     228.611,    228.510,
   21,       50.8,    180.998,     231.383,    231.790,
   22,       53.3,    180.895,     234.832,    235.039,
   23,       55.8,    180.780,     238.854,    238.253,
   24,       58.3,    180.947,     241.839,    241.435,
   25,       60.8,    180.895,     244.451,    244.580,
   26,       63.3,    180.818,     248.316,    247.683,
   27,       65.8,    180.921,     251.270,    250.747,
   28,       68.3,    180.947,     254.329,    253.767,
   29,       70.8,    180.947,     257.424,    256.741,
   30,       73.3,    181.037,     260.610,    259.669,
   31,       75.8,    181.127,     262.689,    262.550,
   32,       78.3,    180.934,     266.174,    265.377,
   33,       80.8,    180.767,     268.744,    268.150,
   34,       83.3,    180.870,     271.577,    270.871,
   35,       85.8,    181.011,     274.127,    273.539,
   36,       88.3,    180.960,     276.415,    276.152,
   37,       90.8,    181.011,     278.878,    278.709,
   38,       93.3,    180.985,     281.349,    281.209,
   39,       95.8,    181.101,     283.709,    283.652,
   40,       98.3,    181.088,     285.938,    286.038,
   41,      100.8,    180.985,     288.200,    288.364,
   42,      103.3,    181.024,     290.790,    290.632,
   43,      105.8,    181.140,     292.592,    292.843,
   44,      108.3,    180.985,     295.051,    294.993,
   45,      110.8,    181.037,     296.846,    297.086,
   46,      113.3,    180.973,     298.609,    299.120,
   47,      115.8,    180.998,     301.439,    301.096,
   48,      118.3,    181.178,     302.906,    303.016,
   49,      120.8,    181.063,     304.536,    304.879,
   50,      123.3,    181.050,     305.883,    306.685,
   51,      125.8,    181.088,     308.137,    308.436,
   52,      128.3,    180.831,     310.013,    310.129,
   53,      130.8,    180.960,     311.451,    311.770,
   54,      133.3,    181.037,     313.085,    313.358,
   55,      135.8,    180.985,     313.727,    314.894,
   56,      138.3,    181.075,     316.664,    316.378,
   57,      140.8,    181.165,     317.500,    317.813,
   58,      143.3,    181.165,     319.156,    319.198,
   59,      145.8,    181.217,     320.169,    320.536,
   60,      148.3,    181.153,     321.718,    321.826,
   61,      150.8,    181.114,     322.670,    323.069,
   62,      153.3,    181.204,     324.496,    324.268,
   63,      155.8,    181.114,     326.314,    325.423,
   64,      158.3,    181.114,     326.976,    326.535,
   65,      160.8,    180.947,     328.052,    327.605,
   66,      163.3,    181.217,     329.550,    328.636,
   67,      165.8,    180.947,     330.484,    329.627,
   68,      168.3,    181.127,     331.480,    330.580,
   69,      170.8,    181.075,     332.458,    331.496,
   70,      175.8,    179.893,     331.420,    332.647,
----,
DateTime:        , 2025/11/18, 13:29:59, 1763486998894,
RFID_EPC:        ,--Not Acquired--,
RFID_UserData:   ,--Not Acquired--,
Barcode:         ,--Not Acquired--,
PIF:,            0.00,
PARs:,            0.0,     0.0,     0.0,     0.0,     0.0,     0.0,
Light:,           0.0,     0.0,     0.0,     0.0,     0.0,     0.0,
Cycles:,            1,
                    1,      69,      70,      70,
Lamps:,        #10000,
Gain:,              5,      25, 
SNR_raw:,     459.06,
Position:,        0.0,              0.0,   NoData,
DataPt,      Time(us),   EX,         EM,       Fit,
==========,==========,==========,==========,=========,
    0,        0.0,      0.000,       0.000,    160.605,
    1,        0.8,    165.330,     160.769,    163.476,
    2,        3.3,    179.997,     166.618,    166.660,
    3,        5.8,    180.370,     171.980,    169.906,
    4,        8.3,    180.203,     175.358,    173.197,
    5,       10.8,    180.395,     177.166,    176.535,
    6,       13.3,    180.280,     180.497,    179.906,
    7,       15.8,    180.447,     183.877,    183.311,
    8,       18.3,    180.575,     186.515,    186.744,
    9,       20.8,    180.575,     190.613,    190.197,
   10,       23.3,    180.524,     193.215,    193.664,
   11,       25.8,    180.717,     196.993,    197.146,
   12,       28.3,    180.640,     200.067,    200.632,
   13,       30.8,    180.794,     203.436,    204.123,
   14,       33.3,    180.742,     206.703,    207.610,
   15,       35.8,    180.730,     210.591,    211.091,
   16,       38.3,    180.794,     213.171,    214.562,
   17,       40.8,    180.704,     217.151,    218.018,
   18,       43.3,    180.781,     221.041,    221.458,
   19,       45.8,    180.781,     224.028,    224.877,
   20,       48.3,    180.807,     227.646,    228.272,
   21,       50.8,    180.832,     231.153,    231.640,
   22,       53.3,    180.742,     234.809,    234.976,
   23,       55.8,    180.781,     238.299,    238.279,
   24,       58.3,    180.910,     241.668,    241.549,
   25,       60.8,    180.948,     245.264,    244.780,
   26,       63.3,    180.935,     248.266,    247.969,
   27,       65.8,    180.987,     251.289,    251.116,
   28,       68.3,    181.102,     255.657,    254.219,
   29,       70.8,    181.012,     257.883,    257.273,
   30,       73.3,    180.845,     261.550,    260.274,
   31,       75.8,    180.884,     263.705,    263.225,
   32,       78.3,    180.820,     267.117,    266.122,
   33,       80.8,    180.858,     269.935,    268.965,
   34,       83.3,    180.832,     272.849,    271.751,
   35,       85.8,    181.000,     274.918,    274.483,
   36,       88.3,    180.897,     277.728,    277.156,
   37,       90.8,    181.077,     280.213,    279.772,
   38,       93.3,    181.038,     282.703,    282.329,
   39,       95.8,    181.090,     284.942,    284.825,
   40,       98.3,    180.987,     286.872,    287.261,
   41,      100.8,    180.987,     289.966,    289.635,
   42,      103.3,    181.064,     291.499,    291.949,
   43,      105.8,    181.038,     294.082,    294.202,
   44,      108.3,    180.974,     295.844,    296.394,
   45,      110.8,    180.845,     297.934,    298.523,
   46,      113.3,    181.038,     300.600,    300.594,
   47,      115.8,    181.128,     302.328,    302.606,
   48,      118.3,    181.090,     304.049,    304.558,
   49,      120.8,    181.038,     306.013,    306.450,
   50,      123.3,    181.128,     307.959,    308.285,
   51,      125.8,    181.064,     309.725,    310.061,
   52,      128.3,    181.141,     311.249,    311.782,
   53,      130.8,    181.000,     312.818,    313.446,
   54,      133.3,    181.051,     315.049,    315.055,
   55,      135.8,    181.205,     316.326,    316.611,
   56,      138.3,    181.064,     318.009,    318.114,
   57,      140.8,    181.090,     319.952,    319.564,
   58,      143.3,    181.154,     320.391,    320.965,
   59,      145.8,    181.154,     321.936,    322.315,
   60,      148.3,    181.000,     323.095,    323.617,
   61,      150.8,    181.179,     325.092,    324.872,
   62,      153.3,    181.012,     326.607,    326.081,
   63,      155.8,    181.334,     327.904,    327.246,
   64,      158.3,    181.115,     328.410,    328.366,
   65,      160.8,    181.077,     329.805,    329.444,
   66,      163.3,    181.102,     331.083,    330.481,
   67,      165.8,    181.128,     332.472,    331.478,
   68,      168.3,    181.205,     333.213,    332.436,
   69,      170.8,    181.128,     334.680,    333.357,
   70,      175.8,    179.907,     334.062,    334.663,
----,
DateTime:        , 2025/11/18, 13:30:00, 1763486999895,
RFID_EPC:        ,--Not Acquired--,
RFID_UserData:   ,--Not Acquired--,
Barcode:         ,--Not Acquired--,
PIF:,            0.00,
PARs:,            0.0,     0.0,     0.0,     0.0,     0.0,     0.0,
Light:,           0.0,     0.0,     0.0,     0.0,     0.0,     0.0,
Cycles:,            1,
                    1,      69,      70,      70,
Lamps:,        #10000,
Gain:,              5,      25, 
SNR_raw:,     387.70,
Position:,        0.0,              0.0,   NoData,
DataPt,      Time(us),   EX,         EM,       Fit,
==========,==========,==========,==========,=========,
    0,        0.0,      0.000,       0.000,    160.955,
    1,        0.8,    165.325,     161.137,    163.687,
    2,        3.3,    180.082,     166.774,    166.737,
    3,        5.8,    180.172,     171.947,    169.858,
    4,        8.3,    180.108,     175.006,    173.041,
    5,       10.8,    180.339,     177.333,    176.283,
    6,       13.3,    180.365,     180.190,    179.574,
    7,       15.8,    180.442,     182.995,    182.908,
    8,       18.3,    180.493,     186.046,    186.278,
    9,       20.8,    180.609,     189.248,    189.680,
   10,       23.3,    180.751,     192.863,    193.109,
   11,       25.8,    180.635,     196.529,    196.554,
   12,       28.3,    180.648,     199.394,    200.014,
   13,       30.8,    180.673,     203.129,    203.484,
   14,       33.3,    180.751,     206.030,    206.960,
   15,       35.8,    180.622,     210.273,    210.433,
   16,       38.3,    180.789,     212.955,    213.906,
   17,       40.8,    180.815,     216.465,    217.371,
   18,       43.3,    180.841,     219.862,    220.824,
   19,       45.8,    180.853,     223.275,    224.261,
   20,       48.3,    180.802,     227.431,    227.678,
   21,       50.8,    180.905,     230.619,    231.073,
   22,       53.3,    180.815,     233.830,    234.441,
   23,       55.8,    180.931,     237.771,    237.780,
   24,       58.3,    180.763,     241.089,    241.084,
   25,       60.8,    180.828,     244.874,    244.354,
   26,       63.3,    180.995,     248.847,    247.587,
   27,       65.8,    181.008,     251.260,    250.779,
   28,       68.3,    180.956,     254.758,    253.927,
   29,       70.8,    180.905,     257.484,    257.028,
   30,       73.3,    181.072,     261.001,    260.082,
   31,       75.8,    180.982,     263.783,    263.085,
   32,       78.3,    180.943,     266.824,    266.036,
   33,       80.8,    180.828,     269.870,    268.931,
   34,       83.3,    180.995,     273.157,    271.772,
   35,       85.8,    180.905,     275.172,    274.555,
   36,       88.3,    180.841,     278.035,    277.280,
   37,       90.8,    181.046,     280.702,    279.947,
   38,       93.3,    180.853,     282.771,    282.553,
   39,       95.8,    181.123,     284.778,    285.100,
   40,       98.3,    181.046,     286.999,    287.585,
   41,      100.8,    181.123,     289.968,    290.008,
   42,      103.3,    181.085,     292.239,    292.369,
   43,      105.8,    181.008,     293.689,    294.667,
   44,      108.3,    181.020,     296.320,    296.902,
   45,      110.8,    181.020,     298.861,    299.075,
   46,      113.3,    180.918,     301.131,    301.185,
   47,      115.8,    180.918,     302.679,    303.232,
   48,      118.3,    181.033,     305.469,    305.220,
   49,      120.8,    181.072,     306.950,    307.146,
   50,      123.3,    181.098,     308.563,    309.013,
   51,      125.8,    181.136,     310.264,    310.820,
   52,      128.3,    180.995,     312.274,    312.567,
   53,      130.8,    181.239,     313.950,    314.259,
   54,      133.3,    181.110,     315.940,    315.892,
   55,      135.8,    181.098,     317.177,    317.469,
   56,      138.3,    181.059,     318.349,    318.992,
   57,      140.8,    181.008,     319.987,    320.460,
   58,      143.3,    180.995,     321.888,    321.876,
   59,      145.8,    181.188,     322.759,    323.241,
   60,      148.3,    181.085,     324.599,    324.555,
   61,      150.8,    181.162,     326.007,    325.821,
   62,      153.3,    180.995,     327.634,    327.039,
   63,      155.8,    181.098,     328.663,    328.210,
   64,      158.3,    181.200,     330.352,    329.337,
   65,      160.8,    181.252,     330.921,    330.420,
   66,      163.3,    181.098,     331.534,    331.460,
   67,      165.8,    181.162,     333.183,    332.459,
   68,      168.3,    181.188,     334.129,    333.419,
   69,      170.8,    181.046,     335.826,    334.339,
   70,      175.8,    179.941,     334.555,    335.718,
----,
DateTime:        , 2025/11/18, 13:30:01, 1763487000894,
RFID_EPC:        ,--Not Acquired--,
RFID_UserData:   ,--Not Acquired--,
Barcode:         ,--Not Acquired--,
PIF:,            0.00,
PARs:,            0.0,     0.0,     0.0,     0.0,     0.0,     0.0,
Light:,           0.0,     0.0,     0.0,     0.0,     0.0,     0.0,
Cycles:,            1,
                    1,      69,      70,      70,
Lamps:,        #10000,
Gain:,              5,      25, 
SNR_raw:,     450.68,
Position:,        0.0,              0.0,   NoData,
DataPt,      Time(us),   EX,         EM,       Fit,
==========,==========,==========,==========,=========,
    0,        0.0,      0.000,       0.000,    160.317,
    1,        0.8,    165.265,     160.348,    163.187,
    2,        3.3,    180.051,     166.324,    166.361,
    3,        5.8,    180.205,     171.804,    169.585,
    4,        8.3,    180.256,     174.307,    172.852,
    5,       10.8,    180.385,     177.509,    176.158,
    6,       13.3,    180.539,     180.238,    179.499,
    7,       15.8,    180.526,     183.796,    182.867,
    8,       18.3,    180.462,     186.189,    186.258,
    9,       20.8,    180.552,     189.751,    189.670,
   10,       23.3,    180.681,     192.273,    193.099,
   11,       25.8,    180.694,     195.801,    196.540,
   12,       28.3,    180.539,     199.624,    199.986,
   13,       30.8,    180.604,     202.875,    203.436,
   14,       33.3,    180.642,     206.153,    206.886,
   15,       35.8,    180.745,     210.020,    210.335,
   16,       38.3,    180.809,     212.821,    213.777,
   17,       40.8,    180.681,     216.182,    217.207,
   18,       43.3,    180.758,     220.184,    220.623,
   19,       45.8,    180.848,     223.282,    224.023,
   20,       48.3,    180.822,     226.300,    227.402,
   21,       50.8,    180.925,     230.482,    230.759,
   22,       53.3,    180.874,     233.865,    234.089,
   23,       55.8,    180.912,     236.911,    237.389,
   24,       58.3,    180.835,     241.104,    240.655,
   25,       60.8,    180.848,     244.073,    243.886,
   26,       63.3,    180.822,     247.425,    247.079,
   27,       65.8,    180.784,     251.018,    250.231,
   28,       68.3,    181.028,     254.104,    253.344,
   29,       70.8,    180.899,     256.828,    256.410,
   30,       73.3,    180.925,     260.771,    259.430,
   31,       75.8,    180.989,     263.551,    262.401,
   32,       78.3,    181.041,     265.576,    265.323,
   33,       80.8,    181.015,     269.259,    268.192,
   34,       83.3,    181.015,     271.911,    271.007,
   35,       85.8,    180.951,     274.550,    273.766,
   36,       88.3,    180.912,     277.593,    276.468,
   37,       90.8,    180.861,     279.552,    279.113,
   38,       93.3,    180.706,     282.226,    281.697,
   39,       95.8,    181.079,     284.295,    284.226,
   40,       98.3,    180.964,     286.466,    286.694,
   41,      100.8,    181.144,     288.611,    289.105,
   42,      103.3,    180.951,     291.129,    291.452,
   43,      105.8,    181.041,     293.415,    293.740,
   44,      108.3,    180.964,     295.640,    295.966,
   45,      110.8,    181.144,     297.775,    298.133,
   46,      113.3,    181.182,     299.919,    300.240,
   47,      115.8,    181.105,     301.703,    302.286,
   48,      118.3,    181.054,     303.667,    304.271,
   49,      120.8,    181.028,     305.809,    306.196,
   50,      123.3,    181.131,     307.292,    308.063,
   51,      125.8,    181.066,     309.721,    309.872,
   52,      128.3,    181.144,     311.355,    311.624,
   53,      130.8,    181.131,     313.254,    313.318,
   54,      133.3,    181.156,     314.976,    314.957,
   55,      135.8,    181.169,     316.058,    316.541,
   56,      138.3,    181.041,     317.608,    318.071,
   57,      140.8,    181.234,     319.698,    319.548,
   58,      143.3,    181.092,     320.831,    320.973,
   59,      145.8,    181.041,     322.579,    322.347,
   60,      148.3,    181.015,     323.178,    323.672,
   61,      150.8,    181.066,     325.184,    324.948,
   62,      153.3,    181.144,     326.481,    326.177,
   63,      155.8,    181.195,     327.382,    327.361,
   64,      158.3,    181.079,     328.696,    328.500,
   65,      160.8,    181.221,     330.315,    329.596,
   66,      163.3,    181.118,     331.497,    330.649,
   67,      165.8,    181.092,     331.986,    331.661,
   68,      168.3,    181.079,     334.108,    332.633,
   69,      170.8,    181.131,     334.565,    333.567,
   70,      175.8,    179.794,     333.605,    334.780,
----,
DateTime:        , 2025/11/18, 13:30:02, 1763487001896,
RFID_EPC:        ,--Not Acquired--,
RFID_UserData:   ,--Not Acquired--,
Barcode:         ,--Not Acquired--,
PIF:,            0.00,
PARs:,            0.0,     0.0,     0.0,     0.0,     0.0,     0.0,
Light:,           0.0,     0.0,     0.0,     0.0,     0.0,     0.0,
Cycles:,            1,
                    1,      69,      70,      70,
Lamps:,        #10000,
Gain:,              5,      25, 
SNR_raw:,     322.23,
Position:,        0.0,              0.0,   NoData,
DataPt,      Time(us),   EX,         EM,       Fit,
==========,==========,==========,==========,=========,
    0,        0.0,      0.000,       0.000,    159.741,
    1,        0.8,    165.422,     160.680,    162.715,
    2,        3.3,    180.092,     166.592,    165.997,
    3,        5.8,    180.092,     172.023,    169.321,
    4,        8.3,    180.311,     174.476,    172.684,
    5,       10.8,    180.337,     177.446,    176.078,
    6,       13.3,    180.247,     179.754,    179.495,
    7,       15.8,    180.568,     183.421,    182.937,
    8,       18.3,    180.722,     186.142,    186.396,
    9,       20.8,    180.594,     189.264,    189.865,
   10,       23.3,    180.452,     192.738,    193.336,
   11,       25.8,    180.645,     195.853,    196.814,
   12,       28.3,    180.710,     199.325,    200.292,
   13,       30.8,    180.684,     203.117,    203.765,
   14,       33.3,    180.800,     206.638,    207.231,
   15,       35.8,    180.697,     209.633,    210.685,
   16,       38.3,    181.005,     213.585,    214.129,
   17,       40.8,    180.812,     216.578,    217.552,
   18,       43.3,    180.928,     220.198,    220.956,
   19,       45.8,    180.825,     223.309,    224.336,
   20,       48.3,    180.825,     227.181,    227.689,
   21,       50.8,    180.800,     229.978,    231.013,
   22,       53.3,    180.941,     233.115,    234.308,
   23,       55.8,    180.800,     237.722,    237.566,
   24,       58.3,    180.864,     240.512,    240.790,
   25,       60.8,    180.902,     244.773,    243.976,
   26,       63.3,    181.018,     247.489,    247.124,
   27,       65.8,    181.031,     251.670,    250.229,
   28,       68.3,    181.108,     253.550,    253.292,
   29,       70.8,    181.044,     257.396,    256.307,
   30,       73.3,    180.992,     259.679,    259.274,
   31,       75.8,    180.838,     262.887,    262.190,
   32,       78.3,    180.864,     266.167,    265.055,
   33,       80.8,    180.851,     269.282,    267.868,
   34,       83.3,    180.851,     271.826,    270.629,
   35,       85.8,    180.851,     274.369,    273.335,
   36,       88.3,    180.915,     277.146,    275.987,
   37,       90.8,    181.134,     278.578,    278.587,
   38,       93.3,    180.890,     280.834,    281.127,
   39,       95.8,    181.108,     282.925,    283.612,
   40,       98.3,    181.095,     286.148,    286.041,
   41,      100.8,    181.057,     288.528,    288.411,
   42,      103.3,    180.851,     290.958,    290.721,
   43,      105.8,    180.954,     292.782,    292.974,
   44,      108.3,    181.134,     294.478,    295.171,
   45,      110.8,    181.057,     297.255,    297.309,
   46,      113.3,    181.070,     298.891,    299.390,
   47,      115.8,    181.057,     300.900,    301.413,
   48,      118.3,    181.147,     303.069,    303.381,
   49,      120.8,    181.057,     305.540,    305.291,
   50,      123.3,    181.082,     306.822,    307.145,
   51,      125.8,    181.070,     309.273,    308.944,
   52,      128.3,    181.070,     310.378,    310.688,
   53,      130.8,    181.005,     312.256,    312.378,
   54,      133.3,    181.005,     313.913,    314.015,
   55,      135.8,    181.044,     315.283,    315.600,
   56,      138.3,    180.915,     316.612,    317.132,
   57,      140.8,    180.890,     318.758,    318.615,
   58,      143.3,    181.262,     319.537,    320.050,
   59,      145.8,    181.147,     321.397,    321.436,
   60,      148.3,    181.018,     322.841,    322.774,
   61,      150.8,    181.237,     323.555,    324.067,
   62,      153.3,    181.108,     325.551,    325.315,
   63,      155.8,    181.070,     326.836,    326.518,
   64,      158.3,    180.915,     327.999,    327.677,
   65,      160.8,    181.005,     329.935,    328.795,
   66,      163.3,    181.160,     329.985,    329.872,
   67,      165.8,    181.082,     331.672,    330.910,
   68,      168.3,    181.108,     332.398,    331.910,
   69,      170.8,    180.992,     333.605,    332.871,
   70,      175.8,    179.964,     332.511,    334.031,
----,
DateTime:        , 2025/11/18, 13:30:03, 1763487002898,
RFID_EPC:        ,--Not Acquired--,
RFID_UserData:   ,--Not Acquired--,
Barcode:         ,--Not Acquired--,
PIF:,            0.00,
PARs:,            0.0,     0.0,     0.0,     0.0,     0.0,     0.0,
Light:,           0.0,     0.0,     0.0,     0.0,     0.0,     0.0,
Cycles:,            1,
                    1,      69,      70,      70,
Lamps:,        #10000,
Gain:,              5,      25, 
SNR_raw:,     445.43,
Position:,        0.0,              0.0,   NoData,
DataPt,      Time(us),   EX,         EM,       Fit,
==========,==========,==========,==========,=========,
    0,        0.0,      0.000,       0.000,    158.578,
    1,        0.8,    165.189,     159.575,    161.571,
    2,        3.3,    179.910,     164.995,    164.927,
    3,        5.8,    180.154,     169.966,    168.317,
    4,        8.3,    180.372,     173.419,    171.727,
    5,       10.8,    180.192,     176.367,    175.147,
    6,       13.3,    180.321,     180.012,    178.581,
    7,       15.8,    180.552,     182.662,    182.028,
    8,       18.3,    180.591,     185.281,    185.482,
    9,       20.8,    180.578,     188.616,    188.941,
   10,       23.3,    180.424,     191.882,    192.399,
   11,       25.8,    180.552,     195.068,    195.860,
   12,       28.3,    180.514,     198.212,    199.317,
   13,       30.8,    180.732,     201.845,    202.773,
   14,       33.3,    180.565,     205.134,    206.218,
   15,       35.8,    180.694,     208.640,    209.656,
   16,       38.3,    180.707,     212.167,    213.081,
   17,       40.8,    180.809,     215.918,    216.492,
   18,       43.3,    181.028,     219.745,    219.890,
   19,       45.8,    180.938,     223.281,    223.265,
   20,       48.3,    180.822,     226.852,    226.615,
   21,       50.8,    180.720,     229.859,    229.937,
   22,       53.3,    180.707,     233.196,    233.231,
   23,       55.8,    180.835,     236.901,    236.497,
   24,       58.3,    180.835,     239.887,    239.729,
   25,       60.8,    180.848,     242.524,    242.927,
   26,       63.3,    180.951,     246.586,    246.088,
   27,       65.8,    180.899,     249.420,    249.208,
   28,       68.3,    180.964,     252.205,    252.287,
   29,       70.8,    181.015,     255.669,    255.323,
   30,       73.3,    181.002,     258.781,    258.313,
   31,       75.8,    180.912,     262.005,    261.254,
   32,       78.3,    180.964,     264.804,    264.146,
   33,       80.8,    180.874,     267.922,    266.985,
   34,       83.3,    180.989,     270.513,    269.774,
   35,       85.8,    180.848,     273.047,    272.507,
   36,       88.3,    180.964,     275.967,    275.186,
   37,       90.8,    180.912,     278.146,    277.809,
   38,       93.3,    180.964,     280.609,    280.375,
   39,       95.8,    181.041,     283.361,    282.885,
   40,       98.3,    181.118,     285.670,    285.338,
   41,      100.8,    180.951,     287.592,    287.729,
   42,      103.3,    180.989,     289.741,    290.062,
   43,      105.8,    181.118,     292.296,    292.337,
   44,      108.3,    180.874,     294.238,    294.549,
   45,      110.8,    180.977,     296.060,    296.703,
   46,      113.3,    181.041,     298.607,    298.798,
   47,      115.8,    181.221,     300.628,    300.835,
   48,      118.3,    181.092,     302.498,    302.812,
   49,      120.8,    181.092,     304.265,    304.731,
   50,      123.3,    181.067,     306.407,    306.591,
   51,      125.8,    181.259,     308.067,    308.395,
   52,      128.3,    181.234,     309.986,    310.142,
   53,      130.8,    181.208,     312.017,    311.833,
   54,      133.3,    181.041,     312.968,    313.467,
   55,      135.8,    181.067,     314.028,    315.047,
   56,      138.3,    181.105,     316.612,    316.573,
   57,      140.8,    181.015,     317.763,    318.047,
   58,      143.3,    181.221,     319.168,    319.471,
   59,      145.8,    181.208,     320.405,    320.844,
   60,      148.3,    181.105,     322.575,    322.167,
   61,      150.8,    181.118,     323.325,    323.443,
   62,      153.3,    181.182,     324.866,    324.672,
   63,      155.8,    181.144,     325.929,    325.855,
   64,      158.3,    181.041,     327.329,    326.993,
   65,      160.8,    181.221,     328.880,    328.088,
   66,      163.3,    181.182,     329.502,    329.141,
   67,      165.8,    181.169,     330.519,    330.154,
   68,      168.3,    181.221,     331.419,    331.127,
   69,      170.8,    181.041,     332.853,    332.060,
   70,      175.8,    179.987,     332.691,    332.960,
----,
DateTime:        , 2025/11/18, 13:30:04, 1763487003902,
RFID_EPC:        ,--Not Acquired--,
RFID_UserData:   ,--Not Acquired--,
Barcode:         ,--Not Acquired--,
PIF:,            0.00,
PARs:,            0.0,     0.0,     0.0,     0.0,     0.0,     0.0,
Light:,           0.0,     0.0,     0.0,     0.0,     0.0,     0.0,
Cycles:,            1,
                    1,      69,      70,      70,
Lamps:,        #10000,
Gain:,              5,      25, 
SNR_raw:,     419.32,
Position:,        0.0,              0.0,   NoData,
DataPt,      Time(us),   EX,         EM,       Fit,
==========,==========,==========,==========,=========,
    0,        0.0,      0.000,       0.000,    159.419,
    1,        0.8,    165.348,     159.543,    162.250,
    2,        3.3,    180.040,     165.415,    165.383,
    3,        5.8,    180.207,     170.803,    168.568,
    4,        8.3,    180.246,     173.430,    171.797,
    5,       10.8,    180.400,     176.164,    175.069,
    6,       13.3,    180.297,     178.816,    178.372,
    7,       15.8,    180.644,     182.458,    181.711,
    8,       18.3,    180.490,     185.273,    185.072,
    9,       20.8,    180.542,     188.433,    188.455,
   10,       23.3,    180.554,     190.857,    191.854,
   11,       25.8,    180.747,     194.636,    195.269,
   12,       28.3,    180.554,     198.389,    198.688,
   13,       30.8,    180.811,     201.315,    202.117,
   14,       33.3,    180.722,     204.403,    205.544,
   15,       35.8,    180.837,     208.254,    208.971,
   16,       38.3,    180.696,     211.737,    212.388,
   17,       40.8,    180.683,     215.073,    215.795,
   18,       43.3,    180.709,     218.584,    219.189,
   19,       45.8,    180.632,     222.110,    222.565,
   20,       48.3,    180.683,     225.810,    225.921,
   21,       50.8,    180.773,     229.127,    229.256,
   22,       53.3,    180.889,     233.072,    232.566,
   23,       55.8,    180.953,     235.420,    235.848,
   24,       58.3,    180.876,     239.280,    239.096,
   25,       60.8,    180.927,     242.418,    242.310,
   26,       63.3,    180.901,     245.880,    245.487,
   27,       65.8,    180.953,     249.236,    248.624,
   28,       68.3,    180.863,     252.125,    251.718,
   29,       70.8,    180.889,     255.627,    254.767,
   30,       73.3,    180.914,     258.686,    257.770,
   31,       75.8,    180.786,     261.304,    260.722,
   32,       78.3,    180.901,     264.011,    263.626,
   33,       80.8,    180.927,     267.732,    266.478,
   34,       83.3,    180.979,     270.087,    269.277,
   35,       85.8,    181.120,     272.858,    272.023,
   36,       88.3,    180.889,     274.865,    274.710,
   37,       90.8,    181.043,     278.056,    277.341,
   38,       93.3,    181.030,     279.622,    279.914,
   39,       95.8,    180.927,     282.102,    282.427,
   40,       98.3,    180.953,     284.826,    284.880,
   41,      100.8,    181.107,     286.902,    287.275,
   42,      103.3,    181.094,     289.242,    289.609,
   43,      105.8,    180.863,     292.155,    291.880,
   44,      108.3,    180.876,     293.461,    294.091,
   45,      110.8,    181.069,     295.910,    296.243,
   46,      113.3,    181.043,     298.051,    298.334,
   47,      115.8,    181.094,     300.396,    300.365,
   48,      118.3,    181.171,     302.034,    302.336,
   49,      120.8,    181.107,     303.467,    304.248,
   50,      123.3,    181.094,     305.587,    306.101,
   51,      125.8,    180.953,     307.594,    307.894,
   52,      128.3,    181.056,     309.628,    309.630,
   53,      130.8,    181.094,     311.661,    311.311,
   54,      133.3,    181.274,     312.565,    312.936,
   55,      135.8,    181.120,     314.598,    314.506,
   56,      138.3,    181.133,     315.901,    316.022,
   57,      140.8,    181.081,     317.095,    317.484,
   58,      143.3,    181.107,     318.485,    318.896,
   59,      145.8,    181.159,     319.941,    320.256,
   60,      148.3,    181.081,     321.734,    321.567,
   61,      150.8,    181.197,     322.963,    322.831,
   62,      153.3,    181.133,     324.403,    324.047,
   63,      155.8,    181.171,     325.327,    325.217,
   64,      158.3,    181.120,     326.524,    326.343,
   65,      160.8,    181.171,     328.308,    327.426,
   66,      163.3,    181.120,     328.511,    328.466,
   67,      165.8,    181.146,     330.231,    329.465,
   68,      168.3,    181.171,     331.288,    330.426,
   69,      170.8,    181.210,     332.211,    331.347,
   70,      175.8,    179.847,     331.392,    332.552,
----,
DateTime:        , 2025/11/18, 13:30:05, 1763487004903,
RFID_EPC:        ,--Not Acquired--,
RFID_UserData:   ,--Not Acquired--,
Barcode:         ,--Not Acquired--,
PIF:,            0.00,
PARs:,            0.0,     0.0,     0.0,     0.0,     0.0,     0.0,
Light:,           0.0,     0.0,     0.0,     0.0,     0.0,     0.0,
Cycles:,            1,
                    1,      69,      70,      70,
Lamps:,        #10000,
Gain:,              5,      25, 
SNR_raw:,     461.83,
Position:,        0.0,              0.0,   NoData,
DataPt,      Time(us),   EX,         EM,       Fit,
==========,==========,==========,==========,=========,
    0,        0.0,      0.000,       0.000,    159.473,
    1,        0.8,    165.412,     159.723,    162.257,
    2,        3.3,    180.223,     165.444,    165.350,
    3,        5.8,    180.325,     170.691,    168.501,
    4,        8.3,    180.235,     173.329,    171.702,
    5,       10.8,    180.313,     176.139,    174.947,
    6,       13.3,    180.492,     178.733,    178.234,
    7,       15.8,    180.505,     181.490,    181.554,
    8,       18.3,    180.467,     184.743,    184.900,
    9,       20.8,    180.518,     187.903,    188.268,
   10,       23.3,    180.724,     191.452,    191.658,
   11,       25.8,    180.647,     194.523,    195.059,
   12,       28.3,    180.762,     197.829,    198.470,
   13,       30.8,    180.775,     201.466,    201.885,
   14,       33.3,    180.788,     204.881,    205.300,
   15,       35.8,    180.904,     208.287,    208.713,
   16,       38.3,    180.840,     211.347,    212.117,
   17,       40.8,    180.852,     214.871,    215.510,
   18,       43.3,    180.788,     218.266,    218.886,
   19,       45.8,    180.698,     222.028,    222.243,
   20,       48.3,    180.814,     224.872,    225.579,
   21,       50.8,    180.762,     228.477,    228.890,
   22,       53.3,    180.878,     231.979,    232.175,
   23,       55.8,    180.968,     235.511,    235.430,
   24,       58.3,    180.942,     238.971,    238.651,
   25,       60.8,    180.917,     241.769,    241.835,
   26,       63.3,    180.942,     245.161,    244.980,
   27,       65.8,    180.904,     248.640,    248.084,
   28,       68.3,    181.110,     251.560,    251.147,
   29,       70.8,    180.942,     255.330,    254.162,
   30,       73.3,    181.007,     258.001,    257.131,
   31,       75.8,    180.878,     260.728,    260.048,
   32,       78.3,    180.930,     264.081,    262.915,
   33,       80.8,    180.724,     266.705,    265.726,
   34,       83.3,    180.865,     268.708,    268.486,
   35,       85.8,    180.865,     271.362,    271.190,
   36,       88.3,    180.917,     274.270,    273.839,
   37,       90.8,    180.891,     276.852,    276.430,
   38,       93.3,    180.904,     279.264,    278.964,
   39,       95.8,    180.994,     281.446,    281.439,
   40,       98.3,    181.007,     283.746,    283.856,
   41,      100.8,    181.071,     286.296,    286.214,
   42,      103.3,    180.942,     288.600,    288.511,
   43,      105.8,    181.148,     290.260,    290.750,
   44,      108.3,    181.032,     292.986,    292.928,
   45,      110.8,    181.032,     294.975,    295.045,
   46,      113.3,    180.865,     296.685,    297.102,
   47,      115.8,    181.122,     298.472,    299.102,
   48,      118.3,    181.032,     300.720,    301.043,
   49,      120.8,    181.058,     302.444,    302.925,
   50,      123.3,    180.942,     304.517,    304.748,
   51,      125.8,    181.110,     306.223,    306.516,
   52,      128.3,    181.187,     307.638,    308.228,
   53,      130.8,    181.148,     309.250,    309.884,
   54,      133.3,    180.981,     311.966,    311.485,
   55,      135.8,    181.097,     312.982,    313.033,
   56,      138.3,    181.200,     314.018,    314.529,
   57,      140.8,    181.020,     315.877,    315.972,
   58,      143.3,    181.084,     317.311,    317.365,
   59,      145.8,    181.110,     318.592,    318.709,
   60,      148.3,    180.942,     320.433,    320.004,
   61,      150.8,    181.148,     321.063,    321.252,
   62,      153.3,    180.955,     322.068,    322.454,
   63,      155.8,    181.110,     323.671,    323.612,
   64,      158.3,    181.032,     325.025,    324.726,
   65,      160.8,    181.020,     326.815,    325.798,
   66,      163.3,    181.174,     327.310,    326.830,
   67,      165.8,    181.071,     329.153,    327.821,
   68,      168.3,    181.084,     329.350,    328.773,
   69,      170.8,    181.148,     330.889,    329.689,
   70,      175.8,    179.901,     330.181,    330.971,
----,
DateTime:        , 2025/11/18, 13:30:06, 1763487005906,
RFID_EPC:        ,--Not Acquired--,
RFID_UserData:   ,--Not Acquired--,
Barcode:         ,--Not Acquired--,
PIF:,            0.00,
PARs:,            0.0,     0.0,     0.0,     0.0,     0.0,     0.0,
Light:,           0.0,     0.0,     0.0,     0.0,     0.0,     0.0,
Cycles:,            1,
                    1,      69,      70,      70,
Lamps:,        #10000,
Gain:,              5,      25, 
SNR_raw:,     358.34,
Position:,        0.0,              0.0,   NoData,
DataPt,      Time(us),   EX,         EM,       Fit,
==========,==========,==========,==========,=========,
    0,        0.0,      0.000,       0.000,    159.379,
    1,        0.8,    165.391,     159.622,    162.043,
    2,        3.3,    179.996,     165.321,    165.030,
    3,        5.8,    180.241,     170.550,    168.102,
    4,        8.3,    180.241,     172.769,    171.246,
    5,       10.8,    180.446,     175.565,    174.454,
    6,       13.3,    180.434,     178.681,    177.713,
    7,       15.8,    180.485,     180.846,    181.015,
    8,       18.3,    180.562,     184.535,    184.353,
    9,       20.8,    180.549,     187.207,    187.718,
   10,       23.3,    180.575,     190.281,    191.106,
   11,       25.8,    180.601,     194.019,    194.508,
   12,       28.3,    180.614,     196.995,    197.921,
   13,       30.8,    180.691,     200.896,    201.338,
   14,       33.3,    180.819,     203.850,    204.758,
   15,       35.8,    180.935,     207.920,    208.174,
   16,       38.3,    180.806,     211.276,    211.578,
   17,       40.8,    180.716,     214.480,    214.968,
   18,       43.3,    180.935,     217.758,    218.344,
   19,       45.8,    180.832,     220.204,    221.698,
   20,       48.3,    180.806,     224.992,    225.028,
   21,       50.8,    180.858,     227.582,    228.331,
   22,       53.3,    180.948,     230.785,    231.605,
   23,       55.8,    180.832,     234.582,    234.844,
   24,       58.3,    180.794,     238.504,    238.047,
   25,       60.8,    180.999,     240.995,    241.215,
   26,       63.3,    180.974,     245.008,    244.342,
   27,       65.8,    180.986,     247.974,    247.427,
   28,       68.3,    180.884,     250.990,    250.465,
   29,       70.8,    181.102,     254.111,    253.460,
   30,       73.3,    180.909,     257.146,    256.403,
   31,       75.8,    180.794,     260.297,    259.296,
   32,       78.3,    180.935,     263.520,    262.138,
   33,       80.8,    180.974,     266.227,    264.929,
   34,       83.3,    180.845,     268.628,    267.664,
   35,       85.8,    180.832,     271.412,    270.344,
   36,       88.3,    180.961,     273.872,    272.970,
   37,       90.8,    180.999,     275.913,    275.539,
   38,       93.3,    181.064,     278.245,    278.052,
   39,       95.8,    181.038,     280.604,    280.507,
   40,       98.3,    181.038,     283.256,    282.904,
   41,      100.8,    180.999,     284.421,    285.243,
   42,      103.3,    181.205,     287.520,    287.525,
   43,      105.8,    181.102,     289.450,    289.747,
   44,      108.3,    180.948,     291.355,    291.910,
   45,      110.8,    180.948,     293.676,    294.014,
   46,      113.3,    180.961,     295.534,    296.061,
   47,      115.8,    180.935,     297.344,    298.050,
   48,      118.3,    181.064,     299.895,    299.982,
   49,      120.8,    181.076,     301.641,    301.859,
   50,      123.3,    181.089,     303.165,    303.679,
   51,      125.8,    181.089,     305.374,    305.444,
   52,      128.3,    180.935,     306.630,    307.154,
   53,      130.8,    180.948,     308.155,    308.810,
   54,      133.3,    180.974,     310.101,    310.413,
   55,      135.8,    180.948,     312.355,    311.964,
   56,      138.3,    181.038,     313.415,    313.465,
   57,      140.8,    181.076,     315.005,    314.916,
   58,      143.3,    181.256,     316.016,    316.318,
   59,      145.8,    181.179,     317.255,    317.673,
   60,      148.3,    180.974,     319.163,    318.979,
   61,      150.8,    181.192,     319.992,    320.241,
   62,      153.3,    181.038,     322.143,    321.457,
   63,      155.8,    181.128,     322.756,    322.631,
   64,      158.3,    181.076,     324.614,    323.761,
   65,      160.8,    181.205,     324.936,    324.851,
   66,      163.3,    181.089,     326.138,    325.900,
   67,      165.8,    181.102,     327.992,    326.910,
   68,      168.3,    181.218,     328.445,    327.883,
   69,      170.8,    181.128,     329.933,    328.818,
   70,      175.8,    179.842,     329.511,    330.291,
----,
DateTime:        , 2025/11/18, 13:30:07, 1763487006908,
RFID_EPC:        ,--Not Acquired--,
RFID_UserData:   ,--Not Acquired--,
Barcode:         ,--Not Acquired--,
PIF:,            0.00,
PARs:,            0.0,     0.0,     0.0,     0.0,     0.0,     0.0,
Light:,           0.0,     0.0,     0.0,     0.0,     0.0,     0.0,
Cycles:,            1,
                    1,      69,      70,      70,
Lamps:,        #10000,
Gain:,              5,      25, 
SNR_raw:,     509.62,
Position:,        0.0,              0.0,   NoData,
DataPt,      Time(us),   EX,         EM,       Fit,
==========,==========,==========,==========,=========,
    0,        0.0,      0.000,       0.000,    158.695,
    1,        0.8,    165.505,     158.787,    161.449,
    2,        3.3,    180.175,     164.670,    164.501,
    3,        5.8,    180.277,     170.071,    167.609,
    4,        8.3,    180.406,     171.946,    170.766,
    5,       10.8,    180.303,     174.817,    173.963,
    6,       13.3,    180.445,     178.005,    177.199,
    7,       15.8,    180.496,     180.835,    180.467,
    8,       18.3,    180.547,     183.664,    183.762,
    9,       20.8,    180.702,     187.049,    187.082,
   10,       23.3,    180.560,     190.297,    190.418,
   11,       25.8,    180.753,     193.302,    193.770,
   12,       28.3,    180.625,     196.097,    197.129,
   13,       30.8,    180.599,     199.558,    200.492,
   14,       33.3,    180.869,     203.020,    203.862,
   15,       35.8,    180.599,     206.867,    207.225,
   16,       38.3,    180.805,     210.172,    210.585,
   17,       40.8,    180.586,     213.527,    213.931,
   18,       43.3,    180.702,     216.711,    217.267,
   19,       45.8,    180.753,     220.079,    220.587,
   20,       48.3,    180.830,     223.635,    223.889,
   21,       50.8,    180.920,     226.619,    227.170,
   22,       53.3,    180.946,     229.903,    230.425,
   23,       55.8,    180.830,     233.589,    233.650,
   24,       58.3,    180.946,     237.198,    236.845,
   25,       60.8,    180.882,     240.268,    240.005,
   26,       63.3,    180.933,     243.626,    243.129,
   27,       65.8,    180.972,     247.000,    246.215,
   28,       68.3,    180.933,     249.816,    249.259,
   29,       70.8,    180.882,     252.320,    252.259,
   30,       73.3,    180.933,     255.785,    255.213,
   31,       75.8,    180.985,     259.028,    258.121,
   32,       78.3,    180.985,     262.122,    260.980,
   33,       80.8,    180.959,     264.480,    263.787,
   34,       83.3,    180.907,     267.540,    266.542,
   35,       85.8,    180.985,     269.857,    269.244,
   36,       88.3,    180.869,     272.352,    271.889,
   37,       90.8,    180.843,     274.713,    274.479,
   38,       93.3,    180.856,     277.127,    277.012,
   39,       95.8,    180.882,     279.409,    279.487,
   40,       98.3,    181.023,     282.174,    281.906,
   41,      100.8,    181.229,     283.619,    284.269,
   42,      103.3,    181.062,     286.643,    286.571,
   43,      105.8,    181.036,     288.561,    288.814,
   44,      108.3,    181.023,     291.234,    290.997,
   45,      110.8,    181.177,     292.641,    293.122,
   46,      113.3,    180.907,     294.958,    295.186,
   47,      115.8,    180.959,     296.642,    297.191,
   48,      118.3,    180.856,     298.801,    299.137,
   49,      120.8,    181.036,     300.714,    301.027,
   50,      123.3,    181.049,     302.570,    302.859,
   51,      125.8,    181.087,     304.604,    304.635,
   52,      128.3,    181.177,     306.219,    306.355,
   53,      130.8,    181.062,     307.409,    308.019,
   54,      133.3,    181.087,     309.243,    309.628,
   55,      135.8,    181.113,     310.745,    311.184,
   56,      138.3,    181.190,     312.600,    312.688,
   57,      140.8,    181.036,     313.639,    314.139,
   58,      143.3,    181.100,     315.185,    315.540,
   59,      145.8,    181.062,     316.909,    316.891,
   60,      148.3,    181.139,     318.319,    318.194,
   61,      150.8,    181.023,     320.070,    319.450,
   62,      153.3,    181.165,     320.924,    320.659,
   63,      155.8,    181.036,     322.367,    321.824,
   64,      158.3,    180.972,     323.144,    322.944,
   65,      160.8,    181.203,     324.387,    324.023,
   66,      163.3,    181.177,     325.427,    325.060,
   67,      165.8,    181.190,     326.839,    326.057,
   68,      168.3,    181.152,     327.902,    327.015,
   69,      170.8,    180.972,     329.112,    327.935,
   70,      175.8,    179.917,     328.151,    329.181,
----,
DateTime:        , 2025/11/18, 13:30:08, 1763487007909,
RFID_EPC:        ,--Not Acquired--,
RFID_UserData:   ,--Not Acquired--,
Barcode:         ,--Not Acquired--,
PIF:,            0.00,
PARs:,            0.0,     0.0,     0.0,     0.0,     0.0,     0.0,
Light:,           0.0,     0.0,     0.0,     0.0,     0.0,     0.0,
Cycles:,            1,
                    1,      69,      70,      70,
Lamps:,        #10000,
Gain:,              5,      25, 
SNR_raw:,     372.09,
Position:,        0.0,              0.0,   NoData,
DataPt,      Time(us),   EX,         EM,       Fit,
==========,==========,==========,==========,=========,
    0,        0.0,      0.000,       0.000,    158.157,
    1,        0.8,    165.139,     158.654,    160.870,
    2,        3.3,    179.986,     164.072,    163.908,
    3,        5.8,    180.320,     169.033,    167.029,
    4,        8.3,    180.384,     172.521,    170.217,
    5,       10.8,    180.397,     174.615,    173.461,
    6,       13.3,    180.358,     177.535,    176.752,
    7,       15.8,    180.281,     180.607,    180.080,
    8,       18.3,    180.448,     183.654,    183.442,
    9,       20.8,    180.513,     186.247,    186.830,
   10,       23.3,    180.538,     189.987,    190.237,
   11,       25.8,    180.487,     193.144,    193.655,
   12,       28.3,    180.564,     195.831,    197.082,
   13,       30.8,    180.783,     199.798,    200.514,
   14,       33.3,    180.693,     203.329,    203.943,
   15,       35.8,    180.924,     206.606,    207.369,
   16,       38.3,    180.808,     209.835,    210.782,
   17,       40.8,    180.744,     213.451,    214.179,
   18,       43.3,    180.770,     216.961,    217.559,
   19,       45.8,    180.808,     220.123,    220.917,
   20,       48.3,    180.770,     224.042,    224.249,
   21,       50.8,    180.937,     226.598,    227.557,
   22,       53.3,    180.873,     230.217,    230.832,
   23,       55.8,    180.924,     233.247,    234.074,
   24,       58.3,    180.911,     237.465,    237.280,
   25,       60.8,    180.821,     239.684,    240.446,
   26,       63.3,    181.040,     244.145,    243.573,
   27,       65.8,    180.898,     246.768,    246.656,
   28,       68.3,    181.104,     250.132,    249.697,
   29,       70.8,    180.834,     253.603,    252.686,
   30,       73.3,    180.770,     256.237,    255.627,
   31,       75.8,    180.988,     259.133,    258.519,
   32,       78.3,    181.065,     262.447,    261.361,
   33,       80.8,    181.001,     264.971,    264.150,
   34,       83.3,    180.873,     268.255,    266.883,
   35,       85.8,    180.898,     271.091,    269.561,
   36,       88.3,    180.898,     272.639,    272.183,
   37,       90.8,    180.847,     275.482,    274.747,
   38,       93.3,    180.937,     277.776,    277.256,
   39,       95.8,    180.963,     280.058,    279.707,
   40,       98.3,    180.988,     282.228,    282.100,
   41,      100.8,    181.078,     284.849,    284.435,
   42,      103.3,    181.065,     286.747,    286.712,
   43,      105.8,    180.911,     289.092,    288.929,
   44,      108.3,    181.130,     291.062,    291.090,
   45,      110.8,    181.220,     293.014,    293.192,
   46,      113.3,    181.053,     295.163,    295.236,
   47,      115.8,    181.065,     296.799,    297.222,
   48,      118.3,    181.065,     299.008,    299.151,
   49,      120.8,    181.168,     300.053,    301.024,
   50,      123.3,    180.963,     302.604,    302.839,
   51,      125.8,    181.130,     304.202,    304.601,
   52,      128.3,    181.143,     306.057,    306.308,
   53,      130.8,    181.091,     307.690,    307.961,
   54,      133.3,    181.053,     309.744,    309.561,
   55,      135.8,    181.040,     310.650,    311.108,
   56,      138.3,    181.130,     312.262,    312.606,
   57,      140.8,    181.130,     313.587,    314.053,
   58,      143.3,    181.130,     315.464,    315.451,
   59,      145.8,    181.053,     316.704,    316.801,
   60,      148.3,    181.155,     317.628,    318.105,
   61,      150.8,    181.181,     319.128,    319.362,
   62,      153.3,    181.040,     320.593,    320.575,
   63,      155.8,    181.091,     321.827,    321.745,
   64,      158.3,    180.988,     323.336,    322.871,
   65,      160.8,    181.104,     323.902,    323.957,
   66,      163.3,    181.207,     326.257,    325.003,
   67,      165.8,    181.271,     326.803,    326.010,
   68,      168.3,    181.155,     328.006,    326.979,
   69,      170.8,    181.143,     328.691,    327.912,
   70,      175.8,    179.960,     328.629,    329.325,
----,
DateTime:        , 2025/11/18, 13:30:09, 1763487008908,
RFID_EPC:        ,--Not Acquired--,
RFID_UserData:   ,--Not Acquired--,
Barcode:         ,--Not Acquired--,
PIF:,            0.00,
PARs:,            0.0,     0.0,     0.0,     0.0,     0.0,     0.0,
Light:,           0.0,     0.0,     0.0,     0.0,     0.0,     0.0,
Cycles:,            1,
                    1,      69,      70,      70,
Lamps:,        #10000,
Gain:,              5,      25, 
SNR_raw:,     478.35,
Position:,        0.0,              0.0,   NoData,
DataPt,      Time(us),   EX,         EM,       Fit,
==========,==========,==========,==========,=========,
    0,        0.0,      0.000,       0.000,    158.257,
    1,        0.8,    165.369,     158.555,    160.936,
    2,        3.3,    180.039,     164.160,    163.929,
    3,        5.8,    180.270,     169.301,    166.998,
    4,        8.3,    180.386,     171.410,    170.133,
    5,       10.8,    180.245,     174.319,    173.320,
    6,       13.3,    180.335,     176.893,    176.557,
    7,       15.8,    180.257,     180.298,    179.832,
    8,       18.3,    180.515,     182.811,    183.144,
    9,       20.8,    180.630,     186.569,    186.486,
   10,       23.3,    180.515,     189.237,    189.847,
   11,       25.8,    180.720,     192.452,    193.228,
   12,       28.3,    180.746,     195.634,    196.619,
   13,       30.8,    180.566,     199.373,    200.014,
   14,       33.3,    180.707,     202.869,    203.411,
   15,       35.8,    180.720,     206.175,    206.806,
   16,       38.3,    180.797,     210.401,    210.194,
   17,       40.8,    180.759,     213.102,    213.571,
   18,       43.3,    180.772,     216.406,    216.932,
   19,       45.8,    180.836,     220.089,    220.275,
   20,       48.3,    180.797,     222.901,    223.596,
   21,       50.8,    181.016,     226.610,    226.894,
   22,       53.3,    180.823,     230.059,    230.161,
   23,       55.8,    180.823,     232.824,    233.396,
   24,       58.3,    180.952,     237.190,    236.598,
   25,       60.8,    180.772,     239.861,    239.761,
   26,       63.3,    180.939,     243.066,    242.886,
   27,       65.8,    180.849,     246.283,    245.968,
   28,       68.3,    180.965,     249.552,    249.008,
   29,       70.8,    180.887,     252.865,    252.000,
   30,       73.3,    181.273,     255.857,    254.949,
   31,       75.8,    180.977,     258.927,    257.844,
   32,       78.3,    181.003,     261.542,    260.689,
   33,       80.8,    180.952,     264.159,    263.479,
   34,       83.3,    181.042,     266.789,    266.217,
   35,       85.8,    180.939,     269.483,    268.898,
   36,       88.3,    180.900,     271.973,    271.522,
   37,       90.8,    181.055,     274.392,    274.090,
   38,       93.3,    180.875,     276.766,    276.599,
   39,       95.8,    181.029,     279.624,    279.051,
   40,       98.3,    180.965,     281.271,    281.443,
   41,      100.8,    181.080,     283.742,    283.777,
   42,      103.3,    180.926,     286.084,    286.050,
   43,      105.8,    181.209,     287.845,    288.266,
   44,      108.3,    181.106,     289.775,    290.421,
   45,      110.8,    181.093,     292.115,    292.518,
   46,      113.3,    181.196,     294.267,    294.555,
   47,      115.8,    180.965,     296.191,    296.533,
   48,      118.3,    181.016,     298.316,    298.452,
   49,      120.8,    181.170,     300.049,    300.315,
   50,      123.3,    181.183,     301.905,    302.121,
   51,      125.8,    181.170,     303.361,    303.871,
   52,      128.3,    180.900,     305.583,    305.563,
   53,      130.8,    180.965,     306.579,    307.201,
   54,      133.3,    181.003,     308.061,    308.785,
   55,      135.8,    181.222,     310.117,    310.318,
   56,      138.3,    181.093,     311.442,    311.798,
   57,      140.8,    181.067,     313.364,    313.227,
   58,      143.3,    181.055,     315.264,    314.607,
   59,      145.8,    181.055,     315.927,    315.938,
   60,      148.3,    181.157,     316.962,    317.221,
   61,      150.8,    181.067,     318.776,    318.458,
   62,      153.3,    181.196,     319.323,    319.651,
   63,      155.8,    181.222,     320.933,    320.799,
   64,      158.3,    181.093,     322.596,    321.904,
   65,      160.8,    181.093,     323.480,    322.968,
   66,      163.3,    181.042,     324.345,    323.991,
   67,      165.8,    181.080,     326.043,    324.975,
   68,      168.3,    180.990,     326.868,    325.920,
   69,      170.8,    180.977,     328.107,    326.829,
   70,      175.8,    179.795,     327.374,    328.228,
----,
DateTime:        , 2025/11/18, 13:30:10, 1763487009916,
RFID_EPC:        ,--Not Acquired--,
RFID_UserData:   ,--Not Acquired--,
Barcode:         ,--Not Acquired--,
PIF:,            0.00,
PARs:,            0.0,     0.0,     0.0,     0.0,     0.0,     0.0,
Light:,           0.0,     0.0,     0.0,     0.0,     0.0,     0.0,
Cycles:,            1,
                    1,      69,      70,      70,
Lamps:,        #10000,
Gain:,              5,      25, 
SNR_raw:,     480.02,
Position:,        0.0,              0.0,   NoData,
DataPt,      Time(us),   EX,         EM,       Fit,
==========,==========,==========,==========,=========,
    0,        0.0,      0.000,       0.000,    157.378,
    1,        0.8,    165.227,     157.723,    160.232,
    2,        3.3,    180.139,     163.567,    163.392,
    3,        5.8,    180.319,     168.923,    166.601,
    4,        8.3,    180.319,     171.474,    169.851,
    5,       10.8,    180.293,     173.717,    173.135,
    6,       13.3,    180.332,     176.785,    176.449,
    7,       15.8,    180.550,     179.895,    179.793,
    8,       18.3,    180.409,     183.251,    183.154,
    9,       20.8,    180.319,     186.337,    186.530,
   10,       23.3,    180.447,     189.751,    189.920,
   11,       25.8,    180.653,     192.967,    193.322,
   12,       28.3,    180.602,     196.012,    196.727,
   13,       30.8,    180.743,     199.842,    200.134,
   14,       33.3,    180.807,     202.979,    203.539,
   15,       35.8,    180.884,     206.209,    206.938,
   16,       38.3,    180.679,     209.654,    210.322,
   17,       40.8,    180.936,     212.893,    213.697,
   18,       43.3,    180.769,     216.630,    217.052,
   19,       45.8,    180.756,     219.855,    220.386,
   20,       48.3,    180.820,     223.758,    223.698,
   21,       50.8,    180.679,     226.701,    226.982,
   22,       53.3,    180.692,     230.116,    230.236,
   23,       55.8,    181.026,     233.116,    233.463,
   24,       58.3,    180.962,     236.625,    236.656,
   25,       60.8,    180.962,     239.609,    239.811,
   26,       63.3,    180.833,     243.097,    242.924,
   27,       65.8,    180.987,     246.647,    245.999,
   28,       68.3,    181.026,     249.578,    249.030,
   29,       70.8,    180.962,     252.429,    252.015,
   30,       73.3,    181.013,     255.893,    254.953,
   31,       75.8,    180.936,     258.987,    257.841,
   32,       78.3,    181.013,     261.086,    260.679,
   33,       80.8,    180.936,     264.845,    263.464,
   34,       83.3,    180.974,     266.778,    266.196,
   35,       85.8,    180.974,     269.651,    268.873,
   36,       88.3,    180.756,     271.969,    271.492,
   37,       90.8,    181.052,     274.397,    274.058,
   38,       93.3,    181.039,     276.626,    276.566,
   39,       95.8,    180.923,     279.124,    279.016,
   40,       98.3,    180.820,     281.274,    281.406,
   41,      100.8,    181.129,     283.666,    283.740,
   42,      103.3,    180.936,     285.958,    286.014,
   43,      105.8,    180.949,     288.037,    288.229,
   44,      108.3,    180.987,     290.186,    290.386,
   45,      110.8,    181.000,     292.376,    292.483,
   46,      113.3,    181.154,     294.224,    294.524,
   47,      115.8,    181.193,     296.480,    296.507,
   48,      118.3,    181.142,     297.889,    298.431,
   49,      120.8,    181.064,     299.562,    300.297,
   50,      123.3,    181.154,     301.842,    302.107,
   51,      125.8,    181.077,     303.627,    303.861,
   52,      128.3,    181.090,     304.821,    305.559,
   53,      130.8,    180.987,     307.093,    307.202,
   54,      133.3,    181.026,     308.464,    308.792,
   55,      135.8,    181.026,     310.011,    310.329,
   56,      138.3,    181.039,     311.646,    311.815,
   57,      140.8,    181.129,     313.368,    313.250,
   58,      143.3,    181.142,     314.229,    314.636,
   59,      145.8,    181.064,     316.131,    315.972,
   60,      148.3,    181.103,     317.278,    317.262,
   61,      150.8,    181.000,     318.342,    318.504,
   62,      153.3,    181.180,     319.792,    319.702,
   63,      155.8,    181.116,     320.900,    320.856,
   64,      158.3,    181.219,     322.152,    321.968,
   65,      160.8,    181.000,     323.757,    323.037,
   66,      163.3,    181.167,     324.562,    324.066,
   67,      165.8,    181.219,     326.125,    325.055,
   68,      168.3,    181.180,     326.747,    326.007,
   69,      170.8,    181.116,     327.746,    326.921,
   70,      175.8,    180.049,     326.911,    328.116,
----,
DateTime:        , 2025/11/18, 13:30:11, 1763487010917,
RFID_EPC:        ,--Not Acquired--,
RFID_UserData:   ,--Not Acquired--,
Barcode:         ,--Not Acquired--,
PIF:,            0.00,
PARs:,            0.0,     0.0,     0.0,     0.0,     0.0,     0.0,
Light:,           0.0,     0.0,     0.0,     0.0,     0.0,     0.0,
Cycles:,            1,
                    1,      69,      70,      70,
Lamps:,        #10000,
Gain:,              5,      25, 
SNR_raw:,     436.82,
Position:,        0.0,              0.0,   NoData,
DataPt,      Time(us),   EX,         EM,       Fit,
==========,==========,==========,==========,=========,
    0,        0.0,      0.000,       0.000,    157.749,
    1,        0.8,    165.387,     158.175,    160.570,
    2,        3.3,    180.105,     163.788,    163.693,
    3,        5.8,    180.426,     168.933,    166.869,
    4,        8.3,    180.478,     171.323,    170.089,
    5,       10.8,    180.478,     173.761,    173.346,
    6,       13.3,    180.568,     177.440,    176.637,
    7,       15.8,    180.465,     180.755,    179.953,
    8,       18.3,    180.465,     183.637,    183.292,
    9,       20.8,    180.619,     186.691,    186.651,
   10,       23.3,    180.568,     189.403,    190.024,
   11,       25.8,    180.452,     192.516,    193.404,
   12,       28.3,    180.606,     196.228,    196.792,
   13,       30.8,    180.684,     199.908,    200.184,
   14,       33.3,    180.825,     202.848,    203.575,
   15,       35.8,    180.889,     206.093,    206.963,
   16,       38.3,    180.851,     209.565,    210.340,
   17,       40.8,    180.825,     213.245,    213.704,
   18,       43.3,    180.799,     216.594,    217.052,
   19,       45.8,    180.786,     220.371,    220.379,
   20,       48.3,    180.915,     223.420,    223.687,
   21,       50.8,    180.825,     226.628,    226.967,
   22,       53.3,    180.928,     229.484,    230.221,
   23,       55.8,    180.876,     233.309,    233.442,
   24,       58.3,    180.799,     236.837,    236.628,
   25,       60.8,    180.863,     239.628,    239.778,
   26,       63.3,    181.005,     242.977,    242.891,
   27,       65.8,    180.979,     246.879,    245.963,
   28,       68.3,    181.056,     249.536,    248.992,
   29,       70.8,    181.056,     252.850,    251.975,
   30,       73.3,    180.979,     255.610,    254.909,
   31,       75.8,    180.928,     258.998,    257.793,
   32,       78.3,    181.082,     261.318,    260.628,
   33,       80.8,    181.018,     263.952,    263.410,
   34,       83.3,    180.979,     266.661,    266.137,
   35,       85.8,    180.915,     268.966,    268.808,
   36,       88.3,    180.825,     272.308,    271.422,
   37,       90.8,    180.863,     274.351,    273.979,
   38,       93.3,    180.876,     276.985,    276.479,
   39,       95.8,    180.966,     278.726,    278.921,
   40,       98.3,    181.095,     281.731,    281.305,
   41,      100.8,    181.082,     283.408,    283.630,
   42,      103.3,    181.031,     285.477,    285.895,
   43,      105.8,    181.056,     287.977,    288.100,
   44,      108.3,    180.979,     290.310,    290.245,
   45,      110.8,    181.133,     291.719,    292.332,
   46,      113.3,    181.018,     293.673,    294.358,
   47,      115.8,    181.172,     295.962,    296.327,
   48,      118.3,    181.031,     297.850,    298.236,
   49,      120.8,    180.966,     300.056,    300.087,
   50,      123.3,    181.095,     301.279,    301.881,
   51,      125.8,    180.876,     303.522,    303.617,
   52,      128.3,    181.043,     305.010,    305.298,
   53,      130.8,    180.902,     306.796,    306.923,
   54,      133.3,    181.031,     308.456,    308.495,
   55,      135.8,    181.133,     309.275,    310.015,
   56,      138.3,    181.043,     311.307,    311.481,
   57,      140.8,    181.236,     312.962,    312.898,
   58,      143.3,    181.056,     314.267,    314.264,
   59,      145.8,    181.133,     315.348,    315.581,
   60,      148.3,    180.979,     316.722,    316.850,
   61,      150.8,    181.159,     318.394,    318.073,
   62,      153.3,    180.889,     319.754,    319.250,
   63,      155.8,    180.928,     320.128,    320.382,
   64,      158.3,    180.992,     321.672,    321.472,
   65,      160.8,    180.992,     322.998,    322.521,
   66,      163.3,    181.005,     323.527,    323.528,
   67,      165.8,    181.043,     325.557,    324.497,
   68,      168.3,    181.133,     326.168,    325.428,
   69,      170.8,    181.172,     327.093,    326.321,
   70,      175.8,    179.784,     326.726,    327.511,
----,
DateTime:        , 2025/11/18, 13:30:12, 1763487011921,
RFID_EPC:        ,--Not Acquired--,
RFID_UserData:   ,--Not Acquired--,
Barcode:         ,--Not Acquired--,
PIF:,            0.00,
PARs:,            0.0,     0.0,     0.0,     0.0,     0.0,     0.0,
Light:,           0.0,     0.0,     0.0,     0.0,     0.0,     0.0,
Cycles:,            1,
                    1,      69,      70,      70,
Lamps:,        #10000,
Gain:,              5,      25, 
SNR_raw:,     430.08,
Position:,        0.0,              0.0,   NoData,
DataPt,      Time(us),   EX,         EM,       Fit,
==========,==========,==========,==========,=========,
    0,        0.0,      0.000,       0.000,    157.884,
    1,        0.8,    165.227,     158.085,    160.647,
    2,        3.3,    180.037,     163.868,    163.720,
    3,        5.8,    180.294,     169.168,    166.855,
    4,        8.3,    180.242,     171.325,    170.042,
    5,       10.8,    180.191,     174.149,    173.273,
    6,       13.3,    180.422,     176.918,    176.547,
    7,       15.8,    180.486,     180.623,    179.856,
    8,       18.3,    180.666,     183.764,    183.195,
    9,       20.8,    180.564,     185.752,    186.555,
   10,       23.3,    180.628,     189.118,    189.934,
   11,       25.8,    180.769,     193.174,    193.327,
   12,       28.3,    180.564,     196.164,    196.725,
   13,       30.8,    180.834,     199.410,    200.132,
   14,       33.3,    180.744,     202.718,    203.536,
   15,       35.8,    180.769,     206.230,    206.936,
   16,       38.3,    180.692,     209.970,    210.326,
   17,       40.8,    180.821,     213.139,    213.705,
   18,       43.3,    180.808,     216.915,    217.069,
   19,       45.8,    180.949,     219.951,    220.415,
   20,       48.3,    180.988,     223.109,    223.739,
   21,       50.8,    180.936,     226.820,    227.036,
   22,       53.3,    180.988,     230.292,    230.304,
   23,       55.8,    180.962,     233.530,    233.540,
   24,       58.3,    180.911,     236.691,    236.740,
   25,       60.8,    180.859,     239.855,    239.902,
   26,       63.3,    180.872,     243.045,    243.023,
   27,       65.8,    180.859,     246.711,    246.102,
   28,       68.3,    180.859,     249.808,    249.136,
   29,       70.8,    181.014,     252.467,    252.125,
   30,       73.3,    181.142,     255.490,    255.066,
   31,       75.8,    181.129,     258.821,    257.957,
   32,       78.3,    180.949,     262.062,    260.793,
   33,       80.8,    181.065,     264.546,    263.577,
   34,       83.3,    180.988,     266.537,    266.305,
   35,       85.8,    180.859,     270.265,    268.975,
   36,       88.3,    181.078,     272.148,    271.590,
   37,       90.8,    181.052,     274.286,    274.147,
   38,       93.3,    180.808,     276.869,    276.641,
   39,       95.8,    180.795,     279.543,    279.077,
   40,       98.3,    181.039,     281.486,    281.455,
   41,      100.8,    181.014,     282.962,    283.772,
   42,      103.3,    181.091,     286.265,    286.030,
   43,      105.8,    181.104,     287.791,    288.227,
   44,      108.3,    181.039,     290.324,    290.364,
   45,      110.8,    181.014,     292.354,    292.440,
   46,      113.3,    181.104,     294.528,    294.456,
   47,      115.8,    181.091,     295.763,    296.414,
   48,      118.3,    180.936,     298.116,    298.311,
   49,      120.8,    181.039,     300.045,    300.150,
   50,      123.3,    181.078,     301.417,    301.932,
   51,      125.8,    181.065,     303.096,    303.657,
   52,      128.3,    181.039,     304.796,    305.325,
   53,      130.8,    181.129,     306.411,    306.939,
   54,      133.3,    180.975,     307.998,    308.497,
   55,      135.8,    180.949,     309.700,    310.003,
   56,      138.3,    181.014,     311.247,    311.456,
   57,      140.8,    181.104,     312.970,    312.859,
   58,      143.3,    181.091,     313.766,    314.211,
   59,      145.8,    181.026,     315.976,    315.515,
   60,      148.3,    181.155,     316.414,    316.771,
   61,      150.8,    181.014,     318.098,    317.980,
   62,      153.3,    181.129,     319.109,    319.145,
   63,      155.8,    181.104,     320.921,    320.265,
   64,      158.3,    181.181,     321.558,    321.343,
   65,      160.8,    181.039,     322.803,    322.379,
   66,      163.3,    181.065,     323.751,    323.374,
   67,      165.8,    180.962,     325.372,    324.330,
   68,      168.3,    180.962,     326.146,    325.248,
   69,      170.8,    181.026,     327.466,    326.130,
   70,      175.8,    179.805,     326.465,    327.408,
----,
DateTime:        , 2025/11/18, 13:30:13, 1763487012923,
RFID_EPC:        ,--Not Acquired--,
RFID_UserData:   ,--Not Acquired--,
Barcode:         ,--Not Acquired--,
PIF:,            0.00,
PARs:,            0.0,     0.0,     0.0,     0.0,     0.0,     0.0,
Light:,           0.0,     0.0,     0.0,     0.0,     0.0,     0.0,
Cycles:,            1,
                    1,      69,      70,      70,
Lamps:,        #10000,
Gain:,              5,      25, 
SNR_raw:,     348.26,
Position:,        0.0,              0.0,   NoData,
DataPt,      Time(us),   EX,         EM,       Fit,
==========,==========,==========,==========,=========,
    0,        0.0,      0.000,       0.000,    158.040,
    1,        0.8,    165.295,     158.383,    160.738,
    2,        3.3,    180.041,     163.871,    163.745,
    3,        5.8,    180.221,     168.903,    166.819,
    4,        8.3,    180.234,     171.222,    169.950,
    5,       10.8,    180.530,     174.265,    173.135,
    6,       13.3,    180.247,     176.868,    176.360,
    7,       15.8,    180.517,     179.817,    179.626,
    8,       18.3,    180.479,     183.069,    182.923,
    9,       20.8,    180.659,     185.765,    186.249,
   10,       23.3,    180.723,     189.129,    189.597,
   11,       25.8,    180.543,     192.863,    192.957,
   12,       28.3,    180.581,     195.812,    196.329,
   13,       30.8,    180.787,     199.129,    199.711,
   14,       33.3,    180.659,     202.814,    203.093,
   15,       35.8,    180.813,     205.738,    206.475,
   16,       38.3,    180.710,     209.064,    209.850,
   17,       40.8,    180.800,     212.279,    213.216,
   18,       43.3,    180.800,     216.151,    216.568,
   19,       45.8,    180.903,     219.455,    219.905,
   20,       48.3,    180.787,     223.135,    223.219,
   21,       50.8,    180.864,     225.805,    226.511,
   22,       53.3,    180.903,     229.847,    229.776,
   23,       55.8,    180.813,     232.395,    233.009,
   24,       58.3,    181.096,     236.229,    236.214,
   25,       60.8,    181.006,     239.661,    239.381,
   26,       63.3,    180.941,     243.173,    242.509,
   27,       65.8,    180.916,     245.860,    245.596,
   28,       68.3,    180.826,     248.858,    248.639,
   29,       70.8,    180.851,     252.030,    251.636,
   30,       73.3,    180.903,     255.496,    254.587,
   31,       75.8,    181.006,     258.445,    257.490,
   32,       78.3,    181.031,     261.170,    260.342,
   33,       80.8,    181.031,     263.601,    263.141,
   34,       83.3,    181.006,     266.842,    265.887,
   35,       85.8,    180.941,     269.701,    268.576,
   36,       88.3,    180.967,     272.204,    271.209,
   37,       90.8,    180.813,     274.649,    273.783,
   38,       93.3,    180.749,     276.849,    276.298,
   39,       95.8,    180.851,     279.235,    278.756,
   40,       98.3,    180.916,     281.015,    281.155,
   41,      100.8,    181.083,     282.854,    283.496,
   42,      103.3,    181.147,     285.183,    285.777,
   43,      105.8,    181.031,     288.127,    287.997,
   44,      108.3,    181.044,     290.205,    290.158,
   45,      110.8,    180.967,     291.655,    292.257,
   46,      113.3,    180.864,     293.590,    294.296,
   47,      115.8,    181.109,     295.624,    296.278,
   48,      118.3,    181.044,     297.165,    298.200,
   49,      120.8,    181.006,     299.659,    300.063,
   50,      123.3,    181.109,     301.808,    301.869,
   51,      125.8,    181.083,     303.618,    303.618,
   52,      128.3,    181.121,     304.768,    305.311,
   53,      130.8,    180.993,     306.642,    306.947,
   54,      133.3,    181.327,     307.952,    308.531,
   55,      135.8,    181.096,     310.112,    310.060,
   56,      138.3,    181.109,     311.416,    311.536,
   57,      140.8,    181.083,     312.785,    312.960,
   58,      143.3,    181.134,     314.463,    314.335,
   59,      145.8,    181.057,     315.260,    315.659,
   60,      148.3,    181.031,     317.514,    316.936,
   61,      150.8,    181.186,     318.348,    318.166,
   62,      153.3,    181.044,     319.811,    319.349,
   63,      155.8,    181.173,     320.357,    320.489,
   64,      158.3,    181.096,     321.267,    321.585,
   65,      160.8,    181.276,     322.934,    322.639,
   66,      163.3,    181.173,     324.331,    323.652,
   67,      165.8,    181.199,     325.720,    324.626,
   68,      168.3,    181.186,     326.295,    325.561,
   69,      170.8,    181.031,     327.788,    326.458,
   70,      175.8,    179.643,     326.982,    327.777,
----,
DateTime:        , 2025/11/18, 13:30:14, 1763487013927,
RFID_EPC:        ,--Not Acquired--,
RFID_UserData:   ,--Not Acquired--,
Barcode:         ,--Not Acquired--,
PIF:,            0.00,
PARs:,            0.0,     0.0,     0.0,     0.0,     0.0,     0.0,
Light:,           0.0,     0.0,     0.0,     0.0,     0.0,     0.0,
Cycles:,            1,
                    1,      69,      70,      70,
Lamps:,        #10000,
Gain:,              5,      25, 
SNR_raw:,     336.98,
Position:,        0.0,              0.0,   NoData,
DataPt,      Time(us),   EX,         EM,       Fit,
==========,==========,==========,==========,=========,
    0,        0.0,      0.000,       0.000,    156.384,
    1,        0.8,    165.315,     157.276,    159.328,
    2,        3.3,    180.010,     163.169,    162.626,
    3,        5.8,    180.216,     168.575,    165.957,
    4,        8.3,    180.255,     170.869,    169.303,
    5,       10.8,    180.280,     173.508,    172.663,
    6,       13.3,    180.306,     177.032,    176.033,
    7,       15.8,    180.537,     179.907,    179.415,
    8,       18.3,    180.653,     183.003,    182.806,
    9,       20.8,    180.640,     186.005,    186.200,
   10,       23.3,    180.692,     189.162,    189.596,
   11,       25.8,    180.627,     192.108,    192.990,
   12,       28.3,    180.769,     195.941,    196.384,
   13,       30.8,    180.602,     199.001,    199.769,
   14,       33.3,    180.795,     202.108,    203.149,
   15,       35.8,    180.589,     205.660,    206.514,
   16,       38.3,    180.807,     208.730,    209.871,
   17,       40.8,    180.795,     212.617,    213.211,
   18,       43.3,    180.730,     215.348,    216.532,
   19,       45.8,    181.013,     218.879,    219.837,
   20,       48.3,    180.769,     222.605,    223.115,
   21,       50.8,    180.910,     225.968,    226.369,
   22,       53.3,    180.872,     229.113,    229.595,
   23,       55.8,    180.666,     232.805,    232.786,
   24,       58.3,    180.923,     235.680,    235.949,
   25,       60.8,    180.975,     238.265,    239.077,
   26,       63.3,    181.026,     242.286,    242.169,
   27,       65.8,    180.692,     245.169,    245.216,
   28,       68.3,    180.795,     249.122,    248.223,
   29,       70.8,    180.910,     252.169,    251.188,
   30,       73.3,    181.039,     255.415,    254.110,
   31,       75.8,    181.000,     257.458,    256.985,
   32,       78.3,    180.936,     260.976,    259.810,
   33,       80.8,    181.065,     263.442,    262.586,
   34,       83.3,    181.013,     266.500,    265.310,
   35,       85.8,    180.872,     269.141,    267.980,
   36,       88.3,    180.885,     271.444,    270.596,
   37,       90.8,    180.846,     273.935,    273.156,
   38,       93.3,    180.885,     276.862,    275.661,
   39,       95.8,    181.013,     278.433,    278.112,
   40,       98.3,    180.897,     280.048,    280.504,
   41,      100.8,    181.039,     282.591,    282.840,
   42,      103.3,    180.910,     284.892,    285.117,
   43,      105.8,    180.962,     287.243,    287.337,
   44,      108.3,    181.077,     289.379,    289.499,
   45,      110.8,    181.142,     290.822,    291.604,
   46,      113.3,    181.039,     293.528,    293.650,
   47,      115.8,    181.077,     295.675,    295.638,
   48,      118.3,    181.026,     297.416,    297.568,
   49,      120.8,    181.000,     299.226,    299.441,
   50,      123.3,    180.975,     300.705,    301.257,
   51,      125.8,    181.193,     301.998,    303.019,
   52,      128.3,    181.026,     304.928,    304.724,
   53,      130.8,    181.103,     306.234,    306.375,
   54,      133.3,    181.039,     307.890,    307.971,
   55,      135.8,    181.026,     308.906,    309.515,
   56,      138.3,    181.052,     310.629,    311.007,
   57,      140.8,    180.962,     311.779,    312.447,
   58,      143.3,    181.142,     314.119,    313.838,
   59,      145.8,    181.000,     315.138,    315.179,
   60,      148.3,    181.193,     316.237,    316.474,
   61,      150.8,    181.155,     317.740,    317.721,
   62,      153.3,    181.245,     318.906,    318.924,
   63,      155.8,    181.103,     320.259,    320.081,
   64,      158.3,    181.193,     321.425,    321.195,
   65,      160.8,    181.129,     322.754,    322.267,
   66,      163.3,    181.296,     323.780,    323.298,
   67,      165.8,    181.167,     325.114,    324.289,
   68,      168.3,    181.116,     325.868,    325.242,
   69,      170.8,    181.257,     326.497,    326.157,
   70,      175.8,    179.933,     326.343,    327.037,
----,
DateTime:        , 2025/11/18, 13:30:15, 1763487014931,
RFID_EPC:        ,--Not Acquired--,
RFID_UserData:   ,--Not Acquired--,
Barcode:         ,--Not Acquired--,
PIF:,            0.00,
PARs:,            0.0,     0.0,     0.0,     0.0,     0.0,     0.0,
Light:,           0.0,     0.0,     0.0,     0.0,     0.0,     0.0,
Cycles:,            1,
                    1,      69,      70,      70,
Lamps:,        #10000,
Gain:,              5,      25, 
SNR_raw:,     406.39,
Position:,        0.0,              0.0,   NoData,
DataPt,      Time(us),   EX,         EM,       Fit,
==========,==========,==========,==========,=========,
    0,        0.0,      0.000,       0.000,    156.920,
    1,        0.8,    165.248,     156.734,    159.700,
    2,        3.3,    180.072,     162.934,    162.791,
    3,        5.8,    180.046,     168.623,    165.941,
    4,        8.3,    180.149,     170.859,    169.144,
    5,       10.8,    180.303,     173.375,    172.395,
    6,       13.3,    180.496,     176.403,    175.689,
    7,       15.8,    180.419,     179.582,    179.014,
    8,       18.3,    180.586,     182.184,    182.370,
    9,       20.8,    180.676,     185.083,    185.749,
   10,       23.3,    180.625,     188.789,    189.144,
   11,       25.8,    180.612,     191.792,    192.551,
   12,       28.3,    180.535,     195.198,    195.964,
   13,       30.8,    180.766,     199.042,    199.385,
   14,       33.3,    180.599,     202.327,    202.801,
   15,       35.8,    180.586,     205.774,    206.212,
   16,       38.3,    180.805,     208.844,    209.617,
   17,       40.8,    180.766,     211.876,    213.009,
   18,       43.3,    180.882,     215.721,    216.386,
   19,       45.8,    180.689,     219.050,    219.740,
   20,       48.3,    180.920,     222.529,    223.074,
   21,       50.8,    180.985,     226.207,    226.382,
   22,       53.3,    180.895,     229.636,    229.660,
   23,       55.8,    180.933,     233.567,    232.905,
   24,       58.3,    180.908,     235.700,    236.115,
   25,       60.8,    180.882,     239.714,    239.286,
   26,       63.3,    180.779,     242.727,    242.415,
   27,       65.8,    181.075,     246.418,    245.505,
   28,       68.3,    181.010,     248.604,    248.550,
   29,       70.8,    180.959,     252.322,    251.546,
   30,       73.3,    180.920,     255.471,    254.493,
   31,       75.8,    180.972,     257.830,    257.390,
   32,       78.3,    180.972,     261.256,    260.234,
   33,       80.8,    181.036,     263.925,    263.026,
   34,       83.3,    181.178,     266.258,    265.764,
   35,       85.8,    181.190,     268.999,    268.445,
   36,       88.3,    180.959,     271.995,    271.067,
   37,       90.8,    180.946,     274.225,    273.630,
   38,       93.3,    180.933,     277.229,    276.135,
   39,       95.8,    180.920,     278.797,    278.579,
   40,       98.3,    181.165,     280.629,    280.967,
   41,      100.8,    180.985,     283.118,    283.293,
   42,      103.3,    180.972,     285.127,    285.558,
   43,      105.8,    181.126,     287.424,    287.764,
   44,      108.3,    180.985,     289.638,    289.909,
   45,      110.8,    181.036,     291.434,    291.994,
   46,      113.3,    181.100,     293.318,    294.020,
   47,      115.8,    181.088,     295.768,    295.986,
   48,      118.3,    181.100,     298.067,    297.894,
   49,      120.8,    181.113,     299.371,    299.744,
   50,      123.3,    181.126,     300.674,    301.536,
   51,      125.8,    181.216,     303.174,    303.272,
   52,      128.3,    181.088,     304.162,    304.951,
   53,      130.8,    181.100,     306.018,    306.575,
   54,      133.3,    181.023,     307.806,    308.144,
   55,      135.8,    181.010,     309.374,    309.660,
   56,      138.3,    181.036,     310.877,    311.124,
   57,      140.8,    180.972,     312.535,    312.537,
   58,      143.3,    180.946,     313.906,    313.900,
   59,      145.8,    180.998,     315.474,    315.214,
   60,      148.3,    181.165,     316.508,    316.481,
   61,      150.8,    181.113,     318.033,    317.702,
   62,      153.3,    181.255,     318.999,    318.878,
   63,      155.8,    181.100,     320.154,    320.009,
   64,      158.3,    181.036,     321.151,    321.097,
   65,      160.8,    181.023,     322.389,    322.144,
   66,      163.3,    180.998,     324.314,    323.150,
   67,      165.8,    181.100,     324.461,    324.118,
   68,      168.3,    181.023,     326.256,    325.047,
   69,      170.8,    181.062,     327.291,    325.939,
   70,      175.8,    179.905,     326.173,    327.239,
----,
DateTime:        , 2025/11/18, 13:30:16, 1763487015930,
RFID_EPC:        ,--Not Acquired--,
RFID_UserData:   ,--Not Acquired--,
Barcode:         ,--Not Acquired--,
PIF:,            0.00,
PARs:,            0.0,     0.0,     0.0,     0.0,     0.0,     0.0,
Light:,           0.0,     0.0,     0.0,     0.0,     0.0,     0.0,
Cycles:,            1,
                    1,      69,      70,      70,
Lamps:,        #10000,
Gain:,              5,      25, 
SNR_raw:,     397.16,
Position:,        0.0,              0.0,   NoData,
DataPt,      Time(us),   EX,         EM,       Fit,
==========,==========,==========,==========,=========,
    0,        0.0,      0.000,       0.000,    156.616,
    1,        0.8,    165.169,     156.809,    159.500,
    2,        3.3,    179.939,     162.616,    162.683,
    3,        5.8,    180.183,     167.940,    165.908,
    4,        8.3,    180.261,     171.197,    169.170,
    5,       10.8,    180.235,     173.551,    172.462,
    6,       13.3,    180.273,     175.844,    175.781,
    7,       15.8,    180.518,     179.595,    179.127,
    8,       18.3,    180.402,     182.925,    182.490,
    9,       20.8,    180.659,     185.321,    185.872,
   10,       23.3,    180.543,     188.874,    189.263,
   11,       25.8,    180.672,     192.725,    192.664,
   12,       28.3,    180.672,     195.935,    196.069,
   13,       30.8,    180.762,     198.382,    199.475,
   14,       33.3,    180.608,     202.206,    202.876,
   15,       35.8,    180.736,     205.382,    206.273,
   16,       38.3,    180.633,     209.485,    209.657,
   17,       40.8,    180.672,     211.986,    213.030,
   18,       43.3,    180.775,     215.738,    216.387,
   19,       45.8,    180.788,     218.820,    219.726,
   20,       48.3,    180.852,     222.834,    223.043,
   21,       50.8,    181.019,     225.612,    226.337,
   22,       53.3,    180.980,     229.196,    229.601,
   23,       55.8,    180.878,     233.086,    232.833,
   24,       58.3,    181.006,     236.125,    236.033,
   25,       60.8,    180.865,     239.405,    239.194,
   26,       63.3,    180.929,     243.079,    242.317,
   27,       65.8,    180.865,     246.151,    245.398,
   28,       68.3,    180.890,     248.880,    248.435,
   29,       70.8,    180.903,     252.179,    251.427,
   30,       73.3,    180.852,     255.126,    254.370,
   31,       75.8,    180.968,     258.057,    257.265,
   32,       78.3,    180.955,     260.397,    260.109,
   33,       80.8,    180.929,     264.192,    262.900,
   34,       83.3,    180.968,     266.014,    265.638,
   35,       85.8,    181.006,     269.052,    268.320,
   36,       88.3,    181.019,     271.795,    270.946,
   37,       90.8,    180.955,     274.323,    273.513,
   38,       93.3,    181.019,     276.214,    276.024,
   39,       95.8,    180.968,     278.503,    278.474,
   40,       98.3,    181.096,     280.514,    280.867,
   41,      100.8,    181.186,     282.472,    283.200,
   42,      103.3,    180.980,     285.445,    285.471,
   43,      105.8,    181.045,     286.780,    287.683,
   44,      108.3,    181.173,     288.895,    289.836,
   45,      110.8,    181.045,     291.751,    291.927,
   46,      113.3,    180.980,     294.065,    293.957,
   47,      115.8,    181.032,     295.970,    295.929,
   48,      118.3,    181.250,     297.379,    297.843,
   49,      120.8,    181.032,     299.837,    299.697,
   50,      123.3,    181.135,     301.764,    301.493,
   51,      125.8,    181.186,     303.003,    303.233,
   52,      128.3,    181.212,     303.954,    304.916,
   53,      130.8,    181.109,     306.114,    306.543,
   54,      133.3,    181.238,     307.773,    308.116,
   55,      135.8,    181.148,     309.471,    309.635,
   56,      138.3,    181.045,     310.641,    311.100,
   57,      140.8,    181.058,     312.387,    312.514,
   58,      143.3,    180.942,     313.802,    313.877,
   59,      145.8,    181.186,     315.477,    315.191,
   60,      148.3,    181.070,     316.231,    316.457,
   61,      150.8,    181.109,     317.820,    317.676,
   62,      153.3,    181.173,     318.811,    318.850,
   63,      155.8,    181.135,     320.314,    319.979,
   64,      158.3,    181.070,     321.311,    321.064,
   65,      160.8,    181.148,     322.720,    322.108,
   66,      163.3,    181.109,     323.562,    323.111,
   67,      165.8,    181.122,     324.754,    324.074,
   68,      168.3,    181.032,     325.909,    324.998,
   69,      170.8,    180.878,     326.961,    325.885,
   70,      175.8,    179.952,     325.642,    326.988,
----,
DateTime:        , 2025/11/18, 13:30:17, 1763487016934,
RFID_EPC:        ,--Not Acquired--,
RFID_UserData:   ,--Not Acquired--,
Barcode:         ,--Not Acquired--,
PIF:,            0.00,
PARs:,            0.0,     0.0,     0.0,     0.0,     0.0,     0.0,
Light:,           0.0,     0.0,     0.0,     0.0,     0.0,     0.0,
Cycles:,            1,
                    1,      69,      70,      70,
Lamps:,        #10000,
Gain:,              5,      25, 
SNR_raw:,     359.34,
Position:,        0.0,              0.0,   NoData,
DataPt,      Time(us),   EX,         EM,       Fit,
==========,==========,==========,==========,=========,
    0,        0.0,      0.000,       0.000,    156.517,
    1,        0.8,    165.408,     156.825,    159.350,
    2,        3.3,    180.101,     162.626,    162.480,
    3,        5.8,    180.294,     167.948,    165.656,
    4,        8.3,    180.153,     170.189,    168.868,
    5,       10.8,    180.333,     173.125,    172.117,
    6,       13.3,    180.345,     175.774,    175.395,
    7,       15.8,    180.525,     178.701,    178.702,
    8,       18.3,    180.448,     182.102,    182.029,
    9,       20.8,    180.500,     185.485,    185.374,
   10,       23.3,    180.551,     188.534,    188.734,
   11,       25.8,    180.500,     191.579,    192.103,
   12,       28.3,    180.628,     194.986,    195.480,
   13,       30.8,    180.693,     198.237,    198.860,
   14,       33.3,    180.628,     201.740,    202.239,
   15,       35.8,    180.795,     205.094,    205.615,
   16,       38.3,    180.808,     207.955,    208.985,
   17,       40.8,    180.782,     211.967,    212.342,
   18,       43.3,    180.847,     214.989,    215.686,
   19,       45.8,    180.885,     218.149,    219.013,
   20,       48.3,    180.770,     221.940,    222.318,
   21,       50.8,    180.782,     225.575,    225.598,
   22,       53.3,    180.834,     228.939,    228.853,
   23,       55.8,    180.834,     231.483,    232.078,
   24,       58.3,    180.924,     235.569,    235.273,
   25,       60.8,    180.975,     238.375,    238.433,
   26,       63.3,    180.872,     242.270,    241.554,
   27,       65.8,    180.924,     245.075,    244.637,
   28,       68.3,    181.052,     247.774,    247.678,
   29,       70.8,    180.937,     251.469,    250.674,
   30,       73.3,    180.937,     254.564,    253.624,
   31,       75.8,    180.924,     257.346,    256.524,
   32,       78.3,    180.821,     260.479,    259.374,
   33,       80.8,    180.885,     263.371,    262.173,
   34,       83.3,    181.027,     265.596,    264.920,
   35,       85.8,    181.001,     267.954,    267.613,
   36,       88.3,    181.040,     270.769,    270.251,
   37,       90.8,    180.924,     273.706,    272.830,
   38,       93.3,    180.924,     275.696,    275.352,
   39,       95.8,    181.078,     277.560,    277.818,
   40,       98.3,    181.001,     279.667,    280.224,
   41,      100.8,    180.847,     281.896,    282.568,
   42,      103.3,    180.911,     284.228,    284.854,
   43,      105.8,    181.078,     286.837,    287.082,
   44,      108.3,    180.988,     289.080,    289.249,
   45,      110.8,    181.117,     291.635,    291.357,
   46,      113.3,    180.962,     293.099,    293.404,
   47,      115.8,    181.040,     295.184,    295.392,
   48,      118.3,    180.950,     296.547,    297.320,
   49,      120.8,    181.130,     298.792,    299.192,
   50,      123.3,    181.027,     300.398,    301.004,
   51,      125.8,    181.104,     302.368,    302.760,
   52,      128.3,    181.078,     304.178,    304.459,
   53,      130.8,    181.078,     305.724,    306.103,
   54,      133.3,    181.078,     307.933,    307.691,
   55,      135.8,    181.155,     308.796,    309.226,
   56,      138.3,    181.078,     310.253,    310.708,
   57,      140.8,    181.052,     311.843,    312.137,
   58,      143.3,    181.155,     314.316,    313.517,
   59,      145.8,    181.168,     315.177,    314.846,
   60,      148.3,    181.181,     315.706,    316.128,
   61,      150.8,    181.181,     317.252,    317.361,
   62,      153.3,    181.207,     319.193,    318.549,
   63,      155.8,    181.104,     320.148,    319.692,
   64,      158.3,    181.207,     321.070,    320.791,
   65,      160.8,    181.117,     322.554,    321.847,
   66,      163.3,    181.258,     322.744,    322.863,
   67,      165.8,    181.014,     324.616,    323.837,
   68,      168.3,    181.155,     325.467,    324.774,
   69,      170.8,    181.091,     326.466,    325.672,
   70,      175.8,    179.998,     325.559,    326.798,
----,
DateTime:        , 2025/11/18, 13:30:18, 1763487017937,
RFID_EPC:        ,--Not Acquired--,
RFID_UserData:   ,--Not Acquired--,
Barcode:         ,--Not Acquired--,
PIF:,            0.00,
PARs:,            0.0,     0.0,     0.0,     0.0,     0.0,     0.0,
Light:,           0.0,     0.0,     0.0,     0.0,     0.0,     0.0,
Cycles:,            1,
                    1,      69,      70,      70,
Lamps:,        #10000,
Gain:,              5,      25, 
SNR_raw:,     408.63,
Position:,        0.0,              0.0,   NoData,
DataPt,      Time(us),   EX,         EM,       Fit,
==========,==========,==========,==========,=========,
    0,        0.0,      0.000,       0.000,    156.939,
    1,        0.8,    165.178,     157.164,    159.694,
    2,        3.3,    180.077,     162.876,    162.756,
    3,        5.8,    180.115,     168.114,    165.876,
    4,        8.3,    180.205,     170.139,    169.048,
    5,       10.8,    180.360,     172.988,    172.266,
    6,       13.3,    180.347,     176.438,    175.523,
    7,       15.8,    180.450,     179.219,    178.815,
    8,       18.3,    180.501,     182.492,    182.135,
    9,       20.8,    180.668,     185.533,    185.481,
   10,       23.3,    180.540,     187.992,    188.843,
   11,       25.8,    180.604,     192.133,    192.218,
   12,       28.3,    180.694,     195.026,    195.604,
   13,       30.8,    180.694,     198.678,    198.995,
   14,       33.3,    180.771,     201.581,    202.388,
   15,       35.8,    180.758,     205.025,    205.776,
   16,       38.3,    180.668,     208.338,    209.156,
   17,       40.8,    180.823,     211.589,    212.527,
   18,       43.3,    180.758,     215.205,    215.882,
   19,       45.8,    180.964,     218.828,    219.222,
   20,       48.3,    180.925,     222.191,    222.540,
   21,       50.8,    180.887,     225.334,    225.832,
   22,       53.3,    180.925,     228.603,    229.097,
   23,       55.8,    180.938,     232.344,    232.332,
   24,       58.3,    180.874,     235.744,    235.532,
   25,       60.8,    180.861,     238.968,    238.694,
   26,       63.3,    180.887,     242.362,    241.819,
   27,       65.8,    180.835,     245.748,    244.901,
   28,       68.3,    180.925,     248.721,    247.941,
   29,       70.8,    180.810,     250.872,    250.933,
   30,       73.3,    180.951,     254.765,    253.879,
   31,       75.8,    180.925,     257.454,    256.775,
   32,       78.3,    181.092,     259.757,    259.622,
   33,       80.8,    181.003,     263.422,    262.415,
   34,       83.3,    181.067,     265.758,    265.154,
   35,       85.8,    180.900,     268.768,    267.836,
   36,       88.3,    180.913,     271.291,    270.461,
   37,       90.8,    181.003,     274.029,    273.029,
   38,       93.3,    180.938,     276.006,    275.539,
   39,       95.8,    180.938,     278.327,    277.989,
   40,       98.3,    180.900,     280.376,    280.379,
   41,      100.8,    181.067,     282.548,    282.711,
   42,      103.3,    181.054,     284.777,    284.983,
   43,      105.8,    181.067,     286.855,    287.195,
   44,      108.3,    181.067,     288.402,    289.346,
   45,      110.8,    181.067,     290.832,    291.438,
   46,      113.3,    181.054,     293.172,    293.469,
   47,      115.8,    181.041,     295.403,    295.441,
   48,      118.3,    181.028,     297.744,    297.353,
   49,      120.8,    181.260,     298.908,    299.209,
   50,      123.3,    180.900,     300.719,    301.005,
   51,      125.8,    181.131,     301.991,    302.744,
   52,      128.3,    181.105,     304.132,    304.428,
   53,      130.8,    181.054,     305.434,    306.055,
   54,      133.3,    181.170,     307.447,    307.629,
   55,      135.8,    181.285,     308.905,    309.150,
   56,      138.3,    181.092,     310.780,    310.618,
   57,      140.8,    181.041,     311.532,    312.033,
   58,      143.3,    181.067,     313.144,    313.398,
   59,      145.8,    180.990,     314.493,    314.714,
   60,      148.3,    180.990,     315.819,    315.982,
   61,      150.8,    181.221,     317.071,    317.204,
   62,      153.3,    181.182,     318.463,    318.381,
   63,      155.8,    181.195,     319.876,    319.512,
   64,      158.3,    181.118,     320.895,    320.601,
   65,      160.8,    181.247,     322.102,    321.648,
   66,      163.3,    181.092,     323.150,    322.654,
   67,      165.8,    181.041,     324.457,    323.620,
   68,      168.3,    181.054,     325.317,    324.547,
   69,      170.8,    180.925,     327.538,    325.438,
   70,      175.8,    179.923,     325.918,    326.709,
----,
DateTime:        , 2025/11/18, 13:30:19, 1763487018940,
RFID_EPC:        ,--Not Acquired--,
RFID_UserData:   ,--Not Acquired--,
Barcode:         ,--Not Acquired--,
PIF:,            0.00,
PARs:,            0.0,     0.0,     0.0,     0.0,     0.0,     0.0,
Light:,           0.0,     0.0,     0.0,     0.0,     0.0,     0.0,
Cycles:,            1,
                    1,      69,      70,      70,
Lamps:,        #10000,
Gain:,              5,      25, 
SNR_raw:,     382.40,
Position:,        0.0,              0.0,   NoData,
DataPt,      Time(us),   EX,         EM,       Fit,
==========,==========,==========,==========,=========,
    0,        0.0,      0.000,       0.000,    155.544,
    1,        0.8,    165.160,     156.575,    158.496,
    2,        3.3,    180.086,     162.271,    161.808,
    3,        5.8,    180.189,     167.491,    165.150,
    4,        8.3,    180.343,     170.342,    168.510,
    5,       10.8,    180.356,     172.770,    171.882,
    6,       13.3,    180.394,     176.724,    175.265,
    7,       15.8,    180.574,     178.652,    178.658,
    8,       18.3,    180.382,     182.391,    182.055,
    9,       20.8,    180.600,     185.160,    185.458,
   10,       23.3,    180.587,     188.718,    188.862,
   11,       25.8,    180.626,     191.778,    192.267,
   12,       28.3,    180.844,     194.974,    195.671,
   13,       30.8,    180.729,     198.751,    199.068,
   14,       33.3,    180.832,     201.292,    202.458,
   15,       35.8,    180.780,     204.779,    205.837,
   16,       38.3,    180.793,     207.751,    209.202,
   17,       40.8,    180.780,     211.417,    212.551,
   18,       43.3,    180.677,     214.748,    215.880,
   19,       45.8,    180.844,     218.973,    219.191,
   20,       48.3,    180.870,     221.927,    222.480,
   21,       50.8,    180.844,     225.498,    225.742,
   22,       53.3,    180.767,     228.581,    228.975,
   23,       55.8,    180.986,     231.289,    232.180,
   24,       58.3,    180.999,     234.698,    235.354,
   25,       60.8,    180.947,     238.633,    238.491,
   26,       63.3,    180.973,     241.362,    241.591,
   27,       65.8,    180.934,     245.172,    244.652,
   28,       68.3,    180.909,     247.639,    247.670,
   29,       70.8,    180.857,     250.916,    250.645,
   30,       73.3,    181.037,     254.091,    253.577,
   31,       75.8,    180.729,     257.402,    256.457,
   32,       78.3,    181.050,     260.370,    259.294,
   33,       80.8,    180.973,     263.023,    262.080,
   34,       83.3,    181.089,     265.284,    264.816,
   35,       85.8,    180.909,     268.754,    267.497,
   36,       88.3,    181.063,     271.066,    270.127,
   37,       90.8,    181.037,     273.866,    272.701,
   38,       93.3,    180.857,     276.129,    275.218,
   39,       95.8,    180.960,     277.299,    277.679,
   40,       98.3,    180.857,     280.221,    280.083,
   41,      100.8,    180.934,     282.423,    282.430,
   42,      103.3,    181.012,     284.512,    284.721,
   43,      105.8,    180.986,     286.652,    286.953,
   44,      108.3,    180.960,     289.125,    289.127,
   45,      110.8,    181.050,     291.632,    291.244,
   46,      113.3,    180.999,     293.372,    293.302,
   47,      115.8,    181.269,     295.252,    295.306,
   48,      118.3,    181.050,     296.824,    297.250,
   49,      120.8,    181.050,     298.923,    299.136,
   50,      123.3,    180.986,     300.908,    300.966,
   51,      125.8,    181.114,     303.013,    302.740,
   52,      128.3,    181.076,     304.403,    304.459,
   53,      130.8,    181.127,     305.752,    306.124,
   54,      133.3,    181.114,     307.320,    307.735,
   55,      135.8,    181.166,     308.888,    309.293,
   56,      138.3,    181.063,     310.831,    310.799,
   57,      140.8,    181.102,     311.869,    312.253,
   58,      143.3,    181.153,     313.216,    313.658,
   59,      145.8,    181.012,     314.676,    315.013,
   60,      148.3,    181.114,     316.264,    316.321,
   61,      150.8,    181.050,     317.702,    317.581,
   62,      153.3,    181.140,     318.759,    318.796,
   63,      155.8,    181.037,     319.934,    319.966,
   64,      158.3,    181.089,     321.390,    321.092,
   65,      160.8,    181.140,     322.623,    322.177,
   66,      163.3,    181.294,     323.562,    323.221,
   67,      165.8,    181.127,     324.744,    324.224,
   68,      168.3,    181.140,     325.604,    325.189,
   69,      170.8,    180.909,     326.353,    326.114,
   70,      175.8,    179.713,     325.853,    327.006,
----,
DateTime:        , 2025/11/18, 13:30:20, 1763487019943,
RFID_EPC:        ,--Not Acquired--,
RFID_UserData:   ,--Not Acquired--,
Barcode:         ,--Not Acquired--,
PIF:,            0.00,
PARs:,            0.0,     0.0,     0.0,     0.0,     0.0,     0.0,
Light:,           0.0,     0.0,     0.0,     0.0,     0.0,     0.0,
Cycles:,            1,
                    1,      69,      70,      70,
Lamps:,        #10000,
Gain:,              5,      25, 
SNR_raw:,     337.18,
Position:,        0.0,              0.0,   NoData,
DataPt,      Time(us),   EX,         EM,       Fit,
==========,==========,==========,==========,=========,
    0,        0.0,      0.000,       0.000,    156.524,
    1,        0.8,    165.466,     156.649,    159.326,
    2,        3.3,    180.175,     162.393,    162.430,
    3,        5.8,    180.239,     167.666,    165.585,
    4,        8.3,    180.355,     170.664,    168.786,
    5,       10.8,    180.342,     173.227,    172.027,
    6,       13.3,    180.380,     176.072,    175.302,
    7,       15.8,    180.303,     178.921,    178.605,
    8,       18.3,    180.470,     181.858,    181.936,
    9,       20.8,    180.728,     185.473,    185.290,
   10,       23.3,    180.715,     188.363,    188.660,
   11,       25.8,    180.676,     191.060,    192.041,
   12,       28.3,    180.689,     194.810,    195.428,
   13,       30.8,    180.689,     197.798,    198.819,
   14,       33.3,    180.805,     201.543,    202.210,
   15,       35.8,    180.650,     204.926,    205.595,
   16,       38.3,    180.869,     208.106,    208.975,
   17,       40.8,    180.728,     211.478,    212.340,
   18,       43.3,    180.728,     215.020,    215.691,
   19,       45.8,    180.882,     218.485,    219.025,
   20,       48.3,    180.895,     222.339,    222.337,
   21,       50.8,    180.933,     225.497,    225.625,
   22,       53.3,    180.959,     229.113,    228.886,
   23,       55.8,    180.946,     232.113,    232.115,
   24,       58.3,    181.010,     235.566,    235.311,
   25,       60.8,    180.830,     238.234,    238.469,
   26,       63.3,    181.036,     241.830,    241.590,
   27,       65.8,    180.920,     245.301,    244.668,
   28,       68.3,    180.869,     248.357,    247.702,
   29,       70.8,    180.946,     250.682,    250.691,
   30,       73.3,    180.895,     253.849,    253.632,
   31,       75.8,    181.139,     257.592,    256.526,
   32,       78.3,    180.843,     260.225,    259.366,
   33,       80.8,    180.933,     262.970,    262.153,
   34,       83.3,    180.985,     265.879,    264.887,
   35,       85.8,    181.023,     268.363,    267.566,
   36,       88.3,    180.818,     271.102,    270.186,
   37,       90.8,    180.985,     273.393,    272.751,
   38,       93.3,    180.895,     275.962,    275.256,
   39,       95.8,    180.998,     278.457,    277.703,
   40,       98.3,    180.946,     279.973,    280.090,
   41,      100.8,    180.920,     282.555,    282.418,
   42,      103.3,    180.998,     284.313,    284.686,
   43,      105.8,    180.998,     286.523,    286.893,
   44,      108.3,    181.190,     288.536,    289.043,
   45,      110.8,    181.178,     290.102,    291.132,
   46,      113.3,    180.933,     292.926,    293.159,
   47,      115.8,    181.100,     294.533,    295.128,
   48,      118.3,    180.998,     296.579,    297.037,
   49,      120.8,    180.959,     298.410,    298.888,
   50,      123.3,    180.985,     300.467,    300.681,
   51,      125.8,    181.062,     301.886,    302.417,
   52,      128.3,    181.113,     303.567,    304.097,
   53,      130.8,    180.998,     305.750,    305.721,
   54,      133.3,    181.088,     306.592,    307.291,
   55,      135.8,    181.049,     308.204,    308.808,
   56,      138.3,    181.023,     309.684,    310.272,
   57,      140.8,    181.088,     311.451,    311.684,
   58,      143.3,    181.049,     312.622,    313.046,
   59,      145.8,    181.152,     314.543,    314.360,
   60,      148.3,    180.985,     315.828,    315.624,
   61,      150.8,    181.088,     316.974,    316.843,
   62,      153.3,    181.075,     318.432,    318.015,
   63,      155.8,    181.062,     320.332,    319.143,
   64,      158.3,    180.985,     321.464,    320.228,
   65,      160.8,    181.100,     321.479,    321.271,
   66,      163.3,    181.165,     322.800,    322.274,
   67,      165.8,    181.165,     323.131,    323.237,
   68,      168.3,    181.049,     325.105,    324.161,
   69,      170.8,    181.075,     326.385,    325.049,
   70,      175.8,    179.879,     324.885,    326.252,
----,
DateTime:        , 2025/11/18, 13:30:21, 1763487020948,
RFID_EPC:        ,--Not Acquired--,
RFID_UserData:   ,--Not Acquired--,
Barcode:         ,--Not Acquired--,
PIF:,            0.00,
PARs:,            0.0,     0.0,     0.0,     0.0,     0.0,     0.0,
Light:,           0.0,     0.0,     0.0,     0.0,     0.0,     0.0,
Cycles:,            1,
                    1,      69,      70,      70,
Lamps:,        #10000,
Gain:,              5,      25, 
SNR_raw:,     452.27,
Position:,        0.0,              0.0,   NoData,
DataPt,      Time(us),   EX,         EM,       Fit,
==========,==========,==========,==========,=========,
    0,        0.0,      0.000,       0.000,    156.619,
    1,        0.8,    165.340,     156.889,    159.426,
    2,        3.3,    180.149,     162.827,    162.544,
    3,        5.8,    180.303,     168.272,    165.718,
    4,        8.3,    180.303,     170.380,    168.941,
    5,       10.8,    180.354,     172.660,    172.205,
    6,       13.3,    180.354,     175.987,    175.504,
    7,       15.8,    180.560,     179.553,    178.835,
    8,       18.3,    180.470,     182.413,    182.188,
    9,       20.8,    180.508,     185.808,    185.559,
   10,       23.3,    180.637,     188.887,    188.945,
   11,       25.8,    180.753,     191.754,    192.342,
   12,       28.3,    180.727,     195.322,    195.742,
   13,       30.8,    180.843,     198.183,    199.144,
   14,       33.3,    180.881,     201.679,    202.543,
   15,       35.8,    180.766,     204.796,    205.933,
   16,       38.3,    180.856,     208.454,    209.312,
   17,       40.8,    180.933,     211.681,    212.678,
   18,       43.3,    180.778,     215.623,    216.023,
   19,       45.8,    180.791,     218.373,    219.347,
   20,       48.3,    180.791,     222.135,    222.647,
   21,       50.8,    180.881,     226.226,    225.921,
   22,       53.3,    180.907,     228.736,    229.165,
   23,       55.8,    180.830,     231.931,    232.375,
   24,       58.3,    181.074,     235.815,    235.554,
   25,       60.8,    180.984,     238.695,    238.694,
   26,       63.3,    181.087,     241.762,    241.795,
   27,       65.8,    180.997,     245.197,    244.853,
   28,       68.3,    180.868,     248.468,    247.865,
   29,       70.8,    181.010,     251.699,    250.832,
   30,       73.3,    180.881,     254.089,    253.751,
   31,       75.8,    180.933,     257.333,    256.620,
   32,       78.3,    180.933,     260.428,    259.439,
   33,       80.8,    180.946,     263.615,    262.206,
   34,       83.3,    181.061,     265.435,    264.921,
   35,       85.8,    180.984,     268.311,    267.580,
   36,       88.3,    181.036,     270.886,    270.185,
   37,       90.8,    180.933,     273.251,    272.732,
   38,       93.3,    180.856,     275.911,    275.221,
   39,       95.8,    180.894,     277.953,    277.654,
   40,       98.3,    180.920,     279.903,    280.029,
   41,      100.8,    180.894,     282.265,    282.346,
   42,      103.3,    180.997,     284.646,    284.605,
   43,      105.8,    180.946,     286.716,    286.806,
   44,      108.3,    181.241,     288.566,    288.951,
   45,      110.8,    181.087,     290.910,    291.036,
   46,      113.3,    181.100,     292.325,    293.064,
   47,      115.8,    181.164,     294.871,    295.035,
   48,      118.3,    181.023,     296.427,    296.947,
   49,      120.8,    180.920,     298.475,    298.802,
   50,      123.3,    181.036,     300.383,    300.602,
   51,      125.8,    181.023,     301.951,    302.346,
   52,      128.3,    180.946,     303.185,    304.036,
   53,      130.8,    181.074,     305.510,    305.672,
   54,      133.3,    181.036,     307.343,    307.255,
   55,      135.8,    180.958,     308.800,    308.786,
   56,      138.3,    180.946,     310.038,    310.266,
   57,      140.8,    181.138,     311.695,    311.697,
   58,      143.3,    180.946,     313.354,    313.078,
   59,      145.8,    181.138,     314.456,    314.411,
   60,      148.3,    181.048,     315.606,    315.698,
   61,      150.8,    180.984,     317.044,    316.938,
   62,      153.3,    180.984,     318.149,    318.134,
   63,      155.8,    180.958,     319.079,    319.287,
   64,      158.3,    181.023,     320.733,    320.397,
   65,      160.8,    181.203,     321.850,    321.466,
   66,      163.3,    181.126,     322.870,    322.496,
   67,      165.8,    181.087,     324.043,    323.486,
   68,      168.3,    181.164,     325.120,    324.439,
   69,      170.8,    181.036,     326.124,    325.354,
   70,      175.8,    179.866,     325.799,    326.596,
----,
DateTime:        , 2025/11/18, 13:30:22, 1763487021948,
RFID_EPC:        ,--Not Acquired--,
RFID_UserData:   ,--Not Acquired--,
Barcode:         ,--Not Acquired--,
PIF:,            0.00,
PARs:,            0.0,     0.0,     0.0,     0.0,     0.0,     0.0,
Light:,           0.0,     0.0,     0.0,     0.0,     0.0,     0.0,
Cycles:,            1,
                    1,      69,      70,      70,
Lamps:,        #10000,
Gain:,              5,      25, 
SNR_raw:,     437.32,
Position:,        0.0,              0.0,   NoData,
DataPt,      Time(us),   EX,         EM,       Fit,
==========,==========,==========,==========,=========,
    0,        0.0,      0.000,       0.000,    156.418,
    1,        0.8,    165.334,     157.136,    159.168,
    2,        3.3,    180.106,     162.329,    162.228,
    3,        5.8,    180.261,     167.091,    165.351,
    4,        8.3,    180.274,     169.853,    168.527,
    5,       10.8,    180.389,     172.405,    171.750,
    6,       13.3,    180.582,     175.654,    175.017,
    7,       15.8,    180.531,     178.806,    178.315,
    8,       18.3,    180.672,     181.544,    181.644,
    9,       20.8,    180.531,     185.010,    184.992,
   10,       23.3,    180.698,     187.938,    188.360,
   11,       25.8,    180.685,     191.161,    191.740,
   12,       28.3,    180.685,     194.704,    195.128,
   13,       30.8,    180.724,     197.982,    198.520,
   14,       33.3,    180.582,     201.681,    201.909,
   15,       35.8,    180.634,     204.613,    205.293,
   16,       38.3,    180.711,     207.846,    208.671,
   17,       40.8,    180.955,     211.434,    212.040,
   18,       43.3,    180.916,     214.795,    215.392,
   19,       45.8,    180.891,     218.253,    218.726,
   20,       48.3,    180.929,     221.413,    222.037,
   21,       50.8,    180.736,     224.969,    225.320,
   22,       53.3,    180.955,     228.565,    228.577,
   23,       55.8,    180.698,     232.211,    231.800,
   24,       58.3,    180.942,     235.324,    234.992,
   25,       60.8,    181.109,     238.199,    238.150,
   26,       63.3,    180.955,     241.386,    241.266,
   27,       65.8,    180.981,     244.446,    244.342,
   28,       68.3,    181.006,     247.395,    247.375,
   29,       70.8,    180.878,     250.998,    250.360,
   30,       73.3,    181.032,     254.099,    253.300,
   31,       75.8,    181.122,     256.402,    256.192,
   32,       78.3,    180.955,     259.954,    259.032,
   33,       80.8,    180.826,     262.793,    261.817,
   34,       83.3,    181.019,     265.607,    264.552,
   35,       85.8,    180.839,     268.083,    267.229,
   36,       88.3,    180.955,     270.344,    269.853,
   37,       90.8,    180.942,     272.684,    272.419,
   38,       93.3,    181.019,     274.998,    274.930,
   39,       95.8,    180.942,     278.100,    277.382,
   40,       98.3,    180.929,     279.667,    279.775,
   41,      100.8,    180.904,     282.139,    282.109,
   42,      103.3,    180.904,     284.240,    284.385,
   43,      105.8,    181.045,     286.448,    286.602,
   44,      108.3,    180.929,     288.732,    288.760,
   45,      110.8,    181.109,     290.432,    290.861,
   46,      113.3,    180.968,     292.980,    292.901,
   47,      115.8,    181.058,     294.381,    294.884,
   48,      118.3,    181.058,     296.811,    296.810,
   49,      120.8,    180.994,     298.132,    298.677,
   50,      123.3,    181.071,     300.214,    300.488,
   51,      125.8,    181.186,     301.789,    302.244,
   52,      128.3,    180.929,     303.876,    303.943,
   53,      130.8,    181.122,     305.208,    305.588,
   54,      133.3,    181.161,     306.579,    307.180,
   55,      135.8,    181.045,     308.100,    308.719,
   56,      138.3,    181.032,     310.442,    310.206,
   57,      140.8,    181.122,     311.171,    311.642,
   58,      143.3,    181.174,     312.960,    313.030,
   59,      145.8,    180.994,     314.044,    314.367,
   60,      148.3,    180.955,     315.769,    315.657,
   61,      150.8,    181.032,     316.739,    316.901,
   62,      153.3,    181.174,     318.590,    318.100,
   63,      155.8,    181.148,     318.745,    319.255,
   64,      158.3,    181.135,     320.424,    320.367,
   65,      160.8,    180.968,     322.157,    321.437,
   66,      163.3,    181.199,     323.401,    322.467,
   67,      165.8,    180.942,     324.524,    323.457,
   68,      168.3,    181.019,     325.048,    324.409,
   69,      170.8,    180.981,     326.112,    325.324,
   70,      175.8,    179.914,     326.045,    326.621,
----,
DateTime:        , 2025/11/18, 13:30:23, 1763487022948,
RFID_EPC:        ,--Not Acquired--,
RFID_UserData:   ,--Not Acquired--,
Barcode:         ,--Not Acquired--,
PIF:,            0.00,
PARs:,            0.0,     0.0,     0.0,     0.0,     0.0,     0.0,
Light:,           0.0,     0.0,     0.0,     0.0,     0.0,     0.0,
Cycles:,            1,
                    1,      69,      70,      70,
Lamps:,        #10000,
Gain:,              5,      25, 
SNR_raw:,     375.90,
Position:,        0.0,              0.0,   NoData,
DataPt,      Time(us),   EX,         EM,       Fit,
==========,==========,==========,==========,=========,
    0,        0.0,      0.000,       0.000,    156.544,
    1,        0.8,    165.322,     156.906,    159.321,
    2,        3.3,    180.016,     162.529,    162.405,
    3,        5.8,    180.093,     167.691,    165.547,
    4,        8.3,    180.222,     170.235,    168.741,
    5,       10.8,    180.247,     172.763,    171.979,
    6,       13.3,    180.337,     176.003,    175.257,
    7,       15.8,    180.556,     178.670,    178.571,
    8,       18.3,    180.633,     181.916,    181.913,
    9,       20.8,    180.594,     185.388,    185.276,
   10,       23.3,    180.504,     188.472,    188.654,
   11,       25.8,    180.594,     191.257,    192.047,
   12,       28.3,    180.556,     195.064,    195.446,
   13,       30.8,    180.774,     197.926,    198.852,
   14,       33.3,    180.620,     201.417,    202.255,
   15,       35.8,    180.852,     204.919,    205.657,
   16,       38.3,    180.800,     208.518,    209.050,
   17,       40.8,    180.839,     211.570,    212.432,
   18,       43.3,    180.749,     215.548,    215.796,
   19,       45.8,    180.929,     218.539,    219.144,
   20,       48.3,    180.839,     222.076,    222.468,
   21,       50.8,    180.864,     225.583,    225.767,
   22,       53.3,    180.800,     228.650,    229.036,
   23,       55.8,    180.916,     233.037,    232.275,
   24,       58.3,    180.839,     235.790,    235.479,
   25,       60.8,    180.826,     238.461,    238.646,
   26,       63.3,    180.929,     242.416,    241.774,
   27,       65.8,    180.980,     244.557,    244.861,
   28,       68.3,    180.890,     248.659,    247.903,
   29,       70.8,    181.019,     251.245,    250.900,
   30,       73.3,    180.942,     254.557,    253.848,
   31,       75.8,    180.954,     257.192,    256.746,
   32,       78.3,    180.980,     260.029,    259.593,
   33,       80.8,    180.864,     263.512,    262.385,
   34,       83.3,    181.070,     266.637,    265.125,
   35,       85.8,    180.929,     268.614,    267.808,
   36,       88.3,    181.006,     271.152,    270.435,
   37,       90.8,    181.006,     273.251,    273.004,
   38,       93.3,    180.954,     276.202,    275.514,
   39,       95.8,    181.032,     278.294,    277.966,
   40,       98.3,    181.199,     279.693,    280.361,
   41,      100.8,    180.993,     282.884,    282.693,
   42,      103.3,    181.122,     284.671,    284.966,
   43,      105.8,    180.942,     286.944,    287.177,
   44,      108.3,    180.954,     289.244,    289.329,
   45,      110.8,    180.929,     290.612,    291.420,
   46,      113.3,    181.057,     293.498,    293.453,
   47,      115.8,    181.109,     294.630,    295.426,
   48,      118.3,    181.096,     296.970,    297.341,
   49,      120.8,    181.134,     298.784,    299.198,
   50,      123.3,    181.032,     300.721,    300.996,
   51,      125.8,    181.122,     302.670,    302.738,
   52,      128.3,    180.967,     303.812,    304.423,
   53,      130.8,    180.993,     305.647,    306.052,
   54,      133.3,    181.160,     307.463,    307.629,
   55,      135.8,    181.199,     308.943,    309.152,
   56,      138.3,    181.122,     310.179,    310.622,
   57,      140.8,    180.993,     311.946,    312.040,
   58,      143.3,    181.083,     313.227,    313.409,
   59,      145.8,    181.083,     314.552,    314.728,
   60,      148.3,    181.224,     315.962,    316.001,
   61,      150.8,    181.083,     317.424,    317.225,
   62,      153.3,    181.083,     318.528,    318.405,
   63,      155.8,    180.980,     319.814,    319.540,
   64,      158.3,    181.057,     320.893,    320.632,
   65,      160.8,    181.109,     322.237,    321.682,
   66,      163.3,    181.057,     323.213,    322.691,
   67,      165.8,    181.134,     324.179,    323.662,
   68,      168.3,    181.134,     326.388,    324.594,
   69,      170.8,    181.250,     326.621,    325.489,
   70,      175.8,    179.926,     325.467,    326.753,
