----,
DateTime:        , 2025/11/19, 14:16:53, 1763576213522,
RFID_EPC:        ,--Not Acquired--,
RFID_UserData:   ,--Not Acquired--,
Barcode:         ,--Not Acquired--,
PIF:,            0.00,
PARs:,            0.0,     0.0,     0.0,     0.0,     0.0,     0.0,
Light:,           0.0,     0.0,     0.0,     0.0,     0.0,     0.0,
Cycles:,            1,
                    1,      69,      70,      70,
Lamps:,        #10000,
Gain:,              2,      50, 
SNR_raw:,     298.03,
Position:,        0.0,              0.0,   NoData,
DataPt,      Time(us),   EX,         EM,       Fit,
==========,==========,==========,==========,=========,
    0,        0.0,      0.000,       0.000,    101.948,
    1,        0.8,    160.860,     101.331,    106.464,
    2,        3.3,    179.973,     111.922,    111.690,
    3,        5.8,    180.002,     121.387,    117.079,
    4,        8.3,    180.076,     125.780,    122.604,
    5,       10.8,    180.267,     130.362,    128.240,
    6,       13.3,    180.355,     135.011,    133.962,
    7,       15.8,    180.620,     140.350,    139.753,
    8,       18.3,    180.488,     145.993,    145.583,
    9,       20.8,    180.495,     150.143,    151.438,
   10,       23.3,    180.598,     156.702,    157.306,
   11,       25.8,    180.723,     162.127,    163.173,
   12,       28.3,    180.723,     166.830,    169.021,
   13,       30.8,    180.613,     172.745,    174.836,
   14,       33.3,    180.576,     178.872,    180.609,
   15,       35.8,    180.649,     184.889,    186.331,
   16,       38.3,    180.826,     191.344,    191.996,
   17,       40.8,    180.715,     197.271,    197.588,
   18,       43.3,    180.620,     203.466,    203.100,
   19,       45.8,    180.921,     208.378,    208.532,
   20,       48.3,    180.907,     214.199,    213.872,
   21,       50.8,    180.796,     219.308,    219.110,
   22,       53.3,    180.914,     223.311,    224.246,
   23,       55.8,    180.899,     228.304,    229.272,
   24,       58.3,    180.892,     234.394,    234.184,
   25,       60.8,    181.009,     239.490,    238.980,
   26,       63.3,    180.987,     244.492,    243.655,
   27,       65.8,    180.892,     248.491,    248.204,
   28,       68.3,    181.098,     252.074,    252.630,
   29,       70.8,    180.929,     258.942,    256.926,
   30,       73.3,    180.907,     263.119,    261.092,
   31,       75.8,    181.090,     265.337,    265.131,
   32,       78.3,    180.995,     270.450,    269.037,
   33,       80.8,    181.134,     274.106,    272.816,
   34,       83.3,    181.333,     276.839,    276.467,
   35,       85.8,    181.149,     280.156,    279.986,
   36,       88.3,    181.142,     284.308,    283.377,
   37,       90.8,    180.877,     287.488,    286.639,
   38,       93.3,    181.054,     289.969,    289.778,
   39,       95.8,    181.208,     293.033,    292.795,
   40,       98.3,    180.936,     295.685,    295.689,
   41,      100.8,    181.157,     297.533,    298.467,
   42,      103.3,    181.193,     301.612,    301.129,
   43,      105.8,    181.406,     302.911,    303.681,
   44,      108.3,    181.201,     306.014,    306.121,
   45,      110.8,    181.223,     308.460,    308.454,
   46,      113.3,    181.296,     309.990,    310.684,
   47,      115.8,    181.157,     312.989,    312.812,
   48,      118.3,    181.289,     315.243,    314.844,
   49,      120.8,    181.054,     316.205,    316.780,
   50,      123.3,    181.171,     319.035,    318.626,
   51,      125.8,    181.149,     317.694,    320.385,
   52,      128.3,    181.281,     320.220,    322.059,
   53,      130.8,    181.090,     322.767,    323.651,
   54,      133.3,    181.223,     324.739,    325.166,
   55,      135.8,    181.311,     327.063,    326.606,
   56,      138.3,    181.208,     327.248,    327.974,
   57,      140.8,    181.311,     328.993,    329.274,
   58,      143.3,    181.105,     330.195,    330.508,
   59,      145.8,    181.296,     331.502,    331.678,
   60,      148.3,    181.274,     332.094,    332.789,
   61,      150.8,    181.193,     333.622,    333.842,
   62,      153.3,    181.157,     334.793,    334.840,
   63,      155.8,    181.259,     335.982,    335.786,
   64,      158.3,    181.237,     336.575,    336.682,
   65,      160.8,    181.311,     338.369,    337.531,
   66,      163.3,    181.193,     338.589,    338.334,
   67,      165.8,    181.142,     340.065,    339.095,
   68,      168.3,    181.289,     340.617,    339.815,
   69,      170.8,    181.252,     341.513,    340.496,
   70,      175.8,    179.525,     342.572,    342.160,
----,
DateTime:        , 2025/11/19, 14:16:56, 1763576216072,
RFID_EPC:        ,--Not Acquired--,
RFID_UserData:   ,--Not Acquired--,
Barcode:         ,--Not Acquired--,
PIF:,            0.00,
PARs:,            0.0,     0.0,     0.0,     0.0,     0.0,     0.0,
Light:,           0.0,     0.0,     0.0,     0.0,     0.0,     0.0,
Cycles:,            1,
                    1,      69,      70,      70,
Lamps:,        #10000,
Gain:,              2,      50, 
SNR_raw:,     282.42,
Position:,        0.0,              0.0,   NoData,
DataPt,      Time(us),   EX,         EM,       Fit,
==========,==========,==========,==========,=========,
    0,        0.0,      0.000,       0.000,    117.541,
    1,        0.8,    161.212,     117.857,    122.351,
    2,        3.3,    179.993,     127.584,    127.739,
    3,        5.8,    180.133,     136.288,    133.142,
    4,        8.3,    180.324,     141.412,    138.553,
    5,       10.8,    180.368,     145.536,    143.962,
    6,       13.3,    180.332,     150.833,    149.358,
    7,       15.8,    180.390,     154.665,    154.736,
    8,       18.3,    180.596,     160.026,    160.093,
    9,       20.8,    180.545,     164.779,    165.414,
   10,       23.3,    180.552,     170.311,    170.695,
   11,       25.8,    180.508,     173.677,    175.927,
   12,       28.3,    180.604,     180.783,    181.107,
   13,       30.8,    180.706,     185.107,    186.230,
   14,       33.3,    180.920,     190.969,    191.293,
   15,       35.8,    180.971,     195.611,    196.285,
   16,       38.3,    180.912,     201.755,    201.198,
   17,       40.8,    180.956,     206.403,    206.030,
   18,       43.3,    180.875,     210.366,    210.774,
   19,       45.8,    180.743,     213.839,    215.423,
   20,       48.3,    180.956,     220.219,    219.983,
   21,       50.8,    180.773,     224.315,    224.440,
   22,       53.3,    180.802,     228.150,    228.796,
   23,       55.8,    180.883,     232.471,    233.051,
   24,       58.3,    180.868,     237.466,    237.199,
   25,       60.8,    180.978,     241.189,    241.241,
   26,       63.3,    180.971,     244.238,    245.172,
   27,       65.8,    181.155,     249.510,    248.997,
   28,       68.3,    180.956,     253.652,    252.705,
   29,       70.8,    181.015,     257.437,    256.303,
   30,       73.3,    181.052,     260.423,    259.788,
   31,       75.8,    181.059,     264.002,    263.161,
   32,       78.3,    180.993,     267.690,    266.421,
   33,       80.8,    180.971,     271.038,    269.570,
   34,       83.3,    181.045,     273.966,    272.609,
   35,       85.8,    181.133,     276.317,    275.541,
   36,       88.3,    181.045,     278.661,    278.364,
   37,       90.8,    181.287,     281.597,    281.084,
   38,       93.3,    181.000,     282.872,    283.697,
   39,       95.8,    181.206,     286.138,    286.210,
   40,       98.3,    181.184,     288.381,    288.623,
   41,      100.8,    181.045,     291.365,    290.936,
   42,      103.3,    181.074,     293.250,    293.155,
   43,      105.8,    181.045,     294.679,    295.281,
   44,      108.3,    181.133,     297.572,    297.317,
   45,      110.8,    181.111,     298.436,    299.266,
   46,      113.3,    181.074,     301.534,    301.129,
   47,      115.8,    181.170,     303.031,    302.911,
   48,      118.3,    181.162,     303.043,    304.613,
   49,      120.8,    181.206,     304.901,    306.238,
   50,      123.3,    180.978,     308.877,    307.788,
   51,      125.8,    181.177,     309.090,    309.267,
   52,      128.3,    181.331,     309.654,    310.679,
   53,      130.8,    181.162,     311.875,    312.023,
   54,      133.3,    181.140,     312.189,    313.303,
   55,      135.8,    181.162,     313.807,    314.522,
   56,      138.3,    181.059,     315.366,    315.682,
   57,      140.8,    181.302,     316.599,    316.786,
   58,      143.3,    181.133,     317.723,    317.836,
   59,      145.8,    181.206,     317.870,    318.834,
   60,      148.3,    181.170,     319.590,    319.783,
   61,      150.8,    181.089,     321.666,    320.684,
   62,      153.3,    181.133,     322.139,    321.540,
   63,      155.8,    181.133,     321.863,    322.353,
   64,      158.3,    181.302,     322.666,    323.126,
   65,      160.8,    181.045,     323.953,    323.858,
   66,      163.3,    181.118,     326.306,    324.553,
   67,      165.8,    181.309,     325.687,    325.213,
   68,      168.3,    181.331,     327.302,    325.839,
   69,      170.8,    181.192,     328.658,    326.433,
   70,      175.8,    179.736,     327.146,    327.203,
----,
DateTime:        , 2025/11/19, 14:16:58, 1763576218545,
RFID_EPC:        ,--Not Acquired--,
RFID_UserData:   ,--Not Acquired--,
Barcode:         ,--Not Acquired--,
PIF:,            0.00,
PARs:,            0.0,     0.0,     0.0,     0.0,     0.0,     0.0,
Light:,           0.0,     0.0,     0.0,     0.0,     0.0,     0.0,
Cycles:,            1,
                    1,      69,      70,      70,
Lamps:,        #10000,
Gain:,              2,      50, 
SNR_raw:,     245.73,
Position:,        0.0,              0.0,   NoData,
DataPt,      Time(us),   EX,         EM,       Fit,
==========,==========,==========,==========,=========,
    0,        0.0,      0.000,       0.000,    120.978,
    1,        0.8,    161.321,     119.327,    125.348,
    2,        3.3,    180.000,     130.393,    130.282,
    3,        5.8,    179.956,     140.312,    135.265,
    4,        8.3,    180.081,     142.991,    140.289,
    5,       10.8,    180.323,     147.236,    145.344,
    6,       13.3,    180.338,     152.491,    150.412,
    7,       15.8,    180.375,     155.232,    155.483,
    8,       18.3,    180.492,     159.841,    160.549,
    9,       20.8,    180.654,     165.510,    165.600,
   10,       23.3,    180.441,     169.030,    170.618,
   11,       25.8,    180.478,     175.368,    175.600,
   12,       28.3,    180.669,     180.164,    180.542,
   13,       30.8,    180.889,     183.814,    185.437,
   14,       33.3,    180.750,     188.659,    190.268,
   15,       35.8,    180.698,     194.523,    195.030,
   16,       38.3,    180.772,     198.593,    199.721,
   17,       40.8,    180.831,     204.888,    204.334,
   18,       43.3,    180.794,     207.972,    208.861,
   19,       45.8,    180.757,     213.546,    213.297,
   20,       48.3,    180.757,     217.419,    217.639,
   21,       50.8,    180.926,     221.085,    221.886,
   22,       53.3,    180.933,     226.050,    226.032,
   23,       55.8,    180.970,     228.491,    230.073,
   24,       58.3,    181.095,     234.683,    234.009,
   25,       60.8,    181.058,     237.216,    237.835,
   26,       63.3,    180.860,     242.176,    241.545,
   27,       65.8,    180.919,     246.243,    245.144,
   28,       68.3,    181.058,     247.710,    248.632,
   29,       70.8,    181.036,     253.264,    252.006,
   30,       73.3,    180.970,     255.014,    255.265,
   31,       75.8,    180.992,     259.956,    258.410,
   32,       78.3,    180.948,     262.230,    261.442,
   33,       80.8,    181.029,     265.427,    264.364,
   34,       83.3,    181.227,     268.171,    267.177,
   35,       85.8,    181.066,     269.239,    269.879,
   36,       88.3,    181.044,     272.310,    272.473,
   37,       90.8,    181.294,     275.796,    274.964,
   38,       93.3,    181.139,     276.307,    277.350,
   39,       95.8,    181.198,     279.528,    279.636,
   40,       98.3,    181.088,     281.079,    281.822,
   41,      100.8,    181.154,     284.565,    283.912,
   42,      103.3,    181.014,     286.994,    285.908,
   43,      105.8,    181.095,     288.246,    287.814,
   44,      108.3,    180.970,     289.550,    289.632,
   45,      110.8,    180.941,     291.255,    291.364,
   46,      113.3,    181.183,     294.177,    293.016,
   47,      115.8,    181.139,     294.801,    294.589,
   48,      118.3,    181.301,     297.296,    296.087,
   49,      120.8,    181.316,     297.272,    297.511,
   50,      123.3,    181.110,     298.162,    298.864,
   51,      125.8,    181.103,     299.278,    300.149,
   52,      128.3,    181.250,     301.518,    301.370,
   53,      130.8,    181.000,     302.487,    302.528,
   54,      133.3,    181.198,     302.983,    303.627,
   55,      135.8,    181.080,     304.285,    304.668,
   56,      138.3,    181.220,     304.602,    305.656,
   57,      140.8,    181.036,     306.568,    306.592,
   58,      143.3,    181.213,     306.546,    307.479,
   59,      145.8,    181.404,     307.325,    308.319,
   60,      148.3,    181.316,     308.854,    309.114,
   61,      150.8,    181.154,     309.681,    309.866,
   62,      153.3,    181.257,     310.057,    310.577,
   63,      155.8,    181.294,     312.201,    311.250,
   64,      158.3,    181.044,     312.356,    311.886,
   65,      160.8,    181.154,     312.717,    312.487,
   66,      163.3,    181.176,     313.507,    313.055,
   67,      165.8,    181.426,     315.280,    313.592,
   68,      168.3,    181.235,     314.785,    314.099,
   69,      170.8,    181.316,     314.920,    314.578,
   70,      175.8,    179.875,     315.219,    315.226,
----,
DateTime:        , 2025/11/19, 14:17:01, 1763576221023,
RFID_EPC:        ,--Not Acquired--,
RFID_UserData:   ,--Not Acquired--,
Barcode:         ,--Not Acquired--,
PIF:,            0.00,
PARs:,            0.0,     0.0,     0.0,     0.0,     0.0,     0.0,
Light:,           0.0,     0.0,     0.0,     0.0,     0.0,     0.0,
Cycles:,            1,
                    1,      69,      70,      70,
Lamps:,        #10000,
Gain:,              2,      50, 
SNR_raw:,     282.56,
Position:,        0.0,              0.0,   NoData,
DataPt,      Time(us),   EX,         EM,       Fit,
==========,==========,==========,==========,=========,
    0,        0.0,      0.000,       0.000,    113.783,
    1,        0.8,    161.247,     113.180,    118.132,
    2,        3.3,    179.880,     123.218,    123.089,
    3,        5.8,    180.019,     132.208,    128.144,
    4,        8.3,    180.152,     136.829,    133.280,
    5,       10.8,    180.424,     138.840,    138.481,
    6,       13.3,    180.357,     145.822,    143.723,
    7,       15.8,    180.262,     148.118,    148.990,
    8,       18.3,    180.585,     152.836,    154.278,
    9,       20.8,    180.600,     159.192,    159.568,
   10,       23.3,    180.563,     164.485,    164.845,
   11,       25.8,    180.556,     169.477,    170.100,
   12,       28.3,    180.681,     174.064,    175.325,
   13,       30.8,    180.784,     178.390,    180.511,
   14,       33.3,    180.762,     185.604,    185.646,
   15,       35.8,    180.850,     190.766,    190.723,
   16,       38.3,    180.798,     195.798,    195.733,
   17,       40.8,    180.776,     200.801,    200.669,
   18,       43.3,    180.842,     205.980,    205.527,
   19,       45.8,    180.710,     209.451,    210.295,
   20,       48.3,    181.056,     214.299,    214.980,
   21,       50.8,    180.806,     220.126,    219.565,
   22,       53.3,    180.813,     223.712,    224.049,
   23,       55.8,    180.938,     229.084,    228.432,
   24,       58.3,    180.842,     232.523,    232.706,
   25,       60.8,    180.828,     236.689,    236.871,
   26,       63.3,    180.989,     240.069,    240.926,
   27,       65.8,    180.909,     245.428,    244.866,
   28,       68.3,    181.107,     249.300,    248.695,
   29,       70.8,    181.188,     253.604,    252.409,
   30,       73.3,    181.078,     255.415,    256.004,
   31,       75.8,    181.136,     259.473,    259.483,
   32,       78.3,    181.122,     262.807,    262.846,
   33,       80.8,    180.938,     266.113,    266.090,
   34,       83.3,    180.938,     271.087,    269.219,
   35,       85.8,    180.967,     273.806,    272.235,
   36,       88.3,    180.967,     275.188,    275.138,
   37,       90.8,    181.004,     278.723,    277.930,
   38,       93.3,    181.078,     281.095,    280.614,
   39,       95.8,    181.166,     282.338,    283.192,
   40,       98.3,    181.166,     285.926,    285.665,
   41,      100.8,    181.217,     287.500,    288.037,
   42,      103.3,    181.232,     290.236,    290.308,
   43,      105.8,    181.232,     291.891,    292.482,
   44,      108.3,    181.181,     293.630,    294.561,
   45,      110.8,    181.136,     296.185,    296.547,
   46,      113.3,    180.967,     298.120,    298.444,
   47,      115.8,    181.239,     299.604,    300.256,
   48,      118.3,    181.232,     302.375,    301.985,
   49,      120.8,    181.114,     303.951,    303.632,
   50,      123.3,    181.261,     305.360,    305.203,
   51,      125.8,    181.107,     306.449,    306.699,
   52,      128.3,    181.136,     308.331,    308.123,
   53,      130.8,    181.173,     309.372,    309.477,
   54,      133.3,    181.210,     311.241,    310.766,
   55,      135.8,    181.114,     310.853,    311.991,
   56,      138.3,    181.166,     313.249,    313.155,
   57,      140.8,    181.181,     314.879,    314.261,
   58,      143.3,    181.210,     314.276,    315.311,
   59,      145.8,    181.144,     316.599,    316.307,
   60,      148.3,    181.181,     318.191,    317.253,
   61,      150.8,    181.232,     316.721,    318.150,
   62,      153.3,    181.320,     318.773,    319.001,
   63,      155.8,    181.298,     320.467,    319.807,
   64,      158.3,    181.313,     321.268,    320.571,
   65,      160.8,    181.254,     321.648,    321.296,
   66,      163.3,    181.144,     322.120,    321.982,
   67,      165.8,    181.239,     322.777,    322.631,
   68,      168.3,    181.078,     323.066,    323.246,
   69,      170.8,    181.261,     324.117,    323.829,
   70,      175.8,    179.740,     325.192,    325.087,
----,
DateTime:        , 2025/11/19, 14:17:03, 1763576223520,
RFID_EPC:        ,--Not Acquired--,
RFID_UserData:   ,--Not Acquired--,
Barcode:         ,--Not Acquired--,
PIF:,            0.00,
PARs:,            0.0,     0.0,     0.0,     0.0,     0.0,     0.0,
Light:,           0.0,     0.0,     0.0,     0.0,     0.0,     0.0,
Cycles:,            1,
                    1,      69,      70,      70,
Lamps:,        #10000,
Gain:,              2,      50, 
SNR_raw:,     284.74,
Position:,        0.0,              0.0,   NoData,
DataPt,      Time(us),   EX,         EM,       Fit,
==========,==========,==========,==========,=========,
    0,        0.0,      0.000,       0.000,    109.580,
    1,        0.8,    161.261,     108.830,    113.730,
    2,        3.3,    179.876,     118.785,    118.538,
    3,        5.8,    180.111,     127.699,    123.518,
    4,        8.3,    180.287,     130.902,    128.636,
    5,       10.8,    180.273,     134.796,    133.858,
    6,       13.3,    180.383,     139.980,    139.163,
    7,       15.8,    180.280,     145.329,    144.521,
    8,       18.3,    180.559,     150.366,    149.923,
    9,       20.8,    180.670,     154.979,    155.346,
   10,       23.3,    180.640,     160.540,    160.770,
   11,       25.8,    180.640,     164.969,    166.181,
   12,       28.3,    180.780,     170.650,    171.568,
   13,       30.8,    180.728,     175.125,    176.916,
   14,       33.3,    180.853,     181.639,    182.217,
   15,       35.8,    180.787,     186.960,    187.457,
   16,       38.3,    180.706,     191.194,    192.627,
   17,       40.8,    180.809,     197.169,    197.722,
   18,       43.3,    180.765,     201.643,    202.732,
   19,       45.8,    180.758,     207.460,    207.650,
   20,       48.3,    180.802,     212.940,    212.473,
   21,       50.8,    180.905,     218.347,    217.195,
   22,       53.3,    180.971,     220.754,    221.812,
   23,       55.8,    181.199,     225.995,    226.323,
   24,       58.3,    181.030,     230.625,    230.716,
   25,       60.8,    181.000,     234.806,    234.992,
   26,       63.3,    180.897,     239.362,    239.147,
   27,       65.8,    181.037,     243.320,    243.184,
   28,       68.3,    180.861,     247.152,    247.095,
   29,       70.8,    181.030,     252.721,    250.886,
   30,       73.3,    180.986,     255.545,    254.553,
   31,       75.8,    181.074,     259.010,    258.098,
   32,       78.3,    181.044,     261.262,    261.519,
   33,       80.8,    181.147,     264.702,    264.820,
   34,       83.3,    181.169,     269.085,    268.000,
   35,       85.8,    181.052,     272.298,    271.059,
   36,       88.3,    181.118,     274.131,    274.001,
   37,       90.8,    181.008,     277.613,    276.826,
   38,       93.3,    181.235,     280.023,    279.539,
   39,       95.8,    181.213,     283.092,    282.141,
   40,       98.3,    181.213,     284.471,    284.633,
   41,      100.8,    181.184,     287.277,    287.020,
   42,      103.3,    181.316,     289.549,    289.303,
   43,      105.8,    180.978,     290.919,    291.484,
   44,      108.3,    181.110,     292.915,    293.569,
   45,      110.8,    181.074,     295.460,    295.558,
   46,      113.3,    181.140,     297.284,    297.457,
   47,      115.8,    181.133,     299.228,    299.267,
   48,      118.3,    180.941,     301.202,    300.991,
   49,      120.8,    181.103,     303.418,    302.633,
   50,      123.3,    181.044,     303.241,    304.196,
   51,      125.8,    181.265,     305.354,    305.683,
   52,      128.3,    181.103,     306.455,    307.097,
   53,      130.8,    181.221,     307.084,    308.441,
   54,      133.3,    181.213,     307.924,    309.718,
   55,      135.8,    181.184,     309.906,    310.930,
   56,      138.3,    181.309,     311.899,    312.081,
   57,      140.8,    181.162,     312.152,    313.173,
   58,      143.3,    181.096,     313.094,    314.209,
   59,      145.8,    181.250,     315.862,    315.191,
   60,      148.3,    181.096,     317.235,    316.122,
   61,      150.8,    181.096,     316.131,    317.004,
   62,      153.3,    181.096,     317.235,    317.840,
   63,      155.8,    181.110,     318.590,    318.631,
   64,      158.3,    181.213,     319.513,    319.380,
   65,      160.8,    181.191,     320.104,    320.089,
   66,      163.3,    181.206,     320.905,    320.760,
   67,      165.8,    181.184,     322.048,    321.394,
   68,      168.3,    181.206,     323.389,    321.995,
   69,      170.8,    181.155,     323.481,    322.562,
   70,      175.8,    179.663,     324.775,    324.241,
----,
DateTime:        , 2025/11/19, 14:17:06, 1763576226076,
RFID_EPC:        ,--Not Acquired--,
RFID_UserData:   ,--Not Acquired--,
Barcode:         ,--Not Acquired--,
PIF:,            0.00,
PARs:,            0.0,     0.0,     0.0,     0.0,     0.0,     0.0,
Light:,           0.0,     0.0,     0.0,     0.0,     0.0,     0.0,
Cycles:,            1,
                    1,      69,      70,      70,
Lamps:,        #10000,
Gain:,              2,      50, 
SNR_raw:,     252.85,
Position:,        0.0,              0.0,   NoData,
DataPt,      Time(us),   EX,         EM,       Fit,
==========,==========,==========,==========,=========,
    0,        0.0,      0.000,       0.000,    110.518,
    1,        0.8,    161.184,     109.192,    115.065,
    2,        3.3,    180.059,     119.689,    120.200,
    3,        5.8,    180.118,     129.082,    125.387,
    4,        8.3,    180.103,     132.702,    130.612,
    5,       10.8,    180.199,     139.291,    135.865,
    6,       13.3,    180.294,     143.099,    141.136,
    7,       15.8,    180.441,     146.862,    146.416,
    8,       18.3,    180.552,     151.203,    151.692,
    9,       20.8,    180.588,     156.710,    156.954,
   10,       23.3,    180.662,     160.798,    162.193,
   11,       25.8,    180.544,     166.995,    167.395,
   12,       28.3,    180.640,     172.166,    172.556,
   13,       30.8,    180.588,     176.645,    177.666,
   14,       33.3,    180.676,     181.817,    182.721,
   15,       35.8,    180.823,     186.093,    187.713,
   16,       38.3,    180.948,     191.767,    192.637,
   17,       40.8,    180.912,     197.057,    197.482,
   18,       43.3,    180.801,     202.155,    202.241,
   19,       45.8,    180.831,     206.823,    206.911,
   20,       48.3,    180.860,     211.766,    211.488,
   21,       50.8,    180.801,     215.706,    215.966,
   22,       53.3,    180.904,     219.729,    220.344,
   23,       55.8,    180.809,     224.823,    224.615,
   24,       58.3,    180.948,     229.071,    228.781,
   25,       60.8,    180.948,     233.492,    232.837,
   26,       63.3,    181.015,     236.997,    236.781,
   27,       65.8,    180.985,     241.456,    240.612,
   28,       68.3,    181.044,     243.863,    244.328,
   29,       70.8,    181.110,     248.192,    247.929,
   30,       73.3,    181.213,     251.362,    251.417,
   31,       75.8,    181.184,     254.438,    254.788,
   32,       78.3,    181.073,     259.011,    258.041,
   33,       80.8,    180.860,     262.910,    261.177,
   34,       83.3,    181.044,     262.920,    264.203,
   35,       85.8,    180.926,     266.959,    267.114,
   36,       88.3,    181.169,     270.190,    269.917,
   37,       90.8,    181.088,     274.176,    272.611,
   38,       93.3,    181.110,     275.247,    275.198,
   39,       95.8,    181.264,     278.598,    277.681,
   40,       98.3,    181.125,     280.746,    280.061,
   41,      100.8,    181.206,     282.276,    282.341,
   42,      103.3,    181.191,     284.782,    284.524,
   43,      105.8,    181.110,     287.670,    286.611,
   44,      108.3,    181.140,     287.624,    288.606,
   45,      110.8,    181.117,     288.763,    290.512,
   46,      113.3,    181.125,     292.340,    292.332,
   47,      115.8,    181.044,     294.680,    294.068,
   48,      118.3,    181.022,     296.097,    295.722,
   49,      120.8,    181.184,     297.212,    297.300,
   50,      123.3,    181.169,     299.168,    298.803,
   51,      125.8,    181.235,     298.783,    300.234,
   52,      128.3,    181.294,     301.720,    301.596,
   53,      130.8,    181.309,     302.247,    302.891,
   54,      133.3,    181.162,     302.768,    304.122,
   55,      135.8,    181.110,     304.787,    305.291,
   56,      138.3,    181.198,     305.466,    306.402,
   57,      140.8,    180.978,     307.220,    307.457,
   58,      143.3,    181.103,     307.836,    308.458,
   59,      145.8,    181.191,     309.342,    309.408,
   60,      148.3,    181.294,     309.994,    310.310,
   61,      150.8,    181.095,     310.610,    311.164,
   62,      153.3,    181.264,     311.423,    311.974,
   63,      155.8,    181.250,     313.931,    312.742,
   64,      158.3,    181.044,     314.012,    313.470,
   65,      160.8,    181.338,     315.157,    314.159,
   66,      163.3,    181.220,     314.258,    314.811,
   67,      165.8,    181.228,     316.453,    315.429,
   68,      168.3,    181.147,     316.042,    316.014,
   69,      170.8,    181.088,     316.697,    316.567,
   70,      175.8,    179.897,     317.959,    317.690,
----,
DateTime:        , 2025/11/19, 14:17:08, 1763576228605,
RFID_EPC:        ,--Not Acquired--,
RFID_UserData:   ,--Not Acquired--,
Barcode:         ,--Not Acquired--,
PIF:,            0.00,
PARs:,            0.0,     0.0,     0.0,     0.0,     0.0,     0.0,
Light:,           0.0,     0.0,     0.0,     0.0,     0.0,     0.0,
Cycles:,            1,
                    1,      69,      70,      70,
Lamps:,        #10000,
Gain:,              2,      50, 
SNR_raw:,     256.27,
Position:,        0.0,              0.0,   NoData,
DataPt,      Time(us),   EX,         EM,       Fit,
==========,==========,==========,==========,=========,
    0,        0.0,      0.000,       0.000,    114.107,
    1,        0.8,    161.215,     113.823,    118.480,
    2,        3.3,    180.008,     123.721,    123.410,
    3,        5.8,    180.280,     132.571,    128.388,
    4,        8.3,    180.324,     135.589,    133.399,
    5,       10.8,    180.221,     140.105,    138.429,
    6,       13.3,    180.398,     143.017,    143.475,
    7,       15.8,    180.383,     149.404,    148.525,
    8,       18.3,    180.390,     153.001,    153.569,
    9,       20.8,    180.442,     157.114,    158.600,
   10,       23.3,    180.405,     162.135,    163.606,
   11,       25.8,    180.662,     168.270,    168.589,
   12,       28.3,    180.435,     173.193,    173.526,
   13,       30.8,    180.846,     178.605,    178.428,
   14,       33.3,    180.743,     182.026,    183.273,
   15,       35.8,    180.927,     188.750,    188.062,
   16,       38.3,    180.765,     192.791,    192.780,
   17,       40.8,    180.868,     197.105,    197.427,
   18,       43.3,    180.751,     201.936,    201.992,
   19,       45.8,    180.839,     204.879,    206.475,
   20,       48.3,    180.846,     211.506,    210.870,
   21,       50.8,    180.839,     214.279,    215.171,
   22,       53.3,    180.956,     219.390,    219.376,
   23,       55.8,    180.707,     223.290,    223.477,
   24,       58.3,    181.133,     228.010,    227.481,
   25,       60.8,    181.096,     230.817,    231.379,
   26,       63.3,    180.920,     236.569,    235.164,
   27,       65.8,    181.015,     239.206,    238.841,
   28,       68.3,    180.898,     242.955,    242.405,
   29,       70.8,    181.184,     246.158,    245.861,
   30,       73.3,    181.030,     249.130,    249.202,
   31,       75.8,    180.971,     253.079,    252.429,
   32,       78.3,    181.067,     255.707,    255.545,
   33,       80.8,    180.949,     258.913,    258.548,
   34,       83.3,    181.008,     261.591,    261.440,
   35,       85.8,    181.133,     264.447,    264.225,
   36,       88.3,    181.184,     267.407,    266.902,
   37,       90.8,    181.067,     269.514,    269.471,
   38,       93.3,    181.133,     273.556,    271.936,
   39,       95.8,    181.155,     275.179,    274.299,
   40,       98.3,    181.045,     277.556,    276.561,
   41,      100.8,    181.133,     279.077,    278.725,
   42,      103.3,    181.243,     280.011,    280.796,
   43,      105.8,    181.059,     281.952,    282.773,
   44,      108.3,    181.192,     283.954,    284.661,
   45,      110.8,    181.059,     286.646,    286.461,
   46,      113.3,    181.272,     287.689,    288.179,
   47,      115.8,    181.294,     289.308,    289.815,
   48,      118.3,    181.206,     291.657,    291.373,
   49,      120.8,    181.162,     293.108,    292.854,
   50,      123.3,    181.317,     293.134,    294.264,
   51,      125.8,    181.103,     294.859,    295.603,
   52,      128.3,    181.287,     296.491,    296.876,
   53,      130.8,    181.162,     295.867,    298.084,
   54,      133.3,    181.177,     300.259,    299.231,
   55,      135.8,    181.111,     299.264,    300.319,
   56,      138.3,    181.250,     301.241,    301.350,
   57,      140.8,    181.074,     301.534,    302.328,
   58,      143.3,    181.302,     303.637,    303.254,
   59,      145.8,    181.184,     304.110,    304.132,
   60,      148.3,    181.170,     305.239,    304.963,
   61,      150.8,    181.155,     306.092,    305.749,
   62,      153.3,    181.192,     306.306,    306.493,
   63,      155.8,    181.125,     306.970,    307.197,
   64,      158.3,    181.140,     308.601,    307.863,
   65,      160.8,    181.045,     310.421,    308.492,
   66,      163.3,    181.192,     309.341,    309.087,
   67,      165.8,    181.228,     309.830,    309.650,
   68,      168.3,    181.001,     310.773,    310.181,
   69,      170.8,    181.236,     311.197,    310.683,
   70,      175.8,    179.891,     311.578,    311.543,
----,
DateTime:        , 2025/11/19, 14:17:11, 1763576231082,
RFID_EPC:        ,--Not Acquired--,
RFID_UserData:   ,--Not Acquired--,
Barcode:         ,--Not Acquired--,
PIF:,            0.00,
PARs:,            0.0,     0.0,     0.0,     0.0,     0.0,     0.0,
Light:,           0.0,     0.0,     0.0,     0.0,     0.0,     0.0,
Cycles:,            1,
                    1,      69,      70,      70,
Lamps:,        #10000,
Gain:,              2,      50, 
SNR_raw:,     348.45,
Position:,        0.0,              0.0,   NoData,
DataPt,      Time(us),   EX,         EM,       Fit,
==========,==========,==========,==========,=========,
    0,        0.0,      0.000,       0.000,    111.307,
    1,        0.8,    161.162,     110.758,    115.694,
    2,        3.3,    179.792,     120.687,    120.657,
    3,        5.8,    180.218,     129.565,    125.695,
    4,        8.3,    180.380,     133.884,    130.787,
    5,       10.8,    180.527,     137.376,    135.923,
    6,       13.3,    180.336,     141.680,    141.079,
    7,       15.8,    180.468,     146.563,    146.253,
    8,       18.3,    180.365,     151.914,    151.429,
    9,       20.8,    180.578,     155.057,    156.605,
   10,       23.3,    180.637,     161.097,    161.765,
   11,       25.8,    180.608,     166.383,    166.899,
   12,       28.3,    180.718,     171.538,    172.001,
   13,       30.8,    180.593,     175.810,    177.056,
   14,       33.3,    180.710,     180.952,    182.063,
   15,       35.8,    180.740,     186.456,    187.011,
   16,       38.3,    180.931,     190.680,    191.897,
   17,       40.8,    180.806,     195.237,    196.707,
   18,       43.3,    180.777,     201.353,    201.436,
   19,       45.8,    180.777,     206.609,    206.080,
   20,       48.3,    180.755,     211.060,    210.633,
   21,       50.8,    180.946,     214.982,    215.095,
   22,       53.3,    180.813,     219.010,    219.454,
   23,       55.8,    180.784,     224.024,    223.709,
   24,       58.3,    180.990,     227.913,    227.861,
   25,       60.8,    180.909,     231.885,    231.901,
   26,       63.3,    181.151,     236.542,    235.834,
   27,       65.8,    181.063,     240.524,    239.651,
   28,       68.3,    181.122,     244.034,    243.354,
   29,       70.8,    180.872,     247.965,    246.936,
   30,       73.3,    181.159,     250.333,    250.406,
   31,       75.8,    180.887,     254.579,    253.754,
   32,       78.3,    180.953,     258.078,    256.987,
   33,       80.8,    181.137,     260.301,    260.106,
   34,       83.3,    181.004,     263.253,    263.108,
   35,       85.8,    181.041,     265.409,    265.996,
   36,       88.3,    181.063,     269.519,    268.772,
   37,       90.8,    181.085,     271.695,    271.438,
   38,       93.3,    181.218,     274.808,    273.996,
   39,       95.8,    181.041,     277.285,    276.446,
   40,       98.3,    181.107,     277.184,    278.792,
   41,      100.8,    180.997,     281.496,    281.036,
   42,      103.3,    181.137,     282.935,    283.182,
   43,      105.8,    181.078,     285.512,    285.231,
   44,      108.3,    181.159,     286.765,    287.188,
   45,      110.8,    181.107,     288.503,    289.053,
   46,      113.3,    181.144,     290.377,    290.832,
   47,      115.8,    181.320,     292.852,    292.527,
   48,      118.3,    181.174,     293.917,    294.139,
   49,      120.8,    181.313,     295.345,    295.674,
   50,      123.3,    181.144,     297.277,    297.132,
   51,      125.8,    181.093,     298.190,    298.518,
   52,      128.3,    181.151,     299.197,    299.834,
   53,      130.8,    181.093,     300.675,    301.083,
   54,      133.3,    181.100,     301.491,    302.268,
   55,      135.8,    181.100,     303.700,    303.392,
   56,      138.3,    181.093,     304.264,    304.458,
   57,      140.8,    181.218,     304.882,    305.468,
   58,      143.3,    181.203,     306.286,    306.425,
   59,      145.8,    181.203,     306.838,    307.331,
   60,      148.3,    181.225,     308.456,    308.189,
   61,      150.8,    181.210,     309.585,    309.000,
   62,      153.3,    181.357,     310.437,    309.768,
   63,      155.8,    181.320,     310.224,    310.494,
   64,      158.3,    181.240,     310.638,    311.181,
   65,      160.8,    181.196,     313.198,    311.829,
   66,      163.3,    181.041,     312.636,    312.442,
   67,      165.8,    181.151,     313.550,    313.021,
   68,      168.3,    181.210,     314.000,    313.568,
   69,      170.8,    181.225,     315.078,    314.085,
   70,      175.8,    179.976,     315.043,    315.046,
----,
DateTime:        , 2025/11/19, 14:17:13, 1763576233573,
RFID_EPC:        ,--Not Acquired--,
RFID_UserData:   ,--Not Acquired--,
Barcode:         ,--Not Acquired--,
PIF:,            0.00,
PARs:,            0.0,     0.0,     0.0,     0.0,     0.0,     0.0,
Light:,           0.0,     0.0,     0.0,     0.0,     0.0,     0.0,
Cycles:,            1,
                    1,      69,      70,      70,
Lamps:,        #10000,
Gain:,              2,      50, 
SNR_raw:,     227.53,
Position:,        0.0,              0.0,   NoData,
DataPt,      Time(us),   EX,         EM,       Fit,
==========,==========,==========,==========,=========,
    0,        0.0,      0.000,       0.000,    110.841,
    1,        0.8,    161.216,     110.101,    114.984,
    2,        3.3,    180.172,     119.533,    119.780,
    3,        5.8,    180.114,     127.975,    124.725,
    4,        8.3,    180.202,     132.074,    129.791,
    5,       10.8,    180.253,     137.307,    134.948,
    6,       13.3,    180.290,     141.439,    140.170,
    7,       15.8,    180.511,     146.806,    145.440,
    8,       18.3,    180.613,     150.598,    150.734,
    9,       20.8,    180.334,     156.654,    156.027,
   10,       23.3,    180.518,     160.926,    161.314,
   11,       25.8,    180.694,     165.473,    166.579,
   12,       28.3,    180.694,     170.454,    171.808,
   13,       30.8,    180.790,     175.065,    176.991,
   14,       33.3,    180.841,     181.098,    182.117,
   15,       35.8,    181.003,     185.356,    187.178,
   16,       38.3,    180.841,     191.051,    192.162,
   17,       40.8,    180.746,     196.408,    197.060,
   18,       43.3,    180.606,     201.544,    201.867,
   19,       45.8,    180.966,     207.221,    206.587,
   20,       48.3,    180.724,     211.649,    211.202,
   21,       50.8,    180.768,     216.300,    215.715,
   22,       53.3,    180.907,     219.726,    220.123,
   23,       55.8,    180.907,     223.042,    224.420,
   24,       58.3,    180.966,     227.667,    228.605,
   25,       60.8,    181.069,     232.232,    232.677,
   26,       63.3,    181.040,     236.964,    236.632,
   27,       65.8,    181.099,     241.029,    240.470,
   28,       68.3,    181.032,     244.708,    244.189,
   29,       70.8,    181.069,     247.971,    247.790,
   30,       73.3,    181.018,     252.461,    251.271,
   31,       75.8,    180.981,     254.447,    254.635,
   32,       78.3,    181.084,     258.168,    257.882,
   33,       80.8,    181.069,     262.883,    261.013,
   34,       83.3,    181.143,     263.880,    264.030,
   35,       85.8,    181.069,     267.853,    266.933,
   36,       88.3,    181.077,     270.328,    269.724,
   37,       90.8,    181.113,     274.414,    272.407,
   38,       93.3,    181.194,     275.395,    274.984,
   39,       95.8,    180.907,     278.872,    277.454,
   40,       98.3,    181.194,     279.534,    279.823,
   41,      100.8,    181.113,     282.972,    282.092,
   42,      103.3,    181.084,     285.227,    284.265,
   43,      105.8,    181.246,     285.800,    286.344,
   44,      108.3,    181.025,     288.082,    288.330,
   45,      110.8,    181.055,     289.692,    290.229,
   46,      113.3,    181.143,     289.827,    292.042,
   47,      115.8,    181.099,     292.382,    293.772,
   48,      118.3,    181.135,     294.531,    295.423,
   49,      120.8,    181.025,     295.539,    296.996,
   50,      123.3,    181.135,     299.224,    298.495,
   51,      125.8,    181.260,     300.397,    299.924,
   52,      128.3,    181.055,     301.290,    301.284,
   53,      130.8,    181.084,     302.622,    302.578,
   54,      133.3,    181.128,     303.377,    303.809,
   55,      135.8,    181.224,     304.596,    304.979,
   56,      138.3,    181.216,     305.436,    306.092,
   57,      140.8,    181.260,     307.293,    307.149,
   58,      143.3,    181.084,     307.316,    308.153,
   59,      145.8,    181.312,     308.584,    309.107,
   60,      148.3,    181.062,     309.839,    310.012,
   61,      150.8,    181.165,     310.491,    310.872,
   62,      153.3,    181.128,     311.658,    311.687,
   63,      155.8,    181.040,     312.915,    312.460,
   64,      158.3,    181.187,     312.661,    313.193,
   65,      160.8,    181.224,     314.805,    313.888,
   66,      163.3,    181.179,     314.053,    314.547,
   67,      165.8,    181.297,     315.228,    315.171,
   68,      168.3,    181.304,     316.043,    315.762,
   69,      170.8,    181.349,     318.172,    316.321,
   70,      175.8,    179.746,     318.227,    317.952,
----,
DateTime:        , 2025/11/19, 14:17:16, 1763576236134,
RFID_EPC:        ,--Not Acquired--,
RFID_UserData:   ,--Not Acquired--,
Barcode:         ,--Not Acquired--,
PIF:,            0.00,
PARs:,            0.0,     0.0,     0.0,     0.0,     0.0,     0.0,
Light:,           0.0,     0.0,     0.0,     0.0,     0.0,     0.0,
Cycles:,            1,
                    1,      69,      70,      70,
Lamps:,        #10000,
Gain:,              2,      50, 
SNR_raw:,     241.37,
Position:,        0.0,              0.0,   NoData,
DataPt,      Time(us),   EX,         EM,       Fit,
==========,==========,==========,==========,=========,
    0,        0.0,      0.000,       0.000,    111.480,
    1,        0.8,    161.399,     111.525,    115.789,
    2,        3.3,    180.123,     121.353,    120.718,
    3,        5.8,    180.167,     130.157,    125.758,
    4,        8.3,    180.307,     133.661,    130.887,
    5,       10.8,    180.241,     136.207,    136.077,
    6,       13.3,    180.314,     142.529,    141.313,
    7,       15.8,    180.358,     144.435,    146.577,
    8,       18.3,    180.402,     151.606,    151.851,
    9,       20.8,    180.527,     156.763,    157.123,
   10,       23.3,    180.527,     162.579,    162.378,
   11,       25.8,    180.711,     167.118,    167.607,
   12,       28.3,    180.770,     172.595,    172.796,
   13,       30.8,    180.689,     175.993,    177.933,
   14,       33.3,    180.836,     182.762,    183.012,
   15,       35.8,    180.946,     186.243,    188.026,
   16,       38.3,    180.983,     192.283,    192.964,
   17,       40.8,    180.784,     198.026,    197.816,
   18,       43.3,    180.843,     201.556,    202.580,
   19,       45.8,    180.733,     207.488,    207.248,
   20,       48.3,    180.784,     212.131,    211.818,
   21,       50.8,    180.652,     215.608,    216.283,
   22,       53.3,    180.865,     221.436,    220.646,
   23,       55.8,    180.792,     225.674,    224.898,
   24,       58.3,    180.975,     228.484,    229.042,
   25,       60.8,    181.034,     234.210,    233.072,
   26,       63.3,    181.064,     236.933,    236.988,
   27,       65.8,    181.042,     241.105,    240.787,
   28,       68.3,    180.946,     243.719,    244.468,
   29,       70.8,    181.027,     249.134,    248.032,
   30,       73.3,    181.071,     251.835,    251.480,
   31,       75.8,    181.012,     255.231,    254.810,
   32,       78.3,    181.012,     258.546,    258.025,
   33,       80.8,    180.968,     261.925,    261.124,
   34,       83.3,    181.122,     265.290,    264.111,
   35,       85.8,    181.078,     265.907,    266.986,
   36,       88.3,    181.196,     271.529,    269.752,
   37,       90.8,    181.144,     273.263,    272.409,
   38,       93.3,    181.056,     276.157,    274.960,
   39,       95.8,    181.203,     277.589,    277.408,
   40,       98.3,    181.247,     278.349,    279.756,
   41,      100.8,    181.093,     282.451,    282.004,
   42,      103.3,    181.167,     283.717,    284.156,
   43,      105.8,    181.247,     285.521,    286.216,
   44,      108.3,    181.042,     288.608,    288.184,
   45,      110.8,    180.998,     289.507,    290.064,
   46,      113.3,    181.167,     291.721,    291.861,
   47,      115.8,    181.108,     293.472,    293.575,
   48,      118.3,    181.108,     294.576,    295.210,
   49,      120.8,    181.144,     295.344,    296.770,
   50,      123.3,    181.108,     298.441,    298.256,
   51,      125.8,    181.122,     299.245,    299.671,
   52,      128.3,    181.005,     301.373,    301.019,
   53,      130.8,    181.211,     302.135,    302.301,
   54,      133.3,    181.299,     303.642,    303.522,
   55,      135.8,    181.100,     304.251,    304.682,
   56,      138.3,    181.167,     304.692,    305.785,
   57,      140.8,    181.218,     306.813,    306.833,
   58,      143.3,    181.181,     308.255,    307.829,
   59,      145.8,    181.196,     308.506,    308.775,
   60,      148.3,    181.262,     309.497,    309.672,
   61,      150.8,    181.005,     309.108,    310.524,
   62,      153.3,    181.005,     312.423,    311.333,
   63,      155.8,    181.005,     311.870,    312.100,
   64,      158.3,    181.122,     313.324,    312.827,
   65,      160.8,    181.196,     315.404,    313.517,
   66,      163.3,    181.218,     313.987,    314.170,
   67,      165.8,    181.225,     315.905,    314.789,
   68,      168.3,    181.424,     315.284,    315.375,
   69,      170.8,    181.365,     317.040,    315.931,
   70,      175.8,    179.741,     317.401,    317.389,
----,
DateTime:        , 2025/11/19, 14:17:18, 1763576238688,
RFID_EPC:        ,--Not Acquired--,
RFID_UserData:   ,--Not Acquired--,
Barcode:         ,--Not Acquired--,
PIF:,            0.00,
PARs:,            0.0,     0.0,     0.0,     0.0,     0.0,     0.0,
Light:,           0.0,     0.0,     0.0,     0.0,     0.0,     0.0,
Cycles:,            1,
                    1,      69,      70,      70,
Lamps:,        #10000,
Gain:,              2,      50, 
SNR_raw:,     285.43,
Position:,        0.0,              0.0,   NoData,
DataPt,      Time(us),   EX,         EM,       Fit,
==========,==========,==========,==========,=========,
    0,        0.0,      0.000,       0.000,    112.452,
    1,        0.8,    161.356,     112.174,    116.900,
    2,        3.3,    179.754,     121.797,    121.926,
    3,        5.8,    180.195,     130.414,    127.028,
    4,        8.3,    180.225,     134.832,    132.180,
    5,       10.8,    180.445,     138.823,    137.373,
    6,       13.3,    180.409,     143.286,    142.587,
    7,       15.8,    180.423,     147.985,    147.810,
    8,       18.3,    180.563,     153.132,    153.035,
    9,       20.8,    180.695,     158.001,    158.248,
   10,       23.3,    180.453,     162.092,    163.432,
   11,       25.8,    180.614,     168.591,    168.586,
   12,       28.3,    180.717,     172.369,    173.699,
   13,       30.8,    180.747,     177.597,    178.760,
   14,       33.3,    180.578,     183.578,    183.758,
   15,       35.8,    180.754,     188.654,    188.693,
   16,       38.3,    180.791,     193.041,    193.554,
   17,       40.8,    180.923,     197.598,    198.338,
   18,       43.3,    181.055,     202.976,    203.038,
   19,       45.8,    180.901,     208.125,    207.644,
   20,       48.3,    180.879,     212.573,    212.154,
   21,       50.8,    180.864,     217.566,    216.563,
   22,       53.3,    181.019,     220.419,    220.871,
   23,       55.8,    180.857,     224.487,    225.070,
   24,       58.3,    180.938,     229.084,    229.162,
   25,       60.8,    180.820,     233.104,    233.140,
   26,       63.3,    180.997,     237.297,    237.008,
   27,       65.8,    180.960,     241.214,    240.762,
   28,       68.3,    180.989,     243.385,    244.402,
   29,       70.8,    180.908,     247.915,    247.925,
   30,       73.3,    181.033,     251.611,    251.335,
   31,       75.8,    181.048,     255.457,    254.631,
   32,       78.3,    181.122,     257.562,    257.813,
   33,       80.8,    181.033,     261.554,    260.881,
   34,       83.3,    181.063,     264.549,    263.837,
   35,       85.8,    181.011,     266.834,    266.683,
   36,       88.3,    180.997,     270.171,    269.420,
   37,       90.8,    180.982,     273.232,    272.050,
   38,       93.3,    181.048,     275.065,    274.576,
   39,       95.8,    181.078,     276.677,    277.000,
   40,       98.3,    181.136,     279.624,    279.325,
   41,      100.8,    181.151,     281.257,    281.552,
   42,      103.3,    181.033,     282.821,    283.683,
   43,      105.8,    181.195,     286.432,    285.724,
   44,      108.3,    181.048,     287.769,    287.674,
   45,      110.8,    181.261,     289.913,    289.539,
   46,      113.3,    181.033,     291.107,    291.318,
   47,      115.8,    181.144,     292.861,    293.017,
   48,      118.3,    181.247,     295.730,    294.638,
   49,      120.8,    181.180,     295.838,    296.184,
   50,      123.3,    181.320,     297.540,    297.657,
   51,      125.8,    181.195,     298.297,    299.060,
   52,      128.3,    181.136,     301.154,    300.396,
   53,      130.8,    181.151,     300.026,    301.667,
   54,      133.3,    181.180,     303.565,    302.876,
   55,      135.8,    181.100,     303.424,    304.026,
   56,      138.3,    181.144,     304.454,    305.119,
   57,      140.8,    181.092,     305.369,    306.158,
   58,      143.3,    181.055,     307.088,    307.144,
   59,      145.8,    181.254,     307.580,    308.081,
   60,      148.3,    181.144,     308.595,    308.971,
   61,      150.8,    181.261,     310.050,    309.815,
   62,      153.3,    181.217,     310.401,    310.616,
   63,      155.8,    181.349,     312.380,    311.375,
   64,      158.3,    181.364,     312.355,    312.096,
   65,      160.8,    181.114,     312.510,    312.779,
   66,      163.3,    181.078,     313.678,    313.426,
   67,      165.8,    181.327,     313.797,    314.040,
   68,      168.3,    181.166,     313.525,    314.621,
   69,      170.8,    181.136,     314.956,    315.172,
   70,      175.8,    179.740,     317.403,    316.551,
----,
DateTime:        , 2025/11/19, 14:17:21, 1763576241249,
RFID_EPC:        ,--Not Acquired--,
RFID_UserData:   ,--Not Acquired--,
Barcode:         ,--Not Acquired--,
PIF:,            0.00,
PARs:,            0.0,     0.0,     0.0,     0.0,     0.0,     0.0,
Light:,           0.0,     0.0,     0.0,     0.0,     0.0,     0.0,
Cycles:,            1,
                    1,      69,      70,      70,
Lamps:,        #10000,
Gain:,              2,      50, 
SNR_raw:,     266.25,
Position:,        0.0,              0.0,   NoData,
DataPt,      Time(us),   EX,         EM,       Fit,
==========,==========,==========,==========,=========,
    0,        0.0,      0.000,       0.000,    111.604,
    1,        0.8,    161.351,     111.868,    116.183,
    2,        3.3,    180.051,     121.531,    121.357,
    3,        5.8,    180.124,     130.188,    126.588,
    4,        8.3,    180.198,     133.742,    131.861,
    5,       10.8,    180.352,     139.449,    137.164,
    6,       13.3,    180.110,     144.357,    142.473,
    7,       15.8,    180.602,     147.562,    147.795,
    8,       18.3,    180.455,     153.501,    153.103,
    9,       20.8,    180.558,     157.013,    158.391,
   10,       23.3,    180.815,     162.873,    163.655,
   11,       25.8,    180.742,     167.366,    168.875,
   12,       28.3,    180.837,     172.531,    174.049,
   13,       30.8,    180.727,     178.723,    179.162,
   14,       33.3,    180.786,     184.196,    184.211,
   15,       35.8,    180.543,     189.428,    189.183,
   16,       38.3,    180.756,     193.078,    194.082,
   17,       40.8,    180.676,     198.145,    198.894,
   18,       43.3,    180.881,     202.619,    203.623,
   19,       45.8,    180.808,     207.402,    208.256,
   20,       48.3,    180.587,     213.470,    212.786,
   21,       50.8,    180.940,     217.199,    217.222,
   22,       53.3,    180.977,     220.746,    221.553,
   23,       55.8,    180.874,     224.466,    225.774,
   24,       58.3,    180.962,     230.159,    229.887,
   25,       60.8,    180.845,     233.902,    233.885,
   26,       63.3,    180.992,     237.856,    237.772,
   27,       65.8,    181.014,     241.418,    241.545,
   28,       68.3,    181.006,     245.295,    245.202,
   29,       70.8,    181.050,     248.273,    248.744,
   30,       73.3,    181.028,     253.551,    252.171,
   31,       75.8,    180.992,     257.747,    255.481,
   32,       78.3,    181.095,     260.085,    258.678,
   33,       80.8,    181.242,     261.805,    261.764,
   34,       83.3,    181.014,     264.621,    264.734,
   35,       85.8,    181.131,     267.762,    267.594,
   36,       88.3,    180.962,     271.051,    270.344,
   37,       90.8,    181.028,     273.990,    272.987,
   38,       93.3,    181.205,     276.483,    275.527,
   39,       95.8,    181.006,     278.996,    277.962,
   40,       98.3,    181.197,     280.081,    280.299,
   41,      100.8,    181.109,     283.254,    282.536,
   42,      103.3,    181.234,     284.715,    284.680,
   43,      105.8,    181.058,     285.820,    286.729,
   44,      108.3,    181.219,     288.324,    288.689,
   45,      110.8,    181.183,     290.591,    290.562,
   46,      113.3,    181.153,     292.018,    292.351,
   47,      115.8,    180.984,     295.053,    294.057,
   48,      118.3,    181.036,     294.969,    295.684,
   49,      120.8,    181.087,     297.923,    297.236,
   50,      123.3,    181.072,     298.775,    298.715,
   51,      125.8,    181.197,     299.673,    300.124,
   52,      128.3,    181.256,     300.403,    301.465,
   53,      130.8,    181.271,     302.310,    302.742,
   54,      133.3,    181.153,     302.506,    303.956,
   55,      135.8,    181.352,     304.932,    305.111,
   56,      138.3,    181.219,     304.879,    306.208,
   57,      140.8,    181.330,     306.348,    307.251,
   58,      143.3,    181.058,     308.465,    308.240,
   59,      145.8,    181.242,     308.980,    309.180,
   60,      148.3,    181.014,     310.198,    310.072,
   61,      150.8,    181.153,     311.338,    310.918,
   62,      153.3,    181.146,     311.351,    311.721,
   63,      155.8,    181.139,     313.296,    312.483,
   64,      158.3,    181.344,     313.492,    313.205,
   65,      160.8,    181.227,     314.799,    313.889,
   66,      163.3,    181.219,     315.088,    314.538,
   67,      165.8,    181.366,     315.384,    315.152,
   68,      168.3,    181.264,     316.390,    315.735,
   69,      170.8,    181.043,     317.604,    316.286,
   70,      175.8,    179.551,     317.180,    317.206,
----,
DateTime:        , 2025/11/19, 14:17:23, 1763576243746,
RFID_EPC:        ,--Not Acquired--,
RFID_UserData:   ,--Not Acquired--,
Barcode:         ,--Not Acquired--,
PIF:,            0.00,
PARs:,            0.0,     0.0,     0.0,     0.0,     0.0,     0.0,
Light:,           0.0,     0.0,     0.0,     0.0,     0.0,     0.0,
Cycles:,            1,
                    1,      69,      70,      70,
Lamps:,        #10000,
Gain:,              2,      50, 
SNR_raw:,     316.97,
Position:,        0.0,              0.0,   NoData,
DataPt,      Time(us),   EX,         EM,       Fit,
==========,==========,==========,==========,=========,
    0,        0.0,      0.000,       0.000,    111.262,
    1,        0.8,    161.304,     111.901,    115.776,
    2,        3.3,    180.040,     121.220,    120.895,
    3,        5.8,    180.223,     129.561,    126.094,
    4,        8.3,    180.253,     133.701,    131.349,
    5,       10.8,    180.341,     138.349,    136.645,
    6,       13.3,    180.444,     141.872,    141.967,
    7,       15.8,    180.576,     147.306,    147.302,
    8,       18.3,    180.547,     151.761,    152.632,
    9,       20.8,    180.517,     158.156,    157.945,
   10,       23.3,    180.539,     163.122,    163.232,
   11,       25.8,    180.606,     166.938,    168.482,
   12,       28.3,    180.686,     172.121,    173.688,
   13,       30.8,    180.657,     177.961,    178.836,
   14,       33.3,    180.738,     183.415,    183.922,
   15,       35.8,    180.745,     187.557,    188.937,
   16,       38.3,    180.789,     195.255,    193.875,
   17,       40.8,    180.856,     198.225,    198.730,
   18,       43.3,    180.995,     203.320,    203.498,
   19,       45.8,    180.797,     207.968,    208.167,
   20,       48.3,    180.885,     211.737,    212.738,
   21,       50.8,    180.782,     217.112,    217.204,
   22,       53.3,    180.966,     221.313,    221.567,
   23,       55.8,    180.856,     225.871,    225.819,
   24,       58.3,    180.892,     230.524,    229.960,
   25,       60.8,    180.753,     233.468,    233.985,
   26,       63.3,    180.944,     238.472,    237.898,
   27,       65.8,    181.017,     242.518,    241.697,
   28,       68.3,    181.003,     245.024,    245.379,
   29,       70.8,    181.091,     250.151,    248.945,
   30,       73.3,    181.120,     253.147,    252.395,
   31,       75.8,    181.098,     257.319,    255.729,
   32,       78.3,    181.201,     258.829,    258.949,
   33,       80.8,    180.966,     263.033,    262.051,
   34,       83.3,    181.297,     266.414,    265.044,
   35,       85.8,    181.032,     268.461,    267.923,
   36,       88.3,    181.098,     270.296,    270.694,
   37,       90.8,    181.003,     274.306,    273.355,
   38,       93.3,    181.069,     276.414,    275.912,
   39,       95.8,    180.929,     278.839,    278.364,
   40,       98.3,    181.003,     280.659,    280.717,
   41,      100.8,    181.017,     282.846,    282.971,
   42,      103.3,    181.105,     285.469,    285.131,
   43,      105.8,    181.172,     286.193,    287.198,
   44,      108.3,    181.267,     287.973,    289.176,
   45,      110.8,    180.966,     290.663,    291.065,
   46,      113.3,    181.230,     292.170,    292.871,
   47,      115.8,    181.194,     294.436,    294.595,
   48,      118.3,    181.179,     295.564,    296.240,
   49,      120.8,    181.098,     297.353,    297.808,
   50,      123.3,    181.083,     299.862,    299.304,
   51,      125.8,    180.995,     300.560,    300.728,
   52,      128.3,    181.223,     301.562,    302.086,
   53,      130.8,    181.076,     302.911,    303.378,
   54,      133.3,    181.238,     304.021,    304.608,
   55,      135.8,    181.282,     306.705,    305.778,
   56,      138.3,    181.216,     306.817,    306.891,
   57,      140.8,    181.267,     307.281,    307.949,
   58,      143.3,    181.186,     308.246,    308.954,
   59,      145.8,    181.179,     309.087,    309.909,
   60,      148.3,    180.944,     311.146,    310.816,
   61,      150.8,    181.216,     312.059,    311.677,
   62,      153.3,    181.150,     312.449,    312.494,
   63,      155.8,    181.230,     312.586,    313.270,
   64,      158.3,    181.172,     315.447,    314.005,
   65,      160.8,    181.223,     314.530,    314.703,
   66,      163.3,    181.252,     315.858,    315.365,
   67,      165.8,    181.341,     316.531,    315.992,
   68,      168.3,    181.091,     318.073,    316.587,
   69,      170.8,    181.150,     318.521,    317.151,
   70,      175.8,    179.804,     318.402,    318.438,
----,
DateTime:        , 2025/11/19, 14:17:26, 1763576246248,
RFID_EPC:        ,--Not Acquired--,
RFID_UserData:   ,--Not Acquired--,
Barcode:         ,--Not Acquired--,
PIF:,            0.00,
PARs:,            0.0,     0.0,     0.0,     0.0,     0.0,     0.0,
Light:,           0.0,     0.0,     0.0,     0.0,     0.0,     0.0,
Cycles:,            1,
                    1,      69,      70,      70,
Lamps:,        #10000,
Gain:,              2,      50, 
SNR_raw:,     282.77,
Position:,        0.0,              0.0,   NoData,
DataPt,      Time(us),   EX,         EM,       Fit,
==========,==========,==========,==========,=========,
    0,        0.0,      0.000,       0.000,    113.681,
    1,        0.8,    161.287,     112.842,    118.036,
    2,        3.3,    180.005,     123.230,    122.986,
    3,        5.8,    180.351,     132.520,    128.028,
    4,        8.3,    180.307,     135.880,    133.134,
    5,       10.8,    180.248,     139.807,    138.287,
    6,       13.3,    180.557,     144.553,    143.483,
    7,       15.8,    180.424,     148.816,    148.695,
    8,       18.3,    180.527,     154.270,    153.917,
    9,       20.8,    180.468,     158.754,    159.132,
   10,       23.3,    180.476,     162.626,    164.331,
   11,       25.8,    180.557,     167.538,    169.503,
   12,       28.3,    180.740,     173.453,    174.642,
   13,       30.8,    180.740,     177.880,    179.734,
   14,       33.3,    180.792,     184.190,    184.772,
   15,       35.8,    180.770,     189.191,    189.745,
   16,       38.3,    180.865,     194.896,    194.648,
   17,       40.8,    180.895,     198.734,    199.474,
   18,       43.3,    180.851,     204.312,    204.215,
   19,       45.8,    180.873,     208.434,    208.866,
   20,       48.3,    180.953,     213.591,    213.423,
   21,       50.8,    180.851,     216.754,    217.880,
   22,       53.3,    180.682,     222.768,    222.229,
   23,       55.8,    181.012,     227.056,    226.478,
   24,       58.3,    181.152,     230.746,    230.620,
   25,       60.8,    181.056,     234.734,    234.648,
   26,       63.3,    181.012,     238.934,    238.562,
   27,       65.8,    180.968,     244.242,    242.359,
   28,       68.3,    180.865,     246.869,    246.039,
   29,       70.8,    181.027,     250.515,    249.605,
   30,       73.3,    181.071,     254.044,    253.055,
   31,       75.8,    180.902,     257.874,    256.386,
   32,       78.3,    181.122,     260.045,    259.604,
   33,       80.8,    181.034,     262.934,    262.706,
   34,       83.3,    181.100,     265.046,    265.695,
   35,       85.8,    181.034,     268.181,    268.571,
   36,       88.3,    181.159,     272.136,    271.338,
   37,       90.8,    181.078,     274.467,    273.995,
   38,       93.3,    180.968,     276.568,    276.545,
   39,       95.8,    181.034,     278.124,    278.991,
   40,       98.3,    180.953,     281.288,    281.335,
   41,      100.8,    181.130,     283.498,    283.581,
   42,      103.3,    181.174,     286.189,    285.730,
   43,      105.8,    181.078,     286.892,    287.785,
   44,      108.3,    181.012,     290.312,    289.749,
   45,      110.8,    181.218,     293.017,    291.625,
   46,      113.3,    181.174,     291.985,    293.416,
   47,      115.8,    181.321,     293.678,    295.124,
   48,      118.3,    180.990,     296.149,    296.752,
   49,      120.8,    180.909,     298.492,    298.304,
   50,      123.3,    181.152,     299.472,    299.782,
   51,      125.8,    181.122,     301.177,    301.188,
   52,      128.3,    181.167,     302.484,    302.527,
   53,      130.8,    181.247,     302.901,    303.800,
   54,      133.3,    181.225,     304.041,    305.011,
   55,      135.8,    181.122,     305.042,    306.161,
   56,      138.3,    181.167,     306.624,    307.254,
   57,      140.8,    181.152,     306.925,    308.292,
   58,      143.3,    181.247,     308.970,    309.277,
   59,      145.8,    181.189,     309.898,    310.211,
   60,      148.3,    181.196,     311.265,    311.098,
   61,      150.8,    181.225,     312.870,    311.939,
   62,      153.3,    181.108,     312.245,    312.736,
   63,      155.8,    181.122,     313.876,    313.492,
   64,      158.3,    181.152,     314.377,    314.208,
   65,      160.8,    181.262,     315.013,    314.886,
   66,      163.3,    181.233,     316.168,    315.529,
   67,      165.8,    181.203,     316.219,    316.137,
   68,      168.3,    181.225,     317.284,    316.713,
   69,      170.8,    181.262,     318.875,    317.258,
   70,      175.8,    179.645,     318.962,    318.690,
----,
DateTime:        , 2025/11/19, 14:17:28, 1763576248772,
RFID_EPC:        ,--Not Acquired--,
RFID_UserData:   ,--Not Acquired--,
Barcode:         ,--Not Acquired--,
PIF:,            0.00,
PARs:,            0.0,     0.0,     0.0,     0.0,     0.0,     0.0,
Light:,           0.0,     0.0,     0.0,     0.0,     0.0,     0.0,
Cycles:,            1,
                    1,      69,      70,      70,
Lamps:,        #10000,
Gain:,              2,      50, 
SNR_raw:,     258.03,
Position:,        0.0,              0.0,   NoData,
DataPt,      Time(us),   EX,         EM,       Fit,
==========,==========,==========,==========,=========,
    0,        0.0,      0.000,       0.000,    113.298,
    1,        0.8,    161.119,     112.960,    117.794,
    2,        3.3,    179.991,     122.941,    122.895,
    3,        5.8,    180.101,     131.870,    128.071,
    4,        8.3,    180.336,     136.966,    133.308,
    5,       10.8,    180.299,     139.768,    138.582,
    6,       13.3,    180.343,     145.278,    143.880,
    7,       15.8,    180.366,     148.310,    149.190,
    8,       18.3,    180.535,     155.095,    154.500,
    9,       20.8,    180.615,     158.901,    159.798,
   10,       23.3,    180.468,     162.909,    165.065,
   11,       25.8,    180.549,     169.206,    170.298,
   12,       28.3,    180.667,     174.631,    175.486,
   13,       30.8,    180.799,     179.204,    180.622,
   14,       33.3,    180.652,     185.163,    185.691,
   15,       35.8,    180.711,     190.359,    190.689,
   16,       38.3,    180.630,     195.427,    195.606,
   17,       40.8,    180.902,     200.385,    200.445,
   18,       43.3,    180.726,     204.454,    205.189,
   19,       45.8,    180.902,     208.953,    209.840,
   20,       48.3,    180.770,     213.808,    214.389,
   21,       50.8,    180.975,     219.643,    218.837,
   22,       53.3,    180.873,     224.191,    223.175,
   23,       55.8,    181.203,     227.645,    227.408,
   24,       58.3,    181.034,     232.276,    231.525,
   25,       60.8,    180.983,     235.934,    235.525,
   26,       63.3,    181.034,     240.562,    239.411,
   27,       65.8,    181.027,     243.610,    243.178,
   28,       68.3,    181.108,     248.195,    246.828,
   29,       70.8,    180.917,     250.115,    250.358,
   30,       73.3,    180.998,     253.871,    253.771,
   31,       75.8,    181.027,     257.144,    257.067,
   32,       78.3,    181.020,     262.403,    260.246,
   33,       80.8,    181.203,     263.792,    263.312,
   34,       83.3,    181.093,     266.161,    266.263,
   35,       85.8,    181.064,     268.690,    269.101,
   36,       88.3,    181.086,     271.418,    271.830,
   37,       90.8,    181.034,     274.810,    274.450,
   38,       93.3,    181.071,     276.963,    276.965,
   39,       95.8,    181.093,     279.414,    279.376,
   40,       98.3,    180.998,     281.772,    281.686,
   41,      100.8,    180.983,     284.557,    283.898,
   42,      103.3,    180.998,     285.639,    286.014,
   43,      105.8,    181.255,     287.441,    288.039,
   44,      108.3,    181.240,     290.223,    289.974,
   45,      110.8,    181.218,     291.362,    291.823,
   46,      113.3,    181.137,     293.148,    293.586,
   47,      115.8,    181.159,     296.976,    295.269,
   48,      118.3,    181.174,     296.676,    296.874,
   49,      120.8,    180.968,     297.566,    298.402,
   50,      123.3,    181.174,     298.608,    299.859,
   51,      125.8,    181.218,     300.743,    301.246,
   52,      128.3,    181.181,     301.356,    302.566,
   53,      130.8,    181.145,     303.625,    303.822,
   54,      133.3,    181.078,     305.117,    305.016,
   55,      135.8,    181.314,     304.169,    306.151,
   56,      138.3,    181.159,     307.464,    307.229,
   57,      140.8,    181.225,     308.456,    308.254,
   58,      143.3,    181.321,     308.845,    309.227,
   59,      145.8,    181.218,     309.848,    310.151,
   60,      148.3,    181.211,     312.344,    311.027,
   61,      150.8,    181.233,     311.202,    311.859,
   62,      153.3,    181.145,     313.286,    312.648,
   63,      155.8,    181.071,     315.070,    313.396,
   64,      158.3,    181.174,     314.339,    314.105,
   65,      160.8,    181.093,     315.307,    314.778,
   66,      163.3,    181.196,     315.956,    315.415,
   67,      165.8,    181.255,     315.854,    316.018,
   68,      168.3,    181.247,     316.694,    316.589,
   69,      170.8,    181.255,     317.233,    317.131,
   70,      175.8,    179.836,     318.901,    318.560,
----,
DateTime:        , 2025/11/19, 14:17:31, 1763576251309,
RFID_EPC:        ,--Not Acquired--,
RFID_UserData:   ,--Not Acquired--,
Barcode:         ,--Not Acquired--,
PIF:,            0.00,
PARs:,            0.0,     0.0,     0.0,     0.0,     0.0,     0.0,
Light:,           0.0,     0.0,     0.0,     0.0,     0.0,     0.0,
Cycles:,            1,
                    1,      69,      70,      70,
Lamps:,        #10000,
Gain:,              2,      50, 
SNR_raw:,     285.09,
Position:,        0.0,              0.0,   NoData,
DataPt,      Time(us),   EX,         EM,       Fit,
==========,==========,==========,==========,=========,
    0,        0.0,      0.000,       0.000,    112.493,
    1,        0.8,    161.371,     112.164,    117.010,
    2,        3.3,    179.914,     122.109,    122.093,
    3,        5.8,    180.127,     131.019,    127.225,
    4,        8.3,    180.223,     133.446,    132.391,
    5,       10.8,    180.274,     138.955,    137.582,
    6,       13.3,    180.392,     143.576,    142.791,
    7,       15.8,    180.259,     148.397,    148.001,
    8,       18.3,    180.561,     153.965,    153.215,
    9,       20.8,    180.568,     159.220,    158.417,
   10,       23.3,    180.686,     163.267,    163.602,
   11,       25.8,    180.590,     168.337,    168.754,
   12,       28.3,    180.825,     171.436,    173.875,
   13,       30.8,    180.715,     178.181,    178.947,
   14,       33.3,    180.627,     184.358,    183.964,
   15,       35.8,    180.825,     188.027,    188.926,
   16,       38.3,    180.789,     193.873,    193.820,
   17,       40.8,    180.656,     198.166,    198.638,
   18,       43.3,    180.936,     203.111,    203.382,
   19,       45.8,    180.789,     208.254,    208.038,
   20,       48.3,    180.943,     211.116,    212.606,
   21,       50.8,    180.811,     216.801,    217.076,
   22,       53.3,    181.031,     221.233,    221.452,
   23,       55.8,    180.840,     225.614,    225.719,
   24,       58.3,    181.038,     230.338,    229.884,
   25,       60.8,    180.892,     233.289,    233.937,
   26,       63.3,    180.950,     238.463,    237.878,
   27,       65.8,    181.068,     242.450,    241.707,
   28,       68.3,    180.921,     244.858,    245.418,
   29,       70.8,    180.965,     250.601,    249.013,
   30,       73.3,    181.149,     253.383,    252.493,
   31,       75.8,    181.112,     257.023,    255.856,
   32,       78.3,    181.002,     259.666,    259.099,
   33,       80.8,    181.009,     262.142,    262.226,
   34,       83.3,    181.083,     265.349,    265.238,
   35,       85.8,    181.090,     268.375,    268.135,
   36,       88.3,    181.141,     270.783,    270.920,
   37,       90.8,    181.163,     273.786,    273.594,
   38,       93.3,    181.075,     276.404,    276.157,
   39,       95.8,    181.090,     278.315,    278.612,
   40,       98.3,    181.230,     280.859,    280.965,
   41,      100.8,    181.127,     283.227,    283.214,
   42,      103.3,    181.031,     284.481,    285.362,
   43,      105.8,    181.193,     286.987,    287.415,
   44,      108.3,    181.215,     289.159,    289.374,
   45,      110.8,    181.090,     292.120,    291.241,
   46,      113.3,    181.038,     291.927,    293.019,
   47,      115.8,    181.038,     293.584,    294.713,
   48,      118.3,    181.237,     295.194,    296.325,
   49,      120.8,    181.215,     298.817,    297.859,
   50,      123.3,    181.134,     299.502,    299.316,
   51,      125.8,    181.083,     301.520,    300.699,
   52,      128.3,    181.288,     301.178,    302.014,
   53,      130.8,    181.369,     304.076,    303.262,
   54,      133.3,    181.237,     305.125,    304.445,
   55,      135.8,    181.156,     305.262,    305.566,
   56,      138.3,    181.163,     306.905,    306.628,
   57,      140.8,    181.112,     308.097,    307.635,
   58,      143.3,    181.105,     308.661,    308.587,
   59,      145.8,    181.215,     309.301,    309.489,
   60,      148.3,    181.046,     310.142,    310.342,
   61,      150.8,    181.141,     310.531,    311.150,
   62,      153.3,    181.237,     310.643,    311.913,
   63,      155.8,    181.266,     312.248,    312.634,
   64,      158.3,    181.230,     313.139,    313.316,
   65,      160.8,    181.068,     313.694,    313.960,
   66,      163.3,    181.362,     314.289,    314.569,
   67,      165.8,    181.112,     315.551,    315.143,
   68,      168.3,    181.149,     316.867,    315.685,
   69,      170.8,    181.119,     315.814,    316.197,
   70,      175.8,    179.694,     317.485,    317.164,
----,
DateTime:        , 2025/11/19, 14:17:34, 1763576253853,
RFID_EPC:        ,--Not Acquired--,
RFID_UserData:   ,--Not Acquired--,
Barcode:         ,--Not Acquired--,
PIF:,            0.00,
PARs:,            0.0,     0.0,     0.0,     0.0,     0.0,     0.0,
Light:,           0.0,     0.0,     0.0,     0.0,     0.0,     0.0,
Cycles:,            1,
                    1,      69,      70,      70,
Lamps:,        #10000,
Gain:,              2,      50, 
SNR_raw:,     283.10,
Position:,        0.0,              0.0,   NoData,
DataPt,      Time(us),   EX,         EM,       Fit,
==========,==========,==========,==========,=========,
    0,        0.0,      0.000,       0.000,    111.981,
    1,        0.8,    161.019,     111.788,    116.441,
    2,        3.3,    179.935,     121.876,    121.497,
    3,        5.8,    180.310,     130.885,    126.630,
    4,        8.3,    180.296,     134.224,    131.814,
    5,       10.8,    180.465,     138.254,    137.041,
    6,       13.3,    180.421,     142.722,    142.293,
    7,       15.8,    180.509,     147.084,    147.561,
    8,       18.3,    180.531,     152.883,    152.832,
    9,       20.8,    180.670,     156.916,    158.099,
   10,       23.3,    180.501,     161.772,    163.342,
   11,       25.8,    180.626,     168.026,    168.559,
   12,       28.3,    180.641,     172.995,    173.738,
   13,       30.8,    180.670,     177.948,    178.871,
   14,       33.3,    180.700,     183.730,    183.948,
   15,       35.8,    180.795,     188.335,    188.964,
   16,       38.3,    180.781,     193.881,    193.909,
   17,       40.8,    180.803,     198.836,    198.775,
   18,       43.3,    180.817,     203.797,    203.558,
   19,       45.8,    180.906,     208.396,    208.253,
   20,       48.3,    180.876,     213.682,    212.852,
   21,       50.8,    180.766,     216.855,    217.348,
   22,       53.3,    180.861,     222.546,    221.742,
   23,       55.8,    180.898,     225.818,    226.029,
   24,       58.3,    180.950,     229.069,    230.206,
   25,       60.8,    180.891,     235.225,    234.269,
   26,       63.3,    180.986,     238.416,    238.217,
   27,       65.8,    181.170,     242.038,    242.051,
   28,       68.3,    181.008,     245.845,    245.764,
   29,       70.8,    180.964,     249.497,    249.357,
   30,       73.3,    180.994,     253.047,    252.831,
   31,       75.8,    181.023,     256.321,    256.187,
   32,       78.3,    181.023,     259.635,    259.423,
   33,       80.8,    180.979,     263.014,    262.541,
   34,       83.3,    180.994,     266.860,    265.542,
   35,       85.8,    181.067,     269.237,    268.429,
   36,       88.3,    181.067,     271.446,    271.202,
   37,       90.8,    181.075,     273.644,    273.863,
   38,       93.3,    181.111,     276.901,    276.416,
   39,       95.8,    181.023,     278.694,    278.860,
   40,       98.3,    181.082,     281.917,    281.201,
   41,      100.8,    181.273,     283.274,    283.440,
   42,      103.3,    180.994,     284.816,    285.579,
   43,      105.8,    181.089,     287.427,    287.622,
   44,      108.3,    181.126,     288.749,    289.572,
   45,      110.8,    181.170,     290.887,    291.432,
   46,      113.3,    181.391,     291.911,    293.205,
   47,      115.8,    181.244,     294.631,    294.894,
   48,      118.3,    181.273,     297.066,    296.501,
   49,      120.8,    181.288,     298.145,    298.030,
   50,      123.3,    181.236,     298.229,    299.484,
   51,      125.8,    181.023,     301.066,    300.864,
   52,      128.3,    181.119,     302.564,    302.176,
   53,      130.8,    181.053,     303.503,    303.421,
   54,      133.3,    181.133,     303.920,    304.603,
   55,      135.8,    181.148,     304.723,    305.724,
   56,      138.3,    181.222,     305.979,    306.787,
   57,      140.8,    181.200,     307.672,    307.794,
   58,      143.3,    181.236,     309.265,    308.749,
   59,      145.8,    181.435,     311.131,    309.653,
   60,      148.3,    181.236,     310.368,    310.509,
   61,      150.8,    181.251,     311.722,    311.319,
   62,      153.3,    181.214,     312.338,    312.086,
   63,      155.8,    181.053,     312.340,    312.811,
   64,      158.3,    181.111,     313.895,    313.497,
   65,      160.8,    181.111,     315.000,    314.145,
   66,      163.3,    181.185,     314.320,    314.758,
   67,      165.8,    181.067,     314.524,    315.338,
   68,      168.3,    181.133,     316.341,    315.885,
   69,      170.8,    181.177,     316.540,    316.402,
   70,      175.8,    179.803,     317.848,    317.610,
----,
DateTime:        , 2025/11/19, 14:17:36, 1763576256401,
RFID_EPC:        ,--Not Acquired--,
RFID_UserData:   ,--Not Acquired--,
Barcode:         ,--Not Acquired--,
PIF:,            0.00,
PARs:,            0.0,     0.0,     0.0,     0.0,     0.0,     0.0,
Light:,           0.0,     0.0,     0.0,     0.0,     0.0,     0.0,
Cycles:,            1,
                    1,      69,      70,      70,
Lamps:,        #10000,
Gain:,              2,      50, 
SNR_raw:,     287.71,
Position:,        0.0,              0.0,   NoData,
DataPt,      Time(us),   EX,         EM,       Fit,
==========,==========,==========,==========,=========,
    0,        0.0,      0.000,       0.000,    112.431,
    1,        0.8,    161.342,     112.184,    116.757,
    2,        3.3,    179.896,     121.650,    121.687,
    3,        5.8,    180.213,     130.124,    126.722,
    4,        8.3,    180.315,     134.487,    131.834,
    5,       10.8,    180.264,     138.685,    137.000,
    6,       13.3,    180.389,     142.470,    142.209,
    7,       15.8,    180.499,     147.369,    147.443,
    8,       18.3,    180.595,     152.275,    152.689,
    9,       20.8,    180.477,     157.915,    157.928,
   10,       23.3,    180.558,     162.829,    163.153,
   11,       25.8,    180.543,     167.273,    168.350,
   12,       28.3,    180.683,     172.678,    173.513,
   13,       30.8,    180.683,     177.659,    178.629,
   14,       33.3,    180.712,     182.611,    183.690,
   15,       35.8,    180.845,     187.730,    188.691,
   16,       38.3,    180.720,     194.223,    193.617,
   17,       40.8,    180.837,     198.521,    198.469,
   18,       43.3,    180.867,     203.188,    203.237,
   19,       45.8,    180.779,     208.266,    207.913,
   20,       48.3,    180.823,     212.916,    212.496,
   21,       50.8,    180.801,     217.090,    216.980,
   22,       53.3,    180.859,     221.166,    221.361,
   23,       55.8,    180.859,     225.313,    225.636,
   24,       58.3,    181.036,     230.617,    229.804,
   25,       60.8,    180.933,     234.617,    233.859,
   26,       63.3,    181.036,     236.970,    237.802,
   27,       65.8,    181.058,     241.083,    241.629,
   28,       68.3,    180.940,     245.108,    245.338,
   29,       70.8,    181.102,     248.203,    248.932,
   30,       73.3,    181.021,     252.457,    252.407,
   31,       75.8,    180.999,     255.526,    255.765,
   32,       78.3,    180.940,     259.202,    259.005,
   33,       80.8,    180.933,     263.634,    262.128,
   34,       83.3,    180.911,     265.600,    265.137,
   35,       85.8,    181.183,     268.789,    268.035,
   36,       88.3,    181.168,     269.363,    270.821,
   37,       90.8,    181.073,     274.476,    273.495,
   38,       93.3,    181.051,     276.442,    276.062,
   39,       95.8,    181.234,     278.369,    278.524,
   40,       98.3,    181.176,     281.219,    280.882,
   41,      100.8,    181.080,     283.300,    283.139,
   42,      103.3,    180.999,     285.913,    285.297,
   43,      105.8,    180.970,     287.341,    287.359,
   44,      108.3,    181.220,     289.428,    289.330,
   45,      110.8,    181.014,     291.967,    291.210,
   46,      113.3,    181.227,     293.279,    293.005,
   47,      115.8,    181.073,     293.529,    294.715,
   48,      118.3,    181.220,     296.877,    296.344,
   49,      120.8,    181.205,     297.729,    297.896,
   50,      123.3,    181.315,     298.651,    299.373,
   51,      125.8,    181.146,     300.034,    300.777,
   52,      128.3,    181.205,     301.316,    302.112,
   53,      130.8,    181.087,     303.445,    303.380,
   54,      133.3,    181.168,     304.413,    304.585,
   55,      135.8,    181.256,     306.472,    305.729,
   56,      138.3,    181.095,     306.193,    306.814,
   57,      140.8,    181.080,     307.875,    307.844,
   58,      143.3,    181.168,     308.001,    308.820,
   59,      145.8,    181.315,     309.957,    309.746,
   60,      148.3,    181.315,     311.061,    310.623,
   61,      150.8,    181.124,     311.113,    311.454,
   62,      153.3,    181.242,     312.566,    312.241,
   63,      155.8,    181.323,     314.081,    312.986,
   64,      158.3,    181.117,     313.610,    313.691,
   65,      160.8,    181.102,     314.740,    314.358,
   66,      163.3,    181.234,     314.786,    314.989,
   67,      165.8,    181.139,     315.504,    315.586,
   68,      168.3,    181.433,     316.095,    316.151,
   69,      170.8,    181.227,     316.730,    316.684,
   70,      175.8,    179.749,     317.943,    317.776,
----,
DateTime:        , 2025/11/19, 14:17:39, 1763576258896,
RFID_EPC:        ,--Not Acquired--,
RFID_UserData:   ,--Not Acquired--,
Barcode:         ,--Not Acquired--,
PIF:,            0.00,
PARs:,            0.0,     0.0,     0.0,     0.0,     0.0,     0.0,
Light:,           0.0,     0.0,     0.0,     0.0,     0.0,     0.0,
Cycles:,            1,
                    1,      69,      70,      70,
Lamps:,        #10000,
Gain:,              2,      50, 
SNR_raw:,     248.12,
Position:,        0.0,              0.0,   NoData,
DataPt,      Time(us),   EX,         EM,       Fit,
==========,==========,==========,==========,=========,
    0,        0.0,      0.000,       0.000,    112.806,
    1,        0.8,    161.322,     112.818,    117.296,
    2,        3.3,    179.946,     122.016,    122.360,
    3,        5.8,    180.027,     130.259,    127.478,
    4,        8.3,    180.291,     135.059,    132.643,
    5,       10.8,    180.291,     138.665,    137.835,
    6,       13.3,    180.328,     144.182,    143.044,
    7,       15.8,    180.409,     148.552,    148.261,
    8,       18.3,    180.592,     154.215,    153.479,
    9,       20.8,    180.519,     158.432,    158.681,
   10,       23.3,    180.681,     164.102,    163.864,
   11,       25.8,    180.703,     169.062,    169.014,
   12,       28.3,    180.710,     172.929,    174.123,
   13,       30.8,    180.813,     178.361,    179.186,
   14,       33.3,    180.923,     183.780,    184.194,
   15,       35.8,    180.931,     188.470,    189.137,
   16,       38.3,    180.754,     193.633,    194.005,
   17,       40.8,    180.673,     197.871,    198.793,
   18,       43.3,    180.659,     203.976,    203.498,
   19,       45.8,    180.835,     207.924,    208.117,
   20,       48.3,    180.784,     212.409,    212.642,
   21,       50.8,    180.960,     216.346,    217.072,
   22,       53.3,    180.879,     220.313,    221.398,
   23,       55.8,    181.100,     225.566,    225.623,
   24,       58.3,    180.945,     230.456,    229.736,
   25,       60.8,    181.269,     233.079,    233.744,
   26,       63.3,    180.960,     236.793,    237.634,
   27,       65.8,    181.026,     241.402,    241.410,
   28,       68.3,    181.026,     244.992,    245.070,
   29,       70.8,    181.078,     249.341,    248.615,
   30,       73.3,    180.864,     252.675,    252.040,
   31,       75.8,    181.158,     255.577,    255.353,
   32,       78.3,    181.041,     258.505,    258.548,
   33,       80.8,    181.078,     262.319,    261.628,
   34,       83.3,    181.129,     265.004,    264.595,
   35,       85.8,    180.982,     267.982,    267.448,
   36,       88.3,    181.195,     272.082,    270.191,
   37,       90.8,    181.129,     273.562,    272.825,
   38,       93.3,    180.967,     276.293,    275.350,
   39,       95.8,    180.997,     278.458,    277.771,
   40,       98.3,    181.033,     280.059,    280.090,
   41,      100.8,    180.916,     283.281,    282.307,
   42,      103.3,    181.107,     284.915,    284.430,
   43,      105.8,    181.188,     287.547,    286.458,
   44,      108.3,    181.276,     287.683,    288.396,
   45,      110.8,    181.078,     289.655,    290.243,
   46,      113.3,    181.283,     292.084,    292.006,
   47,      115.8,    181.188,     292.790,    293.685,
   48,      118.3,    181.158,     295.046,    295.284,
   49,      120.8,    181.261,     295.982,    296.807,
   50,      123.3,    181.033,     297.735,    298.255,
   51,      125.8,    181.026,     297.747,    299.631,
   52,      128.3,    181.151,     299.750,    300.940,
   53,      130.8,    180.989,     301.951,    302.182,
   54,      133.3,    181.085,     302.620,    303.362,
   55,      135.8,    181.217,     303.779,    304.483,
   56,      138.3,    181.092,     305.369,    305.546,
   57,      140.8,    181.225,     305.698,    306.554,
   58,      143.3,    181.283,     307.805,    307.510,
   59,      145.8,    181.136,     309.711,    308.415,
   60,      148.3,    181.232,     308.445,    309.273,
   61,      150.8,    181.107,     311.142,    310.086,
   62,      153.3,    181.173,     310.201,    310.855,
   63,      155.8,    181.100,     310.603,    311.583,
   64,      158.3,    181.063,     312.046,    312.272,
   65,      160.8,    181.239,     312.019,    312.924,
   66,      163.3,    181.225,     313.699,    313.540,
   67,      165.8,    181.372,     315.650,    314.123,
   68,      168.3,    181.232,     314.514,    314.675,
   69,      170.8,    181.056,     316.754,    315.196,
   70,      175.8,    179.703,     316.633,    316.299,
----,
DateTime:        , 2025/11/19, 14:17:41, 1763576261467,
RFID_EPC:        ,--Not Acquired--,
RFID_UserData:   ,--Not Acquired--,
Barcode:         ,--Not Acquired--,
PIF:,            0.00,
PARs:,            0.0,     0.0,     0.0,     0.0,     0.0,     0.0,
Light:,           0.0,     0.0,     0.0,     0.0,     0.0,     0.0,
Cycles:,            1,
                    1,      69,      70,      70,
Lamps:,        #10000,
Gain:,              2,      50, 
SNR_raw:,     272.70,
Position:,        0.0,              0.0,   NoData,
DataPt,      Time(us),   EX,         EM,       Fit,
==========,==========,==========,==========,=========,
    0,        0.0,      0.000,       0.000,    111.196,
    1,        0.8,    161.192,     111.358,    115.549,
    2,        3.3,    179.941,     120.565,    120.497,
    3,        5.8,    180.118,     128.805,    125.530,
    4,        8.3,    180.044,     133.578,    130.627,
    5,       10.8,    180.272,     136.183,    135.781,
    6,       13.3,    180.360,     141.661,    140.973,
    7,       15.8,    180.500,     146.537,    146.193,
    8,       18.3,    180.412,     151.043,    151.421,
    9,       20.8,    180.669,     154.980,    156.655,
   10,       23.3,    180.662,     161.351,    161.877,
   11,       25.8,    180.456,     166.246,    167.070,
   12,       28.3,    180.654,     172.152,    172.236,
   13,       30.8,    180.537,     176.142,    177.358,
   14,       33.3,    180.882,     182.439,    182.436,
   15,       35.8,    180.787,     187.514,    187.453,
   16,       38.3,    180.845,     192.983,    192.404,
   17,       40.8,    180.831,     197.146,    197.281,
   18,       43.3,    180.911,     202.309,    202.078,
   19,       45.8,    180.860,     206.237,    206.788,
   20,       48.3,    180.787,     211.852,    211.403,
   21,       50.8,    180.911,     216.128,    215.923,
   22,       53.3,    180.742,     220.203,    220.337,
   23,       55.8,    180.875,     225.018,    224.649,
   24,       58.3,    181.036,     227.579,    228.854,
   25,       60.8,    180.992,     232.330,    232.946,
   26,       63.3,    180.845,     236.943,    236.921,
   27,       65.8,    180.941,     240.410,    240.781,
   28,       68.3,    181.022,     244.722,    244.525,
   29,       70.8,    181.132,     248.990,    248.152,
   30,       73.3,    180.948,     251.453,    251.657,
   31,       75.8,    181.110,     255.094,    255.045,
   32,       78.3,    180.860,     259.869,    258.311,
   33,       80.8,    180.882,     260.943,    261.459,
   34,       83.3,    181.000,     264.641,    264.491,
   35,       85.8,    181.095,     268.643,    267.409,
   36,       88.3,    180.926,     271.381,    270.210,
   37,       90.8,    181.088,     273.348,    272.901,
   38,       93.3,    181.139,     276.031,    275.482,
   39,       95.8,    181.088,     277.490,    277.955,
   40,       98.3,    181.095,     280.239,    280.322,
   41,      100.8,    181.154,     282.080,    282.587,
   42,      103.3,    181.228,     284.449,    284.752,
   43,      105.8,    181.161,     286.761,    286.820,
   44,      108.3,    181.036,     287.787,    288.792,
   45,      110.8,    181.235,     291.335,    290.674,
   46,      113.3,    181.161,     293.109,    292.467,
   47,      115.8,    181.169,     294.477,    294.175,
   48,      118.3,    181.088,     295.713,    295.800,
   49,      120.8,    181.272,     297.620,    297.346,
   50,      123.3,    181.264,     299.287,    298.817,
   51,      125.8,    181.228,     299.347,    300.214,
   52,      128.3,    181.228,     300.727,    301.540,
   53,      130.8,    181.477,     302.517,    302.800,
   54,      133.3,    181.250,     304.277,    303.995,
   55,      135.8,    181.220,     304.050,    305.128,
   56,      138.3,    181.125,     305.591,    306.202,
   57,      140.8,    181.103,     307.284,    307.220,
   58,      143.3,    181.066,     308.175,    308.184,
   59,      145.8,    181.183,     309.907,    309.097,
   60,      148.3,    181.198,     309.330,    309.961,
   61,      150.8,    181.272,     310.859,    310.779,
   62,      153.3,    181.242,     312.013,    311.553,
   63,      155.8,    181.345,     312.112,    312.284,
   64,      158.3,    181.389,     311.761,    312.976,
   65,      160.8,    181.213,     313.444,    313.630,
   66,      163.3,    181.125,     313.044,    314.248,
   67,      165.8,    181.147,     315.490,    314.832,
   68,      168.3,    181.176,     316.819,    315.383,
   69,      170.8,    181.220,     317.294,    315.904,
   70,      175.8,    179.780,     317.333,    317.127,
----,
DateTime:        , 2025/11/19, 14:17:44, 1763576264001,
RFID_EPC:        ,--Not Acquired--,
RFID_UserData:   ,--Not Acquired--,
Barcode:         ,--Not Acquired--,
PIF:,            0.00,
PARs:,            0.0,     0.0,     0.0,     0.0,     0.0,     0.0,
Light:,           0.0,     0.0,     0.0,     0.0,     0.0,     0.0,
Cycles:,            1,
                    1,      69,      70,      70,
Lamps:,        #10000,
Gain:,              2,      50, 
SNR_raw:,     275.71,
Position:,        0.0,              0.0,   NoData,
DataPt,      Time(us),   EX,         EM,       Fit,
==========,==========,==========,==========,=========,
    0,        0.0,      0.000,       0.000,    111.392,
    1,        0.8,    161.023,     111.475,    115.895,
    2,        3.3,    180.005,     121.474,    120.988,
    3,        5.8,    180.203,     130.408,    126.139,
    4,        8.3,    180.225,     132.889,    131.332,
    5,       10.8,    180.292,     138.387,    136.557,
    6,       13.3,    180.438,     141.322,    141.805,
    7,       15.8,    180.461,     147.401,    147.062,
    8,       18.3,    180.534,     152.326,    152.318,
    9,       20.8,    180.593,     156.706,    157.564,
   10,       23.3,    180.630,     161.103,    162.790,
   11,       25.8,    180.637,     166.356,    167.985,
   12,       28.3,    180.593,     172.487,    173.139,
   13,       30.8,    180.740,     178.433,    178.249,
   14,       33.3,    180.666,     183.211,    183.302,
   15,       35.8,    180.769,     187.532,    188.293,
   16,       38.3,    180.872,     192.401,    193.216,
   17,       40.8,    180.931,     198.695,    198.063,
   18,       43.3,    180.754,     203.314,    202.822,
   19,       45.8,    180.879,     206.768,    207.495,
   20,       48.3,    180.857,     213.428,    212.073,
   21,       50.8,    180.894,     216.425,    216.553,
   22,       53.3,    180.887,     220.304,    220.928,
   23,       55.8,    181.004,     226.514,    225.200,
   24,       58.3,    181.115,     229.413,    229.363,
   25,       60.8,    181.085,     233.316,    233.412,
   26,       63.3,    180.843,     238.329,    237.342,
   27,       65.8,    181.004,     240.878,    241.158,
   28,       68.3,    181.012,     244.736,    244.855,
   29,       70.8,    181.115,     248.185,    248.436,
   30,       73.3,    181.019,     252.460,    251.896,
   31,       75.8,    181.159,     255.301,    255.238,
   32,       78.3,    180.968,     258.610,    258.459,
   33,       80.8,    181.048,     262.085,    261.563,
   34,       83.3,    180.990,     264.656,    264.550,
   35,       85.8,    181.070,     267.575,    267.422,
   36,       88.3,    181.217,     270.945,    270.181,
   37,       90.8,    181.041,     272.314,    272.827,
   38,       93.3,    180.887,     274.758,    275.362,
   39,       95.8,    181.107,     278.012,    277.791,
   40,       98.3,    181.173,     280.670,    280.116,
   41,      100.8,    181.276,     282.166,    282.340,
   42,      103.3,    181.137,     285.144,    284.464,
   43,      105.8,    181.144,     286.512,    286.490,
   44,      108.3,    180.901,     288.278,    288.422,
   45,      110.8,    181.173,     289.226,    290.265,
   46,      113.3,    181.203,     293.318,    292.020,
   47,      115.8,    181.166,     292.549,    293.691,
   48,      118.3,    181.188,     295.549,    295.280,
   49,      120.8,    181.173,     296.401,    296.791,
   50,      123.3,    181.181,     298.597,    298.227,
   51,      125.8,    181.217,     298.812,    299.591,
   52,      128.3,    181.159,     301.117,    300.886,
   53,      130.8,    181.313,     301.412,    302.114,
   54,      133.3,    181.144,     302.798,    303.279,
   55,      135.8,    181.115,     304.503,    304.382,
   56,      138.3,    181.078,     304.289,    305.428,
   57,      140.8,    181.342,     306.051,    306.419,
   58,      143.3,    181.129,     307.515,    307.357,
   59,      145.8,    181.195,     308.507,    308.244,
   60,      148.3,    181.173,     309.648,    309.084,
   61,      150.8,    181.107,     308.657,    309.878,
   62,      153.3,    181.240,     311.466,    310.629,
   63,      155.8,    181.379,     311.778,    311.339,
   64,      158.3,    181.100,     311.983,    312.010,
   65,      160.8,    181.107,     314.179,    312.644,
   66,      163.3,    181.181,     312.671,    313.242,
   67,      165.8,    181.107,     314.455,    313.808,
   68,      168.3,    181.144,     314.667,    314.341,
   69,      170.8,    181.056,     314.820,    314.845,
   70,      175.8,    179.630,     315.927,    315.841,
----,
DateTime:        , 2025/11/19, 14:17:46, 1763576266493,
RFID_EPC:        ,--Not Acquired--,
RFID_UserData:   ,--Not Acquired--,
Barcode:         ,--Not Acquired--,
PIF:,            0.00,
PARs:,            0.0,     0.0,     0.0,     0.0,     0.0,     0.0,
Light:,           0.0,     0.0,     0.0,     0.0,     0.0,     0.0,
Cycles:,            1,
                    1,      69,      70,      70,
Lamps:,        #10000,
Gain:,              2,      50, 
SNR_raw:,     307.08,
Position:,        0.0,              0.0,   NoData,
DataPt,      Time(us),   EX,         EM,       Fit,
==========,==========,==========,==========,=========,
    0,        0.0,      0.000,       0.000,    112.495,
    1,        0.8,    161.266,     110.997,    116.675,
    2,        3.3,    180.022,     120.973,    121.515,
    3,        5.8,    180.133,     129.904,    126.513,
    4,        8.3,    180.184,     135.140,    131.632,
    5,       10.8,    180.302,     138.379,    136.840,
    6,       13.3,    180.419,     143.832,    142.111,
    7,       15.8,    180.537,     148.723,    147.421,
    8,       18.3,    180.375,     152.183,    152.743,
    9,       20.8,    180.632,     157.779,    158.068,
   10,       23.3,    180.603,     162.511,    163.373,
   11,       25.8,    180.618,     168.034,    168.645,
   12,       28.3,    180.676,     172.684,    173.874,
   13,       30.8,    180.713,     177.906,    179.048,
   14,       33.3,    180.875,     183.276,    184.158,
   15,       35.8,    180.640,     188.497,    189.190,
   16,       38.3,    180.868,     193.788,    194.143,
   17,       40.8,    180.779,     199.138,    199.006,
   18,       43.3,    180.970,     202.519,    203.778,
   19,       45.8,    180.831,     208.759,    208.447,
   20,       48.3,    180.919,     213.079,    213.012,
   21,       50.8,    180.765,     217.410,    217.467,
   22,       53.3,    181.000,     222.100,    221.814,
   23,       55.8,    180.941,     226.317,    226.045,
   24,       58.3,    180.985,     228.748,    230.161,
   25,       60.8,    180.963,     233.473,    234.158,
   26,       63.3,    180.882,     237.447,    238.034,
   27,       65.8,    181.007,     242.808,    241.793,
   28,       68.3,    181.088,     246.013,    245.432,
   29,       70.8,    180.934,     249.263,    248.949,
   30,       73.3,    181.037,     252.435,    252.348,
   31,       75.8,    181.169,     256.391,    255.629,
   32,       78.3,    181.081,     259.277,    258.792,
   33,       80.8,    181.007,     262.144,    261.837,
   34,       83.3,    181.103,     265.319,    264.769,
   35,       85.8,    181.191,     267.121,    267.588,
   36,       88.3,    181.095,     270.576,    270.296,
   37,       90.8,    181.066,     273.381,    272.895,
   38,       93.3,    181.007,     277.337,    275.387,
   39,       95.8,    181.103,     278.019,    277.776,
   40,       98.3,    181.117,     280.205,    280.064,
   41,      100.8,    181.154,     283.184,    282.254,
   42,      103.3,    181.051,     284.726,    284.349,
   43,      105.8,    181.132,     286.255,    286.351,
   44,      108.3,    181.147,     288.164,    288.263,
   45,      110.8,    181.169,     289.785,    290.088,
   46,      113.3,    181.103,     290.719,    291.830,
   47,      115.8,    181.162,     293.937,    293.491,
   48,      118.3,    181.125,     293.720,    295.074,
   49,      120.8,    181.176,     295.844,    296.582,
   50,      123.3,    181.029,     298.018,    298.017,
   51,      125.8,    181.051,     299.639,    299.384,
   52,      128.3,    181.242,     301.254,    300.683,
   53,      130.8,    181.176,     301.640,    301.919,
   54,      133.3,    181.176,     302.192,    303.094,
   55,      135.8,    181.162,     303.596,    304.211,
   56,      138.3,    181.088,     305.652,    305.271,
   57,      140.8,    181.081,     305.941,    306.278,
   58,      143.3,    181.287,     306.973,    307.233,
   59,      145.8,    181.279,     307.537,    308.140,
   60,      148.3,    181.015,     308.815,    309.001,
   61,      150.8,    181.257,     309.781,    309.817,
   62,      153.3,    181.206,     310.145,    310.590,
   63,      155.8,    181.220,     311.223,    311.323,
   64,      158.3,    181.206,     311.524,    312.018,
   65,      160.8,    181.125,     312.216,    312.677,
   66,      163.3,    181.191,     313.757,    313.300,
   67,      165.8,    181.294,     313.855,    313.891,
   68,      168.3,    181.154,     315.477,    314.450,
   69,      170.8,    181.125,     314.976,    314.980,
   70,      175.8,    179.714,     317.449,    316.535,
----,
DateTime:        , 2025/11/19, 14:17:49, 1763576269051,
RFID_EPC:        ,--Not Acquired--,
RFID_UserData:   ,--Not Acquired--,
Barcode:         ,--Not Acquired--,
PIF:,            0.00,
PARs:,            0.0,     0.0,     0.0,     0.0,     0.0,     0.0,
Light:,           0.0,     0.0,     0.0,     0.0,     0.0,     0.0,
Cycles:,            1,
                    1,      69,      70,      70,
Lamps:,        #10000,
Gain:,              2,      50, 
SNR_raw:,     239.43,
Position:,        0.0,              0.0,   NoData,
DataPt,      Time(us),   EX,         EM,       Fit,
==========,==========,==========,==========,=========,
    0,        0.0,      0.000,       0.000,    111.649,
    1,        0.8,    161.327,     110.335,    115.799,
    2,        3.3,    180.085,     120.752,    120.610,
    3,        5.8,    180.283,     130.073,    125.588,
    4,        8.3,    180.239,     134.266,    130.687,
    5,       10.8,    180.342,     138.071,    135.878,
    6,       13.3,    180.504,     140.994,    141.135,
    7,       15.8,    180.518,     147.353,    146.428,
    8,       18.3,    180.452,     150.732,    151.736,
    9,       20.8,    180.526,     156.487,    157.041,
   10,       23.3,    180.482,     160.404,    162.326,
   11,       25.8,    180.592,     166.951,    167.580,
   12,       28.3,    180.673,     172.688,    172.790,
   13,       30.8,    180.695,     176.818,    177.943,
   14,       33.3,    180.643,     181.573,    183.028,
   15,       35.8,    181.077,     186.385,    188.046,
   16,       38.3,    180.842,     191.327,    192.978,
   17,       40.8,    180.959,     198.387,    197.822,
   18,       43.3,    181.018,     203.571,    202.572,
   19,       45.8,    180.820,     207.389,    207.219,
   20,       48.3,    180.820,     213.196,    211.761,
   21,       50.8,    180.923,     216.667,    216.198,
   22,       53.3,    180.849,     220.902,    220.523,
   23,       55.8,    180.952,     223.540,    224.736,
   24,       58.3,    180.945,     227.694,    228.834,
   25,       60.8,    181.026,     232.840,    232.817,
   26,       63.3,    180.812,     235.603,    236.679,
   27,       65.8,    181.033,     240.288,    240.426,
   28,       68.3,    180.959,     243.425,    244.055,
   29,       70.8,    181.099,     247.378,    247.567,
   30,       73.3,    180.981,     251.407,    250.961,
   31,       75.8,    181.092,     255.119,    254.239,
   32,       78.3,    181.084,     258.995,    257.402,
   33,       80.8,    180.849,     260.991,    260.448,
   34,       83.3,    181.033,     263.212,    263.384,
   35,       85.8,    181.128,     266.938,    266.210,
   36,       88.3,    181.077,     270.327,    268.928,
   37,       90.8,    180.879,     272.282,    271.537,
   38,       93.3,    181.055,     273.398,    274.044,
   39,       95.8,    181.158,     276.002,    276.450,
   40,       98.3,    181.173,     279.016,    278.757,
   41,      100.8,    181.195,     280.914,    280.967,
   42,      103.3,    181.136,     283.765,    283.084,
   43,      105.8,    180.959,     286.252,    285.109,
   44,      108.3,    181.202,     286.973,    287.047,
   45,      110.8,    181.055,     289.415,    288.899,
   46,      113.3,    181.106,     291.265,    290.668,
   47,      115.8,    181.070,     292.981,    292.358,
   48,      118.3,    181.180,     293.631,    293.970,
   49,      120.8,    181.128,     294.542,    295.509,
   50,      123.3,    181.253,     296.822,    296.976,
   51,      125.8,    181.246,     296.282,    298.375,
   52,      128.3,    181.187,     298.586,    299.707,
   53,      130.8,    181.062,     300.173,    300.976,
   54,      133.3,    181.187,     301.898,    302.185,
   55,      135.8,    181.077,     303.462,    303.335,
   56,      138.3,    181.048,     304.064,    304.429,
   57,      140.8,    181.349,     306.040,    305.468,
   58,      143.3,    181.070,     306.236,    306.458,
   59,      145.8,    181.217,     308.195,    307.398,
   60,      148.3,    181.143,     308.044,    308.291,
   61,      150.8,    181.246,     308.972,    309.140,
   62,      153.3,    181.268,     309.211,    309.945,
   63,      155.8,    181.187,     310.176,    310.711,
   64,      158.3,    181.070,     312.035,    311.438,
   65,      160.8,    181.055,     312.889,    312.128,
   66,      163.3,    181.143,     312.736,    312.782,
   67,      165.8,    181.224,     312.873,    313.402,
   68,      168.3,    181.128,     314.694,    313.991,
   69,      170.8,    181.320,     315.465,    314.549,
   70,      175.8,    179.688,     316.382,    316.219,
----,
DateTime:        , 2025/11/19, 14:17:51, 1763576271592,
RFID_EPC:        ,--Not Acquired--,
RFID_UserData:   ,--Not Acquired--,
Barcode:         ,--Not Acquired--,
PIF:,            0.00,
PARs:,            0.0,     0.0,     0.0,     0.0,     0.0,     0.0,
Light:,           0.0,     0.0,     0.0,     0.0,     0.0,     0.0,
Cycles:,            1,
                    1,      69,      70,      70,
Lamps:,        #10000,
Gain:,              2,      50, 
SNR_raw:,     244.16,
Position:,        0.0,              0.0,   NoData,
DataPt,      Time(us),   EX,         EM,       Fit,
==========,==========,==========,==========,=========,
    0,        0.0,      0.000,       0.000,    110.670,
    1,        0.8,    161.323,     109.718,    115.169,
    2,        3.3,    179.985,     119.918,    120.281,
    3,        5.8,    180.162,     129.051,    125.482,
    4,        8.3,    180.176,     133.758,    130.747,
    5,       10.8,    180.213,     137.892,    136.060,
    6,       13.3,    180.397,     141.909,    141.406,
    7,       15.8,    180.250,     147.850,    146.763,
    8,       18.3,    180.566,     152.022,    152.127,
    9,       20.8,    180.294,     157.521,    157.471,
   10,       23.3,    180.647,     162.195,    162.799,
   11,       25.8,    180.647,     167.454,    168.090,
   12,       28.3,    180.683,     172.954,    173.336,
   13,       30.8,    180.669,     177.673,    178.524,
   14,       33.3,    180.705,     182.894,    183.649,
   15,       35.8,    180.816,     188.866,    188.704,
   16,       38.3,    180.764,     193.069,    193.678,
   17,       40.8,    180.823,     197.707,    198.566,
   18,       43.3,    180.882,     203.448,    203.363,
   19,       45.8,    180.757,     206.631,    208.060,
   20,       48.3,    180.955,     211.654,    212.658,
   21,       50.8,    180.889,     217.813,    217.148,
   22,       53.3,    180.816,     220.943,    221.527,
   23,       55.8,    180.948,     225.479,    225.795,
   24,       58.3,    180.948,     228.795,    229.947,
   25,       60.8,    181.139,     232.694,    233.986,
   26,       63.3,    180.897,     238.534,    237.901,
   27,       65.8,    180.970,     243.134,    241.697,
   28,       68.3,    180.948,     244.545,    245.373,
   29,       70.8,    180.963,     249.775,    248.928,
   30,       73.3,    181.110,     252.057,    252.365,
   31,       75.8,    181.044,     256.568,    255.681,
   32,       78.3,    181.161,     259.437,    258.879,
   33,       80.8,    181.161,     262.473,    261.960,
   34,       83.3,    181.051,     264.843,    264.923,
   35,       85.8,    180.919,     268.905,    267.770,
   36,       88.3,    181.095,     271.404,    270.506,
   37,       90.8,    181.102,     273.602,    273.133,
   38,       93.3,    181.073,     275.856,    275.651,
   39,       95.8,    181.044,     278.938,    278.063,
   40,       98.3,    181.073,     281.378,    280.373,
   41,      100.8,    181.227,     282.242,    282.584,
   42,      103.3,    181.286,     286.564,    284.699,
   43,      105.8,    181.132,     288.188,    286.718,
   44,      108.3,    181.249,     289.104,    288.646,
   45,      110.8,    181.132,     289.844,    290.485,
   46,      113.3,    181.301,     291.229,    292.240,
   47,      115.8,    181.183,     293.349,    293.912,
   48,      118.3,    181.117,     294.837,    295.504,
   49,      120.8,    181.139,     296.457,    297.020,
   50,      123.3,    181.124,     297.862,    298.463,
   51,      125.8,    181.110,     298.162,    299.835,
   52,      128.3,    181.154,     300.297,    301.139,
   53,      130.8,    181.124,     301.726,    302.378,
   54,      133.3,    181.293,     302.824,    303.556,
   55,      135.8,    181.205,     304.903,    304.674,
   56,      138.3,    181.293,     305.858,    305.735,
   57,      140.8,    181.073,     306.782,    306.742,
   58,      143.3,    180.970,     308.615,    307.697,
   59,      145.8,    181.124,     309.180,    308.603,
   60,      148.3,    181.007,     309.657,    309.461,
   61,      150.8,    181.220,     309.293,    310.275,
   62,      153.3,    181.286,     311.110,    311.045,
   63,      155.8,    181.183,     311.839,    311.775,
   64,      158.3,    181.308,     312.451,    312.466,
   65,      160.8,    181.242,     312.290,    313.121,
   66,      163.3,    181.279,     314.709,    313.740,
   67,      165.8,    181.330,     314.619,    314.326,
   68,      168.3,    181.080,     315.330,    314.881,
   69,      170.8,    181.220,     316.466,    315.405,
   70,      175.8,    179.743,     316.842,    316.666,
----,
DateTime:        , 2025/11/19, 14:17:54, 1763576274110,
RFID_EPC:        ,--Not Acquired--,
RFID_UserData:   ,--Not Acquired--,
Barcode:         ,--Not Acquired--,
PIF:,            0.00,
PARs:,            0.0,     0.0,     0.0,     0.0,     0.0,     0.0,
Light:,           0.0,     0.0,     0.0,     0.0,     0.0,     0.0,
Cycles:,            1,
                    1,      69,      70,      70,
Lamps:,        #10000,
Gain:,              2,      50, 
SNR_raw:,     303.65,
Position:,        0.0,              0.0,   NoData,
DataPt,      Time(us),   EX,         EM,       Fit,
==========,==========,==========,==========,=========,
    0,        0.0,      0.000,       0.000,    111.713,
    1,        0.8,    161.343,     111.254,    116.001,
    2,        3.3,    179.995,     120.616,    120.920,
    3,        5.8,    180.238,     128.996,    125.967,
    4,        8.3,    180.105,     134.921,    131.105,
    5,       10.8,    180.171,     137.924,    136.313,
    6,       13.3,    180.296,     142.820,    141.571,
    7,       15.8,    180.392,     147.734,    146.860,
    8,       18.3,    180.583,     150.900,    152.164,
    9,       20.8,    180.693,     157.172,    157.466,
   10,       23.3,    180.730,     161.844,    162.751,
   11,       25.8,    180.546,     166.993,    168.000,
   12,       28.3,    180.745,     172.066,    173.211,
   13,       30.8,    180.671,     177.948,    178.367,
   14,       33.3,    180.708,     182.892,    183.463,
   15,       35.8,    180.657,     186.542,    188.488,
   16,       38.3,    180.701,     193.414,    193.436,
   17,       40.8,    180.693,     197.019,    198.300,
   18,       43.3,    180.877,     203.453,    203.078,
   19,       45.8,    180.789,     207.701,    207.759,
   20,       48.3,    180.870,     212.031,    212.342,
   21,       50.8,    180.914,     217.231,    216.822,
   22,       53.3,    180.928,     221.082,    221.195,
   23,       55.8,    180.936,     225.771,    225.457,
   24,       58.3,    180.973,     229.593,    229.608,
   25,       60.8,    181.024,     233.118,    233.646,
   26,       63.3,    181.002,     238.119,    237.567,
   27,       65.8,    181.002,     240.605,    241.372,
   28,       68.3,    180.921,     245.964,    245.058,
   29,       70.8,    181.039,     249.118,    248.628,
   30,       73.3,    180.980,     251.962,    252.080,
   31,       75.8,    181.046,     256.841,    255.415,
   32,       78.3,    181.053,     259.040,    258.635,
   33,       80.8,    181.046,     262.917,    261.740,
   34,       83.3,    181.112,     264.753,    264.732,
   35,       85.8,    181.075,     268.396,    267.612,
   36,       88.3,    180.965,     271.599,    270.380,
   37,       90.8,    181.215,     273.708,    273.042,
   38,       93.3,    181.164,     274.890,    275.599,
   39,       95.8,    181.075,     277.509,    278.050,
   40,       98.3,    181.009,     280.925,    280.401,
   41,      100.8,    181.142,     282.376,    282.653,
   42,      103.3,    181.083,     284.953,    284.810,
   43,      105.8,    181.134,     287.080,    286.873,
   44,      108.3,    181.289,     289.594,    288.847,
   45,      110.8,    181.156,     290.357,    290.733,
   46,      113.3,    181.105,     292.372,    292.534,
   47,      115.8,    181.193,     294.437,    294.253,
   48,      118.3,    181.142,     296.453,    295.893,
   49,      120.8,    181.112,     296.777,    297.457,
   50,      123.3,    181.105,     298.722,    298.947,
   51,      125.8,    181.193,     299.129,    300.367,
   52,      128.3,    181.200,     300.772,    301.719,
   53,      130.8,    181.267,     303.421,    303.006,
   54,      133.3,    181.164,     303.317,    304.231,
   55,      135.8,    181.222,     304.598,    305.395,
   56,      138.3,    181.362,     305.466,    306.502,
   57,      140.8,    181.120,     307.256,    307.555,
   58,      143.3,    181.134,     307.507,    308.555,
   59,      145.8,    181.039,     308.498,    309.504,
   60,      148.3,    181.303,     310.805,    310.405,
   61,      150.8,    181.061,     310.945,    311.261,
   62,      153.3,    181.259,     312.812,    312.073,
   63,      155.8,    181.178,     312.123,    312.843,
   64,      158.3,    181.333,     314.064,    313.573,
   65,      160.8,    181.178,     314.883,    314.266,
   66,      163.3,    181.355,     314.577,    314.922,
   67,      165.8,    181.046,     316.770,    315.545,
   68,      168.3,    181.230,     317.277,    316.135,
   69,      170.8,    180.987,     316.873,    316.694,
   70,      175.8,    179.826,     318.641,    318.155,
----,
DateTime:        , 2025/11/19, 14:17:56, 1763576276671,
RFID_EPC:        ,--Not Acquired--,
RFID_UserData:   ,--Not Acquired--,
Barcode:         ,--Not Acquired--,
PIF:,            0.00,
PARs:,            0.0,     0.0,     0.0,     0.0,     0.0,     0.0,
Light:,           0.0,     0.0,     0.0,     0.0,     0.0,     0.0,
Cycles:,            1,
                    1,      69,      70,      70,
Lamps:,        #10000,
Gain:,              2,      50, 
SNR_raw:,     249.76,
Position:,        0.0,              0.0,   NoData,
DataPt,      Time(us),   EX,         EM,       Fit,
==========,==========,==========,==========,=========,
    0,        0.0,      0.000,       0.000,    111.613,
    1,        0.8,    161.274,     110.992,    116.198,
    2,        3.3,    179.911,     120.986,    121.373,
    3,        5.8,    180.087,     129.937,    126.605,
    4,        8.3,    180.212,     134.841,    131.880,
    5,       10.8,    180.285,     140.056,    137.184,
    6,       13.3,    180.513,     143.757,    142.510,
    7,       15.8,    180.476,     148.773,    147.838,
    8,       18.3,    180.550,     153.420,    153.161,
    9,       20.8,    180.587,     158.650,    158.467,
   10,       23.3,    180.587,     162.249,    163.746,
   11,       25.8,    180.616,     168.036,    168.989,
   12,       28.3,    180.557,     171.968,    174.185,
   13,       30.8,    180.690,     179.036,    179.332,
   14,       33.3,    180.770,     182.552,    184.418,
   15,       35.8,    180.660,     188.199,    189.433,
   16,       38.3,    180.837,     193.821,    194.376,
   17,       40.8,    180.822,     197.708,    199.236,
   18,       43.3,    180.910,     203.692,    204.010,
   19,       45.8,    180.932,     208.918,    208.691,
   20,       48.3,    180.763,     213.539,    213.270,
   21,       50.8,    180.734,     216.894,    217.744,
   22,       53.3,    180.954,     222.985,    222.117,
   23,       55.8,    180.932,     224.946,    226.379,
   24,       58.3,    181.013,     230.646,    230.529,
   25,       60.8,    180.895,     234.942,    234.562,
   26,       63.3,    180.910,     239.069,    238.477,
   27,       65.8,    181.094,     243.520,    242.276,
   28,       68.3,    181.116,     248.184,    245.956,
   29,       70.8,    181.050,     248.827,    249.515,
   30,       73.3,    181.108,     255.096,    252.953,
   31,       75.8,    181.131,     256.169,    256.272,
   32,       78.3,    180.984,     259.416,    259.468,
   33,       80.8,    181.182,     263.271,    262.549,
   34,       83.3,    180.910,     266.154,    265.508,
   35,       85.8,    180.962,     267.736,    268.353,
   36,       88.3,    181.167,     271.572,    271.086,
   37,       90.8,    181.057,     273.671,    273.705,
   38,       93.3,    181.050,     275.615,    276.215,
   39,       95.8,    181.131,     279.357,    278.619,
   40,       98.3,    181.182,     281.485,    280.918,
   41,      100.8,    181.072,     282.761,    283.115,
   42,      103.3,    181.145,     285.406,    285.213,
   43,      105.8,    181.108,     286.845,    287.215,
   44,      108.3,    181.204,     288.349,    289.125,
   45,      110.8,    181.101,     290.722,    290.944,
   46,      113.3,    181.057,     292.173,    292.675,
   47,      115.8,    181.278,     295.128,    294.325,
   48,      118.3,    181.211,     294.408,    295.893,
   49,      120.8,    181.167,     298.343,    297.383,
   50,      123.3,    181.204,     298.283,    298.800,
   51,      125.8,    181.300,     300.056,    300.145,
   52,      128.3,    181.101,     301.765,    301.420,
   53,      130.8,    181.233,     302.648,    302.631,
   54,      133.3,    181.072,     304.299,    303.778,
   55,      135.8,    181.050,     304.612,    304.865,
   56,      138.3,    181.145,     305.280,    305.895,
   57,      140.8,    181.153,     306.648,    306.870,
   58,      143.3,    181.094,     307.023,    307.793,
   59,      145.8,    181.204,     307.940,    308.667,
   60,      148.3,    181.035,     310.161,    309.494,
   61,      150.8,    181.131,     310.549,    310.275,
   62,      153.3,    181.182,     311.013,    311.015,
   63,      155.8,    181.300,     311.363,    311.713,
   64,      158.3,    181.255,     313.094,    312.374,
   65,      160.8,    181.300,     313.294,    312.997,
   66,      163.3,    181.189,     312.932,    313.586,
   67,      165.8,    181.131,     314.138,    314.142,
   68,      168.3,    181.285,     315.250,    314.667,
   69,      170.8,    181.263,     316.667,    315.163,
   70,      175.8,    179.631,     315.925,    315.895,
----,
DateTime:        , 2025/11/19, 14:17:59, 1763576279181,
RFID_EPC:        ,--Not Acquired--,
RFID_UserData:   ,--Not Acquired--,
Barcode:         ,--Not Acquired--,
PIF:,            0.00,
PARs:,            0.0,     0.0,     0.0,     0.0,     0.0,     0.0,
Light:,           0.0,     0.0,     0.0,     0.0,     0.0,     0.0,
Cycles:,            1,
                    1,      69,      70,      70,
Lamps:,        #10000,
Gain:,              2,      50, 
SNR_raw:,     268.28,
Position:,        0.0,              0.0,   NoData,
DataPt,      Time(us),   EX,         EM,       Fit,
==========,==========,==========,==========,=========,
    0,        0.0,      0.000,       0.000,    110.739,
    1,        0.8,    161.205,     110.729,    115.413,
    2,        3.3,    179.920,     120.992,    120.659,
    3,        5.8,    180.140,     130.176,    125.936,
    4,        8.3,    180.332,     133.365,    131.234,
    5,       10.8,    180.420,     138.012,    136.543,
    6,       13.3,    180.361,     142.492,    141.851,
    7,       15.8,    180.456,     148.512,    147.156,
    8,       18.3,    180.508,     151.517,    152.448,
    9,       20.8,    180.596,     158.088,    157.722,
   10,       23.3,    180.567,     161.990,    162.966,
   11,       25.8,    180.633,     166.083,    168.176,
   12,       28.3,    180.626,     171.903,    173.343,
   13,       30.8,    180.706,     177.360,    178.462,
   14,       33.3,    180.751,     182.572,    183.526,
   15,       35.8,    180.809,     188.043,    188.527,
   16,       38.3,    180.706,     193.961,    193.455,
   17,       40.8,    180.883,     196.812,    198.313,
   18,       43.3,    180.861,     203.748,    203.087,
   19,       45.8,    180.831,     208.205,    207.774,
   20,       48.3,    180.765,     212.154,    212.366,
   21,       50.8,    180.846,     215.653,    216.863,
   22,       53.3,    180.905,     221.111,    221.261,
   23,       55.8,    180.670,     225.827,    225.547,
   24,       58.3,    180.934,     230.194,    229.732,
   25,       60.8,    180.993,     234.539,    233.806,
   26,       63.3,    181.000,     237.016,    237.766,
   27,       65.8,    181.125,     241.545,    241.613,
   28,       68.3,    181.074,     245.204,    245.341,
   29,       70.8,    180.809,     248.881,    248.944,
   30,       73.3,    181.133,     252.853,    252.435,
   31,       75.8,    181.089,     256.228,    255.805,
   32,       78.3,    180.978,     259.700,    259.053,
   33,       80.8,    181.008,     264.353,    262.183,
   34,       83.3,    180.993,     266.032,    265.195,
   35,       85.8,    180.971,     268.551,    268.089,
   36,       88.3,    181.133,     272.176,    270.870,
   37,       90.8,    181.214,     275.090,    273.539,
   38,       93.3,    181.037,     275.082,    276.093,
   39,       95.8,    181.162,     278.480,    278.540,
   40,       98.3,    181.287,     280.494,    280.882,
   41,      100.8,    181.045,     282.803,    283.115,
   42,      103.3,    181.214,     285.575,    285.250,
   43,      105.8,    181.206,     286.138,    287.285,
   44,      108.3,    181.067,     289.672,    289.223,
   45,      110.8,    181.192,     290.852,    291.070,
   46,      113.3,    181.103,     292.651,    292.827,
   47,      115.8,    181.184,     293.624,    294.497,
   48,      118.3,    181.265,     295.975,    296.086,
   49,      120.8,    181.030,     297.465,    297.592,
   50,      123.3,    181.287,     297.594,    299.023,
   51,      125.8,    181.118,     300.357,    300.380,
   52,      128.3,    181.162,     300.283,    301.666,
   53,      130.8,    181.089,     301.786,    302.883,
   54,      133.3,    181.133,     303.369,    304.037,
   55,      135.8,    181.236,     305.128,    305.129,
   56,      138.3,    181.147,     305.552,    306.162,
   57,      140.8,    181.008,     307.445,    307.137,
   58,      143.3,    181.192,     308.513,    308.061,
   59,      145.8,    181.397,     308.990,    308.934,
   60,      148.3,    181.133,     310.546,    309.758,
   61,      150.8,    181.192,     311.825,    310.536,
   62,      153.3,    181.133,     310.822,    311.270,
   63,      155.8,    181.346,     312.386,    311.964,
   64,      158.3,    181.052,     313.446,    312.616,
   65,      160.8,    181.155,     313.820,    313.232,
   66,      163.3,    181.228,     313.969,    313.813,
   67,      165.8,    181.221,     315.361,    314.361,
   68,      168.3,    181.258,     316.400,    314.877,
   69,      170.8,    181.177,     315.714,    315.363,
   70,      175.8,    179.795,     314.803,    315.521,
----,
DateTime:        , 2025/11/19, 14:18:01, 1763576281647,
RFID_EPC:        ,--Not Acquired--,
RFID_UserData:   ,--Not Acquired--,
Barcode:         ,--Not Acquired--,
PIF:,            0.00,
PARs:,            0.0,     0.0,     0.0,     0.0,     0.0,     0.0,
Light:,           0.0,     0.0,     0.0,     0.0,     0.0,     0.0,
Cycles:,            1,
                    1,      69,      70,      70,
Lamps:,        #10000,
Gain:,              2,      50, 
SNR_raw:,     317.06,
Position:,        0.0,              0.0,   NoData,
DataPt,      Time(us),   EX,         EM,       Fit,
==========,==========,==========,==========,=========,
    0,        0.0,      0.000,       0.000,    111.093,
    1,        0.8,    161.154,     109.833,    115.716,
    2,        3.3,    179.955,     120.378,    120.937,
    3,        5.8,    180.271,     129.805,    126.217,
    4,        8.3,    180.205,     134.847,    131.530,
    5,       10.8,    180.388,     139.421,    136.871,
    6,       13.3,    180.403,     143.845,    142.221,
    7,       15.8,    180.205,     148.442,    147.562,
    8,       18.3,    180.594,     151.998,    152.900,
    9,       20.8,    180.388,     158.270,    158.208,
   10,       23.3,    180.579,     161.979,    163.486,
   11,       25.8,    180.602,     168.326,    168.722,
   12,       28.3,    180.829,     172.538,    173.912,
   13,       30.8,    180.668,     177.951,    179.038,
   14,       33.3,    180.844,     182.754,    184.102,
   15,       35.8,    180.925,     189.029,    189.094,
   16,       38.3,    180.815,     194.674,    194.003,
   17,       40.8,    180.763,     198.326,    198.825,
   18,       43.3,    180.873,     202.904,    203.559,
   19,       45.8,    180.844,     207.914,    208.197,
   20,       48.3,    181.116,     213.123,    212.742,
   21,       50.8,    180.910,     217.235,    217.178,
   22,       53.3,    180.749,     221.579,    221.504,
   23,       55.8,    181.013,     225.122,    225.727,
   24,       58.3,    181.101,     229.154,    229.839,
   25,       60.8,    181.006,     233.418,    233.836,
   26,       63.3,    181.043,     237.237,    237.719,
   27,       65.8,    180.969,     240.649,    241.485,
   28,       68.3,    180.976,     245.612,    245.134,
   29,       70.8,    180.896,     249.315,    248.665,
   30,       73.3,    181.028,     252.724,    252.082,
   31,       75.8,    180.910,     255.375,    255.380,
   32,       78.3,    181.131,     258.377,    258.567,
   33,       80.8,    181.013,     262.688,    261.638,
   34,       83.3,    181.087,     264.790,    264.596,
   35,       85.8,    181.197,     267.113,    267.445,
   36,       88.3,    181.131,     270.523,    270.183,
   37,       90.8,    181.160,     273.791,    272.813,
   38,       93.3,    181.035,     275.913,    275.337,
   39,       95.8,    181.057,     278.641,    277.758,
   40,       98.3,    180.954,     280.458,    280.077,
   41,      100.8,    181.087,     282.462,    282.299,
   42,      103.3,    181.043,     285.568,    284.425,
   43,      105.8,    181.131,     286.533,    286.459,
   44,      108.3,    181.197,     288.912,    288.404,
   45,      110.8,    181.167,     290.339,    290.261,
   46,      113.3,    181.043,     292.473,    292.033,
   47,      115.8,    181.366,     293.054,    293.725,
   48,      118.3,    181.043,     294.958,    295.337,
   49,      120.8,    181.072,     296.567,    296.873,
   50,      123.3,    181.094,     297.636,    298.337,
   51,      125.8,    181.094,     299.016,    299.730,
   52,      128.3,    181.182,     300.802,    301.056,
   53,      130.8,    181.079,     301.249,    302.317,
   54,      133.3,    181.167,     303.587,    303.516,
   55,      135.8,    181.190,     303.826,    304.656,
   56,      138.3,    181.182,     305.494,    305.739,
   57,      140.8,    181.153,     306.923,    306.767,
   58,      143.3,    181.307,     307.214,    307.744,
   59,      145.8,    181.087,     308.692,    308.671,
   60,      148.3,    181.094,     310.060,    309.550,
   61,      150.8,    181.219,     311.778,    310.384,
   62,      153.3,    181.101,     311.428,    311.174,
   63,      155.8,    181.160,     311.879,    311.924,
   64,      158.3,    181.248,     313.382,    312.634,
   65,      160.8,    181.285,     313.595,    313.308,
   66,      163.3,    181.204,     314.010,    313.945,
   67,      165.8,    181.300,     314.121,    314.549,
   68,      168.3,    181.256,     314.749,    315.121,
   69,      170.8,    181.256,     315.852,    315.663,
   70,      175.8,    179.609,     316.799,    316.553,
----,
DateTime:        , 2025/11/19, 14:18:04, 1763576284113,
RFID_EPC:        ,--Not Acquired--,
RFID_UserData:   ,--Not Acquired--,
Barcode:         ,--Not Acquired--,
PIF:,            0.00,
PARs:,            0.0,     0.0,     0.0,     0.0,     0.0,     0.0,
Light:,           0.0,     0.0,     0.0,     0.0,     0.0,     0.0,
Cycles:,            1,
                    1,      69,      70,      70,
Lamps:,        #10000,
Gain:,              2,      50, 
SNR_raw:,     275.56,
Position:,        0.0,              0.0,   NoData,
DataPt,      Time(us),   EX,         EM,       Fit,
==========,==========,==========,==========,=========,
    0,        0.0,      0.000,       0.000,    112.025,
    1,        0.8,    161.263,     110.069,    116.235,
    2,        3.3,    179.848,     120.953,    121.074,
    3,        5.8,    180.193,     130.693,    126.054,
    4,        8.3,    180.245,     133.430,    131.142,
    5,       10.8,    180.370,     137.218,    136.313,
    6,       13.3,    180.502,     142.381,    141.547,
    7,       15.8,    180.340,     148.053,    146.814,
    8,       18.3,    180.465,     152.107,    152.106,
    9,       20.8,    180.487,     157.075,    157.403,
   10,       23.3,    180.524,     162.582,    162.690,
   11,       25.8,    180.531,     167.007,    167.954,
   12,       28.3,    180.700,     172.938,    173.187,
   13,       30.8,    180.708,     176.528,    178.374,
   14,       33.3,    180.796,     183.356,    183.507,
   15,       35.8,    180.818,     188.588,    188.575,
   16,       38.3,    180.943,     192.602,    193.572,
   17,       40.8,    180.847,     199.063,    198.486,
   18,       43.3,    180.737,     203.611,    203.310,
   19,       45.8,    180.980,     208.863,    208.045,
   20,       48.3,    180.862,     212.317,    212.679,
   21,       50.8,    180.877,     216.722,    217.210,
   22,       53.3,    180.730,     221.048,    221.630,
   23,       55.8,    181.024,     225.385,    225.945,
   24,       58.3,    180.855,     230.295,    230.144,
   25,       60.8,    180.906,     232.717,    234.227,
   26,       63.3,    180.965,     238.444,    238.193,
   27,       65.8,    181.009,     242.529,    242.040,
   28,       68.3,    181.112,     244.876,    245.769,
   29,       70.8,    180.965,     247.838,    249.375,
   30,       73.3,    181.060,     253.230,    252.862,
   31,       75.8,    180.958,     255.585,    256.227,
   32,       78.3,    181.082,     259.550,    259.474,
   33,       80.8,    180.935,     263.354,    262.601,
   34,       83.3,    180.840,     266.534,    265.611,
   35,       85.8,    181.046,     269.545,    268.506,
   36,       88.3,    181.134,     271.898,    271.289,
   37,       90.8,    180.958,     274.374,    273.959,
   38,       93.3,    181.215,     278.123,    276.522,
   39,       95.8,    181.046,     279.487,    278.976,
   40,       98.3,    181.075,     282.203,    281.327,
   41,      100.8,    181.149,     284.297,    283.577,
   42,      103.3,    181.038,     285.851,    285.727,
   43,      105.8,    181.053,     287.761,    287.781,
   44,      108.3,    181.163,     289.794,    289.743,
   45,      110.8,    181.038,     291.099,    291.615,
   46,      113.3,    181.156,     292.842,    293.400,
   47,      115.8,    181.178,     295.566,    295.101,
   48,      118.3,    181.215,     296.058,    296.722,
   49,      120.8,    181.185,     298.865,    298.265,
   50,      123.3,    181.237,     298.780,    299.733,
   51,      125.8,    181.090,     300.680,    301.129,
   52,      128.3,    181.046,     301.857,    302.455,
   53,      130.8,    181.185,     303.833,    303.716,
   54,      133.3,    181.097,     303.704,    304.913,
   55,      135.8,    181.060,     305.423,    306.050,
   56,      138.3,    181.156,     306.918,    307.128,
   57,      140.8,    181.376,     307.648,    308.151,
   58,      143.3,    181.281,     309.189,    309.121,
   59,      145.8,    181.369,     310.141,    310.041,
   60,      148.3,    181.193,     310.167,    310.912,
   61,      150.8,    181.266,     312.524,    311.738,
   62,      153.3,    181.251,     312.549,    312.520,
   63,      155.8,    181.193,     313.754,    313.261,
   64,      158.3,    181.215,     313.992,    313.962,
   65,      160.8,    181.082,     314.774,    314.626,
   66,      163.3,    181.149,     315.763,    315.253,
   67,      165.8,    181.200,     316.777,    315.847,
   68,      168.3,    181.303,     315.770,    316.408,
   69,      170.8,    181.435,     316.642,    316.938,
   70,      175.8,    179.892,     318.802,    318.435,
----,
DateTime:        , 2025/11/19, 14:18:06, 1763576286669,
RFID_EPC:        ,--Not Acquired--,
RFID_UserData:   ,--Not Acquired--,
Barcode:         ,--Not Acquired--,
PIF:,            0.00,
PARs:,            0.0,     0.0,     0.0,     0.0,     0.0,     0.0,
Light:,           0.0,     0.0,     0.0,     0.0,     0.0,     0.0,
Cycles:,            1,
                    1,      69,      70,      70,
Lamps:,        #10000,
Gain:,              2,      50, 
SNR_raw:,     319.61,
Position:,        0.0,              0.0,   NoData,
DataPt,      Time(us),   EX,         EM,       Fit,
==========,==========,==========,==========,=========,
    0,        0.0,      0.000,       0.000,    110.731,
    1,        0.8,    161.068,     109.271,    115.277,
    2,        3.3,    180.016,     120.269,    120.424,
    3,        5.8,    180.251,     130.096,    125.638,
    4,        8.3,    180.266,     133.414,    130.900,
    5,       10.8,    180.317,     138.367,    136.196,
    6,       13.3,    180.538,     142.629,    141.520,
    7,       15.8,    180.523,     148.457,    146.851,
    8,       18.3,    180.442,     151.849,    152.178,
    9,       20.8,    180.369,     156.624,    157.490,
   10,       23.3,    180.560,     161.442,    162.783,
   11,       25.8,    180.406,     166.569,    168.038,
   12,       28.3,    180.413,     172.105,    173.250,
   13,       30.8,    180.663,     177.679,    178.417,
   14,       33.3,    180.905,     183.521,    183.530,
   15,       35.8,    180.869,     187.705,    188.574,
   16,       38.3,    181.016,     193.630,    193.547,
   17,       40.8,    180.810,     197.445,    198.434,
   18,       43.3,    180.949,     201.990,    203.236,
   19,       45.8,    180.949,     208.622,    207.945,
   20,       48.3,    180.949,     212.214,    212.555,
   21,       50.8,    180.832,     216.223,    217.061,
   22,       53.3,    180.957,     221.047,    221.462,
   23,       55.8,    180.825,     226.739,    225.751,
   24,       58.3,    180.979,     229.585,    229.929,
   25,       60.8,    180.935,     235.168,    233.992,
   26,       63.3,    180.935,     237.655,    237.937,
   27,       65.8,    181.001,     242.264,    241.764,
   28,       68.3,    181.185,     245.882,    245.475,
   29,       70.8,    181.170,     249.765,    249.066,
   30,       73.3,    181.185,     253.057,    252.536,
   31,       75.8,    180.994,     255.810,    255.883,
   32,       78.3,    180.935,     260.867,    259.110,
   33,       80.8,    181.229,     262.376,    262.222,
   34,       83.3,    180.891,     266.736,    265.213,
   35,       85.8,    180.972,     267.998,    268.090,
   36,       88.3,    181.038,     270.938,    270.853,
   37,       90.8,    181.177,     273.489,    273.506,
   38,       93.3,    181.177,     275.973,    276.050,
   39,       95.8,    181.030,     278.959,    278.485,
   40,       98.3,    181.170,     280.124,    280.817,
   41,      100.8,    181.177,     282.872,    283.047,
   42,      103.3,    181.214,     285.022,    285.179,
   43,      105.8,    181.141,     287.346,    287.214,
   44,      108.3,    181.177,     288.667,    289.156,
   45,      110.8,    181.163,     291.451,    291.008,
   46,      113.3,    181.207,     292.760,    292.773,
   47,      115.8,    181.192,     293.611,    294.454,
   48,      118.3,    181.052,     295.771,    296.054,
   49,      120.8,    181.236,     297.678,    297.576,
   50,      123.3,    181.214,     297.714,    299.024,
   51,      125.8,    181.177,     300.534,    300.399,
   52,      128.3,    181.170,     301.650,    301.706,
   53,      130.8,    181.030,     302.159,    302.946,
   54,      133.3,    181.163,     304.975,    304.123,
   55,      135.8,    181.243,     304.287,    305.240,
   56,      138.3,    181.045,     306.001,    306.299,
   57,      140.8,    181.155,     306.091,    307.302,
   58,      143.3,    181.199,     308.500,    308.254,
   59,      145.8,    181.052,     308.198,    309.155,
   60,      148.3,    181.243,     310.632,    310.008,
   61,      150.8,    181.133,     310.269,    310.815,
   62,      153.3,    181.192,     311.272,    311.580,
   63,      155.8,    181.177,     312.953,    312.303,
   64,      158.3,    181.163,     313.254,    312.987,
   65,      160.8,    180.913,     313.964,    313.634,
   66,      163.3,    181.111,     315.000,    314.245,
   67,      165.8,    181.119,     315.539,    314.823,
   68,      168.3,    181.074,     315.064,    315.369,
   69,      170.8,    181.273,     316.098,    315.885,
   70,      175.8,    179.898,     317.401,    317.044,
----,
DateTime:        , 2025/11/19, 14:18:09, 1763576289208,
RFID_EPC:        ,--Not Acquired--,
RFID_UserData:   ,--Not Acquired--,
Barcode:         ,--Not Acquired--,
PIF:,            0.00,
PARs:,            0.0,     0.0,     0.0,     0.0,     0.0,     0.0,
Light:,           0.0,     0.0,     0.0,     0.0,     0.0,     0.0,
Cycles:,            1,
                    1,      69,      70,      70,
Lamps:,        #10000,
Gain:,              2,      50, 
SNR_raw:,     281.91,
Position:,        0.0,              0.0,   NoData,
DataPt,      Time(us),   EX,         EM,       Fit,
==========,==========,==========,==========,=========,
    0,        0.0,      0.000,       0.000,    112.440,
    1,        0.8,    161.271,     112.543,    116.937,
    2,        3.3,    180.045,     122.375,    122.007,
    3,        5.8,    180.303,     131.168,    127.128,
    4,        8.3,    180.236,     134.546,    132.281,
    5,       10.8,    180.280,     139.227,    137.457,
    6,       13.3,    180.464,     142.965,    142.650,
    7,       15.8,    180.428,     148.259,    147.845,
    8,       18.3,    180.273,     152.546,    153.029,
    9,       20.8,    180.552,     156.741,    158.205,
   10,       23.3,    180.626,     161.383,    163.357,
   11,       25.8,    180.699,     166.852,    168.479,
   12,       28.3,    180.699,     172.939,    173.559,
   13,       30.8,    180.729,     178.721,    178.592,
   14,       33.3,    180.670,     182.930,    183.567,
   15,       35.8,    180.773,     188.081,    188.481,
   16,       38.3,    180.722,     192.285,    193.325,
   17,       40.8,    180.501,     197.506,    198.088,
   18,       43.3,    180.876,     203.731,    202.778,
   19,       45.8,    180.927,     207.542,    207.384,
   20,       48.3,    180.795,     211.842,    211.895,
   21,       50.8,    180.810,     216.526,    216.312,
   22,       53.3,    180.869,     220.879,    220.630,
   23,       55.8,    181.016,     226.224,    224.849,
   24,       58.3,    181.177,     229.333,    228.966,
   25,       60.8,    180.920,     233.529,    232.969,
   26,       63.3,    180.994,     238.130,    236.863,
   27,       65.8,    180.883,     240.487,    240.644,
   28,       68.3,    180.898,     245.166,    244.312,
   29,       70.8,    180.898,     247.930,    247.866,
   30,       73.3,    181.030,     251.615,    251.309,
   31,       75.8,    181.016,     254.674,    254.637,
   32,       78.3,    180.920,     258.401,    257.850,
   33,       80.8,    181.170,     261.081,    260.953,
   34,       83.3,    181.089,     263.406,    263.943,
   35,       85.8,    181.060,     267.039,    266.821,
   36,       88.3,    181.273,     268.932,    269.592,
   37,       90.8,    181.096,     271.126,    272.253,
   38,       93.3,    181.023,     275.379,    274.807,
   39,       95.8,    181.111,     277.730,    277.258,
   40,       98.3,    181.236,     279.470,    279.609,
   41,      100.8,    180.927,     281.881,    281.857,
   42,      103.3,    181.089,     283.838,    284.010,
   43,      105.8,    181.280,     287.125,    286.071,
   44,      108.3,    181.133,     287.358,    288.039,
   45,      110.8,    181.133,     288.738,    289.919,
   46,      113.3,    181.163,     291.451,    291.712,
   47,      115.8,    181.185,     292.795,    293.423,
   48,      118.3,    181.118,     295.387,    295.054,
   49,      120.8,    181.280,     295.123,    296.608,
   50,      123.3,    181.229,     297.690,    298.087,
   51,      125.8,    180.927,     299.015,    299.493,
   52,      128.3,    181.082,     300.969,    300.832,
   53,      130.8,    181.052,     302.123,    302.104,
   54,      133.3,    181.266,     304.802,    303.313,
   55,      135.8,    181.052,     304.332,    304.461,
   56,      138.3,    181.317,     305.542,    305.552,
   57,      140.8,    181.324,     305.806,    306.587,
   58,      143.3,    181.177,     308.814,    307.569,
   59,      145.8,    181.258,     309.503,    308.500,
   60,      148.3,    181.118,     309.742,    309.383,
   61,      150.8,    181.236,     309.541,    310.219,
   62,      153.3,    181.126,     310.834,    311.012,
   63,      155.8,    181.258,     312.262,    311.762,
   64,      158.3,    181.207,     313.454,    312.473,
   65,      160.8,    181.207,     312.902,    313.146,
   66,      163.3,    181.229,     312.864,    313.782,
   67,      165.8,    181.177,     314.885,    314.385,
   68,      168.3,    181.288,     314.969,    314.955,
   69,      170.8,    181.317,     316.297,    315.494,
   70,      175.8,    179.685,     316.387,    316.424,
----,
DateTime:        , 2025/11/19, 14:18:11, 1763576291694,
RFID_EPC:        ,--Not Acquired--,
RFID_UserData:   ,--Not Acquired--,
Barcode:         ,--Not Acquired--,
PIF:,            0.00,
PARs:,            0.0,     0.0,     0.0,     0.0,     0.0,     0.0,
Light:,           0.0,     0.0,     0.0,     0.0,     0.0,     0.0,
Cycles:,            1,
                    1,      69,      70,      70,
Lamps:,        #10000,
Gain:,              2,      50, 
SNR_raw:,     262.82,
Position:,        0.0,              0.0,   NoData,
DataPt,      Time(us),   EX,         EM,       Fit,
==========,==========,==========,==========,=========,
    0,        0.0,      0.000,       0.000,    112.460,
    1,        0.8,    161.254,     111.625,    116.889,
    2,        3.3,    179.913,     121.824,    121.924,
    3,        5.8,    180.222,     130.950,    127.052,
    4,        8.3,    180.200,     134.850,    132.246,
    5,       10.8,    180.332,     139.188,    137.492,
    6,       13.3,    180.457,     143.524,    142.771,
    7,       15.8,    180.435,     147.976,    148.066,
    8,       18.3,    180.597,     153.103,    153.367,
    9,       20.8,    180.553,     158.126,    158.656,
   10,       23.3,    180.641,     163.584,    163.924,
   11,       25.8,    180.560,     168.365,    169.157,
   12,       28.3,    180.714,     173.201,    174.348,
   13,       30.8,    180.832,     179.172,    179.489,
   14,       33.3,    180.869,     184.664,    184.569,
   15,       35.8,    180.597,     189.372,    189.572,
   16,       38.3,    180.869,     194.340,    194.503,
   17,       40.8,    180.670,     198.981,    199.346,
   18,       43.3,    180.920,     203.957,    204.105,
   19,       45.8,    180.847,     208.464,    208.766,
   20,       48.3,    180.869,     212.309,    213.328,
   21,       50.8,    180.847,     218.417,    217.786,
   22,       53.3,    180.795,     220.968,    222.134,
   23,       55.8,    181.052,     226.454,    226.377,
   24,       58.3,    181.089,     231.102,    230.507,
   25,       60.8,    181.038,     235.034,    234.520,
   26,       63.3,    180.957,     238.178,    238.415,
   27,       65.8,    181.097,     241.860,    242.194,
   28,       68.3,    181.023,     246.101,    245.853,
   29,       70.8,    180.935,     249.537,    249.392,
   30,       73.3,    180.898,     251.523,    252.811,
   31,       75.8,    180.972,     256.118,    256.113,
   32,       78.3,    181.148,     259.732,    259.300,
   33,       80.8,    181.016,     262.961,    262.369,
   34,       83.3,    181.141,     265.816,    265.324,
   35,       85.8,    181.310,     268.050,    268.168,
   36,       88.3,    181.207,     273.169,    270.899,
   37,       90.8,    181.221,     273.146,    273.521,
   38,       93.3,    181.119,     276.338,    276.035,
   39,       95.8,    181.089,     278.316,    278.445,
   40,       98.3,    181.067,     282.216,    280.752,
   41,      100.8,    181.030,     283.378,    282.959,
   42,      103.3,    180.928,     286.303,    285.069,
   43,      105.8,    180.942,     286.556,    287.086,
   44,      108.3,    181.052,     288.867,    289.012,
   45,      110.8,    181.221,     291.080,    290.852,
   46,      113.3,    181.023,     291.399,    292.606,
   47,      115.8,    181.266,     294.320,    294.279,
   48,      118.3,    180.898,     296.023,    295.871,
   49,      120.8,    181.119,     297.871,    297.388,
   50,      123.3,    181.244,     297.666,    298.832,
   51,      125.8,    181.133,     300.331,    300.206,
   52,      128.3,    181.082,     301.245,    301.513,
   53,      130.8,    181.082,     302.626,    302.754,
   54,      133.3,    181.266,     303.146,    303.934,
   55,      135.8,    181.199,     304.085,    305.054,
   56,      138.3,    181.251,     307.033,    306.118,
   57,      140.8,    181.089,     306.755,    307.128,
   58,      143.3,    181.251,     307.585,    308.085,
   59,      145.8,    181.280,     308.638,    308.994,
   60,      148.3,    181.082,     308.700,    309.855,
   61,      150.8,    181.074,     310.922,    310.671,
   62,      153.3,    181.266,     311.422,    311.444,
   63,      155.8,    181.111,     312.791,    312.177,
   64,      158.3,    181.163,     312.978,    312.871,
   65,      160.8,    181.074,     314.235,    313.528,
   66,      163.3,    181.185,     313.492,    314.150,
   67,      165.8,    181.317,     314.918,    314.738,
   68,      168.3,    181.244,     316.425,    315.295,
   69,      170.8,    181.170,     316.277,    315.822,
   70,      175.8,    179.788,     317.317,    317.106,
