----,
DateTime:        , 2025/11/20, 15:05:43, 1763665543191,
RFID_EPC:        ,--Not Acquired--,
RFID_UserData:   ,--Not Acquired--,
Barcode:         ,--Not Acquired--,
PIF:,            0.00,
PARs:,            0.0,     0.0,     0.0,     0.0,     0.0,     0.0,
Light:,           0.0,     0.0,     0.0,     0.0,     0.0,     0.0,
Cycles:,            1,
                    1,      69,      70,      70,
Lamps:,        #10000,
Gain:,              2,     100, 
SNR_raw:,     278.35,
Position:,        0.0,              0.0,   NoData,
DataPt,      Time(us),   EX,         EM,       Fit,
==========,==========,==========,==========,=========,
    0,        0.0,      0.000,       0.000,    121.753,
    1,        0.8,    162.128,     119.967,    126.080,
    2,        3.3,    180.594,     131.147,    131.515,
    3,        5.8,    180.617,     141.183,    137.558,
    4,        8.3,    180.650,     147.799,    144.136,
    5,       10.8,    180.773,     154.613,    151.184,
    6,       13.3,    180.859,     162.281,    158.641,
    7,       15.8,    180.844,     167.547,    166.447,
    8,       18.3,    180.859,     174.998,    174.551,
    9,       20.8,    180.897,     183.254,    182.906,
   10,       23.3,    180.800,     190.543,    191.465,
   11,       25.8,    180.792,     199.124,    200.189,
   12,       28.3,    180.874,     206.774,    209.043,
   13,       30.8,    180.811,     217.078,    217.988,
   14,       33.3,    180.856,     225.042,    226.993,
   15,       35.8,    180.844,     233.350,    236.027,
   16,       38.3,    180.919,     241.545,    245.065,
   17,       40.8,    180.945,     252.286,    254.077,
   18,       43.3,    180.975,     261.638,    263.041,
   19,       45.8,    180.964,     271.049,    271.932,
   20,       48.3,    180.986,     278.751,    280.730,
   21,       50.8,    180.941,     288.768,    289.414,
   22,       53.3,    180.986,     297.260,    297.968,
   23,       55.8,    180.919,     307.320,    306.375,
   24,       58.3,    180.893,     316.209,    314.619,
   25,       60.8,    180.934,     324.428,    322.688,
   26,       63.3,    180.930,     332.449,    330.572,
   27,       65.8,    180.926,     340.470,    338.257,
   28,       68.3,    180.986,     348.093,    345.738,
   29,       70.8,    180.919,     354.026,    353.005,
   30,       73.3,    180.979,     361.645,    360.052,
   31,       75.8,    181.005,     369.327,    366.874,
   32,       78.3,    181.001,     376.241,    373.467,
   33,       80.8,    181.020,     381.726,    379.829,
   34,       83.3,    181.009,     389.208,    385.957,
   35,       85.8,    180.975,     393.148,    391.851,
   36,       88.3,    180.938,     398.203,    397.511,
   37,       90.8,    180.938,     404.007,    402.938,
   38,       93.3,    180.979,     408.612,    408.135,
   39,       95.8,    181.031,     412.913,    413.103,
   40,       98.3,    181.005,     416.840,    417.846,
   41,      100.8,    180.979,     421.596,    422.368,
   42,      103.3,    181.072,     425.797,    426.673,
   43,      105.8,    180.971,     428.245,    430.768,
   44,      108.3,    180.971,     432.942,    434.655,
   45,      110.8,    180.908,     438.068,    438.343,
   46,      113.3,    181.001,     441.710,    441.834,
   47,      115.8,    181.009,     443.073,    445.137,
   48,      118.3,    181.050,     445.734,    448.256,
   49,      120.8,    180.982,     449.491,    451.200,
   50,      123.3,    180.960,     452.586,    453.974,
   51,      125.8,    181.038,     454.876,    456.584,
   52,      128.3,    181.024,     457.675,    459.037,
   53,      130.8,    181.057,     458.971,    461.338,
   54,      133.3,    181.042,     462.047,    463.497,
   55,      135.8,    180.979,     463.867,    465.518,
   56,      138.3,    180.971,     466.649,    467.409,
   57,      140.8,    180.997,     468.515,    469.173,
   58,      143.3,    180.953,     470.842,    470.818,
   59,      145.8,    180.982,     473.527,    472.348,
   60,      148.3,    181.031,     473.400,    473.769,
   61,      150.8,    181.061,     473.874,    475.087,
   62,      153.3,    181.027,     476.448,    476.307,
   63,      155.8,    180.990,     478.480,    477.437,
   64,      158.3,    181.031,     479.752,    478.477,
   65,      160.8,    181.009,     480.640,    479.435,
   66,      163.3,    181.061,     482.987,    480.312,
   67,      165.8,    180.930,     484.441,    481.120,
   68,      168.3,    180.960,     484.637,    481.855,
   69,      170.8,    180.956,     485.476,    482.525,
   70,      175.8,    179.896,     488.446,    488.251,
----,
DateTime:        , 2025/11/20, 15:05:45, 1763665545178,
RFID_EPC:        ,--Not Acquired--,
RFID_UserData:   ,--Not Acquired--,
Barcode:         ,--Not Acquired--,
PIF:,            0.00,
PARs:,            0.0,     0.0,     0.0,     0.0,     0.0,     0.0,
Light:,           0.0,     0.0,     0.0,     0.0,     0.0,     0.0,
Cycles:,            1,
                    1,      69,      70,      70,
Lamps:,        #10000,
Gain:,              2,     100, 
SNR_raw:,     292.43,
Position:,        0.0,              0.0,   NoData,
DataPt,      Time(us),   EX,         EM,       Fit,
==========,==========,==========,==========,=========,
    0,        0.0,      0.000,       0.000,    138.927,
    1,        0.8,    162.065,     136.982,    143.765,
    2,        3.3,    180.646,     149.209,    149.568,
    3,        5.8,    180.743,     160.172,    155.778,
    4,        8.3,    180.721,     165.725,    162.338,
    5,       10.8,    180.698,     171.557,    169.199,
    6,       13.3,    180.750,     178.699,    176.320,
    7,       15.8,    180.743,     184.793,    183.656,
    8,       18.3,    180.821,     191.349,    191.175,
    9,       20.8,    180.810,     198.274,    198.837,
   10,       23.3,    180.881,     205.660,    206.615,
   11,       25.8,    180.833,     212.075,    214.474,
   12,       28.3,    180.903,     220.836,    222.391,
   13,       30.8,    180.829,     227.563,    230.337,
   14,       33.3,    180.900,     235.213,    238.293,
   15,       35.8,    180.945,     243.721,    246.234,
   16,       38.3,    180.803,     253.038,    254.138,
   17,       40.8,    180.885,     260.110,    261.990,
   18,       43.3,    180.851,     267.900,    269.771,
   19,       45.8,    180.933,     276.345,    277.468,
   20,       48.3,    180.851,     284.212,    285.061,
   21,       50.8,    180.978,     290.367,    292.543,
   22,       53.3,    180.952,     298.698,    299.897,
   23,       55.8,    181.049,     307.099,    307.116,
   24,       58.3,    180.933,     313.651,    314.185,
   25,       60.8,    181.042,     322.578,    321.099,
   26,       63.3,    180.989,     328.749,    327.848,
   27,       65.8,    180.933,     335.483,    334.425,
   28,       68.3,    180.933,     341.562,    340.825,
   29,       70.8,    180.945,     348.726,    347.043,
   30,       73.3,    180.915,     354.587,    353.075,
   31,       75.8,    180.941,     360.063,    358.918,
   32,       78.3,    181.019,     365.707,    364.571,
   33,       80.8,    180.982,     371.584,    370.030,
   34,       83.3,    180.989,     376.818,    375.296,
   35,       85.8,    181.001,     383.148,    380.368,
   36,       88.3,    181.049,     386.083,    385.247,
   37,       90.8,    181.004,     389.770,    389.933,
   38,       93.3,    180.982,     395.343,    394.429,
   39,       95.8,    180.933,     398.766,    398.737,
   40,       98.3,    180.915,     403.229,    402.858,
   41,      100.8,    180.948,     406.746,    406.797,
   42,      103.3,    180.971,     411.116,    410.557,
   43,      105.8,    181.045,     413.709,    414.141,
   44,      108.3,    181.075,     417.782,    417.553,
   45,      110.8,    181.008,     420.147,    420.799,
   46,      113.3,    180.971,     425.483,    423.882,
   47,      115.8,    181.004,     425.404,    426.806,
   48,      118.3,    180.974,     429.895,    429.577,
   49,      120.8,    181.075,     431.313,    432.199,
   50,      123.3,    180.989,     433.175,    434.678,
   51,      125.8,    180.967,     435.162,    437.019,
   52,      128.3,    180.881,     437.304,    439.226,
   53,      130.8,    180.986,     438.985,    441.303,
   54,      133.3,    181.049,     441.869,    443.256,
   55,      135.8,    180.997,     443.931,    445.091,
   56,      138.3,    180.997,     446.140,    446.811,
   57,      140.8,    180.956,     446.518,    448.423,
   58,      143.3,    181.083,     448.414,    449.928,
   59,      145.8,    181.012,     450.800,    451.334,
   60,      148.3,    181.049,     451.811,    452.643,
   61,      150.8,    181.045,     453.201,    453.862,
   62,      153.3,    180.989,     454.170,    454.994,
   63,      155.8,    180.967,     455.884,    456.044,
   64,      158.3,    180.937,     457.618,    457.015,
   65,      160.8,    180.956,     458.952,    457.910,
   66,      163.3,    181.030,     458.487,    458.732,
   67,      165.8,    180.986,     460.810,    459.488,
   68,      168.3,    181.090,     460.544,    460.176,
   69,      170.8,    181.116,     462.410,    460.803,
   70,      175.8,    179.951,     465.617,    465.016,
----,
DateTime:        , 2025/11/20, 15:05:47, 1763665546994,
RFID_EPC:        ,--Not Acquired--,
RFID_UserData:   ,--Not Acquired--,
Barcode:         ,--Not Acquired--,
PIF:,            0.00,
PARs:,            0.0,     0.0,     0.0,     0.0,     0.0,     0.0,
Light:,           0.0,     0.0,     0.0,     0.0,     0.0,     0.0,
Cycles:,            1,
                    1,      69,      70,      70,
Lamps:,        #10000,
Gain:,              2,     100, 
SNR_raw:,     270.10,
Position:,        0.0,              0.0,   NoData,
DataPt,      Time(us),   EX,         EM,       Fit,
==========,==========,==========,==========,=========,
    0,        0.0,      0.000,       0.000,    133.305,
    1,        0.8,    161.972,     133.357,    138.394,
    2,        3.3,    180.618,     145.760,    144.436,
    3,        5.8,    180.715,     156.876,    150.838,
    4,        8.3,    180.730,     162.397,    157.548,
    5,       10.8,    180.644,     168.563,    164.517,
    6,       13.3,    180.764,     173.707,    171.711,
    7,       15.8,    180.801,     181.415,    179.089,
    8,       18.3,    180.835,     187.187,    186.617,
    9,       20.8,    180.786,     193.599,    194.260,
   10,       23.3,    180.932,     200.904,    201.996,
   11,       25.8,    180.794,     209.078,    209.787,
   12,       28.3,    180.861,     217.017,    217.616,
   13,       30.8,    180.839,     223.404,    225.456,
   14,       33.3,    180.835,     230.044,    233.286,
   15,       35.8,    180.906,     238.798,    241.089,
   16,       38.3,    180.861,     246.598,    248.842,
   17,       40.8,    180.902,     253.452,    256.531,
   18,       43.3,    180.966,     262.757,    264.140,
   19,       45.8,    180.943,     269.145,    271.652,
   20,       48.3,    180.880,     277.809,    279.052,
   21,       50.8,    180.939,     283.797,    286.331,
   22,       53.3,    180.902,     294.082,    293.476,
   23,       55.8,    180.984,     301.131,    300.478,
   24,       58.3,    180.936,     307.844,    307.326,
   25,       60.8,    180.921,     316.161,    314.012,
   26,       63.3,    180.902,     322.550,    320.528,
   27,       65.8,    180.936,     328.846,    326.870,
   28,       68.3,    180.947,     335.458,    333.032,
   29,       70.8,    180.977,     340.375,    339.009,
   30,       73.3,    181.051,     346.863,    344.800,
   31,       75.8,    181.014,     352.459,    350.398,
   32,       78.3,    180.992,     356.646,    355.804,
   33,       80.8,    181.029,     362.925,    361.017,
   34,       83.3,    181.003,     367.121,    366.035,
   35,       85.8,    180.988,     373.229,    370.858,
   36,       88.3,    180.973,     376.299,    375.489,
   37,       90.8,    180.928,     381.643,    379.928,
   38,       93.3,    180.917,     384.707,    384.178,
   39,       95.8,    180.947,     388.512,    388.241,
   40,       98.3,    181.081,     393.470,    392.122,
   41,      100.8,    181.040,     395.768,    395.823,
   42,      103.3,    181.051,     401.267,    399.347,
   43,      105.8,    181.018,     403.828,    402.699,
   44,      108.3,    180.973,     406.691,    405.883,
   45,      110.8,    181.055,     408.163,    408.904,
   46,      113.3,    180.954,     410.877,    411.767,
   47,      115.8,    181.018,     413.771,    414.476,
   48,      118.3,    180.932,     416.179,    417.036,
   49,      120.8,    181.036,     417.595,    419.453,
   50,      123.3,    180.951,     420.280,    421.731,
   51,      125.8,    181.014,     423.724,    423.876,
   52,      128.3,    181.070,     425.250,    425.893,
   53,      130.8,    181.025,     426.736,    427.787,
   54,      133.3,    181.022,     428.126,    429.563,
   55,      135.8,    181.055,     429.980,    431.226,
   56,      138.3,    181.007,     431.476,    432.782,
   57,      140.8,    181.010,     432.572,    434.233,
   58,      143.3,    181.025,     434.746,    435.587,
   59,      145.8,    181.040,     436.367,    436.846,
   60,      148.3,    180.995,     437.856,    438.015,
   61,      150.8,    180.906,     439.455,    439.100,
   62,      153.3,    181.036,     439.690,    440.103,
   63,      155.8,    181.033,     441.633,    441.029,
   64,      158.3,    181.033,     441.357,    441.881,
   65,      160.8,    181.018,     443.879,    442.665,
   66,      163.3,    181.029,     444.680,    443.382,
   67,      165.8,    180.992,     445.048,    444.037,
   68,      168.3,    180.995,     447.249,    444.633,
   69,      170.8,    181.018,     446.917,    445.173,
   70,      175.8,    179.898,     447.842,    447.823,
----,
DateTime:        , 2025/11/20, 15:05:48, 1763665548730,
RFID_EPC:        ,--Not Acquired--,
RFID_UserData:   ,--Not Acquired--,
Barcode:         ,--Not Acquired--,
PIF:,            0.00,
PARs:,            0.0,     0.0,     0.0,     0.0,     0.0,     0.0,
Light:,           0.0,     0.0,     0.0,     0.0,     0.0,     0.0,
Cycles:,            1,
                    1,      69,      70,      70,
Lamps:,        #10000,
Gain:,              2,     100, 
SNR_raw:,     328.44,
Position:,        0.0,              0.0,   NoData,
DataPt,      Time(us),   EX,         EM,       Fit,
==========,==========,==========,==========,=========,
    0,        0.0,      0.000,       0.000,    126.267,
    1,        0.8,    161.873,     123.553,    130.516,
    2,        3.3,    180.573,     135.777,    135.782,
    3,        5.8,    180.599,     146.734,    141.573,
    4,        8.3,    180.737,     152.155,    147.832,
    5,       10.8,    180.789,     157.366,    154.503,
    6,       13.3,    180.748,     162.934,    161.532,
    7,       15.8,    180.849,     170.584,    168.877,
    8,       18.3,    180.808,     178.366,    176.488,
    9,       20.8,    180.812,     185.552,    184.326,
   10,       23.3,    180.830,     191.063,    192.353,
   11,       25.8,    180.808,     199.383,    200.532,
   12,       28.3,    180.849,     207.079,    208.829,
   13,       30.8,    180.875,     215.895,    217.213,
   14,       33.3,    180.897,     223.884,    225.653,
   15,       35.8,    180.894,     232.180,    234.120,
   16,       38.3,    180.909,     239.900,    242.588,
   17,       40.8,    180.909,     247.915,    251.032,
   18,       43.3,    180.909,     258.141,    259.427,
   19,       45.8,    180.946,     266.101,    267.753,
   20,       48.3,    181.006,     275.682,    275.990,
   21,       50.8,    180.968,     283.475,    284.117,
   22,       53.3,    180.886,     291.896,    292.116,
   23,       55.8,    180.886,     299.912,    299.972,
   24,       58.3,    180.972,     308.611,    307.673,
   25,       60.8,    180.886,     316.497,    315.202,
   26,       63.3,    180.961,     323.827,    322.551,
   27,       65.8,    180.991,     329.851,    329.710,
   28,       68.3,    181.039,     337.772,    336.668,
   29,       70.8,    180.957,     344.004,    343.419,
   30,       73.3,    180.983,     351.690,    349.956,
   31,       75.8,    180.939,     357.027,    356.274,
   32,       78.3,    180.950,     363.913,    362.371,
   33,       80.8,    180.983,     368.818,    368.244,
   34,       83.3,    180.935,     375.273,    373.892,
   35,       85.8,    180.950,     379.940,    379.314,
   36,       88.3,    180.935,     384.945,    384.511,
   37,       90.8,    180.980,     390.652,    389.484,
   38,       93.3,    181.036,     394.950,    394.237,
   39,       95.8,    181.043,     399.352,    398.771,
   40,       98.3,    181.051,     403.202,    403.091,
   41,      100.8,    180.965,     407.262,    407.202,
   42,      103.3,    181.024,     410.994,    411.106,
   43,      105.8,    180.987,     414.947,    414.811,
   44,      108.3,    180.980,     418.555,    418.322,
   45,      110.8,    180.965,     423.011,    421.643,
   46,      113.3,    180.942,     423.616,    424.782,
   47,      115.8,    180.965,     427.431,    427.745,
   48,      118.3,    180.957,     429.107,    430.537,
   49,      120.8,    181.017,     431.175,    433.165,
   50,      123.3,    181.039,     433.331,    435.635,
   51,      125.8,    181.084,     435.985,    437.954,
   52,      128.3,    181.043,     439.398,    440.129,
   53,      130.8,    181.036,     440.521,    442.167,
   54,      133.3,    181.024,     443.034,    444.073,
   55,      135.8,    181.039,     444.655,    445.853,
   56,      138.3,    180.965,     445.391,    447.516,
   57,      140.8,    180.961,     446.781,    449.064,
   58,      143.3,    180.935,     450.438,    450.505,
   59,      145.8,    181.028,     451.311,    451.842,
   60,      148.3,    180.961,     452.308,    453.082,
   61,      150.8,    181.028,     454.902,    454.230,
   62,      153.3,    181.069,     455.627,    455.289,
   63,      155.8,    181.058,     456.484,    456.267,
   64,      158.3,    180.995,     457.196,    457.168,
   65,      160.8,    181.036,     459.026,    457.995,
   66,      163.3,    181.032,     460.140,    458.753,
   67,      165.8,    181.084,     461.664,    459.445,
   68,      168.3,    181.028,     461.807,    460.077,
   69,      170.8,    181.024,     462.921,    460.651,
   70,      175.8,    179.979,     466.008,    465.553,
----,
DateTime:        , 2025/11/20, 15:05:50, 1763665550502,
RFID_EPC:        ,--Not Acquired--,
RFID_UserData:   ,--Not Acquired--,
Barcode:         ,--Not Acquired--,
PIF:,            0.00,
PARs:,            0.0,     0.0,     0.0,     0.0,     0.0,     0.0,
Light:,           0.0,     0.0,     0.0,     0.0,     0.0,     0.0,
Cycles:,            1,
                    1,      69,      70,      70,
Lamps:,        #10000,
Gain:,              2,     100, 
SNR_raw:,     234.62,
Position:,        0.0,              0.0,   NoData,
DataPt,      Time(us),   EX,         EM,       Fit,
==========,==========,==========,==========,=========,
    0,        0.0,      0.000,       0.000,    116.199,
    1,        0.8,    162.012,     121.904,    121.794,
    2,        3.3,    180.635,     133.064,    128.405,
    3,        5.8,    180.680,     143.071,    135.379,
    4,        8.3,    180.751,     149.377,    142.664,
    5,       10.8,    180.739,     154.919,    150.210,
    6,       13.3,    180.825,     161.482,    157.977,
    7,       15.8,    180.792,     167.596,    165.923,
    8,       18.3,    180.877,     174.151,    174.017,
    9,       20.8,    180.919,     181.297,    182.223,
   10,       23.3,    180.889,     189.067,    190.512,
   11,       25.8,    180.762,     195.285,    198.852,
   12,       28.3,    180.866,     204.295,    207.226,
   13,       30.8,    180.881,     210.912,    215.607,
   14,       33.3,    180.844,     220.079,    223.973,
   15,       35.8,    180.892,     228.589,    232.307,
   16,       38.3,    180.892,     235.499,    240.589,
   17,       40.8,    180.963,     244.801,    248.803,
   18,       43.3,    180.956,     253.929,    256.932,
   19,       45.8,    180.885,     260.110,    264.959,
   20,       48.3,    180.975,     270.204,    272.876,
   21,       50.8,    180.915,     278.031,    280.665,
   22,       53.3,    180.945,     287.104,    288.318,
   23,       55.8,    180.926,     296.254,    295.823,
   24,       58.3,    180.874,     303.803,    303.171,
   25,       60.8,    180.904,     310.939,    310.354,
   26,       63.3,    180.851,     317.941,    317.363,
   27,       65.8,    181.012,     324.841,    324.198,
   28,       68.3,    180.930,     331.344,    330.846,
   29,       70.8,    180.967,     340.393,    337.306,
   30,       73.3,    180.986,     345.607,    343.573,
   31,       75.8,    181.012,     351.634,    349.645,
   32,       78.3,    181.038,     357.660,    355.519,
   33,       80.8,    180.986,     364.117,    361.193,
   34,       83.3,    180.948,     369.442,    366.665,
   35,       85.8,    180.937,     376.097,    371.937,
   36,       88.3,    181.004,     379.825,    377.009,
   37,       90.8,    180.934,     384.672,    381.881,
   38,       93.3,    180.978,     389.273,    386.556,
   39,       95.8,    180.952,     392.645,    391.036,
   40,       98.3,    181.027,     396.626,    395.324,
   41,      100.8,    181.001,     400.551,    399.423,
   42,      103.3,    180.971,     405.038,    403.335,
   43,      105.8,    181.057,     408.436,    407.065,
   44,      108.3,    181.046,     411.499,    410.618,
   45,      110.8,    181.019,     413.768,    413.996,
   46,      113.3,    181.001,     416.849,    417.205,
   47,      115.8,    180.986,     419.923,    420.249,
   48,      118.3,    180.982,     422.141,    423.134,
   49,      120.8,    181.019,     425.093,    425.864,
   50,      123.3,    181.012,     428.701,    428.444,
   51,      125.8,    181.049,     430.822,    430.879,
   52,      128.3,    180.930,     431.659,    433.176,
   53,      130.8,    181.068,     433.539,    435.338,
   54,      133.3,    181.001,     435.634,    437.370,
   55,      135.8,    181.004,     438.663,    439.279,
   56,      138.3,    180.982,     439.546,    441.069,
   57,      140.8,    180.948,     441.286,    442.745,
   58,      143.3,    180.945,     442.124,    444.311,
   59,      145.8,    180.975,     445.919,    445.773,
   60,      148.3,    181.008,     447.494,    447.134,
   61,      150.8,    181.064,     448.736,    448.400,
   62,      153.3,    180.997,     448.626,    449.575,
   63,      155.8,    180.993,     449.464,    450.664,
   64,      158.3,    181.023,     451.876,    451.670,
   65,      160.8,    181.053,     454.287,    452.597,
   66,      163.3,    181.008,     454.676,    453.449,
   67,      165.8,    180.986,     455.837,    454.232,
   68,      168.3,    180.926,     456.540,    454.947,
   69,      170.8,    181.001,     458.009,    455.597,
   70,      175.8,    179.985,     458.539,    458.562,
----,
DateTime:        , 2025/11/20, 15:05:52, 1763665552297,
RFID_EPC:        ,--Not Acquired--,
RFID_UserData:   ,--Not Acquired--,
Barcode:         ,--Not Acquired--,
PIF:,            0.00,
PARs:,            0.0,     0.0,     0.0,     0.0,     0.0,     0.0,
Light:,           0.0,     0.0,     0.0,     0.0,     0.0,     0.0,
Cycles:,            1,
                    1,      69,      70,      70,
Lamps:,        #10000,
Gain:,              2,     100, 
SNR_raw:,     280.88,
Position:,        0.0,              0.0,   NoData,
DataPt,      Time(us),   EX,         EM,       Fit,
==========,==========,==========,==========,=========,
    0,        0.0,      0.000,       0.000,    126.740,
    1,        0.8,    162.072,     128.030,    132.051,
    2,        3.3,    180.641,     140.042,    138.255,
    3,        5.8,    180.682,     150.817,    144.738,
    4,        8.3,    180.727,     155.483,    151.465,
    5,       10.8,    180.742,     161.003,    158.404,
    6,       13.3,    180.738,     167.093,    165.522,
    7,       15.8,    180.779,     172.863,    172.795,
    8,       18.3,    180.794,     179.486,    180.195,
    9,       20.8,    180.884,     186.860,    187.702,
   10,       23.3,    180.835,     193.546,    195.286,
   11,       25.8,    180.895,     201.498,    202.932,
   12,       28.3,    180.884,     208.145,    210.615,
   13,       30.8,    180.880,     216.442,    218.318,
   14,       33.3,    180.820,     223.426,    226.020,
   15,       35.8,    180.846,     231.965,    233.707,
   16,       38.3,    180.906,     239.351,    241.364,
   17,       40.8,    180.887,     246.009,    248.972,
   18,       43.3,    180.906,     255.381,    256.519,
   19,       45.8,    180.958,     262.215,    263.991,
   20,       48.3,    180.940,     269.979,    271.373,
   21,       50.8,    180.932,     277.452,    278.653,
   22,       53.3,    180.940,     285.178,    285.820,
   23,       55.8,    180.970,     291.762,    292.864,
   24,       58.3,    180.861,     300.230,    299.772,
   25,       60.8,    180.895,     308.466,    306.537,
   26,       63.3,    180.936,     314.752,    313.153,
   27,       65.8,    180.943,     321.648,    319.611,
   28,       68.3,    180.988,     326.817,    325.904,
   29,       70.8,    180.977,     333.191,    332.026,
   30,       73.3,    180.921,     339.098,    337.972,
   31,       75.8,    181.078,     344.603,    343.741,
   32,       78.3,    181.014,     351.906,    349.325,
   33,       80.8,    181.055,     356.797,    354.725,
   34,       83.3,    181.026,     361.275,    359.936,
   35,       85.8,    180.917,     365.913,    364.957,
   36,       88.3,    180.984,     370.750,    369.789,
   37,       90.8,    180.925,     375.018,    374.432,
   38,       93.3,    180.996,     379.843,    378.888,
   39,       95.8,    180.958,     384.895,    383.157,
   40,       98.3,    181.029,     388.059,    387.242,
   41,      100.8,    181.044,     392.998,    391.146,
   42,      103.3,    180.996,     394.485,    394.870,
   43,      105.8,    180.943,     397.914,    398.417,
   44,      108.3,    181.040,     400.463,    401.793,
   45,      110.8,    180.973,     403.651,    405.000,
   46,      113.3,    181.055,     407.058,    408.044,
   47,      115.8,    180.928,     409.830,    410.927,
   48,      118.3,    180.914,     412.352,    413.655,
   49,      120.8,    180.921,     414.269,    416.234,
   50,      123.3,    181.003,     418.225,    418.667,
   51,      125.8,    181.014,     418.751,    420.960,
   52,      128.3,    180.958,     421.920,    423.117,
   53,      130.8,    181.063,     423.886,    425.145,
   54,      133.3,    181.055,     426.113,    427.047,
   55,      135.8,    181.074,     428.830,    428.830,
   56,      138.3,    181.052,     429.988,    430.497,
   57,      140.8,    181.037,     430.023,    432.053,
   58,      143.3,    180.928,     432.215,    433.505,
   59,      145.8,    180.992,     433.721,    434.855,
   60,      148.3,    180.955,     435.192,    436.109,
   61,      150.8,    180.951,     437.135,    437.272,
   62,      153.3,    181.007,     437.000,    438.347,
   63,      155.8,    181.018,     438.078,    439.339,
   64,      158.3,    181.063,     441.007,    440.253,
   65,      160.8,    180.988,     442.294,    441.091,
   66,      163.3,    181.029,     442.194,    441.859,
   67,      165.8,    181.029,     443.575,    442.559,
   68,      168.3,    181.014,     445.545,    443.195,
   69,      170.8,    181.052,     445.177,    443.770,
   70,      175.8,    179.939,     445.401,    445.566,
----,
DateTime:        , 2025/11/20, 15:05:54, 1763665554006,
RFID_EPC:        ,--Not Acquired--,
RFID_UserData:   ,--Not Acquired--,
Barcode:         ,--Not Acquired--,
PIF:,            0.00,
PARs:,            0.0,     0.0,     0.0,     0.0,     0.0,     0.0,
Light:,           0.0,     0.0,     0.0,     0.0,     0.0,     0.0,
Cycles:,            1,
                    1,      69,      70,      70,
Lamps:,        #10000,
Gain:,              2,     100, 
SNR_raw:,     308.79,
Position:,        0.0,              0.0,   NoData,
DataPt,      Time(us),   EX,         EM,       Fit,
==========,==========,==========,==========,=========,
    0,        0.0,      0.000,       0.000,    127.340,
    1,        0.8,    162.011,     127.769,    132.619,
    2,        3.3,    180.692,     139.498,    138.767,
    3,        5.8,    180.647,     150.016,    145.172,
    4,        8.3,    180.681,     155.523,    151.809,
    5,       10.8,    180.718,     161.024,    158.649,
    6,       13.3,    180.722,     167.661,    165.667,
    7,       15.8,    180.789,     174.513,    172.840,
    8,       18.3,    180.789,     180.044,    180.143,
    9,       20.8,    180.812,     187.488,    187.554,
   10,       23.3,    180.834,     195.207,    195.052,
   11,       25.8,    180.857,     201.817,    202.615,
   12,       28.3,    180.879,     207.874,    210.225,
   13,       30.8,    180.905,     216.135,    217.861,
   14,       33.3,    180.931,     224.395,    225.506,
   15,       35.8,    180.898,     231.070,    233.138,
   16,       38.3,    180.842,     240.266,    240.740,
   17,       40.8,    180.857,     245.498,    248.298,
   18,       43.3,    180.864,     253.229,    255.796,
   19,       45.8,    180.916,     260.894,    263.219,
   20,       48.3,    180.927,     269.445,    270.551,
   21,       50.8,    181.021,     277.316,    277.783,
   22,       53.3,    181.021,     284.221,    284.897,
   23,       55.8,    180.976,     291.199,    291.881,
   24,       58.3,    181.043,     299.376,    298.727,
   25,       60.8,    181.028,     305.753,    305.422,
   26,       63.3,    180.890,     314.003,    311.954,
   27,       65.8,    180.890,     320.913,    318.318,
   28,       68.3,    180.879,     325.632,    324.507,
   29,       70.8,    180.875,     332.826,    330.515,
   30,       73.3,    180.909,     338.292,    336.337,
   31,       75.8,    180.961,     344.826,    341.970,
   32,       78.3,    181.013,     349.422,    347.409,
   33,       80.8,    180.987,     353.892,    352.651,
   34,       83.3,    180.954,     358.655,    357.694,
   35,       85.8,    181.006,     362.972,    362.539,
   36,       88.3,    181.084,     368.613,    367.186,
   37,       90.8,    180.998,     372.931,    371.634,
   38,       93.3,    180.987,     375.993,    375.885,
   39,       95.8,    180.942,     381.060,    379.941,
   40,       98.3,    180.950,     383.808,    383.805,
   41,      100.8,    180.950,     387.676,    387.481,
   42,      103.3,    180.969,     390.399,    390.973,
   43,      105.8,    180.954,     393.195,    394.284,
   44,      108.3,    181.006,     396.120,    397.419,
   45,      110.8,    180.950,     399.282,    400.383,
   46,      113.3,    181.081,     402.307,    403.182,
   47,      115.8,    180.991,     404.716,    405.820,
   48,      118.3,    181.025,     407.403,    408.303,
   49,      120.8,    181.017,     409.630,    410.636,
   50,      123.3,    180.983,     411.640,    412.825,
   51,      125.8,    180.972,     414.428,    414.875,
   52,      128.3,    180.980,     415.792,    416.793,
   53,      130.8,    180.946,     416.422,    418.583,
   54,      133.3,    181.028,     419.548,    420.253,
   55,      135.8,    181.084,     420.522,    421.806,
   56,      138.3,    181.013,     422.345,    423.249,
   57,      140.8,    181.043,     424.484,    424.587,
   58,      143.3,    181.054,     424.458,    425.824,
   59,      145.8,    181.058,     427.487,    426.967,
   60,      148.3,    181.017,     426.479,    428.019,
   61,      150.8,    181.002,     429.277,    428.986,
   62,      153.3,    180.957,     429.936,    429.872,
   63,      155.8,    180.924,     432.226,    430.681,
   64,      158.3,    180.957,     431.317,    431.418,
   65,      160.8,    180.991,     433.723,    432.087,
   66,      163.3,    181.092,     432.930,    432.691,
   67,      165.8,    181.088,     435.148,    433.234,
   68,      168.3,    181.010,     435.336,    433.720,
   69,      170.8,    181.058,     436.876,    434.151,
   70,      175.8,    180.013,     435.759,    435.737,
----,
DateTime:        , 2025/11/20, 15:05:55, 1763665555705,
RFID_EPC:        ,--Not Acquired--,
RFID_UserData:   ,--Not Acquired--,
Barcode:         ,--Not Acquired--,
PIF:,            0.00,
PARs:,            0.0,     0.0,     0.0,     0.0,     0.0,     0.0,
Light:,           0.0,     0.0,     0.0,     0.0,     0.0,     0.0,
Cycles:,            1,
                    1,      69,      70,      70,
Lamps:,        #10000,
Gain:,              2,     100, 
SNR_raw:,     239.79,
Position:,        0.0,              0.0,   NoData,
DataPt,      Time(us),   EX,         EM,       Fit,
==========,==========,==========,==========,=========,
    0,        0.0,      0.000,       0.000,    123.812,
    1,        0.8,    161.890,     122.614,    128.789,
    2,        3.3,    180.599,     134.975,    134.695,
    3,        5.8,    180.767,     146.044,    140.957,
    4,        8.3,    180.730,     151.054,    147.529,
    5,       10.8,    180.767,     156.555,    154.379,
    6,       13.3,    180.741,     162.940,    161.468,
    7,       15.8,    180.853,     168.092,    168.770,
    8,       18.3,    180.819,     175.590,    176.250,
    9,       20.8,    180.894,     185.191,    183.882,
   10,       23.3,    180.860,     190.478,    191.635,
   11,       25.8,    180.834,     197.695,    199.484,
   12,       28.3,    180.819,     205.730,    207.403,
   13,       30.8,    180.849,     212.885,    215.372,
   14,       33.3,    180.886,     218.922,    223.367,
   15,       35.8,    180.875,     228.058,    231.365,
   16,       38.3,    180.920,     236.292,    239.348,
   17,       40.8,    180.875,     243.262,    247.293,
   18,       43.3,    180.965,     252.811,    255.186,
   19,       45.8,    180.961,     261.106,    263.006,
   20,       48.3,    180.980,     269.643,    270.736,
   21,       50.8,    180.901,     278.052,    278.360,
   22,       53.3,    180.972,     285.955,    285.866,
   23,       55.8,    180.905,     294.077,    293.237,
   24,       58.3,    180.998,     300.279,    300.465,
   25,       60.8,    180.913,     307.607,    307.534,
   26,       63.3,    180.890,     315.938,    314.436,
   27,       65.8,    180.924,     321.406,    321.162,
   28,       68.3,    180.976,     328.496,    327.705,
   29,       70.8,    180.976,     335.956,    334.057,
   30,       73.3,    181.002,     341.709,    340.213,
   31,       75.8,    181.032,     348.557,    346.168,
   32,       78.3,    181.002,     353.311,    351.918,
   33,       80.8,    180.987,     360.523,    357.460,
   34,       83.3,    180.942,     364.757,    362.792,
   35,       85.8,    180.935,     369.193,    367.914,
   36,       88.3,    180.972,     374.643,    372.826,
   37,       90.8,    180.924,     378.889,    377.530,
   38,       93.3,    180.995,     381.503,    382.027,
   39,       95.8,    181.040,     388.313,    386.321,
   40,       98.3,    180.976,     390.659,    390.412,
   41,      100.8,    181.051,     394.641,    394.306,
   42,      103.3,    181.036,     397.159,    398.005,
   43,      105.8,    181.006,     401.644,    401.516,
   44,      108.3,    180.980,     403.360,    404.842,
   45,      110.8,    180.984,     407.772,    407.988,
   46,      113.3,    181.002,     410.216,    410.962,
   47,      115.8,    180.976,     414.696,    413.766,
   48,      118.3,    180.950,     414.756,    416.409,
   49,      120.8,    181.010,     418.486,    418.896,
   50,      123.3,    181.036,     421.187,    421.232,
   51,      125.8,    181.066,     423.879,    423.424,
   52,      128.3,    181.010,     424.287,    425.478,
   53,      130.8,    181.040,     426.979,    427.399,
   54,      133.3,    181.028,     428.110,    429.194,
   55,      135.8,    180.928,     430.283,    430.868,
   56,      138.3,    180.954,     431.050,    432.428,
   57,      140.8,    181.006,     432.030,    433.878,
   58,      143.3,    180.969,     433.777,    435.224,
   59,      145.8,    180.976,     434.864,    436.472,
   60,      148.3,    181.028,     437.501,    437.625,
   61,      150.8,    180.980,     438.170,    438.690,
   62,      153.3,    181.084,     440.126,    439.671,
   63,      155.8,    181.028,     440.539,    440.573,
   64,      158.3,    181.006,     441.698,    441.400,
   65,      160.8,    181.069,     442.924,    442.155,
   66,      163.3,    180.965,     443.456,    442.845,
   67,      165.8,    181.028,     445.234,    443.471,
   68,      168.3,    180.950,     446.256,    444.039,
   69,      170.8,    181.010,     447.214,    444.550,
   70,      175.8,    179.897,     447.139,    446.988,
----,
DateTime:        , 2025/11/20, 15:05:57, 1763665557422,
RFID_EPC:        ,--Not Acquired--,
RFID_UserData:   ,--Not Acquired--,
Barcode:         ,--Not Acquired--,
PIF:,            0.00,
PARs:,            0.0,     0.0,     0.0,     0.0,     0.0,     0.0,
Light:,           0.0,     0.0,     0.0,     0.0,     0.0,     0.0,
Cycles:,            1,
                    1,      69,      70,      70,
Lamps:,        #10000,
Gain:,              2,     100, 
SNR_raw:,     336.67,
Position:,        0.0,              0.0,   NoData,
DataPt,      Time(us),   EX,         EM,       Fit,
==========,==========,==========,==========,=========,
    0,        0.0,      0.000,       0.000,    122.784,
    1,        0.8,    161.928,     122.586,    127.585,
    2,        3.3,    180.680,     134.098,    133.329,
    3,        5.8,    180.733,     144.412,    139.460,
    4,        8.3,    180.777,     150.738,    145.933,
    5,       10.8,    180.841,     156.215,    152.711,
    6,       13.3,    180.804,     162.331,    159.751,
    7,       15.8,    180.785,     167.049,    167.021,
    8,       18.3,    180.774,     175.357,    174.486,
    9,       20.8,    180.830,     182.216,    182.119,
   10,       23.3,    180.833,     189.401,    189.887,
   11,       25.8,    180.811,     196.614,    197.764,
   12,       28.3,    180.833,     204.055,    205.723,
   13,       30.8,    180.904,     211.714,    213.740,
   14,       33.3,    180.901,     219.181,    221.791,
   15,       35.8,    180.953,     226.855,    229.853,
   16,       38.3,    180.897,     234.940,    237.902,
   17,       40.8,    180.927,     243.192,    245.919,
   18,       43.3,    180.904,     252.067,    253.884,
   19,       45.8,    180.897,     260.369,    261.778,
   20,       48.3,    180.875,     267.865,    269.585,
   21,       50.8,    180.845,     275.927,    277.286,
   22,       53.3,    180.904,     284.957,    284.871,
   23,       55.8,    181.013,     292.521,    292.325,
   24,       58.3,    181.009,     299.156,    299.633,
   25,       60.8,    180.945,     306.170,    306.782,
   26,       63.3,    180.987,     315.217,    313.763,
   27,       65.8,    180.938,     321.104,    320.566,
   28,       68.3,    180.994,     327.911,    327.185,
   29,       70.8,    180.931,     334.659,    333.609,
   30,       73.3,    180.908,     342.163,    339.834,
   31,       75.8,    180.934,     347.640,    345.856,
   32,       78.3,    180.949,     353.967,    351.671,
   33,       80.8,    180.972,     358.896,    357.276,
   34,       83.3,    181.043,     364.279,    362.670,
   35,       85.8,    181.009,     367.938,    367.851,
   36,       88.3,    181.005,     374.022,    372.820,
   37,       90.8,    180.901,     377.279,    377.576,
   38,       93.3,    180.972,     382.380,    382.123,
   39,       95.8,    180.998,     387.298,    386.463,
   40,       98.3,    180.931,     391.034,    390.599,
   41,      100.8,    180.983,     394.513,    394.534,
   42,      103.3,    180.972,     397.300,    398.272,
   43,      105.8,    180.945,     401.778,    401.818,
   44,      108.3,    180.945,     403.713,    405.178,
   45,      110.8,    181.020,     407.689,    408.356,
   46,      113.3,    181.013,     410.192,    411.358,
   47,      115.8,    181.013,     413.507,    414.189,
   48,      118.3,    181.050,     415.907,    416.856,
   49,      120.8,    181.020,     419.014,    419.365,
   50,      123.3,    181.024,     420.939,    421.721,
   51,      125.8,    180.987,     422.960,    423.931,
   52,      128.3,    181.001,     424.582,    426.001,
   53,      130.8,    180.968,     426.595,    427.937,
   54,      133.3,    181.031,     428.379,    429.744,
   55,      135.8,    181.001,     429.554,    431.429,
   56,      138.3,    181.001,     431.212,    432.998,
   57,      140.8,    181.046,     433.315,    434.455,
   58,      143.3,    181.020,     436.139,    435.807,
   59,      145.8,    181.061,     436.593,    437.059,
   60,      148.3,    181.016,     437.529,    438.216,
   61,      150.8,    180.990,     438.145,    439.283,
   62,      153.3,    180.990,     440.631,    440.266,
   63,      155.8,    180.979,     442.040,    441.168,
   64,      158.3,    181.031,     442.465,    441.993,
   65,      160.8,    180.983,     443.965,    442.748,
   66,      163.3,    180.998,     445.033,    443.434,
   67,      165.8,    180.979,     444.803,    444.057,
   68,      168.3,    181.016,     446.092,    444.619,
   69,      170.8,    181.001,     447.786,    445.124,
   70,      175.8,    180.038,     448.442,    448.127,
----,
DateTime:        , 2025/11/20, 15:05:59, 1763665559175,
RFID_EPC:        ,--Not Acquired--,
RFID_UserData:   ,--Not Acquired--,
Barcode:         ,--Not Acquired--,
PIF:,            0.00,
PARs:,            0.0,     0.0,     0.0,     0.0,     0.0,     0.0,
Light:,           0.0,     0.0,     0.0,     0.0,     0.0,     0.0,
Cycles:,            1,
                    1,      69,      70,      70,
Lamps:,        #10000,
Gain:,              2,     100, 
SNR_raw:,     237.72,
Position:,        0.0,              0.0,   NoData,
DataPt,      Time(us),   EX,         EM,       Fit,
==========,==========,==========,==========,=========,
    0,        0.0,      0.000,       0.000,    123.800,
    1,        0.8,    161.900,     124.151,    128.867,
    2,        3.3,    180.623,     135.158,    134.858,
    3,        5.8,    180.661,     145.023,    141.182,
    4,        8.3,    180.720,     151.062,    147.800,
    5,       10.8,    180.702,     157.718,    154.671,
    6,       13.3,    180.713,     163.519,    161.762,
    7,       15.8,    180.877,     169.728,    169.045,
    8,       18.3,    180.859,     177.210,    176.485,
    9,       20.8,    180.885,     184.095,    184.054,
   10,       23.3,    180.900,     191.543,    191.725,
   11,       25.8,    180.829,     198.254,    199.472,
   12,       28.3,    180.926,     205.056,    207.275,
   13,       30.8,    180.881,     213.953,    215.108,
   14,       33.3,    180.847,     220.905,    222.951,
   15,       35.8,    180.832,     227.559,    230.784,
   16,       38.3,    180.844,     234.180,    238.588,
   17,       40.8,    180.851,     243.571,    246.348,
   18,       43.3,    180.930,     251.479,    254.046,
   19,       45.8,    180.922,     260.609,    261.667,
   20,       48.3,    180.959,     267.740,    269.196,
   21,       50.8,    180.937,     276.063,    276.617,
   22,       53.3,    180.974,     284.018,    283.920,
   23,       55.8,    180.944,     291.802,    291.091,
   24,       58.3,    181.015,     299.146,    298.122,
   25,       60.8,    180.915,     305.669,    304.999,
   26,       63.3,    180.993,     312.996,    311.717,
   27,       65.8,    180.881,     318.441,    318.264,
   28,       68.3,    180.982,     325.171,    324.639,
   29,       70.8,    180.944,     331.870,    330.831,
   30,       73.3,    180.952,     339.040,    336.837,
   31,       75.8,    181.015,     344.170,    342.655,
   32,       78.3,    180.978,     350.042,    348.278,
   33,       80.8,    180.956,     355.336,    353.705,
   34,       83.3,    181.008,     360.758,    358.937,
   35,       85.8,    180.933,     366.710,    363.969,
   36,       88.3,    180.974,     370.218,    368.805,
   37,       90.8,    180.989,     372.950,    373.443,
   38,       93.3,    180.907,     378.371,    377.885,
   39,       95.8,    180.963,     382.951,    382.135,
   40,       98.3,    180.974,     385.966,    386.193,
   41,      100.8,    181.000,     389.502,    390.064,
   42,      103.3,    181.012,     393.345,    393.751,
   43,      105.8,    181.023,     396.083,    397.257,
   44,      108.3,    181.086,     399.533,    400.587,
   45,      110.8,    181.030,     403.800,    403.745,
   46,      113.3,    180.948,     404.259,    406.736,
   47,      115.8,    181.012,     410.471,    409.564,
   48,      118.3,    180.933,     412.307,    412.236,
   49,      120.8,    180.963,     414.725,    414.756,
   50,      123.3,    181.023,     416.522,    417.130,
   51,      125.8,    180.993,     419.353,    419.362,
   52,      128.3,    181.030,     419.819,    421.459,
   53,      130.8,    181.038,     423.116,    423.425,
   54,      133.3,    181.049,     423.642,    425.267,
   55,      135.8,    181.042,     424.488,    426.989,
   56,      138.3,    181.064,     426.645,    428.596,
   57,      140.8,    180.982,     429.049,    430.094,
   58,      143.3,    180.993,     430.127,    431.489,
   59,      145.8,    180.915,     431.972,    432.784,
   60,      148.3,    181.034,     433.896,    433.983,
   61,      150.8,    180.982,     435.127,    435.093,
   62,      153.3,    180.986,     436.499,    436.118,
   63,      155.8,    181.042,     436.640,    437.060,
   64,      158.3,    181.027,     437.781,    437.926,
   65,      160.8,    181.034,     439.144,    438.719,
   66,      163.3,    181.060,     439.633,    439.442,
   67,      165.8,    181.105,     440.628,    440.100,
   68,      168.3,    180.978,     442.319,    440.697,
   69,      170.8,    180.963,     442.908,    441.236,
   70,      175.8,    179.959,     444.050,    443.879,
----,
DateTime:        , 2025/11/20, 15:06:01, 1763665560939,
RFID_EPC:        ,--Not Acquired--,
RFID_UserData:   ,--Not Acquired--,
Barcode:         ,--Not Acquired--,
PIF:,            0.00,
PARs:,            0.0,     0.0,     0.0,     0.0,     0.0,     0.0,
Light:,           0.0,     0.0,     0.0,     0.0,     0.0,     0.0,
Cycles:,            1,
                    1,      69,      70,      70,
Lamps:,        #10000,
Gain:,              2,     100, 
SNR_raw:,     247.08,
Position:,        0.0,              0.0,   NoData,
DataPt,      Time(us),   EX,         EM,       Fit,
==========,==========,==========,==========,=========,
    0,        0.0,      0.000,       0.000,    126.724,
    1,        0.8,    161.891,     124.776,    131.597,
    2,        3.3,    180.640,     137.032,    137.347,
    3,        5.8,    180.729,     148.011,    143.412,
    4,        8.3,    180.770,     153.786,    149.758,
    5,       10.8,    180.808,     158.732,    156.356,
    6,       13.3,    180.834,     165.345,    163.176,
    7,       15.8,    180.782,     170.648,    170.189,
    8,       18.3,    180.890,     177.456,    177.374,
    9,       20.8,    180.823,     184.435,    184.701,
   10,       23.3,    180.834,     191.889,    192.147,
   11,       25.8,    180.774,     198.314,    199.688,
   12,       28.3,    180.800,     206.028,    207.303,
   13,       30.8,    180.856,     214.811,    214.972,
   14,       33.3,    180.931,     221.632,    222.675,
   15,       35.8,    180.912,     227.735,    230.388,
   16,       38.3,    180.923,     234.630,    238.094,
   17,       40.8,    180.953,     244.262,    245.772,
   18,       43.3,    180.912,     252.056,    253.404,
   19,       45.8,    180.916,     260.342,    260.973,
   20,       48.3,    180.897,     267.279,    268.463,
   21,       50.8,    180.972,     276.010,    275.860,
   22,       53.3,    180.894,     283.039,    283.145,
   23,       55.8,    180.909,     291.031,    290.307,
   24,       58.3,    180.886,     298.254,    297.332,
   25,       60.8,    180.983,     304.172,    304.213,
   26,       63.3,    180.976,     311.920,    310.935,
   27,       65.8,    180.994,     319.347,    317.489,
   28,       68.3,    180.938,     324.696,    323.865,
   29,       70.8,    180.953,     331.577,    330.057,
   30,       73.3,    180.965,     336.806,    336.059,
   31,       75.8,    180.927,     343.232,    341.865,
   32,       78.3,    181.032,     349.939,    347.473,
   33,       80.8,    180.935,     354.548,    352.876,
   34,       83.3,    180.927,     360.090,    358.074,
   35,       85.8,    180.950,     365.295,    363.066,
   36,       88.3,    180.987,     368.811,    367.851,
   37,       90.8,    181.006,     372.640,    372.432,
   38,       93.3,    181.021,     377.305,    376.807,
   39,       95.8,    181.050,     380.833,    380.981,
   40,       98.3,    181.009,     385.615,    384.954,
   41,      100.8,    181.065,     389.362,    388.731,
   42,      103.3,    180.979,     391.481,    392.315,
   43,      105.8,    181.006,     394.739,    395.711,
   44,      108.3,    180.979,     397.559,    398.924,
   45,      110.8,    180.935,     401.802,    401.958,
   46,      113.3,    180.972,     405.311,    404.820,
   47,      115.8,    180.938,     405.387,    407.514,
   48,      118.3,    180.923,     408.184,    410.047,
   49,      120.8,    181.065,     409.521,    412.425,
   50,      123.3,    181.024,     412.652,    414.653,
   51,      125.8,    181.065,     413.939,    416.738,
   52,      128.3,    181.013,     417.926,    418.686,
   53,      130.8,    180.938,     419.203,    420.503,
   54,      133.3,    180.994,     420.455,    422.194,
   55,      135.8,    180.920,     422.839,    423.766,
   56,      138.3,    180.994,     424.323,    425.224,
   57,      140.8,    180.946,     426.371,    426.574,
   58,      143.3,    181.009,     426.221,    427.821,
   59,      145.8,    181.021,     428.404,    428.970,
   60,      148.3,    181.043,     429.732,    430.027,
   61,      150.8,    181.054,     429.706,    430.997,
   62,      153.3,    181.099,     432.360,    431.884,
   63,      155.8,    181.006,     432.583,    432.694,
   64,      158.3,    180.994,     433.715,    433.430,
   65,      160.8,    180.983,     434.018,    434.097,
   66,      163.3,    181.024,     435.853,    434.699,
   67,      165.8,    180.994,     437.859,    435.239,
   68,      168.3,    181.013,     438.366,    435.721,
   69,      170.8,    180.998,     438.679,    436.149,
   70,      175.8,    180.013,     438.496,    438.373,
----,
DateTime:        , 2025/11/20, 15:06:02, 1763665562645,
RFID_EPC:        ,--Not Acquired--,
RFID_UserData:   ,--Not Acquired--,
Barcode:         ,--Not Acquired--,
PIF:,            0.00,
PARs:,            0.0,     0.0,     0.0,     0.0,     0.0,     0.0,
Light:,           0.0,     0.0,     0.0,     0.0,     0.0,     0.0,
Cycles:,            1,
                    1,      69,      70,      70,
Lamps:,        #10000,
Gain:,              2,     100, 
SNR_raw:,     321.96,
Position:,        0.0,              0.0,   NoData,
DataPt,      Time(us),   EX,         EM,       Fit,
==========,==========,==========,==========,=========,
    0,        0.0,      0.000,       0.000,    123.390,
    1,        0.8,    161.884,     125.090,    128.651,
    2,        3.3,    180.632,     136.028,    134.782,
    3,        5.8,    180.692,     145.828,    141.178,
    4,        8.3,    180.699,     151.633,    147.814,
    5,       10.8,    180.711,     158.264,    154.667,
    6,       13.3,    180.845,     163.400,    161.718,
    7,       15.8,    180.800,     170.077,    168.938,
    8,       18.3,    180.815,     176.147,    176.309,
    9,       20.8,    180.882,     182.439,    183.810,
   10,       23.3,    180.819,     189.693,    191.416,
   11,       25.8,    180.826,     197.704,    199.108,
   12,       28.3,    180.826,     205.999,    206.865,
   13,       30.8,    180.834,     212.350,    214.668,
   14,       33.3,    180.893,     220.572,    222.499,
   15,       35.8,    180.886,     226.939,    230.336,
   16,       38.3,    180.964,     234.853,    238.162,
   17,       40.8,    180.964,     242.589,    245.958,
   18,       43.3,    180.875,     251.832,    253.702,
   19,       45.8,    180.942,     259.752,    261.383,
   20,       48.3,    181.005,     267.672,    268.983,
   21,       50.8,    180.934,     276.619,    276.483,
   22,       53.3,    180.953,     282.946,    283.872,
   23,       55.8,    180.879,     292.185,    291.132,
   24,       58.3,    180.946,     298.708,    298.255,
   25,       60.8,    180.949,     305.610,    305.227,
   26,       63.3,    180.983,     312.737,    312.038,
   27,       65.8,    181.002,     320.439,    318.678,
   28,       68.3,    180.946,     327.170,    325.137,
   29,       70.8,    180.979,     332.635,    331.409,
   30,       73.3,    181.024,     339.458,    337.489,
   31,       75.8,    181.032,     345.520,    343.369,
   32,       78.3,    180.942,     350.665,    349.045,
   33,       80.8,    180.942,     355.915,    354.514,
   34,       83.3,    180.961,     361.957,    359.775,
   35,       85.8,    180.983,     366.609,    364.828,
   36,       88.3,    180.942,     370.837,    369.670,
   37,       90.8,    180.987,     375.994,    374.304,
   38,       93.3,    181.039,     379.200,    378.732,
   39,       95.8,    181.013,     383.398,    382.954,
   40,       98.3,    180.957,     387.385,    386.974,
   41,      100.8,    180.994,     389.791,    390.796,
   42,      103.3,    180.987,     392.570,    394.423,
   43,      105.8,    180.990,     397.535,    397.861,
   44,      108.3,    180.968,     400.623,    401.113,
   45,      110.8,    180.990,     403.060,    404.187,
   46,      113.3,    180.920,     405.705,    407.085,
   47,      115.8,    181.009,     408.543,    409.816,
   48,      118.3,    181.013,     410.744,    412.385,
   49,      120.8,    180.987,     414.947,    414.797,
   50,      123.3,    181.054,     415.346,    417.059,
   51,      125.8,    181.028,     417.063,    419.177,
   52,      128.3,    181.084,     419.695,    421.157,
   53,      130.8,    181.069,     420.834,    423.005,
   54,      133.3,    181.017,     423.166,    424.728,
   55,      135.8,    180.931,     425.577,    426.332,
   56,      138.3,    180.961,     426.888,    427.821,
   57,      140.8,    180.961,     427.717,    429.202,
   58,      143.3,    181.005,     428.716,    430.479,
   59,      145.8,    181.020,     430.891,    431.660,
   60,      148.3,    181.046,     432.209,    432.747,
   61,      150.8,    181.024,     433.092,    433.748,
   62,      153.3,    181.020,     435.034,    434.666,
   63,      155.8,    181.114,     434.810,    435.505,
   64,      158.3,    181.043,     436.085,    436.271,
   65,      160.8,    181.002,     437.012,    436.969,
   66,      163.3,    180.901,     439.467,    437.602,
   67,      165.8,    180.949,     439.626,    438.174,
   68,      168.3,    181.020,     439.453,    438.686,
   69,      170.8,    180.953,     440.998,    439.146,
   70,      175.8,    179.953,     443.006,    441.883,
----,
DateTime:        , 2025/11/20, 15:06:04, 1763665564397,
RFID_EPC:        ,--Not Acquired--,
RFID_UserData:   ,--Not Acquired--,
Barcode:         ,--Not Acquired--,
PIF:,            0.00,
PARs:,            0.0,     0.0,     0.0,     0.0,     0.0,     0.0,
Light:,           0.0,     0.0,     0.0,     0.0,     0.0,     0.0,
Cycles:,            1,
                    1,      69,      70,      70,
Lamps:,        #10000,
Gain:,              2,     100, 
SNR_raw:,     262.15,
Position:,        0.0,              0.0,   NoData,
DataPt,      Time(us),   EX,         EM,       Fit,
==========,==========,==========,==========,=========,
    0,        0.0,      0.000,       0.000,    123.225,
    1,        0.8,    161.899,     122.916,    128.086,
    2,        3.3,    180.627,     134.140,    133.873,
    3,        5.8,    180.653,     144.199,    140.022,
    4,        8.3,    180.731,     150.223,    146.493,
    5,       10.8,    180.765,     156.280,    153.250,
    6,       13.3,    180.780,     162.629,    160.256,
    7,       15.8,    180.772,     170.104,    167.477,
    8,       18.3,    180.768,     173.979,    174.883,
    9,       20.8,    180.780,     181.989,    182.444,
   10,       23.3,    180.910,     189.320,    190.137,
   11,       25.8,    180.873,     196.823,    197.929,
   12,       28.3,    180.936,     204.768,    205.800,
   13,       30.8,    180.944,     211.944,    213.723,
   14,       33.3,    180.907,     221.385,    221.673,
   15,       35.8,    180.914,     226.351,    229.631,
   16,       38.3,    180.892,     235.224,    237.573,
   17,       40.8,    180.940,     243.451,    245.483,
   18,       43.3,    180.944,     252.012,    253.341,
   19,       45.8,    180.854,     260.431,    261.125,
   20,       48.3,    180.929,     268.061,    268.823,
   21,       50.8,    180.940,     275.505,    276.418,
   22,       53.3,    180.974,     282.638,    283.895,
   23,       55.8,    180.996,     290.890,    291.241,
   24,       58.3,    181.052,     299.085,    298.444,
   25,       60.8,    180.996,     306.084,    305.489,
   26,       63.3,    180.955,     313.890,    312.367,
   27,       65.8,    180.914,     321.147,    319.067,
   28,       68.3,    180.907,     326.688,    325.583,
   29,       70.8,    180.989,     333.170,    331.910,
   30,       73.3,    180.866,     339.479,    338.038,
   31,       75.8,    180.933,     345.156,    343.966,
   32,       78.3,    180.959,     350.908,    349.688,
   33,       80.8,    180.985,     356.936,    355.203,
   34,       83.3,    181.011,     361.304,    360.508,
   35,       85.8,    181.060,     366.730,    365.603,
   36,       88.3,    181.048,     370.343,    370.488,
   37,       90.8,    180.944,     376.912,    375.162,
   38,       93.3,    180.985,     380.971,    379.629,
   39,       95.8,    180.910,     384.168,    383.890,
   40,       98.3,    180.981,     387.609,    387.948,
   41,      100.8,    180.966,     392.062,    391.808,
   42,      103.3,    180.992,     395.320,    395.474,
   43,      105.8,    181.000,     397.514,    398.949,
   44,      108.3,    180.978,     401.707,    402.239,
   45,      110.8,    181.052,     403.475,    405.350,
   46,      113.3,    181.090,     407.533,    408.286,
   47,      115.8,    181.030,     409.325,    411.053,
   48,      118.3,    180.974,     411.662,    413.658,
   49,      120.8,    181.019,     415.151,    416.105,
   50,      123.3,    180.966,     416.652,    418.402,
   51,      125.8,    180.966,     419.415,    420.554,
   52,      128.3,    181.000,     421.271,    422.567,
   53,      130.8,    180.989,     425.441,    424.447,
   54,      133.3,    180.959,     423.853,    426.200,
   55,      135.8,    181.056,     426.940,    427.833,
   56,      138.3,    181.022,     426.743,    429.350,
   57,      140.8,    181.030,     430.316,    430.757,
   58,      143.3,    181.037,     431.955,    432.061,
   59,      145.8,    181.007,     431.750,    433.265,
   60,      148.3,    181.015,     433.666,    434.376,
   61,      150.8,    180.989,     434.005,    435.399,
   62,      153.3,    180.922,     436.653,    436.338,
   63,      155.8,    180.933,     438.284,    437.197,
   64,      158.3,    181.026,     439.992,    437.981,
   65,      160.8,    181.007,     440.313,    438.694,
   66,      163.3,    181.019,     441.667,    439.340,
   67,      165.8,    181.000,     441.437,    439.923,
   68,      168.3,    181.063,     442.110,    440.447,
   69,      170.8,    181.015,     442.781,    440.916,
   70,      175.8,    179.854,     443.692,    443.603,
----,
DateTime:        , 2025/11/20, 15:06:06, 1763665566112,
RFID_EPC:        ,--Not Acquired--,
RFID_UserData:   ,--Not Acquired--,
Barcode:         ,--Not Acquired--,
PIF:,            0.00,
PARs:,            0.0,     0.0,     0.0,     0.0,     0.0,     0.0,
Light:,           0.0,     0.0,     0.0,     0.0,     0.0,     0.0,
Cycles:,            1,
                    1,      69,      70,      70,
Lamps:,        #10000,
Gain:,              2,     100, 
SNR_raw:,     271.83,
Position:,        0.0,              0.0,   NoData,
DataPt,      Time(us),   EX,         EM,       Fit,
==========,==========,==========,==========,=========,
    0,        0.0,      0.000,       0.000,    123.351,
    1,        0.8,    161.929,     124.746,    128.615,
    2,        3.3,    180.719,     136.448,    134.799,
    3,        5.8,    180.693,     146.934,    141.286,
    4,        8.3,    180.775,     151.293,    148.042,
    5,       10.8,    180.742,     157.407,    155.026,
    6,       13.3,    180.749,     164.039,    162.209,
    7,       15.8,    180.757,     169.842,    169.559,
    8,       18.3,    180.760,     176.753,    177.049,
    9,       20.8,    180.794,     182.528,    184.653,
   10,       23.3,    180.831,     190.785,    192.346,
   11,       25.8,    180.895,     197.352,    200.107,
   12,       28.3,    180.858,     205.134,    207.910,
   13,       30.8,    180.861,     212.594,    215.736,
   14,       33.3,    180.943,     220.787,    223.567,
   15,       35.8,    180.895,     228.309,    231.381,
   16,       38.3,    180.921,     234.633,    239.162,
   17,       40.8,    180.869,     244.376,    246.891,
   18,       43.3,    180.839,     251.882,    254.553,
   19,       45.8,    180.876,     259.293,    262.135,
   20,       48.3,    180.966,     268.835,    269.624,
   21,       50.8,    180.966,     275.743,    277.005,
   22,       53.3,    180.981,     283.732,    284.266,
   23,       55.8,    180.973,     289.822,    291.394,
   24,       58.3,    180.932,     298.454,    298.379,
   25,       60.8,    180.962,     305.036,    305.213,
   26,       63.3,    180.943,     313.358,    311.885,
   27,       65.8,    180.921,     320.029,    318.388,
   28,       68.3,    180.917,     326.116,    324.717,
   29,       70.8,    180.958,     332.950,    330.865,
   30,       73.3,    180.906,     339.955,    336.826,
   31,       75.8,    181.014,     345.000,    342.600,
   32,       78.3,    181.018,     350.241,    348.180,
   33,       80.8,    181.037,     355.176,    353.566,
   34,       83.3,    181.011,     362.410,    358.754,
   35,       85.8,    181.029,     365.687,    363.744,
   36,       88.3,    181.014,     370.413,    368.537,
   37,       90.8,    181.003,     373.750,    373.132,
   38,       93.3,    180.973,     377.404,    377.532,
   39,       95.8,    180.999,     382.322,    381.738,
   40,       98.3,    180.940,     385.764,    385.752,
   41,      100.8,    180.858,     390.639,    389.578,
   42,      103.3,    180.962,     392.347,    393.219,
   43,      105.8,    181.082,     397.611,    396.681,
   44,      108.3,    181.007,     400.261,    399.965,
   45,      110.8,    181.029,     401.869,    403.078,
   46,      113.3,    181.104,     405.568,    406.023,
   47,      115.8,    181.014,     408.807,    408.806,
   48,      118.3,    181.044,     411.225,    411.431,
   49,      120.8,    180.899,     412.386,    413.904,
   50,      123.3,    180.981,     415.238,    416.230,
   51,      125.8,    180.988,     417.154,    418.415,
   52,      128.3,    180.869,     420.194,    420.464,
   53,      130.8,    181.026,     420.383,    422.382,
   54,      133.3,    180.981,     422.973,    424.175,
   55,      135.8,    180.943,     424.718,    425.848,
   56,      138.3,    181.055,     425.836,    427.407,
   57,      140.8,    181.059,     428.037,    428.856,
   58,      143.3,    181.074,     429.935,    430.200,
   59,      145.8,    181.044,     430.282,    431.445,
   60,      148.3,    180.962,     431.030,    432.596,
   61,      150.8,    181.003,     432.589,    433.657,
   62,      153.3,    181.022,     434.754,    434.632,
   63,      155.8,    181.048,     435.244,    435.526,
   64,      158.3,    180.936,     437.448,    436.343,
   65,      160.8,    180.992,     437.865,    437.088,
   66,      163.3,    181.052,     437.168,    437.763,
   67,      165.8,    181.011,     438.925,    438.373,
   68,      168.3,    181.007,     439.762,    438.921,
   69,      170.8,    181.093,     442.315,    439.411,
   70,      175.8,    179.883,     441.647,    441.579,
----,
DateTime:        , 2025/11/20, 15:06:08, 1763665567852,
RFID_EPC:        ,--Not Acquired--,
RFID_UserData:   ,--Not Acquired--,
Barcode:         ,--Not Acquired--,
PIF:,            0.00,
PARs:,            0.0,     0.0,     0.0,     0.0,     0.0,     0.0,
Light:,           0.0,     0.0,     0.0,     0.0,     0.0,     0.0,
Cycles:,            1,
                    1,      69,      70,      70,
Lamps:,        #10000,
Gain:,              2,     100, 
SNR_raw:,     253.17,
Position:,        0.0,              0.0,   NoData,
DataPt,      Time(us),   EX,         EM,       Fit,
==========,==========,==========,==========,=========,
    0,        0.0,      0.000,       0.000,    124.993,
    1,        0.8,    161.844,     126.356,    130.127,
    2,        3.3,    180.658,     138.100,    136.219,
    3,        5.8,    180.661,     148.621,    142.659,
    4,        8.3,    180.706,     154.118,    149.401,
    5,       10.8,    180.736,     159.072,    156.398,
    6,       13.3,    180.784,     164.561,    163.609,
    7,       15.8,    180.818,     171.167,    170.996,
    8,       18.3,    180.863,     178.035,    178.526,
    9,       20.8,    180.833,     184.148,    186.164,
   10,       23.3,    180.867,     192.407,    193.884,
   11,       25.8,    180.822,     198.538,    201.657,
   12,       28.3,    180.799,     205.753,    209.458,
   13,       30.8,    180.900,     215.036,    217.268,
   14,       33.3,    180.840,     220.083,    225.062,
   15,       35.8,    180.915,     229.113,    232.824,
   16,       38.3,    181.001,     237.568,    240.537,
   17,       40.8,    180.964,     244.800,    248.180,
   18,       43.3,    180.964,     251.984,    255.740,
   19,       45.8,    180.960,     259.726,    263.200,
   20,       48.3,    180.964,     268.562,    270.550,
   21,       50.8,    180.960,     276.304,    277.777,
   22,       53.3,    180.952,     283.776,    284.869,
   23,       55.8,    180.934,     291.267,    291.818,
   24,       58.3,    180.874,     298.274,    298.612,
   25,       60.8,    180.855,     307.428,    305.247,
   26,       63.3,    180.848,     312.417,    311.714,
   27,       65.8,    180.930,     317.526,    318.010,
   28,       68.3,    180.994,     324.873,    324.130,
   29,       70.8,    180.967,     331.551,    330.068,
   30,       73.3,    181.046,     337.207,    335.822,
   31,       75.8,    180.994,     344.487,    341.389,
   32,       78.3,    181.008,     348.326,    346.766,
   33,       80.8,    180.941,     354.811,    351.953,
   34,       83.3,    181.016,     359.361,    356.950,
   35,       85.8,    180.952,     363.908,    361.758,
   36,       88.3,    180.904,     368.980,    366.375,
   37,       90.8,    180.979,     372.420,    370.806,
   38,       93.3,    180.923,     378.615,    375.052,
   39,       95.8,    181.016,     380.077,    379.115,
   40,       98.3,    181.087,     384.622,    382.999,
   41,      100.8,    181.046,     387.195,    386.707,
   42,      103.3,    180.964,     390.962,    390.241,
   43,      105.8,    181.005,     393.636,    393.606,
   44,      108.3,    181.079,     397.063,    396.806,
   45,      110.8,    180.952,     400.381,    399.846,
   46,      113.3,    181.001,     402.760,    402.730,
   47,      115.8,    181.008,     404.953,    405.463,
   48,      118.3,    180.990,     407.481,    408.049,
   49,      120.8,    180.934,     410.095,    410.494,
   50,      123.3,    181.023,     412.101,    412.801,
   51,      125.8,    181.031,     413.742,    414.977,
   52,      128.3,    181.046,     415.917,    417.026,
   53,      130.8,    181.001,     417.953,    418.954,
   54,      133.3,    180.994,     419.628,    420.764,
   55,      135.8,    180.982,     421.036,    422.462,
   56,      138.3,    181.042,     423.106,    424.051,
   57,      140.8,    181.016,     425.653,    425.538,
   58,      143.3,    181.035,     425.885,    426.927,
   59,      145.8,    180.908,     427.843,    428.222,
   60,      148.3,    180.971,     428.521,    429.428,
   61,      150.8,    181.027,     429.217,    430.547,
   62,      153.3,    181.050,     430.269,    431.584,
   63,      155.8,    181.031,     432.247,    432.544,
   64,      158.3,    181.035,     434.171,    433.431,
   65,      160.8,    180.990,     434.555,    434.248,
   66,      163.3,    180.990,     436.489,    434.998,
   67,      165.8,    180.971,     436.534,    435.686,
   68,      168.3,    181.046,     438.011,    436.313,
   69,      170.8,    180.979,     439.278,    436.883,
   70,      175.8,    179.974,     439.822,    439.702,
----,
DateTime:        , 2025/11/20, 15:06:09, 1763665569566,
RFID_EPC:        ,--Not Acquired--,
RFID_UserData:   ,--Not Acquired--,
Barcode:         ,--Not Acquired--,
PIF:,            0.00,
PARs:,            0.0,     0.0,     0.0,     0.0,     0.0,     0.0,
Light:,           0.0,     0.0,     0.0,     0.0,     0.0,     0.0,
Cycles:,            1,
                    1,      69,      70,      70,
Lamps:,        #10000,
Gain:,              2,     100, 
SNR_raw:,     265.15,
Position:,        0.0,              0.0,   NoData,
DataPt,      Time(us),   EX,         EM,       Fit,
==========,==========,==========,==========,=========,
    0,        0.0,      0.000,       0.000,    124.175,
    1,        0.8,    161.877,     123.242,    129.124,
    2,        3.3,    180.679,     135.135,    135.008,
    3,        5.8,    180.743,     145.787,    141.251,
    4,        8.3,    180.799,     151.273,    147.807,
    5,       10.8,    180.844,     156.765,    154.635,
    6,       13.3,    180.717,     163.792,    161.692,
    7,       15.8,    180.762,     169.837,    168.948,
    8,       18.3,    180.747,     176.214,    176.368,
    9,       20.8,    180.788,     183.917,    183.925,
   10,       23.3,    180.773,     189.464,    191.587,
   11,       25.8,    180.821,     197.156,    199.330,
   12,       28.3,    180.855,     206.243,    207.130,
   13,       30.8,    180.885,     212.843,    214.962,
   14,       33.3,    180.870,     219.771,    222.803,
   15,       35.8,    180.885,     226.940,    230.633,
   16,       38.3,    181.012,     235.068,    238.437,
   17,       40.8,    180.989,     243.661,    246.191,
   18,       43.3,    180.859,     251.578,    253.876,
   19,       45.8,    180.941,     258.372,    261.481,
   20,       48.3,    180.881,     267.579,    268.987,
   21,       50.8,    180.892,     275.855,    276.383,
   22,       53.3,    180.918,     283.277,    283.657,
   23,       55.8,    180.948,     291.796,    290.795,
   24,       58.3,    180.937,     296.236,    297.788,
   25,       60.8,    180.915,     304.287,    304.625,
   26,       63.3,    180.922,     312.842,    311.298,
   27,       65.8,    181.012,     320.145,    317.802,
   28,       68.3,    180.941,     326.074,    324.126,
   29,       70.8,    180.993,     332.886,    330.268,
   30,       73.3,    180.974,     337.893,    336.221,
   31,       75.8,    180.922,     343.242,    341.982,
   32,       78.3,    180.930,     349.031,    347.548,
   33,       80.8,    180.948,     353.969,    352.917,
   34,       83.3,    180.978,     360.541,    358.090,
   35,       85.8,    181.042,     364.281,    363.065,
   36,       88.3,    181.019,     369.574,    367.842,
   37,       90.8,    180.967,     373.273,    372.423,
   38,       93.3,    181.015,     377.316,    376.808,
   39,       95.8,    180.971,     382.383,    381.001,
   40,       98.3,    181.038,     383.898,    385.005,
   41,      100.8,    180.959,     388.209,    388.821,
   42,      103.3,    180.952,     391.540,    392.455,
   43,      105.8,    180.959,     395.945,    395.909,
   44,      108.3,    180.974,     397.847,    399.190,
   45,      110.8,    181.045,     402.386,    402.300,
   46,      113.3,    181.056,     405.398,    405.245,
   47,      115.8,    181.053,     407.340,    408.030,
   48,      118.3,    181.049,     409.834,    410.661,
   49,      120.8,    181.045,     410.947,    413.142,
   50,      123.3,    181.008,     414.623,    415.478,
   51,      125.8,    181.008,     416.833,    417.676,
   52,      128.3,    180.993,     418.801,    419.740,
   53,      130.8,    180.989,     420.743,    421.675,
   54,      133.3,    180.978,     422.151,    423.488,
   55,      135.8,    180.941,     423.067,    425.184,
   56,      138.3,    180.952,     426.080,    426.766,
   57,      140.8,    181.071,     427.732,    428.241,
   58,      143.3,    181.109,     428.472,    429.612,
   59,      145.8,    181.053,     430.538,    430.887,
   60,      148.3,    181.015,     430.903,    432.069,
   61,      150.8,    180.986,     433.460,    433.162,
   62,      153.3,    181.004,     433.415,    434.171,
   63,      155.8,    181.004,     435.902,    435.101,
   64,      158.3,    181.012,     436.712,    435.955,
   65,      160.8,    180.986,     438.433,    436.737,
   66,      163.3,    180.937,     438.550,    437.452,
   67,      165.8,    180.974,     439.013,    438.102,
   68,      168.3,    181.060,     440.737,    438.691,
   69,      170.8,    181.049,     439.936,    439.222,
   70,      175.8,    179.974,     442.511,    442.260,
----,
DateTime:        , 2025/11/20, 15:06:11, 1763665571301,
RFID_EPC:        ,--Not Acquired--,
RFID_UserData:   ,--Not Acquired--,
Barcode:         ,--Not Acquired--,
PIF:,            0.00,
PARs:,            0.0,     0.0,     0.0,     0.0,     0.0,     0.0,
Light:,           0.0,     0.0,     0.0,     0.0,     0.0,     0.0,
Cycles:,            1,
                    1,      69,      70,      70,
Lamps:,        #10000,
Gain:,              2,     100, 
SNR_raw:,     360.20,
Position:,        0.0,              0.0,   NoData,
DataPt,      Time(us),   EX,         EM,       Fit,
==========,==========,==========,==========,=========,
    0,        0.0,      0.000,       0.000,    124.447,
    1,        0.8,    161.942,     125.045,    129.454,
    2,        3.3,    180.673,     136.147,    135.372,
    3,        5.8,    180.703,     146.096,    141.620,
    4,        8.3,    180.774,     150.464,    148.163,
    5,       10.8,    180.781,     156.543,    154.964,
    6,       13.3,    180.740,     164.048,    161.987,
    7,       15.8,    180.759,     170.946,    169.204,
    8,       18.3,    180.822,     176.140,    176.587,
    9,       20.8,    180.826,     182.496,    184.107,
   10,       23.3,    180.848,     191.044,    191.738,
   11,       25.8,    180.796,     198.843,    199.454,
   12,       28.3,    180.860,     205.684,    207.234,
   13,       30.8,    180.897,     212.828,    215.055,
   14,       33.3,    180.957,     220.218,    222.896,
   15,       35.8,    181.024,     227.870,    230.737,
   16,       38.3,    180.867,     235.808,    238.552,
   17,       40.8,    180.957,     244.257,    246.331,
   18,       43.3,    180.882,     251.822,    254.049,
   19,       45.8,    180.826,     260.195,    261.692,
   20,       48.3,    180.901,     268.932,    269.247,
   21,       50.8,    180.923,     275.808,    276.699,
   22,       53.3,    180.912,     283.840,    284.032,
   23,       55.8,    180.923,     290.455,    291.235,
   24,       58.3,    180.949,     298.150,    298.296,
   25,       60.8,    181.002,     306.351,    305.206,
   26,       63.3,    181.031,     314.034,    311.955,
   27,       65.8,    180.972,     320.216,    318.530,
   28,       68.3,    181.058,     327.796,    324.929,
   29,       70.8,    180.998,     333.706,    331.142,
   30,       73.3,    180.960,     339.577,    337.164,
   31,       75.8,    180.953,     345.117,    342.991,
   32,       78.3,    180.893,     350.759,    348.619,
   33,       80.8,    180.975,     356.402,    354.047,
   34,       83.3,    180.904,     359.306,    359.272,
   35,       85.8,    180.923,     365.348,    364.294,
   36,       88.3,    180.990,     369.633,    369.114,
   37,       90.8,    180.949,     374.414,    373.731,
   38,       93.3,    180.975,     378.781,    378.148,
   39,       95.8,    181.050,     382.767,    382.367,
   40,       98.3,    180.987,     387.321,    386.389,
   41,      100.8,    180.946,     388.238,    390.219,
   42,      103.3,    181.013,     393.066,    393.861,
   43,      105.8,    180.957,     397.332,    397.318,
   44,      108.3,    180.987,     400.858,    400.596,
   45,      110.8,    181.020,     403.270,    403.698,
   46,      113.3,    181.002,     406.074,    406.631,
   47,      115.8,    180.972,     408.627,    409.399,
   48,      118.3,    180.968,     410.570,    412.007,
   49,      120.8,    181.016,     413.774,    414.463,
   50,      123.3,    181.058,     415.890,    416.770,
   51,      125.8,    181.046,     418.401,    418.935,
   52,      128.3,    180.994,     419.903,    420.964,
   53,      130.8,    180.919,     422.287,    422.863,
   54,      133.3,    180.979,     423.806,    424.636,
   55,      135.8,    181.002,     426.516,    426.290,
   56,      138.3,    180.975,     426.025,    427.829,
   57,      140.8,    180.990,     427.647,    429.260,
   58,      143.3,    181.069,     429.947,    430.587,
   59,      145.8,    181.020,     429.786,    431.816,
   60,      148.3,    181.013,     432.566,    432.951,
   61,      150.8,    181.069,     433.813,    433.997,
   62,      153.3,    180.983,     435.124,    434.960,
   63,      155.8,    180.994,     435.097,    435.844,
   64,      158.3,    180.990,     437.316,    436.651,
   65,      160.8,    181.031,     438.598,    437.388,
   66,      163.3,    180.957,     438.503,    438.057,
   67,      165.8,    180.979,     439.277,    438.663,
   68,      168.3,    181.009,     440.586,    439.209,
   69,      170.8,    181.076,     441.251,    439.698,
   70,      175.8,    180.001,     442.772,    442.347,
----,
DateTime:        , 2025/11/20, 15:06:13, 1763665573062,
RFID_EPC:        ,--Not Acquired--,
RFID_UserData:   ,--Not Acquired--,
Barcode:         ,--Not Acquired--,
PIF:,            0.00,
PARs:,            0.0,     0.0,     0.0,     0.0,     0.0,     0.0,
Light:,           0.0,     0.0,     0.0,     0.0,     0.0,     0.0,
Cycles:,            1,
                    1,      69,      70,      70,
Lamps:,        #10000,
Gain:,              2,     100, 
SNR_raw:,     338.91,
Position:,        0.0,              0.0,   NoData,
DataPt,      Time(us),   EX,         EM,       Fit,
==========,==========,==========,==========,=========,
    0,        0.0,      0.000,       0.000,    125.474,
    1,        0.8,    161.985,     123.468,    130.258,
    2,        3.3,    180.563,     135.705,    135.966,
    3,        5.8,    180.671,     146.676,    142.048,
    4,        8.3,    180.656,     151.393,    148.454,
    5,       10.8,    180.772,     158.211,    155.147,
    6,       13.3,    180.783,     163.732,    162.088,
    7,       15.8,    180.757,     168.458,    169.239,
    8,       18.3,    180.760,     176.753,    176.568,
    9,       20.8,    180.809,     185.002,    184.047,
   10,       23.3,    180.887,     191.279,    191.649,
   11,       25.8,    180.910,     197.889,    199.343,
   12,       28.3,    180.891,     205.096,    207.105,
   13,       30.8,    180.872,     213.687,    214.911,
   14,       33.3,    180.843,     220.910,    222.736,
   15,       35.8,    180.813,     227.584,    230.560,
   16,       38.3,    180.899,     237.426,    238.367,
   17,       40.8,    180.850,     243.848,    246.133,
   18,       43.3,    180.902,     252.346,    253.843,
   19,       45.8,    180.895,     258.714,    261.478,
   20,       48.3,    180.921,     268.902,    269.025,
   21,       50.8,    180.895,     275.574,    276.466,
   22,       53.3,    180.992,     284.543,    283.791,
   23,       55.8,    181.029,     291.666,    290.985,
   24,       58.3,    181.022,     299.688,    298.037,
   25,       60.8,    181.033,     306.850,    304.935,
   26,       63.3,    180.955,     313.615,    311.669,
   27,       65.8,    180.992,     321.009,    318.231,
   28,       68.3,    180.940,     327.457,    324.614,
   29,       70.8,    180.970,     331.548,    330.812,
   30,       73.3,    180.977,     338.441,    336.820,
   31,       75.8,    180.936,     344.321,    342.631,
   32,       78.3,    181.003,     349.442,    348.246,
   33,       80.8,    180.876,     356.321,    353.658,
   34,       83.3,    181.040,     359.864,    358.871,
   35,       85.8,    181.007,     364.903,    363.880,
   36,       88.3,    181.007,     370.428,    368.686,
   37,       90.8,    180.925,     374.189,    373.289,
   38,       93.3,    180.970,     377.964,    377.693,
   39,       95.8,    180.928,     382.748,    381.899,
   40,       98.3,    180.970,     385.700,    385.909,
   41,      100.8,    180.992,     390.349,    389.729,
   42,      103.3,    181.037,     393.290,    393.360,
   43,      105.8,    181.011,     396.386,    396.808,
   44,      108.3,    181.022,     399.676,    400.077,
   45,      110.8,    180.928,     402.093,    403.171,
   46,      113.3,    180.973,     405.309,    406.097,
   47,      115.8,    181.022,     407.686,    408.858,
   48,      118.3,    180.996,     410.507,    411.462,
   49,      120.8,    180.970,     411.948,    413.912,
   50,      123.3,    180.925,     415.090,    416.216,
   51,      125.8,    180.962,     417.215,    418.379,
   52,      128.3,    180.988,     419.917,    420.406,
   53,      130.8,    181.089,     421.340,    422.302,
   54,      133.3,    181.022,     422.049,    424.075,
   55,      135.8,    181.089,     423.825,    425.729,
   56,      138.3,    180.984,     426.280,    427.269,
   57,      140.8,    181.089,     427.138,    428.702,
   58,      143.3,    180.999,     429.559,    430.032,
   59,      145.8,    180.996,     430.121,    431.264,
   60,      148.3,    180.988,     431.244,    432.404,
   61,      150.8,    180.977,     434.033,    433.456,
   62,      153.3,    180.958,     434.907,    434.424,
   63,      155.8,    180.966,     437.376,    435.313,
   64,      158.3,    181.048,     437.177,    436.127,
   65,      160.8,    181.074,     437.942,    436.870,
   66,      163.3,    181.085,     437.915,    437.546,
   67,      165.8,    181.048,     439.386,    438.159,
   68,      168.3,    180.996,     440.342,    438.714,
   69,      170.8,    181.082,     441.514,    439.211,
   70,      175.8,    179.984,     441.610,    441.721,
----,
DateTime:        , 2025/11/20, 15:06:14, 1763665574763,
RFID_EPC:        ,--Not Acquired--,
RFID_UserData:   ,--Not Acquired--,
Barcode:         ,--Not Acquired--,
PIF:,            0.00,
PARs:,            0.0,     0.0,     0.0,     0.0,     0.0,     0.0,
Light:,           0.0,     0.0,     0.0,     0.0,     0.0,     0.0,
Cycles:,            1,
                    1,      69,      70,      70,
Lamps:,        #10000,
Gain:,              2,     100, 
SNR_raw:,     429.17,
Position:,        0.0,              0.0,   NoData,
DataPt,      Time(us),   EX,         EM,       Fit,
==========,==========,==========,==========,=========,
    0,        0.0,      0.000,       0.000,    126.798,
    1,        0.8,    161.978,     126.560,    131.419,
    2,        3.3,    180.598,     137.169,    136.957,
    3,        5.8,    180.665,     146.680,    142.877,
    4,        8.3,    180.728,     151.332,    149.134,
    5,       10.8,    180.695,     156.894,    155.683,
    6,       13.3,    180.799,     162.888,    162.489,
    7,       15.8,    180.784,     170.369,    169.514,
    8,       18.3,    180.919,     177.151,    176.729,
    9,       20.8,    180.897,     182.978,    184.098,
   10,       23.3,    180.882,     190.733,    191.592,
   11,       25.8,    180.822,     198.538,    199.183,
   12,       28.3,    180.848,     205.421,    206.847,
   13,       30.8,    180.758,     214.098,    214.557,
   14,       33.3,    180.829,     220.097,    222.294,
   15,       35.8,    180.807,     227.314,    230.035,
   16,       38.3,    180.956,     235.140,    237.763,
   17,       40.8,    180.882,     242.977,    245.454,
   18,       43.3,    180.945,     251.458,    253.093,
   19,       45.8,    180.941,     259.200,    260.661,
   20,       48.3,    180.990,     267.695,    268.143,
   21,       50.8,    181.023,     273.721,    275.524,
   22,       53.3,    180.979,     282.354,    282.789,
   23,       55.8,    180.960,     290.672,    289.925,
   24,       58.3,    180.855,     297.475,    296.918,
   25,       60.8,    180.908,     305.404,    303.762,
   26,       63.3,    180.897,     311.504,    310.445,
   27,       65.8,    180.938,     319.447,    316.960,
   28,       68.3,    180.953,     325.223,    323.299,
   29,       70.8,    180.960,     331.012,    329.456,
   30,       73.3,    181.016,     337.539,    335.425,
   31,       75.8,    180.953,     343.184,    341.202,
   32,       78.3,    180.964,     348.689,    346.783,
   33,       80.8,    181.027,     353.814,    352.166,
   34,       83.3,    180.960,     357.814,    357.349,
   35,       85.8,    180.994,     362.720,    362.332,
   36,       88.3,    180.975,     368.559,    367.115,
   37,       90.8,    180.960,     372.458,    371.697,
   38,       93.3,    180.960,     377.432,    376.082,
   39,       95.8,    180.986,     380.968,    380.272,
   40,       98.3,    180.990,     385.104,    384.268,
   41,      100.8,    180.971,     387.907,    388.075,
   42,      103.3,    181.027,     391.378,    391.696,
   43,      105.8,    181.001,     394.197,    395.135,
   44,      108.3,    181.072,     397.908,    398.397,
   45,      110.8,    180.994,     401.395,    401.487,
   46,      113.3,    181.005,     404.409,    404.409,
   47,      115.8,    180.982,     405.841,    407.169,
   48,      118.3,    180.971,     408.629,    409.773,
   49,      120.8,    181.027,     411.540,    412.225,
   50,      123.3,    180.979,     413.861,    414.531,
   51,      125.8,    181.012,     416.270,    416.698,
   52,      128.3,    181.065,     417.531,    418.729,
   53,      130.8,    180.990,     418.808,    420.633,
   54,      133.3,    181.057,     421.414,    422.413,
   55,      135.8,    181.001,     423.202,    424.075,
   56,      138.3,    181.057,     425.004,    425.625,
   57,      140.8,    180.971,     425.206,    427.068,
   58,      143.3,    180.945,     426.925,    428.409,
   59,      145.8,    180.986,     429.315,    429.653,
   60,      148.3,    180.941,     430.250,    430.805,
   61,      150.8,    180.971,     431.008,    431.869,
   62,      153.3,    181.023,     432.817,    432.850,
   63,      155.8,    181.061,     434.661,    433.752,
   64,      158.3,    181.027,     435.018,    434.580,
   65,      160.8,    181.001,     435.633,    435.338,
   66,      163.3,    181.079,     436.549,    436.029,
   67,      165.8,    180.997,     437.576,    436.659,
   68,      168.3,    180.990,     440.080,    437.229,
   69,      170.8,    181.020,     439.455,    437.743,
   70,      175.8,    179.997,     440.589,    440.461,
----,
DateTime:        , 2025/11/20, 15:06:16, 1763665576532,
RFID_EPC:        ,--Not Acquired--,
RFID_UserData:   ,--Not Acquired--,
Barcode:         ,--Not Acquired--,
PIF:,            0.00,
PARs:,            0.0,     0.0,     0.0,     0.0,     0.0,     0.0,
Light:,           0.0,     0.0,     0.0,     0.0,     0.0,     0.0,
Cycles:,            1,
                    1,      69,      70,      70,
Lamps:,        #10000,
Gain:,              2,     100, 
SNR_raw:,     262.67,
Position:,        0.0,              0.0,   NoData,
DataPt,      Time(us),   EX,         EM,       Fit,
==========,==========,==========,==========,=========,
    0,        0.0,      0.000,       0.000,    125.994,
    1,        0.8,    162.014,     124.681,    130.722,
    2,        3.3,    180.610,     136.435,    136.391,
    3,        5.8,    180.639,     146.978,    142.452,
    4,        8.3,    180.766,     151.024,    148.859,
    5,       10.8,    180.740,     158.238,    155.561,
    6,       13.3,    180.778,     163.461,    162.519,
    7,       15.8,    180.807,     169.517,    169.693,
    8,       18.3,    180.834,     175.299,    177.049,
    9,       20.8,    180.834,     183.594,    184.552,
   10,       23.3,    180.867,     189.642,    192.173,
   11,       25.8,    180.834,     197.696,    199.881,
   12,       28.3,    180.837,     205.433,    207.651,
   13,       30.8,    180.822,     212.916,    215.457,
   14,       33.3,    180.837,     220.917,    223.278,
   15,       35.8,    180.848,     227.539,    231.090,
   16,       38.3,    180.863,     234.984,    238.874,
   17,       40.8,    180.886,     244.077,    246.611,
   18,       43.3,    180.942,     251.186,    254.284,
   19,       45.8,    180.953,     258.907,    261.875,
   20,       48.3,    180.975,     268.268,    269.370,
   21,       50.8,    180.904,     275.007,    276.751,
   22,       53.3,    180.942,     282.135,    284.009,
   23,       55.8,    180.901,     289.662,    291.130,
   24,       58.3,    180.871,     297.450,    298.103,
   25,       60.8,    180.878,     305.177,    304.920,
   26,       63.3,    180.916,     313.406,    311.571,
   27,       65.8,    180.949,     318.321,    318.051,
   28,       68.3,    180.938,     325.802,    324.351,
   29,       70.8,    180.987,     331.792,    330.466,
   30,       73.3,    181.005,     337.559,    336.393,
   31,       75.8,    180.998,     343.374,    342.127,
   32,       78.3,    180.949,     350.098,    347.665,
   33,       80.8,    180.979,     355.566,    353.006,
   34,       83.3,    181.013,     359.643,    358.148,
   35,       85.8,    181.016,     363.779,    363.093,
   36,       88.3,    180.968,     369.955,    367.839,
   37,       90.8,    180.968,     371.613,    372.388,
   38,       93.3,    180.931,     377.493,    376.743,
   39,       95.8,    181.028,     381.710,    380.905,
   40,       98.3,    181.016,     385.324,    384.879,
   41,      100.8,    181.016,     390.020,    388.666,
   42,      103.3,    181.046,     393.546,    392.271,
   43,      105.8,    180.972,     395.089,    395.698,
   44,      108.3,    181.061,     399.588,    398.951,
   45,      110.8,    181.102,     400.878,    402.035,
   46,      113.3,    180.990,     404.718,    404.956,
   47,      115.8,    180.942,     405.655,    407.718,
   48,      118.3,    181.013,     409.087,    410.326,
   49,      120.8,    180.919,     411.233,    412.786,
   50,      123.3,    180.919,     415.102,    415.103,
   51,      125.8,    181.002,     416.571,    417.282,
   52,      128.3,    181.050,     417.288,    419.328,
   53,      130.8,    181.091,     420.506,    421.248,
   54,      133.3,    181.099,     422.146,    423.046,
   55,      135.8,    181.061,     422.233,    424.729,
   56,      138.3,    181.072,     425.796,    426.300,
   57,      140.8,    180.953,     426.906,    427.767,
   58,      143.3,    181.002,     427.897,    429.131,
   59,      145.8,    181.009,     429.537,    430.400,
   60,      148.3,    180.923,     430.570,    431.578,
   61,      150.8,    180.946,     433.556,    432.668,
   62,      153.3,    181.031,     432.798,    433.675,
   63,      155.8,    180.975,     435.142,    434.604,
   64,      158.3,    181.069,     435.746,    435.457,
   65,      160.8,    181.024,     436.959,    436.241,
   66,      163.3,    180.990,     438.145,    436.958,
   67,      165.8,    181.043,     437.742,    437.612,
   68,      168.3,    181.069,     439.612,    438.206,
   69,      170.8,    181.002,     441.156,    438.744,
   70,      175.8,    179.964,     442.082,    441.926,
----,
DateTime:        , 2025/11/20, 15:06:18, 1763665578251,
RFID_EPC:        ,--Not Acquired--,
RFID_UserData:   ,--Not Acquired--,
Barcode:         ,--Not Acquired--,
PIF:,            0.00,
PARs:,            0.0,     0.0,     0.0,     0.0,     0.0,     0.0,
Light:,           0.0,     0.0,     0.0,     0.0,     0.0,     0.0,
Cycles:,            1,
                    1,      69,      70,      70,
Lamps:,        #10000,
Gain:,              2,     100, 
SNR_raw:,     226.39,
Position:,        0.0,              0.0,   NoData,
DataPt,      Time(us),   EX,         EM,       Fit,
==========,==========,==========,==========,=========,
    0,        0.0,      0.000,       0.000,    121.330,
    1,        0.8,    161.933,     124.126,    126.710,
    2,        3.3,    180.596,     135.439,    133.023,
    3,        5.8,    180.656,     145.580,    139.643,
    4,        8.3,    180.690,     150.811,    146.530,
    5,       10.8,    180.664,     156.091,    153.644,
    6,       13.3,    180.682,     161.886,    160.953,
    7,       15.8,    180.783,     169.817,    168.429,
    8,       18.3,    180.869,     175.541,    176.042,
    9,       20.8,    180.899,     181.870,    183.764,
   10,       23.3,    180.861,     189.095,    191.566,
   11,       25.8,    180.955,     197.563,    199.430,
   12,       28.3,    180.895,     204.262,    207.327,
   13,       30.8,    180.888,     212.839,    215.238,
   14,       33.3,    180.910,     219.446,    223.145,
   15,       35.8,    180.835,     227.832,    231.026,
   16,       38.3,    180.910,     235.200,    238.867,
   17,       40.8,    180.854,     243.567,    246.648,
   18,       43.3,    180.865,     251.569,    254.355,
   19,       45.8,    180.973,     259.430,    261.978,
   20,       48.3,    180.903,     267.824,    269.496,
   21,       50.8,    180.973,     275.731,    276.901,
   22,       53.3,    180.988,     282.062,    284.179,
   23,       55.8,    180.947,     291.798,    291.320,
   24,       58.3,    180.970,     298.945,    298.313,
   25,       60.8,    180.835,     306.080,    305.147,
   26,       63.3,    180.944,     312.528,    311.819,
   27,       65.8,    181.003,     318.779,    318.321,
   28,       68.3,    180.921,     325.832,    324.643,
   29,       70.8,    180.917,     332.748,    330.783,
   30,       73.3,    180.966,     338.738,    336.736,
   31,       75.8,    181.003,     343.364,    342.499,
   32,       78.3,    181.041,     350.198,    348.070,
   33,       80.8,    181.052,     355.699,    353.445,
   34,       83.3,    180.988,     360.797,    358.623,
   35,       85.8,    180.996,     366.583,    363.604,
   36,       88.3,    180.876,     370.142,    368.387,
   37,       90.8,    180.955,     374.679,    372.976,
   38,       93.3,    180.966,     379.077,    377.370,
   39,       95.8,    180.992,     384.271,    381.573,
   40,       98.3,    181.007,     387.278,    385.588,
   41,      100.8,    181.033,     391.365,    389.416,
   42,      103.3,    180.940,     392.948,    393.061,
   43,      105.8,    181.018,     397.474,    396.528,
   44,      108.3,    180.977,     399.774,    399.820,
   45,      110.8,    180.992,     402.504,    402.942,
   46,      113.3,    181.000,     404.421,    405.899,
   47,      115.8,    180.973,     408.623,    408.696,
   48,      118.3,    180.966,     410.851,    411.337,
   49,      120.8,    181.003,     413.805,    413.827,
   50,      123.3,    180.996,     415.479,    416.173,
   51,      125.8,    180.959,     417.223,    418.379,
   52,      128.3,    181.041,     419.519,    420.450,
   53,      130.8,    180.992,     422.118,    422.392,
   54,      133.3,    181.063,     422.229,    424.210,
   55,      135.8,    181.059,     424.447,    425.909,
   56,      138.3,    181.078,     425.507,    427.494,
   57,      140.8,    181.085,     427.699,    428.970,
   58,      143.3,    181.011,     429.532,    430.343,
   59,      145.8,    180.959,     431.591,    431.617,
   60,      148.3,    180.977,     433.480,    432.797,
   61,      150.8,    180.981,     432.642,    433.886,
   62,      153.3,    180.977,     435.138,    434.891,
   63,      155.8,    181.037,     436.099,    435.813,
   64,      158.3,    180.970,     437.366,    436.660,
   65,      160.8,    181.018,     437.249,    437.432,
   66,      163.3,    181.089,     439.010,    438.135,
   67,      165.8,    181.044,     439.947,    438.773,
   68,      168.3,    181.082,     440.409,    439.348,
   69,      170.8,    181.022,     441.107,    439.866,
   70,      175.8,    179.894,     442.471,    442.293,
----,
DateTime:        , 2025/11/20, 15:06:20, 1763665580015,
RFID_EPC:        ,--Not Acquired--,
RFID_UserData:   ,--Not Acquired--,
Barcode:         ,--Not Acquired--,
PIF:,            0.00,
PARs:,            0.0,     0.0,     0.0,     0.0,     0.0,     0.0,
Light:,           0.0,     0.0,     0.0,     0.0,     0.0,     0.0,
Cycles:,            1,
                    1,      69,      70,      70,
Lamps:,        #10000,
Gain:,              2,     100, 
SNR_raw:,     306.78,
Position:,        0.0,              0.0,   NoData,
DataPt,      Time(us),   EX,         EM,       Fit,
==========,==========,==========,==========,=========,
    0,        0.0,      0.000,       0.000,    125.316,
    1,        0.8,    161.810,     123.602,    129.935,
    2,        3.3,    180.522,     135.802,    135.513,
    3,        5.8,    180.601,     146.733,    141.510,
    4,        8.3,    180.739,     150.493,    147.876,
    5,       10.8,    180.709,     156.882,    154.556,
    6,       13.3,    180.724,     164.062,    161.508,
    7,       15.8,    180.784,     169.263,    168.693,
    8,       18.3,    180.787,     175.897,    176.069,
    9,       20.8,    180.840,     182.482,    183.605,
   10,       23.3,    180.911,     189.596,    191.269,
   11,       25.8,    180.873,     196.823,    199.027,
   12,       28.3,    180.847,     205.146,    206.852,
   13,       30.8,    180.858,     212.874,    214.720,
   14,       33.3,    180.896,     222.228,    222.605,
   15,       35.8,    180.840,     227.826,    230.484,
   16,       38.3,    180.896,     235.771,    238.338,
   17,       40.8,    180.959,     243.425,    246.147,
   18,       43.3,    180.914,     252.329,    253.891,
   19,       45.8,    180.940,     258.372,    261.554,
   20,       48.3,    180.989,     268.248,    269.122,
   21,       50.8,    180.959,     276.582,    276.576,
   22,       53.3,    181.015,     283.402,    283.907,
   23,       55.8,    180.967,     291.767,    291.099,
   24,       58.3,    180.914,     298.207,    298.142,
   25,       60.8,    180.952,     306.988,    305.027,
   26,       63.3,    180.985,     312.733,    311.745,
   27,       65.8,    180.937,     319.725,    318.289,
   28,       68.3,    181.008,     325.677,    324.651,
   29,       70.8,    180.940,     333.259,    330.826,
   30,       73.3,    181.041,     338.321,    336.811,
   31,       75.8,    180.918,     344.908,    342.599,
   32,       78.3,    180.985,     350.581,    348.189,
   33,       80.8,    181.049,     354.877,    353.581,
   34,       83.3,    181.026,     360.445,    358.772,
   35,       85.8,    180.970,     365.806,    363.761,
   36,       88.3,    180.974,     369.390,    368.551,
   37,       90.8,    180.944,     373.596,    373.141,
   38,       93.3,    180.933,     379.699,    377.534,
   39,       95.8,    181.011,     382.020,    381.732,
   40,       98.3,    180.978,     385.959,    385.739,
   41,      100.8,    181.019,     389.738,    389.558,
   42,      103.3,    180.926,     392.979,    393.192,
   43,      105.8,    181.067,     395.985,    396.646,
   44,      108.3,    181.045,     399.901,    399.924,
   45,      110.8,    181.082,     402.579,    403.032,
   46,      113.3,    180.996,     405.809,    405.973,
   47,      115.8,    180.985,     407.768,    408.755,
   48,      118.3,    180.944,     411.177,    411.380,
   49,      120.8,    181.019,     412.388,    413.856,
   50,      123.3,    181.056,     415.341,    416.186,
   51,      125.8,    180.978,     417.455,    418.378,
   52,      128.3,    181.023,     419.009,    420.436,
   53,      130.8,    181.041,     420.899,    422.366,
   54,      133.3,    180.989,     422.954,    424.173,
   55,      135.8,    181.052,     425.291,    425.862,
   56,      138.3,    180.989,     425.717,    427.439,
   57,      140.8,    180.993,     426.813,    428.909,
   58,      143.3,    181.015,     429.246,    430.276,
   59,      145.8,    180.899,     430.626,    431.548,
   60,      148.3,    180.963,     431.580,    432.726,
   61,      150.8,    181.034,     434.726,    433.815,
   62,      153.3,    181.060,     436.044,    434.820,
   63,      155.8,    181.082,     436.542,    435.745,
   64,      158.3,    181.026,     436.953,    436.596,
   65,      160.8,    181.060,     436.596,    437.376,
   66,      163.3,    181.060,     439.081,    438.088,
   67,      165.8,    181.011,     440.028,    438.736,
   68,      168.3,    180.959,     440.984,    439.326,
   69,      170.8,    180.982,     441.482,    439.858,
   70,      175.8,    179.899,     443.580,    443.386,
----,
DateTime:        , 2025/11/20, 15:06:21, 1763665581753,
RFID_EPC:        ,--Not Acquired--,
RFID_UserData:   ,--Not Acquired--,
Barcode:         ,--Not Acquired--,
PIF:,            0.00,
PARs:,            0.0,     0.0,     0.0,     0.0,     0.0,     0.0,
Light:,           0.0,     0.0,     0.0,     0.0,     0.0,     0.0,
Cycles:,            1,
                    1,      69,      70,      70,
Lamps:,        #10000,
Gain:,              2,     100, 
SNR_raw:,     336.57,
Position:,        0.0,              0.0,   NoData,
DataPt,      Time(us),   EX,         EM,       Fit,
==========,==========,==========,==========,=========,
    0,        0.0,      0.000,       0.000,    127.884,
    1,        0.8,    161.806,     124.841,    132.260,
    2,        3.3,    180.700,     136.762,    137.574,
    3,        5.8,    180.759,     147.434,    143.313,
    4,        8.3,    180.789,     152.111,    149.425,
    5,       10.8,    180.830,     157.330,    155.867,
    6,       13.3,    180.793,     164.553,    162.593,
    7,       15.8,    180.767,     170.662,    169.564,
    8,       18.3,    180.756,     177.864,    176.745,
    9,       20.8,    180.774,     184.761,    184.101,
   10,       23.3,    180.808,     190.534,    191.601,
   11,       25.8,    180.808,     198.830,    199.214,
   12,       28.3,    180.868,     205.675,    206.913,
   13,       30.8,    180.886,     212.288,    214.671,
   14,       33.3,    180.935,     220.521,    222.464,
   15,       35.8,    180.939,     227.702,    230.266,
   16,       38.3,    181.024,     235.604,    238.058,
   17,       40.8,    180.905,     244.051,    245.813,
   18,       43.3,    180.849,     251.868,    253.513,
   19,       45.8,    180.942,     260.857,    261.144,
   20,       48.3,    180.942,     266.936,    268.686,
   21,       50.8,    180.957,     274.374,    276.123,
   22,       53.3,    180.980,     282.628,    283.443,
   23,       55.8,    180.886,     290.514,    290.627,
   24,       58.3,    180.931,     298.456,    297.668,
   25,       60.8,    180.935,     306.188,    304.554,
   26,       63.3,    180.987,     312.177,    311.275,
   27,       65.8,    180.946,     318.603,    317.821,
   28,       68.3,    180.931,     326.091,    324.186,
   29,       70.8,    180.961,     330.734,    330.364,
   30,       73.3,    180.942,     337.953,    336.349,
   31,       75.8,    180.946,     343.196,    342.136,
   32,       78.3,    180.954,     349.537,    347.724,
   33,       80.8,    181.021,     354.379,    353.111,
   34,       83.3,    180.931,     360.082,    358.293,
   35,       85.8,    181.062,     364.240,    363.273,
   36,       88.3,    180.957,     368.595,    368.049,
   37,       90.8,    181.092,     374.120,    372.624,
   38,       93.3,    181.036,     377.550,    376.999,
   39,       95.8,    180.954,     381.313,    381.176,
   40,       98.3,    180.976,     384.858,    385.159,
   41,      100.8,    180.961,     388.481,    388.952,
   42,      103.3,    180.961,     391.245,    392.558,
   43,      105.8,    180.939,     395.714,    395.981,
   44,      108.3,    180.983,     399.208,    399.228,
   45,      110.8,    181.051,     401.545,    402.302,
   46,      113.3,    181.054,     403.194,    405.210,
   47,      115.8,    180.998,     406.081,    407.956,
   48,      118.3,    181.032,     409.044,    410.546,
   49,      120.8,    181.024,     411.547,    412.986,
   50,      123.3,    181.013,     414.058,    415.282,
   51,      125.8,    180.965,     414.998,    417.439,
   52,      128.3,    180.946,     417.528,    419.464,
   53,      130.8,    180.957,     419.436,    421.361,
   54,      133.3,    181.006,     421.810,    423.136,
   55,      135.8,    181.024,     423.976,    424.794,
   56,      138.3,    180.995,     426.532,    426.342,
   57,      140.8,    181.092,     426.303,    427.783,
   58,      143.3,    181.073,     428.833,    429.125,
   59,      145.8,    181.002,     429.553,    430.371,
   60,      148.3,    181.028,     431.977,    431.527,
   61,      150.8,    181.002,     432.592,    432.597,
   62,      153.3,    181.024,     433.919,    433.585,
   63,      155.8,    180.965,     434.891,    434.497,
   64,      158.3,    180.920,     434.999,    435.337,
   65,      160.8,    180.957,     437.120,    436.107,
   66,      163.3,    180.957,     438.501,    436.812,
   67,      165.8,    180.961,     438.216,    437.455,
   68,      168.3,    181.054,     439.923,    438.039,
   69,      170.8,    181.017,     439.738,    438.569,
   70,      175.8,    179.972,     442.416,    442.141,
----,
DateTime:        , 2025/11/20, 15:06:23, 1763665583512,
RFID_EPC:        ,--Not Acquired--,
RFID_UserData:   ,--Not Acquired--,
Barcode:         ,--Not Acquired--,
PIF:,            0.00,
PARs:,            0.0,     0.0,     0.0,     0.0,     0.0,     0.0,
Light:,           0.0,     0.0,     0.0,     0.0,     0.0,     0.0,
Cycles:,            1,
                    1,      69,      70,      70,
Lamps:,        #10000,
Gain:,              2,     100, 
SNR_raw:,     306.90,
Position:,        0.0,              0.0,   NoData,
DataPt,      Time(us),   EX,         EM,       Fit,
==========,==========,==========,==========,=========,
    0,        0.0,      0.000,       0.000,    126.239,
    1,        0.8,    162.039,     123.427,    130.843,
    2,        3.3,    180.587,     135.408,    136.363,
    3,        5.8,    180.628,     146.157,    142.271,
    4,        8.3,    180.639,     152.514,    148.522,
    5,       10.8,    180.673,     157.190,    155.075,
    6,       13.3,    180.729,     164.335,    161.892,
    7,       15.8,    180.803,     168.968,    168.939,
    8,       18.3,    180.803,     176.711,    176.179,
    9,       20.8,    180.747,     183.958,    183.581,
   10,       23.3,    180.859,     189.650,    191.118,
   11,       25.8,    180.889,     197.635,    198.760,
   12,       28.3,    180.874,     204.285,    206.480,
   13,       30.8,    180.874,     212.302,    214.254,
   14,       33.3,    180.792,     219.313,    222.054,
   15,       35.8,    180.818,     227.576,    229.861,
   16,       38.3,    180.874,     234.970,    237.655,
   17,       40.8,    180.886,     242.971,    245.414,
   18,       43.3,    180.889,     250.982,    253.120,
   19,       45.8,    180.904,     259.253,    260.755,
   20,       48.3,    181.005,     266.567,    268.304,
   21,       50.8,    180.949,     275.216,    275.748,
   22,       53.3,    180.979,     282.630,    283.075,
   23,       55.8,    180.956,     289.849,    290.270,
   24,       58.3,    181.046,     297.162,    297.323,
   25,       60.8,    180.983,     305.002,    304.221,
   26,       63.3,    180.964,     312.217,    310.954,
   27,       65.8,    180.945,     318.605,    317.513,
   28,       68.3,    180.923,     326.106,    323.892,
   29,       70.8,    180.938,     331.606,    330.084,
   30,       73.3,    181.012,     338.651,    336.086,
   31,       75.8,    181.012,     343.346,    341.891,
   32,       78.3,    180.960,     347.867,    347.495,
   33,       80.8,    181.016,     354.664,    352.898,
   34,       83.3,    181.027,     360.166,    358.098,
   35,       85.8,    181.031,     364.854,    363.094,
   36,       88.3,    180.964,     369.134,    367.886,
   37,       90.8,    180.930,     373.072,    372.475,
   38,       93.3,    180.919,     377.240,    376.863,
   39,       95.8,    180.923,     381.378,    381.053,
   40,       98.3,    180.949,     385.468,    385.048,
   41,      100.8,    180.964,     389.857,    388.852,
   42,      103.3,    180.994,     392.831,    392.468,
   43,      105.8,    181.035,     395.504,    395.901,
   44,      108.3,    181.031,     398.550,    399.155,
   45,      110.8,    181.024,     401.329,    402.236,
   46,      113.3,    181.124,     403.590,    405.148,
   47,      115.8,    180.998,     406.635,    407.898,
   48,      118.3,    181.031,     409.874,    410.490,
   49,      120.8,    181.005,     409.933,    412.931,
   50,      123.3,    180.927,     414.256,    415.226,
   51,      125.8,    181.031,     415.674,    417.381,
   52,      128.3,    181.024,     418.177,    419.401,
   53,      130.8,    181.024,     419.558,    421.293,
   54,      133.3,    181.039,     422.286,    423.061,
   55,      135.8,    181.012,     424.004,    424.712,
   56,      138.3,    181.035,     424.504,    426.251,
   57,      140.8,    181.046,     426.411,    427.683,
   58,      143.3,    181.035,     427.542,    429.013,
   59,      145.8,    180.975,     429.617,    430.248,
   60,      148.3,    180.990,     431.515,    431.390,
   61,      150.8,    180.927,     430.561,    432.447,
   62,      153.3,    180.975,     433.485,    433.420,
   63,      155.8,    181.012,     434.224,    434.315,
   64,      158.3,    181.042,     434.705,    435.136,
   65,      160.8,    181.042,     436.638,    435.887,
   66,      163.3,    181.005,     437.833,    436.573,
   67,      165.8,    181.031,     437.494,    437.196,
   68,      168.3,    181.054,     439.373,    437.761,
   69,      170.8,    181.065,     440.174,    438.270,
   70,      175.8,    179.960,     441.921,    441.573,
----,
DateTime:        , 2025/11/20, 15:06:25, 1763665585285,
RFID_EPC:        ,--Not Acquired--,
RFID_UserData:   ,--Not Acquired--,
Barcode:         ,--Not Acquired--,
PIF:,            0.00,
PARs:,            0.0,     0.0,     0.0,     0.0,     0.0,     0.0,
Light:,           0.0,     0.0,     0.0,     0.0,     0.0,     0.0,
Cycles:,            1,
                    1,      69,      70,      70,
Lamps:,        #10000,
Gain:,              2,     100, 
SNR_raw:,     310.92,
Position:,        0.0,              0.0,   NoData,
DataPt,      Time(us),   EX,         EM,       Fit,
==========,==========,==========,==========,=========,
    0,        0.0,      0.000,       0.000,    126.475,
    1,        0.8,    161.869,     124.792,    131.136,
    2,        3.3,    180.548,     136.622,    136.710,
    3,        5.8,    180.683,     147.219,    142.659,
    4,        8.3,    180.709,     152.179,    148.940,
    5,       10.8,    180.701,     158.549,    155.514,
    6,       13.3,    180.795,     164.275,    162.346,
    7,       15.8,    180.824,     169.501,    169.401,
    8,       18.3,    180.899,     176.618,    176.649,
    9,       20.8,    180.813,     183.615,    184.054,
   10,       23.3,    180.933,     190.402,    191.595,
   11,       25.8,    180.873,     198.758,    199.238,
   12,       28.3,    180.877,     206.218,    206.960,
   13,       30.8,    180.772,     213.252,    214.734,
   14,       33.3,    180.892,     220.298,    222.542,
   15,       35.8,    180.877,     228.056,    230.359,
   16,       38.3,    180.918,     236.019,    238.165,
   17,       40.8,    180.903,     244.330,    245.938,
   18,       43.3,    180.907,     252.064,    253.661,
   19,       45.8,    180.985,     260.519,    261.318,
   20,       48.3,    180.951,     268.028,    268.888,
   21,       50.8,    181.034,     276.192,    276.359,
   22,       53.3,    180.959,     284.319,    283.712,
   23,       55.8,    180.936,     292.368,    290.936,
   24,       58.3,    180.903,     298.779,    298.017,
   25,       60.8,    180.798,     305.866,    304.943,
   26,       63.3,    180.910,     312.033,    311.708,
   27,       65.8,    180.951,     319.975,    318.301,
   28,       68.3,    180.899,     325.043,    324.714,
   29,       70.8,    181.000,     332.044,    330.942,
   30,       73.3,    181.082,     337.416,    336.978,
   31,       75.8,    180.981,     343.958,    342.815,
   32,       78.3,    180.985,     350.305,    348.452,
   33,       80.8,    181.026,     355.750,    353.885,
   34,       83.3,    181.086,     360.050,    359.114,
   35,       85.8,    180.944,     365.583,    364.136,
   36,       88.3,    181.026,     370.389,    368.953,
   37,       90.8,    180.948,     374.418,    373.564,
   38,       93.3,    180.978,     379.329,    377.971,
   39,       95.8,    180.970,     382.107,    382.178,
   40,       98.3,    180.989,     386.212,    386.187,
   41,      100.8,    180.996,     388.682,    390.001,
   42,      103.3,    181.034,     392.745,    393.625,
   43,      105.8,    181.015,     396.929,    397.062,
   44,      108.3,    181.052,     399.056,    400.317,
   45,      110.8,    181.049,     403.759,    403.396,
   46,      113.3,    181.063,     404.830,    406.304,
   47,      115.8,    181.022,     408.237,    409.046,
   48,      118.3,    180.936,     411.747,    411.629,
   49,      120.8,    180.966,     412.508,    414.057,
   50,      123.3,    180.955,     415.296,    416.336,
   51,      125.8,    181.030,     417.611,    418.473,
   52,      128.3,    181.041,     419.794,    420.472,
   53,      130.8,    180.970,     420.511,    422.342,
   54,      133.3,    180.925,     423.379,    424.086,
   55,      135.8,    181.082,     424.669,    425.710,
   56,      138.3,    181.034,     426.440,    427.220,
   57,      140.8,    181.019,     427.028,    428.622,
   58,      143.3,    180.936,     428.880,    429.921,
   59,      145.8,    180.918,     430.582,    431.123,
   60,      148.3,    180.985,     432.080,    432.231,
   61,      150.8,    180.989,     432.900,    433.251,
   62,      153.3,    181.063,     434.930,    434.186,
   63,      155.8,    181.041,     434.432,    435.043,
   64,      158.3,    181.041,     435.537,    435.825,
   65,      160.8,    181.041,     437.470,    436.537,
   66,      163.3,    180.996,     438.683,    437.183,
   67,      165.8,    180.933,     438.837,    437.767,
   68,      168.3,    181.022,     440.001,    438.291,
   69,      170.8,    180.993,     440.073,    438.759,
   70,      175.8,    179.917,     442.400,    442.032,
----,
DateTime:        , 2025/11/20, 15:06:27, 1763665587051,
RFID_EPC:        ,--Not Acquired--,
RFID_UserData:   ,--Not Acquired--,
Barcode:         ,--Not Acquired--,
PIF:,            0.00,
PARs:,            0.0,     0.0,     0.0,     0.0,     0.0,     0.0,
Light:,           0.0,     0.0,     0.0,     0.0,     0.0,     0.0,
Cycles:,            1,
                    1,      69,      70,      70,
Lamps:,        #10000,
Gain:,              2,     100, 
SNR_raw:,     346.08,
Position:,        0.0,              0.0,   NoData,
DataPt,      Time(us),   EX,         EM,       Fit,
==========,==========,==========,==========,=========,
    0,        0.0,      0.000,       0.000,    124.646,
    1,        0.8,    161.973,     124.712,    129.635,
    2,        3.3,    180.663,     136.427,    135.524,
    3,        5.8,    180.700,     146.928,    141.735,
    4,        8.3,    180.712,     152.730,    148.232,
    5,       10.8,    180.794,     157.915,    154.983,
    6,       13.3,    180.760,     164.583,    161.952,
    7,       15.8,    180.741,     171.239,    169.111,
    8,       18.3,    180.775,     177.292,    176.433,
    9,       20.8,    180.797,     183.078,    183.891,
   10,       23.3,    180.831,     189.680,    191.462,
   11,       25.8,    180.853,     196.568,    199.121,
   12,       28.3,    180.846,     204.318,    206.845,
   13,       30.8,    180.891,     211.730,    214.613,
   14,       33.3,    180.842,     220.358,    222.402,
   15,       35.8,    180.853,     227.809,    230.194,
   16,       38.3,    180.947,     235.152,    237.972,
   17,       40.8,    180.917,     242.100,    245.715,
   18,       43.3,    180.902,     251.517,    253.405,
   19,       45.8,    180.902,     259.533,    261.027,
   20,       48.3,    180.917,     267.802,    268.565,
   21,       50.8,    180.891,     275.028,    276.003,
   22,       53.3,    180.980,     284.009,    283.332,
   23,       55.8,    180.932,     291.546,    290.532,
   24,       58.3,    180.999,     298.620,    297.597,
   25,       60.8,    180.977,     305.012,    304.512,
   26,       63.3,    181.003,     313.531,    311.269,
   27,       65.8,    180.977,     317.997,    317.857,
   28,       68.3,    180.954,     325.497,    324.268,
   29,       70.8,    180.913,     331.374,    330.495,
   30,       73.3,    180.954,     338.760,    336.534,
   31,       75.8,    180.995,     344.208,    342.380,
   32,       78.3,    180.973,     349.224,    348.028,
   33,       80.8,    180.917,     355.135,    353.474,
   34,       83.3,    180.984,     360.805,    358.718,
   35,       85.8,    180.999,     364.367,    363.759,
   36,       88.3,    181.025,     369.838,    368.596,
   37,       90.8,    181.063,     373.904,    373.230,
   38,       93.3,    180.965,     377.420,    377.660,
   39,       95.8,    180.980,     381.809,    381.890,
   40,       98.3,    180.954,     386.285,    385.922,
   41,      100.8,    180.962,     390.138,    389.759,
   42,      103.3,    180.891,     392.502,    393.405,
   43,      105.8,    180.909,     397.160,    396.865,
   44,      108.3,    180.988,     399.751,    400.144,
   45,      110.8,    181.066,     402.891,    403.246,
   46,      113.3,    180.977,     405.577,    406.176,
   47,      115.8,    180.988,     408.038,    408.939,
   48,      118.3,    181.021,     409.620,    411.542,
   49,      120.8,    181.033,     412.909,    413.989,
   50,      123.3,    181.040,     414.273,    416.288,
   51,      125.8,    180.977,     417.457,    418.442,
   52,      128.3,    180.999,     419.339,    420.459,
   53,      130.8,    180.980,     420.764,    422.345,
   54,      133.3,    180.980,     422.698,    424.104,
   55,      135.8,    181.070,     424.145,    425.743,
   56,      138.3,    180.995,     425.149,    427.268,
   57,      140.8,    181.048,     427.788,    428.683,
   58,      143.3,    181.036,     428.643,    429.995,
   59,      145.8,    181.051,     431.369,    431.208,
   60,      148.3,    181.040,     431.672,    432.327,
   61,      150.8,    181.007,     433.134,    433.358,
   62,      153.3,    180.984,     434.845,    434.305,
   63,      155.8,    181.040,     435.539,    435.173,
   64,      158.3,    180.973,     436.529,    435.966,
   65,      160.8,    180.984,     437.607,    436.688,
   66,      163.3,    180.898,     439.474,    437.344,
   67,      165.8,    181.070,     441.266,    437.936,
   68,      168.3,    181.036,     440.795,    438.468,
   69,      170.8,    181.077,     441.248,    438.945,
   70,      175.8,    180.025,     440.435,    440.683,
----,
DateTime:        , 2025/11/20, 15:06:28, 1763665588739,
RFID_EPC:        ,--Not Acquired--,
RFID_UserData:   ,--Not Acquired--,
Barcode:         ,--Not Acquired--,
PIF:,            0.00,
PARs:,            0.0,     0.0,     0.0,     0.0,     0.0,     0.0,
Light:,           0.0,     0.0,     0.0,     0.0,     0.0,     0.0,
Cycles:,            1,
                    1,      69,      70,      70,
Lamps:,        #10000,
Gain:,              2,     100, 
SNR_raw:,     359.71,
Position:,        0.0,              0.0,   NoData,
DataPt,      Time(us),   EX,         EM,       Fit,
==========,==========,==========,==========,=========,
    0,        0.0,      0.000,       0.000,    124.234,
    1,        0.8,    161.915,     125.374,    129.403,
    2,        3.3,    180.646,     137.015,    135.503,
    3,        5.8,    180.747,     147.444,    141.930,
    4,        8.3,    180.777,     152.121,    148.639,
    5,       10.8,    180.706,     157.991,    155.588,
    6,       13.3,    180.728,     165.718,    162.742,
    7,       15.8,    180.792,     171.468,    170.071,
    8,       18.3,    180.818,     176.420,    177.542,
    9,       20.8,    180.762,     183.943,    185.125,
   10,       23.3,    180.784,     190.005,    192.795,
   11,       25.8,    180.844,     198.790,    200.530,
   12,       28.3,    180.882,     205.107,    208.305,
   13,       30.8,    180.945,     212.772,    216.101,
   14,       33.3,    180.930,     220.527,    223.895,
   15,       35.8,    180.919,     228.556,    231.667,
   16,       38.3,    180.938,     236.269,    239.401,
   17,       40.8,    180.915,     244.037,    247.079,
   18,       43.3,    180.859,     251.854,    254.685,
   19,       45.8,    180.941,     260.582,    262.208,
   20,       48.3,    180.874,     267.866,    269.629,
   21,       50.8,    180.870,     275.335,    276.940,
   22,       53.3,    181.031,     283.101,    284.131,
   23,       55.8,    180.967,     291.489,    291.186,
   24,       58.3,    180.941,     299.268,    298.097,
   25,       60.8,    181.012,     305.228,    304.857,
   26,       63.3,    180.971,     312.481,    311.456,
   27,       65.8,    180.994,     317.967,    317.888,
   28,       68.3,    180.971,     326.019,    324.145,
   29,       70.8,    181.001,     332.595,    330.224,
   30,       73.3,    180.949,     338.494,    336.119,
   31,       75.8,    180.956,     343.177,    341.827,
   32,       78.3,    180.934,     349.575,    347.346,
   33,       80.8,    180.975,     354.469,    352.673,
   34,       83.3,    181.012,     360.473,    357.809,
   35,       85.8,    180.952,     365.289,    362.751,
   36,       88.3,    180.975,     367.731,    367.501,
   37,       90.8,    180.994,     373.494,    372.060,
   38,       93.3,    181.012,     376.770,    376.428,
   39,       95.8,    181.012,     381.190,    380.608,
   40,       98.3,    180.960,     384.616,    384.602,
   41,      100.8,    180.934,     387.711,    388.413,
   42,      103.3,    180.956,     391.808,    392.044,
   43,      105.8,    180.911,     394.945,    395.500,
   44,      108.3,    180.990,     398.641,    398.785,
   45,      110.8,    181.001,     401.379,    401.903,
   46,      113.3,    181.020,     405.205,    404.858,
   47,      115.8,    180.982,     406.670,    407.656,
   48,      118.3,    181.068,     409.514,    410.300,
   49,      120.8,    181.061,     412.293,    412.796,
   50,      123.3,    181.020,     414.043,    415.150,
   51,      125.8,    181.035,     415.666,    417.366,
   52,      128.3,    180.964,     418.592,    419.449,
   53,      130.8,    180.934,     421.149,    421.404,
   54,      133.3,    180.938,     421.693,    423.237,
   55,      135.8,    180.971,     424.377,    424.953,
   56,      138.3,    181.042,     426.144,    426.556,
   57,      140.8,    181.083,     427.980,    428.051,
   58,      143.3,    181.076,     428.826,    429.444,
   59,      145.8,    181.042,     429.182,    430.740,
   60,      148.3,    181.020,     430.064,    431.942,
   61,      150.8,    181.050,     431.650,    433.055,
   62,      153.3,    181.016,     433.664,    434.083,
   63,      155.8,    180.956,     435.188,    435.032,
   64,      158.3,    180.923,     435.822,    435.904,
   65,      160.8,    180.926,     435.260,    436.704,
   66,      163.3,    181.020,     437.522,    437.435,
   67,      165.8,    181.005,     439.215,    438.101,
   68,      168.3,    181.064,     440.175,    438.704,
   69,      170.8,    181.038,     441.619,    439.250,
   70,      175.8,    179.944,     441.551,    441.594,
----,
DateTime:        , 2025/11/20, 15:06:30, 1763665590465,
RFID_EPC:        ,--Not Acquired--,
RFID_UserData:   ,--Not Acquired--,
Barcode:         ,--Not Acquired--,
PIF:,            0.00,
PARs:,            0.0,     0.0,     0.0,     0.0,     0.0,     0.0,
Light:,           0.0,     0.0,     0.0,     0.0,     0.0,     0.0,
Cycles:,            1,
                    1,      69,      70,      70,
Lamps:,        #10000,
Gain:,              2,     100, 
SNR_raw:,     272.56,
Position:,        0.0,              0.0,   NoData,
DataPt,      Time(us),   EX,         EM,       Fit,
==========,==========,==========,==========,=========,
    0,        0.0,      0.000,       0.000,    126.464,
    1,        0.8,    161.972,     124.096,    130.875,
    2,        3.3,    180.642,     136.270,    136.232,
    3,        5.8,    180.731,     147.180,    142.024,
    4,        8.3,    180.743,     152.427,    148.198,
    5,       10.8,    180.743,     157.959,    154.706,
    6,       13.3,    180.761,     164.582,    161.504,
    7,       15.8,    180.832,     170.324,    168.551,
    8,       18.3,    180.862,     176.654,    175.809,
    9,       20.8,    180.851,     182.194,    183.242,
   10,       23.3,    180.840,     188.012,    190.815,
   11,       25.8,    180.829,     197.701,    198.497,
   12,       28.3,    180.873,     204.287,    206.262,
   13,       30.8,    180.832,     212.904,    214.079,
   14,       33.3,    180.840,     221.190,    221.924,
   15,       35.8,    180.847,     227.817,    229.773,
   16,       38.3,    180.866,     235.534,    237.604,
   17,       40.8,    180.836,     242.761,    245.395,
   18,       43.3,    180.948,     251.453,    253.130,
   19,       45.8,    180.967,     259.993,    260.787,
   20,       48.3,    180.970,     267.447,    268.352,
   21,       50.8,    181.038,     275.081,    275.808,
   22,       53.3,    180.944,     283.236,    283.138,
   23,       55.8,    180.907,     289.652,    290.331,
   24,       58.3,    180.896,     298.238,    297.376,
   25,       60.8,    180.970,     305.299,    304.263,
   26,       63.3,    180.911,     313.691,    310.982,
   27,       65.8,    180.944,     318.606,    317.525,
   28,       68.3,    180.911,     326.128,    323.884,
   29,       70.8,    180.922,     331.082,    330.055,
   30,       73.3,    180.970,     337.624,    336.032,
   31,       75.8,    181.038,     343.023,    341.813,
   32,       78.3,    181.041,     347.987,    347.395,
   33,       80.8,    181.015,     354.943,    352.774,
   34,       83.3,    181.034,     359.049,    357.951,
   35,       85.8,    180.982,     364.954,    362.925,
   36,       88.3,    181.060,     368.938,    367.697,
   37,       90.8,    180.952,     372.199,    372.269,
   38,       93.3,    180.903,     377.826,    376.642,
   39,       95.8,    180.933,     381.909,    380.819,
   40,       98.3,    180.974,     385.414,    384.804,
   41,      100.8,    181.038,     388.870,    388.599,
   42,      103.3,    180.959,     391.248,    392.210,
   43,      105.8,    180.985,     395.888,    395.640,
   44,      108.3,    181.105,     397.836,    398.893,
   45,      110.8,    180.997,     400.284,    401.977,
   46,      113.3,    181.049,     403.482,    404.895,
   47,      115.8,    180.989,     406.931,    407.653,
   48,      118.3,    180.982,     409.158,    410.256,
   49,      120.8,    180.963,     411.687,    412.710,
   50,      123.3,    180.955,     414.467,    415.021,
   51,      125.8,    180.952,     416.133,    417.193,
   52,      128.3,    181.038,     417.593,    419.232,
   53,      130.8,    181.049,     420.329,    421.143,
   54,      133.3,    180.993,     421.840,    422.934,
   55,      135.8,    181.053,     424.186,    424.608,
   56,      138.3,    180.978,     424.914,    426.172,
   57,      140.8,    181.008,     427.606,    427.630,
   58,      143.3,    180.997,     428.185,    428.987,
   59,      145.8,    181.000,     428.176,    430.249,
   60,      148.3,    180.937,     432.471,    431.420,
   61,      150.8,    180.941,     432.463,    432.505,
   62,      153.3,    180.978,     434.031,    433.506,
   63,      155.8,    181.041,     433.879,    434.429,
   64,      158.3,    181.056,     435.500,    435.278,
   65,      160.8,    181.038,     436.926,    436.058,
   66,      163.3,    181.030,     436.668,    436.771,
   67,      165.8,    181.049,     438.003,    437.422,
   68,      168.3,    181.030,     438.877,    438.015,
   69,      170.8,    180.948,     439.353,    438.554,
   70,      175.8,    179.936,     443.259,    442.810,
----,
DateTime:        , 2025/11/20, 15:06:32, 1763665592270,
RFID_EPC:        ,--Not Acquired--,
RFID_UserData:   ,--Not Acquired--,
Barcode:         ,--Not Acquired--,
PIF:,            0.00,
PARs:,            0.0,     0.0,     0.0,     0.0,     0.0,     0.0,
Light:,           0.0,     0.0,     0.0,     0.0,     0.0,     0.0,
Cycles:,            1,
                    1,      69,      70,      70,
Lamps:,        #10000,
Gain:,              2,     100, 
SNR_raw:,     220.63,
Position:,        0.0,              0.0,   NoData,
DataPt,      Time(us),   EX,         EM,       Fit,
==========,==========,==========,==========,=========,
    0,        0.0,      0.000,       0.000,    125.113,
    1,        0.8,    161.948,     124.423,    129.741,
    2,        3.3,    180.619,     135.587,    135.276,
    3,        5.8,    180.638,     145.595,    141.182,
    4,        8.3,    180.649,     151.676,    147.419,
    5,       10.8,    180.720,     155.489,    153.948,
    6,       13.3,    180.671,     162.173,    160.731,
    7,       15.8,    180.753,     169.015,    167.737,
    8,       18.3,    180.787,     174.238,    174.934,
    9,       20.8,    180.768,     182.554,    182.290,
   10,       23.3,    180.895,     189.613,    189.783,
   11,       25.8,    180.862,     195.730,    197.381,
   12,       28.3,    180.895,     203.986,    205.061,
   13,       30.8,    180.877,     210.917,    212.798,
   14,       33.3,    180.813,     220.117,    220.567,
   15,       35.8,    180.824,     225.910,    228.349,
   16,       38.3,    180.918,     234.637,    236.126,
   17,       40.8,    180.925,     243.471,    243.876,
   18,       43.3,    180.914,     250.395,    251.580,
   19,       45.8,    180.929,     258.113,    259.222,
   20,       48.3,    180.974,     265.232,    266.784,
   21,       50.8,    180.947,     274.113,    274.251,
   22,       53.3,    180.962,     281.826,    281.608,
   23,       55.8,    181.000,     289.227,    288.842,
   24,       58.3,    180.962,     297.299,    295.940,
   25,       60.8,    180.914,     303.736,    302.889,
   26,       63.3,    180.903,     312.046,    309.680,
   27,       65.8,    180.914,     317.002,    316.304,
   28,       68.3,    180.921,     324.450,    322.753,
   29,       70.8,    180.929,     331.069,    329.020,
   30,       73.3,    180.959,     335.988,    335.100,
   31,       75.8,    180.989,     342.839,    340.986,
   32,       78.3,    181.071,     347.378,    346.677,
   33,       80.8,    180.933,     352.341,    352.165,
   34,       83.3,    181.093,     359.484,    357.452,
   35,       85.8,    180.985,     364.395,    362.535,
   36,       88.3,    181.052,     369.507,    367.415,
   37,       90.8,    180.925,     373.635,    372.090,
   38,       93.3,    180.944,     376.913,    376.563,
   39,       95.8,    180.906,     381.413,    380.835,
   40,       98.3,    180.921,     385.803,    384.910,
   41,      100.8,    180.951,     388.226,    388.792,
   42,      103.3,    181.063,     393.509,    392.483,
   43,      105.8,    181.022,     394.703,    395.987,
   44,      108.3,    181.022,     398.294,    399.310,
   45,      110.8,    180.989,     401.407,    402.456,
   46,      113.3,    181.097,     403.375,    405.429,
   47,      115.8,    180.996,     407.744,    408.236,
   48,      118.3,    180.996,     409.401,    410.882,
   49,      120.8,    180.985,     411.913,    413.373,
   50,      123.3,    180.929,     415.080,    415.713,
   51,      125.8,    180.959,     417.775,    417.910,
   52,      128.3,    181.011,     419.035,    419.969,
   53,      130.8,    181.022,     420.391,    421.896,
   54,      133.3,    181.056,     422.522,    423.696,
   55,      135.8,    181.086,     422.728,    425.374,
   56,      138.3,    181.056,     425.283,    426.938,
   57,      140.8,    181.048,     428.891,    428.392,
   58,      143.3,    181.048,     429.996,    429.742,
   59,      145.8,    180.996,     430.672,    430.992,
   60,      148.3,    181.007,     432.027,    432.148,
   61,      150.8,    181.033,     434.450,    433.215,
   62,      153.3,    181.015,     434.495,    434.197,
   63,      155.8,    181.048,     434.967,    435.099,
   64,      158.3,    180.985,     435.948,    435.925,
   65,      160.8,    181.078,     438.485,    436.679,
   66,      163.3,    181.037,     438.860,    437.366,
   67,      165.8,    181.037,     439.689,    437.989,
   68,      168.3,    181.048,     441.319,    438.551,
   69,      170.8,    181.033,     441.631,    439.058,
   70,      175.8,    179.939,     441.711,    441.706,
----,
DateTime:        , 2025/11/20, 15:06:34, 1763665594020,
RFID_EPC:        ,--Not Acquired--,
RFID_UserData:   ,--Not Acquired--,
Barcode:         ,--Not Acquired--,
PIF:,            0.00,
PARs:,            0.0,     0.0,     0.0,     0.0,     0.0,     0.0,
Light:,           0.0,     0.0,     0.0,     0.0,     0.0,     0.0,
Cycles:,            1,
                    1,      69,      70,      70,
Lamps:,        #10000,
Gain:,              2,     100, 
SNR_raw:,     342.79,
Position:,        0.0,              0.0,   NoData,
DataPt,      Time(us),   EX,         EM,       Fit,
==========,==========,==========,==========,=========,
    0,        0.0,      0.000,       0.000,    123.097,
    1,        0.8,    161.890,     125.085,    128.610,
    2,        3.3,    180.711,     136.730,    135.010,
    3,        5.8,    180.756,     147.160,    141.656,
    4,        8.3,    180.718,     152.447,    148.517,
    5,       10.8,    180.785,     157.645,    155.569,
    6,       13.3,    180.789,     163.450,    162.784,
    7,       15.8,    180.763,     171.219,    170.139,
    8,       18.3,    180.770,     177.850,    177.610,
    9,       20.8,    180.797,     185.015,    185.177,
   10,       23.3,    180.845,     192.983,    192.819,
   11,       25.8,    180.849,     199.061,    200.515,
   12,       28.3,    180.860,     205.407,    208.247,
   13,       30.8,    180.927,     214.451,    215.997,
   14,       33.3,    180.879,     221.419,    223.744,
   15,       35.8,    180.845,     228.925,    231.471,
   16,       38.3,    181.028,     236.151,    239.170,
   17,       40.8,    180.897,     243.508,    246.816,
   18,       43.3,    180.841,     251.325,    254.394,
   19,       45.8,    180.864,     259.864,    261.895,
   20,       48.3,    180.957,     268.848,    269.306,
   21,       50.8,    180.849,     275.645,    276.610,
   22,       53.3,    180.961,     282.658,    283.801,
   23,       55.8,    180.950,     289.860,    290.865,
   24,       58.3,    180.976,     298.659,    297.793,
   25,       60.8,    180.987,     304.442,    304.576,
   26,       63.3,    181.017,     312.678,    311.204,
   27,       65.8,    181.050,     320.077,    317.672,
   28,       68.3,    181.013,     326.496,    323.970,
   29,       70.8,    180.920,     331.362,    330.091,
   30,       73.3,    180.965,     337.359,    336.035,
   31,       75.8,    180.901,     342.729,    341.794,
   32,       78.3,    180.909,     349.071,    347.367,
   33,       80.8,    180.946,     354.526,    352.752,
   34,       83.3,    180.980,     359.433,    357.948,
   35,       85.8,    181.103,     364.710,    362.954,
   36,       88.3,    181.017,     368.198,    367.767,
   37,       90.8,    180.994,     373.768,    372.389,
   38,       93.3,    180.976,     377.122,    376.820,
   39,       95.8,    181.054,     381.101,    381.064,
   40,       98.3,    180.946,     385.751,    385.121,
   41,      100.8,    180.942,     389.351,    388.995,
   42,      103.3,    180.931,     392.691,    392.688,
   43,      105.8,    180.924,     396.024,    396.204,
   44,      108.3,    180.942,     398.746,    399.547,
   45,      110.8,    180.901,     402.153,    402.722,
   46,      113.3,    180.991,     404.717,    405.732,
   47,      115.8,    181.009,     407.437,    408.583,
   48,      118.3,    181.017,     409.907,    411.279,
   49,      120.8,    180.965,     412.235,    413.825,
   50,      123.3,    181.028,     414.300,    416.226,
   51,      125.8,    181.032,     415.673,    418.487,
   52,      128.3,    181.021,     419.842,    420.613,
   53,      130.8,    180.924,     422.001,    422.610,
   54,      133.3,    180.972,     422.993,    424.482,
   55,      135.8,    181.028,     425.072,    426.234,
   56,      138.3,    181.006,     427.058,    427.872,
   57,      140.8,    181.077,     428.548,    429.401,
   58,      143.3,    181.032,     429.206,    430.824,
   59,      145.8,    181.043,     432.218,    432.148,
   60,      148.3,    181.024,     433.367,    433.377,
   61,      150.8,    181.021,     433.376,    434.515,
   62,      153.3,    180.976,     435.417,    435.567,
   63,      155.8,    181.032,     436.387,    436.537,
   64,      158.3,    180.965,     437.378,    437.429,
   65,      160.8,    181.043,     438.017,    438.247,
   66,      163.3,    180.983,     438.438,    438.995,
   67,      165.8,    180.953,     440.998,    439.677,
   68,      168.3,    181.095,     440.652,    440.294,
   69,      170.8,    181.039,     443.826,    440.853,
   70,      175.8,    180.001,     443.536,    443.020,
----,
DateTime:        , 2025/11/20, 15:06:35, 1763665595755,
RFID_EPC:        ,--Not Acquired--,
RFID_UserData:   ,--Not Acquired--,
Barcode:         ,--Not Acquired--,
PIF:,            0.00,
PARs:,            0.0,     0.0,     0.0,     0.0,     0.0,     0.0,
Light:,           0.0,     0.0,     0.0,     0.0,     0.0,     0.0,
Cycles:,            1,
                    1,      69,      70,      70,
Lamps:,        #10000,
Gain:,              2,     100, 
SNR_raw:,     361.53,
Position:,        0.0,              0.0,   NoData,
DataPt,      Time(us),   EX,         EM,       Fit,
==========,==========,==========,==========,=========,
    0,        0.0,      0.000,       0.000,    125.765,
    1,        0.8,    161.833,     124.202,    130.344,
    2,        3.3,    180.576,     135.798,    135.851,
    3,        5.8,    180.587,     146.190,    141.754,
    4,        8.3,    180.755,     151.310,    148.010,
    5,       10.8,    180.807,     156.797,    154.575,
    6,       13.3,    180.841,     163.127,    161.409,
    7,       15.8,    180.841,     169.763,    168.474,
    8,       18.3,    180.863,     175.824,    175.735,
    9,       20.8,    180.848,     182.197,    183.161,
   10,       23.3,    180.859,     189.650,    190.721,
   11,       25.8,    180.844,     197.131,    198.385,
   12,       28.3,    180.852,     205.970,    206.128,
   13,       30.8,    180.878,     211.745,    213.925,
   14,       33.3,    180.867,     220.052,    221.750,
   15,       35.8,    180.870,     227.787,    229.581,
   16,       38.3,    180.923,     234.907,    237.399,
   17,       40.8,    180.971,     243.961,    245.183,
   18,       43.3,    180.971,     252.526,    252.913,
   19,       45.8,    180.990,     259.407,    260.571,
   20,       48.3,    180.919,     267.247,    268.140,
   21,       50.8,    180.912,     275.549,    275.604,
   22,       53.3,    180.934,     282.976,    282.950,
   23,       55.8,    180.915,     291.020,    290.165,
   24,       58.3,    180.923,     298.470,    297.237,
   25,       60.8,    180.938,     304.801,    304.155,
   26,       63.3,    180.956,     312.783,    310.910,
   27,       65.8,    180.941,     318.611,    317.493,
   28,       68.3,    180.986,     325.439,    323.897,
   29,       70.8,    180.953,     331.026,    330.114,
   30,       73.3,    181.035,     337.504,    336.142,
   31,       75.8,    181.042,     343.014,    341.975,
   32,       78.3,    181.031,     348.007,    347.609,
   33,       80.8,    180.919,     354.302,    353.040,
   34,       83.3,    180.926,     359.815,    358.270,
   35,       85.8,    180.982,     363.847,    363.298,
   36,       88.3,    180.953,     368.605,    368.123,
   37,       90.8,    180.982,     372.964,    372.746,
   38,       93.3,    181.046,     376.976,    377.171,
   39,       95.8,    180.997,     382.602,    381.397,
   40,       98.3,    180.986,     384.836,    385.430,
   41,      100.8,    181.027,     390.549,    389.271,
   42,      103.3,    181.027,     393.035,    392.925,
   43,      105.8,    180.949,     396.521,    396.397,
   44,      108.3,    180.945,     398.463,    399.690,
   45,      110.8,    180.986,     401.964,    402.809,
   46,      113.3,    180.870,     404.433,    405.761,
   47,      115.8,    180.975,     407.515,    408.549,
   48,      118.3,    181.038,     410.686,    411.179,
   49,      120.8,    181.020,     413.214,    413.657,
   50,      123.3,    181.046,     415.917,    415.989,
   51,      125.8,    181.072,     415.856,    418.180,
   52,      128.3,    181.020,     418.462,    420.236,
   53,      130.8,    181.031,     420.370,    422.162,
   54,      133.3,    181.061,     422.234,    423.964,
   55,      135.8,    180.990,     424.885,    425.649,
   56,      138.3,    180.897,     426.763,    427.221,
   57,      140.8,    181.027,     426.455,    428.683,
   58,      143.3,    180.938,     428.324,    430.044,
   59,      145.8,    180.971,     429.902,    431.307,
   60,      148.3,    181.057,     432.184,    432.475,
   61,      150.8,    181.035,     431.685,    433.556,
   62,      153.3,    181.012,     433.672,    434.553,
   63,      155.8,    181.046,     435.801,    435.471,
   64,      158.3,    180.994,     436.203,    436.314,
   65,      160.8,    181.027,     437.227,    437.086,
   66,      163.3,    180.953,     438.513,    437.791,
   67,      165.8,    180.956,     440.438,    438.433,
   68,      168.3,    181.009,     440.311,    439.014,
   69,      170.8,    180.956,     441.819,    439.540,
   70,      175.8,    180.012,     443.529,    443.140,
----,
DateTime:        , 2025/11/20, 15:06:37, 1763665597499,
RFID_EPC:        ,--Not Acquired--,
RFID_UserData:   ,--Not Acquired--,
Barcode:         ,--Not Acquired--,
PIF:,            0.00,
PARs:,            0.0,     0.0,     0.0,     0.0,     0.0,     0.0,
Light:,           0.0,     0.0,     0.0,     0.0,     0.0,     0.0,
Cycles:,            1,
                    1,      69,      70,      70,
Lamps:,        #10000,
Gain:,              2,     100, 
SNR_raw:,     362.74,
Position:,        0.0,              0.0,   NoData,
DataPt,      Time(us),   EX,         EM,       Fit,
==========,==========,==========,==========,=========,
    0,        0.0,      0.000,       0.000,    126.780,
    1,        0.8,    161.745,     125.197,    131.458,
    2,        3.3,    180.592,     136.846,    137.073,
    3,        5.8,    180.611,     147.278,    143.075,
    4,        8.3,    180.738,     152.984,    149.422,
    5,       10.8,    180.768,     158.491,    156.068,
    6,       13.3,    180.797,     163.719,    162.974,
    7,       15.8,    180.861,     171.126,    170.102,
    8,       18.3,    180.820,     178.631,    177.415,
    9,       20.8,    180.883,     184.649,    184.883,
   10,       23.3,    180.876,     191.568,    192.475,
   11,       25.8,    180.801,     199.943,    200.159,
   12,       28.3,    180.809,     206.019,    207.911,
   13,       30.8,    180.831,     214.288,    215.706,
   14,       33.3,    180.853,     220.897,    223.520,
   15,       35.8,    180.895,     228.033,    231.332,
   16,       38.3,    180.932,     236.277,    239.120,
   17,       40.8,    180.906,     242.944,    246.863,
   18,       43.3,    180.857,     252.133,    254.542,
   19,       45.8,    181.010,     261.311,    262.146,
   20,       48.3,    180.965,     269.665,    269.652,
   21,       50.8,    180.984,     277.649,    277.049,
   22,       53.3,    181.010,     283.962,    284.321,
   23,       55.8,    180.954,     292.063,    291.457,
   24,       58.3,    180.917,     298.756,    298.444,
   25,       60.8,    180.913,     306.224,    305.273,
   26,       63.3,    180.924,     314.496,    311.936,
   27,       65.8,    180.883,     320.096,    318.424,
   28,       68.3,    180.984,     326.272,    324.733,
   29,       70.8,    181.010,     332.854,    330.855,
   30,       73.3,    180.883,     338.892,    336.785,
   31,       75.8,    180.973,     343.698,    342.521,
   32,       78.3,    181.029,     349.668,    348.060,
   33,       80.8,    180.936,     354.546,    353.399,
   34,       83.3,    180.947,     360.327,    358.538,
   35,       85.8,    180.984,     364.397,    363.477,
   36,       88.3,    181.003,     370.160,    368.217,
   37,       90.8,    180.992,     373.222,    372.759,
   38,       93.3,    180.958,     377.712,    377.104,
   39,       95.8,    181.010,     380.918,    381.256,
   40,       98.3,    181.066,     385.770,    385.218,
   41,      100.8,    181.033,     389.709,    388.992,
   42,      103.3,    181.070,     392.666,    392.584,
   43,      105.8,    181.007,     396.395,    395.997,
   44,      108.3,    180.973,     398.955,    399.236,
   45,      110.8,    181.018,     401.618,    402.306,
   46,      113.3,    180.954,     404.522,    405.212,
   47,      115.8,    180.984,     407.771,    407.959,
   48,      118.3,    180.999,     409.394,    410.553,
   49,      120.8,    180.999,     411.052,    412.998,
   50,      123.3,    181.018,     414.876,    415.301,
   51,      125.8,    181.081,     417.216,    417.466,
   52,      128.3,    181.025,     417.621,    419.500,
   53,      130.8,    181.010,     420.971,    421.408,
   54,      133.3,    181.029,     423.137,    423.196,
   55,      135.8,    180.977,     422.706,    424.868,
   56,      138.3,    180.932,     424.193,    426.430,
   57,      140.8,    181.033,     425.890,    427.887,
   58,      143.3,    181.036,     428.367,    429.243,
   59,      145.8,    180.973,     429.899,    430.504,
   60,      148.3,    180.980,     432.091,    431.675,
   61,      150.8,    181.048,     431.931,    432.758,
   62,      153.3,    181.044,     433.044,    433.760,
   63,      155.8,    181.051,     435.236,    434.685,
   64,      158.3,    181.055,     435.779,    435.536,
   65,      160.8,    181.063,     437.418,    436.317,
   66,      163.3,    181.018,     438.355,    437.033,
   67,      165.8,    181.007,     438.106,    437.688,
   68,      168.3,    180.980,     440.379,    438.284,
   69,      170.8,    180.988,     441.466,    438.824,
   70,      175.8,    179.905,     442.791,    442.384,
