----,
DateTime:        , 2025/11/19, 17:14:32, 1763586872522,
RFID_EPC:        ,--Not Acquired--,
RFID_UserData:   ,--Not Acquired--,
Barcode:         ,--Not Acquired--,
PIF:,            0.00,
PARs:,            0.0,     0.0,     0.0,     0.0,     0.0,     0.0,
Light:,           0.0,     0.0,     0.0,     0.0,     0.0,     0.0,
Cycles:,            1,
                    1,      69,      70,      70,
Lamps:,        #10000,
Gain:,              2,      50, 
SNR_raw:,     367.36,
Position:,        0.0,              0.0,   NoData,
DataPt,      Time(us),   EX,         EM,       Fit,
==========,==========,==========,==========,=========,
    0,        0.0,      0.000,       0.000,    200.711,
    1,        0.8,    161.020,     203.391,    207.715,
    2,        3.3,    180.025,     217.273,    216.042,
    3,        5.8,    180.025,     229.690,    224.787,
    4,        8.3,    180.346,     237.044,    233.832,
    5,       10.8,    180.229,     246.075,    243.051,
    6,       13.3,    180.375,     253.361,    252.367,
    7,       15.8,    180.390,     259.992,    261.704,
    8,       18.3,    180.609,     268.259,    271.009,
    9,       20.8,    180.448,     277.642,    280.224,
   10,       23.3,    180.572,     287.696,    289.319,
   11,       25.8,    180.609,     296.220,    298.261,
   12,       28.3,    180.667,     304.150,    307.026,
   13,       30.8,    180.529,     313.524,    315.588,
   14,       33.3,    180.711,     322.615,    323.941,
   15,       35.8,    180.835,     331.241,    332.071,
   16,       38.3,    180.930,     339.911,    339.968,
   17,       40.8,    180.915,     347.124,    347.625,
   18,       43.3,    180.930,     355.110,    355.036,
   19,       45.8,    180.915,     362.877,    362.199,
   20,       48.3,    180.944,     371.108,    369.114,
   21,       50.8,    180.923,     376.681,    375.780,
   22,       53.3,    180.893,     383.651,    382.199,
   23,       55.8,    180.901,     389.717,    388.374,
   24,       58.3,    180.923,     395.749,    394.308,
   25,       60.8,    180.893,     401.618,    400.004,
   26,       63.3,    180.952,     407.015,    405.469,
   27,       65.8,    181.025,     411.822,    410.706,
   28,       68.3,    181.090,     417.471,    415.722,
   29,       70.8,    181.039,     422.008,    420.521,
   30,       73.3,    181.032,     425.892,    425.110,
   31,       75.8,    181.039,     431.122,    429.495,
   32,       78.3,    181.149,     434.174,    433.682,
   33,       80.8,    181.112,     438.402,    437.678,
   34,       83.3,    180.937,     443.801,    441.489,
   35,       85.8,    181.039,     444.655,    445.121,
   36,       88.3,    181.054,     449.038,    448.581,
   37,       90.8,    181.098,     451.414,    451.876,
   38,       93.3,    181.214,     454.434,    455.010,
   39,       95.8,    181.171,     458.132,    457.993,
   40,       98.3,    181.156,     459.273,    460.829,
   41,      100.8,    181.134,     462.917,    463.525,
   42,      103.3,    181.163,     465.050,    466.085,
   43,      105.8,    181.098,     466.875,    468.518,
   44,      108.3,    181.178,     469.152,    470.826,
   45,      110.8,    181.083,     471.607,    473.018,
   46,      113.3,    180.988,     474.064,    475.098,
   47,      115.8,    181.258,     476.392,    477.068,
   48,      118.3,    181.054,     478.311,    478.938,
   49,      120.8,    181.112,     480.089,    480.709,
   50,      123.3,    181.236,     480.312,    482.387,
   51,      125.8,    181.244,     483.328,    483.976,
   52,      128.3,    181.068,     483.795,    485.483,
   53,      130.8,    181.171,     486.006,    486.910,
   54,      133.3,    181.149,     487.721,    488.260,
   55,      135.8,    181.134,     489.140,    489.538,
   56,      138.3,    181.302,     488.412,    490.746,
   57,      140.8,    181.156,     489.633,    491.891,
   58,      143.3,    181.120,     493.045,    492.974,
   59,      145.8,    181.178,     493.162,    493.998,
   60,      148.3,    181.426,     494.141,    494.962,
   61,      150.8,    181.156,     497.637,    495.879,
   62,      153.3,    181.324,     498.004,    496.743,
   63,      155.8,    181.149,     499.038,    497.563,
   64,      158.3,    181.134,     499.078,    498.338,
   65,      160.8,    181.090,     500.579,    499.071,
   66,      163.3,    181.178,     501.717,    499.762,
   67,      165.8,    181.251,     501.515,    500.413,
   68,      168.3,    181.105,     503.299,    501.032,
   69,      170.8,    181.163,     502.033,    501.615,
   70,      175.8,    179.733,     506.027,    505.351,
----,
DateTime:        , 2025/11/19, 17:14:35, 1763586875078,
RFID_EPC:        ,--Not Acquired--,
RFID_UserData:   ,--Not Acquired--,
Barcode:         ,--Not Acquired--,
PIF:,            0.00,
PARs:,            0.0,     0.0,     0.0,     0.0,     0.0,     0.0,
Light:,           0.0,     0.0,     0.0,     0.0,     0.0,     0.0,
Cycles:,            1,
                    1,      69,      70,      70,
Lamps:,        #10000,
Gain:,              2,      50, 
SNR_raw:,     395.40,
Position:,        0.0,              0.0,   NoData,
DataPt,      Time(us),   EX,         EM,       Fit,
==========,==========,==========,==========,=========,
    0,        0.0,      0.000,       0.000,    225.499,
    1,        0.8,    161.228,     227.008,    232.563,
    2,        3.3,    180.022,     241.373,    240.562,
    3,        5.8,    180.153,     254.228,    248.649,
    4,        8.3,    180.204,     259.705,    256.771,
    5,       10.8,    180.226,     266.887,    264.883,
    6,       13.3,    180.277,     273.468,    272.948,
    7,       15.8,    180.379,     279.966,    280.936,
    8,       18.3,    180.394,     287.427,    288.816,
    9,       20.8,    180.387,     295.476,    296.565,
   10,       23.3,    180.620,     302.292,    304.171,
   11,       25.8,    180.605,     309.791,    311.611,
   12,       28.3,    180.686,     318.232,    318.874,
   13,       30.8,    180.715,     325.098,    325.948,
   14,       33.3,    180.773,     332.737,    332.826,
   15,       35.8,    180.620,     338.279,    339.496,
   16,       38.3,    180.708,     345.586,    345.960,
   17,       40.8,    180.977,     350.873,    352.219,
   18,       43.3,    180.897,     357.385,    358.264,
   19,       45.8,    180.890,     363.481,    364.095,
   20,       48.3,    181.058,     370.876,    369.717,
   21,       50.8,    181.058,     376.400,    375.128,
   22,       53.3,    180.941,     381.616,    380.329,
   23,       55.8,    180.985,     386.497,    385.325,
   24,       58.3,    180.963,     391.517,    390.119,
   25,       60.8,    180.955,     396.230,    394.716,
   26,       63.3,    180.919,     400.179,    399.118,
   27,       65.8,    180.897,     403.821,    403.333,
   28,       68.3,    181.079,     407.832,    407.365,
   29,       70.8,    181.087,     411.681,    411.219,
   30,       73.3,    181.123,     414.911,    414.901,
   31,       75.8,    181.160,     418.691,    418.416,
   32,       78.3,    181.087,     423.278,    421.769,
   33,       80.8,    181.131,     425.660,    424.967,
   34,       83.3,    181.036,     428.369,    428.014,
   35,       85.8,    181.116,     430.663,    430.916,
   36,       88.3,    181.123,     433.683,    433.679,
   37,       90.8,    181.079,     435.996,    436.309,
   38,       93.3,    181.072,     440.156,    438.810,
   39,       95.8,    180.985,     441.474,    441.188,
   40,       98.3,    181.247,     442.490,    443.448,
   41,      100.8,    181.225,     445.302,    445.596,
   42,      103.3,    181.233,     447.491,    447.635,
   43,      105.8,    180.941,     448.213,    449.573,
   44,      108.3,    181.247,     451.317,    451.411,
   45,      110.8,    181.109,     453.043,    453.156,
   46,      113.3,    181.160,     453.191,    454.811,
   47,      115.8,    181.072,     456.724,    456.381,
   48,      118.3,    181.050,     457.884,    457.870,
   49,      120.8,    181.203,     458.601,    459.280,
   50,      123.3,    181.145,     460.128,    460.617,
   51,      125.8,    181.072,     460.038,    461.885,
   52,      128.3,    181.109,     462.706,    463.085,
   53,      130.8,    181.313,     463.839,    464.220,
   54,      133.3,    181.167,     464.765,    465.297,
   55,      135.8,    181.072,     466.113,    466.317,
   56,      138.3,    181.196,     468.001,    467.282,
   57,      140.8,    181.240,     467.888,    468.194,
   58,      143.3,    181.028,     468.435,    469.060,
   59,      145.8,    181.327,     470.971,    469.876,
   60,      148.3,    181.203,     470.190,    470.650,
   61,      150.8,    181.087,     470.493,    471.384,
   62,      153.3,    181.203,     472.673,    472.076,
   63,      155.8,    181.262,     472.521,    472.730,
   64,      158.3,    181.247,     473.938,    473.349,
   65,      160.8,    181.065,     474.968,    473.937,
   66,      163.3,    181.218,     475.118,    474.490,
   67,      165.8,    181.145,     476.690,    475.015,
   68,      168.3,    181.306,     477.371,    475.509,
   69,      170.8,    181.007,     477.331,    475.979,
   70,      175.8,    179.686,     478.890,    478.703,
----,
DateTime:        , 2025/11/19, 17:14:37, 1763586877592,
RFID_EPC:        ,--Not Acquired--,
RFID_UserData:   ,--Not Acquired--,
Barcode:         ,--Not Acquired--,
PIF:,            0.00,
PARs:,            0.0,     0.0,     0.0,     0.0,     0.0,     0.0,
Light:,           0.0,     0.0,     0.0,     0.0,     0.0,     0.0,
Cycles:,            1,
                    1,      69,      70,      70,
Lamps:,        #10000,
Gain:,              2,      50, 
SNR_raw:,     328.52,
Position:,        0.0,              0.0,   NoData,
DataPt,      Time(us),   EX,         EM,       Fit,
==========,==========,==========,==========,=========,
    0,        0.0,      0.000,       0.000,    233.841,
    1,        0.8,    161.337,     234.292,    240.576,
    2,        3.3,    179.921,     248.453,    248.099,
    3,        5.8,    180.177,     261.133,    255.621,
    4,        8.3,    180.279,     265.700,    263.110,
    5,       10.8,    180.293,     271.502,    270.538,
    6,       13.3,    180.352,     278.900,    277.884,
    7,       15.8,    180.315,     285.611,    285.125,
    8,       18.3,    180.432,     292.631,    292.251,
    9,       20.8,    180.454,     299.246,    299.242,
   10,       23.3,    180.519,     304.953,    306.086,
   11,       25.8,    180.687,     311.312,    312.776,
   12,       28.3,    180.629,     317.502,    319.295,
   13,       30.8,    180.818,     323.806,    325.642,
   14,       33.3,    180.855,     331.205,    331.806,
   15,       35.8,    180.753,     337.201,    337.778,
   16,       38.3,    180.906,     342.720,    343.561,
   17,       40.8,    180.658,     348.172,    349.142,
   18,       43.3,    180.753,     353.798,    354.529,
   19,       45.8,    180.716,     359.680,    359.718,
   20,       48.3,    180.964,     365.542,    364.716,
   21,       50.8,    180.731,     370.164,    369.513,
   22,       53.3,    180.993,     374.047,    374.121,
   23,       55.8,    181.052,     379.726,    378.538,
   24,       58.3,    180.942,     383.548,    382.766,
   25,       60.8,    180.877,     387.004,    386.808,
   26,       63.3,    181.008,     390.314,    390.671,
   27,       65.8,    181.037,     396.327,    394.358,
   28,       68.3,    181.052,     397.676,    397.875,
   29,       70.8,    180.891,     401.899,    401.222,
   30,       73.3,    180.957,     405.345,    404.410,
   31,       75.8,    181.052,     407.618,    407.442,
   32,       78.3,    181.125,     411.319,    410.325,
   33,       80.8,    181.183,     412.566,    413.063,
   34,       83.3,    181.023,     417.075,    415.659,
   35,       85.8,    180.986,     419.093,    418.122,
   36,       88.3,    181.037,     420.632,    420.456,
   37,       90.8,    181.074,     422.756,    422.667,
   38,       93.3,    181.081,     425.224,    424.761,
   39,       95.8,    181.096,     426.847,    426.742,
   40,       98.3,    181.147,     428.106,    428.615,
   41,      100.8,    181.081,     430.470,    430.386,
   42,      103.3,    181.271,     431.123,    432.059,
   43,      105.8,    181.249,     432.831,    433.640,
   44,      108.3,    181.139,     435.024,    435.132,
   45,      110.8,    181.256,     436.123,    436.540,
   46,      113.3,    181.300,     437.673,    437.868,
   47,      115.8,    181.241,     437.814,    439.121,
   48,      118.3,    181.300,     439.879,    440.302,
   49,      120.8,    181.183,     440.163,    441.415,
   50,      123.3,    181.168,     442.130,    442.463,
   51,      125.8,    181.059,     443.778,    443.450,
   52,      128.3,    181.263,     444.933,    444.380,
   53,      130.8,    181.161,     445.736,    445.256,
   54,      133.3,    181.249,     445.796,    446.080,
   55,      135.8,    181.081,     445.105,    446.855,
   56,      138.3,    181.329,     446.702,    447.584,
   57,      140.8,    181.139,     447.998,    448.271,
   58,      143.3,    181.212,     449.197,    448.916,
   59,      145.8,    181.256,     450.468,    449.523,
   60,      148.3,    181.066,     450.387,    450.093,
   61,      150.8,    181.139,     450.206,    450.630,
   62,      153.3,    181.183,     451.753,    451.134,
   63,      155.8,    181.147,     451.016,    451.608,
   64,      158.3,    181.139,     452.966,    452.053,
   65,      160.8,    181.212,     453.060,    452.471,
   66,      163.3,    181.147,     454.052,    452.864,
   67,      165.8,    181.220,     453.869,    453.233,
   68,      168.3,    181.227,     454.679,    453.580,
   69,      170.8,    181.052,     455.395,    453.906,
   70,      175.8,    179.571,     454.694,    454.912,
----,
DateTime:        , 2025/11/19, 17:14:40, 1763586880070,
RFID_EPC:        ,--Not Acquired--,
RFID_UserData:   ,--Not Acquired--,
Barcode:         ,--Not Acquired--,
PIF:,            0.00,
PARs:,            0.0,     0.0,     0.0,     0.0,     0.0,     0.0,
Light:,           0.0,     0.0,     0.0,     0.0,     0.0,     0.0,
Cycles:,            1,
                    1,      69,      70,      70,
Lamps:,        #10000,
Gain:,              2,      50, 
SNR_raw:,     249.23,
Position:,        0.0,              0.0,   NoData,
DataPt,      Time(us),   EX,         EM,       Fit,
==========,==========,==========,==========,=========,
    0,        0.0,      0.000,       0.000,    232.811,
    1,        0.8,    161.417,     232.317,    238.444,
    2,        3.3,    179.861,     245.369,    245.118,
    3,        5.8,    180.109,     257.067,    252.130,
    4,        8.3,    180.152,     263.388,    259.357,
    5,       10.8,    180.357,     268.912,    266.710,
    6,       13.3,    180.488,     274.257,    274.112,
    7,       15.8,    180.357,     281.941,    281.495,
    8,       18.3,    180.481,     288.397,    288.817,
    9,       20.8,    180.415,     295.430,    296.034,
   10,       23.3,    180.590,     301.235,    303.121,
   11,       25.8,    180.626,     309.202,    310.051,
   12,       28.3,    180.692,     314.347,    316.806,
   13,       30.8,    180.831,     320.742,    323.373,
   14,       33.3,    180.874,     329.510,    329.741,
   15,       35.8,    180.597,     335.000,    335.898,
   16,       38.3,    180.853,     341.162,    341.846,
   17,       40.8,    180.809,     347.881,    347.580,
   18,       43.3,    180.765,     352.668,    353.098,
   19,       45.8,    180.801,     359.234,    358.402,
   20,       48.3,    180.845,     363.018,    363.495,
   21,       50.8,    180.780,     367.851,    368.378,
   22,       53.3,    181.152,     373.168,    373.057,
   23,       55.8,    180.889,     378.132,    377.535,
   24,       58.3,    181.035,     381.694,    381.817,
   25,       60.8,    180.925,     386.347,    385.907,
   26,       63.3,    180.991,     390.351,    389.813,
   27,       65.8,    180.977,     393.421,    393.538,
   28,       68.3,    181.028,     399.111,    397.090,
   29,       70.8,    181.028,     402.701,    400.474,
   30,       73.3,    180.977,     405.025,    403.696,
   31,       75.8,    180.889,     407.432,    406.763,
   32,       78.3,    180.977,     411.103,    409.679,
   33,       80.8,    181.079,     413.909,    412.451,
   34,       83.3,    180.933,     415.071,    415.086,
   35,       85.8,    181.108,     417.983,    417.588,
   36,       88.3,    181.093,     419.397,    419.964,
   37,       90.8,    181.297,     421.959,    422.217,
   38,       93.3,    181.203,     424.663,    424.356,
   39,       95.8,    181.064,     425.816,    426.386,
   40,       98.3,    181.079,     427.715,    428.311,
   41,      100.8,    181.122,     429.544,    430.134,
   42,      103.3,    181.057,     430.528,    431.863,
   43,      105.8,    181.093,     433.478,    433.500,
   44,      108.3,    181.020,     433.653,    435.051,
   45,      110.8,    181.086,     436.533,    436.519,
   46,      113.3,    181.137,     437.238,    437.907,
   47,      115.8,    181.188,     438.495,    439.221,
   48,      118.3,    181.130,     439.188,    440.465,
   49,      120.8,    181.246,     440.836,    441.640,
   50,      123.3,    181.152,     441.619,    442.753,
   51,      125.8,    181.254,     444.129,    443.804,
   52,      128.3,    181.144,     444.673,    444.799,
   53,      130.8,    181.049,     446.287,    445.742,
   54,      133.3,    181.086,     448.958,    446.632,
   55,      135.8,    181.203,     448.669,    447.471,
   56,      138.3,    181.020,     448.569,    448.267,
   57,      140.8,    181.305,     448.141,    449.014,
   58,      143.3,    181.290,     449.832,    449.721,
   59,      145.8,    181.385,     449.872,    450.387,
   60,      148.3,    181.276,     450.419,    451.018,
   61,      150.8,    181.195,     451.447,    451.616,
   62,      153.3,    181.203,     451.704,    452.181,
   63,      155.8,    181.144,     451.850,    452.714,
   64,      158.3,    181.079,     451.461,    453.219,
   65,      160.8,    181.144,     453.230,    453.695,
   66,      163.3,    181.152,     455.144,    454.143,
   67,      165.8,    181.195,     455.310,    454.566,
   68,      168.3,    181.327,     454.980,    454.962,
   69,      170.8,    181.268,     456.230,    455.337,
   70,      175.8,    179.832,     459.319,    458.756,
----,
DateTime:        , 2025/11/19, 17:14:42, 1763586882629,
RFID_EPC:        ,--Not Acquired--,
RFID_UserData:   ,--Not Acquired--,
Barcode:         ,--Not Acquired--,
PIF:,            0.00,
PARs:,            0.0,     0.0,     0.0,     0.0,     0.0,     0.0,
Light:,           0.0,     0.0,     0.0,     0.0,     0.0,     0.0,
Cycles:,            1,
                    1,      69,      70,      70,
Lamps:,        #10000,
Gain:,              2,      50, 
SNR_raw:,     290.78,
Position:,        0.0,              0.0,   NoData,
DataPt,      Time(us),   EX,         EM,       Fit,
==========,==========,==========,==========,=========,
    0,        0.0,      0.000,       0.000,    222.446,
    1,        0.8,    161.292,     224.438,    229.168,
    2,        3.3,    179.976,     237.683,    236.896,
    3,        5.8,    180.129,     249.543,    244.806,
    4,        8.3,    180.158,     256.164,    252.813,
    5,       10.8,    180.399,     263.305,    260.856,
    6,       13.3,    180.486,     269.272,    268.875,
    7,       15.8,    180.494,     276.187,    276.824,
    8,       18.3,    180.377,     283.850,    284.661,
    9,       20.8,    180.311,     290.886,    292.358,
   10,       23.3,    180.618,     298.421,    299.902,
   11,       25.8,    180.778,     305.070,    307.271,
   12,       28.3,    180.596,     312.300,    314.439,
   13,       30.8,    180.727,     320.373,    321.403,
   14,       33.3,    180.902,     327.525,    328.155,
   15,       35.8,    180.873,     333.660,    334.685,
   16,       38.3,    180.895,     339.700,    340.990,
   17,       40.8,    180.938,     347.079,    347.068,
   18,       43.3,    180.917,     353.201,    352.917,
   19,       45.8,    180.917,     357.623,    358.538,
   20,       48.3,    180.887,     364.039,    363.933,
   21,       50.8,    180.778,     370.067,    369.104,
   22,       53.3,    180.858,     373.497,    374.056,
   23,       55.8,    180.895,     379.779,    378.794,
   24,       58.3,    181.026,     385.304,    383.324,
   25,       60.8,    180.975,     387.899,    387.648,
   26,       63.3,    180.909,     393.291,    391.772,
   27,       65.8,    181.084,     396.500,    395.705,
   28,       68.3,    181.157,     400.757,    399.451,
   29,       70.8,    181.041,     402.672,    403.015,
   30,       73.3,    180.858,     405.566,    406.404,
   31,       75.8,    181.084,     410.030,    409.626,
   32,       78.3,    180.990,     413.007,    412.686,
   33,       80.8,    181.033,     416.774,    415.591,
   34,       83.3,    180.917,     419.254,    418.346,
   35,       85.8,    181.150,     422.302,    420.960,
   36,       88.3,    180.997,     424.593,    423.436,
   37,       90.8,    181.216,     425.184,    425.782,
   38,       93.3,    181.121,     429.272,    428.004,
   39,       95.8,    181.092,     428.788,    430.107,
   40,       98.3,    181.230,     432.047,    432.096,
   41,      100.8,    181.055,     432.741,    433.978,
   42,      103.3,    181.179,     436.033,    435.757,
   43,      105.8,    180.931,     437.459,    437.439,
   44,      108.3,    181.194,     439.309,    439.026,
   45,      110.8,    180.924,     441.346,    440.527,
   46,      113.3,    181.070,     441.819,    441.944,
   47,      115.8,    181.026,     442.478,    443.281,
   48,      118.3,    181.121,     443.351,    444.542,
   49,      120.8,    181.070,     445.408,    445.733,
   50,      123.3,    181.281,     446.544,    446.854,
   51,      125.8,    181.208,     445.896,    447.912,
   52,      128.3,    181.135,     448.560,    448.911,
   53,      130.8,    181.172,     449.297,    449.852,
   54,      133.3,    181.267,     449.338,    450.739,
   55,      135.8,    181.208,     451.966,    451.575,
   56,      138.3,    181.165,     453.179,    452.363,
   57,      140.8,    181.128,     452.994,    453.106,
   58,      143.3,    181.150,     454.596,    453.805,
   59,      145.8,    181.194,     454.210,    454.463,
   60,      148.3,    181.135,     454.908,    455.084,
   61,      150.8,    181.340,     455.499,    455.666,
   62,      153.3,    181.201,     457.503,    456.216,
   63,      155.8,    181.099,     456.933,    456.734,
   64,      158.3,    181.165,     457.595,    457.221,
   65,      160.8,    181.230,     457.981,    457.679,
   66,      163.3,    181.062,     459.234,    458.112,
   67,      165.8,    181.143,     459.030,    458.518,
   68,      168.3,    181.172,     458.957,    458.900,
   69,      170.8,    181.332,     460.756,    459.258,
   70,      175.8,    179.764,     461.437,    461.448,
----,
DateTime:        , 2025/11/19, 17:14:45, 1763586885109,
RFID_EPC:        ,--Not Acquired--,
RFID_UserData:   ,--Not Acquired--,
Barcode:         ,--Not Acquired--,
PIF:,            0.00,
PARs:,            0.0,     0.0,     0.0,     0.0,     0.0,     0.0,
Light:,           0.0,     0.0,     0.0,     0.0,     0.0,     0.0,
Cycles:,            1,
                    1,      69,      70,      70,
Lamps:,        #10000,
Gain:,              2,      50, 
SNR_raw:,     326.63,
Position:,        0.0,              0.0,   NoData,
DataPt,      Time(us),   EX,         EM,       Fit,
==========,==========,==========,==========,=========,
    0,        0.0,      0.000,       0.000,    222.950,
    1,        0.8,    161.331,     224.074,    229.754,
    2,        3.3,    180.089,     238.229,    237.537,
    3,        5.8,    180.147,     250.906,    245.461,
    4,        8.3,    180.176,     258.358,    253.453,
    5,       10.8,    180.293,     262.906,    261.456,
    6,       13.3,    180.577,     269.691,    269.426,
    7,       15.8,    180.497,     275.905,    277.310,
    8,       18.3,    180.533,     283.881,    285.079,
    9,       20.8,    180.468,     292.019,    292.703,
   10,       23.3,    180.650,     300.028,    300.167,
   11,       25.8,    180.708,     305.464,    307.451,
   12,       28.3,    180.650,     312.483,    314.539,
   13,       30.8,    180.789,     319.434,    321.425,
   14,       33.3,    180.935,     327.467,    328.103,
   15,       35.8,    180.854,     332.865,    334.560,
   16,       38.3,    180.883,     340.274,    340.797,
   17,       40.8,    180.818,     345.375,    346.810,
   18,       43.3,    180.789,     352.622,    352.599,
   19,       45.8,    180.891,     357.398,    358.168,
   20,       48.3,    180.883,     363.770,    363.517,
   21,       50.8,    180.978,     369.381,    368.651,
   22,       53.3,    180.752,     373.993,    373.568,
   23,       55.8,    181.080,     378.009,    378.280,
   24,       58.3,    181.015,     382.565,    382.787,
   25,       60.8,    180.920,     389.399,    387.094,
   26,       63.3,    181.059,     393.243,    391.207,
   27,       65.8,    181.037,     396.052,    395.133,
   28,       68.3,    180.986,     400.308,    398.875,
   29,       70.8,    180.905,     402.973,    402.440,
   30,       73.3,    181.073,     406.466,    405.836,
   31,       75.8,    180.971,     408.905,    409.067,
   32,       78.3,    180.942,     413.669,    412.140,
   33,       80.8,    180.949,     415.310,    415.060,
   34,       83.3,    181.255,     418.470,    417.836,
   35,       85.8,    181.029,     421.755,    420.471,
   36,       88.3,    181.059,     424.172,    422.972,
   37,       90.8,    180.862,     425.740,    425.344,
   38,       93.3,    180.978,     426.570,    427.594,
   39,       95.8,    181.015,     428.971,    429.726,
   40,       98.3,    180.986,     430.974,    431.746,
   41,      100.8,    181.015,     433.666,    433.659,
   42,      103.3,    181.000,     435.359,    435.471,
   43,      105.8,    180.956,     436.017,    437.185,
   44,      108.3,    181.336,     437.862,    438.807,
   45,      110.8,    180.920,     439.697,    440.342,
   46,      113.3,    181.029,     441.089,    441.794,
   47,      115.8,    181.234,     441.971,    443.165,
   48,      118.3,    181.175,     443.217,    444.462,
   49,      120.8,    181.124,     445.551,    445.688,
   50,      123.3,    181.073,     446.229,    446.847,
   51,      125.8,    181.095,     448.660,    447.941,
   52,      128.3,    181.124,     449.415,    448.974,
   53,      130.8,    181.110,     449.452,    449.949,
   54,      133.3,    181.255,     450.745,    450.869,
   55,      135.8,    181.234,     451.075,    451.738,
   56,      138.3,    181.204,     451.700,    452.558,
   57,      140.8,    181.146,     453.502,    453.333,
   58,      143.3,    181.263,     454.037,    454.062,
   59,      145.8,    181.204,     455.011,    454.751,
   60,      148.3,    181.066,     454.807,    455.402,
   61,      150.8,    181.102,     456.924,    456.016,
   62,      153.3,    181.314,     456.667,    456.592,
   63,      155.8,    181.088,     456.409,    457.138,
   64,      158.3,    181.226,     459.371,    457.651,
   65,      160.8,    181.234,     457.973,    458.135,
   66,      163.3,    181.285,     459.223,    458.591,
   67,      165.8,    181.336,     459.369,    459.020,
   68,      168.3,    181.168,     460.346,    459.426,
   69,      170.8,    181.255,     461.228,    459.808,
   70,      175.8,    179.819,     461.576,    461.827,
----,
DateTime:        , 2025/11/19, 17:14:47, 1763586887588,
RFID_EPC:        ,--Not Acquired--,
RFID_UserData:   ,--Not Acquired--,
Barcode:         ,--Not Acquired--,
PIF:,            0.00,
PARs:,            0.0,     0.0,     0.0,     0.0,     0.0,     0.0,
Light:,           0.0,     0.0,     0.0,     0.0,     0.0,     0.0,
Cycles:,            1,
                    1,      69,      70,      70,
Lamps:,        #10000,
Gain:,              2,      50, 
SNR_raw:,     313.82,
Position:,        0.0,              0.0,   NoData,
DataPt,      Time(us),   EX,         EM,       Fit,
==========,==========,==========,==========,=========,
    0,        0.0,      0.000,       0.000,    228.280,
    1,        0.8,    161.468,     228.528,    235.144,
    2,        3.3,    180.012,     243.150,    242.868,
    3,        5.8,    180.297,     256.245,    250.651,
    4,        8.3,    180.100,     262.355,    258.430,
    5,       10.8,    180.289,     268.735,    266.183,
    6,       13.3,    180.369,     274.159,    273.874,
    7,       15.8,    180.384,     281.344,    281.473,
    8,       18.3,    180.377,     287.454,    288.955,
    9,       20.8,    180.617,     295.099,    296.309,
   10,       23.3,    180.698,     302.716,    303.510,
   11,       25.8,    180.559,     308.209,    310.539,
   12,       28.3,    180.712,     316.802,    317.392,
   13,       30.8,    180.756,     322.811,    324.056,
   14,       33.3,    180.690,     329.846,    330.520,
   15,       35.8,    180.800,     335.454,    336.784,
   16,       38.3,    180.683,     342.589,    342.837,
   17,       40.8,    180.843,     349.197,    348.683,
   18,       43.3,    180.829,     354.479,    354.317,
   19,       45.8,    180.771,     360.125,    359.739,
   20,       48.3,    180.902,     364.286,    364.952,
   21,       50.8,    180.880,     369.029,    369.956,
   22,       53.3,    181.033,     375.346,    374.756,
   23,       55.8,    180.997,     380.946,    379.351,
   24,       58.3,    181.004,     383.417,    383.748,
   25,       60.8,    180.946,     388.791,    387.948,
   26,       63.3,    180.960,     391.523,    391.959,
   27,       65.8,    180.938,     396.820,    395.784,
   28,       68.3,    180.931,     400.982,    399.429,
   29,       70.8,    181.135,     404.394,    402.902,
   30,       73.3,    180.946,     407.029,    406.205,
   31,       75.8,    180.894,     411.013,    409.345,
   32,       78.3,    181.062,     412.013,    412.329,
   33,       80.8,    181.077,     415.017,    415.163,
   34,       83.3,    181.011,     417.654,    417.851,
   35,       85.8,    181.113,     421.007,    420.401,
   36,       88.3,    181.186,     422.494,    422.818,
   37,       90.8,    180.975,     425.198,    425.108,
   38,       93.3,    181.070,     427.460,    427.275,
   39,       95.8,    181.033,     429.480,    429.327,
   40,       98.3,    181.215,     432.083,    431.267,
   41,      100.8,    181.062,     434.381,    433.103,
   42,      103.3,    181.252,     434.203,    434.837,
   43,      105.8,    181.281,     435.236,    436.475,
   44,      108.3,    181.164,     438.000,    438.023,
   45,      110.8,    181.157,     439.122,    439.485,
   46,      113.3,    181.106,     439.522,    440.865,
   47,      115.8,    181.142,     441.365,    442.166,
   48,      118.3,    181.091,     443.423,    443.394,
   49,      120.8,    181.179,     444.036,    444.552,
   50,      123.3,    180.975,     445.090,    445.645,
   51,      125.8,    181.113,     446.130,    446.674,
   52,      128.3,    181.142,     447.162,    447.643,
   53,      130.8,    181.310,     448.679,    448.556,
   54,      133.3,    181.230,     448.601,    449.417,
   55,      135.8,    181.252,     449.927,    450.227,
   56,      138.3,    181.296,     450.094,    450.990,
   57,      140.8,    181.121,     451.081,    451.709,
   58,      143.3,    181.164,     451.800,    452.386,
   59,      145.8,    181.332,     453.588,    453.022,
   60,      148.3,    181.091,     452.810,    453.622,
   61,      150.8,    181.040,     454.595,    454.187,
   62,      153.3,    181.113,     455.516,    454.718,
   63,      155.8,    181.172,     456.473,    455.217,
   64,      158.3,    181.128,     457.688,    455.687,
   65,      160.8,    181.142,     456.547,    456.129,
   66,      163.3,    181.164,     457.320,    456.544,
   67,      165.8,    181.215,     456.363,    456.935,
   68,      168.3,    181.142,     459.031,    457.302,
   69,      170.8,    181.245,     458.221,    457.647,
   70,      175.8,    179.815,     459.638,    459.557,
----,
DateTime:        , 2025/11/19, 17:14:50, 1763586890051,
RFID_EPC:        ,--Not Acquired--,
RFID_UserData:   ,--Not Acquired--,
Barcode:         ,--Not Acquired--,
PIF:,            0.00,
PARs:,            0.0,     0.0,     0.0,     0.0,     0.0,     0.0,
Light:,           0.0,     0.0,     0.0,     0.0,     0.0,     0.0,
Cycles:,            1,
                    1,      69,      70,      70,
Lamps:,        #10000,
Gain:,              2,      50, 
SNR_raw:,     367.63,
Position:,        0.0,              0.0,   NoData,
DataPt,      Time(us),   EX,         EM,       Fit,
==========,==========,==========,==========,=========,
    0,        0.0,      0.000,       0.000,    228.171,
    1,        0.8,    161.322,     229.665,    235.114,
    2,        3.3,    179.843,     243.276,    242.945,
    3,        5.8,    180.266,     255.457,    250.851,
    4,        8.3,    180.258,     262.679,    258.770,
    5,       10.8,    180.222,     267.726,    266.660,
    6,       13.3,    180.309,     275.083,    274.491,
    7,       15.8,    180.419,     281.567,    282.235,
    8,       18.3,    180.338,     289.179,    289.859,
    9,       20.8,    180.506,     298.051,    297.351,
   10,       23.3,    180.470,     303.375,    304.685,
   11,       25.8,    180.594,     311.196,    311.852,
   12,       28.3,    180.812,     316.903,    318.843,
   13,       30.8,    180.747,     324.764,    325.637,
   14,       33.3,    180.791,     330.216,    332.230,
   15,       35.8,    180.922,     336.886,    338.620,
   16,       38.3,    180.922,     344.624,    344.796,
   17,       40.8,    180.791,     350.682,    350.754,
   18,       43.3,    181.097,     355.887,    356.502,
   19,       45.8,    180.966,     362.776,    362.030,
   20,       48.3,    180.907,     367.039,    367.341,
   21,       50.8,    180.929,     373.351,    372.437,
   22,       53.3,    180.980,     376.561,    377.322,
   23,       55.8,    180.958,     382.132,    381.998,
   24,       58.3,    180.944,     387.413,    386.468,
   25,       60.8,    181.002,     391.985,    390.739,
   26,       63.3,    181.031,     395.512,    394.815,
   27,       65.8,    181.038,     399.087,    398.700,
   28,       68.3,    180.980,     403.359,    402.399,
   29,       70.8,    180.966,     406.431,    405.919,
   30,       73.3,    181.075,     409.223,    409.267,
   31,       75.8,    181.104,     412.194,    412.448,
   32,       78.3,    181.060,     416.988,    415.467,
   33,       80.8,    181.097,     418.837,    418.331,
   34,       83.3,    181.162,     421.997,    421.047,
   35,       85.8,    181.009,     423.459,    423.619,
   36,       88.3,    181.184,     426.637,    426.055,
   37,       90.8,    181.104,     428.759,    428.361,
   38,       93.3,    181.177,     429.690,    430.541,
   39,       95.8,    181.017,     433.938,    432.602,
   40,       98.3,    181.141,     434.469,    434.549,
   41,      100.8,    180.958,     436.565,    436.388,
   42,      103.3,    181.111,     437.576,    438.124,
   43,      105.8,    181.177,     438.246,    439.763,
   44,      108.3,    181.250,     440.552,    441.308,
   45,      110.8,    181.243,     442.777,    442.766,
   46,      113.3,    181.264,     444.102,    444.140,
   47,      115.8,    181.250,     444.414,    445.434,
   48,      118.3,    181.031,     446.608,    446.654,
   49,      120.8,    181.206,     447.281,    447.803,
   50,      123.3,    180.951,     447.635,    448.885,
   51,      125.8,    181.104,     449.189,    449.902,
   52,      128.3,    181.017,     450.787,    450.860,
   53,      130.8,    181.053,     450.697,    451.761,
   54,      133.3,    181.184,     452.578,    452.609,
   55,      135.8,    181.170,     453.442,    453.406,
   56,      138.3,    181.082,     454.214,    454.155,
   57,      140.8,    181.031,     454.342,    454.860,
   58,      143.3,    181.170,     454.546,    455.522,
   59,      145.8,    181.308,     456.681,    456.144,
   60,      148.3,    181.009,     457.159,    456.730,
   61,      150.8,    181.272,     457.600,    457.279,
   62,      153.3,    181.192,     457.527,    457.795,
   63,      155.8,    181.082,     457.803,    458.280,
   64,      158.3,    180.966,     459.756,    458.736,
   65,      160.8,    181.038,     459.295,    459.164,
   66,      163.3,    181.177,     459.771,    459.566,
   67,      165.8,    181.133,     461.263,    459.943,
   68,      168.3,    181.359,     462.066,    460.296,
   69,      170.8,    181.272,     461.738,    460.627,
   70,      175.8,    179.682,     461.648,    461.946,
----,
DateTime:        , 2025/11/19, 17:14:52, 1763586892510,
RFID_EPC:        ,--Not Acquired--,
RFID_UserData:   ,--Not Acquired--,
Barcode:         ,--Not Acquired--,
PIF:,            0.00,
PARs:,            0.0,     0.0,     0.0,     0.0,     0.0,     0.0,
Light:,           0.0,     0.0,     0.0,     0.0,     0.0,     0.0,
Cycles:,            1,
                    1,      69,      70,      70,
Lamps:,        #10000,
Gain:,              2,      50, 
SNR_raw:,     379.40,
Position:,        0.0,              0.0,   NoData,
DataPt,      Time(us),   EX,         EM,       Fit,
==========,==========,==========,==========,=========,
    0,        0.0,      0.000,       0.000,    226.363,
    1,        0.8,    161.183,     227.382,    233.393,
    2,        3.3,    179.889,     241.414,    241.320,
    3,        5.8,    179.933,     253.984,    249.305,
    4,        8.3,    180.254,     261.576,    257.317,
    5,       10.8,    180.283,     267.635,    265.304,
    6,       13.3,    180.473,     273.726,    273.240,
    7,       15.8,    180.356,     280.556,    281.083,
    8,       18.3,    180.640,     289.249,    288.824,
    9,       20.8,    180.575,     295.169,    296.427,
   10,       23.3,    180.793,     302.279,    303.884,
   11,       25.8,    180.589,     309.265,    311.166,
   12,       28.3,    180.648,     316.362,    318.267,
   13,       30.8,    180.597,     324.480,    325.175,
   14,       33.3,    180.735,     330.871,    331.885,
   15,       35.8,    180.706,     337.288,    338.386,
   16,       38.3,    180.801,     344.025,    344.678,
   17,       40.8,    180.925,     351.251,    350.756,
   18,       43.3,    180.874,     355.773,    356.616,
   19,       45.8,    180.910,     363.164,    362.259,
   20,       48.3,    181.056,     367.842,    367.687,
   21,       50.8,    180.896,     372.038,    372.896,
   22,       53.3,    180.954,     377.997,    377.893,
   23,       55.8,    180.947,     382.986,    382.679,
   24,       58.3,    180.947,     388.512,    387.259,
   25,       60.8,    180.830,     393.464,    391.636,
   26,       63.3,    180.866,     397.531,    395.816,
   27,       65.8,    180.983,     400.037,    399.805,
   28,       68.3,    181.063,     404.278,    403.607,
   29,       70.8,    180.968,     408.082,    407.229,
   30,       73.3,    181.136,     411.845,    410.676,
   31,       75.8,    180.990,     414.110,    413.954,
   32,       78.3,    181.085,     417.483,    417.069,
   33,       80.8,    180.983,     421.034,    420.027,
   34,       83.3,    181.158,     423.939,    422.834,
   35,       85.8,    181.085,     425.214,    425.497,
   36,       88.3,    180.990,     428.476,    428.022,
   37,       90.8,    181.122,     431.202,    430.413,
   38,       93.3,    181.041,     432.222,    432.679,
   39,       95.8,    181.122,     433.962,    434.822,
   40,       98.3,    181.100,     436.224,    436.851,
   41,      100.8,    181.173,     438.808,    438.769,
   42,      103.3,    181.144,     439.707,    440.582,
   43,      105.8,    181.071,     442.369,    442.296,
   44,      108.3,    181.071,     442.093,    443.915,
   45,      110.8,    180.947,     445.159,    445.444,
   46,      113.3,    181.012,     446.931,    446.888,
   47,      115.8,    181.071,     447.892,    448.250,
   48,      118.3,    181.122,     449.974,    449.534,
   49,      120.8,    181.122,     449.974,    450.746,
   50,      123.3,    181.289,     452.316,    451.887,
   51,      125.8,    181.297,     451.746,    452.963,
   52,      128.3,    181.231,     453.841,    453.978,
   53,      130.8,    181.195,     454.208,    454.935,
   54,      133.3,    181.049,     455.402,    455.837,
   55,      135.8,    181.144,     456.544,    456.687,
   56,      138.3,    181.114,     457.170,    457.487,
   57,      140.8,    181.151,     457.630,    458.240,
   58,      143.3,    181.195,     459.727,    458.949,
   59,      145.8,    181.173,     459.230,    459.617,
   60,      148.3,    181.289,     460.038,    460.244,
   61,      150.8,    181.297,     461.123,    460.834,
   62,      153.3,    181.289,     461.141,    461.389,
   63,      155.8,    181.311,     461.361,    461.912,
   64,      158.3,    181.268,     463.404,    462.404,
   65,      160.8,    181.253,     464.268,    462.867,
   66,      163.3,    181.158,     463.959,    463.304,
   67,      165.8,    181.202,     464.951,    463.715,
   68,      168.3,    181.209,     464.656,    464.100,
   69,      170.8,    181.151,     465.358,    464.464,
   70,      175.8,    179.721,     467.390,    467.051,
----,
DateTime:        , 2025/11/19, 17:14:55, 1763586895034,
RFID_EPC:        ,--Not Acquired--,
RFID_UserData:   ,--Not Acquired--,
Barcode:         ,--Not Acquired--,
PIF:,            0.00,
PARs:,            0.0,     0.0,     0.0,     0.0,     0.0,     0.0,
Light:,           0.0,     0.0,     0.0,     0.0,     0.0,     0.0,
Cycles:,            1,
                    1,      69,      70,      70,
Lamps:,        #10000,
Gain:,              2,      50, 
SNR_raw:,     356.50,
Position:,        0.0,              0.0,   NoData,
DataPt,      Time(us),   EX,         EM,       Fit,
==========,==========,==========,==========,=========,
    0,        0.0,      0.000,       0.000,    228.794,
    1,        0.8,    161.351,     230.863,    235.743,
    2,        3.3,    179.874,     244.095,    243.657,
    3,        5.8,    180.114,     255.948,    251.702,
    4,        8.3,    180.180,     264.735,    259.802,
    5,       10.8,    180.319,     269.246,    267.901,
    6,       13.3,    180.362,     276.388,    275.951,
    7,       15.8,    180.435,     284.035,    283.913,
    8,       18.3,    180.479,     290.892,    291.754,
    9,       20.8,    180.661,     298.071,    299.453,
   10,       23.3,    180.603,     305.366,    306.983,
   11,       25.8,    180.661,     311.910,    314.328,
   12,       28.3,    180.844,     320.995,    321.481,
   13,       30.8,    180.712,     326.762,    328.422,
   14,       33.3,    180.698,     332.599,    335.147,
   15,       35.8,    180.785,     340.736,    341.654,
   16,       38.3,    180.574,     346.673,    347.931,
   17,       40.8,    180.778,     353.472,    353.987,
   18,       43.3,    180.742,     360.183,    359.816,
   19,       45.8,    180.873,     365.727,    365.422,
   20,       48.3,    181.055,     370.605,    370.809,
   21,       50.8,    181.121,     377.373,    375.976,
   22,       53.3,    180.909,     381.959,    380.923,
   23,       55.8,    181.070,     386.039,    385.659,
   24,       58.3,    180.968,     392.059,    390.185,
   25,       60.8,    180.800,     395.465,    394.506,
   26,       63.3,    180.997,     400.007,    398.631,
   27,       65.8,    180.960,     401.745,    402.564,
   28,       68.3,    181.019,     406.864,    406.312,
   29,       70.8,    181.033,     410.698,    409.879,
   30,       73.3,    180.895,     414.053,    413.272,
   31,       75.8,    180.975,     416.080,    416.498,
   32,       78.3,    181.084,     419.970,    419.564,
   33,       80.8,    181.113,     422.663,    422.475,
   34,       83.3,    181.135,     424.268,    425.237,
   35,       85.8,    181.099,     427.667,    427.857,
   36,       88.3,    181.092,     430.721,    430.340,
   37,       90.8,    181.267,     433.615,    432.693,
   38,       93.3,    180.975,     434.038,    434.922,
   39,       95.8,    181.099,     436.502,    437.031,
   40,       98.3,    181.070,     439.334,    439.026,
   41,      100.8,    180.982,     440.651,    440.914,
   42,      103.3,    181.186,     442.638,    442.698,
   43,      105.8,    181.245,     444.703,    444.384,
   44,      108.3,    181.113,     446.681,    445.978,
   45,      110.8,    181.223,     448.343,    447.483,
   46,      113.3,    181.186,     448.157,    448.904,
   47,      115.8,    181.150,     450.456,    450.246,
   48,      118.3,    181.157,     451.541,    451.512,
   49,      120.8,    181.165,     452.075,    452.707,
   50,      123.3,    181.099,     453.067,    453.834,
   51,      125.8,    181.106,     453.601,    454.897,
   52,      128.3,    181.157,     455.405,    455.898,
   53,      130.8,    181.216,     456.363,    456.842,
   54,      133.3,    181.201,     457.779,    457.732,
   55,      135.8,    181.143,     457.926,    458.571,
   56,      138.3,    181.113,     458.552,    459.361,
   57,      140.8,    181.201,     459.711,    460.105,
   58,      143.3,    181.055,     461.738,    460.807,
   59,      145.8,    181.223,     461.586,    461.466,
   60,      148.3,    181.245,     461.531,    462.087,
   61,      150.8,    181.026,     463.746,    462.673,
   62,      153.3,    181.179,     463.354,    463.224,
   63,      155.8,    181.194,     463.868,    463.742,
   64,      158.3,    181.354,     464.009,    464.229,
   65,      160.8,    181.041,     464.813,    464.689,
   66,      163.3,    181.143,     465.103,    465.121,
   67,      165.8,    181.296,     466.365,    465.527,
   68,      168.3,    181.143,     466.759,    465.910,
   69,      170.8,    181.135,     467.330,    466.270,
   70,      175.8,    179.743,     467.613,    467.927,
----,
DateTime:        , 2025/11/19, 17:14:57, 1763586897510,
RFID_EPC:        ,--Not Acquired--,
RFID_UserData:   ,--Not Acquired--,
Barcode:         ,--Not Acquired--,
PIF:,            0.00,
PARs:,            0.0,     0.0,     0.0,     0.0,     0.0,     0.0,
Light:,           0.0,     0.0,     0.0,     0.0,     0.0,     0.0,
Cycles:,            1,
                    1,      69,      70,      70,
Lamps:,        #10000,
Gain:,              2,      50, 
SNR_raw:,     375.80,
Position:,        0.0,              0.0,   NoData,
DataPt,      Time(us),   EX,         EM,       Fit,
==========,==========,==========,==========,=========,
    0,        0.0,      0.000,       0.000,    231.061,
    1,        0.8,    161.350,     232.725,    237.934,
    2,        3.3,    180.001,     246.279,    245.713,
    3,        5.8,    180.336,     258.406,    253.589,
    4,        8.3,    180.256,     265.178,    261.494,
    5,       10.8,    180.241,     270.471,    269.388,
    6,       13.3,    180.526,     278.077,    277.244,
    7,       15.8,    180.562,     284.390,    285.020,
    8,       18.3,    180.591,     290.712,    292.687,
    9,       20.8,    180.409,     298.765,    300.216,
   10,       23.3,    180.562,     306.543,    307.597,
   11,       25.8,    180.591,     313.969,    314.809,
   12,       28.3,    180.672,     321.578,    321.841,
   13,       30.8,    180.752,     326.691,    328.680,
   14,       33.3,    180.540,     333.997,    335.311,
   15,       35.8,    180.759,     341.892,    341.738,
   16,       38.3,    180.905,     347.973,    347.953,
   17,       40.8,    181.014,     354.116,    353.954,
   18,       43.3,    180.817,     359.202,    359.732,
   19,       45.8,    180.839,     365.518,    365.290,
   20,       48.3,    180.825,     370.248,    370.631,
   21,       50.8,    181.014,     377.042,    375.757,
   22,       53.3,    180.919,     381.109,    380.668,
   23,       55.8,    180.898,     386.683,    385.369,
   24,       58.3,    180.817,     390.449,    389.862,
   25,       60.8,    181.094,     394.822,    394.157,
   26,       63.3,    180.956,     398.992,    398.253,
   27,       65.8,    180.949,     402.324,    402.158,
   28,       68.3,    181.007,     406.614,    405.878,
   29,       70.8,    181.102,     409.991,    409.419,
   30,       73.3,    181.116,     413.822,    412.786,
   31,       75.8,    180.934,     416.450,    415.985,
   32,       78.3,    180.963,     419.146,    419.023,
   33,       80.8,    180.992,     422.117,    421.905,
   34,       83.3,    181.022,     424.811,    424.639,
   35,       85.8,    181.051,     428.333,    427.231,
   36,       88.3,    181.248,     430.075,    429.686,
   37,       90.8,    181.007,     431.751,    432.010,
   38,       93.3,    181.029,     434.461,    434.210,
   39,       95.8,    181.153,     435.820,    436.290,
   40,       98.3,    181.131,     437.805,    438.258,
   41,      100.8,    180.949,     440.733,    440.117,
   42,      103.3,    181.131,     441.669,    441.874,
   43,      105.8,    181.160,     442.426,    443.532,
   44,      108.3,    181.138,     443.860,    445.098,
   45,      110.8,    181.182,     446.236,    446.575,
   46,      113.3,    181.080,     448.421,    447.970,
   47,      115.8,    181.167,     449.032,    449.285,
   48,      118.3,    181.080,     448.973,    450.525,
   49,      120.8,    181.167,     451.516,    451.694,
   50,      123.3,    181.000,     451.935,    452.796,
   51,      125.8,    181.160,     453.742,    453.834,
   52,      128.3,    181.014,     454.384,    454.812,
   53,      130.8,    181.102,     455.821,    455.733,
   54,      133.3,    181.073,     456.723,    456.600,
   55,      135.8,    181.131,     456.576,    457.417,
   56,      138.3,    181.197,     458.342,    458.184,
   57,      140.8,    181.204,     459.151,    458.907,
   58,      143.3,    181.269,     459.537,    459.586,
   59,      145.8,    181.299,     460.842,    460.225,
   60,      148.3,    181.109,     460.220,    460.828,
   61,      150.8,    181.328,     460.768,    461.393,
   62,      153.3,    181.350,     462.091,    461.925,
   63,      155.8,    181.065,     461.436,    462.428,
   64,      158.3,    181.277,     464.207,    462.898,
   65,      160.8,    181.124,     465.152,    463.342,
   66,      163.3,    181.167,     464.488,    463.759,
   67,      165.8,    181.007,     464.347,    464.153,
   68,      168.3,    181.255,     465.643,    464.520,
   69,      170.8,    181.240,     467.060,    464.866,
   70,      175.8,    179.826,     467.397,    467.254,
----,
DateTime:        , 2025/11/19, 17:15:00, 1763586899977,
RFID_EPC:        ,--Not Acquired--,
RFID_UserData:   ,--Not Acquired--,
Barcode:         ,--Not Acquired--,
PIF:,            0.00,
PARs:,            0.0,     0.0,     0.0,     0.0,     0.0,     0.0,
Light:,           0.0,     0.0,     0.0,     0.0,     0.0,     0.0,
Cycles:,            1,
                    1,      69,      70,      70,
Lamps:,        #10000,
Gain:,              2,      50, 
SNR_raw:,     373.66,
Position:,        0.0,              0.0,   NoData,
DataPt,      Time(us),   EX,         EM,       Fit,
==========,==========,==========,==========,=========,
    0,        0.0,      0.000,       0.000,    231.196,
    1,        0.8,    161.396,     232.038,    237.788,
    2,        3.3,    179.984,     246.170,    245.385,
    3,        5.8,    180.035,     258.839,    253.176,
    4,        8.3,    180.283,     265.694,    261.084,
    5,       10.8,    180.275,     269.588,    269.031,
    6,       13.3,    180.472,     278.159,    276.966,
    7,       15.8,    180.304,     283.410,    284.830,
    8,       18.3,    180.523,     291.375,    292.599,
    9,       20.8,    180.662,     298.901,    300.238,
   10,       23.3,    180.654,     306.386,    307.718,
   11,       25.8,    180.582,     314.262,    315.019,
   12,       28.3,    180.727,     320.925,    322.131,
   13,       30.8,    180.851,     327.617,    329.040,
   14,       33.3,    180.786,     335.203,    335.734,
   15,       35.8,    180.706,     341.163,    342.207,
   16,       38.3,    180.888,     346.071,    348.459,
   17,       40.8,    180.895,     354.349,    354.486,
   18,       43.3,    180.881,     359.353,    360.285,
   19,       45.8,    180.684,     366.663,    365.856,
   20,       48.3,    180.851,     370.746,    371.205,
   21,       50.8,    180.881,     376.768,    376.333,
   22,       53.3,    180.910,     381.682,    381.244,
   23,       55.8,    181.070,     386.314,    385.945,
   24,       58.3,    181.026,     391.656,    390.436,
   25,       60.8,    181.063,     395.167,    394.725,
   26,       63.3,    181.019,     399.129,    398.816,
   27,       65.8,    181.041,     403.776,    402.716,
   28,       68.3,    180.932,     406.231,    406.429,
   29,       70.8,    181.048,     410.664,    409.964,
   30,       73.3,    180.749,     415.216,    413.324,
   31,       75.8,    181.056,     418.104,    416.519,
   32,       78.3,    180.910,     420.928,    419.554,
   33,       80.8,    180.997,     423.487,    422.435,
   34,       83.3,    181.063,     425.267,    425.168,
   35,       85.8,    181.085,     427.148,    427.761,
   36,       88.3,    181.099,     429.875,    430.218,
   37,       90.8,    181.114,     432.325,    432.546,
   38,       93.3,    181.034,     435.831,    434.751,
   39,       95.8,    181.136,     437.517,    436.838,
   40,       98.3,    180.946,     437.976,    438.813,
   41,      100.8,    180.975,     439.839,    440.681,
   42,      103.3,    181.070,     442.094,    442.447,
   43,      105.8,    181.107,     443.661,    444.116,
   44,      108.3,    181.318,     445.350,    445.693,
   45,      110.8,    181.114,     446.680,    447.183,
   46,      113.3,    181.143,     447.988,    448.590,
   47,      115.8,    181.107,     450.011,    449.919,
   48,      118.3,    181.165,     450.970,    451.173,
   49,      120.8,    181.012,     452.180,    452.358,
   50,      123.3,    181.150,     452.387,    453.474,
   51,      125.8,    181.289,     453.696,    454.526,
   52,      128.3,    181.004,     454.409,    455.521,
   53,      130.8,    181.092,     456.674,    456.458,
   54,      133.3,    181.457,     455.756,    457.338,
   55,      135.8,    181.128,     457.410,    458.171,
   56,      138.3,    181.252,     459.580,    458.954,
   57,      140.8,    181.209,     459.139,    459.694,
   58,      143.3,    181.231,     459.911,    460.390,
   59,      145.8,    181.201,     461.089,    461.046,
   60,      148.3,    181.077,     462.509,    461.665,
   61,      150.8,    181.143,     462.066,    462.247,
   62,      153.3,    181.289,     463.900,    462.794,
   63,      155.8,    181.085,     463.319,    463.311,
   64,      158.3,    181.158,     464.789,    463.797,
   65,      160.8,    181.107,     464.091,    464.255,
   66,      163.3,    181.252,     465.649,    464.684,
   67,      165.8,    181.274,     465.317,    465.088,
   68,      168.3,    181.289,     466.383,    465.469,
   69,      170.8,    181.107,     467.128,    465.829,
   70,      175.8,    179.779,     467.795,    468.130,
----,
DateTime:        , 2025/11/19, 17:15:02, 1763586902430,
RFID_EPC:        ,--Not Acquired--,
RFID_UserData:   ,--Not Acquired--,
Barcode:         ,--Not Acquired--,
PIF:,            0.00,
PARs:,            0.0,     0.0,     0.0,     0.0,     0.0,     0.0,
Light:,           0.0,     0.0,     0.0,     0.0,     0.0,     0.0,
Cycles:,            1,
                    1,      69,      70,      70,
Lamps:,        #10000,
Gain:,              2,      50, 
SNR_raw:,     361.19,
Position:,        0.0,              0.0,   NoData,
DataPt,      Time(us),   EX,         EM,       Fit,
==========,==========,==========,==========,=========,
    0,        0.0,      0.000,       0.000,    231.334,
    1,        0.8,    161.340,     232.738,    238.236,
    2,        3.3,    179.961,     246.472,    246.025,
    3,        5.8,    180.078,     258.777,    253.884,
    4,        8.3,    180.173,     265.301,    261.771,
    5,       10.8,    180.282,     270.965,    269.650,
    6,       13.3,    180.296,     277.044,    277.484,
    7,       15.8,    180.318,     284.774,    285.245,
    8,       18.3,    180.464,     292.302,    292.911,
    9,       20.8,    180.712,     299.925,    300.464,
   10,       23.3,    180.581,     306.788,    307.871,
   11,       25.8,    180.595,     314.792,    315.121,
   12,       28.3,    180.639,     321.359,    322.200,
   13,       30.8,    180.712,     328.423,    329.097,
   14,       33.3,    180.872,     335.319,    335.804,
   15,       35.8,    180.814,     341.234,    342.309,
   16,       38.3,    180.741,     348.565,    348.604,
   17,       40.8,    180.595,     353.830,    354.683,
   18,       43.3,    180.931,     360.635,    360.555,
   19,       45.8,    180.770,     365.934,    366.207,
   20,       48.3,    180.821,     371.084,    371.643,
   21,       50.8,    180.836,     376.584,    376.863,
   22,       53.3,    181.055,     381.929,    381.872,
   23,       55.8,    180.982,     385.950,    386.668,
   24,       58.3,    180.727,     392.582,    391.251,
   25,       60.8,    180.975,     395.636,    395.633,
   26,       63.3,    180.887,     400.250,    399.813,
   27,       65.8,    180.975,     405.029,    403.798,
   28,       68.3,    181.033,     409.318,    407.594,
   29,       70.8,    181.098,     412.483,    411.205,
   30,       73.3,    181.106,     415.227,    414.638,
   31,       75.8,    181.128,     418.489,    417.897,
   32,       78.3,    181.084,     422.732,    420.990,
   33,       80.8,    181.055,     424.457,    423.922,
   34,       83.3,    181.033,     427.270,    426.700,
   35,       85.8,    181.142,     429.773,    429.331,
   36,       88.3,    181.193,     432.687,    431.819,
   37,       90.8,    181.128,     434.500,    434.173,
   38,       93.3,    181.113,     436.192,    436.396,
   39,       95.8,    181.098,     438.988,    438.496,
   40,       98.3,    181.135,     440.003,    440.479,
   41,      100.8,    181.077,     442.078,    442.349,
   42,      103.3,    181.252,     443.582,    444.113,
   43,      105.8,    181.171,     444.331,    445.776,
   44,      108.3,    181.120,     447.492,    447.343,
   45,      110.8,    181.135,     448.285,    448.819,
   46,      113.3,    181.026,     450.489,    450.208,
   47,      115.8,    181.084,     450.896,    451.516,
   48,      118.3,    181.150,     452.389,    452.747,
   49,      120.8,    181.252,     452.962,    453.904,
   50,      123.3,    181.033,     454.890,    454.992,
   51,      125.8,    181.259,     453.219,    456.015,
   52,      128.3,    181.215,     455.536,    456.976,
   53,      130.8,    181.193,     457.522,    457.880,
   54,      133.3,    181.325,     459.122,    458.728,
   55,      135.8,    181.288,     459.490,    459.524,
   56,      138.3,    181.252,     460.134,    460.273,
   57,      140.8,    181.047,     461.757,    460.977,
   58,      143.3,    181.128,     461.001,    461.637,
   59,      145.8,    181.237,     461.826,    462.256,
   60,      148.3,    180.916,     462.369,    462.839,
   61,      150.8,    181.288,     463.903,    463.383,
   62,      153.3,    181.179,     464.459,    463.894,
   63,      155.8,    181.018,     465.423,    464.375,
   64,      158.3,    181.179,     465.011,    464.825,
   65,      160.8,    181.273,     466.422,    465.246,
   66,      163.3,    181.252,     466.479,    465.640,
   67,      165.8,    181.186,     466.648,    466.011,
   68,      168.3,    181.179,     467.494,    466.359,
   69,      170.8,    181.303,     468.554,    466.684,
   70,      175.8,    179.706,     468.821,    468.659,
----,
DateTime:        , 2025/11/19, 17:15:05, 1763586904892,
RFID_EPC:        ,--Not Acquired--,
RFID_UserData:   ,--Not Acquired--,
Barcode:         ,--Not Acquired--,
PIF:,            0.00,
PARs:,            0.0,     0.0,     0.0,     0.0,     0.0,     0.0,
Light:,           0.0,     0.0,     0.0,     0.0,     0.0,     0.0,
Cycles:,            1,
                    1,      69,      70,      70,
Lamps:,        #10000,
Gain:,              2,      50, 
SNR_raw:,     350.84,
Position:,        0.0,              0.0,   NoData,
DataPt,      Time(us),   EX,         EM,       Fit,
==========,==========,==========,==========,=========,
    0,        0.0,      0.000,       0.000,    231.356,
    1,        0.8,    161.324,     233.692,    238.052,
    2,        3.3,    179.965,     246.575,    245.731,
    3,        5.8,    180.155,     258.111,    253.579,
    4,        8.3,    180.293,     264.291,    261.520,
    5,       10.8,    180.257,     271.002,    269.485,
    6,       13.3,    180.476,     277.877,    277.432,
    7,       15.8,    180.374,     285.241,    285.307,
    8,       18.3,    180.359,     291.918,    293.079,
    9,       20.8,    180.381,     299.644,    300.720,
   10,       23.3,    180.468,     306.425,    308.208,
   11,       25.8,    180.563,     314.571,    315.526,
   12,       28.3,    180.636,     320.811,    322.657,
   13,       30.8,    180.680,     328.481,    329.590,
   14,       33.3,    180.797,     334.907,    336.316,
   15,       35.8,    180.833,     341.752,    342.828,
   16,       38.3,    180.826,     348.125,    349.120,
   17,       40.8,    180.818,     355.882,    355.188,
   18,       43.3,    180.972,     359.725,    361.036,
   19,       45.8,    180.804,     366.696,    366.657,
   20,       48.3,    180.724,     373.222,    372.055,
   21,       50.8,    180.811,     377.189,    377.233,
   22,       53.3,    180.724,     383.182,    382.194,
   23,       55.8,    181.030,     386.677,    386.945,
   24,       58.3,    180.979,     392.864,    391.488,
   25,       60.8,    180.891,     396.923,    395.825,
   26,       63.3,    180.920,     400.729,    399.964,
   27,       65.8,    181.183,     405.391,    403.913,
   28,       68.3,    181.066,     409.519,    407.674,
   29,       70.8,    181.103,     410.817,    411.254,
   30,       73.3,    181.037,     415.384,    414.659,
   31,       75.8,    181.117,     417.961,    417.895,
   32,       78.3,    180.972,     422.718,    420.968,
   33,       80.8,    181.008,     424.291,    423.885,
   34,       83.3,    180.986,     426.828,    426.652,
   35,       85.8,    181.139,     429.504,    429.276,
   36,       88.3,    181.074,     431.040,    431.762,
   37,       90.8,    181.066,     433.819,    434.117,
   38,       93.3,    181.139,     436.129,    436.345,
   39,       95.8,    181.219,     438.695,    438.454,
   40,       98.3,    181.205,     440.386,    440.449,
   41,      100.8,    181.176,     442.112,    442.335,
   42,      103.3,    181.117,     443.911,    444.118,
   43,      105.8,    181.103,     444.775,    445.801,
   44,      108.3,    181.132,     447.740,    447.391,
   45,      110.8,    181.088,     447.296,    448.892,
   46,      113.3,    181.190,     451.183,    450.308,
   47,      115.8,    181.161,     451.808,    451.644,
   48,      118.3,    181.146,     451.844,    452.904,
   49,      120.8,    181.190,     452.563,    454.093,
   50,      123.3,    181.081,     453.665,    455.213,
   51,      125.8,    181.030,     455.450,    456.270,
   52,      128.3,    181.139,     456.831,    457.265,
   53,      130.8,    181.161,     457.328,    458.202,
   54,      133.3,    181.263,     459.001,    459.084,
   55,      135.8,    180.942,     460.091,    459.916,
   56,      138.3,    181.146,     459.297,    460.699,
   57,      140.8,    181.307,     460.821,    461.435,
   58,      143.3,    181.198,     461.927,    462.128,
   59,      145.8,    181.285,     463.083,    462.780,
   60,      148.3,    181.365,     463.705,    463.393,
   61,      150.8,    181.198,     464.686,    463.972,
   62,      153.3,    180.928,     465.379,    464.518,
   63,      155.8,    181.183,     465.552,    465.029,
   64,      158.3,    181.168,     466.141,    465.510,
   65,      160.8,    181.030,     467.050,    465.964,
   66,      163.3,    181.103,     467.690,    466.390,
   67,      165.8,    181.307,     467.715,    466.788,
   68,      168.3,    181.256,     468.123,    467.164,
   69,      170.8,    181.526,     468.529,    467.514,
   70,      175.8,    179.907,     468.853,    469.419,
----,
DateTime:        , 2025/11/19, 17:15:07, 1763586907352,
RFID_EPC:        ,--Not Acquired--,
RFID_UserData:   ,--Not Acquired--,
Barcode:         ,--Not Acquired--,
PIF:,            0.00,
PARs:,            0.0,     0.0,     0.0,     0.0,     0.0,     0.0,
Light:,           0.0,     0.0,     0.0,     0.0,     0.0,     0.0,
Cycles:,            1,
                    1,      69,      70,      70,
Lamps:,        #10000,
Gain:,              2,      50, 
SNR_raw:,     357.79,
Position:,        0.0,              0.0,   NoData,
DataPt,      Time(us),   EX,         EM,       Fit,
==========,==========,==========,==========,=========,
    0,        0.0,      0.000,       0.000,    231.754,
    1,        0.8,    161.390,     232.046,    238.773,
    2,        3.3,    179.967,     247.430,    246.682,
    3,        5.8,    180.120,     261.215,    254.653,
    4,        8.3,    180.295,     266.231,    262.643,
    5,       10.8,    180.302,     271.211,    270.608,
    6,       13.3,    180.353,     278.343,    278.514,
    7,       15.8,    180.448,     285.678,    286.335,
    8,       18.3,    180.426,     292.918,    294.040,
    9,       20.8,    180.455,     301.460,    301.610,
   10,       23.3,    180.477,     308.349,    309.026,
   11,       25.8,    180.601,     315.890,    316.275,
   12,       28.3,    180.689,     321.825,    323.343,
   13,       30.8,    180.718,     329.243,    330.217,
   14,       33.3,    180.849,     336.192,    336.891,
   15,       35.8,    180.783,     342.399,    343.353,
   16,       38.3,    180.776,     349.051,    349.600,
   17,       40.8,    180.907,     355.431,    355.632,
   18,       43.3,    180.798,     361.453,    361.442,
   19,       45.8,    180.951,     366.674,    367.034,
   20,       48.3,    180.864,     372.657,    372.405,
   21,       50.8,    180.849,     378.216,    377.558,
   22,       53.3,    180.893,     383.100,    382.495,
   23,       55.8,    181.009,     388.102,    387.222,
   24,       58.3,    181.075,     390.998,    391.741,
   25,       60.8,    181.017,     395.544,    396.054,
   26,       63.3,    180.980,     400.873,    400.169,
   27,       65.8,    181.082,     404.236,    404.090,
   28,       68.3,    181.002,     408.559,    407.822,
   29,       70.8,    180.842,     411.686,    411.371,
   30,       73.3,    181.206,     416.101,    414.746,
   31,       75.8,    181.111,     418.527,    417.951,
   32,       78.3,    181.009,     421.801,    420.991,
   33,       80.8,    181.017,     424.547,    423.874,
   34,       83.3,    181.002,     428.172,    426.605,
   35,       85.8,    180.980,     430.158,    429.192,
   36,       88.3,    181.148,     432.520,    431.641,
   37,       90.8,    181.031,     433.903,    433.957,
   38,       93.3,    181.286,     435.775,    436.146,
   39,       95.8,    181.002,     437.564,    438.215,
   40,       98.3,    181.082,     440.408,    440.170,
   41,      100.8,    181.133,     442.216,    442.014,
   42,      103.3,    181.111,     443.374,    443.755,
   43,      105.8,    181.075,     446.224,    445.397,
   44,      108.3,    181.141,     446.338,    446.945,
   45,      110.8,    181.082,     448.691,    448.405,
   46,      113.3,    181.133,     449.117,    449.780,
   47,      115.8,    181.192,     449.248,    451.074,
   48,      118.3,    181.206,     451.144,    452.294,
   49,      120.8,    180.987,     454.175,    453.443,
   50,      123.3,    181.206,     454.455,    454.523,
   51,      125.8,    181.279,     455.099,    455.539,
   52,      128.3,    180.951,     456.201,    456.497,
   53,      130.8,    181.031,     455.999,    457.397,
   54,      133.3,    181.082,     457.803,    458.243,
   55,      135.8,    181.155,     458.723,    459.038,
   56,      138.3,    181.228,     459.366,    459.785,
   57,      140.8,    181.228,     460.194,    460.487,
   58,      143.3,    181.141,     459.864,    461.147,
   59,      145.8,    181.170,     461.446,    461.768,
   60,      148.3,    181.170,     462.274,    462.350,
   61,      150.8,    181.097,     462.460,    462.898,
   62,      153.3,    181.192,     463.046,    463.411,
   63,      155.8,    181.213,     464.369,    463.894,
   64,      158.3,    181.192,     465.529,    464.347,
   65,      160.8,    181.243,     465.950,    464.771,
   66,      163.3,    181.148,     466.470,    465.171,
   67,      165.8,    181.308,     467.436,    465.545,
   68,      168.3,    181.221,     466.282,    465.896,
   69,      170.8,    181.286,     468.044,    466.226,
   70,      175.8,    179.806,     468.281,    468.185,
----,
DateTime:        , 2025/11/19, 17:15:09, 1763586909819,
RFID_EPC:        ,--Not Acquired--,
RFID_UserData:   ,--Not Acquired--,
Barcode:         ,--Not Acquired--,
PIF:,            0.00,
PARs:,            0.0,     0.0,     0.0,     0.0,     0.0,     0.0,
Light:,           0.0,     0.0,     0.0,     0.0,     0.0,     0.0,
Cycles:,            1,
                    1,      69,      70,      70,
Lamps:,        #10000,
Gain:,              2,      50, 
SNR_raw:,     353.11,
Position:,        0.0,              0.0,   NoData,
DataPt,      Time(us),   EX,         EM,       Fit,
==========,==========,==========,==========,=========,
    0,        0.0,      0.000,       0.000,    232.536,
    1,        0.8,    161.392,     233.902,    239.089,
    2,        3.3,    180.063,     247.657,    246.663,
    3,        5.8,    180.209,     259.976,    254.450,
    4,        8.3,    180.187,     265.557,    262.355,
    5,       10.8,    180.268,     272.096,    270.311,
    6,       13.3,    180.435,     277.662,    278.259,
    7,       15.8,    180.574,     285.202,    286.152,
    8,       18.3,    180.355,     293.310,    293.936,
    9,       20.8,    180.501,     300.830,    301.593,
   10,       23.3,    180.610,     307.568,    309.094,
   11,       25.8,    180.552,     314.591,    316.416,
   12,       28.3,    180.705,     321.795,    323.546,
   13,       30.8,    180.749,     328.633,    330.471,
   14,       33.3,    180.785,     336.311,    337.181,
   15,       35.8,    180.756,     342.727,    343.668,
   16,       38.3,    180.997,     349.178,    349.934,
   17,       40.8,    181.055,     355.693,    355.972,
   18,       43.3,    180.858,     362.162,    361.778,
   19,       45.8,    180.785,     368.116,    367.355,
   20,       48.3,    180.785,     372.542,    372.705,
   21,       50.8,    180.807,     377.751,    377.833,
   22,       53.3,    180.756,     384.773,    382.740,
   23,       55.8,    180.989,     388.697,    387.435,
   24,       58.3,    181.070,     393.495,    391.921,
   25,       60.8,    180.873,     395.859,    396.201,
   26,       63.3,    181.077,     402.039,    400.284,
   27,       65.8,    180.880,     404.688,    404.173,
   28,       68.3,    180.997,     408.295,    407.876,
   29,       70.8,    180.997,     411.334,    411.400,
   30,       73.3,    181.223,     415.235,    414.750,
   31,       75.8,    181.099,     418.280,    417.934,
   32,       78.3,    180.997,     421.279,    420.956,
   33,       80.8,    181.011,     424.007,    423.825,
   34,       83.3,    181.186,     427.185,    426.545,
   35,       85.8,    181.048,     428.616,    429.125,
   36,       88.3,    181.142,     431.704,    431.569,
   37,       90.8,    181.259,     434.461,    433.883,
   38,       93.3,    181.040,     436.091,    436.075,
   39,       95.8,    181.055,     439.093,    438.149,
   40,       98.3,    181.011,     439.476,    440.111,
   41,      100.8,    181.135,     441.383,    441.966,
   42,      103.3,    181.106,     442.559,    443.719,
   43,      105.8,    181.208,     445.344,    445.375,
   44,      108.3,    181.128,     446.094,    446.940,
   45,      110.8,    181.121,     448.596,    448.419,
   46,      113.3,    181.186,     449.538,    449.814,
   47,      115.8,    181.172,     450.678,    451.131,
   48,      118.3,    181.070,     451.484,    452.375,
   49,      120.8,    181.128,     452.719,    453.547,
   50,      123.3,    181.011,     454.116,    454.654,
   51,      125.8,    180.938,     454.575,    455.699,
   52,      128.3,    181.193,     456.694,    456.681,
   53,      130.8,    181.150,     456.804,    457.608,
   54,      133.3,    181.142,     458.203,    458.481,
   55,      135.8,    181.018,     459.069,    459.305,
   56,      138.3,    181.281,     458.956,    460.079,
   57,      140.8,    181.172,     461.165,    460.810,
   58,      143.3,    181.310,     461.364,    461.496,
   59,      145.8,    181.281,     462.542,    462.144,
   60,      148.3,    181.121,     462.951,    462.755,
   61,      150.8,    181.266,     463.131,    463.330,
   62,      153.3,    181.179,     463.630,    463.871,
   63,      155.8,    181.230,     464.327,    464.381,
   64,      158.3,    181.208,     466.315,    464.860,
   65,      160.8,    181.055,     467.538,    465.314,
   66,      163.3,    181.106,     465.473,    465.740,
   67,      165.8,    181.186,     466.647,    466.139,
   68,      168.3,    181.157,     467.826,    466.516,
   69,      170.8,    181.172,     467.789,    466.870,
   70,      175.8,    179.633,     469.011,    469.352,
----,
DateTime:        , 2025/11/19, 17:15:12, 1763586912303,
RFID_EPC:        ,--Not Acquired--,
RFID_UserData:   ,--Not Acquired--,
Barcode:         ,--Not Acquired--,
PIF:,            0.00,
PARs:,            0.0,     0.0,     0.0,     0.0,     0.0,     0.0,
Light:,           0.0,     0.0,     0.0,     0.0,     0.0,     0.0,
Cycles:,            1,
                    1,      69,      70,      70,
Lamps:,        #10000,
Gain:,              2,      50, 
SNR_raw:,     323.12,
Position:,        0.0,              0.0,   NoData,
DataPt,      Time(us),   EX,         EM,       Fit,
==========,==========,==========,==========,=========,
    0,        0.0,      0.000,       0.000,    233.046,
    1,        0.8,    161.278,     234.067,    239.648,
    2,        3.3,    179.904,     247.959,    247.183,
    3,        5.8,    180.109,     260.399,    254.863,
    4,        8.3,    179.992,     265.845,    262.619,
    5,       10.8,    180.240,     272.415,    270.416,
    6,       13.3,    180.240,     277.686,    278.203,
    7,       15.8,    180.466,     285.373,    285.951,
    8,       18.3,    180.437,     292.346,    293.621,
    9,       20.8,    180.517,     300.526,    301.187,
   10,       23.3,    180.670,     306.913,    308.631,
   11,       25.8,    180.692,     314.624,    315.927,
   12,       28.3,    180.670,     322.134,    323.057,
   13,       30.8,    180.765,     328.604,    330.012,
   14,       33.3,    180.772,     335.782,    336.777,
   15,       35.8,    180.787,     342.669,    343.344,
   16,       38.3,    180.867,     349.429,    349.706,
   17,       40.8,    180.721,     354.691,    355.852,
   18,       43.3,    180.859,     361.330,    361.787,
   19,       45.8,    180.750,     368.188,    367.502,
   20,       48.3,    180.830,     373.831,    373.000,
   21,       50.8,    180.932,     378.318,    378.281,
   22,       53.3,    180.998,     384.259,    383.347,
   23,       55.8,    180.954,     389.601,    388.198,
   24,       58.3,    181.013,     395.000,    392.837,
   25,       60.8,    180.903,     398.003,    397.267,
   26,       63.3,    181.049,     402.377,    401.495,
   27,       65.8,    180.910,     406.555,    405.522,
   28,       68.3,    180.961,     408.927,    409.357,
   29,       70.8,    180.969,     413.884,    413.003,
   30,       73.3,    181.085,     417.206,    416.468,
   31,       75.8,    181.246,     419.596,    419.759,
   32,       78.3,    180.954,     423.035,    422.877,
   33,       80.8,    181.020,     425.092,    425.833,
   34,       83.3,    181.282,     428.338,    428.632,
   35,       85.8,    181.151,     430.028,    431.280,
   36,       88.3,    181.239,     433.407,    433.785,
   37,       90.8,    181.093,     436.241,    436.150,
   38,       93.3,    181.282,     437.715,    438.384,
   39,       95.8,    181.034,     440.524,    440.492,
   40,       98.3,    181.064,     443.767,    442.480,
   41,      100.8,    181.042,     444.097,    444.354,
   42,      103.3,    181.195,     446.757,    446.119,
   43,      105.8,    181.129,     448.299,    447.782,
   44,      108.3,    181.136,     447.729,    449.347,
   45,      110.8,    181.136,     450.213,    450.820,
   46,      113.3,    181.122,     451.906,    452.205,
   47,      115.8,    181.042,     453.763,    453.507,
   48,      118.3,    181.231,     453.840,    454.731,
   49,      120.8,    181.100,     455.549,    455.881,
   50,      123.3,    181.195,     456.415,    456.961,
   51,      125.8,    181.071,     458.936,    457.976,
   52,      128.3,    181.034,     458.200,    458.928,
   53,      130.8,    181.202,     458.880,    459.821,
   54,      133.3,    181.355,     459.595,    460.659,
   55,      135.8,    181.253,     461.233,    461.445,
   56,      138.3,    181.195,     463.038,    462.183,
   57,      140.8,    181.187,     463.056,    462.875,
   58,      143.3,    181.282,     462.263,    463.523,
   59,      145.8,    181.224,     464.343,    464.131,
   60,      148.3,    181.107,     463.813,    464.702,
   61,      150.8,    181.202,     464.951,    465.236,
   62,      153.3,    181.136,     465.671,    465.736,
   63,      155.8,    181.064,     466.687,    466.206,
   64,      158.3,    181.187,     466.920,    466.645,
   65,      160.8,    181.341,     467.077,    467.055,
   66,      163.3,    181.217,     469.052,    467.439,
   67,      165.8,    181.268,     468.368,    467.800,
   68,      168.3,    181.122,     469.849,    468.138,
   69,      170.8,    181.049,     469.762,    468.455,
   70,      175.8,    179.671,     469.747,    469.989,
----,
DateTime:        , 2025/11/19, 17:15:14, 1763586914802,
RFID_EPC:        ,--Not Acquired--,
RFID_UserData:   ,--Not Acquired--,
Barcode:         ,--Not Acquired--,
PIF:,            0.00,
PARs:,            0.0,     0.0,     0.0,     0.0,     0.0,     0.0,
Light:,           0.0,     0.0,     0.0,     0.0,     0.0,     0.0,
Cycles:,            1,
                    1,      69,      70,      70,
Lamps:,        #10000,
Gain:,              2,      50, 
SNR_raw:,     294.39,
Position:,        0.0,              0.0,   NoData,
DataPt,      Time(us),   EX,         EM,       Fit,
==========,==========,==========,==========,=========,
    0,        0.0,      0.000,       0.000,    231.881,
    1,        0.8,    161.501,     233.435,    238.884,
    2,        3.3,    179.786,     247.432,    246.772,
    3,        5.8,    180.209,     259.976,    254.740,
    4,        8.3,    180.172,     265.579,    262.726,
    5,       10.8,    180.355,     273.073,    270.697,
    6,       13.3,    180.537,     279.167,    278.618,
    7,       15.8,    180.420,     284.613,    286.449,
    8,       18.3,    180.530,     293.027,    294.171,
    9,       20.8,    180.573,     300.709,    301.760,
   10,       23.3,    180.646,     308.060,    309.198,
   11,       25.8,    180.391,     314.871,    316.459,
   12,       28.3,    180.661,     322.427,    323.545,
   13,       30.8,    180.588,     329.202,    330.435,
   14,       33.3,    180.727,     336.697,    337.127,
   15,       35.8,    180.843,     343.391,    343.613,
   16,       38.3,    180.909,     349.347,    349.887,
   17,       40.8,    180.945,     355.909,    355.944,
   18,       43.3,    180.923,     362.308,    361.782,
   19,       45.8,    180.931,     367.544,    367.401,
   20,       48.3,    181.004,     372.092,    372.802,
   21,       50.8,    180.931,     379.427,    377.984,
   22,       53.3,    181.004,     383.142,    382.953,
   23,       55.8,    180.887,     388.641,    387.708,
   24,       58.3,    180.668,     393.539,    392.252,
   25,       60.8,    180.902,     398.007,    396.596,
   26,       63.3,    180.960,     402.023,    400.742,
   27,       65.8,    180.829,     405.356,    404.694,
   28,       68.3,    180.858,     409.161,    408.458,
   29,       70.8,    180.923,     411.500,    412.042,
   30,       73.3,    180.996,     415.754,    415.450,
   31,       75.8,    181.091,     419.126,    418.689,
   32,       78.3,    181.025,     422.040,    421.764,
   33,       80.8,    181.157,     425.046,    424.682,
   34,       83.3,    181.084,     427.150,    427.449,
   35,       85.8,    180.996,     429.291,    430.071,
   36,       88.3,    181.069,     433.536,    432.555,
   37,       90.8,    181.077,     433.518,    434.905,
   38,       93.3,    181.120,     437.003,    437.129,
   39,       95.8,    181.164,     438.001,    439.232,
   40,       98.3,    180.982,     442.034,    441.220,
   41,      100.8,    181.193,     442.070,    443.098,
   42,      103.3,    181.171,     445.711,    444.871,
   43,      105.8,    180.960,     446.784,    446.546,
   44,      108.3,    181.200,     448.674,    448.125,
   45,      110.8,    181.018,     448.850,    449.615,
   46,      113.3,    181.237,     450.515,    451.020,
   47,      115.8,    181.230,     452.465,    452.344,
   48,      118.3,    181.077,     453.952,    453.593,
   49,      120.8,    181.273,     454.838,    454.768,
   50,      123.3,    181.200,     455.021,    455.876,
   51,      125.8,    181.230,     456.327,    456.919,
   52,      128.3,    181.295,     457.265,    457.901,
   53,      130.8,    181.179,     458.112,    458.825,
   54,      133.3,    181.230,     457.431,    459.695,
   55,      135.8,    181.047,     459.824,    460.515,
   56,      138.3,    181.084,     462.217,    461.285,
   57,      140.8,    181.149,     462.050,    462.010,
   58,      143.3,    181.288,     462.248,    462.690,
   59,      145.8,    181.354,     464.838,    463.329,
   60,      148.3,    181.208,     463.005,    463.931,
   61,      150.8,    181.164,     465.324,    464.497,
   62,      153.3,    181.244,     465.946,    465.029,
   63,      155.8,    181.251,     466.203,    465.528,
   64,      158.3,    181.135,     467.055,    465.999,
   65,      160.8,    181.135,     466.779,    466.441,
   66,      163.3,    181.179,     468.047,    466.855,
   67,      165.8,    181.098,     467.702,    467.246,
   68,      168.3,    181.142,     467.589,    467.612,
   69,      170.8,    181.098,     468.254,    467.956,
   70,      175.8,    179.757,     470.079,    469.991,
----,
DateTime:        , 2025/11/19, 17:15:17, 1763586917256,
RFID_EPC:        ,--Not Acquired--,
RFID_UserData:   ,--Not Acquired--,
Barcode:         ,--Not Acquired--,
PIF:,            0.00,
PARs:,            0.0,     0.0,     0.0,     0.0,     0.0,     0.0,
Light:,           0.0,     0.0,     0.0,     0.0,     0.0,     0.0,
Cycles:,            1,
                    1,      69,      70,      70,
Lamps:,        #10000,
Gain:,              2,      50, 
SNR_raw:,     308.06,
Position:,        0.0,              0.0,   NoData,
DataPt,      Time(us),   EX,         EM,       Fit,
==========,==========,==========,==========,=========,
    0,        0.0,      0.000,       0.000,    232.273,
    1,        0.8,    161.334,     233.367,    238.935,
    2,        3.3,    179.869,     247.620,    246.586,
    3,        5.8,    180.117,     260.386,    254.419,
    4,        8.3,    180.124,     265.927,    262.346,
    5,       10.8,    180.278,     271.248,    270.308,
    6,       13.3,    180.365,     277.770,    278.251,
    7,       15.8,    180.431,     285.428,    286.130,
    8,       18.3,    180.482,     291.996,    293.909,
    9,       20.8,    180.518,     299.970,    301.560,
   10,       23.3,    180.525,     307.990,    309.056,
   11,       25.8,    180.591,     313.969,    316.382,
   12,       28.3,    180.642,     323.014,    323.522,
   13,       30.8,    180.620,     329.974,    330.462,
   14,       33.3,    180.649,     336.840,    337.195,
   15,       35.8,    180.912,     342.985,    343.721,
   16,       38.3,    180.905,     350.737,    350.027,
   17,       40.8,    180.759,     355.170,    356.109,
   18,       43.3,    180.905,     361.517,    361.971,
   19,       45.8,    180.883,     368.471,    367.611,
   20,       48.3,    180.919,     375.029,    373.030,
   21,       50.8,    180.934,     379.697,    378.231,
   22,       53.3,    180.824,     382.968,    383.214,
   23,       55.8,    180.839,     388.744,    387.986,
   24,       58.3,    180.839,     392.062,    392.549,
   25,       60.8,    180.948,     397.627,    396.911,
   26,       63.3,    180.854,     400.324,    401.074,
   27,       65.8,    181.196,     405.638,    405.049,
   28,       68.3,    180.999,     408.289,    408.835,
   29,       70.8,    181.058,     412.023,    412.441,
   30,       73.3,    180.897,     417.088,    415.872,
   31,       75.8,    181.021,     419.564,    419.134,
   32,       78.3,    181.021,     423.155,    422.235,
   33,       80.8,    181.131,     425.108,    425.179,
   34,       83.3,    181.189,     428.558,    427.975,
   35,       85.8,    181.021,     431.165,    430.626,
   36,       88.3,    181.072,     434.081,    433.139,
   37,       90.8,    180.985,     434.567,    435.521,
   38,       93.3,    181.160,     437.183,    437.776,
   39,       95.8,    181.109,     437.858,    439.911,
   40,       98.3,    181.327,     441.466,    441.932,
   41,      100.8,    181.131,     444.431,    443.843,
   42,      103.3,    181.196,     445.098,    445.650,
   43,      105.8,    180.883,     446.698,    447.359,
   44,      108.3,    181.043,     449.340,    448.972,
   45,      110.8,    181.145,     449.915,    450.496,
   46,      113.3,    181.211,     452.236,    451.934,
   47,      115.8,    181.189,     453.118,    453.292,
   48,      118.3,    180.985,     454.182,    454.574,
   49,      120.8,    181.080,     456.705,    455.783,
   50,      123.3,    181.306,     456.687,    456.922,
   51,      125.8,    181.276,     459.243,    457.997,
   52,      128.3,    181.080,     458.362,    459.011,
   53,      130.8,    181.080,     459.743,    459.967,
   54,      133.3,    181.043,     460.664,    460.868,
   55,      135.8,    181.240,     461.267,    461.715,
   56,      138.3,    181.065,     463.093,    462.514,
   57,      140.8,    181.043,     463.702,    463.267,
   58,      143.3,    181.247,     464.835,    463.975,
   59,      145.8,    181.335,     463.783,    464.641,
   60,      148.3,    181.320,     465.475,    465.268,
   61,      150.8,    181.415,     465.507,    465.858,
   62,      153.3,    181.313,     466.597,    466.414,
   63,      155.8,    181.284,     467.223,    466.938,
   64,      158.3,    181.255,     467.299,    467.431,
   65,      160.8,    181.080,     468.026,    467.896,
   66,      163.3,    181.211,     467.687,    468.333,
   67,      165.8,    181.123,     468.189,    468.744,
   68,      168.3,    181.174,     469.437,    469.130,
   69,      170.8,    181.379,     470.839,    469.491,
   70,      175.8,    179.818,     471.310,    471.380,
----,
DateTime:        , 2025/11/19, 17:15:19, 1763586919743,
RFID_EPC:        ,--Not Acquired--,
RFID_UserData:   ,--Not Acquired--,
Barcode:         ,--Not Acquired--,
PIF:,            0.00,
PARs:,            0.0,     0.0,     0.0,     0.0,     0.0,     0.0,
Light:,           0.0,     0.0,     0.0,     0.0,     0.0,     0.0,
Cycles:,            1,
                    1,      69,      70,      70,
Lamps:,        #10000,
Gain:,              2,      50, 
SNR_raw:,     339.51,
Position:,        0.0,              0.0,   NoData,
DataPt,      Time(us),   EX,         EM,       Fit,
==========,==========,==========,==========,=========,
    0,        0.0,      0.000,       0.000,    234.250,
    1,        0.8,    161.347,     235.207,    240.950,
    2,        3.3,    179.932,     248.973,    248.603,
    3,        5.8,    180.056,     261.308,    256.408,
    4,        8.3,    180.267,     269.045,    264.302,
    5,       10.8,    180.187,     273.327,    272.219,
    6,       13.3,    180.289,     280.106,    280.118,
    7,       15.8,    180.413,     287.396,    287.959,
    8,       18.3,    180.573,     295.171,    295.709,
    9,       20.8,    180.610,     302.309,    303.336,
   10,       23.3,    180.646,     309.722,    310.814,
   11,       25.8,    180.646,     316.364,    318.124,
   12,       28.3,    180.683,     323.772,    325.250,
   13,       30.8,    180.741,     331.137,    332.180,
   14,       33.3,    180.799,     337.391,    338.903,
   15,       35.8,    180.595,     345.247,    345.408,
   16,       38.3,    180.785,     352.076,    351.696,
   17,       40.8,    180.748,     357.127,    357.759,
   18,       43.3,    180.872,     362.964,    363.600,
   19,       45.8,    180.879,     369.307,    369.215,
   20,       48.3,    180.828,     375.494,    374.606,
   21,       50.8,    181.003,     379.827,    379.776,
   22,       53.3,    181.069,     385.488,    384.727,
   23,       55.8,    181.040,     389.693,    389.463,
   24,       58.3,    180.887,     395.275,    393.987,
   25,       60.8,    181.091,     398.419,    398.306,
   26,       63.3,    180.894,     401.893,    402.423,
   27,       65.8,    180.930,     408.444,    406.345,
   28,       68.3,    180.887,     410.201,    410.079,
   29,       70.8,    181.076,     414.742,    413.631,
   30,       73.3,    180.828,     418.905,    417.006,
   31,       75.8,    181.222,     421.030,    420.212,
   32,       78.3,    180.952,     423.040,    423.255,
   33,       80.8,    181.033,     426.719,    426.141,
   34,       83.3,    181.091,     429.066,    428.877,
   35,       85.8,    181.171,     432.188,    431.469,
   36,       88.3,    181.062,     434.106,    433.924,
   37,       90.8,    181.193,     435.999,    436.247,
   38,       93.3,    181.018,     438.354,    438.445,
   39,       95.8,    180.938,     439.930,    440.525,
   40,       98.3,    180.989,     442.293,    442.490,
   41,      100.8,    181.062,     444.047,    444.346,
   42,      103.3,    181.164,     444.901,    446.099,
   43,      105.8,    181.120,     446.389,    447.754,
   44,      108.3,    181.018,     448.850,    449.317,
   45,      110.8,    181.098,     451.413,    450.792,
   46,      113.3,    181.208,     452.796,    452.181,
   47,      115.8,    181.339,     453.295,    453.491,
   48,      118.3,    181.135,     454.910,    454.728,
   49,      120.8,    181.142,     455.168,    455.894,
   50,      123.3,    181.164,     455.665,    456.992,
   51,      125.8,    181.251,     457.652,    458.026,
   52,      128.3,    181.331,     458.001,    459.000,
   53,      130.8,    181.069,     458.941,    459.920,
   54,      133.3,    181.280,     461.164,    460.783,
   55,      135.8,    181.135,     460.431,    461.598,
   56,      138.3,    181.047,     460.377,    462.367,
   57,      140.8,    181.237,     462.930,    463.087,
   58,      143.3,    181.229,     464.329,    463.765,
   59,      145.8,    180.974,     464.154,    464.407,
   60,      148.3,    181.186,     464.441,    465.008,
   61,      150.8,    181.178,     465.287,    465.573,
   62,      153.3,    181.397,     465.829,    466.101,
   63,      155.8,    181.113,     466.560,    466.603,
   64,      158.3,    181.346,     467.614,    467.071,
   65,      160.8,    181.157,     468.104,    467.514,
   66,      163.3,    181.193,     468.837,    467.930,
   67,      165.8,    181.200,     469.646,    468.321,
   68,      168.3,    181.317,     470.171,    468.687,
   69,      170.8,    181.208,     469.903,    469.033,
   70,      175.8,    179.633,     472.353,    472.079,
----,
DateTime:        , 2025/11/19, 17:15:22, 1763586922291,
RFID_EPC:        ,--Not Acquired--,
RFID_UserData:   ,--Not Acquired--,
Barcode:         ,--Not Acquired--,
PIF:,            0.00,
PARs:,            0.0,     0.0,     0.0,     0.0,     0.0,     0.0,
Light:,           0.0,     0.0,     0.0,     0.0,     0.0,     0.0,
Cycles:,            1,
                    1,      69,      70,      70,
Lamps:,        #10000,
Gain:,              2,      50, 
SNR_raw:,     296.62,
Position:,        0.0,              0.0,   NoData,
DataPt,      Time(us),   EX,         EM,       Fit,
==========,==========,==========,==========,=========,
    0,        0.0,      0.000,       0.000,    233.205,
    1,        0.8,    161.407,     234.811,    240.266,
    2,        3.3,    179.861,     248.550,    248.213,
    3,        5.8,    180.174,     260.858,    256.226,
    4,        8.3,    180.342,     268.102,    264.256,
    5,       10.8,    180.291,     274.001,    272.258,
    6,       13.3,    180.357,     280.001,    280.202,
    7,       15.8,    180.495,     286.711,    288.062,
    8,       18.3,    180.393,     295.466,    295.804,
    9,       20.8,    180.510,     303.031,    303.414,
   10,       23.3,    180.546,     310.170,    310.872,
   11,       25.8,    180.605,     317.268,    318.161,
   12,       28.3,    180.626,     324.150,    325.267,
   13,       30.8,    180.707,     332.030,    332.181,
   14,       33.3,    180.729,     336.969,    338.893,
   15,       35.8,    180.918,     345.737,    345.400,
   16,       38.3,    181.020,     349.409,    351.694,
   17,       40.8,    180.794,     358.419,    357.765,
   18,       43.3,    180.860,     363.541,    363.617,
   19,       45.8,    180.882,     368.749,    369.249,
   20,       48.3,    180.955,     373.851,    374.662,
   21,       50.8,    180.918,     380.559,    379.855,
   22,       53.3,    180.874,     385.074,    384.831,
   23,       55.8,    180.852,     390.097,    389.594,
   24,       58.3,    181.115,     394.777,    394.151,
   25,       60.8,    180.860,     399.481,    398.499,
   26,       63.3,    181.071,     404.537,    402.650,
   27,       65.8,    181.071,     405.918,    406.606,
   28,       68.3,    180.998,     411.606,    410.372,
   29,       70.8,    181.057,     415.340,    413.955,
   30,       73.3,    181.049,     417.290,    417.360,
   31,       75.8,    180.969,     422.448,    420.595,
   32,       78.3,    181.013,     424.555,    423.664,
   33,       80.8,    181.093,     426.852,    426.576,
   34,       83.3,    181.151,     429.199,    429.335,
   35,       85.8,    181.071,     432.427,    431.948,
   36,       88.3,    181.159,     434.702,    434.422,
   37,       90.8,    180.998,     435.639,    436.763,
   38,       93.3,    181.093,     439.001,    438.975,
   39,       95.8,    181.181,     441.272,    441.066,
   40,       98.3,    181.115,     442.813,    443.042,
   41,      100.8,    181.100,     445.057,    444.907,
   42,      103.3,    180.962,     446.503,    446.667,
   43,      105.8,    181.173,     447.914,    448.327,
   44,      108.3,    180.984,     450.040,    449.893,
   45,      110.8,    181.195,     451.447,    451.369,
   46,      113.3,    181.137,     452.144,    452.760,
   47,      115.8,    181.232,     452.736,    454.070,
   48,      118.3,    181.159,     455.954,    455.304,
   49,      120.8,    181.144,     456.266,    456.466,
   50,      123.3,    181.159,     457.886,    457.559,
   51,      125.8,    181.130,     456.855,    458.589,
   52,      128.3,    181.137,     459.597,    459.557,
   53,      130.8,    181.144,     459.027,    460.468,
   54,      133.3,    181.144,     462.063,    461.324,
   55,      135.8,    181.137,     462.358,    462.130,
   56,      138.3,    181.130,     461.824,    462.887,
   57,      140.8,    181.064,     461.715,    463.599,
   58,      143.3,    181.232,     464.047,    464.267,
   59,      145.8,    181.202,     463.018,    464.895,
   60,      148.3,    181.210,     465.759,    465.484,
   61,      150.8,    181.042,     466.190,    466.040,
   62,      153.3,    181.246,     466.492,    466.560,
   63,      155.8,    181.159,     468.098,    467.049,
   64,      158.3,    181.064,     468.895,    467.509,
   65,      160.8,    180.925,     468.701,    467.942,
   66,      163.3,    181.122,     470.124,    468.347,
   67,      165.8,    181.370,     469.758,    468.725,
   68,      168.3,    181.151,     470.049,    469.081,
   69,      170.8,    181.275,     470.279,    469.415,
   70,      175.8,    179.890,     471.677,    471.505,
----,
DateTime:        , 2025/11/19, 17:15:24, 1763586924742,
RFID_EPC:        ,--Not Acquired--,
RFID_UserData:   ,--Not Acquired--,
Barcode:         ,--Not Acquired--,
PIF:,            0.00,
PARs:,            0.0,     0.0,     0.0,     0.0,     0.0,     0.0,
Light:,           0.0,     0.0,     0.0,     0.0,     0.0,     0.0,
Cycles:,            1,
                    1,      69,      70,      70,
Lamps:,        #10000,
Gain:,              2,      50, 
SNR_raw:,     347.89,
Position:,        0.0,              0.0,   NoData,
DataPt,      Time(us),   EX,         EM,       Fit,
==========,==========,==========,==========,=========,
    0,        0.0,      0.000,       0.000,    234.457,
    1,        0.8,    161.443,     235.686,    241.147,
    2,        3.3,    180.021,     249.375,    248.808,
    3,        5.8,    180.211,     261.638,    256.635,
    4,        8.3,    180.248,     268.520,    264.550,
    5,       10.8,    180.357,     273.347,    272.495,
    6,       13.3,    180.452,     280.962,    280.419,
    7,       15.8,    180.364,     288.306,    288.274,
    8,       18.3,    180.532,     294.131,    296.033,
    9,       20.8,    180.386,     303.239,    303.658,
   10,       23.3,    180.495,     308.872,    311.132,
   11,       25.8,    180.641,     318.034,    318.437,
   12,       28.3,    180.700,     325.402,    325.557,
   13,       30.8,    180.743,     331.133,    332.478,
   14,       33.3,    180.692,     337.867,    339.189,
   15,       35.8,    180.904,     345.211,    345.690,
   16,       38.3,    180.809,     351.476,    351.969,
   17,       40.8,    180.882,     357.139,    358.026,
   18,       43.3,    180.772,     363.993,    363.859,
   19,       45.8,    180.860,     369.346,    369.470,
   20,       48.3,    180.904,     374.232,    374.859,
   21,       50.8,    180.955,     380.482,    380.030,
   22,       53.3,    180.977,     384.856,    384.985,
   23,       55.8,    181.050,     390.225,    389.729,
   24,       58.3,    181.020,     394.431,    394.265,
   25,       60.8,    181.130,     398.333,    398.599,
   26,       63.3,    180.918,     404.050,    402.734,
   27,       65.8,    181.064,     407.590,    406.678,
   28,       68.3,    180.991,     411.346,    410.436,
   29,       70.8,    180.940,     416.160,    414.014,
   30,       73.3,    181.122,     418.777,    417.419,
   31,       75.8,    181.122,     420.710,    420.657,
   32,       78.3,    181.086,     424.936,    423.734,
   33,       80.8,    181.042,     426.420,    426.656,
   34,       83.3,    181.312,     429.094,    429.430,
   35,       85.8,    180.991,     432.894,    432.062,
   36,       88.3,    181.042,     435.810,    434.558,
   37,       90.8,    181.013,     436.709,    436.922,
   38,       93.3,    181.057,     439.365,    439.163,
   39,       95.8,    180.889,     441.154,    441.284,
   40,       98.3,    181.028,     443.855,    443.292,
   41,      100.8,    180.991,     443.944,    445.192,
   42,      103.3,    180.999,     446.136,    446.989,
   43,      105.8,    181.013,     448.863,    448.688,
   44,      108.3,    181.254,     449.646,    450.293,
   45,      110.8,    181.268,     451.541,    451.809,
   46,      113.3,    180.911,     451.880,    453.245,
   47,      115.8,    181.188,     454.500,    454.598,
   48,      118.3,    181.312,     455.292,    455.875,
   49,      120.8,    181.130,     457.407,    457.083,
   50,      123.3,    181.217,     458.841,    458.221,
   51,      125.8,    181.013,     458.807,    459.298,
   52,      128.3,    181.013,     460.464,    460.313,
   53,      130.8,    181.108,     460.223,    461.269,
   54,      133.3,    181.137,     462.909,    462.171,
   55,      135.8,    181.144,     462.062,    463.021,
   56,      138.3,    181.188,     463.883,    463.822,
   57,      140.8,    181.246,     464.285,    464.577,
   58,      143.3,    181.239,     464.855,    465.289,
   59,      145.8,    181.101,     465.487,    465.961,
   60,      148.3,    181.239,     466.235,    466.592,
   61,      150.8,    181.268,     466.711,    467.187,
   62,      153.3,    181.057,     467.257,    467.750,
   63,      155.8,    181.217,     469.050,    468.278,
   64,      158.3,    181.130,     469.829,    468.777,
   65,      160.8,    181.122,     469.296,    469.246,
   66,      163.3,    181.079,     470.237,    469.688,
   67,      165.8,    181.232,     471.771,    470.103,
   68,      168.3,    181.159,     472.237,    470.495,
   69,      170.8,    181.261,     471.695,    470.862,
   70,      175.8,    179.795,     473.316,    473.291,
----,
DateTime:        , 2025/11/19, 17:15:27, 1763586927206,
RFID_EPC:        ,--Not Acquired--,
RFID_UserData:   ,--Not Acquired--,
Barcode:         ,--Not Acquired--,
PIF:,            0.00,
PARs:,            0.0,     0.0,     0.0,     0.0,     0.0,     0.0,
Light:,           0.0,     0.0,     0.0,     0.0,     0.0,     0.0,
Cycles:,            1,
                    1,      69,      70,      70,
Lamps:,        #10000,
Gain:,              2,      50, 
SNR_raw:,     335.46,
Position:,        0.0,              0.0,   NoData,
DataPt,      Time(us),   EX,         EM,       Fit,
==========,==========,==========,==========,=========,
    0,        0.0,      0.000,       0.000,    233.994,
    1,        0.8,    161.305,     235.578,    240.688,
    2,        3.3,    179.934,     248.717,    248.330,
    3,        5.8,    180.247,     260.476,    256.127,
    4,        8.3,    180.371,     268.890,    264.013,
    5,       10.8,    180.342,     273.092,    271.930,
    6,       13.3,    180.378,     279.413,    279.836,
    7,       15.8,    180.342,     286.400,    287.689,
    8,       18.3,    180.364,     295.236,    295.460,
    9,       20.8,    180.524,     302.175,    303.122,
   10,       23.3,    180.641,     309.454,    310.651,
   11,       25.8,    180.685,     315.743,    318.023,
   12,       28.3,    180.561,     323.714,    325.217,
   13,       30.8,    180.721,     332.280,    332.226,
   14,       33.3,    180.634,     338.254,    339.033,
   15,       35.8,    180.809,     345.669,    345.633,
   16,       38.3,    180.816,     351.186,    352.018,
   17,       40.8,    180.940,     357.301,    358.184,
   18,       43.3,    180.874,     364.065,    364.125,
   19,       45.8,    180.823,     370.528,    369.839,
   20,       48.3,    180.874,     375.399,    375.328,
   21,       50.8,    180.962,     381.572,    380.593,
   22,       53.3,    180.933,     386.055,    385.636,
   23,       55.8,    181.195,     391.843,    390.461,
   24,       58.3,    180.984,     395.340,    395.069,
   25,       60.8,    180.925,     399.889,    399.464,
   26,       63.3,    180.933,     404.571,    403.654,
   27,       65.8,    181.013,     407.982,    407.643,
   28,       68.3,    180.991,     413.004,    411.436,
   29,       70.8,    180.903,     415.968,    415.041,
   30,       73.3,    181.188,     420.282,    418.464,
   31,       75.8,    181.064,     421.675,    421.711,
   32,       78.3,    180.991,     424.883,    424.788,
   33,       80.8,    180.954,     428.561,    427.703,
   34,       83.3,    181.078,     430.753,    430.461,
   35,       85.8,    181.078,     434.066,    433.070,
   36,       88.3,    181.246,     434.768,    435.536,
   37,       90.8,    181.042,     437.468,    437.867,
   38,       93.3,    180.896,     439.755,    440.067,
   39,       95.8,    181.319,     441.211,    442.142,
   40,       98.3,    181.064,     443.214,    444.101,
   41,      100.8,    180.896,     446.112,    445.948,
   42,      103.3,    180.984,     448.383,    447.688,
   43,      105.8,    181.159,     448.778,    449.325,
   44,      108.3,    181.086,     450.339,    450.868,
   45,      110.8,    181.217,     451.669,    452.320,
   46,      113.3,    181.268,     453.748,    453.685,
   47,      115.8,    181.210,     454.722,    454.970,
   48,      118.3,    181.232,     454.667,    456.178,
   49,      120.8,    181.144,     455.991,    457.314,
   50,      123.3,    181.188,     458.916,    458.382,
   51,      125.8,    180.954,     458.679,    459.387,
   52,      128.3,    181.100,     460.242,    460.330,
   53,      130.8,    181.151,     460.665,    461.215,
   54,      133.3,    181.224,     462.135,    462.045,
   55,      135.8,    181.064,     461.163,    462.826,
   56,      138.3,    181.304,     464.964,    463.557,
   57,      140.8,    181.253,     464.543,    464.243,
   58,      143.3,    181.290,     464.725,    464.887,
   59,      145.8,    181.275,     464.763,    465.491,
   60,      148.3,    181.144,     466.480,    466.059,
   61,      150.8,    181.093,     467.163,    466.592,
   62,      153.3,    181.217,     467.120,    467.091,
   63,      155.8,    181.355,     468.417,    467.557,
   64,      158.3,    180.998,     469.618,    467.998,
   65,      160.8,    181.064,     468.343,    468.411,
   66,      163.3,    181.115,     468.763,    468.797,
   67,      165.8,    181.195,     469.936,    469.158,
   68,      168.3,    181.326,     470.698,    469.495,
   69,      170.8,    181.005,     471.533,    469.814,
   70,      175.8,    179.744,     472.616,    472.412,
----,
DateTime:        , 2025/11/19, 17:15:29, 1763586929665,
RFID_EPC:        ,--Not Acquired--,
RFID_UserData:   ,--Not Acquired--,
Barcode:         ,--Not Acquired--,
PIF:,            0.00,
PARs:,            0.0,     0.0,     0.0,     0.0,     0.0,     0.0,
Light:,           0.0,     0.0,     0.0,     0.0,     0.0,     0.0,
Cycles:,            1,
                    1,      69,      70,      70,
Lamps:,        #10000,
Gain:,              2,      50, 
SNR_raw:,     307.87,
Position:,        0.0,              0.0,   NoData,
DataPt,      Time(us),   EX,         EM,       Fit,
==========,==========,==========,==========,=========,
    0,        0.0,      0.000,       0.000,    233.623,
    1,        0.8,    161.340,     234.597,    240.825,
    2,        3.3,    180.078,     249.792,    248.917,
    3,        5.8,    180.143,     263.401,    257.041,
    4,        8.3,    180.275,     269.311,    265.157,
    5,       10.8,    180.340,     273.927,    273.227,
    6,       13.3,    180.588,     281.303,    281.226,
    7,       15.8,    180.421,     288.216,    289.112,
    8,       18.3,    180.464,     295.349,    296.869,
    9,       20.8,    180.515,     302.744,    304.478,
   10,       23.3,    180.639,     310.287,    311.924,
   11,       25.8,    180.552,     318.745,    319.188,
   12,       28.3,    180.676,     325.168,    326.264,
   13,       30.8,    180.683,     332.073,    333.139,
   14,       33.3,    180.778,     338.814,    339.810,
   15,       35.8,    180.843,     345.879,    346.270,
   16,       38.3,    180.982,     352.245,    352.516,
   17,       40.8,    180.880,     358.525,    358.542,
   18,       43.3,    180.880,     363.777,    364.348,
   19,       45.8,    180.807,     370.837,    369.933,
   20,       48.3,    180.843,     374.357,    375.300,
   21,       50.8,    180.814,     380.501,    380.452,
   22,       53.3,    180.982,     386.226,    385.394,
   23,       55.8,    180.807,     392.407,    390.123,
   24,       58.3,    181.128,     395.301,    394.652,
   25,       60.8,    181.048,     399.895,    398.980,
   26,       63.3,    181.113,     404.167,    403.113,
   27,       65.8,    180.873,     408.851,    407.053,
   28,       68.3,    181.091,     410.842,    410.810,
   29,       70.8,    181.077,     416.122,    414.389,
   30,       73.3,    180.865,     418.820,    417.793,
   31,       75.8,    181.142,     420.664,    421.032,
   32,       78.3,    181.018,     424.542,    424.110,
   33,       80.8,    181.091,     426.580,    427.034,
   34,       83.3,    180.938,     429.705,    429.808,
   35,       85.8,    181.099,     431.809,    432.441,
   36,       88.3,    181.150,     435.276,    434.937,
   37,       90.8,    181.164,     437.172,    437.303,
   38,       93.3,    181.040,     439.405,    439.544,
   39,       95.8,    181.018,     442.496,    441.665,
   40,       98.3,    181.164,     443.796,    443.672,
   41,      100.8,    180.953,     442.933,    445.572,
   42,      103.3,    181.062,     447.913,    447.367,
   43,      105.8,    180.982,     449.216,    449.065,
   44,      108.3,    181.069,     449.551,    450.669,
   45,      110.8,    181.150,     452.112,    452.184,
   46,      113.3,    181.142,     452.683,    453.615,
   47,      115.8,    181.310,     454.470,    454.965,
   48,      118.3,    181.120,     456.050,    456.240,
   49,      120.8,    181.244,     456.566,    457.443,
   50,      123.3,    181.259,     457.357,    458.578,
   51,      125.8,    181.201,     459.159,    459.648,
   52,      128.3,    181.048,     460.652,    460.658,
   53,      130.8,    181.106,     462.437,    461.610,
   54,      133.3,    181.172,     462.269,    462.506,
   55,      135.8,    181.157,     464.238,    463.352,
   56,      138.3,    181.230,     463.500,    464.148,
   57,      140.8,    181.164,     464.772,    464.898,
   58,      143.3,    181.208,     465.487,    465.604,
   59,      145.8,    181.164,     466.704,    466.270,
   60,      148.3,    181.317,     466.034,    466.895,
   61,      150.8,    181.026,     467.889,    467.487,
   62,      153.3,    181.172,     469.169,    468.042,
   63,      155.8,    181.208,     469.074,    468.565,
   64,      158.3,    181.215,     469.055,    469.056,
   65,      160.8,    181.113,     470.148,    469.520,
   66,      163.3,    181.164,     470.292,    469.956,
   67,      165.8,    181.113,     471.528,    470.367,
   68,      168.3,    181.186,     472.442,    470.752,
   69,      170.8,    180.982,     471.594,    471.117,
   70,      175.8,    179.611,     472.966,    472.944,
----,
DateTime:        , 2025/11/19, 17:15:32, 1763586932149,
RFID_EPC:        ,--Not Acquired--,
RFID_UserData:   ,--Not Acquired--,
Barcode:         ,--Not Acquired--,
PIF:,            0.00,
PARs:,            0.0,     0.0,     0.0,     0.0,     0.0,     0.0,
Light:,           0.0,     0.0,     0.0,     0.0,     0.0,     0.0,
Cycles:,            1,
                    1,      69,      70,      70,
Lamps:,        #10000,
Gain:,              2,      50, 
SNR_raw:,     346.05,
Position:,        0.0,              0.0,   NoData,
DataPt,      Time(us),   EX,         EM,       Fit,
==========,==========,==========,==========,=========,
    0,        0.0,      0.000,       0.000,    232.850,
    1,        0.8,    161.234,     234.751,    240.003,
    2,        3.3,    179.994,     248.632,    248.085,
    3,        5.8,    180.234,     261.049,    256.239,
    4,        8.3,    180.139,     268.681,    264.402,
    5,       10.8,    180.220,     274.110,    272.538,
    6,       13.3,    180.402,     279.654,    280.616,
    7,       15.8,    180.409,     287.957,    288.595,
    8,       18.3,    180.518,     295.815,    296.455,
    9,       20.8,    180.460,     303.668,    304.166,
   10,       23.3,    180.569,     309.853,    311.716,
   11,       25.8,    180.460,     318.353,    319.081,
   12,       28.3,    180.847,     324.861,    326.264,
   13,       30.8,    180.635,     332.161,    333.238,
   14,       33.3,    180.803,     337.937,    340.004,
   15,       35.8,    180.817,     346.206,    346.552,
   16,       38.3,    180.883,     351.885,    352.881,
   17,       40.8,    180.854,     358.853,    358.984,
   18,       43.3,    180.817,     364.456,    364.861,
   19,       45.8,    180.752,     371.227,    370.510,
   20,       48.3,    180.941,     376.918,    375.939,
   21,       50.8,    180.970,     381.278,    381.147,
   22,       53.3,    180.905,     387.496,    386.134,
   23,       55.8,    180.992,     391.177,    390.907,
   24,       58.3,    181.073,     395.974,    395.471,
   25,       60.8,    181.073,     400.944,    399.827,
   26,       63.3,    180.949,     404.258,    403.981,
   27,       65.8,    181.094,     408.627,    407.941,
   28,       68.3,    180.876,     413.267,    411.708,
   29,       70.8,    181.043,     415.370,    415.294,
   30,       73.3,    180.890,     419.868,    418.701,
   31,       75.8,    181.102,     422.138,    421.938,
   32,       78.3,    180.890,     426.225,    425.010,
   33,       80.8,    181.043,     428.074,    427.924,
   34,       83.3,    181.131,     430.628,    430.687,
   35,       85.8,    181.145,     433.905,    433.304,
   36,       88.3,    181.145,     435.286,    435.782,
   37,       90.8,    181.116,     438.944,    438.127,
   38,       93.3,    181.065,     440.725,    440.344,
   39,       95.8,    181.058,     442.952,    442.441,
   40,       98.3,    181.102,     443.673,    444.421,
   41,      100.8,    180.992,     444.770,    446.292,
   42,      103.3,    181.153,     447.688,    448.058,
   43,      105.8,    181.182,     448.720,    449.725,
   44,      108.3,    181.277,     450.416,    451.297,
   45,      110.8,    181.109,     451.662,    452.780,
   46,      113.3,    181.131,     452.987,    454.179,
   47,      115.8,    181.102,     454.717,    455.496,
   48,      118.3,    181.313,     455.841,    456.737,
   49,      120.8,    181.080,     457.257,    457.907,
   50,      123.3,    181.167,     458.416,    459.008,
   51,      125.8,    181.109,     459.668,    460.045,
   52,      128.3,    181.182,     460.035,    461.021,
   53,      130.8,    181.248,     460.420,    461.939,
   54,      133.3,    181.124,     463.496,    462.803,
   55,      135.8,    181.204,     463.566,    463.616,
   56,      138.3,    181.080,     464.712,    464.381,
   57,      140.8,    181.342,     464.867,    465.099,
   58,      143.3,    181.073,     467.492,    465.776,
   59,      145.8,    181.058,     465.873,    466.412,
   60,      148.3,    181.196,     467.172,    467.009,
   61,      150.8,    181.204,     468.533,    467.570,
   62,      153.3,    181.065,     468.892,    468.098,
   63,      155.8,    181.007,     469.595,    468.594,
   64,      158.3,    181.306,     469.097,    469.059,
   65,      160.8,    181.087,     468.835,    469.496,
   66,      163.3,    181.299,     471.322,    469.906,
   67,      165.8,    181.094,     471.025,    470.293,
   68,      168.3,    181.175,     470.816,    470.655,
   69,      170.8,    181.291,     472.720,    470.994,
   70,      175.8,    179.899,     472.210,    472.545,
----,
DateTime:        , 2025/11/19, 17:15:34, 1763586934599,
RFID_EPC:        ,--Not Acquired--,
RFID_UserData:   ,--Not Acquired--,
Barcode:         ,--Not Acquired--,
PIF:,            0.00,
PARs:,            0.0,     0.0,     0.0,     0.0,     0.0,     0.0,
Light:,           0.0,     0.0,     0.0,     0.0,     0.0,     0.0,
Cycles:,            1,
                    1,      69,      70,      70,
Lamps:,        #10000,
Gain:,              2,      50, 
SNR_raw:,     334.56,
Position:,        0.0,              0.0,   NoData,
DataPt,      Time(us),   EX,         EM,       Fit,
==========,==========,==========,==========,=========,
    0,        0.0,      0.000,       0.000,    233.808,
    1,        0.8,    161.379,     236.090,    240.947,
    2,        3.3,    179.962,     250.030,    249.013,
    3,        5.8,    180.180,     262.515,    257.156,
    4,        8.3,    180.268,     269.322,    265.317,
    5,       10.8,    180.311,     273.416,    273.448,
    6,       13.3,    180.348,     280.846,    281.510,
    7,       15.8,    180.523,     288.052,    289.477,
    8,       18.3,    180.486,     296.698,    297.314,
    9,       20.8,    180.508,     304.141,    305.000,
   10,       23.3,    180.494,     311.368,    312.516,
   11,       25.8,    180.669,     319.092,    319.853,
   12,       28.3,    180.756,     326.130,    326.996,
   13,       30.8,    180.712,     332.019,    333.932,
   14,       33.3,    180.727,     340.016,    340.655,
   15,       35.8,    180.917,     346.845,    347.164,
   16,       38.3,    180.800,     353.153,    353.448,
   17,       40.8,    180.953,     358.933,    359.511,
   18,       43.3,    180.975,     365.244,    365.350,
   19,       45.8,    181.055,     371.158,    370.967,
   20,       48.3,    180.960,     376.326,    376.358,
   21,       50.8,    180.887,     381.453,    381.528,
   22,       53.3,    180.887,     386.981,    386.480,
   23,       55.8,    180.873,     391.988,    391.219,
   24,       58.3,    180.865,     396.427,    395.748,
   25,       60.8,    180.851,     401.159,    400.074,
   26,       63.3,    180.968,     406.150,    404.202,
   27,       65.8,    181.011,     409.919,    408.138,
   28,       68.3,    180.953,     411.709,    411.886,
   29,       70.8,    181.150,     415.954,    415.455,
   30,       73.3,    181.026,     419.553,    418.848,
   31,       75.8,    181.048,     421.988,    422.072,
   32,       78.3,    180.924,     425.594,    425.132,
   33,       80.8,    181.033,     427.546,    428.037,
   34,       83.3,    181.055,     430.808,    430.791,
   35,       85.8,    181.091,     433.483,    433.403,
   36,       88.3,    180.917,     436.113,    435.875,
   37,       90.8,    180.946,     439.635,    438.216,
   38,       93.3,    181.201,     440.119,    440.433,
   39,       95.8,    181.070,     440.715,    442.529,
   40,       98.3,    181.164,     444.624,    444.510,
   41,      100.8,    181.266,     446.304,    446.384,
   42,      103.3,    181.223,     447.240,    448.153,
   43,      105.8,    181.084,     449.791,    449.824,
   44,      108.3,    181.201,     450.053,    451.401,
   45,      110.8,    181.091,     453.086,    452.889,
   46,      113.3,    181.099,     453.620,    454.293,
   47,      115.8,    181.150,     455.424,    455.616,
   48,      118.3,    181.113,     456.620,    456.864,
   49,      120.8,    181.077,     456.988,    458.041,
   50,      123.3,    181.237,     457.687,    459.149,
   51,      125.8,    181.194,     459.454,    460.192,
   52,      128.3,    181.296,     460.298,    461.175,
   53,      130.8,    181.179,     462.802,    462.101,
   54,      133.3,    181.215,     462.157,    462.973,
   55,      135.8,    181.113,     464.902,    463.794,
   56,      138.3,    181.121,     464.331,    464.566,
   57,      140.8,    181.091,     465.235,    465.293,
   58,      143.3,    181.084,     466.634,    465.976,
   59,      145.8,    181.077,     466.929,    466.619,
   60,      148.3,    181.186,     468.027,    467.223,
   61,      150.8,    181.099,     467.701,    467.792,
   62,      153.3,    181.033,     468.146,    468.327,
   63,      155.8,    181.245,     469.255,    468.829,
   64,      158.3,    181.172,     470.272,    469.301,
   65,      160.8,    181.106,     470.167,    469.745,
   66,      163.3,    181.252,     471.168,    470.162,
   67,      165.8,    181.215,     469.883,    470.554,
   68,      168.3,    181.208,     471.557,    470.922,
   69,      170.8,    181.157,     472.794,    471.269,
   70,      175.8,    179.714,     472.140,    472.533,
----,
DateTime:        , 2025/11/19, 17:15:37, 1763586937076,
RFID_EPC:        ,--Not Acquired--,
RFID_UserData:   ,--Not Acquired--,
Barcode:         ,--Not Acquired--,
PIF:,            0.00,
PARs:,            0.0,     0.0,     0.0,     0.0,     0.0,     0.0,
Light:,           0.0,     0.0,     0.0,     0.0,     0.0,     0.0,
Cycles:,            1,
                    1,      69,      70,      70,
Lamps:,        #10000,
Gain:,              2,      50, 
SNR_raw:,     328.26,
Position:,        0.0,              0.0,   NoData,
DataPt,      Time(us),   EX,         EM,       Fit,
==========,==========,==========,==========,=========,
    0,        0.0,      0.000,       0.000,    233.949,
    1,        0.8,    161.427,     235.400,    241.017,
    2,        3.3,    180.017,     249.808,    249.004,
    3,        5.8,    180.235,     262.712,    257.074,
    4,        8.3,    180.316,     267.032,    265.169,
    5,       10.8,    180.454,     274.862,    273.247,
    6,       13.3,    180.469,     281.489,    281.265,
    7,       15.8,    180.221,     288.812,    289.180,
    8,       18.3,    180.425,     296.799,    296.981,
    9,       20.8,    180.534,     303.543,    304.642,
   10,       23.3,    180.717,     310.984,    312.145,
   11,       25.8,    180.651,     317.740,    319.467,
   12,       28.3,    180.644,     326.056,    326.596,
   13,       30.8,    180.753,     332.221,    333.526,
   14,       33.3,    180.804,     339.871,    340.248,
   15,       35.8,    180.877,     346.092,    346.755,
   16,       38.3,    180.775,     352.372,    353.040,
   17,       40.8,    180.877,     358.808,    359.105,
   18,       43.3,    180.928,     364.510,    364.948,
   19,       45.8,    180.840,     371.045,    370.567,
   20,       48.3,    180.848,     376.007,    375.965,
   21,       50.8,    180.819,     382.151,    381.143,
   22,       53.3,    180.811,     386.867,    386.106,
   23,       55.8,    180.928,     391.592,    390.859,
   24,       58.3,    181.059,     394.899,    395.406,
   25,       60.8,    180.906,     400.208,    399.749,
   26,       63.3,    180.957,     403.963,    403.894,
   27,       65.8,    181.052,     409.275,    407.850,
   28,       68.3,    180.986,     412.738,    411.618,
   29,       70.8,    181.037,     416.489,    415.207,
   30,       73.3,    180.921,     419.245,    418.622,
   31,       75.8,    180.921,     422.561,    421.869,
   32,       78.3,    181.198,     424.674,    424.956,
   33,       80.8,    181.154,     428.089,    427.887,
   34,       83.3,    180.972,     430.454,    430.670,
   35,       85.8,    181.103,     433.179,    433.309,
   36,       88.3,    180.964,     434.340,    435.812,
   37,       90.8,    180.884,     438.678,    438.184,
   38,       93.3,    180.921,     441.077,    440.430,
   39,       95.8,    180.964,     443.734,    442.558,
   40,       98.3,    181.059,     445.158,    444.571,
   41,      100.8,    181.088,     446.467,    446.476,
   42,      103.3,    181.088,     447.848,    448.277,
   43,      105.8,    181.117,     448.880,    449.980,
   44,      108.3,    181.241,     450.228,    451.590,
   45,      110.8,    181.183,     453.409,    453.111,
   46,      113.3,    181.322,     454.165,    454.547,
   47,      115.8,    181.176,     454.531,    455.904,
   48,      118.3,    180.935,     455.688,    457.187,
   49,      120.8,    181.081,     458.634,    458.396,
   50,      123.3,    181.081,     458.082,    459.538,
   51,      125.8,    181.132,     460.990,    460.614,
   52,      128.3,    181.096,     461.911,    461.630,
   53,      130.8,    181.227,     462.404,    462.586,
   54,      133.3,    181.307,     464.681,    463.488,
   55,      135.8,    181.314,     464.111,    464.338,
   56,      138.3,    181.263,     465.069,    465.140,
   57,      140.8,    181.176,     465.570,    465.896,
   58,      143.3,    181.234,     465.696,    466.609,
   59,      145.8,    181.263,     467.552,    467.279,
   60,      148.3,    181.220,     468.492,    467.912,
   61,      150.8,    181.066,     469.441,    468.509,
   62,      153.3,    181.066,     468.889,    469.071,
   63,      155.8,    181.074,     470.803,    469.600,
   64,      158.3,    181.132,     470.375,    470.098,
   65,      160.8,    181.117,     470.965,    470.567,
   66,      163.3,    181.161,     471.127,    471.007,
   67,      165.8,    181.285,     472.184,    471.421,
   68,      168.3,    181.314,     472.108,    471.810,
   69,      170.8,    181.343,     472.308,    472.176,
   70,      175.8,    179.667,     474.489,    474.420,
----,
DateTime:        , 2025/11/19, 17:15:39, 1763586939548,
RFID_EPC:        ,--Not Acquired--,
RFID_UserData:   ,--Not Acquired--,
Barcode:         ,--Not Acquired--,
PIF:,            0.00,
PARs:,            0.0,     0.0,     0.0,     0.0,     0.0,     0.0,
Light:,           0.0,     0.0,     0.0,     0.0,     0.0,     0.0,
Cycles:,            1,
                    1,      69,      70,      70,
Lamps:,        #10000,
Gain:,              2,      50, 
SNR_raw:,     314.91,
Position:,        0.0,              0.0,   NoData,
DataPt,      Time(us),   EX,         EM,       Fit,
==========,==========,==========,==========,=========,
    0,        0.0,      0.000,       0.000,    234.210,
    1,        0.8,    161.434,     235.700,    241.318,
    2,        3.3,    179.847,     250.347,    249.359,
    3,        5.8,    180.292,     263.461,    257.501,
    4,        8.3,    180.154,     268.105,    265.664,
    5,       10.8,    180.292,     274.277,    273.808,
    6,       13.3,    180.329,     282.263,    281.888,
    7,       15.8,    180.511,     289.456,    289.876,
    8,       18.3,    180.452,     297.308,    297.733,
    9,       20.8,    180.620,     303.953,    305.444,
   10,       23.3,    180.584,     311.490,    312.983,
   11,       25.8,    180.350,     320.210,    320.328,
   12,       28.3,    180.729,     326.178,    327.484,
   13,       30.8,    180.627,     333.006,    334.428,
   14,       33.3,    180.773,     340.758,    341.160,
   15,       35.8,    180.708,     347.799,    347.669,
   16,       38.3,    180.861,     353.311,    353.956,
   17,       40.8,    180.941,     359.510,    360.019,
   18,       43.3,    180.985,     365.224,    365.856,
   19,       45.8,    180.890,     371.220,    371.465,
   20,       48.3,    181.065,     376.108,    376.853,
   21,       50.8,    180.846,     382.646,    382.017,
   22,       53.3,    180.861,     387.315,    386.963,
   23,       55.8,    180.912,     392.457,    391.697,
   24,       58.3,    180.824,     397.071,    396.221,
   25,       60.8,    180.919,     401.285,    400.544,
   26,       63.3,    181.036,     406.550,    404.670,
   27,       65.8,    180.985,     409.980,    408.603,
   28,       68.3,    180.963,     412.516,    412.351,
   29,       70.8,    181.145,     416.241,    415.920,
   30,       73.3,    181.050,     419.773,    419.315,
   31,       75.8,    181.021,     424.260,    422.543,
   32,       78.3,    181.036,     425.883,    425.611,
   33,       80.8,    181.145,     428.938,    428.524,
   34,       83.3,    181.094,     431.268,    431.289,
   35,       85.8,    181.196,     432.129,    433.912,
   36,       88.3,    181.130,     436.150,    436.399,
   37,       90.8,    181.174,     438.252,    438.756,
   38,       93.3,    180.977,     441.492,    440.989,
   39,       95.8,    181.130,     443.051,    443.103,
   40,       98.3,    181.269,     444.919,    445.104,
   41,      100.8,    181.160,     447.396,    446.998,
   42,      103.3,    181.101,     448.092,    448.789,
   43,      105.8,    181.160,     451.260,    450.482,
   44,      108.3,    181.028,     451.587,    452.082,
   45,      110.8,    180.985,     454.182,    453.595,
   46,      113.3,    181.196,     453.376,    455.023,
   47,      115.8,    181.079,     454.773,    456.372,
   48,      118.3,    181.079,     457.534,    457.646,
   49,      120.8,    181.262,     458.453,    458.848,
   50,      123.3,    181.196,     460.827,    459.982,
   51,      125.8,    181.138,     460.423,    461.053,
   52,      128.3,    181.072,     462.247,    462.064,
   53,      130.8,    181.232,     462.666,    463.016,
   54,      133.3,    181.014,     464.053,    463.915,
   55,      135.8,    181.262,     465.350,    464.761,
   56,      138.3,    181.072,     465.560,    465.561,
   57,      140.8,    181.138,     466.772,    466.313,
   58,      143.3,    181.196,     466.898,    467.022,
   59,      145.8,    181.298,     466.635,    467.690,
   60,      148.3,    181.043,     468.397,    468.321,
   61,      150.8,    181.291,     468.584,    468.913,
   62,      153.3,    181.247,     469.525,    469.471,
   63,      155.8,    181.276,     470.553,    469.997,
   64,      158.3,    181.276,     469.725,    470.492,
   65,      160.8,    181.130,     472.036,    470.960,
   66,      163.3,    180.992,     471.844,    471.402,
   67,      165.8,    181.232,     471.770,    471.815,
   68,      168.3,    181.116,     473.730,    472.206,
   69,      170.8,    181.123,     473.987,    472.573,
   70,      175.8,    179.651,     474.532,    474.546,
----,
DateTime:        , 2025/11/19, 17:15:42, 1763586942021,
RFID_EPC:        ,--Not Acquired--,
RFID_UserData:   ,--Not Acquired--,
Barcode:         ,--Not Acquired--,
PIF:,            0.00,
PARs:,            0.0,     0.0,     0.0,     0.0,     0.0,     0.0,
Light:,           0.0,     0.0,     0.0,     0.0,     0.0,     0.0,
Cycles:,            1,
                    1,      69,      70,      70,
Lamps:,        #10000,
Gain:,              2,      50, 
SNR_raw:,     358.62,
Position:,        0.0,              0.0,   NoData,
DataPt,      Time(us),   EX,         EM,       Fit,
==========,==========,==========,==========,=========,
    0,        0.0,      0.000,       0.000,    235.639,
    1,        0.8,    161.174,     237.322,    242.499,
    2,        3.3,    179.946,     251.287,    250.303,
    3,        5.8,    180.070,     263.786,    258.225,
    4,        8.3,    180.282,     269.024,    266.211,
    5,       10.8,    180.230,     276.035,    274.204,
    6,       13.3,    180.449,     281.797,    282.170,
    7,       15.8,    180.435,     288.193,    290.066,
    8,       18.3,    180.405,     297.386,    297.860,
    9,       20.8,    180.544,     303.527,    305.532,
   10,       23.3,    180.493,     312.201,    313.053,
   11,       25.8,    180.624,     318.617,    320.411,
   12,       28.3,    180.653,     327.146,    327.586,
   13,       30.8,    180.741,     333.627,    334.569,
   14,       33.3,    180.588,     341.108,    341.342,
   15,       35.8,    180.610,     347.988,    347.903,
   16,       38.3,    180.857,     353.593,    354.251,
   17,       40.8,    180.806,     359.500,    360.375,
   18,       43.3,    180.894,     365.960,    366.277,
   19,       45.8,    181.003,     371.816,    371.956,
   20,       48.3,    180.843,     377.952,    377.407,
   21,       50.8,    181.047,     383.326,    382.638,
   22,       53.3,    180.836,     388.474,    387.646,
   23,       55.8,    180.777,     394.131,    392.435,
   24,       58.3,    180.894,     397.747,    397.013,
   25,       60.8,    180.879,     402.478,    401.382,
   26,       63.3,    181.076,     406.459,    405.549,
   27,       65.8,    181.032,     409.871,    409.519,
   28,       68.3,    181.011,     414.893,    413.296,
   29,       70.8,    181.091,     417.470,    416.888,
   30,       73.3,    181.098,     420.767,    420.300,
   31,       75.8,    181.062,     424.441,    423.539,
   32,       78.3,    180.945,     427.754,    426.611,
   33,       80.8,    181.032,     429.205,    429.523,
   34,       83.3,    181.098,     432.362,    432.281,
   35,       85.8,    180.901,     434.768,    434.892,
   36,       88.3,    181.069,     438.231,    437.362,
   37,       90.8,    181.076,     438.766,    439.698,
   38,       93.3,    181.105,     441.456,    441.905,
   39,       95.8,    181.142,     444.127,    443.990,
   40,       98.3,    181.069,     445.134,    445.959,
   41,      100.8,    181.193,     448.141,    447.816,
   42,      103.3,    181.164,     449.317,    449.569,
   43,      105.8,    181.193,     451.453,    451.221,
   44,      108.3,    181.164,     452.353,    452.779,
   45,      110.8,    181.295,     454.232,    454.246,
   46,      113.3,    181.098,     455.002,    455.629,
   47,      115.8,    181.186,     456.162,    456.931,
   48,      118.3,    181.156,     456.236,    458.157,
   49,      120.8,    181.127,     459.070,    459.310,
   50,      123.3,    181.127,     459.070,    460.396,
   51,      125.8,    181.266,     460.374,    461.416,
   52,      128.3,    181.324,     461.329,    462.375,
   53,      130.8,    181.309,     462.193,    463.277,
   54,      133.3,    181.222,     464.624,    464.125,
   55,      135.8,    181.193,     465.250,    464.923,
   56,      138.3,    181.149,     466.743,    465.673,
   57,      140.8,    181.302,     466.349,    466.377,
   58,      143.3,    181.105,     468.236,    467.039,
   59,      145.8,    181.083,     468.292,    467.661,
   60,      148.3,    181.207,     467.420,    468.244,
   61,      150.8,    181.266,     469.477,    468.792,
   62,      153.3,    181.171,     468.894,    469.306,
   63,      155.8,    181.295,     469.677,    469.788,
   64,      158.3,    181.193,     471.321,    470.241,
   65,      160.8,    181.091,     471.587,    470.668,
   66,      163.3,    181.237,     471.759,    471.067,
   67,      165.8,    181.083,     472.434,    471.442,
   68,      168.3,    181.069,     474.129,    471.795,
   69,      170.8,    181.317,     473.757,    472.123,
   70,      175.8,    179.727,     474.329,    474.296,
----,
DateTime:        , 2025/11/19, 17:15:44, 1763586944482,
RFID_EPC:        ,--Not Acquired--,
RFID_UserData:   ,--Not Acquired--,
Barcode:         ,--Not Acquired--,
PIF:,            0.00,
PARs:,            0.0,     0.0,     0.0,     0.0,     0.0,     0.0,
Light:,           0.0,     0.0,     0.0,     0.0,     0.0,     0.0,
Cycles:,            1,
                    1,      69,      70,      70,
Lamps:,        #10000,
Gain:,              2,      50, 
SNR_raw:,     391.68,
Position:,        0.0,              0.0,   NoData,
DataPt,      Time(us),   EX,         EM,       Fit,
==========,==========,==========,==========,=========,
    0,        0.0,      0.000,       0.000,    234.440,
    1,        0.8,    161.341,     235.836,    241.148,
    2,        3.3,    180.069,     250.035,    248.884,
    3,        5.8,    180.011,     262.762,    256.817,
    4,        8.3,    180.281,     267.361,    264.874,
    5,       10.8,    180.171,     273.629,    272.972,
    6,       13.3,    180.324,     280.883,    281.060,
    7,       15.8,    180.361,     288.034,    289.085,
    8,       18.3,    180.390,     297.411,    297.010,
    9,       20.8,    180.448,     303.688,    304.800,
   10,       23.3,    180.550,     311.825,    312.433,
   11,       25.8,    180.689,     319.057,    319.887,
   12,       28.3,    180.718,     325.922,    327.143,
   13,       30.8,    180.973,     331.817,    334.194,
   14,       33.3,    180.740,     339.715,    341.019,
   15,       35.8,    180.725,     346.936,    347.617,
   16,       38.3,    180.798,     353.433,    353.984,
   17,       40.8,    180.784,     360.099,    360.116,
   18,       43.3,    180.784,     364.801,    366.014,
   19,       45.8,    180.900,     372.305,    371.680,
   20,       48.3,    180.929,     377.219,    377.114,
   21,       50.8,    180.849,     382.363,    382.318,
   22,       53.3,    180.958,     387.658,    387.299,
   23,       55.8,    180.966,     392.892,    392.060,
   24,       58.3,    180.944,     396.255,    396.605,
   25,       60.8,    181.090,     402.563,    400.942,
   26,       63.3,    181.010,     406.332,    405.075,
   27,       65.8,    181.031,     409.598,    409.011,
   28,       68.3,    181.133,     414.888,    412.757,
   29,       70.8,    181.039,     416.762,    416.319,
   30,       73.3,    181.075,     420.544,    419.704,
   31,       75.8,    180.922,     423.663,    422.918,
   32,       78.3,    180.864,     426.841,    425.968,
   33,       80.8,    181.192,     428.276,    428.860,
   34,       83.3,    181.221,     432.069,    431.602,
   35,       85.8,    181.053,     436.060,    434.201,
   36,       88.3,    181.075,     436.283,    436.662,
   37,       90.8,    180.900,     439.745,    438.992,
   38,       93.3,    181.090,     440.942,    441.196,
   39,       95.8,    181.184,     443.195,    443.280,
   40,       98.3,    181.148,     444.664,    445.251,
   41,      100.8,    181.228,     448.054,    447.113,
   42,      103.3,    181.082,     448.139,    448.874,
   43,      105.8,    181.170,     450.130,    450.536,
   44,      108.3,    181.184,     451.750,    452.106,
   45,      110.8,    181.082,     452.280,    453.588,
   46,      113.3,    181.112,     454.416,    454.987,
   47,      115.8,    181.243,     456.294,    456.305,
   48,      118.3,    181.031,     455.998,    457.551,
   49,      120.8,    181.221,     458.280,    458.723,
   50,      123.3,    181.235,     459.071,    459.829,
   51,      125.8,    180.980,     460.547,    460.874,
   52,      128.3,    181.184,     460.856,    461.856,
   53,      130.8,    181.250,     462.069,    462.781,
   54,      133.3,    181.163,     463.396,    463.654,
   55,      135.8,    181.075,     464.172,    464.477,
   56,      138.3,    181.177,     465.566,    465.251,
   57,      140.8,    181.301,     466.351,    465.978,
   58,      143.3,    181.308,     466.057,    466.663,
   59,      145.8,    181.010,     467.655,    467.312,
   60,      148.3,    181.184,     468.859,    467.921,
   61,      150.8,    180.900,     469.043,    468.497,
   62,      153.3,    181.119,     469.857,    469.036,
   63,      155.8,    181.199,     469.925,    469.542,
   64,      158.3,    181.112,     470.704,    470.020,
   65,      160.8,    181.192,     470.772,    470.468,
   66,      163.3,    181.243,     471.743,    470.889,
   67,      165.8,    181.447,     472.866,    471.283,
   68,      168.3,    181.257,     472.533,    471.656,
   69,      170.8,    181.119,     472.342,    472.009,
   70,      175.8,    179.661,     474.783,    474.788,
----,
DateTime:        , 2025/11/19, 17:15:47, 1763586946936,
RFID_EPC:        ,--Not Acquired--,
RFID_UserData:   ,--Not Acquired--,
Barcode:         ,--Not Acquired--,
PIF:,            0.00,
PARs:,            0.0,     0.0,     0.0,     0.0,     0.0,     0.0,
Light:,           0.0,     0.0,     0.0,     0.0,     0.0,     0.0,
Cycles:,            1,
                    1,      69,      70,      70,
Lamps:,        #10000,
Gain:,              2,      50, 
SNR_raw:,     318.51,
Position:,        0.0,              0.0,   NoData,
DataPt,      Time(us),   EX,         EM,       Fit,
==========,==========,==========,==========,=========,
    0,        0.0,      0.000,       0.000,    234.781,
    1,        0.8,    161.356,     236.744,    241.645,
    2,        3.3,    179.973,     250.701,    249.490,
    3,        5.8,    180.287,     263.192,    257.490,
    4,        8.3,    180.345,     268.097,    265.560,
    5,       10.8,    180.316,     275.073,    273.638,
    6,       13.3,    180.549,     282.194,    281.682,
    7,       15.8,    180.440,     289.293,    289.640,
    8,       18.3,    180.433,     296.509,    297.483,
    9,       20.8,    180.447,     303.136,    305.183,
   10,       23.3,    180.557,     311.537,    312.723,
   11,       25.8,    180.629,     319.162,    320.083,
   12,       28.3,    180.746,     324.765,    327.250,
   13,       30.8,    180.753,     332.774,    334.211,
   14,       33.3,    180.863,     341.419,    340.961,
   15,       35.8,    180.841,     346.437,    347.490,
   16,       38.3,    180.928,     352.902,    353.797,
   17,       40.8,    180.885,     359.622,    359.877,
   18,       43.3,    180.936,     365.047,    365.731,
   19,       45.8,    180.877,     371.246,    371.358,
   20,       48.3,    180.768,     376.173,    376.759,
   21,       50.8,    180.885,     381.735,    381.941,
   22,       53.3,    180.768,     386.684,    386.902,
   23,       55.8,    180.906,     391.639,    391.652,
   24,       58.3,    180.921,     396.858,    396.193,
   25,       60.8,    181.052,     400.989,    400.531,
   26,       63.3,    180.994,     405.262,    404.669,
   27,       65.8,    180.972,     410.284,    408.614,
   28,       68.3,    181.096,     413.869,    412.374,
   29,       70.8,    181.074,     416.128,    415.952,
   30,       73.3,    181.162,     420.619,    419.356,
   31,       75.8,    181.089,     424.101,    422.590,
   32,       78.3,    180.804,     427.534,    425.661,
   33,       80.8,    181.074,     428.830,    428.577,
   34,       83.3,    181.030,     433.353,    431.344,
   35,       85.8,    181.067,     434.094,    433.967,
   36,       88.3,    180.994,     437.031,    436.453,
   37,       90.8,    181.132,     438.905,    438.807,
   38,       93.3,    181.001,     442.815,    441.036,
   39,       95.8,    181.183,     441.265,    443.146,
   40,       98.3,    181.147,     444.390,    445.141,
   41,      100.8,    181.162,     446.563,    447.028,
   42,      103.3,    180.958,     449.553,    448.812,
   43,      105.8,    180.994,     449.462,    450.497,
   44,      108.3,    181.235,     451.625,    452.088,
   45,      110.8,    181.096,     453.351,    453.590,
   46,      113.3,    181.060,     453.166,    455.009,
   47,      115.8,    181.132,     454.364,    456.347,
   48,      118.3,    181.169,     456.756,    457.610,
   49,      120.8,    181.176,     457.290,    458.800,
   50,      123.3,    181.162,     458.706,    459.923,
   51,      125.8,    181.286,     459.220,    460.981,
   52,      128.3,    181.081,     461.947,    461.979,
   53,      130.8,    181.081,     462.223,    462.920,
   54,      133.3,    181.103,     464.100,    463.806,
   55,      135.8,    181.162,     465.054,    464.640,
   56,      138.3,    181.125,     465.700,    465.425,
   57,      140.8,    181.337,     465.984,    466.164,
   58,      143.3,    181.103,     466.861,    466.861,
   59,      145.8,    181.191,     468.291,    467.517,
   60,      148.3,    181.147,     468.128,    468.134,
   61,      150.8,    181.431,     469.324,    468.713,
   62,      153.3,    180.987,     469.924,    469.261,
   63,      155.8,    181.162,     469.470,    469.776,
   64,      158.3,    181.147,     471.164,    470.260,
   65,      160.8,    181.111,     471.535,    470.715,
   66,      163.3,    181.169,     472.763,    471.143,
   67,      165.8,    181.038,     472.553,    471.546,
   68,      168.3,    181.322,     472.916,    471.924,
   69,      170.8,    181.074,     472.458,    472.280,
   70,      175.8,    179.718,     473.519,    473.987,
----,
DateTime:        , 2025/11/19, 17:15:49, 1763586949403,
RFID_EPC:        ,--Not Acquired--,
RFID_UserData:   ,--Not Acquired--,
Barcode:         ,--Not Acquired--,
PIF:,            0.00,
PARs:,            0.0,     0.0,     0.0,     0.0,     0.0,     0.0,
Light:,           0.0,     0.0,     0.0,     0.0,     0.0,     0.0,
Cycles:,            1,
                    1,      69,      70,      70,
Lamps:,        #10000,
Gain:,              2,      50, 
SNR_raw:,     256.99,
Position:,        0.0,              0.0,   NoData,
DataPt,      Time(us),   EX,         EM,       Fit,
==========,==========,==========,==========,=========,
    0,        0.0,      0.000,       0.000,    234.158,
    1,        0.8,    161.345,     236.141,    241.458,
    2,        3.3,    180.135,     250.115,    249.672,
    3,        5.8,    180.098,     262.635,    257.917,
    4,        8.3,    180.288,     269.846,    266.156,
    5,       10.8,    180.339,     275.870,    274.345,
    6,       13.3,    180.375,     282.467,    282.449,
    7,       15.8,    180.397,     289.916,    290.439,
    8,       18.3,    180.725,     296.860,    298.303,
    9,       20.8,    180.528,     304.938,    306.000,
   10,       23.3,    180.674,     312.164,    313.526,
   11,       25.8,    180.638,     320.531,    320.862,
   12,       28.3,    180.740,     328.096,    327.999,
   13,       30.8,    180.572,     333.385,    334.922,
   14,       33.3,    180.725,     340.849,    341.632,
   15,       35.8,    180.630,     346.841,    348.119,
   16,       38.3,    180.718,     353.590,    354.385,
   17,       40.8,    180.827,     359.459,    360.427,
   18,       43.3,    180.893,     366.239,    366.245,
   19,       45.8,    180.805,     372.776,    371.835,
   20,       48.3,    181.112,     377.944,    377.209,
   21,       50.8,    181.082,     382.422,    382.360,
   22,       53.3,    180.966,     388.747,    387.292,
   23,       55.8,    181.039,     392.457,    392.012,
   24,       58.3,    181.104,     397.285,    396.523,
   25,       60.8,    180.871,     399.732,    400.827,
   26,       63.3,    180.944,     407.032,    404.934,
   27,       65.8,    181.068,     408.410,    408.849,
   28,       68.3,    180.900,     413.211,    412.576,
   29,       70.8,    180.959,     416.117,    416.122,
   30,       73.3,    181.097,     419.664,    419.496,
   31,       75.8,    181.002,     423.475,    422.701,
   32,       78.3,    181.075,     426.066,    425.744,
   33,       80.8,    181.010,     429.812,    428.632,
   34,       83.3,    181.017,     432.833,    431.371,
   35,       85.8,    181.090,     434.591,    433.967,
   36,       88.3,    180.900,     436.428,    436.425,
   37,       90.8,    181.155,     436.642,    438.754,
   38,       93.3,    181.082,     440.131,    440.958,
   39,       95.8,    181.017,     443.053,    443.043,
   40,       98.3,    181.090,     445.083,    445.014,
   41,      100.8,    181.112,     447.514,    446.877,
   42,      103.3,    181.104,     448.912,    448.637,
   43,      105.8,    181.075,     450.365,    450.300,
   44,      108.3,    181.199,     450.885,    451.870,
   45,      110.8,    181.206,     452.523,    453.351,
   46,      113.3,    181.155,     456.514,    454.750,
   47,      115.8,    181.068,     455.078,    456.069,
   48,      118.3,    181.090,     456.127,    457.312,
   49,      120.8,    181.082,     458.631,    458.485,
   50,      123.3,    181.170,     458.685,    459.590,
   51,      125.8,    181.134,     460.710,    460.631,
   52,      128.3,    181.155,     461.482,    461.613,
   53,      130.8,    181.265,     460.928,    462.536,
   54,      133.3,    181.134,     463.746,    463.407,
   55,      135.8,    181.309,     465.505,    464.226,
   56,      138.3,    181.228,     464.883,    464.998,
   57,      140.8,    181.243,     465.122,    465.724,
   58,      143.3,    181.155,     465.898,    466.408,
   59,      145.8,    181.126,     467.078,    467.052,
   60,      148.3,    181.104,     467.686,    467.658,
   61,      150.8,    181.185,     468.583,    468.227,
   62,      153.3,    181.228,     467.918,    468.763,
   63,      155.8,    181.199,     467.993,    469.266,
   64,      158.3,    181.163,     470.296,    469.740,
   65,      160.8,    181.185,     470.791,    470.186,
   66,      163.3,    181.177,     471.638,    470.605,
   67,      165.8,    181.119,     472.894,    470.999,
   68,      168.3,    181.243,     473.122,    471.369,
   69,      170.8,    181.039,     471.998,    471.718,
   70,      175.8,    179.515,     473.220,    473.196,
