----,
DateTime:        , 2025/11/18, 12:44:41, 1763484281028,
RFID_EPC:        ,--Not Acquired--,
RFID_UserData:   ,--Not Acquired--,
Barcode:         ,--Not Acquired--,
PIF:,            0.00,
PARs:,            0.0,     0.0,     0.0,     0.0,     0.0,     0.0,
Light:,           0.0,     0.0,     0.0,     0.0,     0.0,     0.0,
Cycles:,            1,
                    1,      69,      70,      70,
Lamps:,        #10000,
Gain:,              5,      25, 
SNR_raw:,     740.03,
Position:,        0.0,              0.0,   NoData,
DataPt,      Time(us),   EX,         EM,       Fit,
==========,==========,==========,==========,=========,
    0,        0.0,      0.000,       0.000,    209.450,
    1,        0.8,    165.221,     209.295,    213.159,
    2,        3.3,    179.871,     217.220,    217.373,
    3,        5.8,    180.051,     224.491,    221.769,
    4,        8.3,    180.051,     228.601,    226.331,
    5,       10.8,    180.206,     232.290,    231.053,
    6,       13.3,    180.257,     237.216,    235.924,
    7,       15.8,    180.425,     241.874,    240.936,
    8,       18.3,    180.476,     246.570,    246.079,
    9,       20.8,    180.669,     251.841,    251.347,
   10,       23.3,    180.644,     256.306,    256.727,
   11,       25.8,    180.605,     261.565,    262.209,
   12,       28.3,    180.682,     267.431,    267.790,
   13,       30.8,    180.772,     273.051,    273.461,
   14,       33.3,    180.515,     279.091,    279.206,
   15,       35.8,    180.605,     284.377,    285.026,
   16,       38.3,    180.528,     289.374,    290.908,
   17,       40.8,    180.669,     295.014,    296.851,
   18,       43.3,    180.785,     301.684,    302.846,
   19,       45.8,    180.837,     307.681,    308.885,
   20,       48.3,    180.927,     313.828,    314.961,
   21,       50.8,    180.888,     319.866,    321.061,
   22,       53.3,    180.927,     326.872,    327.181,
   23,       55.8,    180.824,     333.031,    333.309,
   24,       58.3,    180.978,     339.267,    339.444,
   25,       60.8,    180.811,     345.333,    345.569,
   26,       63.3,    180.978,     351.423,    351.686,
   27,       65.8,    180.901,     358.317,    357.781,
   28,       68.3,    180.940,     364.762,    363.849,
   29,       70.8,    180.978,     370.431,    369.882,
   30,       73.3,    180.953,     376.342,    375.872,
   31,       75.8,    180.965,     383.388,    381.812,
   32,       78.3,    180.991,     388.748,    387.695,
   33,       80.8,    180.978,     394.522,    393.514,
   34,       83.3,    181.081,     400.041,    399.265,
   35,       85.8,    181.004,     406.731,    404.938,
   36,       88.3,    181.004,     411.482,    410.527,
   37,       90.8,    180.991,     416.926,    416.028,
   38,       93.3,    180.978,     422.150,    421.434,
   39,       95.8,    180.991,     428.198,    426.742,
   40,       98.3,    181.004,     432.476,    431.946,
   41,      100.8,    180.965,     437.653,    437.042,
   42,      103.3,    181.030,     442.137,    442.028,
   43,      105.8,    181.146,     446.933,    446.901,
   44,      108.3,    180.901,     452.181,    451.652,
   45,      110.8,    181.030,     456.610,    456.284,
   46,      113.3,    181.133,     460.656,    460.796,
   47,      115.8,    181.017,     464.708,    465.182,
   48,      118.3,    181.068,     468.883,    469.442,
   49,      120.8,    181.223,     472.677,    473.579,
   50,      123.3,    181.081,     477.355,    477.587,
   51,      125.8,    181.249,     480.445,    481.469,
   52,      128.3,    181.081,     484.202,    485.223,
   53,      130.8,    180.991,     487.537,    488.849,
   54,      133.3,    181.030,     491.300,    492.349,
   55,      135.8,    180.940,     495.082,    495.725,
   56,      138.3,    181.068,     498.265,    498.979,
   57,      140.8,    181.159,     501.329,    502.113,
   58,      143.3,    181.133,     504.050,    505.127,
   59,      145.8,    181.081,     507.838,    508.024,
   60,      148.3,    181.146,     510.418,    510.806,
   61,      150.8,    181.197,     513.694,    513.477,
   62,      153.3,    181.146,     516.380,    516.037,
   63,      155.8,    181.352,     518.992,    518.491,
   64,      158.3,    181.081,     521.313,    520.840,
   65,      160.8,    181.262,     523.663,    523.088,
   66,      163.3,    181.120,     526.944,    525.237,
   67,      165.8,    181.313,     528.919,    527.292,
   68,      168.3,    181.197,     531.686,    529.254,
   69,      170.8,    181.159,     534.118,    531.127,
   70,      175.8,    179.936,     533.191,    534.065,
----,
DateTime:        , 2025/11/18, 12:44:49, 1763484289575,
RFID_EPC:        ,--Not Acquired--,
RFID_UserData:   ,--Not Acquired--,
Barcode:         ,--Not Acquired--,
PIF:,            0.00,
PARs:,            0.0,     0.0,     0.0,     0.0,     0.0,     0.0,
Light:,           0.0,     0.0,     0.0,     0.0,     0.0,     0.0,
Cycles:,            1,
                    1,      69,      70,      70,
Lamps:,        #10000,
Gain:,              5,      25, 
SNR_raw:,     711.83,
Position:,        0.0,              0.0,   NoData,
DataPt,      Time(us),   EX,         EM,       Fit,
==========,==========,==========,==========,=========,
    0,        0.0,      0.000,       0.000,    223.521,
    1,        0.8,    165.297,     224.082,    227.584,
    2,        3.3,    180.189,     232.169,    232.165,
    3,        5.8,    180.228,     239.586,    236.810,
    4,        8.3,    180.254,     243.768,    241.501,
    5,       10.8,    180.421,     247.754,    246.237,
    6,       13.3,    180.434,     252.059,    251.012,
    7,       15.8,    180.331,     256.972,    255.821,
    8,       18.3,    180.331,     260.521,    260.664,
    9,       20.8,    180.460,     265.877,    265.540,
   10,       23.3,    180.447,     270.440,    270.445,
   11,       25.8,    180.498,     275.017,    275.375,
   12,       28.3,    180.537,     280.054,    280.328,
   13,       30.8,    180.691,     284.906,    285.304,
   14,       33.3,    180.640,     288.751,    290.292,
   15,       35.8,    180.781,     293.946,    295.295,
   16,       38.3,    180.871,     298.997,    300.308,
   17,       40.8,    180.910,     303.797,    305.325,
   18,       43.3,    180.859,     309.192,    310.339,
   19,       45.8,    180.756,     314.568,    315.345,
   20,       48.3,    180.833,     319.522,    320.343,
   21,       50.8,    180.768,     324.725,    325.326,
   22,       53.3,    180.807,     330.297,    330.292,
   23,       55.8,    180.859,     334.958,    335.236,
   24,       58.3,    180.833,     340.314,    340.152,
   25,       60.8,    181.077,     345.377,    345.044,
   26,       63.3,    180.987,     350.411,    349.897,
   27,       65.8,    180.962,     355.214,    354.709,
   28,       68.3,    181.000,     360.552,    359.478,
   29,       70.8,    181.065,     364.732,    364.199,
   30,       73.3,    180.974,     369.886,    368.865,
   31,       75.8,    181.013,     375.001,    373.476,
   32,       78.3,    181.013,     378.315,    378.026,
   33,       80.8,    181.013,     383.398,    382.511,
   34,       83.3,    181.013,     387.817,    386.929,
   35,       85.8,    181.077,     392.098,    391.276,
   36,       88.3,    180.974,     396.078,    395.548,
   37,       90.8,    180.962,     400.638,    399.741,
   38,       93.3,    181.013,     404.943,    403.857,
   39,       95.8,    181.013,     408.589,    407.889,
   40,       98.3,    181.103,     412.251,    411.840,
   41,      100.8,    181.129,     415.836,    415.704,
   42,      103.3,    180.987,     419.808,    419.477,
   43,      105.8,    180.859,     423.756,    423.158,
   44,      108.3,    180.974,     427.022,    426.750,
   45,      110.8,    181.026,     430.215,    430.251,
   46,      113.3,    181.039,     433.056,    433.660,
   47,      115.8,    181.000,     436.464,    436.976,
   48,      118.3,    181.116,     439.608,    440.199,
   49,      120.8,    181.103,     442.621,    443.329,
   50,      123.3,    181.155,     445.586,    446.366,
   51,      125.8,    181.013,     448.476,    449.308,
   52,      128.3,    181.077,     451.409,    452.159,
   53,      130.8,    180.923,     454.337,    454.915,
   54,      133.3,    181.026,     456.399,    457.582,
   55,      135.8,    181.000,     459.337,    460.159,
   56,      138.3,    181.193,     461.938,    462.650,
   57,      140.8,    181.193,     464.808,    465.053,
   58,      143.3,    181.155,     466.452,    467.371,
   59,      145.8,    181.039,     468.850,    469.602,
   60,      148.3,    181.232,     471.440,    471.753,
   61,      150.8,    181.013,     473.557,    473.821,
   62,      153.3,    180.962,     476.123,    475.810,
   63,      155.8,    181.026,     478.053,    477.721,
   64,      158.3,    181.103,     480.168,    479.559,
   65,      160.8,    181.168,     482.537,    481.324,
   66,      163.3,    181.090,     484.289,    483.017,
   67,      165.8,    181.206,     485.745,    484.642,
   68,      168.3,    181.193,     487.656,    486.200,
   69,      170.8,    181.013,     489.246,    487.691,
   70,      175.8,    179.893,     489.290,    489.122,
----,
DateTime:        , 2025/11/18, 12:44:58, 1763484298118,
RFID_EPC:        ,--Not Acquired--,
RFID_UserData:   ,--Not Acquired--,
Barcode:         ,--Not Acquired--,
PIF:,            0.00,
PARs:,            0.0,     0.0,     0.0,     0.0,     0.0,     0.0,
Light:,           0.0,     0.0,     0.0,     0.0,     0.0,     0.0,
Cycles:,            1,
                    1,      69,      70,      70,
Lamps:,        #10000,
Gain:,              5,      25, 
SNR_raw:,     596.75,
Position:,        0.0,              0.0,   NoData,
DataPt,      Time(us),   EX,         EM,       Fit,
==========,==========,==========,==========,=========,
    0,        0.0,      0.000,       0.000,    228.735,
    1,        0.8,    165.206,     228.079,    232.685,
    2,        3.3,    180.021,     236.474,    237.042,
    3,        5.8,    180.201,     244.171,    241.453,
    4,        8.3,    180.382,     248.141,    245.914,
    5,       10.8,    180.394,     251.892,    250.416,
    6,       13.3,    180.446,     255.589,    254.954,
    7,       15.8,    180.549,     260.206,    259.525,
    8,       18.3,    180.497,     264.713,    264.121,
    9,       20.8,    180.665,     269.449,    268.743,
   10,       23.3,    180.562,     273.258,    273.381,
   11,       25.8,    180.459,     278.845,    278.030,
   12,       28.3,    180.510,     282.532,    282.690,
   13,       30.8,    180.626,     286.669,    287.358,
   14,       33.3,    180.665,     291.036,    292.029,
   15,       35.8,    180.858,     295.702,    296.703,
   16,       38.3,    180.678,     300.757,    301.366,
   17,       40.8,    180.909,     304.462,    306.025,
   18,       43.3,    180.819,     309.591,    310.667,
   19,       45.8,    180.845,     314.745,    315.292,
   20,       48.3,    180.922,     318.922,    319.896,
   21,       50.8,    180.652,     323.938,    324.467,
   22,       53.3,    180.793,     328.552,    329.012,
   23,       55.8,    180.819,     333.814,    333.524,
   24,       58.3,    180.884,     338.007,    338.000,
   25,       60.8,    180.793,     342.933,    342.432,
   26,       63.3,    180.961,     347.368,    346.823,
   27,       65.8,    181.038,     351.418,    351.167,
   28,       68.3,    180.948,     356.125,    355.457,
   29,       70.8,    180.961,     359.857,    359.693,
   30,       73.3,    181.090,     364.571,    363.873,
   31,       75.8,    180.999,     368.730,    367.989,
   32,       78.3,    180.999,     372.377,    372.041,
   33,       80.8,    181.064,     376.773,    376.028,
   34,       83.3,    180.922,     380.163,    379.942,
   35,       85.8,    180.948,     384.752,    383.785,
   36,       88.3,    180.935,     387.984,    387.554,
   37,       90.8,    181.128,     391.656,    391.251,
   38,       93.3,    180.845,     395.256,    394.866,
   39,       95.8,    180.922,     399.067,    398.403,
   40,       98.3,    180.961,     402.408,    401.860,
   41,      100.8,    181.025,     405.247,    405.238,
   42,      103.3,    180.871,     408.800,    408.530,
   43,      105.8,    181.090,     412.061,    411.743,
   44,      108.3,    181.038,     415.051,    414.872,
   45,      110.8,    180.974,     417.630,    417.917,
   46,      113.3,    181.180,     420.908,    420.880,
   47,      115.8,    181.193,     423.969,    423.760,
   48,      118.3,    180.987,     426.551,    426.553,
   49,      120.8,    181.154,     428.475,    429.265,
   50,      123.3,    181.154,     430.573,    431.895,
   51,      125.8,    181.167,     433.744,    434.443,
   52,      128.3,    181.051,     435.679,    436.907,
   53,      130.8,    180.896,     438.151,    439.290,
   54,      133.3,    181.077,     440.808,    441.596,
   55,      135.8,    181.025,     443.474,    443.823,
   56,      138.3,    181.077,     445.557,    445.975,
   57,      140.8,    180.999,     447.294,    448.050,
   58,      143.3,    181.102,     449.911,    450.052,
   59,      145.8,    181.193,     451.564,    451.983,
   60,      148.3,    181.167,     453.726,    453.843,
   61,      150.8,    181.025,     455.627,    455.632,
   62,      153.3,    181.090,     457.453,    457.354,
   63,      155.8,    181.167,     459.245,    459.012,
   64,      158.3,    181.064,     461.384,    460.604,
   65,      160.8,    181.025,     462.477,    462.134,
   66,      163.3,    181.102,     464.489,    463.604,
   67,      165.8,    181.090,     465.957,    465.014,
   68,      168.3,    181.154,     468.221,    466.369,
   69,      170.8,    181.283,     468.771,    467.669,
   70,      175.8,    179.905,     468.913,    469.017,
----,
DateTime:        , 2025/11/18, 12:45:06, 1763484306634,
RFID_EPC:        ,--Not Acquired--,
RFID_UserData:   ,--Not Acquired--,
Barcode:         ,--Not Acquired--,
PIF:,            0.00,
PARs:,            0.0,     0.0,     0.0,     0.0,     0.0,     0.0,
Light:,           0.0,     0.0,     0.0,     0.0,     0.0,     0.0,
Cycles:,            1,
                    1,      69,      70,      70,
Lamps:,        #10000,
Gain:,              5,      25, 
SNR_raw:,     521.49,
Position:,        0.0,              0.0,   NoData,
DataPt,      Time(us),   EX,         EM,       Fit,
==========,==========,==========,==========,=========,
    0,        0.0,      0.000,       0.000,    230.225,
    1,        0.8,    165.177,     230.178,    234.265,
    2,        3.3,    180.030,     238.408,    238.715,
    3,        5.8,    180.198,     245.952,    243.214,
    4,        8.3,    180.146,     249.575,    247.755,
    5,       10.8,    180.313,     254.113,    252.339,
    6,       13.3,    180.416,     258.291,    256.961,
    7,       15.8,    180.455,     261.894,    261.617,
    8,       18.3,    180.442,     266.900,    266.300,
    9,       20.8,    180.584,     271.453,    271.012,
   10,       23.3,    180.571,     275.903,    275.744,
   11,       25.8,    180.751,     280.386,    280.497,
   12,       28.3,    180.635,     284.330,    285.260,
   13,       30.8,    180.777,     288.865,    290.036,
   14,       33.3,    180.803,     293.801,    294.816,
   15,       35.8,    180.764,     298.400,    299.596,
   16,       38.3,    180.622,     303.063,    304.368,
   17,       40.8,    180.777,     308.004,    309.135,
   18,       43.3,    180.712,     313.426,    313.887,
   19,       45.8,    180.828,     318.203,    318.626,
   20,       48.3,    180.983,     322.904,    323.347,
   21,       50.8,    180.996,     327.522,    328.042,
   22,       53.3,    181.021,     331.895,    332.708,
   23,       55.8,    180.931,     337.255,    337.337,
   24,       58.3,    180.983,     342.022,    341.929,
   25,       60.8,    181.060,     346.736,    346.480,
   26,       63.3,    180.983,     351.967,    350.983,
   27,       65.8,    180.777,     356.240,    355.430,
   28,       68.3,    180.777,     360.002,    359.823,
   29,       70.8,    180.931,     364.558,    364.162,
   30,       73.3,    180.828,     369.080,    368.438,
   31,       75.8,    180.764,     373.194,    372.648,
   32,       78.3,    181.137,     377.504,    376.799,
   33,       80.8,    180.905,     382.520,    380.874,
   34,       83.3,    181.176,     385.151,    384.882,
   35,       85.8,    181.060,     389.374,    388.813,
   36,       88.3,    181.073,     392.881,    392.666,
   37,       90.8,    181.060,     396.333,    396.439,
   38,       93.3,    180.944,     400.013,    400.128,
   39,       95.8,    181.086,     404.229,    403.737,
   40,       98.3,    180.815,     408.151,    407.257,
   41,      100.8,    180.970,     410.566,    410.694,
   42,      103.3,    180.918,     414.552,    414.044,
   43,      105.8,    180.893,     417.706,    417.307,
   44,      108.3,    180.970,     420.070,    420.484,
   45,      110.8,    181.214,     423.918,    423.577,
   46,      113.3,    181.060,     426.930,    426.579,
   47,      115.8,    181.073,     428.888,    429.495,
   48,      118.3,    181.086,     432.282,    432.323,
   49,      120.8,    181.034,     434.725,    435.064,
   50,      123.3,    181.150,     436.765,    437.720,
   51,      125.8,    180.944,     440.136,    440.288,
   52,      128.3,    181.034,     442.237,    442.773,
   53,      130.8,    181.086,     444.541,    445.176,
   54,      133.3,    181.021,     446.909,    447.495,
   55,      135.8,    181.202,     448.341,    449.736,
   56,      138.3,    181.021,     451.439,    451.896,
   57,      140.8,    181.060,     453.220,    453.979,
   58,      143.3,    180.996,     455.260,    455.984,
   59,      145.8,    181.137,     457.885,    457.917,
   60,      148.3,    181.047,     459.770,    459.776,
   61,      150.8,    181.202,     461.475,    461.565,
   62,      153.3,    180.918,     463.524,    463.283,
   63,      155.8,    181.021,     465.470,    464.934,
   64,      158.3,    181.086,     466.851,    466.520,
   65,      160.8,    181.189,     468.462,    468.044,
   66,      163.3,    181.150,     470.549,    469.505,
   67,      165.8,    181.240,     471.750,    470.907,
   68,      168.3,    181.202,     473.396,    472.251,
   69,      170.8,    181.111,     475.398,    473.538,
   70,      175.8,    179.876,     473.771,    474.949,
----,
DateTime:        , 2025/11/18, 12:45:15, 1763484315156,
RFID_EPC:        ,--Not Acquired--,
RFID_UserData:   ,--Not Acquired--,
Barcode:         ,--Not Acquired--,
PIF:,            0.00,
PARs:,            0.0,     0.0,     0.0,     0.0,     0.0,     0.0,
Light:,           0.0,     0.0,     0.0,     0.0,     0.0,     0.0,
Cycles:,            1,
                    1,      69,      70,      70,
Lamps:,        #10000,
Gain:,              5,      25, 
SNR_raw:,     593.34,
Position:,        0.0,              0.0,   NoData,
DataPt,      Time(us),   EX,         EM,       Fit,
==========,==========,==========,==========,=========,
    0,        0.0,      0.000,       0.000,    230.344,
    1,        0.8,    165.341,     230.070,    234.269,
    2,        3.3,    179.938,     238.390,    238.607,
    3,        5.8,    180.311,     246.020,    243.021,
    4,        8.3,    180.195,     249.397,    247.494,
    5,       10.8,    180.414,     253.307,    252.029,
    6,       13.3,    180.478,     257.981,    256.618,
    7,       15.8,    180.568,     262.062,    261.257,
    8,       18.3,    180.478,     266.293,    265.937,
    9,       20.8,    180.530,     270.759,    270.656,
   10,       23.3,    180.311,     275.524,    275.402,
   11,       25.8,    180.375,     280.305,    280.178,
   12,       28.3,    180.401,     284.810,    284.978,
   13,       30.8,    180.736,     288.598,    289.804,
   14,       33.3,    180.684,     293.662,    294.643,
   15,       35.8,    180.761,     297.851,    299.491,
   16,       38.3,    180.684,     303.402,    304.341,
   17,       40.8,    180.761,     307.699,    309.191,
   18,       43.3,    180.967,     312.985,    314.039,
   19,       45.8,    180.813,     317.898,    318.871,
   20,       48.3,    180.851,     323.138,    323.687,
   21,       50.8,    180.748,     327.970,    328.478,
   22,       53.3,    180.864,     333.178,    333.246,
   23,       55.8,    180.890,     337.774,    337.982,
   24,       58.3,    180.787,     342.724,    342.679,
   25,       60.8,    180.826,     347.738,    347.336,
   26,       63.3,    180.916,     352.098,    351.950,
   27,       65.8,    180.993,     357.583,    356.515,
   28,       68.3,    180.839,     361.980,    361.023,
   29,       70.8,    181.045,     365.987,    365.476,
   30,       73.3,    181.122,     370.469,    369.870,
   31,       75.8,    181.070,     374.882,    374.196,
   32,       78.3,    181.019,     378.966,    378.452,
   33,       80.8,    181.096,     383.112,    382.637,
   34,       83.3,    180.980,     387.446,    386.744,
   35,       85.8,    180.993,     391.728,    390.773,
   36,       88.3,    181.006,     395.457,    394.721,
   37,       90.8,    180.993,     399.352,    398.586,
   38,       93.3,    181.122,     403.486,    402.368,
   39,       95.8,    180.942,     406.319,    406.060,
   40,       98.3,    181.096,     410.059,    409.667,
   41,      100.8,    180.942,     414.056,    413.181,
   42,      103.3,    181.147,     416.456,    416.608,
   43,      105.8,    181.006,     419.876,    419.941,
   44,      108.3,    181.032,     422.910,    423.183,
   45,      110.8,    181.032,     426.334,    426.333,
   46,      113.3,    181.019,     428.574,    429.391,
   47,      115.8,    181.032,     432.521,    432.357,
   48,      118.3,    181.057,     434.448,    435.232,
   49,      120.8,    181.096,     437.558,    438.016,
   50,      123.3,    181.173,     440.131,    440.710,
   51,      125.8,    181.045,     442.654,    443.314,
   52,      128.3,    181.083,     445.210,    445.830,
   53,      130.8,    181.135,     447.181,    448.260,
   54,      133.3,    181.057,     450.244,    450.602,
   55,      135.8,    181.083,     452.610,    452.861,
   56,      138.3,    181.019,     454.318,    455.037,
   57,      140.8,    181.135,     456.567,    457.132,
   58,      143.3,    181.135,     458.885,    459.149,
   59,      145.8,    181.057,     461.180,    461.087,
   60,      148.3,    181.083,     463.213,    462.950,
   61,      150.8,    181.173,     464.197,    464.740,
   62,      153.3,    181.147,     466.360,    466.458,
   63,      155.8,    181.186,     468.248,    468.106,
   64,      158.3,    181.135,     470.148,    469.687,
   65,      160.8,    181.135,     472.135,    471.202,
   66,      163.3,    180.980,     473.975,    472.652,
   67,      165.8,    181.096,     475.107,    474.042,
   68,      168.3,    181.019,     477.409,    475.372,
   69,      170.8,    181.186,     477.741,    476.645,
   70,      175.8,    179.835,     477.105,    478.226,
----,
DateTime:        , 2025/11/18, 12:45:23, 1763484323672,
RFID_EPC:        ,--Not Acquired--,
RFID_UserData:   ,--Not Acquired--,
Barcode:         ,--Not Acquired--,
PIF:,            0.00,
PARs:,            0.0,     0.0,     0.0,     0.0,     0.0,     0.0,
Light:,           0.0,     0.0,     0.0,     0.0,     0.0,     0.0,
Cycles:,            1,
                    1,      69,      70,      70,
Lamps:,        #10000,
Gain:,              5,      25, 
SNR_raw:,     656.80,
Position:,        0.0,              0.0,   NoData,
DataPt,      Time(us),   EX,         EM,       Fit,
==========,==========,==========,==========,=========,
    0,        0.0,      0.000,       0.000,    230.165,
    1,        0.8,    165.302,     230.366,    234.181,
    2,        3.3,    179.847,     238.524,    238.605,
    3,        5.8,    180.156,     246.009,    243.090,
    4,        8.3,    180.208,     249.379,    247.626,
    5,       10.8,    180.337,     253.415,    252.211,
    6,       13.3,    180.478,     257.316,    256.840,
    7,       15.8,    180.568,     262.394,    261.508,
    8,       18.3,    180.658,     266.913,    266.212,
    9,       20.8,    180.594,     270.552,    270.942,
   10,       23.3,    180.671,     275.860,    275.699,
   11,       25.8,    180.671,     280.399,    280.475,
   12,       28.3,    180.568,     284.435,    285.264,
   13,       30.8,    180.620,     289.669,    290.065,
   14,       33.3,    180.491,     294.308,    294.868,
   15,       35.8,    180.736,     298.226,    299.680,
   16,       38.3,    180.903,     303.146,    304.493,
   17,       40.8,    180.839,     308.010,    309.297,
   18,       43.3,    180.826,     313.562,    314.088,
   19,       45.8,    180.877,     317.895,    318.865,
   20,       48.3,    180.980,     323.571,    323.622,
   21,       50.8,    180.787,     328.342,    328.349,
   22,       53.3,    180.967,     333.430,    333.050,
   23,       55.8,    180.903,     337.971,    337.715,
   24,       58.3,    180.890,     341.865,    342.341,
   25,       60.8,    180.736,     346.805,    346.920,
   26,       63.3,    180.916,     351.766,    351.456,
   27,       65.8,    180.954,     356.443,    355.943,
   28,       68.3,    180.980,     360.924,    360.375,
   29,       70.8,    181.057,     365.299,    364.750,
   30,       73.3,    180.929,     369.206,    369.060,
   31,       75.8,    181.006,     373.800,    373.307,
   32,       78.3,    180.942,     378.023,    377.484,
   33,       80.8,    181.045,     382.337,    381.592,
   34,       83.3,    181.006,     386.175,    385.625,
   35,       85.8,    181.006,     390.043,    389.582,
   36,       88.3,    180.993,     394.380,    393.460,
   37,       90.8,    181.070,     398.078,    397.259,
   38,       93.3,    181.135,     401.690,    400.976,
   39,       95.8,    181.135,     404.892,    404.609,
   40,       98.3,    181.096,     408.734,    408.157,
   41,      100.8,    181.083,     411.524,    411.617,
   42,      103.3,    180.993,     415.154,    414.989,
   43,      105.8,    180.942,     418.257,    418.271,
   44,      108.3,    180.980,     421.372,    421.466,
   45,      110.8,    181.019,     424.707,    424.574,
   46,      113.3,    180.942,     427.762,    427.591,
   47,      115.8,    181.057,     430.250,    430.522,
   48,      118.3,    180.980,     432.976,    433.363,
   49,      120.8,    181.045,     435.252,    436.118,
   50,      123.3,    181.006,     438.549,    438.785,
   51,      125.8,    181.096,     440.429,    441.368,
   52,      128.3,    181.122,     443.238,    443.866,
   53,      130.8,    180.993,     445.874,    446.278,
   54,      133.3,    181.173,     448.079,    448.610,
   55,      135.8,    181.057,     450.244,    450.859,
   56,      138.3,    180.942,     452.743,    453.027,
   57,      140.8,    181.070,     455.293,    455.118,
   58,      143.3,    181.109,     456.300,    457.133,
   59,      145.8,    181.057,     459.081,    459.073,
   60,      148.3,    181.032,     460.693,    460.939,
   61,      150.8,    181.147,     462.386,    462.734,
   62,      153.3,    181.070,     464.571,    464.459,
   63,      155.8,    181.135,     466.835,    466.117,
   64,      158.3,    180.954,     468.074,    467.708,
   65,      160.8,    181.122,     469.739,    469.236,
   66,      163.3,    181.057,     471.342,    470.701,
   67,      165.8,    181.122,     472.942,    472.107,
   68,      168.3,    181.096,     474.445,    473.454,
   69,      170.8,    181.057,     476.644,    474.745,
   70,      175.8,    179.860,     475.480,    476.235,
----,
DateTime:        , 2025/11/18, 12:45:32, 1763484332212,
RFID_EPC:        ,--Not Acquired--,
RFID_UserData:   ,--Not Acquired--,
Barcode:         ,--Not Acquired--,
PIF:,            0.00,
PARs:,            0.0,     0.0,     0.0,     0.0,     0.0,     0.0,
Light:,           0.0,     0.0,     0.0,     0.0,     0.0,     0.0,
Cycles:,            1,
                    1,      69,      70,      70,
Lamps:,        #10000,
Gain:,              5,      25, 
SNR_raw:,     576.76,
Position:,        0.0,              0.0,   NoData,
DataPt,      Time(us),   EX,         EM,       Fit,
==========,==========,==========,==========,=========,
    0,        0.0,      0.000,       0.000,    231.805,
    1,        0.8,    165.397,     232.048,    235.814,
    2,        3.3,    180.123,     239.999,    240.231,
    3,        5.8,    180.187,     247.298,    244.701,
    4,        8.3,    180.329,     250.875,    249.222,
    5,       10.8,    180.239,     255.217,    253.784,
    6,       13.3,    180.342,     259.840,    258.389,
    7,       15.8,    180.368,     263.684,    263.031,
    8,       18.3,    180.419,     267.932,    267.707,
    9,       20.8,    180.393,     272.405,    272.410,
   10,       23.3,    180.574,     276.895,    277.141,
   11,       25.8,    180.638,     282.222,    281.894,
   12,       28.3,    180.638,     285.765,    286.662,
   13,       30.8,    180.664,     290.485,    291.442,
   14,       33.3,    180.844,     294.840,    296.234,
   15,       35.8,    180.857,     300.348,    301.028,
   16,       38.3,    180.792,     304.659,    305.818,
   17,       40.8,    180.792,     310.190,    310.602,
   18,       43.3,    180.612,     314.818,    315.370,
   19,       45.8,    180.883,     319.434,    320.129,
   20,       48.3,    180.767,     324.507,    324.865,
   21,       50.8,    180.844,     329.345,    329.579,
   22,       53.3,    180.985,     333.618,    334.266,
   23,       55.8,    180.973,     338.836,    338.921,
   24,       58.3,    180.947,     343.195,    343.536,
   25,       60.8,    181.024,     348.351,    348.112,
   26,       63.3,    180.908,     353.107,    352.638,
   27,       65.8,    180.985,     357.156,    357.117,
   28,       68.3,    181.011,     361.856,    361.542,
   29,       70.8,    180.908,     366.374,    365.907,
   30,       73.3,    180.934,     371.848,    370.211,
   31,       75.8,    180.908,     375.218,    374.451,
   32,       78.3,    180.908,     378.977,    378.623,
   33,       80.8,    180.883,     383.232,    382.724,
   34,       83.3,    181.024,     387.683,    386.754,
   35,       85.8,    181.050,     391.273,    390.710,
   36,       88.3,    181.101,     395.359,    394.588,
   37,       90.8,    180.973,     399.176,    398.383,
   38,       93.3,    181.024,     402.377,    402.097,
   39,       95.8,    180.921,     406.033,    405.725,
   40,       98.3,    180.947,     409.070,    409.269,
   41,      100.8,    180.857,     412.923,    412.725,
   42,      103.3,    180.973,     416.527,    416.095,
   43,      105.8,    180.973,     419.732,    419.378,
   44,      108.3,    180.985,     422.465,    422.573,
   45,      110.8,    181.166,     425.136,    425.682,
   46,      113.3,    181.011,     428.482,    428.700,
   47,      115.8,    180.960,     431.035,    431.628,
   48,      118.3,    181.088,     433.821,    434.470,
   49,      120.8,    180.883,     436.969,    437.222,
   50,      123.3,    181.076,     439.816,    439.889,
   51,      125.8,    181.024,     441.820,    442.469,
   52,      128.3,    180.985,     444.345,    444.963,
   53,      130.8,    181.256,     446.772,    447.377,
   54,      133.3,    181.191,     449.690,    449.707,
   55,      135.8,    181.063,     451.446,    451.953,
   56,      138.3,    181.127,     453.604,    454.120,
   57,      140.8,    181.140,     455.780,    456.209,
   58,      143.3,    181.243,     457.618,    458.221,
   59,      145.8,    180.998,     460.004,    460.156,
   60,      148.3,    181.088,     462.536,    462.019,
   61,      150.8,    181.037,     463.331,    463.809,
   62,      153.3,    180.960,     465.849,    465.528,
   63,      155.8,    180.973,     467.585,    467.180,
   64,      158.3,    181.088,     469.494,    468.767,
   65,      160.8,    181.230,     470.783,    470.290,
   66,      163.3,    181.217,     472.141,    471.752,
   67,      165.8,    181.166,     473.489,    473.152,
   68,      168.3,    181.153,     475.841,    474.494,
   69,      170.8,    181.346,     476.658,    475.780,
   70,      175.8,    179.827,     476.347,    477.227,
----,
DateTime:        , 2025/11/18, 12:45:40, 1763484340734,
RFID_EPC:        ,--Not Acquired--,
RFID_UserData:   ,--Not Acquired--,
Barcode:         ,--Not Acquired--,
PIF:,            0.00,
PARs:,            0.0,     0.0,     0.0,     0.0,     0.0,     0.0,
Light:,           0.0,     0.0,     0.0,     0.0,     0.0,     0.0,
Cycles:,            1,
                    1,      69,      70,      70,
Lamps:,        #10000,
Gain:,              5,      25, 
SNR_raw:,     528.23,
Position:,        0.0,              0.0,   NoData,
DataPt,      Time(us),   EX,         EM,       Fit,
==========,==========,==========,==========,=========,
    0,        0.0,      0.000,       0.000,    233.528,
    1,        0.8,    165.288,     233.532,    237.546,
    2,        3.3,    180.064,     241.755,    241.978,
    3,        5.8,    180.103,     249.302,    246.465,
    4,        8.3,    180.322,     252.659,    251.007,
    5,       10.8,    180.257,     257.188,    255.593,
    6,       13.3,    180.515,     260.699,    260.228,
    7,       15.8,    180.386,     265.763,    264.897,
    8,       18.3,    180.489,     270.376,    269.602,
    9,       20.8,    180.605,     275.075,    274.340,
   10,       23.3,    180.412,     279.472,    279.097,
   11,       25.8,    180.695,     283.682,    283.882,
   12,       28.3,    180.669,     287.929,    288.683,
   13,       30.8,    180.566,     292.635,    293.492,
   14,       33.3,    180.759,     296.969,    298.314,
   15,       35.8,    180.772,     301.816,    303.138,
   16,       38.3,    180.721,     306.771,    307.959,
   17,       40.8,    180.657,     311.752,    312.771,
   18,       43.3,    180.772,     317.084,    317.576,
   19,       45.8,    180.798,     321.353,    322.364,
   20,       48.3,    180.953,     326.494,    327.136,
   21,       50.8,    180.953,     330.915,    331.883,
   22,       53.3,    180.940,     336.576,    336.600,
   23,       55.8,    180.965,     341.281,    341.284,
   24,       58.3,    180.965,     346.033,    345.929,
   25,       60.8,    180.927,     350.750,    350.531,
   26,       63.3,    180.927,     355.503,    355.086,
   27,       65.8,    180.901,     360.197,    359.589,
   28,       68.3,    180.785,     364.410,    364.036,
   29,       70.8,    180.991,     369.079,    368.428,
   30,       73.3,    181.004,     373.362,    372.760,
   31,       75.8,    181.120,     376.877,    377.028,
   32,       78.3,    181.017,     382.174,    381.226,
   33,       80.8,    180.978,     386.455,    385.351,
   34,       83.3,    181.004,     390.378,    389.404,
   35,       85.8,    180.991,     394.273,    393.379,
   36,       88.3,    180.875,     397.843,    397.273,
   37,       90.8,    180.965,     402.066,    401.088,
   38,       93.3,    180.850,     404.977,    404.819,
   39,       95.8,    180.965,     409.249,    408.467,
   40,       98.3,    181.030,     411.755,    412.030,
   41,      100.8,    180.875,     416.088,    415.505,
   42,      103.3,    181.133,     419.361,    418.896,
   43,      105.8,    181.004,     422.201,    422.196,
   44,      108.3,    180.940,     425.556,    425.406,
   45,      110.8,    181.146,     428.605,    428.531,
   46,      113.3,    181.004,     431.703,    431.564,
   47,      115.8,    181.017,     434.103,    434.509,
   48,      118.3,    181.133,     437.580,    437.366,
   49,      120.8,    181.030,     439.154,    440.134,
   50,      123.3,    181.171,     441.571,    442.817,
   51,      125.8,    181.017,     444.820,    445.411,
   52,      128.3,    181.120,     447.107,    447.920,
   53,      130.8,    181.043,     449.397,    450.344,
   54,      133.3,    180.953,     452.384,    452.684,
   55,      135.8,    181.094,     453.908,    454.944,
   56,      138.3,    181.210,     456.928,    457.124,
   57,      140.8,    180.991,     459.470,    459.224,
   58,      143.3,    181.120,     460.137,    461.247,
   59,      145.8,    181.030,     462.907,    463.194,
   60,      148.3,    181.107,     465.471,    465.068,
   61,      150.8,    181.068,     466.895,    466.870,
   62,      153.3,    181.159,     468.209,    468.603,
   63,      155.8,    181.249,     470.293,    470.268,
   64,      158.3,    181.184,     472.116,    471.866,
   65,      160.8,    181.081,     474.262,    473.399,
   66,      163.3,    181.159,     475.937,    474.870,
   67,      165.8,    181.146,     477.627,    476.280,
   68,      168.3,    181.043,     479.114,    477.631,
   69,      170.8,    181.133,     481.084,    478.926,
   70,      175.8,    179.884,     479.753,    480.429,
----,
DateTime:        , 2025/11/18, 12:45:49, 1763484349254,
RFID_EPC:        ,--Not Acquired--,
RFID_UserData:   ,--Not Acquired--,
Barcode:         ,--Not Acquired--,
PIF:,            0.00,
PARs:,            0.0,     0.0,     0.0,     0.0,     0.0,     0.0,
Light:,           0.0,     0.0,     0.0,     0.0,     0.0,     0.0,
Cycles:,            1,
                    1,      69,      70,      70,
Lamps:,        #10000,
Gain:,              5,      25, 
SNR_raw:,     620.99,
Position:,        0.0,              0.0,   NoData,
DataPt,      Time(us),   EX,         EM,       Fit,
==========,==========,==========,==========,=========,
    0,        0.0,      0.000,       0.000,    234.349,
    1,        0.8,    165.401,     234.339,    238.417,
    2,        3.3,    180.022,     242.648,    242.903,
    3,        5.8,    180.203,     250.274,    247.452,
    4,        8.3,    180.254,     254.197,    252.056,
    5,       10.8,    180.357,     258.376,    256.711,
    6,       13.3,    180.473,     262.533,    261.414,
    7,       15.8,    180.576,     266.259,    266.159,
    8,       18.3,    180.499,     271.692,    270.938,
    9,       20.8,    180.524,     275.863,    275.748,
   10,       23.3,    180.563,     280.456,    280.586,
   11,       25.8,    180.447,     284.959,    285.441,
   12,       28.3,    180.679,     289.353,    290.320,
   13,       30.8,    180.589,     293.817,    295.208,
   14,       33.3,    180.743,     299.209,    300.107,
   15,       35.8,    180.795,     304.102,    305.010,
   16,       38.3,    180.833,     309.346,    309.912,
   17,       40.8,    180.872,     314.256,    314.808,
   18,       43.3,    180.910,     318.832,    319.693,
   19,       45.8,    180.704,     324.065,    324.555,
   20,       48.3,    180.833,     328.811,    329.400,
   21,       50.8,    180.846,     334.096,    334.218,
   22,       53.3,    180.859,     338.717,    339.006,
   23,       55.8,    180.807,     343.570,    343.758,
   24,       58.3,    180.949,     348.385,    348.473,
   25,       60.8,    180.936,     353.495,    353.144,
   26,       63.3,    180.923,     358.494,    357.766,
   27,       65.8,    180.769,     362.784,    362.331,
   28,       68.3,    181.013,     366.934,    366.846,
   29,       70.8,    180.949,     371.707,    371.299,
   30,       73.3,    180.872,     376.399,    375.687,
   31,       75.8,    180.910,     380.741,    380.008,
   32,       78.3,    180.936,     384.666,    384.259,
   33,       80.8,    180.846,     388.728,    388.435,
   34,       83.3,    180.936,     393.619,    392.536,
   35,       85.8,    180.975,     396.851,    396.559,
   36,       88.3,    180.988,     400.911,    400.502,
   37,       90.8,    181.013,     404.279,    404.361,
   38,       93.3,    181.103,     409.048,    408.138,
   39,       95.8,    181.129,     412.192,    411.828,
   40,       98.3,    181.129,     415.725,    415.430,
   41,      100.8,    180.962,     419.094,    418.940,
   42,      103.3,    181.001,     422.761,    422.360,
   43,      105.8,    181.026,     425.463,    425.690,
   44,      108.3,    181.001,     429.060,    428.929,
   45,      110.8,    180.949,     432.608,    432.076,
   46,      113.3,    181.065,     434.651,    435.133,
   47,      115.8,    181.116,     437.730,    438.100,
   48,      118.3,    181.013,     440.188,    440.975,
   49,      120.8,    181.168,     443.015,    443.762,
   50,      123.3,    181.078,     446.107,    446.459,
   51,      125.8,    181.155,     448.345,    449.068,
   52,      128.3,    180.988,     451.080,    451.587,
   53,      130.8,    181.052,     453.461,    454.022,
   54,      133.3,    181.091,     455.794,    456.372,
   55,      135.8,    181.065,     458.289,    458.639,
   56,      138.3,    181.091,     460.101,    460.824,
   57,      140.8,    181.103,     462.608,    462.929,
   58,      143.3,    181.001,     465.192,    464.954,
   59,      145.8,    181.078,     466.319,    466.904,
   60,      148.3,    181.181,     468.924,    468.780,
   61,      150.8,    181.103,     469.676,    470.582,
   62,      153.3,    181.026,     472.197,    472.313,
   63,      155.8,    181.039,     473.820,    473.974,
   64,      158.3,    181.039,     475.919,    475.569,
   65,      160.8,    181.013,     477.755,    477.099,
   66,      163.3,    181.168,     479.335,    478.566,
   67,      165.8,    181.129,     481.424,    479.972,
   68,      168.3,    181.206,     483.316,    481.319,
   69,      170.8,    181.142,     483.929,    482.609,
   70,      175.8,    179.984,     483.044,    484.105,
----,
DateTime:        , 2025/11/18, 12:45:57, 1763484357765,
RFID_EPC:        ,--Not Acquired--,
RFID_UserData:   ,--Not Acquired--,
Barcode:         ,--Not Acquired--,
PIF:,            0.00,
PARs:,            0.0,     0.0,     0.0,     0.0,     0.0,     0.0,
Light:,           0.0,     0.0,     0.0,     0.0,     0.0,     0.0,
Cycles:,            1,
                    1,      69,      70,      70,
Lamps:,        #10000,
Gain:,              5,      25, 
SNR_raw:,     589.34,
Position:,        0.0,              0.0,   NoData,
DataPt,      Time(us),   EX,         EM,       Fit,
==========,==========,==========,==========,=========,
    0,        0.0,      0.000,       0.000,    236.524,
    1,        0.8,    165.245,     236.377,    240.666,
    2,        3.3,    180.175,     244.730,    245.232,
    3,        5.8,    180.278,     252.387,    249.850,
    4,        8.3,    180.484,     256.643,    254.518,
    5,       10.8,    180.613,     261.000,    259.232,
    6,       13.3,    180.510,     265.470,    263.982,
    7,       15.8,    180.497,     270.032,    268.767,
    8,       18.3,    180.472,     273.727,    273.581,
    9,       20.8,    180.600,     278.959,    278.426,
   10,       23.3,    180.549,     283.248,    283.293,
   11,       25.8,    180.523,     287.720,    288.177,
   12,       28.3,    180.703,     292.302,    293.080,
   13,       30.8,    180.716,     296.819,    297.994,
   14,       33.3,    180.793,     301.781,    302.915,
   15,       35.8,    180.768,     306.692,    307.837,
   16,       38.3,    180.613,     311.605,    312.752,
   17,       40.8,    180.806,     316.250,    317.663,
   18,       43.3,    180.703,     322.075,    322.559,
   19,       45.8,    180.858,     326.666,    327.442,
   20,       48.3,    180.883,     331.595,    332.304,
   21,       50.8,    180.755,     337.253,    337.136,
   22,       53.3,    180.909,     342.050,    341.941,
   23,       55.8,    180.909,     347.136,    346.710,
   24,       58.3,    180.922,     351.422,    351.440,
   25,       60.8,    181.025,     355.973,    356.129,
   26,       63.3,    180.909,     361.176,    360.766,
   27,       65.8,    180.896,     365.624,    365.350,
   28,       68.3,    180.896,     370.489,    369.878,
   29,       70.8,    180.948,     374.362,    374.346,
   30,       73.3,    181.076,     379.619,    378.754,
   31,       75.8,    180.871,     383.479,    383.090,
   32,       78.3,    180.986,     387.764,    387.357,
   33,       80.8,    180.858,     392.574,    391.549,
   34,       83.3,    180.871,     396.416,    395.664,
   35,       85.8,    181.025,     399.724,    399.704,
   36,       88.3,    181.038,     404.667,    403.662,
   37,       90.8,    180.961,     408.266,    407.536,
   38,       93.3,    180.974,     411.773,    411.325,
   39,       95.8,    180.999,     415.029,    415.027,
   40,       98.3,    181.051,     419.109,    418.642,
   41,      100.8,    180.922,     422.171,    422.165,
   42,      103.3,    181.012,     426.159,    425.599,
   43,      105.8,    181.038,     429.081,    428.943,
   44,      108.3,    181.076,     432.083,    432.196,
   45,      110.8,    181.102,     435.555,    435.357,
   46,      113.3,    181.038,     438.472,    438.426,
   47,      115.8,    181.167,     440.920,    441.406,
   48,      118.3,    181.076,     443.790,    444.293,
   49,      120.8,    181.038,     446.978,    447.089,
   50,      123.3,    180.961,     449.379,    449.794,
   51,      125.8,    181.076,     452.406,    452.412,
   52,      128.3,    180.999,     454.588,    454.941,
   53,      130.8,    181.064,     456.856,    457.385,
   54,      133.3,    181.102,     458.967,    459.743,
   55,      135.8,    181.076,     461.904,    462.018,
   56,      138.3,    181.128,     463.540,    464.211,
   57,      140.8,    181.025,     465.461,    466.322,
   58,      143.3,    181.154,     467.338,    468.356,
   59,      145.8,    181.218,     469.600,    470.313,
   60,      148.3,    181.115,     471.523,    472.194,
   61,      150.8,    180.883,     473.675,    474.000,
   62,      153.3,    181.102,     475.974,    475.736,
   63,      155.8,    181.038,     478.132,    477.402,
   64,      158.3,    181.076,     479.135,    479.001,
   65,      160.8,    180.999,     481.328,    480.534,
   66,      163.3,    181.167,     482.760,    482.005,
   67,      165.8,    181.025,     485.126,    483.414,
   68,      168.3,    180.999,     485.858,    484.762,
   69,      170.8,    181.051,     487.156,    486.054,
   70,      175.8,    179.802,     485.978,    487.485,
----,
DateTime:        , 2025/11/18, 12:46:06, 1763484366293,
RFID_EPC:        ,--Not Acquired--,
RFID_UserData:   ,--Not Acquired--,
Barcode:         ,--Not Acquired--,
PIF:,            0.00,
PARs:,            0.0,     0.0,     0.0,     0.0,     0.0,     0.0,
Light:,           0.0,     0.0,     0.0,     0.0,     0.0,     0.0,
Cycles:,            1,
                    1,      69,      70,      70,
Lamps:,        #10000,
Gain:,              5,      25, 
SNR_raw:,     583.81,
Position:,        0.0,              0.0,   NoData,
DataPt,      Time(us),   EX,         EM,       Fit,
==========,==========,==========,==========,=========,
    0,        0.0,      0.000,       0.000,    238.945,
    1,        0.8,    165.310,     238.945,    243.034,
    2,        3.3,    180.111,     247.444,    247.552,
    3,        5.8,    180.304,     255.235,    252.139,
    4,        8.3,    180.240,     258.988,    256.783,
    5,       10.8,    180.562,     262.514,    261.489,
    6,       13.3,    180.381,     267.212,    266.239,
    7,       15.8,    180.510,     271.564,    271.036,
    8,       18.3,    180.484,     276.367,    275.873,
    9,       20.8,    180.420,     281.122,    280.742,
   10,       23.3,    180.536,     285.151,    285.645,
   11,       25.8,    180.446,     290.170,    290.569,
   12,       28.3,    180.613,     294.442,    295.518,
   13,       30.8,    180.665,     299.782,    300.483,
   14,       33.3,    180.871,     304.527,    305.464,
   15,       35.8,    180.755,     309.812,    310.446,
   16,       38.3,    180.793,     314.613,    315.428,
   17,       40.8,    180.858,     319.588,    320.407,
   18,       43.3,    180.780,     324.703,    325.374,
   19,       45.8,    180.819,     329.611,    330.325,
   20,       48.3,    180.742,     334.953,    335.255,
   21,       50.8,    180.832,     339.763,    340.161,
   22,       53.3,    180.780,     344.728,    345.035,
   23,       55.8,    180.768,     349.399,    349.873,
   24,       58.3,    180.909,     354.432,    354.675,
   25,       60.8,    180.883,     359.569,    359.432,
   26,       63.3,    180.999,     364.532,    364.142,
   27,       65.8,    180.896,     369.162,    368.797,
   28,       68.3,    180.986,     374.172,    373.395,
   29,       70.8,    180.896,     378.449,    377.930,
   30,       73.3,    180.935,     383.232,    382.401,
   31,       75.8,    181.089,     387.433,    386.806,
   32,       78.3,    181.102,     391.602,    391.138,
   33,       80.8,    181.012,     396.106,    395.393,
   34,       83.3,    180.986,     400.141,    399.569,
   35,       85.8,    180.935,     404.676,    403.662,
   36,       88.3,    181.102,     407.836,    407.675,
   37,       90.8,    180.961,     412.134,    411.600,
   38,       93.3,    180.961,     415.781,    415.436,
   39,       95.8,    181.025,     420.163,    419.185,
   40,       98.3,    181.141,     423.428,    422.845,
   41,      100.8,    180.986,     427.104,    426.410,
   42,      103.3,    181.064,     429.904,    429.884,
   43,      105.8,    180.871,     433.791,    433.261,
   44,      108.3,    181.089,     436.691,    436.548,
   45,      110.8,    181.179,     439.785,    439.742,
   46,      113.3,    181.102,     442.181,    442.841,
   47,      115.8,    180.999,     445.527,    445.844,
   48,      118.3,    180.999,     448.179,    448.755,
   49,      120.8,    181.102,     450.464,    451.574,
   50,      123.3,    181.115,     453.193,    454.301,
   51,      125.8,    180.986,     456.388,    456.936,
   52,      128.3,    180.961,     458.774,    459.481,
   53,      130.8,    181.102,     460.955,    461.940,
   54,      133.3,    180.973,     464.598,    464.310,
   55,      135.8,    180.986,     466.112,    466.595,
   56,      138.3,    180.922,     468.268,    468.795,
   57,      140.8,    180.961,     470.489,    470.914,
   58,      143.3,    181.051,     472.685,    472.954,
   59,      145.8,    181.154,     474.625,    474.916,
   60,      148.3,    181.102,     476.637,    476.801,
   61,      150.8,    181.115,     478.370,    478.612,
   62,      153.3,    181.102,     480.944,    480.350,
   63,      155.8,    181.154,     482.242,    482.019,
   64,      158.3,    180.883,     484.511,    483.617,
   65,      160.8,    181.102,     485.913,    485.150,
   66,      163.3,    181.270,     486.899,    486.620,
   67,      165.8,    181.192,     489.425,    488.028,
   68,      168.3,    181.102,     491.435,    489.375,
   69,      170.8,    181.244,     492.486,    490.664,
   70,      175.8,    179.931,     491.077,    492.227,
----,
DateTime:        , 2025/11/18, 12:46:15, 1763484374834,
RFID_EPC:        ,--Not Acquired--,
RFID_UserData:   ,--Not Acquired--,
Barcode:         ,--Not Acquired--,
PIF:,            0.00,
PARs:,            0.0,     0.0,     0.0,     0.0,     0.0,     0.0,
Light:,           0.0,     0.0,     0.0,     0.0,     0.0,     0.0,
Cycles:,            1,
                    1,      69,      70,      70,
Lamps:,        #10000,
Gain:,              5,      25, 
SNR_raw:,     741.68,
Position:,        0.0,              0.0,   NoData,
DataPt,      Time(us),   EX,         EM,       Fit,
==========,==========,==========,==========,=========,
    0,        0.0,      0.000,       0.000,    240.862,
    1,        0.8,    165.284,     240.435,    244.943,
    2,        3.3,    180.036,     249.163,    249.466,
    3,        5.8,    180.113,     257.172,    254.065,
    4,        8.3,    180.177,     260.632,    258.736,
    5,       10.8,    180.358,     265.583,    263.474,
    6,       13.3,    180.293,     269.783,    268.269,
    7,       15.8,    180.332,     273.939,    273.115,
    8,       18.3,    180.667,     278.524,    278.017,
    9,       20.8,    180.628,     283.455,    282.957,
   10,       23.3,    180.589,     288.057,    287.931,
   11,       25.8,    180.499,     291.968,    292.931,
   12,       28.3,    180.602,     296.453,    297.956,
   13,       30.8,    180.679,     301.750,    303.001,
   14,       33.3,    180.641,     306.797,    308.057,
   15,       35.8,    180.834,     312.110,    313.123,
   16,       38.3,    180.615,     317.028,    318.185,
   17,       40.8,    180.808,     322.330,    323.246,
   18,       43.3,    180.705,     327.605,    328.295,
   19,       45.8,    180.821,     332.705,    333.330,
   20,       48.3,    180.847,     337.744,    338.345,
   21,       50.8,    180.873,     343.004,    343.333,
   22,       53.3,    180.963,     347.807,    348.293,
   23,       55.8,    180.795,     353.217,    353.212,
   24,       58.3,    180.885,     358.348,    358.091,
   25,       60.8,    180.950,     363.195,    362.925,
   26,       63.3,    180.770,     368.425,    367.704,
   27,       65.8,    180.911,     372.669,    372.431,
   28,       68.3,    180.963,     377.647,    377.100,
   29,       70.8,    180.976,     382.593,    381.705,
   30,       73.3,    181.053,     387.290,    386.244,
   31,       75.8,    181.014,     391.019,    390.711,
   32,       78.3,    181.053,     396.128,    395.105,
   33,       80.8,    181.014,     400.521,    399.419,
   34,       83.3,    181.066,     403.831,    403.655,
   35,       85.8,    180.988,     408.313,    407.805,
   36,       88.3,    181.079,     412.639,    411.871,
   37,       90.8,    181.066,     416.313,    415.850,
   38,       93.3,    181.079,     420.701,    419.738,
   39,       95.8,    181.066,     424.156,    423.536,
   40,       98.3,    180.976,     427.351,    427.239,
   41,      100.8,    181.014,     431.458,    430.850,
   42,      103.3,    181.194,     434.451,    434.369,
   43,      105.8,    181.117,     437.617,    437.791,
   44,      108.3,    181.027,     441.370,    441.117,
   45,      110.8,    180.937,     444.354,    444.346,
   46,      113.3,    180.898,     447.323,    447.479,
   47,      115.8,    180.950,     450.070,    450.518,
   48,      118.3,    181.027,     453.192,    453.464,
   49,      120.8,    181.220,     456.020,    456.319,
   50,      123.3,    181.079,     458.144,    459.078,
   51,      125.8,    180.937,     461.155,    461.745,
   52,      128.3,    181.066,     463.810,    464.322,
   53,      130.8,    181.194,     466.129,    466.811,
   54,      133.3,    181.027,     468.107,    469.211,
   55,      135.8,    181.040,     470.946,    471.525,
   56,      138.3,    181.130,     473.362,    473.755,
   57,      140.8,    181.182,     475.435,    475.902,
   58,      143.3,    181.156,     477.710,    477.969,
   59,      145.8,    181.130,     479.435,    479.956,
   60,      148.3,    181.130,     481.422,    481.866,
   61,      150.8,    181.194,     483.459,    483.701,
   62,      153.3,    180.950,     485.881,    485.462,
   63,      155.8,    181.079,     487.744,    487.152,
   64,      158.3,    181.027,     489.872,    488.773,
   65,      160.8,    181.259,     490.790,    490.329,
   66,      163.3,    181.104,     492.313,    491.819,
   67,      165.8,    181.066,     494.627,    493.247,
   68,      168.3,    181.053,     496.319,    494.613,
   69,      170.8,    181.040,     498.122,    495.921,
   70,      175.8,    179.907,     496.812,    497.653,
----,
DateTime:        , 2025/11/18, 12:46:23, 1763484383360,
RFID_EPC:        ,--Not Acquired--,
RFID_UserData:   ,--Not Acquired--,
Barcode:         ,--Not Acquired--,
PIF:,            0.00,
PARs:,            0.0,     0.0,     0.0,     0.0,     0.0,     0.0,
Light:,           0.0,     0.0,     0.0,     0.0,     0.0,     0.0,
Cycles:,            1,
                    1,      69,      70,      70,
Lamps:,        #10000,
Gain:,              5,      25, 
SNR_raw:,     641.35,
Position:,        0.0,              0.0,   NoData,
DataPt,      Time(us),   EX,         EM,       Fit,
==========,==========,==========,==========,=========,
    0,        0.0,      0.000,       0.000,    242.215,
    1,        0.8,    165.455,     241.878,    246.463,
    2,        3.3,    180.143,     250.830,    251.157,
    3,        5.8,    180.118,     259.053,    255.917,
    4,        8.3,    180.349,     262.823,    260.747,
    5,       10.8,    180.311,     267.982,    265.632,
    6,       13.3,    180.375,     271.434,    270.570,
    7,       15.8,    180.324,     276.614,    275.552,
    8,       18.3,    180.478,     280.699,    280.579,
    9,       20.8,    180.568,     286.318,    285.643,
   10,       23.3,    180.375,     290.727,    290.731,
   11,       25.8,    180.452,     294.925,    295.845,
   12,       28.3,    180.504,     299.827,    300.979,
   13,       30.8,    180.478,     304.635,    306.125,
   14,       33.3,    180.568,     309.911,    311.281,
   15,       35.8,    180.710,     315.644,    316.443,
   16,       38.3,    180.761,     320.533,    321.602,
   17,       40.8,    180.774,     326.263,    326.753,
   18,       43.3,    180.736,     331.091,    331.889,
   19,       45.8,    180.903,     336.313,    337.010,
   20,       48.3,    180.864,     342.135,    342.105,
   21,       50.8,    180.761,     346.534,    347.168,
   22,       53.3,    180.954,     352.022,    352.200,
   23,       55.8,    180.890,     357.012,    357.191,
   24,       58.3,    180.916,     362.489,    362.138,
   25,       60.8,    180.736,     367.388,    367.031,
   26,       63.3,    180.929,     371.749,    371.875,
   27,       65.8,    180.903,     377.108,    376.660,
   28,       68.3,    180.967,     382.058,    381.384,
   29,       70.8,    181.019,     386.479,    386.044,
   30,       73.3,    180.967,     391.010,    390.632,
   31,       75.8,    181.057,     395.676,    395.148,
   32,       78.3,    180.877,     400.161,    399.584,
   33,       80.8,    180.980,     404.685,    403.942,
   34,       83.3,    181.057,     408.931,    408.219,
   35,       85.8,    181.006,     413.357,    412.410,
   36,       88.3,    181.070,     417.186,    416.514,
   37,       90.8,    181.032,     420.700,    420.529,
   38,       93.3,    180.916,     425.281,    424.450,
   39,       95.8,    180.929,     428.567,    428.279,
   40,       98.3,    180.864,     433.032,    432.012,
   41,      100.8,    181.006,     436.118,    435.654,
   42,      103.3,    180.993,     439.354,    439.200,
   43,      105.8,    181.122,     442.575,    442.652,
   44,      108.3,    181.096,     445.951,    446.006,
   45,      110.8,    181.109,     449.564,    449.265,
   46,      113.3,    181.148,     452.339,    452.428,
   47,      115.8,    181.006,     455.013,    455.494,
   48,      118.3,    181.083,     458.132,    458.465,
   49,      120.8,    181.122,     461.126,    461.342,
   50,      123.3,    181.019,     463.709,    464.124,
   51,      125.8,    181.057,     466.151,    466.815,
   52,      128.3,    181.135,     468.823,    469.415,
   53,      130.8,    181.225,     470.797,    471.927,
   54,      133.3,    180.993,     473.830,    474.347,
   55,      135.8,    181.135,     475.889,    476.683,
   56,      138.3,    181.199,     478.148,    478.934,
   57,      140.8,    181.263,     480.627,    481.102,
   58,      143.3,    181.122,     482.548,    483.188,
   59,      145.8,    181.135,     484.060,    485.194,
   60,      148.3,    181.173,     487.379,    487.123,
   61,      150.8,    181.045,     489.493,    488.976,
   62,      153.3,    181.032,     490.743,    490.756,
   63,      155.8,    181.276,     492.618,    492.465,
   64,      158.3,    181.186,     494.298,    494.105,
   65,      160.8,    181.173,     496.652,    495.678,
   66,      163.3,    181.135,     497.310,    497.185,
   67,      165.8,    181.122,     499.553,    498.629,
   68,      168.3,    181.057,     501.277,    500.012,
   69,      170.8,    181.070,     502.899,    501.337,
   70,      175.8,    179.886,     502.763,    503.037,
----,
DateTime:        , 2025/11/18, 12:46:32, 1763484391888,
RFID_EPC:        ,--Not Acquired--,
RFID_UserData:   ,--Not Acquired--,
Barcode:         ,--Not Acquired--,
PIF:,            0.00,
PARs:,            0.0,     0.0,     0.0,     0.0,     0.0,     0.0,
Light:,           0.0,     0.0,     0.0,     0.0,     0.0,     0.0,
Cycles:,            1,
                    1,      69,      70,      70,
Lamps:,        #10000,
Gain:,              5,      25, 
SNR_raw:,     715.01,
Position:,        0.0,              0.0,   NoData,
DataPt,      Time(us),   EX,         EM,       Fit,
==========,==========,==========,==========,=========,
    0,        0.0,      0.000,       0.000,    245.498,
    1,        0.8,    165.299,     245.736,    249.735,
    2,        3.3,    180.024,     254.199,    254.425,
    3,        5.8,    180.179,     261.962,    259.196,
    4,        8.3,    180.166,     266.310,    264.034,
    5,       10.8,    180.243,     270.413,    268.938,
    6,       13.3,    180.372,     274.877,    273.901,
    7,       15.8,    180.668,     279.740,    278.922,
    8,       18.3,    180.565,     284.884,    283.984,
    9,       20.8,    180.616,     289.453,    289.086,
   10,       23.3,    180.488,     293.760,    294.216,
   11,       25.8,    180.604,     298.333,    299.376,
   12,       28.3,    180.591,     303.227,    304.555,
   13,       30.8,    180.732,     308.965,    309.753,
   14,       33.3,    180.719,     313.635,    314.959,
   15,       35.8,    180.771,     319.520,    320.169,
   16,       38.3,    180.745,     324.324,    325.375,
   17,       40.8,    180.771,     329.257,    330.573,
   18,       43.3,    180.771,     334.788,    335.758,
   19,       45.8,    180.874,     340.790,    340.925,
   20,       48.3,    180.874,     345.545,    346.068,
   21,       50.8,    180.784,     351.027,    351.177,
   22,       53.3,    180.861,     356.185,    356.254,
   23,       55.8,    181.015,     361.516,    361.293,
   24,       58.3,    180.822,     366.769,    366.282,
   25,       60.8,    180.861,     371.446,    371.222,
   26,       63.3,    180.951,     376.566,    376.109,
   27,       65.8,    181.080,     381.710,    380.940,
   28,       68.3,    180.887,     386.098,    385.703,
   29,       70.8,    180.912,     390.797,    390.399,
   30,       73.3,    181.015,     395.436,    395.026,
   31,       75.8,    180.977,     400.051,    399.578,
   32,       78.3,    180.874,     404.702,    404.049,
   33,       80.8,    181.003,     408.944,    408.441,
   34,       83.3,    180.874,     413.658,    412.747,
   35,       85.8,    180.938,     417.601,    416.968,
   36,       88.3,    181.028,     421.592,    421.102,
   37,       90.8,    181.028,     425.900,    425.145,
   38,       93.3,    181.080,     429.534,    429.097,
   39,       95.8,    181.106,     433.670,    432.955,
   40,       98.3,    181.209,     437.066,    436.719,
   41,      100.8,    181.093,     440.879,    440.386,
   42,      103.3,    181.028,     444.019,    443.954,
   43,      105.8,    181.015,     447.255,    447.424,
   44,      108.3,    180.874,     450.590,    450.795,
   45,      110.8,    181.015,     453.884,    454.071,
   46,      113.3,    180.861,     456.483,    457.247,
   47,      115.8,    181.054,     460.746,    460.329,
   48,      118.3,    181.118,     463.233,    463.315,
   49,      120.8,    180.990,     465.551,    466.205,
   50,      123.3,    181.131,     468.500,    469.001,
   51,      125.8,    181.131,     470.929,    471.704,
   52,      128.3,    181.337,     473.593,    474.318,
   53,      130.8,    181.041,     476.356,    476.837,
   54,      133.3,    181.157,     479.032,    479.269,
   55,      135.8,    181.041,     481.216,    481.612,
   56,      138.3,    181.054,     483.281,    483.869,
   57,      140.8,    181.028,     485.338,    486.042,
   58,      143.3,    180.964,     488.164,    488.132,
   59,      145.8,    181.067,     489.543,    490.144,
   60,      148.3,    181.170,     491.914,    492.078,
   61,      150.8,    181.170,     493.239,    493.936,
   62,      153.3,    181.118,     496.139,    495.720,
   63,      155.8,    181.041,     497.898,    497.432,
   64,      158.3,    181.118,     499.011,    499.074,
   65,      160.8,    181.015,     502.167,    500.648,
   66,      163.3,    181.067,     502.908,    502.157,
   67,      165.8,    181.106,     505.009,    503.603,
   68,      168.3,    180.887,     506.615,    504.987,
   69,      170.8,    181.247,     508.256,    506.313,
   70,      175.8,    179.883,     507.108,    508.052,
----,
DateTime:        , 2025/11/18, 12:46:40, 1763484400414,
RFID_EPC:        ,--Not Acquired--,
RFID_UserData:   ,--Not Acquired--,
Barcode:         ,--Not Acquired--,
PIF:,            0.00,
PARs:,            0.0,     0.0,     0.0,     0.0,     0.0,     0.0,
Light:,           0.0,     0.0,     0.0,     0.0,     0.0,     0.0,
Cycles:,            1,
                    1,      69,      70,      70,
Lamps:,        #10000,
Gain:,              5,      25, 
SNR_raw:,     613.48,
Position:,        0.0,              0.0,   NoData,
DataPt,      Time(us),   EX,         EM,       Fit,
==========,==========,==========,==========,=========,
    0,        0.0,      0.000,       0.000,    247.340,
    1,        0.8,    165.361,     246.853,    251.656,
    2,        3.3,    180.060,     256.103,    256.427,
    3,        5.8,    180.047,     264.598,    261.270,
    4,        8.3,    180.330,     268.619,    266.185,
    5,       10.8,    180.330,     273.277,    271.161,
    6,       13.3,    180.433,     277.887,    276.193,
    7,       15.8,    180.394,     282.049,    281.272,
    8,       18.3,    180.459,     286.714,    286.396,
    9,       20.8,    180.446,     291.611,    291.556,
   10,       23.3,    180.523,     295.696,    296.749,
   11,       25.8,    180.793,     301.449,    301.975,
   12,       28.3,    180.600,     306.201,    307.215,
   13,       30.8,    180.626,     311.472,    312.470,
   14,       33.3,    180.690,     316.121,    317.736,
   15,       35.8,    180.768,     322.182,    323.006,
   16,       38.3,    180.690,     327.079,    328.271,
   17,       40.8,    180.922,     333.072,    333.533,
   18,       43.3,    180.871,     338.032,    338.781,
   19,       45.8,    180.858,     343.143,    344.008,
   20,       48.3,    180.883,     348.622,    349.211,
   21,       50.8,    180.793,     353.774,    354.382,
   22,       53.3,    180.883,     359.458,    359.519,
   23,       55.8,    180.845,     364.622,    364.615,
   24,       58.3,    180.896,     370.046,    369.666,
   25,       60.8,    180.819,     374.961,    374.666,
   26,       63.3,    180.780,     380.240,    379.609,
   27,       65.8,    180.999,     385.526,    384.498,
   28,       68.3,    180.832,     389.533,    389.320,
   29,       70.8,    181.051,     394.696,    394.079,
   30,       73.3,    180.986,     399.588,    398.764,
   31,       75.8,    181.076,     403.807,    403.377,
   32,       78.3,    181.128,     408.772,    407.911,
   33,       80.8,    181.012,     413.122,    412.362,
   34,       83.3,    180.986,     416.606,    416.727,
   35,       85.8,    180.858,     421.879,    421.002,
   36,       88.3,    180.858,     426.081,    425.187,
   37,       90.8,    181.064,     429.794,    429.285,
   38,       93.3,    180.961,     434.570,    433.288,
   39,       95.8,    181.038,     437.478,    437.197,
   40,       98.3,    181.064,     440.840,    441.010,
   41,      100.8,    181.038,     445.211,    444.725,
   42,      103.3,    181.076,     448.540,    448.343,
   43,      105.8,    181.038,     452.171,    451.861,
   44,      108.3,    180.973,     455.536,    455.280,
   45,      110.8,    181.192,     458.187,    458.603,
   46,      113.3,    180.922,     461.304,    461.823,
   47,      115.8,    180.986,     465.118,    464.946,
   48,      118.3,    181.012,     467.814,    467.972,
   49,      120.8,    181.089,     470.044,    470.902,
   50,      123.3,    181.244,     472.733,    473.739,
   51,      125.8,    181.218,     475.449,    476.480,
   52,      128.3,    181.076,     479.135,    479.126,
   53,      130.8,    181.089,     480.978,    481.680,
   54,      133.3,    181.102,     483.815,    484.143,
   55,      135.8,    181.089,     485.506,    486.518,
   56,      138.3,    181.102,     488.012,    488.806,
   57,      140.8,    181.205,     490.383,    491.010,
   58,      143.3,    181.012,     493.006,    493.128,
   59,      145.8,    181.012,     495.326,    495.166,
   60,      148.3,    181.038,     496.692,    497.124,
   61,      150.8,    181.141,     498.949,    499.006,
   62,      153.3,    180.999,     501.107,    500.812,
   63,      155.8,    181.141,     502.592,    502.546,
   64,      158.3,    181.051,     504.941,    504.209,
   65,      160.8,    181.167,     507.047,    505.804,
   66,      163.3,    181.115,     508.075,    507.332,
   67,      165.8,    181.231,     509.626,    508.797,
   68,      168.3,    181.064,     511.643,    510.198,
   69,      170.8,    180.961,     513.482,    511.539,
   70,      175.8,    179.802,     512.341,    513.259,
----,
DateTime:        , 2025/11/18, 12:46:49, 1763484408947,
RFID_EPC:        ,--Not Acquired--,
RFID_UserData:   ,--Not Acquired--,
Barcode:         ,--Not Acquired--,
PIF:,            0.00,
PARs:,            0.0,     0.0,     0.0,     0.0,     0.0,     0.0,
Light:,           0.0,     0.0,     0.0,     0.0,     0.0,     0.0,
Cycles:,            1,
                    1,      69,      70,      70,
Lamps:,        #10000,
Gain:,              5,      25, 
SNR_raw:,     720.84,
Position:,        0.0,              0.0,   NoData,
DataPt,      Time(us),   EX,         EM,       Fit,
==========,==========,==========,==========,=========,
    0,        0.0,      0.000,       0.000,    249.628,
    1,        0.8,    165.220,     249.243,    253.906,
    2,        3.3,    180.137,     258.486,    258.656,
    3,        5.8,    180.253,     266.958,    263.491,
    4,        8.3,    180.215,     270.788,    268.403,
    5,       10.8,    180.369,     275.213,    273.387,
    6,       13.3,    180.279,     279.234,    278.432,
    7,       15.8,    180.382,     284.840,    283.535,
    8,       18.3,    180.575,     289.520,    288.693,
    9,       20.8,    180.421,     293.536,    293.888,
   10,       23.3,    180.433,     298.171,    299.120,
   11,       25.8,    180.678,     303.302,    304.388,
   12,       28.3,    180.652,     308.106,    309.679,
   13,       30.8,    180.536,     314.286,    314.984,
   14,       33.3,    180.717,     319.395,    320.304,
   15,       35.8,    180.717,     325.261,    325.629,
   16,       38.3,    180.871,     330.069,    330.956,
   17,       40.8,    180.781,     335.434,    336.274,
   18,       43.3,    180.781,     341.076,    341.578,
   19,       45.8,    180.781,     346.386,    346.863,
   20,       48.3,    180.884,     351.828,    352.126,
   21,       50.8,    181.000,     356.575,    357.361,
   22,       53.3,    180.871,     362.579,    362.556,
   23,       55.8,    180.923,     367.450,    367.712,
   24,       58.3,    181.013,     372.681,    372.823,
   25,       60.8,    180.974,     377.955,    377.882,
   26,       63.3,    180.871,     382.925,    382.882,
   27,       65.8,    180.871,     388.453,    387.821,
   28,       68.3,    180.974,     393.206,    392.696,
   29,       70.8,    180.935,     398.374,    397.501,
   30,       73.3,    181.051,     402.759,    402.236,
   31,       75.8,    180.974,     407.793,    406.891,
   32,       78.3,    181.026,     412.318,    411.466,
   33,       80.8,    180.974,     416.524,    415.957,
   34,       83.3,    181.141,     420.666,    420.364,
   35,       85.8,    181.026,     425.244,    424.680,
   36,       88.3,    180.871,     429.477,    428.900,
   37,       90.8,    180.961,     434.347,    433.029,
   38,       93.3,    180.961,     437.663,    437.062,
   39,       95.8,    181.116,     441.486,    441.001,
   40,       98.3,    181.051,     445.509,    444.840,
   41,      100.8,    180.935,     448.889,    448.578,
   42,      103.3,    181.038,     452.390,    452.218,
   43,      105.8,    181.038,     456.146,    455.757,
   44,      108.3,    181.141,     459.089,    459.197,
   45,      110.8,    181.077,     462.124,    462.536,
   46,      113.3,    181.064,     466.133,    465.774,
   47,      115.8,    181.141,     468.363,    468.913,
   48,      118.3,    181.128,     471.820,    471.953,
   49,      120.8,    181.026,     474.850,    474.894,
   50,      123.3,    181.219,     477.214,    477.739,
   51,      125.8,    180.935,     480.392,    480.485,
   52,      128.3,    181.154,     482.462,    483.139,
   53,      130.8,    181.064,     484.469,    485.699,
   54,      133.3,    181.090,     486.941,    488.168,
   55,      135.8,    181.000,     489.945,    490.546,
   56,      138.3,    181.141,     491.771,    492.837,
   57,      140.8,    181.167,     494.129,    495.043,
   58,      143.3,    181.038,     496.801,    497.163,
   59,      145.8,    181.026,     498.935,    499.202,
   60,      148.3,    180.948,     500.917,    501.160,
   61,      150.8,    181.064,     503.247,    503.041,
   62,      153.3,    180.987,     505.009,    504.846,
   63,      155.8,    180.987,     506.556,    506.577,
   64,      158.3,    181.103,     508.662,    508.239,
   65,      160.8,    181.064,     510.537,    509.831,
   66,      163.3,    180.935,     512.448,    511.355,
   67,      165.8,    181.283,     514.775,    512.817,
   68,      168.3,    181.116,     515.914,    514.216,
   69,      170.8,    181.128,     518.085,    515.554,
   70,      175.8,    179.893,     516.530,    517.387,
----,
DateTime:        , 2025/11/18, 12:46:57, 1763484417491,
RFID_EPC:        ,--Not Acquired--,
RFID_UserData:   ,--Not Acquired--,
Barcode:         ,--Not Acquired--,
PIF:,            0.00,
PARs:,            0.0,     0.0,     0.0,     0.0,     0.0,     0.0,
Light:,           0.0,     0.0,     0.0,     0.0,     0.0,     0.0,
Cycles:,            1,
                    1,      69,      70,      70,
Lamps:,        #10000,
Gain:,              5,      25, 
SNR_raw:,     604.26,
Position:,        0.0,              0.0,   NoData,
DataPt,      Time(us),   EX,         EM,       Fit,
==========,==========,==========,==========,=========,
    0,        0.0,      0.000,       0.000,    252.234,
    1,        0.8,    165.291,     252.162,    256.449,
    2,        3.3,    180.105,     261.013,    261.143,
    3,        5.8,    180.286,     269.128,    265.943,
    4,        8.3,    180.260,     272.939,    270.833,
    5,       10.8,    180.453,     277.635,    275.809,
    6,       13.3,    180.311,     282.289,    280.856,
    7,       15.8,    180.582,     287.515,    285.975,
    8,       18.3,    180.401,     291.350,    291.145,
    9,       20.8,    180.517,     295.927,    296.368,
   10,       23.3,    180.633,     300.941,    301.636,
   11,       25.8,    180.504,     305.920,    306.934,
   12,       28.3,    180.569,     311.793,    312.261,
   13,       30.8,    180.595,     316.067,    317.608,
   14,       33.3,    180.736,     321.352,    322.972,
   15,       35.8,    180.826,     327.386,    328.344,
   16,       38.3,    180.723,     332.442,    333.714,
   17,       40.8,    180.813,     337.918,    339.079,
   18,       43.3,    180.942,     343.867,    344.434,
   19,       45.8,    180.852,     349.236,    349.767,
   20,       48.3,    180.736,     354.771,    355.072,
   21,       50.8,    180.788,     360.312,    360.347,
   22,       53.3,    180.878,     365.883,    365.587,
   23,       55.8,    180.646,     370.338,    370.779,
   24,       58.3,    180.891,     376.250,    375.930,
   25,       60.8,    180.826,     381.139,    381.026,
   26,       63.3,    180.916,     386.477,    386.066,
   27,       65.8,    180.916,     391.673,    391.045,
   28,       68.3,    180.942,     396.591,    395.957,
   29,       70.8,    180.942,     401.123,    400.799,
   30,       73.3,    180.800,     406.525,    405.562,
   31,       75.8,    180.916,     411.240,    410.250,
   32,       78.3,    180.929,     415.522,    414.856,
   33,       80.8,    180.878,     420.063,    419.377,
   34,       83.3,    181.006,     424.736,    423.812,
   35,       85.8,    180.955,     428.615,    428.156,
   36,       88.3,    180.929,     433.208,    432.406,
   37,       90.8,    180.968,     437.536,    436.563,
   38,       93.3,    181.032,     441.579,    440.625,
   39,       95.8,    181.045,     446.187,    444.590,
   40,       98.3,    180.968,     448.699,    448.454,
   41,      100.8,    181.006,     452.139,    452.219,
   42,      103.3,    181.109,     455.415,    455.886,
   43,      105.8,    181.097,     459.313,    459.451,
   44,      108.3,    181.174,     462.098,    462.917,
   45,      110.8,    181.006,     465.729,    466.279,
   46,      113.3,    181.045,     469.386,    469.541,
   47,      115.8,    181.019,     472.878,    472.703,
   48,      118.3,    181.187,     475.532,    475.768,
   49,      120.8,    181.135,     478.207,    478.734,
   50,      123.3,    181.097,     481.069,    481.602,
   51,      125.8,    181.071,     483.568,    484.374,
   52,      128.3,    181.148,     486.343,    487.052,
   53,      130.8,    181.006,     488.491,    489.635,
   54,      133.3,    181.161,     491.497,    492.128,
   55,      135.8,    181.071,     493.951,    494.531,
   56,      138.3,    181.071,     496.160,    496.845,
   57,      140.8,    181.071,     498.810,    499.074,
   58,      143.3,    181.097,     500.617,    501.218,
   59,      145.8,    181.097,     503.488,    503.281,
   60,      148.3,    181.135,     505.148,    505.264,
   61,      150.8,    181.238,     507.068,    507.169,
   62,      153.3,    181.238,     508.723,    508.999,
   63,      155.8,    181.097,     510.998,    510.754,
   64,      158.3,    181.084,     512.581,    512.439,
   65,      160.8,    181.097,     515.195,    514.054,
   66,      163.3,    181.199,     516.558,    515.602,
   67,      165.8,    181.225,     518.471,    517.086,
   68,      168.3,    180.994,     520.019,    518.506,
   69,      170.8,    181.019,     521.933,    519.866,
   70,      175.8,    179.900,     520.624,    521.889,
----,
DateTime:        , 2025/11/18, 12:47:06, 1763484426025,
RFID_EPC:        ,--Not Acquired--,
RFID_UserData:   ,--Not Acquired--,
Barcode:         ,--Not Acquired--,
PIF:,            0.00,
PARs:,            0.0,     0.0,     0.0,     0.0,     0.0,     0.0,
Light:,           0.0,     0.0,     0.0,     0.0,     0.0,     0.0,
Cycles:,            1,
                    1,      69,      70,      70,
Lamps:,        #10000,
Gain:,              5,      25, 
SNR_raw:,     657.40,
Position:,        0.0,              0.0,   NoData,
DataPt,      Time(us),   EX,         EM,       Fit,
==========,==========,==========,==========,=========,
    0,        0.0,      0.000,       0.000,    253.358,
    1,        0.8,    165.387,     253.104,    257.689,
    2,        3.3,    179.879,     262.470,    262.493,
    3,        5.8,    180.252,     271.064,    267.398,
    4,        8.3,    180.149,     274.550,    272.385,
    5,       10.8,    180.355,     279.337,    277.451,
    6,       13.3,    180.355,     284.328,    282.585,
    7,       15.8,    180.342,     288.340,    287.777,
    8,       18.3,    180.510,     293.170,    293.026,
    9,       20.8,    180.510,     297.491,    298.320,
   10,       23.3,    180.664,     303.325,    303.655,
   11,       25.8,    180.497,     307.817,    309.016,
   12,       28.3,    180.664,     313.510,    314.405,
   13,       30.8,    180.793,     318.375,    319.814,
   14,       33.3,    180.613,     325.115,    325.229,
   15,       35.8,    180.613,     329.102,    330.647,
   16,       38.3,    180.819,     334.700,    336.069,
   17,       40.8,    180.754,     340.241,    341.480,
   18,       43.3,    180.651,     346.635,    346.874,
   19,       45.8,    180.870,     351.965,    352.252,
   20,       48.3,    180.922,     357.392,    357.605,
   21,       50.8,    180.986,     362.459,    362.927,
   22,       53.3,    180.896,     367.946,    368.209,
   23,       55.8,    180.973,     373.315,    373.449,
   24,       58.3,    180.870,     378.393,    378.638,
   25,       60.8,    180.986,     384.671,    383.776,
   26,       63.3,    180.857,     389.589,    388.853,
   27,       65.8,    180.999,     394.920,    393.870,
   28,       68.3,    180.922,     399.289,    398.817,
   29,       70.8,    180.947,     404.537,    403.694,
   30,       73.3,    181.102,     409.052,    408.499,
   31,       75.8,    180.909,     414.352,    413.220,
   32,       78.3,    180.986,     418.817,    417.860,
   33,       80.8,    181.050,     423.529,    422.416,
   34,       83.3,    181.179,     427.422,    426.886,
   35,       85.8,    181.012,     431.906,    431.262,
   36,       88.3,    180.935,     435.848,    435.543,
   37,       90.8,    181.063,     440.178,    439.731,
   38,       93.3,    181.063,     444.044,    443.822,
   39,       95.8,    180.935,     447.897,    447.812,
   40,       98.3,    181.050,     451.918,    451.705,
   41,      100.8,    181.140,     455.116,    455.498,
   42,      103.3,    181.025,     459.496,    459.189,
   43,      105.8,    181.166,     462.338,    462.780,
   44,      108.3,    181.012,     466.710,    466.267,
   45,      110.8,    181.205,     469.414,    469.655,
   46,      113.3,    181.050,     472.797,    472.940,
   47,      115.8,    181.076,     475.822,    476.124,
   48,      118.3,    180.973,     479.077,    479.207,
   49,      120.8,    181.037,     482.000,    482.192,
   50,      123.3,    180.960,     484.526,    485.077,
   51,      125.8,    181.102,     487.681,    487.868,
   52,      128.3,    180.973,     489.465,    490.561,
   53,      130.8,    181.025,     492.972,    493.161,
   54,      133.3,    181.012,     494.554,    495.669,
   55,      135.8,    181.128,     497.329,    498.088,
   56,      138.3,    181.140,     500.496,    500.418,
   57,      140.8,    181.076,     502.330,    502.660,
   58,      143.3,    181.089,     504.172,    504.818,
   59,      145.8,    181.179,     506.571,    506.894,
   60,      148.3,    181.037,     508.293,    508.888,
   61,      150.8,    181.012,     511.127,    510.804,
   62,      153.3,    181.025,     513.411,    512.644,
   63,      155.8,    181.089,     514.333,    514.409,
   64,      158.3,    181.089,     516.321,    516.103,
   65,      160.8,    180.999,     518.898,    517.727,
   66,      163.3,    180.999,     520.445,    519.283,
   67,      165.8,    181.128,     521.953,    520.775,
   68,      168.3,    181.153,     523.976,    522.204,
   69,      170.8,    181.063,     525.341,    523.571,
   70,      175.8,    179.918,     524.351,    525.491,
----,
DateTime:        , 2025/11/18, 12:47:14, 1763484434550,
RFID_EPC:        ,--Not Acquired--,
RFID_UserData:   ,--Not Acquired--,
Barcode:         ,--Not Acquired--,
PIF:,            0.00,
PARs:,            0.0,     0.0,     0.0,     0.0,     0.0,     0.0,
Light:,           0.0,     0.0,     0.0,     0.0,     0.0,     0.0,
Cycles:,            1,
                    1,      69,      70,      70,
Lamps:,        #10000,
Gain:,              5,      25, 
SNR_raw:,     716.24,
Position:,        0.0,              0.0,   NoData,
DataPt,      Time(us),   EX,         EM,       Fit,
==========,==========,==========,==========,=========,
    0,        0.0,      0.000,       0.000,    254.261,
    1,        0.8,    165.309,     254.070,    258.745,
    2,        3.3,    179.804,     263.483,    263.694,
    3,        5.8,    180.216,     272.118,    268.727,
    4,        8.3,    180.319,     276.510,    273.827,
    5,       10.8,    180.319,     280.725,    278.988,
    6,       13.3,    180.474,     285.693,    284.208,
    7,       15.8,    180.345,     290.333,    289.471,
    8,       18.3,    180.615,     295.324,    294.785,
    9,       20.8,    180.525,     299.238,    300.133,
   10,       23.3,    180.538,     304.867,    305.512,
   11,       25.8,    180.551,     309.941,    310.917,
   12,       28.3,    180.525,     315.303,    316.339,
   13,       30.8,    180.589,     321.171,    321.777,
   14,       33.3,    180.641,     326.172,    327.224,
   15,       35.8,    180.821,     331.488,    332.678,
   16,       38.3,    180.692,     337.369,    338.125,
   17,       40.8,    180.873,     342.562,    343.566,
   18,       43.3,    180.847,     348.361,    348.992,
   19,       45.8,    180.821,     353.830,    354.396,
   20,       48.3,    180.808,     359.386,    359.773,
   21,       50.8,    180.885,     364.872,    365.120,
   22,       53.3,    180.860,     369.900,    370.428,
   23,       55.8,    181.027,     375.966,    375.699,
   24,       58.3,    180.821,     381.150,    380.916,
   25,       60.8,    180.937,     386.212,    386.083,
   26,       63.3,    180.937,     391.186,    391.193,
   27,       65.8,    181.040,     396.818,    396.243,
   28,       68.3,    180.937,     401.908,    401.224,
   29,       70.8,    181.079,     406.343,    406.138,
   30,       73.3,    181.066,     412.005,    410.976,
   31,       75.8,    180.950,     416.801,    415.733,
   32,       78.3,    180.898,     421.120,    420.407,
   33,       80.8,    180.885,     425.684,    424.995,
   34,       83.3,    180.898,     430.297,    429.496,
   35,       85.8,    180.924,     434.768,    433.906,
   36,       88.3,    181.130,     438.580,    438.227,
   37,       90.8,    181.053,     443.075,    442.451,
   38,       93.3,    180.873,     447.055,    446.575,
   39,       95.8,    181.027,     451.093,    450.602,
   40,       98.3,    181.040,     455.148,    454.530,
   41,      100.8,    180.924,     459.088,    458.355,
   42,      103.3,    180.950,     462.559,    462.078,
   43,      105.8,    181.066,     465.466,    465.701,
   44,      108.3,    181.104,     468.570,    469.223,
   45,      110.8,    180.950,     472.286,    472.639,
   46,      113.3,    180.873,     475.805,    475.951,
   47,      115.8,    181.130,     479.434,    479.166,
   48,      118.3,    181.066,     481.704,    482.279,
   49,      120.8,    181.053,     484.610,    485.291,
   50,      123.3,    180.911,     487.200,    488.202,
   51,      125.8,    181.079,     490.616,    491.017,
   52,      128.3,    181.220,     492.881,    493.738,
   53,      130.8,    181.053,     495.436,    496.361,
   54,      133.3,    181.117,     497.799,    498.891,
   55,      135.8,    180.950,     500.912,    501.328,
   56,      138.3,    181.156,     502.992,    503.677,
   57,      140.8,    181.220,     506.014,    505.938,
   58,      143.3,    181.220,     508.111,    508.114,
   59,      145.8,    181.130,     509.579,    510.204,
   60,      148.3,    181.079,     511.932,    512.213,
   61,      150.8,    181.233,     514.034,    514.143,
   62,      153.3,    181.246,     516.315,    515.996,
   63,      155.8,    181.207,     518.191,    517.773,
   64,      158.3,    181.066,     520.364,    519.476,
   65,      160.8,    181.104,     521.909,    521.109,
   66,      163.3,    181.117,     524.081,    522.673,
   67,      165.8,    180.898,     526.041,    524.170,
   68,      168.3,    181.169,     527.243,    525.605,
   69,      170.8,    181.143,     529.637,    526.977,
   70,      175.8,    179.868,     527.274,    528.708,
----,
DateTime:        , 2025/11/18, 12:47:23, 1763484443078,
RFID_EPC:        ,--Not Acquired--,
RFID_UserData:   ,--Not Acquired--,
Barcode:         ,--Not Acquired--,
PIF:,            0.00,
PARs:,            0.0,     0.0,     0.0,     0.0,     0.0,     0.0,
Light:,           0.0,     0.0,     0.0,     0.0,     0.0,     0.0,
Cycles:,            1,
                    1,      69,      70,      70,
Lamps:,        #10000,
Gain:,              5,      25, 
SNR_raw:,     676.98,
Position:,        0.0,              0.0,   NoData,
DataPt,      Time(us),   EX,         EM,       Fit,
==========,==========,==========,==========,=========,
    0,        0.0,      0.000,       0.000,    256.631,
    1,        0.8,    165.471,     256.722,    260.961,
    2,        3.3,    180.027,     265.662,    265.778,
    3,        5.8,    180.156,     273.874,    270.701,
    4,        8.3,    180.297,     278.096,    275.721,
    5,       10.8,    180.336,     283.138,    280.827,
    6,       13.3,    180.323,     287.484,    286.007,
    7,       15.8,    180.593,     292.037,    291.260,
    8,       18.3,    180.375,     296.827,    296.565,
    9,       20.8,    180.349,     301.083,    301.920,
   10,       23.3,    180.606,     306.080,    307.324,
   11,       25.8,    180.568,     311.573,    312.761,
   12,       28.3,    180.632,     317.552,    318.227,
   13,       30.8,    180.529,     322.829,    323.710,
   14,       33.3,    180.761,     327.726,    329.213,
   15,       35.8,    180.761,     333.590,    334.721,
   16,       38.3,    180.761,     339.454,    340.229,
   17,       40.8,    180.786,     344.274,    345.730,
   18,       43.3,    180.774,     350.715,    351.217,
   19,       45.8,    180.696,     356.620,    356.682,
   20,       48.3,    180.632,     361.730,    362.119,
   21,       50.8,    180.812,     367.453,    367.529,
   22,       53.3,    180.864,     372.656,    372.902,
   23,       55.8,    180.902,     378.215,    378.232,
   24,       58.3,    181.070,     383.720,    383.518,
   25,       60.8,    180.786,     389.852,    388.742,
   26,       63.3,    180.812,     394.110,    393.908,
   27,       65.8,    180.838,     400.027,    399.011,
   28,       68.3,    180.889,     404.999,    404.046,
   29,       70.8,    180.941,     409.968,    409.010,
   30,       73.3,    181.070,     414.537,    413.899,
   31,       75.8,    181.031,     419.044,    418.708,
   32,       78.3,    180.992,     423.554,    423.431,
   33,       80.8,    181.005,     428.717,    428.067,
   34,       83.3,    180.889,     433.414,    432.611,
   35,       85.8,    181.018,     438.299,    437.064,
   36,       88.3,    180.941,     442.354,    441.421,
   37,       90.8,    180.967,     446.381,    445.680,
   38,       93.3,    180.992,     450.295,    449.842,
   39,       95.8,    181.147,     454.438,    453.905,
   40,       98.3,    181.108,     457.627,    457.866,
   41,      100.8,    181.005,     461.644,    461.722,
   42,      103.3,    181.185,     465.490,    465.478,
   43,      105.8,    181.057,     469.024,    469.128,
   44,      108.3,    181.147,     472.103,    472.676,
   45,      110.8,    181.031,     475.499,    476.117,
   46,      113.3,    181.108,     479.382,    479.457,
   47,      115.8,    180.838,     482.531,    482.690,
   48,      118.3,    180.889,     486.153,    485.821,
   49,      120.8,    181.044,     487.948,    488.853,
   50,      123.3,    181.031,     491.628,    491.785,
   51,      125.8,    181.160,     494.039,    494.619,
   52,      128.3,    181.160,     496.358,    497.356,
   53,      130.8,    181.095,     499.295,    499.997,
   54,      133.3,    181.173,     501.732,    502.544,
   55,      135.8,    181.121,     504.966,    504.998,
   56,      138.3,    181.173,     506.589,    507.361,
   57,      140.8,    181.173,     509.349,    509.637,
   58,      143.3,    181.057,     511.221,    511.825,
   59,      145.8,    181.173,     513.985,    513.929,
   60,      148.3,    181.108,     515.935,    515.951,
   61,      150.8,    181.083,     518.106,    517.892,
   62,      153.3,    181.134,     520.278,    519.756,
   63,      155.8,    181.070,     521.899,    521.545,
   64,      158.3,    181.044,     523.851,    523.259,
   65,      160.8,    181.173,     525.907,    524.904,
   66,      163.3,    181.224,     527.634,    526.480,
   67,      165.8,    181.108,     529.076,    527.989,
   68,      168.3,    181.160,     531.023,    529.434,
   69,      170.8,    181.121,     532.461,    530.817,
   70,      175.8,    179.847,     531.118,    532.825,
----,
DateTime:        , 2025/11/18, 12:47:31, 1763484451630,
RFID_EPC:        ,--Not Acquired--,
RFID_UserData:   ,--Not Acquired--,
Barcode:         ,--Not Acquired--,
PIF:,            0.00,
PARs:,            0.0,     0.0,     0.0,     0.0,     0.0,     0.0,
Light:,           0.0,     0.0,     0.0,     0.0,     0.0,     0.0,
Cycles:,            1,
                    1,      69,      70,      70,
Lamps:,        #10000,
Gain:,              5,      25, 
SNR_raw:,     566.89,
Position:,        0.0,              0.0,   NoData,
DataPt,      Time(us),   EX,         EM,       Fit,
==========,==========,==========,==========,=========,
    0,        0.0,      0.000,       0.000,    257.901,
    1,        0.8,    165.354,     257.870,    262.405,
    2,        3.3,    180.043,     267.193,    267.393,
    3,        5.8,    180.313,     275.743,    272.472,
    4,        8.3,    180.326,     280.714,    277.628,
    5,       10.8,    180.313,     284.616,    282.851,
    6,       13.3,    180.467,     289.914,    288.140,
    7,       15.8,    180.545,     293.999,    293.485,
    8,       18.3,    180.583,     298.477,    298.878,
    9,       20.8,    180.519,     303.348,    304.310,
   10,       23.3,    180.596,     309.087,    309.778,
   11,       25.8,    180.635,     314.779,    315.274,
   12,       28.3,    180.686,     320.002,    320.792,
   13,       30.8,    180.738,     325.444,    326.326,
   14,       33.3,    180.712,     330.471,    331.867,
   15,       35.8,    180.841,     336.539,    337.414,
   16,       38.3,    180.828,     341.651,    342.956,
   17,       40.8,    180.828,     347.845,    348.487,
   18,       43.3,    180.892,     353.249,    354.004,
   19,       45.8,    180.841,     359.322,    359.497,
   20,       48.3,    180.738,     364.285,    364.959,
   21,       50.8,    180.918,     370.112,    370.392,
   22,       53.3,    180.789,     376.239,    375.782,
   23,       55.8,    180.725,     381.242,    381.126,
   24,       58.3,    180.970,     386.363,    386.427,
   25,       60.8,    181.072,     392.219,    391.675,
   26,       63.3,    180.867,     397.088,    396.859,
   27,       65.8,    180.982,     402.470,    401.982,
   28,       68.3,    180.918,     407.698,    407.034,
   29,       70.8,    180.828,     412.436,    412.011,
   30,       73.3,    180.995,     417.691,    416.916,
   31,       75.8,    180.970,     422.171,    421.739,
   32,       78.3,    180.931,     427.014,    426.478,
   33,       80.8,    180.802,     432.185,    431.128,
   34,       83.3,    180.841,     436.959,    435.688,
   35,       85.8,    180.867,     440.656,    440.157,
   36,       88.3,    181.111,     444.589,    444.536,
   37,       90.8,    180.815,     450.073,    448.812,
   38,       93.3,    181.021,     452.986,    452.995,
   39,       95.8,    180.918,     457.998,    457.075,
   40,       98.3,    181.034,     461.682,    461.056,
   41,      100.8,    181.111,     465.018,    464.937,
   42,      103.3,    181.021,     468.785,    468.713,
   43,      105.8,    180.970,     471.571,    472.384,
   44,      108.3,    180.918,     476.459,    475.952,
   45,      110.8,    181.072,     479.256,    479.419,
   46,      113.3,    181.047,     482.196,    482.783,
   47,      115.8,    180.982,     485.793,    486.043,
   48,      118.3,    181.047,     489.376,    489.202,
   49,      120.8,    181.098,     491.556,    492.260,
   50,      123.3,    181.111,     494.061,    495.219,
   51,      125.8,    181.137,     497.524,    498.080,
   52,      128.3,    180.995,     500.124,    500.842,
   53,      130.8,    181.124,     502.970,    503.509,
   54,      133.3,    181.034,     505.983,    506.081,
   55,      135.8,    180.982,     508.447,    508.561,
   56,      138.3,    180.918,     510.729,    510.949,
   57,      140.8,    181.034,     512.280,    513.250,
   58,      143.3,    181.240,     514.346,    515.466,
   59,      145.8,    181.098,     517.509,    517.596,
   60,      148.3,    180.982,     519.388,    519.644,
   61,      150.8,    181.111,     521.558,    521.612,
   62,      153.3,    181.098,     523.915,    523.501,
   63,      155.8,    181.085,     525.277,    525.315,
   64,      158.3,    181.150,     527.740,    527.056,
   65,      160.8,    181.188,     529.835,    528.726,
   66,      163.3,    181.150,     531.273,    530.326,
   67,      165.8,    181.047,     533.564,    531.859,
   68,      168.3,    181.214,     534.285,    533.329,
   69,      170.8,    181.137,     536.500,    534.735,
   70,      175.8,    179.927,     535.440,    536.605,
----,
DateTime:        , 2025/11/18, 12:47:40, 1763484460160,
RFID_EPC:        ,--Not Acquired--,
RFID_UserData:   ,--Not Acquired--,
Barcode:         ,--Not Acquired--,
PIF:,            0.00,
PARs:,            0.0,     0.0,     0.0,     0.0,     0.0,     0.0,
Light:,           0.0,     0.0,     0.0,     0.0,     0.0,     0.0,
Cycles:,            1,
                    1,      69,      70,      70,
Lamps:,        #10000,
Gain:,              5,      25, 
SNR_raw:,     587.04,
Position:,        0.0,              0.0,   NoData,
DataPt,      Time(us),   EX,         EM,       Fit,
==========,==========,==========,==========,=========,
    0,        0.0,      0.000,       0.000,    259.101,
    1,        0.8,    165.320,     259.255,    263.660,
    2,        3.3,    180.099,     268.559,    268.707,
    3,        5.8,    180.228,     277.093,    273.837,
    4,        8.3,    180.318,     282.057,    279.042,
    5,       10.8,    180.434,     286.309,    284.316,
    6,       13.3,    180.305,     291.284,    289.645,
    7,       15.8,    180.486,     295.758,    295.031,
    8,       18.3,    180.550,     300.305,    300.465,
    9,       20.8,    180.627,     304.827,    305.941,
   10,       23.3,    180.653,     310.651,    311.450,
   11,       25.8,    180.486,     316.036,    316.981,
   12,       28.3,    180.511,     320.977,    322.534,
   13,       30.8,    180.769,     326.937,    328.107,
   14,       33.3,    180.679,     332.192,    333.686,
   15,       35.8,    180.563,     338.497,    339.263,
   16,       38.3,    180.756,     344.221,    344.842,
   17,       40.8,    180.730,     349.803,    350.409,
   18,       43.3,    180.743,     355.643,    355.961,
   19,       45.8,    180.820,     360.911,    361.492,
   20,       48.3,    180.923,     366.675,    366.998,
   21,       50.8,    180.730,     372.267,    372.465,
   22,       53.3,    180.936,     378.255,    377.898,
   23,       55.8,    180.743,     383.196,    383.282,
   24,       58.3,    180.769,     389.005,    388.616,
   25,       60.8,    180.923,     393.647,    393.899,
   26,       63.3,    180.949,     399.781,    399.123,
   27,       65.8,    181.039,     405.106,    404.284,
   28,       68.3,    180.949,     410.060,    409.374,
   29,       70.8,    181.039,     415.048,    414.393,
   30,       73.3,    180.910,     419.987,    419.331,
   31,       75.8,    180.962,     424.951,    424.189,
   32,       78.3,    180.859,     429.285,    428.960,
   33,       80.8,    180.962,     434.898,    433.645,
   34,       83.3,    180.846,     438.937,    438.237,
   35,       85.8,    181.052,     443.740,    442.740,
   36,       88.3,    181.155,     447.572,    447.149,
   37,       90.8,    181.116,     451.533,    451.459,
   38,       93.3,    180.885,     456.092,    455.664,
   39,       95.8,    181.078,     460.134,    459.771,
   40,       98.3,    181.116,     463.569,    463.777,
   41,      100.8,    181.013,     468.363,    467.676,
   42,      103.3,    180.885,     471.682,    471.469,
   43,      105.8,    180.949,     475.272,    475.159,
   44,      108.3,    180.923,     478.214,    478.743,
   45,      110.8,    180.910,     482.006,    482.222,
   46,      113.3,    181.039,     484.867,    485.599,
   47,      115.8,    181.142,     488.787,    488.873,
   48,      118.3,    181.104,     490.879,    492.043,
   49,      120.8,    181.026,     495.066,    495.109,
   50,      123.3,    181.181,     496.962,    498.077,
   51,      125.8,    180.975,     499.848,    500.941,
   52,      128.3,    181.194,     502.666,    503.709,
   53,      130.8,    180.962,     505.742,    506.378,
   54,      133.3,    181.155,     509.067,    508.953,
   55,      135.8,    180.898,     511.228,    511.433,
   56,      138.3,    181.168,     513.557,    513.823,
   57,      140.8,    180.936,     516.425,    516.121,
   58,      143.3,    181.155,     518.120,    518.334,
   59,      145.8,    181.052,     519.850,    520.461,
   60,      148.3,    181.245,     522.607,    522.506,
   61,      150.8,    181.078,     524.415,    524.468,
   62,      153.3,    181.258,     525.659,    526.353,
   63,      155.8,    181.104,     528.758,    528.160,
   64,      158.3,    181.271,     530.477,    529.895,
   65,      160.8,    181.194,     532.469,    531.556,
   66,      163.3,    180.949,     535.068,    533.147,
   67,      165.8,    181.348,     536.206,    534.673,
   68,      168.3,    181.013,     538.302,    536.131,
   69,      170.8,    181.194,     540.085,    537.528,
   70,      175.8,    179.855,     537.990,    539.341,
----,
DateTime:        , 2025/11/18, 12:47:48, 1763484468707,
RFID_EPC:        ,--Not Acquired--,
RFID_UserData:   ,--Not Acquired--,
Barcode:         ,--Not Acquired--,
PIF:,            0.00,
PARs:,            0.0,     0.0,     0.0,     0.0,     0.0,     0.0,
Light:,           0.0,     0.0,     0.0,     0.0,     0.0,     0.0,
Cycles:,            1,
                    1,      69,      70,      70,
Lamps:,        #10000,
Gain:,              5,      25, 
SNR_raw:,     658.37,
Position:,        0.0,              0.0,   NoData,
DataPt,      Time(us),   EX,         EM,       Fit,
==========,==========,==========,==========,=========,
    0,        0.0,      0.000,       0.000,    260.951,
    1,        0.8,    165.309,     261.086,    265.477,
    2,        3.3,    180.049,     270.370,    270.502,
    3,        5.8,    180.217,     278.886,    275.626,
    4,        8.3,    180.243,     283.396,    280.834,
    5,       10.8,    180.320,     288.155,    286.121,
    6,       13.3,    180.294,     293.299,    291.474,
    7,       15.8,    180.255,     297.134,    296.887,
    8,       18.3,    180.654,     302.013,    302.362,
    9,       20.8,    180.577,     307.237,    307.880,
   10,       23.3,    180.513,     312.775,    313.433,
   11,       25.8,    180.577,     317.870,    319.018,
   12,       28.3,    180.706,     323.952,    324.629,
   13,       30.8,    180.577,     328.945,    330.252,
   14,       33.3,    180.770,     335.564,    335.889,
   15,       35.8,    180.732,     340.505,    341.528,
   16,       38.3,    180.783,     346.492,    347.163,
   17,       40.8,    180.757,     351.963,    352.787,
   18,       43.3,    180.770,     357.913,    358.395,
   19,       45.8,    180.809,     363.367,    363.980,
   20,       48.3,    180.848,     369.151,    369.536,
   21,       50.8,    180.976,     374.635,    375.061,
   22,       53.3,    180.976,     380.381,    380.544,
   23,       55.8,    180.951,     385.851,    385.981,
   24,       58.3,    180.886,     391.185,    391.363,
   25,       60.8,    180.963,     397.207,    396.691,
   26,       63.3,    180.925,     402.156,    401.955,
   27,       65.8,    180.938,     407.875,    407.152,
   28,       68.3,    180.873,     412.664,    412.277,
   29,       70.8,    180.963,     417.874,    417.329,
   30,       73.3,    180.899,     423.441,    422.299,
   31,       75.8,    181.028,     428.221,    427.189,
   32,       78.3,    180.886,     432.869,    431.989,
   33,       80.8,    180.899,     436.929,    436.700,
   34,       83.3,    181.002,     441.652,    441.320,
   35,       85.8,    181.066,     446.576,    445.846,
   36,       88.3,    180.963,     451.583,    450.273,
   37,       90.8,    181.041,     455.036,    454.601,
   38,       93.3,    181.041,     459.676,    458.828,
   39,       95.8,    181.015,     463.498,    462.952,
   40,       98.3,    181.041,     467.077,    466.973,
   41,      100.8,    180.938,     471.322,    470.887,
   42,      103.3,    181.092,     475.007,    474.698,
   43,      105.8,    180.989,     478.592,    478.402,
   44,      108.3,    180.912,     482.113,    481.999,
   45,      110.8,    181.105,     484.691,    485.494,
   46,      113.3,    181.054,     488.474,    488.882,
   47,      115.8,    180.963,     491.591,    492.165,
   48,      118.3,    181.247,     494.464,    495.348,
   49,      120.8,    181.169,     498.318,    498.427,
   50,      123.3,    180.976,     501.171,    501.401,
   51,      125.8,    181.118,     503.871,    504.278,
   52,      128.3,    181.169,     506.046,    507.055,
   53,      130.8,    181.092,     509.464,    509.735,
   54,      133.3,    181.182,     511.971,    512.320,
   55,      135.8,    181.144,     513.625,    514.812,
   56,      138.3,    181.041,     516.569,    517.210,
   57,      140.8,    181.182,     518.704,    519.520,
   58,      143.3,    181.054,     521.503,    521.741,
   59,      145.8,    181.054,     523.602,    523.877,
   60,      148.3,    180.925,     525.964,    525.929,
   61,      150.8,    181.015,     528.244,    527.901,
   62,      153.3,    181.079,     530.486,    529.794,
   63,      155.8,    181.015,     531.558,    531.610,
   64,      158.3,    181.092,     534.093,    533.353,
   65,      160.8,    181.169,     535.300,    535.024,
   66,      163.3,    181.054,     538.073,    536.625,
   67,      165.8,    181.182,     539.236,    538.159,
   68,      168.3,    181.182,     541.112,    539.629,
   69,      170.8,    181.015,     543.602,    541.034,
   70,      175.8,    179.895,     542.094,    543.001,
----,
DateTime:        , 2025/11/18, 12:47:57, 1763484477257,
RFID_EPC:        ,--Not Acquired--,
RFID_UserData:   ,--Not Acquired--,
Barcode:         ,--Not Acquired--,
PIF:,            0.00,
PARs:,            0.0,     0.0,     0.0,     0.0,     0.0,     0.0,
Light:,           0.0,     0.0,     0.0,     0.0,     0.0,     0.0,
Cycles:,            1,
                    1,      69,      70,      70,
Lamps:,        #10000,
Gain:,              5,      25, 
SNR_raw:,     622.34,
Position:,        0.0,              0.0,   NoData,
DataPt,      Time(us),   EX,         EM,       Fit,
==========,==========,==========,==========,=========,
    0,        0.0,      0.000,       0.000,    262.658,
    1,        0.8,    165.568,     262.249,    267.139,
    2,        3.3,    180.010,     272.269,    272.127,
    3,        5.8,    180.267,     281.471,    277.235,
    4,        8.3,    180.306,     285.626,    282.444,
    5,       10.8,    180.460,     289.593,    287.748,
    6,       13.3,    180.332,     294.458,    293.127,
    7,       15.8,    180.435,     299.056,    298.577,
    8,       18.3,    180.460,     303.225,    304.088,
    9,       20.8,    180.499,     308.257,    309.651,
   10,       23.3,    180.615,     314.371,    315.259,
   11,       25.8,    180.525,     319.624,    320.897,
   12,       28.3,    180.602,     325.799,    326.563,
   13,       30.8,    180.576,     331.384,    332.245,
   14,       33.3,    180.885,     337.010,    337.946,
   15,       35.8,    180.756,     342.893,    343.645,
   16,       38.3,    180.898,     348.263,    349.344,
   17,       40.8,    180.962,     354.217,    355.033,
   18,       43.3,    180.949,     360.101,    360.702,
   19,       45.8,    180.718,     366.428,    366.341,
   20,       48.3,    180.988,     371.185,    371.956,
   21,       50.8,    180.589,     377.542,    377.522,
   22,       53.3,    180.846,     382.866,    383.052,
   23,       55.8,    180.872,     388.893,    388.534,
   24,       58.3,    180.949,     394.254,    393.963,
   25,       60.8,    180.834,     399.594,    399.330,
   26,       63.3,    181.040,     405.436,    404.638,
   27,       65.8,    180.988,     410.966,    409.875,
   28,       68.3,    180.975,     415.527,    415.038,
   29,       70.8,    181.027,     420.712,    420.125,
   30,       73.3,    181.091,     425.753,    425.131,
   31,       75.8,    180.962,     430.808,    430.050,
   32,       78.3,    180.949,     435.481,    434.879,
   33,       80.8,    180.937,     440.375,    439.616,
   34,       83.3,    180.859,     444.987,    444.258,
   35,       85.8,    180.949,     449.407,    448.804,
   36,       88.3,    181.014,     453.888,    453.253,
   37,       90.8,    181.078,     457.813,    457.603,
   38,       93.3,    181.040,     462.330,    461.849,
   39,       95.8,    181.040,     465.976,    465.992,
   40,       98.3,    181.065,     470.328,    470.030,
   41,      100.8,    180.988,     473.954,    473.961,
   42,      103.3,    181.014,     478.085,    477.788,
   43,      105.8,    180.962,     482.089,    481.507,
   44,      108.3,    181.065,     485.239,    485.121,
   45,      110.8,    181.130,     489.042,    488.631,
   46,      113.3,    180.859,     492.095,    492.031,
   47,      115.8,    181.027,     494.844,    495.329,
   48,      118.3,    181.065,     498.052,    498.524,
   49,      120.8,    181.052,     500.408,    501.616,
   50,      123.3,    180.859,     503.817,    504.603,
   51,      125.8,    181.143,     507.115,    507.494,
   52,      128.3,    181.001,     509.611,    510.285,
   53,      130.8,    181.181,     511.422,    512.980,
   54,      133.3,    181.091,     515.431,    515.579,
   55,      135.8,    180.988,     517.935,    518.084,
   56,      138.3,    181.027,     520.144,    520.497,
   57,      140.8,    180.988,     522.797,    522.821,
   58,      143.3,    181.065,     524.341,    525.058,
   59,      145.8,    181.078,     527.397,    527.210,
   60,      148.3,    180.988,     528.322,    529.278,
   61,      150.8,    181.104,     531.076,    531.266,
   62,      153.3,    181.117,     533.358,    533.175,
   63,      155.8,    181.155,     534.679,    535.009,
   64,      158.3,    181.065,     537.817,    536.768,
   65,      160.8,    181.001,     539.003,    538.454,
   66,      163.3,    181.104,     542.009,    540.072,
   67,      165.8,    181.117,     543.406,    541.623,
   68,      168.3,    181.065,     545.660,    543.108,
   69,      170.8,    181.065,     546.985,    544.531,
   70,      175.8,    179.920,     545.799,    546.677,
----,
DateTime:        , 2025/11/18, 12:48:05, 1763484485810,
RFID_EPC:        ,--Not Acquired--,
RFID_UserData:   ,--Not Acquired--,
Barcode:         ,--Not Acquired--,
PIF:,            0.00,
PARs:,            0.0,     0.0,     0.0,     0.0,     0.0,     0.0,
Light:,           0.0,     0.0,     0.0,     0.0,     0.0,     0.0,
Cycles:,            1,
                    1,      69,      70,      70,
Lamps:,        #10000,
Gain:,              5,      25, 
SNR_raw:,     665.17,
Position:,        0.0,              0.0,   NoData,
DataPt,      Time(us),   EX,         EM,       Fit,
==========,==========,==========,==========,=========,
    0,        0.0,      0.000,       0.000,    264.147,
    1,        0.8,    165.317,     264.582,    268.645,
    2,        3.3,    180.057,     273.749,    273.659,
    3,        5.8,    180.328,     282.153,    278.791,
    4,        8.3,    180.250,     286.602,    284.021,
    5,       10.8,    180.237,     291.061,    289.340,
    6,       13.3,    180.405,     295.669,    294.742,
    7,       15.8,    180.430,     300.614,    300.214,
    8,       18.3,    180.533,     305.428,    305.749,
    9,       20.8,    180.675,     310.502,    311.340,
   10,       23.3,    180.624,     316.681,    316.971,
   11,       25.8,    180.649,     321.839,    322.638,
   12,       28.3,    180.533,     327.585,    328.328,
   13,       30.8,    180.817,     333.487,    334.044,
   14,       33.3,    180.688,     338.705,    339.768,
   15,       35.8,    180.842,     343.835,    345.500,
   16,       38.3,    180.649,     350.403,    351.223,
   17,       40.8,    180.765,     355.931,    356.940,
   18,       43.3,    180.804,     362.050,    362.640,
   19,       45.8,    180.727,     367.738,    368.315,
   20,       48.3,    180.881,     373.947,    373.965,
   21,       50.8,    180.791,     379.776,    379.576,
   22,       53.3,    180.984,     385.006,    385.150,
   23,       55.8,    180.842,     390.285,    390.673,
   24,       58.3,    181.010,     396.332,    396.147,
   25,       60.8,    180.894,     401.340,    401.560,
   26,       63.3,    180.842,     407.648,    406.908,
   27,       65.8,    180.778,     412.993,    412.186,
   28,       68.3,    180.714,     418.009,    417.390,
   29,       70.8,    180.971,     423.382,    422.523,
   30,       73.3,    180.997,     428.516,    427.576,
   31,       75.8,    180.765,     433.822,    432.538,
   32,       78.3,    180.958,     438.001,    437.416,
   33,       80.8,    180.997,     442.880,    442.204,
   34,       83.3,    180.894,     447.555,    446.895,
   35,       85.8,    181.100,     452.457,    451.493,
   36,       88.3,    181.036,     456.816,    455.991,
   37,       90.8,    181.126,     461.227,    460.389,
   38,       93.3,    180.984,     465.234,    464.682,
   39,       95.8,    180.958,     468.837,    468.869,
   40,       98.3,    180.958,     473.148,    472.952,
   41,      100.8,    181.100,     476.974,    476.930,
   42,      103.3,    180.920,     480.545,    480.799,
   43,      105.8,    180.945,     484.787,    484.560,
   44,      108.3,    181.061,     487.680,    488.217,
   45,      110.8,    181.023,     491.320,    491.765,
   46,      113.3,    181.074,     494.935,    495.208,
   47,      115.8,    181.087,     498.324,    498.545,
   48,      118.3,    181.036,     501.669,    501.776,
   49,      120.8,    180.881,     504.641,    504.901,
   50,      123.3,    181.036,     507.304,    507.925,
   51,      125.8,    181.100,     510.105,    510.848,
   52,      128.3,    181.151,     513.162,    513.671,
   53,      130.8,    181.151,     515.480,    516.396,
   54,      133.3,    181.036,     517.799,    519.023,
   55,      135.8,    181.100,     520.818,    521.556,
   56,      138.3,    181.139,     523.356,    523.996,
   57,      140.8,    180.997,     526.860,    526.343,
   58,      143.3,    181.139,     528.767,    528.604,
   59,      145.8,    181.074,     530.611,    530.777,
   60,      148.3,    180.984,     532.754,    532.865,
   61,      150.8,    181.216,     534.942,    534.873,
   62,      153.3,    181.267,     537.218,    536.801,
   63,      155.8,    181.087,     538.857,    538.651,
   64,      158.3,    181.074,     540.994,    540.425,
   65,      160.8,    181.139,     542.679,    542.127,
   66,      163.3,    181.151,     545.179,    543.758,
   67,      165.8,    181.100,     547.212,    545.321,
   68,      168.3,    181.216,     548.076,    546.818,
   69,      170.8,    181.126,     550.226,    548.251,
   70,      175.8,    179.980,     548.950,    550.365,
----,
DateTime:        , 2025/11/18, 12:48:14, 1763484494351,
RFID_EPC:        ,--Not Acquired--,
RFID_UserData:   ,--Not Acquired--,
Barcode:         ,--Not Acquired--,
PIF:,            0.00,
PARs:,            0.0,     0.0,     0.0,     0.0,     0.0,     0.0,
Light:,           0.0,     0.0,     0.0,     0.0,     0.0,     0.0,
Cycles:,            1,
                    1,      69,      70,      70,
Lamps:,        #10000,
Gain:,              5,      25, 
SNR_raw:,     673.29,
Position:,        0.0,              0.0,   NoData,
DataPt,      Time(us),   EX,         EM,       Fit,
==========,==========,==========,==========,=========,
    0,        0.0,      0.000,       0.000,    265.144,
    1,        0.8,    165.227,     265.090,    269.747,
    2,        3.3,    180.134,     274.744,    274.872,
    3,        5.8,    180.186,     283.596,    280.104,
    4,        8.3,    180.237,     288.398,    285.432,
    5,       10.8,    180.276,     293.439,    290.844,
    6,       13.3,    180.224,     297.851,    296.330,
    7,       15.8,    180.353,     301.741,    301.884,
    8,       18.3,    180.469,     306.978,    307.497,
    9,       20.8,    180.508,     312.342,    313.159,
   10,       23.3,    180.572,     318.100,    318.862,
   11,       25.8,    180.533,     323.818,    324.594,
   12,       28.3,    180.765,     329.157,    330.356,
   13,       30.8,    180.649,     335.568,    336.131,
   14,       33.3,    180.675,     341.276,    341.914,
   15,       35.8,    180.778,     346.503,    347.701,
   16,       38.3,    180.533,     352.511,    353.475,
   17,       40.8,    180.842,     358.323,    359.244,
   18,       43.3,    180.611,     364.541,    364.987,
   19,       45.8,    180.855,     370.020,    370.710,
   20,       48.3,    180.958,     376.109,    376.404,
   21,       50.8,    180.855,     381.631,    382.056,
   22,       53.3,    180.984,     387.548,    387.667,
   23,       55.8,    180.894,     393.270,    393.226,
   24,       58.3,    180.881,     399.268,    398.728,
   25,       60.8,    180.945,     404.211,    404.172,
   26,       63.3,    180.945,     409.958,    409.549,
   27,       65.8,    180.842,     415.832,    414.853,
   28,       68.3,    180.714,     420.998,    420.079,
   29,       70.8,    181.061,     425.381,    425.234,
   30,       73.3,    180.984,     430.867,    430.304,
   31,       75.8,    181.010,     435.888,    435.288,
   32,       78.3,    180.984,     440.702,    440.182,
   33,       80.8,    181.190,     445.279,    444.986,
   34,       83.3,    180.958,     450.602,    449.689,
   35,       85.8,    181.074,     454.952,    454.297,
   36,       88.3,    180.958,     459.996,    458.801,
   37,       90.8,    181.022,     463.920,    463.204,
   38,       93.3,    180.894,     468.452,    467.501,
   39,       95.8,    181.074,     471.962,    471.696,
   40,       98.3,    180.984,     476.617,    475.782,
   41,      100.8,    181.074,     480.688,    479.764,
   42,      103.3,    181.113,     483.787,    483.638,
   43,      105.8,    181.010,     487.377,    487.403,
   44,      108.3,    181.010,     490.913,    491.060,
   45,      110.8,    181.151,     494.283,    494.611,
   46,      113.3,    181.087,     497.772,    498.055,
   47,      115.8,    180.945,     501.036,    501.390,
   48,      118.3,    181.138,     504.256,    504.623,
   49,      120.8,    181.010,     507.266,    507.749,
   50,      123.3,    180.945,     509.878,    510.772,
   51,      125.8,    181.010,     513.011,    513.694,
   52,      128.3,    181.113,     515.812,    516.517,
   53,      130.8,    181.228,     518.572,    519.242,
   54,      133.3,    181.100,     521.149,    521.870,
   55,      135.8,    180.997,     524.098,    524.402,
   56,      138.3,    181.061,     525.900,    526.842,
   57,      140.8,    180.791,     528.899,    529.189,
   58,      143.3,    181.113,     531.161,    531.450,
   59,      145.8,    181.087,     532.673,    533.624,
   60,      148.3,    181.177,     535.388,    535.715,
   61,      150.8,    180.997,     538.131,    537.723,
   62,      153.3,    181.113,     539.112,    539.652,
   63,      155.8,    181.125,     542.497,    541.503,
   64,      158.3,    181.254,     543.546,    543.281,
   65,      160.8,    181.267,     545.714,    544.986,
   66,      163.3,    181.280,     547.441,    546.620,
   67,      165.8,    181.241,     549.875,    548.186,
   68,      168.3,    181.074,     552.261,    549.686,
   69,      170.8,    181.138,     553.058,    551.122,
   70,      175.8,    179.915,     552.371,    553.236,
----,
DateTime:        , 2025/11/18, 12:48:23, 1763484502895,
RFID_EPC:        ,--Not Acquired--,
RFID_UserData:   ,--Not Acquired--,
Barcode:         ,--Not Acquired--,
PIF:,            0.00,
PARs:,            0.0,     0.0,     0.0,     0.0,     0.0,     0.0,
Light:,           0.0,     0.0,     0.0,     0.0,     0.0,     0.0,
Cycles:,            1,
                    1,      69,      70,      70,
Lamps:,        #10000,
Gain:,              5,      25, 
SNR_raw:,     671.35,
Position:,        0.0,              0.0,   NoData,
DataPt,      Time(us),   EX,         EM,       Fit,
==========,==========,==========,==========,=========,
    0,        0.0,      0.000,       0.000,    266.770,
    1,        0.8,    165.499,     266.949,    271.340,
    2,        3.3,    180.036,     276.478,    276.426,
    3,        5.8,    180.061,     285.236,    281.623,
    4,        8.3,    180.203,     289.340,    286.923,
    5,       10.8,    180.319,     294.145,    292.316,
    6,       13.3,    180.229,     299.508,    297.785,
    7,       15.8,    180.499,     303.602,    303.331,
    8,       18.3,    180.370,     308.698,    308.934,
    9,       20.8,    180.525,     313.973,    314.591,
   10,       23.3,    180.718,     319.282,    320.297,
   11,       25.8,    180.692,     325.083,    326.037,
   12,       28.3,    180.667,     330.554,    331.802,
   13,       30.8,    180.718,     336.657,    337.587,
   14,       33.3,    180.821,     342.327,    343.385,
   15,       35.8,    180.731,     347.699,    349.185,
   16,       38.3,    180.718,     354.696,    354.980,
   17,       40.8,    180.473,     360.275,    360.758,
   18,       43.3,    180.602,     366.219,    366.521,
   19,       45.8,    180.770,     371.744,    372.265,
   20,       48.3,    180.795,     377.554,    377.979,
   21,       50.8,    180.886,     383.779,    383.659,
   22,       53.3,    180.911,     388.920,    389.297,
   23,       55.8,    181.014,     394.776,    394.888,
   24,       58.3,    180.950,     401.106,    400.424,
   25,       60.8,    180.976,     405.911,    405.900,
   26,       63.3,    180.886,     411.863,    411.310,
   27,       65.8,    181.014,     417.647,    416.653,
   28,       68.3,    180.924,     422.055,    421.919,
   29,       70.8,    180.860,     427.956,    427.105,
   30,       73.3,    181.053,     433.023,    432.213,
   31,       75.8,    180.950,     438.132,    437.232,
   32,       78.3,    181.001,     442.538,    442.163,
   33,       80.8,    180.873,     447.166,    446.997,
   34,       83.3,    180.924,     452.455,    451.736,
   35,       85.8,    181.027,     456.617,    456.379,
   36,       88.3,    180.976,     461.720,    460.920,
   37,       90.8,    181.027,     465.897,    465.359,
   38,       93.3,    181.027,     470.537,    469.694,
   39,       95.8,    181.014,     474.438,    473.922,
   40,       98.3,    180.770,     478.952,    478.039,
   41,      100.8,    181.079,     482.884,    482.053,
   42,      103.3,    181.117,     485.873,    485.959,
   43,      105.8,    180.963,     489.935,    489.755,
   44,      108.3,    181.053,     493.005,    493.442,
   45,      110.8,    181.053,     496.430,    497.022,
   46,      113.3,    180.937,     500.174,    500.491,
   47,      115.8,    181.027,     503.571,    503.854,
   48,      118.3,    181.001,     506.294,    507.111,
   49,      120.8,    180.989,     510.088,    510.261,
   50,      123.3,    181.040,     512.594,    513.308,
   51,      125.8,    181.182,     515.836,    516.254,
   52,      128.3,    181.104,     518.817,    519.098,
   53,      130.8,    181.246,     521.060,    521.843,
   54,      133.3,    181.143,     523.785,    524.489,
   55,      135.8,    181.117,     527.062,    527.040,
   56,      138.3,    181.040,     528.723,    529.495,
   57,      140.8,    181.014,     531.118,    531.859,
   58,      143.3,    181.027,     533.180,    534.133,
   59,      145.8,    181.066,     536.490,    536.319,
   60,      148.3,    181.117,     538.767,    538.421,
   61,      150.8,    181.117,     540.423,    540.440,
   62,      153.3,    181.117,     542.190,    542.379,
   63,      155.8,    181.323,     544.883,    544.240,
   64,      158.3,    181.285,     546.323,    546.026,
   65,      160.8,    181.195,     548.140,    547.737,
   66,      163.3,    181.182,     550.608,    549.377,
   67,      165.8,    181.117,     552.128,    550.948,
   68,      168.3,    181.092,     554.526,    552.452,
   69,      170.8,    181.066,     556.483,    553.892,
   70,      175.8,    179.881,     555.033,    556.022,
----,
DateTime:        , 2025/11/18, 12:48:31, 1763484511448,
RFID_EPC:        ,--Not Acquired--,
RFID_UserData:   ,--Not Acquired--,
Barcode:         ,--Not Acquired--,
PIF:,            0.00,
PARs:,            0.0,     0.0,     0.0,     0.0,     0.0,     0.0,
Light:,           0.0,     0.0,     0.0,     0.0,     0.0,     0.0,
Cycles:,            1,
                    1,      69,      70,      70,
Lamps:,        #10000,
Gain:,              5,      25, 
SNR_raw:,     739.07,
Position:,        0.0,              0.0,   NoData,
DataPt,      Time(us),   EX,         EM,       Fit,
==========,==========,==========,==========,=========,
    0,        0.0,      0.000,       0.000,    268.316,
    1,        0.8,    165.460,     268.221,    272.918,
    2,        3.3,    180.136,     278.066,    278.046,
    3,        5.8,    180.213,     287.105,    283.290,
    4,        8.3,    180.226,     291.523,    288.636,
    5,       10.8,    180.406,     296.220,    294.078,
    6,       13.3,    180.355,     301.073,    299.599,
    7,       15.8,    180.252,     305.018,    305.187,
    8,       18.3,    180.458,     310.433,    310.840,
    9,       20.8,    180.574,     316.215,    316.548,
   10,       23.3,    180.561,     321.775,    322.298,
   11,       25.8,    180.599,     327.244,    328.083,
   12,       28.3,    180.741,     332.852,    333.897,
   13,       30.8,    180.870,     338.586,    339.731,
   14,       33.3,    180.741,     344.139,    345.572,
   15,       35.8,    180.844,     350.136,    351.417,
   16,       38.3,    180.715,     356.141,    357.253,
   17,       40.8,    180.844,     362.854,    363.080,
   18,       43.3,    180.870,     368.332,    368.888,
   19,       45.8,    180.947,     374.032,    374.672,
   20,       48.3,    180.818,     380.161,    380.420,
   21,       50.8,    180.780,     385.552,    386.127,
   22,       53.3,    181.063,     391.466,    391.797,
   23,       55.8,    180.960,     397.215,    397.414,
   24,       58.3,    181.024,     402.819,    402.975,
   25,       60.8,    180.895,     409.518,    408.472,
   26,       63.3,    181.037,     414.501,    413.905,
   27,       65.8,    180.947,     419.681,    419.264,
   28,       68.3,    181.011,     425.830,    424.548,
   29,       70.8,    180.908,     430.163,    429.750,
   30,       73.3,    181.063,     436.423,    434.870,
   31,       75.8,    180.998,     440.446,    439.901,
   32,       78.3,    181.179,     445.748,    444.845,
   33,       80.8,    181.076,     450.530,    449.691,
   34,       83.3,    181.076,     455.169,    454.440,
   35,       85.8,    180.973,     460.070,    459.087,
   36,       88.3,    181.050,     464.513,    463.634,
   37,       90.8,    180.947,     468.867,    468.074,
   38,       93.3,    181.037,     473.052,    472.411,
   39,       95.8,    180.947,     476.162,    476.639,
   40,       98.3,    181.050,     481.083,    480.761,
   41,      100.8,    181.011,     485.163,    484.774,
   42,      103.3,    181.088,     488.490,    488.680,
   43,      105.8,    180.998,     492.822,    492.475,
   44,      108.3,    181.050,     495.885,    496.161,
   45,      110.8,    180.973,     499.523,    499.738,
   46,      113.3,    180.986,     503.024,    503.207,
   47,      115.8,    180.947,     506.005,    506.567,
   48,      118.3,    180.986,     509.433,    509.822,
   49,      120.8,    180.895,     512.893,    512.970,
   50,      123.3,    180.986,     515.400,    516.015,
   51,      125.8,    181.037,     518.237,    518.958,
   52,      128.3,    181.114,     521.328,    521.801,
   53,      130.8,    180.973,     524.057,    524.543,
   54,      133.3,    181.024,     526.118,    527.188,
   55,      135.8,    181.076,     528.729,    529.737,
   56,      138.3,    181.088,     531.342,    532.193,
   57,      140.8,    180.973,     534.003,    534.557,
   58,      143.3,    181.037,     536.575,    536.832,
   59,      145.8,    181.088,     538.853,    539.020,
   60,      148.3,    181.088,     541.061,    541.123,
   61,      150.8,    180.973,     543.176,    543.143,
   62,      153.3,    181.088,     545.369,    545.083,
   63,      155.8,    181.037,     547.512,    546.945,
   64,      158.3,    180.960,     549.293,    548.731,
   65,      160.8,    181.101,     551.293,    550.445,
   66,      163.3,    181.166,     552.974,    552.088,
   67,      165.8,    181.024,     555.617,    553.662,
   68,      168.3,    180.934,     557.662,    555.169,
   69,      170.8,    181.114,     558.874,    556.613,
   70,      175.8,    179.737,     557.371,    558.800,
----,
DateTime:        , 2025/11/18, 12:48:40, 1763484520007,
RFID_EPC:        ,--Not Acquired--,
RFID_UserData:   ,--Not Acquired--,
Barcode:         ,--Not Acquired--,
PIF:,            0.00,
PARs:,            0.0,     0.0,     0.0,     0.0,     0.0,     0.0,
Light:,           0.0,     0.0,     0.0,     0.0,     0.0,     0.0,
Cycles:,            1,
                    1,      69,      70,      70,
Lamps:,        #10000,
Gain:,              5,      25, 
SNR_raw:,     664.84,
Position:,        0.0,              0.0,   NoData,
DataPt,      Time(us),   EX,         EM,       Fit,
==========,==========,==========,==========,=========,
    0,        0.0,      0.000,       0.000,    269.170,
    1,        0.8,    165.328,     268.920,    273.843,
    2,        3.3,    180.073,     279.118,    279.038,
    3,        5.8,    180.189,     288.474,    284.340,
    4,        8.3,    180.241,     292.941,    289.735,
    5,       10.8,    180.460,     297.241,    295.220,
    6,       13.3,    180.498,     302.385,    300.780,
    7,       15.8,    180.408,     306.194,    306.403,
    8,       18.3,    180.666,     311.625,    312.090,
    9,       20.8,    180.679,     316.805,    317.826,
   10,       23.3,    180.679,     322.340,    323.602,
   11,       25.8,    180.486,     328.558,    329.404,
   12,       28.3,    180.679,     333.852,    335.237,
   13,       30.8,    180.653,     340.321,    341.087,
   14,       33.3,    180.666,     346.164,    346.947,
   15,       35.8,    180.795,     352.002,    352.813,
   16,       38.3,    180.808,     357.728,    358.675,
   17,       40.8,    180.795,     363.838,    364.525,
   18,       43.3,    180.756,     370.112,    370.356,
   19,       45.8,    180.743,     375.782,    376.163,
   20,       48.3,    180.833,     381.235,    381.941,
   21,       50.8,    180.859,     387.373,    387.683,
   22,       53.3,    180.833,     392.959,    393.380,
   23,       55.8,    180.872,     399.620,    399.030,
   24,       58.3,    180.962,     404.726,    404.628,
   25,       60.8,    180.769,     411.133,    410.160,
   26,       63.3,    180.936,     416.058,    415.632,
   27,       65.8,    181.104,     421.195,    421.038,
   28,       68.3,    180.923,     427.031,    426.364,
   29,       70.8,    180.898,     432.289,    431.611,
   30,       73.3,    180.988,     437.377,    436.777,
   31,       75.8,    180.795,     443.155,    441.851,
   32,       78.3,    181.026,     447.338,    446.840,
   33,       80.8,    180.988,     452.185,    451.734,
   34,       83.3,    181.026,     457.944,    456.532,
   35,       85.8,    180.975,     461.832,    461.229,
   36,       88.3,    180.898,     465.899,    465.823,
   37,       90.8,    180.936,     470.442,    470.314,
   38,       93.3,    180.949,     475.824,    474.699,
   39,       95.8,    181.104,     479.283,    478.981,
   40,       98.3,    181.078,     483.438,    483.154,
   41,      100.8,    181.142,     487.131,    487.219,
   42,      103.3,    181.078,     491.280,    491.173,
   43,      105.8,    181.026,     494.734,    495.016,
   44,      108.3,    181.091,     498.424,    498.750,
   45,      110.8,    180.936,     502.939,    502.372,
   46,      113.3,    181.026,     505.561,    505.886,
   47,      115.8,    181.001,     509.390,    509.291,
   48,      118.3,    180.949,     512.077,    512.588,
   49,      120.8,    181.001,     514.915,    515.779,
   50,      123.3,    181.039,     517.898,    518.864,
   51,      125.8,    181.078,     521.101,    521.846,
   52,      128.3,    181.155,     523.970,    524.726,
   53,      130.8,    181.026,     526.774,    527.504,
   54,      133.3,    181.091,     529.789,    530.183,
   55,      135.8,    180.988,     532.190,    532.765,
   56,      138.3,    181.039,     534.248,    535.252,
   57,      140.8,    180.949,     536.725,    537.645,
   58,      143.3,    181.207,     539.825,    539.949,
   59,      145.8,    180.962,     541.992,    542.163,
   60,      148.3,    181.065,     543.893,    544.291,
   61,      150.8,    181.117,     546.940,    546.336,
   62,      153.3,    181.117,     548.818,    548.299,
   63,      155.8,    181.181,     551.051,    550.183,
   64,      158.3,    181.091,     552.540,    551.990,
   65,      160.8,    181.104,     554.599,    553.723,
   66,      163.3,    181.091,     556.074,    555.383,
   67,      165.8,    181.078,     558.544,    556.974,
   68,      168.3,    181.155,     560.624,    558.497,
   69,      170.8,    181.155,     562.170,    559.955,
   70,      175.8,    179.906,     560.404,    562.054,
----,
DateTime:        , 2025/11/18, 12:48:48, 1763484528584,
RFID_EPC:        ,--Not Acquired--,
RFID_UserData:   ,--Not Acquired--,
Barcode:         ,--Not Acquired--,
PIF:,            0.00,
PARs:,            0.0,     0.0,     0.0,     0.0,     0.0,     0.0,
Light:,           0.0,     0.0,     0.0,     0.0,     0.0,     0.0,
Cycles:,            1,
                    1,      69,      70,      70,
Lamps:,        #10000,
Gain:,              5,      25, 
SNR_raw:,     705.95,
Position:,        0.0,              0.0,   NoData,
DataPt,      Time(us),   EX,         EM,       Fit,
==========,==========,==========,==========,=========,
    0,        0.0,      0.000,       0.000,    270.056,
    1,        0.8,    165.542,     269.781,    274.753,
    2,        3.3,    180.076,     279.990,    279.976,
    3,        5.8,    180.256,     289.366,    285.314,
    4,        8.3,    180.231,     293.624,    290.750,
    5,       10.8,    180.308,     298.490,    296.277,
    6,       13.3,    180.411,     303.308,    301.885,
    7,       15.8,    180.617,     307.613,    307.566,
    8,       18.3,    180.540,     312.729,    313.305,
    9,       20.8,    180.437,     318.672,    319.089,
   10,       23.3,    180.411,     324.703,    324.914,
   11,       25.8,    180.604,     329.782,    330.777,
   12,       28.3,    180.668,     335.753,    336.666,
   13,       30.8,    180.707,     341.216,    342.572,
   14,       33.3,    180.797,     347.240,    348.490,
   15,       35.8,    180.861,     353.309,    354.411,
   16,       38.3,    180.771,     359.239,    360.323,
   17,       40.8,    180.578,     364.939,    366.217,
   18,       43.3,    180.617,     371.616,    372.091,
   19,       45.8,    180.874,     377.279,    377.946,
   20,       48.3,    180.849,     383.857,    383.768,
   21,       50.8,    180.874,     389.110,    389.550,
   22,       53.3,    180.926,     394.969,    395.289,
   23,       55.8,    180.823,     401.166,    400.974,
   24,       58.3,    181.016,     407.036,    406.607,
   25,       60.8,    180.823,     413.001,    412.172,
   26,       63.3,    180.913,     418.212,    417.673,
   27,       65.8,    180.977,     423.479,    423.103,
   28,       68.3,    181.042,     429.073,    428.458,
   29,       70.8,    180.861,     434.476,    433.728,
   30,       73.3,    180.797,     440.162,    438.911,
   31,       75.8,    180.887,     444.476,    444.008,
   32,       78.3,    180.964,     450.033,    449.015,
   33,       80.8,    180.990,     455.052,    453.926,
   34,       83.3,    181.003,     459.550,    458.740,
   35,       85.8,    181.067,     464.468,    463.455,
   36,       88.3,    181.080,     467.969,    468.067,
   37,       90.8,    181.106,     472.872,    472.575,
   38,       93.3,    180.977,     477.519,    476.974,
   39,       95.8,    180.964,     481.752,    481.265,
   40,       98.3,    181.145,     485.800,    485.451,
   41,      100.8,    180.900,     489.552,    489.522,
   42,      103.3,    180.849,     493.894,    493.484,
   43,      105.8,    180.874,     497.694,    497.335,
   44,      108.3,    181.054,     500.844,    501.079,
   45,      110.8,    181.042,     504.193,    504.713,
   46,      113.3,    181.054,     507.913,    508.238,
   47,      115.8,    180.900,     511.664,    511.652,
   48,      118.3,    181.132,     514.874,    514.962,
   49,      120.8,    181.003,     517.561,    518.163,
   50,      123.3,    181.042,     520.985,    521.259,
   51,      125.8,    181.093,     523.377,    524.252,
   52,      128.3,    181.235,     526.389,    527.144,
   53,      130.8,    181.029,     529.529,    529.934,
   54,      133.3,    181.080,     531.808,    532.624,
   55,      135.8,    180.990,     534.725,    535.218,
   56,      138.3,    181.157,     536.660,    537.717,
   57,      140.8,    181.106,     539.463,    540.124,
   58,      143.3,    181.054,     541.936,    542.439,
   59,      145.8,    181.029,     544.223,    544.666,
   60,      148.3,    181.016,     546.250,    546.807,
   61,      150.8,    181.016,     549.676,    548.864,
   62,      153.3,    181.016,     551.333,    550.840,
   63,      155.8,    181.196,     553.213,    552.737,
   64,      158.3,    180.990,     554.947,    554.557,
   65,      160.8,    181.106,     557.243,    556.303,
   66,      163.3,    181.196,     558.401,    557.977,
   67,      165.8,    181.196,     561.270,    559.582,
   68,      168.3,    181.209,     562.776,    561.119,
   69,      170.8,    181.248,     564.090,    562.591,
   70,      175.8,    179.999,     563.781,    564.773,
----,
DateTime:        , 2025/11/18, 12:48:57, 1763484537125,
RFID_EPC:        ,--Not Acquired--,
RFID_UserData:   ,--Not Acquired--,
Barcode:         ,--Not Acquired--,
PIF:,            0.00,
PARs:,            0.0,     0.0,     0.0,     0.0,     0.0,     0.0,
Light:,           0.0,     0.0,     0.0,     0.0,     0.0,     0.0,
Cycles:,            1,
                    1,      69,      70,      70,
Lamps:,        #10000,
Gain:,              5,      25, 
SNR_raw:,     814.54,
Position:,        0.0,              0.0,   NoData,
DataPt,      Time(us),   EX,         EM,       Fit,
==========,==========,==========,==========,=========,
    0,        0.0,      0.000,       0.000,    271.913,
    1,        0.8,    165.448,     271.989,    276.561,
    2,        3.3,    179.994,     281.879,    281.746,
    3,        5.8,    180.303,     290.955,    287.062,
    4,        8.3,    180.316,     295.260,    292.488,
    5,       10.8,    180.393,     299.901,    298.015,
    6,       13.3,    180.470,     304.981,    303.630,
    7,       15.8,    180.419,     309.392,    309.318,
    8,       18.3,    180.663,     314.840,    315.078,
    9,       20.8,    180.470,     319.831,    320.887,
   10,       23.3,    180.625,     326.091,    326.745,
   11,       25.8,    180.509,     331.618,    332.635,
   12,       28.3,    180.573,     337.703,    338.553,
   13,       30.8,    180.843,     343.612,    344.498,
   14,       33.3,    180.818,     349.634,    350.452,
   15,       35.8,    180.972,     355.082,    356.413,
   16,       38.3,    180.805,     361.495,    362.363,
   17,       40.8,    180.753,     367.573,    368.299,
   18,       43.3,    180.740,     373.353,    374.214,
   19,       45.8,    180.856,     379.528,    380.105,
   20,       48.3,    180.882,     385.445,    385.963,
   21,       50.8,    180.869,     391.001,    391.780,
   22,       53.3,    180.869,     398.299,    397.551,
   23,       55.8,    180.830,     403.582,    403.268,
   24,       58.3,    180.959,     409.485,    408.930,
   25,       60.8,    181.011,     414.561,    414.530,
   26,       63.3,    180.882,     420.827,    420.058,
   27,       65.8,    180.972,     425.922,    425.514,
   28,       68.3,    180.946,     432.172,    430.891,
   29,       70.8,    180.998,     436.580,    436.186,
   30,       73.3,    180.895,     441.804,    441.393,
   31,       75.8,    180.882,     447.364,    446.508,
   32,       78.3,    180.921,     452.353,    451.531,
   33,       80.8,    180.972,     457.419,    456.458,
   34,       83.3,    180.766,     462.144,    461.280,
   35,       85.8,    181.049,     466.724,    466.006,
   36,       88.3,    181.011,     471.243,    470.627,
   37,       90.8,    181.101,     475.757,    475.143,
   38,       93.3,    180.998,     479.785,    479.550,
   39,       95.8,    180.998,     484.205,    483.847,
   40,       98.3,    180.998,     488.735,    488.034,
   41,      100.8,    181.127,     491.921,    492.113,
   42,      103.3,    180.972,     496.320,    496.077,
   43,      105.8,    181.165,     499.765,    499.934,
   44,      108.3,    181.011,     504.280,    503.676,
   45,      110.8,    180.921,     506.963,    507.306,
   46,      113.3,    181.088,     510.581,    510.829,
   47,      115.8,    181.114,     513.931,    514.242,
   48,      118.3,    181.127,     516.876,    517.546,
   49,      120.8,    180.959,     520.449,    520.741,
   50,      123.3,    181.062,     523.135,    523.831,
   51,      125.8,    181.049,     526.155,    526.816,
   52,      128.3,    180.959,     529.070,    529.698,
   53,      130.8,    181.049,     532.120,    532.479,
   54,      133.3,    181.011,     534.444,    535.160,
   55,      135.8,    180.998,     536.913,    537.744,
   56,      138.3,    181.101,     539.920,    540.234,
   57,      140.8,    181.114,     542.091,    542.631,
   58,      143.3,    181.011,     544.277,    544.936,
   59,      145.8,    180.998,     546.747,    547.152,
   60,      148.3,    181.062,     548.762,    549.283,
   61,      150.8,    181.152,     551.139,    551.330,
   62,      153.3,    181.049,     553.219,    553.295,
   63,      155.8,    181.024,     555.839,    555.181,
   64,      158.3,    180.921,     557.814,    556.990,
   65,      160.8,    181.127,     560.271,    558.726,
   66,      163.3,    181.075,     561.646,    560.389,
   67,      165.8,    181.088,     563.594,    561.983,
   68,      168.3,    181.011,     565.823,    563.509,
   69,      170.8,    181.178,     567.398,    564.971,
   70,      175.8,    179.904,     565.747,    567.238,
----,
DateTime:        , 2025/11/18, 12:49:05, 1763484545689,
RFID_EPC:        ,--Not Acquired--,
RFID_UserData:   ,--Not Acquired--,
Barcode:         ,--Not Acquired--,
PIF:,            0.00,
PARs:,            0.0,     0.0,     0.0,     0.0,     0.0,     0.0,
Light:,           0.0,     0.0,     0.0,     0.0,     0.0,     0.0,
Cycles:,            1,
                    1,      69,      70,      70,
Lamps:,        #10000,
Gain:,              5,      25, 
SNR_raw:,     771.39,
Position:,        0.0,              0.0,   NoData,
DataPt,      Time(us),   EX,         EM,       Fit,
==========,==========,==========,==========,=========,
    0,        0.0,      0.000,       0.000,    271.869,
    1,        0.8,    165.275,     271.790,    276.602,
    2,        3.3,    180.028,     281.977,    281.877,
    3,        5.8,    180.144,     291.323,    287.270,
    4,        8.3,    180.221,     295.748,    292.768,
    5,       10.8,    180.286,     300.301,    298.360,
    6,       13.3,    180.427,     305.386,    304.037,
    7,       15.8,    180.582,     309.555,    309.789,
    8,       18.3,    180.543,     315.050,    315.601,
    9,       20.8,    180.582,     320.741,    321.465,
   10,       23.3,    180.466,     326.821,    327.367,
   11,       25.8,    180.530,     332.133,    333.306,
   12,       28.3,    180.556,     338.732,    339.269,
   13,       30.8,    180.672,     344.160,    345.253,
   14,       33.3,    180.659,     350.273,    351.245,
   15,       35.8,    180.685,     356.311,    357.239,
   16,       38.3,    180.646,     362.698,    363.226,
   17,       40.8,    180.775,     368.636,    369.202,
   18,       43.3,    180.813,     374.530,    375.159,
   19,       45.8,    180.852,     380.090,    381.090,
   20,       48.3,    180.968,     386.035,    386.989,
   21,       50.8,    180.788,     392.505,    392.843,
   22,       53.3,    180.994,     398.909,    398.656,
   23,       55.8,    180.775,     404.592,    404.410,
   24,       58.3,    180.839,     410.531,    410.108,
   25,       60.8,    180.916,     416.325,    415.743,
   26,       63.3,    180.929,     421.933,    421.310,
   27,       65.8,    181.032,     427.106,    426.806,
   28,       68.3,    180.916,     432.576,    432.220,
   29,       70.8,    180.878,     438.197,    437.550,
   30,       73.3,    180.878,     443.615,    442.793,
   31,       75.8,    180.852,     449.318,    447.945,
   32,       78.3,    181.097,     453.570,    453.008,
   33,       80.8,    181.045,     458.670,    457.972,
   34,       83.3,    180.878,     463.628,    462.833,
   35,       85.8,    181.084,     468.181,    467.596,
   36,       88.3,    181.019,     472.767,    472.252,
   37,       90.8,    181.109,     477.170,    476.803,
   38,       93.3,    181.019,     482.379,    481.243,
   39,       95.8,    181.097,     486.370,    485.576,
   40,       98.3,    181.045,     490.265,    489.796,
   41,      100.8,    181.058,     493.764,    493.906,
   42,      103.3,    181.032,     497.922,    497.903,
   43,      105.8,    181.212,     501.952,    501.790,
   44,      108.3,    181.045,     505.841,    505.563,
   45,      110.8,    181.006,     508.711,    509.224,
   46,      113.3,    181.058,     512.764,    512.774,
   47,      115.8,    181.187,     515.601,    516.216,
   48,      118.3,    181.006,     518.766,    519.546,
   49,      120.8,    181.122,     521.857,    522.769,
   50,      123.3,    181.084,     525.392,    525.884,
   51,      125.8,    181.071,     527.970,    528.894,
   52,      128.3,    181.058,     531.101,    531.800,
   53,      130.8,    181.006,     534.235,    534.604,
   54,      133.3,    181.122,     537.316,    537.308,
   55,      135.8,    181.058,     539.827,    539.914,
   56,      138.3,    181.032,     542.003,    542.424,
   57,      140.8,    181.161,     543.826,    544.841,
   58,      143.3,    180.929,     546.844,    547.164,
   59,      145.8,    181.122,     548.579,    549.400,
   60,      148.3,    181.045,     551.575,    551.548,
   61,      150.8,    181.071,     553.706,    553.612,
   62,      153.3,    181.032,     555.592,    555.593,
   63,      155.8,    181.071,     557.793,    557.494,
   64,      158.3,    181.084,     560.072,    559.319,
   65,      160.8,    181.135,     561.569,    561.068,
   66,      163.3,    181.084,     564.269,    562.745,
   67,      165.8,    181.122,     565.916,    564.352,
   68,      168.3,    181.174,     568.073,    565.891,
   69,      170.8,    181.225,     569.346,    567.365,
   70,      175.8,    179.886,     568.581,    569.580,
