----,
DateTime:        , 2025/11/20, 14:22:54, 1763662974499,
RFID_EPC:        ,--Not Acquired--,
RFID_UserData:   ,--Not Acquired--,
Barcode:         ,--Not Acquired--,
PIF:,            0.00,
PARs:,            0.0,     0.0,     0.0,     0.0,     0.0,     0.0,
Light:,           0.0,     0.0,     0.0,     0.0,     0.0,     0.0,
Cycles:,            1,
                    1,      69,      70,      70,
Lamps:,        #10000,
Gain:,              2,     100, 
SNR_raw:,     231.28,
Position:,        0.0,              0.0,   NoData,
DataPt,      Time(us),   EX,         EM,       Fit,
==========,==========,==========,==========,=========,
    0,        0.0,      0.000,       0.000,    111.535,
    1,        0.8,    162.162,     111.000,    116.705,
    2,        3.3,    180.585,     122.796,    122.633,
    3,        5.8,    180.682,     133.383,    128.726,
    4,        8.3,    180.667,     138.653,    134.959,
    5,       10.8,    180.671,     143.078,    141.309,
    6,       13.3,    180.783,     149.350,    147.758,
    7,       15.8,    180.783,     155.158,    154.284,
    8,       18.3,    180.839,     161.746,    160.871,
    9,       20.8,    180.861,     166.149,    167.500,
   10,       23.3,    180.854,     173.621,    174.155,
   11,       25.8,    180.861,     179.696,    180.823,
   12,       28.3,    180.917,     185.167,    187.490,
   13,       30.8,    180.858,     193.799,    194.140,
   14,       33.3,    180.854,     198.779,    200.763,
   15,       35.8,    180.854,     206.797,    207.348,
   16,       38.3,    180.787,     213.235,    213.883,
   17,       40.8,    180.832,     219.265,    220.361,
   18,       43.3,    180.914,     224.969,    226.773,
   19,       45.8,    180.947,     231.835,    233.110,
   20,       48.3,    180.925,     238.773,    239.363,
   21,       50.8,    180.906,     245.431,    245.524,
   22,       53.3,    180.947,     251.454,    251.587,
   23,       55.8,    180.944,     257.539,    257.546,
   24,       58.3,    180.992,     262.442,    263.397,
   25,       60.8,    180.966,     270.216,    269.131,
   26,       63.3,    180.936,     274.683,    274.745,
   27,       65.8,    180.925,     281.608,    280.235,
   28,       68.3,    180.903,     287.724,    285.597,
   29,       70.8,    181.003,     292.812,    290.830,
   30,       73.3,    181.056,     296.594,    295.931,
   31,       75.8,    181.015,     303.014,    300.896,
   32,       78.3,    180.996,     308.018,    305.723,
   33,       80.8,    181.007,     311.866,    310.411,
   34,       83.3,    180.988,     316.042,    314.960,
   35,       85.8,    181.026,     319.844,    319.369,
   36,       88.3,    180.955,     324.114,    323.637,
   37,       90.8,    180.985,     329.033,    327.765,
   38,       93.3,    180.903,     333.329,    331.753,
   39,       95.8,    180.903,     336.645,    335.602,
   40,       98.3,    180.921,     339.927,    339.313,
   41,      100.8,    181.048,     343.555,    342.889,
   42,      103.3,    181.093,     346.507,    346.332,
   43,      105.8,    180.936,     349.018,    349.639,
   44,      108.3,    181.037,     352.138,    352.817,
   45,      110.8,    181.082,     355.640,    355.867,
   46,      113.3,    181.041,     358.483,    358.791,
   47,      115.8,    180.974,     361.931,    361.590,
   48,      118.3,    181.011,     362.962,    364.269,
   49,      120.8,    181.011,     364.895,    366.830,
   50,      123.3,    180.932,     366.159,    369.275,
   51,      125.8,    180.914,     369.790,    371.608,
   52,      128.3,    181.074,     372.775,    373.833,
   53,      130.8,    181.033,     374.241,    375.951,
   54,      133.3,    181.022,     377.854,    377.966,
   55,      135.8,    180.988,     378.753,    379.882,
   56,      138.3,    181.033,     380.869,    381.700,
   57,      140.8,    181.067,     383.008,    383.426,
   58,      143.3,    181.022,     384.207,    385.061,
   59,      145.8,    180.988,     385.384,    386.608,
   60,      148.3,    180.970,     388.186,    388.071,
   61,      150.8,    180.951,     389.055,    389.454,
   62,      153.3,    180.988,     391.185,    390.758,
   63,      155.8,    181.041,     393.005,    391.986,
   64,      158.3,    181.007,     393.078,    393.142,
   65,      160.8,    181.026,     394.419,    394.229,
   66,      163.3,    181.000,     395.028,    395.249,
   67,      165.8,    181.003,     396.954,    396.205,
   68,      168.3,    181.052,     399.057,    397.099,
   69,      170.8,    181.030,     400.487,    397.935,
   70,      175.8,    179.912,     400.332,    400.156,
----,
DateTime:        , 2025/11/20, 14:22:57, 1763662977301,
RFID_EPC:        ,--Not Acquired--,
RFID_UserData:   ,--Not Acquired--,
Barcode:         ,--Not Acquired--,
PIF:,            0.00,
PARs:,            0.0,     0.0,     0.0,     0.0,     0.0,     0.0,
Light:,           0.0,     0.0,     0.0,     0.0,     0.0,     0.0,
Cycles:,            1,
                    1,      69,      70,      70,
Lamps:,        #10000,
Gain:,              2,     100, 
SNR_raw:,     255.22,
Position:,        0.0,              0.0,   NoData,
DataPt,      Time(us),   EX,         EM,       Fit,
==========,==========,==========,==========,=========,
    0,        0.0,      0.000,       0.000,    129.174,
    1,        0.8,    162.094,     128.321,    134.261,
    2,        3.3,    180.550,     140.349,    140.013,
    3,        5.8,    180.624,     151.142,    145.849,
    4,        8.3,    180.789,     154.600,    151.754,
    5,       10.8,    180.737,     159.348,    157.707,
    6,       13.3,    180.793,     164.830,    163.698,
    7,       15.8,    180.830,     169.773,    169.714,
    8,       18.3,    180.834,     175.852,    175.742,
    9,       20.8,    180.830,     181.386,    181.770,
   10,       23.3,    180.826,     186.920,    187.788,
   11,       25.8,    180.774,     191.952,    193.784,
   12,       28.3,    180.800,     197.179,    199.752,
   13,       30.8,    180.785,     203.280,    205.682,
   14,       33.3,    180.916,     210.871,    211.570,
   15,       35.8,    180.886,     216.435,    217.403,
   16,       38.3,    180.897,     222.502,    223.177,
   17,       40.8,    180.916,     227.454,    228.884,
   18,       43.3,    181.002,     233.423,    234.519,
   19,       45.8,    180.994,     238.958,    240.075,
   20,       48.3,    180.920,     245.413,    245.545,
   21,       50.8,    180.912,     250.121,    250.925,
   22,       53.3,    180.867,     256.265,    256.210,
   23,       55.8,    180.893,     262.309,    261.397,
   24,       58.3,    180.905,     266.991,    266.483,
   25,       60.8,    181.050,     272.576,    271.466,
   26,       63.3,    180.942,     277.437,    276.339,
   27,       65.8,    180.964,     282.652,    281.102,
   28,       68.3,    180.964,     286.520,    285.751,
   29,       70.8,    180.979,     291.470,    290.285,
   30,       73.3,    180.998,     295.583,    294.703,
   31,       75.8,    180.931,     299.009,    299.002,
   32,       78.3,    180.983,     305.830,    303.182,
   33,       80.8,    180.987,     308.310,    307.243,
   34,       83.3,    180.953,     313.064,    311.183,
   35,       85.8,    180.991,     316.315,    315.004,
   36,       88.3,    181.039,     319.544,    318.706,
   37,       90.8,    181.024,     321.780,    322.288,
   38,       93.3,    181.028,     325.917,    325.750,
   39,       95.8,    181.028,     329.783,    329.095,
   40,       98.3,    180.964,     332.662,    332.322,
   41,      100.8,    181.009,     335.066,    335.435,
   42,      103.3,    180.972,     337.621,    338.432,
   43,      105.8,    180.920,     342.141,    341.316,
   44,      108.3,    180.968,     343.707,    344.090,
   45,      110.8,    180.972,     346.186,    346.756,
   46,      113.3,    180.983,     350.309,    349.314,
   47,      115.8,    181.013,     350.527,    351.769,
   48,      118.3,    181.035,     354.074,    354.121,
   49,      120.8,    181.035,     355.731,    356.373,
   50,      123.3,    180.979,     357.223,    358.527,
   51,      125.8,    181.002,     359.665,    360.585,
   52,      128.3,    180.987,     361.628,    362.551,
   53,      130.8,    181.013,     363.234,    364.427,
   54,      133.3,    180.923,     364.519,    366.214,
   55,      135.8,    181.024,     367.078,    367.916,
   56,      138.3,    180.987,     367.706,    369.536,
   57,      140.8,    181.054,     370.884,    371.076,
   58,      143.3,    181.062,     371.421,    372.538,
   59,      145.8,    181.032,     373.139,    373.926,
   60,      148.3,    181.069,     374.167,    375.241,
   61,      150.8,    181.017,     376.208,    376.485,
   62,      153.3,    181.050,     376.691,    377.662,
   63,      155.8,    181.024,     379.783,    378.774,
   64,      158.3,    181.028,     379.223,    379.823,
   65,      160.8,    180.912,     381.124,    380.812,
   66,      163.3,    180.968,     383.217,    381.742,
   67,      165.8,    180.912,     383.059,    382.616,
   68,      168.3,    181.035,     383.903,    383.437,
   69,      170.8,    181.039,     386.380,    384.206,
   70,      175.8,    179.974,     385.524,    385.421,
----,
DateTime:        , 2025/11/20, 14:23:00, 1763662980069,
RFID_EPC:        ,--Not Acquired--,
RFID_UserData:   ,--Not Acquired--,
Barcode:         ,--Not Acquired--,
PIF:,            0.00,
PARs:,            0.0,     0.0,     0.0,     0.0,     0.0,     0.0,
Light:,           0.0,     0.0,     0.0,     0.0,     0.0,     0.0,
Cycles:,            1,
                    1,      69,      70,      70,
Lamps:,        #10000,
Gain:,              2,     100, 
SNR_raw:,     244.24,
Position:,        0.0,              0.0,   NoData,
DataPt,      Time(us),   EX,         EM,       Fit,
==========,==========,==========,==========,=========,
    0,        0.0,      0.000,       0.000,    131.497,
    1,        0.8,    162.040,     128.672,    136.213,
    2,        3.3,    180.568,     140.670,    141.585,
    3,        5.8,    180.605,     151.435,    147.068,
    4,        8.3,    180.661,     155.817,    152.644,
    5,       10.8,    180.743,     160.725,    158.295,
    6,       13.3,    180.833,     165.623,    164.005,
    7,       15.8,    180.840,     171.145,    169.755,
    8,       18.3,    180.840,     176.122,    175.531,
    9,       20.8,    180.788,     181.151,    181.317,
   10,       23.3,    180.904,     185.458,    187.107,
   11,       25.8,    180.814,     192.463,    192.883,
   12,       28.3,    180.810,     198.550,    198.635,
   13,       30.8,    180.848,     203.762,    204.356,
   14,       33.3,    180.829,     209.314,    210.035,
   15,       35.8,    180.863,     215.910,    215.663,
   16,       38.3,    180.937,     220.518,    221.234,
   17,       40.8,    180.881,     224.733,    226.738,
   18,       43.3,    180.900,     231.067,    232.169,
   19,       45.8,    180.960,     236.240,    237.522,
   20,       48.3,    180.904,     241.565,    242.788,
   21,       50.8,    181.012,     245.564,    247.966,
   22,       53.3,    180.967,     253.361,    253.047,
   23,       55.8,    180.908,     257.866,    258.027,
   24,       58.3,    180.870,     260.961,    262.903,
   25,       60.8,    180.915,     268.082,    267.673,
   26,       63.3,    180.911,     273.338,    272.333,
   27,       65.8,    180.956,     276.586,    276.881,
   28,       68.3,    180.908,     283.570,    281.314,
   29,       70.8,    181.012,     286.997,    285.631,
   30,       73.3,    180.975,     291.201,    289.830,
   31,       75.8,    180.960,     295.093,    293.910,
   32,       78.3,    180.937,     298.998,    297.870,
   33,       80.8,    181.001,     303.589,    301.711,
   34,       83.3,    180.904,     307.069,    305.430,
   35,       85.8,    180.952,     310.026,    309.030,
   36,       88.3,    180.904,     314.532,    312.510,
   37,       90.8,    180.964,     317.743,    315.872,
   38,       93.3,    180.982,     319.921,    319.116,
   39,       95.8,    181.012,     323.459,    322.244,
   40,       98.3,    181.072,     325.837,    325.256,
   41,      100.8,    181.027,     327.299,    328.155,
   42,      103.3,    181.027,     331.166,    330.942,
   43,      105.8,    181.083,     333.824,    333.618,
   44,      108.3,    181.012,     335.337,    336.186,
   45,      110.8,    180.975,     338.721,    338.648,
   46,      113.3,    180.979,     341.477,    341.006,
   47,      115.8,    180.949,     342.639,    343.262,
   48,      118.3,    180.990,     345.047,    345.419,
   49,      120.8,    180.952,     345.671,    347.480,
   50,      123.3,    181.053,     348.516,    349.446,
   51,      125.8,    181.079,     350.951,    351.322,
   52,      128.3,    181.046,     351.292,    353.108,
   53,      130.8,    181.008,     353.851,    354.807,
   54,      133.3,    181.079,     355.921,    356.423,
   55,      135.8,    181.046,     356.816,    357.957,
   56,      138.3,    181.023,     359.898,    359.413,
   57,      140.8,    181.023,     359.898,    360.793,
   58,      143.3,    180.971,     362.213,    362.100,
   59,      145.8,    180.967,     362.220,    363.335,
   60,      148.3,    181.012,     364.616,    364.502,
   61,      150.8,    181.023,     365.146,    365.603,
   62,      153.3,    181.106,     366.361,    366.641,
   63,      155.8,    180.979,     367.171,    367.617,
   64,      158.3,    181.061,     368.661,    368.535,
   65,      160.8,    181.050,     368.960,    369.396,
   66,      163.3,    181.076,     371.115,    370.203,
   67,      165.8,    181.008,     372.358,    370.958,
   68,      168.3,    181.016,     372.619,    371.663,
   69,      170.8,    180.945,     373.594,    372.320,
   70,      175.8,    179.940,     374.506,    374.079,
----,
DateTime:        , 2025/11/20, 14:23:02, 1763662982770,
RFID_EPC:        ,--Not Acquired--,
RFID_UserData:   ,--Not Acquired--,
Barcode:         ,--Not Acquired--,
PIF:,            0.00,
PARs:,            0.0,     0.0,     0.0,     0.0,     0.0,     0.0,
Light:,           0.0,     0.0,     0.0,     0.0,     0.0,     0.0,
Cycles:,            1,
                    1,      69,      70,      70,
Lamps:,        #10000,
Gain:,              2,     100, 
SNR_raw:,     256.65,
Position:,        0.0,              0.0,   NoData,
DataPt,      Time(us),   EX,         EM,       Fit,
==========,==========,==========,==========,=========,
    0,        0.0,      0.000,       0.000,    122.985,
    1,        0.8,    162.120,     123.057,    127.908,
    2,        3.3,    180.654,     133.902,    133.509,
    3,        5.8,    180.669,     143.633,    139.219,
    4,        8.3,    180.755,     148.820,    145.024,
    5,       10.8,    180.733,     152.435,    150.902,
    6,       13.3,    180.695,     158.554,    156.838,
    7,       15.8,    180.774,     162.911,    162.821,
    8,       18.3,    180.792,     169.808,    168.834,
    9,       20.8,    180.818,     174.761,    174.864,
   10,       23.3,    180.830,     179.174,    180.901,
   11,       25.8,    180.860,     184.121,    186.931,
   12,       28.3,    180.860,     191.309,    192.945,
   13,       30.8,    180.908,     197.891,    198.933,
   14,       33.3,    180.886,     204.825,    204.883,
   15,       35.8,    180.916,     209.490,    210.789,
   16,       38.3,    180.845,     215.931,    216.639,
   17,       40.8,    180.856,     221.724,    222.427,
   18,       43.3,    180.874,     226.677,    228.147,
   19,       45.8,    180.938,     231.847,    233.793,
   20,       48.3,    180.901,     239.082,    239.356,
   21,       50.8,    180.912,     242.936,    244.831,
   22,       53.3,    181.035,     251.056,    250.215,
   23,       55.8,    180.949,     256.702,    255.499,
   24,       58.3,    180.979,     260.527,    260.681,
   25,       60.8,    181.013,     266.280,    265.756,
   26,       63.3,    181.002,     272.373,    270.721,
   27,       65.8,    180.964,     276.574,    275.570,
   28,       68.3,    180.916,     281.347,    280.303,
   29,       70.8,    180.934,     285.186,    284.916,
   30,       73.3,    180.938,     290.431,    289.409,
   31,       75.8,    180.964,     295.086,    293.780,
   32,       78.3,    181.013,     298.874,    298.027,
   33,       80.8,    180.964,     303.375,    302.149,
   34,       83.3,    181.039,     307.116,    306.146,
   35,       85.8,    181.039,     310.983,    310.018,
   36,       88.3,    181.050,     314.278,    313.764,
   37,       90.8,    181.031,     317.624,    317.385,
   38,       93.3,    180.960,     321.341,    320.880,
   39,       95.8,    180.897,     324.771,    324.251,
   40,       98.3,    180.949,     327.164,    327.500,
   41,      100.8,    180.957,     330.742,    330.628,
   42,      103.3,    180.938,     333.816,    333.636,
   43,      105.8,    180.994,     337.028,    336.526,
   44,      108.3,    180.990,     338.692,    339.301,
   45,      110.8,    181.005,     341.150,    341.962,
   46,      113.3,    180.987,     343.396,    344.511,
   47,      115.8,    181.058,     346.575,    346.951,
   48,      118.3,    181.050,     349.075,    349.284,
   49,      120.8,    180.934,     350.956,    351.512,
   50,      123.3,    180.919,     352.367,    353.639,
   51,      125.8,    180.938,     354.541,    355.666,
   52,      128.3,    180.964,     356.148,    357.597,
   53,      130.8,    180.979,     359.434,    359.435,
   54,      133.3,    181.005,     360.487,    361.182,
   55,      135.8,    180.994,     362.719,    362.841,
   56,      138.3,    180.983,     363.294,    364.414,
   57,      140.8,    181.106,     364.979,    365.906,
   58,      143.3,    181.087,     366.950,    367.317,
   59,      145.8,    180.990,     368.528,    368.652,
   60,      148.3,    181.035,     370.094,    369.912,
   61,      150.8,    181.002,     370.439,    371.101,
   62,      153.3,    180.990,     371.291,    372.221,
   63,      155.8,    180.964,     373.831,    373.275,
   64,      158.3,    180.990,     374.053,    374.265,
   65,      160.8,    180.938,     376.096,    375.193,
   66,      163.3,    181.035,     376.446,    376.063,
   67,      165.8,    181.065,     376.660,    376.876,
   68,      168.3,    181.061,     378.601,    377.636,
   69,      170.8,    181.084,     378.830,    378.343,
   70,      175.8,    179.926,     380.225,    379.904,
----,
DateTime:        , 2025/11/20, 14:23:05, 1763662985534,
RFID_EPC:        ,--Not Acquired--,
RFID_UserData:   ,--Not Acquired--,
Barcode:         ,--Not Acquired--,
PIF:,            0.00,
PARs:,            0.0,     0.0,     0.0,     0.0,     0.0,     0.0,
Light:,           0.0,     0.0,     0.0,     0.0,     0.0,     0.0,
Cycles:,            1,
                    1,      69,      70,      70,
Lamps:,        #10000,
Gain:,              2,     100, 
SNR_raw:,     215.12,
Position:,        0.0,              0.0,   NoData,
DataPt,      Time(us),   EX,         EM,       Fit,
==========,==========,==========,==========,=========,
    0,        0.0,      0.000,       0.000,    114.569,
    1,        0.8,    162.064,     117.237,    119.699,
    2,        3.3,    180.632,     127.635,    125.560,
    3,        5.8,    180.710,     136.960,    131.555,
    4,        8.3,    180.680,     142.240,    137.653,
    5,       10.8,    180.736,     146.622,    143.830,
    6,       13.3,    180.781,     151.564,    150.065,
    7,       15.8,    180.804,     155.694,    156.335,
    8,       18.3,    180.710,     161.585,    162.621,
    9,       20.8,    180.845,     167.547,    168.913,
   10,       23.3,    180.882,     173.870,    175.193,
   11,       25.8,    180.856,     180.254,    181.448,
   12,       28.3,    180.841,     184.416,    187.666,
   13,       30.8,    180.953,     191.762,    193.840,
   14,       33.3,    180.886,     198.191,    199.955,
   15,       35.8,    180.882,     203.448,    206.006,
   16,       38.3,    180.908,     208.946,    211.985,
   17,       40.8,    180.837,     215.940,    217.883,
   18,       43.3,    180.867,     222.263,    223.696,
   19,       45.8,    180.833,     227.557,    229.417,
   20,       48.3,    180.949,     232.938,    235.045,
   21,       50.8,    180.923,     239.605,    240.572,
   22,       53.3,    180.931,     245.674,    245.995,
   23,       55.8,    181.002,     251.379,    251.312,
   24,       58.3,    181.017,     256.330,    256.519,
   25,       60.8,    180.957,     260.283,    261.610,
   26,       63.3,    180.990,     267.418,    266.587,
   27,       65.8,    180.923,     271.662,    271.445,
   28,       68.3,    180.934,     277.172,    276.185,
   29,       70.8,    180.949,     282.952,    280.805,
   30,       73.3,    180.934,     287.397,    285.303,
   31,       75.8,    181.013,     290.311,    289.681,
   32,       78.3,    180.949,     294.834,    293.937,
   33,       80.8,    181.024,     299.960,    298.072,
   34,       83.3,    180.960,     303.657,    302.085,
   35,       85.8,    181.020,     307.700,    305.977,
   36,       88.3,    180.904,     312.043,    309.747,
   37,       90.8,    180.987,     313.007,    313.399,
   38,       93.3,    180.931,     319.183,    316.932,
   39,       95.8,    180.972,     320.768,    320.349,
   40,       98.3,    180.927,     324.993,    323.649,
   41,      100.8,    180.983,     328.760,    326.835,
   42,      103.3,    181.013,     330.640,    329.909,
   43,      105.8,    181.002,     333.699,    332.873,
   44,      108.3,    181.035,     336.122,    335.728,
   45,      110.8,    181.058,     338.842,    338.476,
   46,      113.3,    181.002,     341.434,    341.120,
   47,      115.8,    181.013,     344.175,    343.661,
   48,      118.3,    180.990,     345.875,    346.102,
   49,      120.8,    180.987,     348.921,    348.445,
   50,      123.3,    181.005,     350.266,    350.692,
   51,      125.8,    180.994,     352.498,    352.846,
   52,      128.3,    181.017,     354.664,    354.910,
   53,      130.8,    180.972,     355.857,    356.885,
   54,      133.3,    181.002,     358.837,    358.774,
   55,      135.8,    181.050,     359.569,    360.580,
   56,      138.3,    181.069,     361.741,    362.305,
   57,      140.8,    181.020,     363.219,    363.951,
   58,      143.3,    181.031,     364.025,    365.521,
   59,      145.8,    181.005,     365.735,    367.017,
   60,      148.3,    181.073,     368.637,    368.442,
   61,      150.8,    180.972,     369.947,    369.798,
   62,      153.3,    180.949,     370.822,    371.086,
   63,      155.8,    180.968,     372.165,    372.311,
   64,      158.3,    180.987,     372.956,    373.472,
   65,      160.8,    181.017,     375.104,    374.574,
   66,      163.3,    181.054,     376.131,    375.618,
   67,      165.8,    181.035,     377.275,    376.606,
   68,      168.3,    181.035,     378.656,    377.540,
   69,      170.8,    181.061,     379.429,    378.422,
   70,      175.8,    179.899,     380.281,    380.194,
----,
DateTime:        , 2025/11/20, 14:23:08, 1763662988318,
RFID_EPC:        ,--Not Acquired--,
RFID_UserData:   ,--Not Acquired--,
Barcode:         ,--Not Acquired--,
PIF:,            0.00,
PARs:,            0.0,     0.0,     0.0,     0.0,     0.0,     0.0,
Light:,           0.0,     0.0,     0.0,     0.0,     0.0,     0.0,
Cycles:,            1,
                    1,      69,      70,      70,
Lamps:,        #10000,
Gain:,              2,     100, 
SNR_raw:,     217.28,
Position:,        0.0,              0.0,   NoData,
DataPt,      Time(us),   EX,         EM,       Fit,
==========,==========,==========,==========,=========,
    0,        0.0,      0.000,       0.000,    117.805,
    1,        0.8,    162.090,     118.453,    122.986,
    2,        3.3,    180.647,     129.696,    128.805,
    3,        5.8,    180.635,     139.784,    134.663,
    4,        8.3,    180.703,     143.053,    140.554,
    5,       10.8,    180.695,     149.423,    146.466,
    6,       13.3,    180.706,     153.564,    152.391,
    7,       15.8,    180.725,     158.528,    158.321,
    8,       18.3,    180.841,     164.786,    164.252,
    9,       20.8,    180.833,     170.046,    170.173,
   10,       23.3,    180.893,     174.689,    176.078,
   11,       25.8,    180.852,     180.258,    181.957,
   12,       28.3,    180.852,     187.999,    187.804,
   13,       30.8,    180.923,     191.518,    193.616,
   14,       33.3,    180.867,     197.383,    199.382,
   15,       35.8,    180.852,     203.481,    205.097,
   16,       38.3,    180.882,     209.252,    210.757,
   17,       40.8,    180.848,     213.715,    216.354,
   18,       43.3,    180.852,     220.622,    221.884,
   19,       45.8,    180.904,     225.257,    227.344,
   20,       48.3,    180.901,     230.790,    232.726,
   21,       50.8,    180.968,     235.953,    238.028,
   22,       53.3,    181.005,     241.982,    243.244,
   23,       55.8,    180.931,     248.991,    248.368,
   24,       58.3,    180.975,     253.349,    253.399,
   25,       60.8,    180.972,     259.433,    258.332,
   26,       63.3,    180.972,     263.301,    263.164,
   27,       65.8,    180.916,     268.081,    267.890,
   28,       68.3,    180.949,     273.557,    272.510,
   29,       70.8,    180.919,     278.301,    277.020,
   30,       73.3,    180.957,     282.112,    281.420,
   31,       75.8,    181.016,     286.438,    285.708,
   32,       78.3,    181.002,     290.882,    289.880,
   33,       80.8,    180.968,     294.804,    293.936,
   34,       83.3,    180.975,     299.212,    297.876,
   35,       85.8,    181.076,     303.463,    301.700,
   36,       88.3,    181.031,     307.681,    305.405,
   37,       90.8,    181.016,     310.745,    308.991,
   38,       93.3,    180.953,     314.723,    312.459,
   39,       95.8,    180.949,     316.940,    315.809,
   40,       98.3,    180.938,     319.446,    319.043,
   41,      100.8,    180.987,     323.505,    322.161,
   42,      103.3,    180.987,     325.991,    325.165,
   43,      105.8,    181.035,     328.113,    328.056,
   44,      108.3,    181.020,     329.797,    330.834,
   45,      110.8,    181.043,     334.452,    333.503,
   46,      113.3,    181.058,     335.805,    336.062,
   47,      115.8,    180.979,     338.437,    338.514,
   48,      118.3,    181.031,     339.444,    340.862,
   49,      120.8,    180.934,     343.771,    343.107,
   50,      123.3,    180.964,     344.267,    345.251,
   51,      125.8,    180.931,     347.371,    347.297,
   52,      128.3,    180.979,     348.935,    349.248,
   53,      130.8,    181.039,     349.096,    351.106,
   54,      133.3,    181.065,     352.360,    352.874,
   55,      135.8,    181.013,     353.014,    354.553,
   56,      138.3,    181.102,     354.496,    356.148,
   57,      140.8,    181.046,     356.262,    357.659,
   58,      143.3,    181.028,     357.404,    359.090,
   59,      145.8,    180.968,     359.456,    360.442,
   60,      148.3,    180.968,     360.837,    361.719,
   61,      150.8,    181.050,     361.502,    362.924,
   62,      153.3,    180.938,     363.660,    364.059,
   63,      155.8,    180.990,     364.384,    365.126,
   64,      158.3,    180.927,     366.170,    366.128,
   65,      160.8,    181.050,     366.749,    367.068,
   66,      163.3,    180.998,     368.513,    367.947,
   67,      165.8,    181.039,     369.534,    368.768,
   68,      168.3,    181.099,     368.584,    369.534,
   69,      170.8,    181.039,     371.467,    370.247,
   70,      175.8,    179.903,     371.875,    370.944,
----,
DateTime:        , 2025/11/20, 14:23:11, 1763662991091,
RFID_EPC:        ,--Not Acquired--,
RFID_UserData:   ,--Not Acquired--,
Barcode:         ,--Not Acquired--,
PIF:,            0.00,
PARs:,            0.0,     0.0,     0.0,     0.0,     0.0,     0.0,
Light:,           0.0,     0.0,     0.0,     0.0,     0.0,     0.0,
Cycles:,            1,
                    1,      69,      70,      70,
Lamps:,        #10000,
Gain:,              2,     100, 
SNR_raw:,     239.02,
Position:,        0.0,              0.0,   NoData,
DataPt,      Time(us),   EX,         EM,       Fit,
==========,==========,==========,==========,=========,
    0,        0.0,      0.000,       0.000,    119.133,
    1,        0.8,    162.131,     120.581,    124.226,
    2,        3.3,    180.684,     130.359,    129.971,
    3,        5.8,    180.767,     139.130,    135.733,
    4,        8.3,    180.797,     144.914,    141.497,
    5,       10.8,    180.684,     149.155,    147.252,
    6,       13.3,    180.789,     154.324,    153.001,
    7,       15.8,    180.800,     159.292,    158.738,
    8,       18.3,    180.759,     164.030,    164.455,
    9,       20.8,    180.841,     169.209,    170.153,
   10,       23.3,    180.800,     175.885,    175.824,
   11,       25.8,    180.853,     180.257,    181.464,
   12,       28.3,    180.942,     185.695,    187.072,
   13,       30.8,    180.879,     191.288,    192.637,
   14,       33.3,    180.916,     197.882,    198.158,
   15,       35.8,    180.987,     202.501,    203.631,
   16,       38.3,    180.853,     208.181,    209.046,
   17,       40.8,    180.935,     213.613,    214.405,
   18,       43.3,    180.819,     219.833,    219.697,
   19,       45.8,    180.868,     224.197,    224.923,
   20,       48.3,    180.897,     229.135,    230.078,
   21,       50.8,    180.912,     234.368,    235.157,
   22,       53.3,    180.868,     239.955,    240.155,
   23,       55.8,    180.894,     245.172,    245.071,
   24,       58.3,    180.965,     250.601,    249.901,
   25,       60.8,    180.957,     255.033,    254.641,
   26,       63.3,    180.953,     260.288,    259.287,
   27,       65.8,    181.002,     264.914,    263.838,
   28,       68.3,    180.987,     269.080,    268.289,
   29,       70.8,    180.995,     273.489,    272.639,
   30,       73.3,    181.006,     278.997,    276.885,
   31,       75.8,    181.006,     281.759,    281.026,
   32,       78.3,    180.976,     285.950,    285.058,
   33,       80.8,    180.972,     290.100,    288.982,
   34,       83.3,    180.942,     294.016,    292.796,
   35,       85.8,    180.972,     296.731,    296.499,
   36,       88.3,    180.961,     302.275,    300.092,
   37,       90.8,    181.036,     304.360,    303.574,
   38,       93.3,    180.935,     307.846,    306.943,
   39,       95.8,    180.924,     310.905,    310.200,
   40,       98.3,    180.953,     313.893,    313.348,
   41,      100.8,    180.938,     316.959,    316.384,
   42,      103.3,    180.924,     318.919,    319.311,
   43,      105.8,    180.957,     321.899,    322.130,
   44,      108.3,    180.976,     324.629,    324.843,
   45,      110.8,    181.058,     328.072,    327.451,
   46,      113.3,    181.047,     329.473,    329.955,
   47,      115.8,    181.129,     332.912,    332.357,
   48,      118.3,    181.009,     332.579,    334.657,
   49,      120.8,    180.987,     335.383,    336.857,
   50,      123.3,    180.957,     339.030,    338.961,
   51,      125.8,    180.935,     341.560,    340.969,
   52,      128.3,    180.972,     341.213,    342.886,
   53,      130.8,    180.998,     344.202,    344.714,
   54,      133.3,    180.995,     345.867,    346.453,
   55,      135.8,    180.935,     346.534,    348.107,
   56,      138.3,    181.024,     350.229,    349.679,
   57,      140.8,    181.092,     350.375,    351.171,
   58,      143.3,    180.995,     351.944,    352.584,
   59,      145.8,    181.013,     353.013,    353.922,
   60,      148.3,    181.054,     354.037,    355.187,
   61,      150.8,    180.961,     355.878,    356.381,
   62,      153.3,    180.987,     356.932,    357.507,
   63,      155.8,    180.938,     357.856,    358.567,
   64,      158.3,    180.953,     357.827,    359.563,
   65,      160.8,    181.036,     360.426,    360.500,
   66,      163.3,    181.028,     361.546,    361.378,
   67,      165.8,    181.058,     363.143,    362.199,
   68,      168.3,    181.006,     363.248,    362.966,
   69,      170.8,    181.032,     364.853,    363.682,
   70,      175.8,    179.990,     364.084,    363.775,
----,
DateTime:        , 2025/11/20, 14:23:13, 1763662993836,
RFID_EPC:        ,--Not Acquired--,
RFID_UserData:   ,--Not Acquired--,
Barcode:         ,--Not Acquired--,
PIF:,            0.00,
PARs:,            0.0,     0.0,     0.0,     0.0,     0.0,     0.0,
Light:,           0.0,     0.0,     0.0,     0.0,     0.0,     0.0,
Cycles:,            1,
                    1,      69,      70,      70,
Lamps:,        #10000,
Gain:,              2,     100, 
SNR_raw:,     221.05,
Position:,        0.0,              0.0,   NoData,
DataPt,      Time(us),   EX,         EM,       Fit,
==========,==========,==========,==========,=========,
    0,        0.0,      0.000,       0.000,    113.339,
    1,        0.8,    161.989,     119.452,    119.137,
    2,        3.3,    180.672,     130.145,    125.617,
    3,        5.8,    180.705,     139.730,    132.061,
    4,        8.3,    180.631,     144.771,    138.452,
    5,       10.8,    180.672,     149.166,    144.788,
    6,       13.3,    180.653,     153.333,    151.065,
    7,       15.8,    180.728,     157.419,    157.283,
    8,       18.3,    180.769,     162.362,    163.436,
    9,       20.8,    180.810,     167.856,    169.521,
   10,       23.3,    180.844,     173.631,    175.535,
   11,       25.8,    180.885,     178.014,    181.475,
   12,       28.3,    180.959,     183.190,    187.338,
   13,       30.8,    180.836,     190.227,    193.117,
   14,       33.3,    180.888,     194.319,    198.812,
   15,       35.8,    180.870,     201.526,    204.421,
   16,       38.3,    180.836,     206.541,    209.939,
   17,       40.8,    180.881,     212.294,    215.366,
   18,       43.3,    180.911,     218.063,    220.701,
   19,       45.8,    180.888,     222.513,    225.939,
   20,       48.3,    181.023,     228.148,    231.083,
   21,       50.8,    180.993,     233.434,    236.127,
   22,       53.3,    180.956,     239.838,    241.068,
   23,       55.8,    180.941,     244.555,    245.907,
   24,       58.3,    180.978,     250.859,    250.642,
   25,       60.8,    181.015,     255.503,    255.275,
   26,       63.3,    180.959,     259.450,    259.800,
   27,       65.8,    180.956,     264.706,    264.218,
   28,       68.3,    180.959,     269.674,    268.531,
   29,       70.8,    180.956,     273.824,    272.736,
   30,       73.3,    180.930,     279.667,    276.833,
   31,       75.8,    180.978,     283.183,    280.825,
   32,       78.3,    181.053,     287.485,    284.711,
   33,       80.8,    181.004,     291.430,    288.489,
   34,       83.3,    180.989,     293.664,    292.160,
   35,       85.8,    181.038,     296.623,    295.727,
   36,       88.3,    181.008,     301.368,    299.189,
   37,       90.8,    180.959,     305.593,    302.545,
   38,       93.3,    180.941,     307.836,    305.798,
   39,       95.8,    180.948,     310.862,    308.949,
   40,       98.3,    180.911,     313.414,    311.999,
   41,      100.8,    180.933,     316.968,    314.950,
   42,      103.3,    181.053,     319.796,    317.805,
   43,      105.8,    181.030,     321.493,    320.563,
   44,      108.3,    181.053,     323.386,    323.226,
   45,      110.8,    181.042,     326.444,    325.796,
   46,      113.3,    181.012,     328.984,    328.273,
   47,      115.8,    181.004,     330.655,    330.660,
   48,      118.3,    180.989,     333.169,    332.959,
   49,      120.8,    180.926,     335.220,    335.171,
   50,      123.3,    180.911,     338.841,    337.298,
   51,      125.8,    180.974,     338.722,    339.344,
   52,      128.3,    181.015,     341.131,    341.310,
   53,      130.8,    181.042,     343.844,    343.197,
   54,      133.3,    181.019,     345.820,    345.007,
   55,      135.8,    181.045,     347.151,    346.743,
   56,      138.3,    180.963,     349.242,    348.405,
   57,      140.8,    181.027,     349.672,    349.997,
   58,      143.3,    181.083,     350.945,    351.520,
   59,      145.8,    180.948,     352.863,    352.976,
   60,      148.3,    180.963,     353.111,    354.367,
   61,      150.8,    181.008,     355.785,    355.695,
   62,      153.3,    180.926,     356.776,    356.961,
   63,      155.8,    181.053,     357.354,    358.169,
   64,      158.3,    181.094,     358.378,    359.320,
   65,      160.8,    181.064,     360.094,    360.415,
   66,      163.3,    181.075,     361.728,    361.457,
   67,      165.8,    181.015,     361.571,    362.446,
   68,      168.3,    181.068,     363.124,    363.385,
   69,      170.8,    181.075,     364.213,    364.276,
   70,      175.8,    179.865,     364.794,    364.798,
----,
DateTime:        , 2025/11/20, 14:23:16, 1763662996600,
RFID_EPC:        ,--Not Acquired--,
RFID_UserData:   ,--Not Acquired--,
Barcode:         ,--Not Acquired--,
PIF:,            0.00,
PARs:,            0.0,     0.0,     0.0,     0.0,     0.0,     0.0,
Light:,           0.0,     0.0,     0.0,     0.0,     0.0,     0.0,
Cycles:,            1,
                    1,      69,      70,      70,
Lamps:,        #10000,
Gain:,              2,     100, 
SNR_raw:,     203.37,
Position:,        0.0,              0.0,   NoData,
DataPt,      Time(us),   EX,         EM,       Fit,
==========,==========,==========,==========,=========,
    0,        0.0,      0.000,       0.000,    115.028,
    1,        0.8,    162.075,     115.378,    119.504,
    2,        3.3,    180.517,     125.312,    124.671,
    3,        5.8,    180.670,     134.223,    130.018,
    4,        8.3,    180.603,     137.318,    135.510,
    5,       10.8,    180.659,     143.641,    141.124,
    6,       13.3,    180.819,     147.661,    146.838,
    7,       15.8,    180.808,     153.478,    152.626,
    8,       18.3,    180.808,     158.732,    158.469,
    9,       20.8,    180.778,     164.566,    164.347,
   10,       23.3,    180.902,     169.429,    170.249,
   11,       25.8,    180.943,     175.746,    176.156,
   12,       28.3,    180.812,     180.851,    182.051,
   13,       30.8,    180.834,     187.741,    187.925,
   14,       33.3,    180.861,     191.584,    193.766,
   15,       35.8,    180.902,     198.174,    199.564,
   16,       38.3,    180.958,     204.191,    205.309,
   17,       40.8,    180.924,     208.651,    210.991,
   18,       43.3,    180.932,     216.933,    216.602,
   19,       45.8,    180.928,     221.635,    222.135,
   20,       48.3,    180.872,     224.745,    227.582,
   21,       50.8,    180.980,     231.517,    232.941,
   22,       53.3,    180.946,     236.810,    238.203,
   23,       55.8,    180.946,     243.719,    243.365,
   24,       58.3,    180.879,     247.679,    248.420,
   25,       60.8,    180.905,     253.724,    253.368,
   26,       63.3,    180.902,     260.086,    258.203,
   27,       65.8,    180.920,     263.928,    262.924,
   28,       68.3,    181.025,     269.576,    267.530,
   29,       70.8,    180.980,     273.787,    272.017,
   30,       73.3,    181.025,     277.586,    276.384,
   31,       75.8,    181.036,     281.712,    280.630,
   32,       78.3,    181.059,     287.476,    284.755,
   33,       80.8,    180.961,     289.841,    288.756,
   34,       83.3,    181.040,     294.134,    292.636,
   35,       85.8,    180.980,     297.823,    296.393,
   36,       88.3,    180.954,     301.182,    300.028,
   37,       90.8,    180.932,     303.982,    303.542,
   38,       93.3,    180.969,     306.959,    306.937,
   39,       95.8,    180.976,     310.538,    310.213,
   40,       98.3,    181.025,     314.045,    313.372,
   41,      100.8,    181.029,     315.972,    316.415,
   42,      103.3,    180.969,     318.839,    319.344,
   43,      105.8,    181.036,     322.864,    322.161,
   44,      108.3,    181.029,     323.982,    324.869,
   45,      110.8,    181.002,     327.620,    327.468,
   46,      113.3,    180.973,     329.608,    329.962,
   47,      115.8,    181.006,     331.757,    332.352,
   48,      118.3,    181.014,     334.505,    334.642,
   49,      120.8,    180.995,     337.578,    336.833,
   50,      123.3,    180.969,     340.114,    338.928,
   51,      125.8,    180.864,     339.758,    340.930,
   52,      128.3,    181.066,     342.693,    342.841,
   53,      130.8,    181.062,     344.081,    344.663,
   54,      133.3,    181.029,     344.697,    346.400,
   55,      135.8,    181.036,     348.273,    348.054,
   56,      138.3,    181.029,     348.011,    349.628,
   57,      140.8,    180.980,     350.039,    351.124,
   58,      143.3,    180.999,     352.212,    352.545,
   59,      145.8,    181.025,     352.990,    353.893,
   60,      148.3,    181.059,     354.305,    355.170,
   61,      150.8,    181.014,     355.774,    356.380,
   62,      153.3,    181.044,     356.820,    357.524,
   63,      155.8,    181.002,     359.111,    358.606,
   64,      158.3,    180.991,     359.133,    359.627,
   65,      160.8,    181.051,     361.224,    360.589,
   66,      163.3,    181.002,     361.597,    361.496,
   67,      165.8,    181.025,     362.933,    362.348,
   68,      168.3,    180.973,     363.867,    363.149,
   69,      170.8,    180.961,     364.719,    363.901,
   70,      175.8,    179.923,     366.919,    366.571,
----,
DateTime:        , 2025/11/20, 14:23:19, 1763662999412,
RFID_EPC:        ,--Not Acquired--,
RFID_UserData:   ,--Not Acquired--,
Barcode:         ,--Not Acquired--,
PIF:,            0.00,
PARs:,            0.0,     0.0,     0.0,     0.0,     0.0,     0.0,
Light:,           0.0,     0.0,     0.0,     0.0,     0.0,     0.0,
Cycles:,            1,
                    1,      69,      70,      70,
Lamps:,        #10000,
Gain:,              2,     100, 
SNR_raw:,     176.55,
Position:,        0.0,              0.0,   NoData,
DataPt,      Time(us),   EX,         EM,       Fit,
==========,==========,==========,==========,=========,
    0,        0.0,      0.000,       0.000,    116.579,
    1,        0.8,    161.911,     117.348,    121.177,
    2,        3.3,    180.676,     126.980,    126.441,
    3,        5.8,    180.661,     135.613,    131.830,
    4,        8.3,    180.725,     140.268,    137.324,
    5,       10.8,    180.800,     145.465,    142.903,
    6,       13.3,    180.856,     149.290,    148.549,
    7,       15.8,    180.800,     154.867,    154.240,
    8,       18.3,    180.796,     161.508,    159.964,
    9,       20.8,    180.818,     164.530,    165.707,
   10,       23.3,    180.766,     170.663,    171.453,
   11,       25.8,    180.841,     175.016,    177.194,
   12,       28.3,    180.882,     181.610,    182.918,
   13,       30.8,    180.904,     186.563,    188.615,
   14,       33.3,    180.882,     192.114,    194.273,
   15,       35.8,    180.871,     197.931,    199.885,
   16,       38.3,    180.916,     202.581,    205.443,
   17,       40.8,    180.945,     210.284,    210.940,
   18,       43.3,    180.923,     214.456,    216.368,
   19,       45.8,    180.919,     220.264,    221.721,
   20,       48.3,    180.912,     225.524,    226.993,
   21,       50.8,    180.908,     230.780,    232.178,
   22,       53.3,    180.893,     237.986,    237.273,
   23,       55.8,    180.960,     240.937,    242.274,
   24,       58.3,    181.009,     246.673,    247.177,
   25,       60.8,    180.945,     252.010,    251.976,
   26,       63.3,    181.005,     255.518,    256.671,
   27,       65.8,    180.990,     260.511,    261.257,
   28,       68.3,    180.979,     266.329,    265.732,
   29,       70.8,    180.983,     271.849,    270.096,
   30,       73.3,    180.912,     275.272,    274.343,
   31,       75.8,    180.893,     280.000,    278.476,
   32,       78.3,    181.035,     283.094,    282.494,
   33,       80.8,    180.938,     286.562,    286.394,
   34,       83.3,    181.020,     292.509,    290.178,
   35,       85.8,    181.043,     295.511,    293.845,
   36,       88.3,    181.069,     299.334,    297.395,
   37,       90.8,    180.979,     302.521,    300.828,
   38,       93.3,    181.054,     307.091,    304.146,
   39,       95.8,    180.927,     308.136,    307.347,
   40,       98.3,    180.949,     311.413,    310.436,
   41,      100.8,    180.938,     315.578,    313.411,
   42,      103.3,    180.923,     316.986,    316.275,
   43,      105.8,    180.904,     318.953,    319.031,
   44,      108.3,    180.927,     321.677,    321.678,
   45,      110.8,    181.005,     324.576,    324.221,
   46,      113.3,    181.080,     326.927,    326.660,
   47,      115.8,    181.069,     328.881,    328.999,
   48,      118.3,    180.975,     330.156,    331.237,
   49,      120.8,    181.061,     333.036,    333.379,
   50,      123.3,    181.028,     335.032,    335.426,
   51,      125.8,    181.058,     337.738,    337.381,
   52,      128.3,    180.964,     338.189,    339.245,
   53,      130.8,    180.904,     339.959,    341.023,
   54,      133.3,    180.908,     342.163,    342.716,
   55,      135.8,    180.964,     342.609,    344.326,
   56,      138.3,    180.987,     345.330,    345.857,
   57,      140.8,    181.043,     345.499,    347.310,
   58,      143.3,    181.013,     348.318,    348.689,
   59,      145.8,    181.058,     349.613,    349.996,
   60,      148.3,    181.035,     350.761,    351.232,
   61,      150.8,    181.028,     352.709,    352.402,
   62,      153.3,    181.043,     353.232,    353.506,
   63,      155.8,    181.001,     355.246,    354.548,
   64,      158.3,    181.016,     355.769,    355.529,
   65,      160.8,    180.983,     356.664,    356.452,
   66,      163.3,    180.942,     357.297,    357.319,
   67,      165.8,    181.005,     359.382,    358.133,
   68,      168.3,    181.020,     360.181,    358.895,
   69,      170.8,    180.990,     359.412,    359.607,
   70,      175.8,    180.034,     361.542,    361.344,
----,
DateTime:        , 2025/11/20, 14:23:22, 1763663002141,
RFID_EPC:        ,--Not Acquired--,
RFID_UserData:   ,--Not Acquired--,
Barcode:         ,--Not Acquired--,
PIF:,            0.00,
PARs:,            0.0,     0.0,     0.0,     0.0,     0.0,     0.0,
Light:,           0.0,     0.0,     0.0,     0.0,     0.0,     0.0,
Cycles:,            1,
                    1,      69,      70,      70,
Lamps:,        #10000,
Gain:,              2,     100, 
SNR_raw:,     320.71,
Position:,        0.0,              0.0,   NoData,
DataPt,      Time(us),   EX,         EM,       Fit,
==========,==========,==========,==========,=========,
    0,        0.0,      0.000,       0.000,    116.164,
    1,        0.8,    162.049,     116.632,    121.208,
    2,        3.3,    180.650,     127.795,    126.896,
    3,        5.8,    180.687,     137.807,    132.599,
    4,        8.3,    180.751,     141.908,    138.304,
    5,       10.8,    180.773,     145.763,    144.004,
    6,       13.3,    180.818,     150.151,    149.696,
    7,       15.8,    180.825,     155.398,    155.375,
    8,       18.3,    180.728,     160.185,    161.033,
    9,       20.8,    180.818,     167.019,    166.671,
   10,       23.3,    180.796,     171.188,    172.282,
   11,       25.8,    180.829,     176.410,    177.863,
   12,       28.3,    180.855,     182.466,    183.409,
   13,       30.8,    180.893,     187.128,    188.916,
   14,       33.3,    180.941,     193.986,    194.380,
   15,       35.8,    180.848,     197.956,    199.791,
   16,       38.3,    180.900,     204.809,    205.151,
   17,       40.8,    180.938,     209.741,    210.453,
   18,       43.3,    180.926,     215.834,    215.692,
   19,       45.8,    180.859,     220.337,    220.863,
   20,       48.3,    180.952,     224.921,    225.965,
   21,       50.8,    180.896,     229.966,    230.990,
   22,       53.3,    180.930,     236.279,    235.937,
   23,       55.8,    180.893,     240.750,    240.801,
   24,       58.3,    180.904,     245.711,    245.579,
   25,       60.8,    180.986,     250.295,    250.270,
   26,       63.3,    180.986,     255.544,    254.868,
   27,       65.8,    180.975,     259.981,    259.370,
   28,       68.3,    180.979,     265.777,    263.774,
   29,       70.8,    181.020,     269.031,    268.079,
   30,       73.3,    180.900,     273.079,    272.278,
   31,       75.8,    180.885,     277.524,    276.372,
   32,       78.3,    180.945,     281.301,    280.361,
   33,       80.8,    180.956,     285.428,    284.243,
   34,       83.3,    180.930,     290.167,    288.016,
   35,       85.8,    180.990,     292.834,    291.680,
   36,       88.3,    180.979,     295.891,    295.234,
   37,       90.8,    181.009,     298.881,    298.678,
   38,       93.3,    180.994,     303.049,    302.011,
   39,       95.8,    180.986,     306.101,    305.233,
   40,       98.3,    181.072,     308.717,    308.346,
   41,      100.8,    180.967,     312.211,    311.348,
   42,      103.3,    181.005,     314.080,    314.242,
   43,      105.8,    181.012,     317.106,    317.028,
   44,      108.3,    181.050,     319.250,    319.708,
   45,      110.8,    180.967,     321.881,    322.282,
   46,      113.3,    181.005,     322.643,    324.752,
   47,      115.8,    180.990,     325.985,    327.120,
   48,      118.3,    181.053,     328.632,    329.388,
   49,      120.8,    181.038,     330.317,    331.558,
   50,      123.3,    181.053,     332.223,    333.631,
   51,      125.8,    181.038,     335.012,    335.610,
   52,      128.3,    181.072,     337.159,    337.497,
   53,      130.8,    180.979,     338.438,    339.294,
   54,      133.3,    180.863,     339.484,    341.001,
   55,      135.8,    180.949,     341.257,    342.624,
   56,      138.3,    180.941,     342.929,    344.165,
   57,      140.8,    181.023,     344.154,    345.625,
   58,      143.3,    180.956,     345.387,    347.008,
   59,      145.8,    181.065,     348.495,    348.316,
   60,      148.3,    181.005,     349.991,    349.550,
   61,      150.8,    181.068,     350.696,    350.715,
   62,      153.3,    181.035,     352.143,    351.811,
   63,      155.8,    180.994,     352.499,    352.841,
   64,      158.3,    180.919,     353.473,    353.807,
   65,      160.8,    180.971,     354.753,    354.712,
   66,      163.3,    181.020,     355.210,    355.560,
   67,      165.8,    181.023,     357.412,    356.350,
   68,      168.3,    181.079,     357.302,    357.087,
   69,      170.8,    181.057,     358.727,    357.772,
   70,      175.8,    179.951,     358.447,    358.000,
----,
DateTime:        , 2025/11/20, 14:23:25, 1763663004889,
RFID_EPC:        ,--Not Acquired--,
RFID_UserData:   ,--Not Acquired--,
Barcode:         ,--Not Acquired--,
PIF:,            0.00,
PARs:,            0.0,     0.0,     0.0,     0.0,     0.0,     0.0,
Light:,           0.0,     0.0,     0.0,     0.0,     0.0,     0.0,
Cycles:,            1,
                    1,      69,      70,      70,
Lamps:,        #10000,
Gain:,              2,     100, 
SNR_raw:,     171.52,
Position:,        0.0,              0.0,   NoData,
DataPt,      Time(us),   EX,         EM,       Fit,
==========,==========,==========,==========,=========,
    0,        0.0,      0.000,       0.000,    109.067,
    1,        0.8,    162.009,     116.043,    115.310,
    2,        3.3,    180.573,     127.945,    122.219,
    3,        5.8,    180.715,     138.616,    129.035,
    4,        8.3,    180.652,     141.986,    135.743,
    5,       10.8,    180.697,     144.994,    142.343,
    6,       13.3,    180.861,     150.115,    148.839,
    7,       15.8,    180.779,     155.715,    155.221,
    8,       18.3,    180.913,     160.298,    161.496,
    9,       20.8,    180.842,     165.061,    167.656,
   10,       23.3,    180.861,     171.126,    173.705,
   11,       25.8,    180.839,     175.847,    179.639,
   12,       28.3,    180.854,     181.915,    185.461,
   13,       30.8,    180.783,     188.624,    191.167,
   14,       33.3,    180.884,     194.877,    196.762,
   15,       35.8,    180.857,     198.222,    202.244,
   16,       38.3,    180.869,     204.016,    207.613,
   17,       40.8,    180.940,     210.844,    212.870,
   18,       43.3,    180.902,     215.586,    218.015,
   19,       45.8,    180.962,     220.765,    223.049,
   20,       48.3,    180.955,     224.366,    227.971,
   21,       50.8,    180.969,     230.426,    232.783,
   22,       53.3,    181.014,     235.893,    237.485,
   23,       55.8,    180.977,     240.915,    242.078,
   24,       58.3,    180.880,     247.402,    246.560,
   25,       60.8,    180.895,     250.698,    250.935,
   26,       63.3,    180.876,     255.147,    255.203,
   27,       65.8,    180.966,     261.099,    259.369,
   28,       68.3,    181.033,     265.145,    263.431,
   29,       70.8,    181.022,     268.200,    267.391,
   30,       73.3,    180.996,     272.659,    271.249,
   31,       75.8,    180.984,     276.819,    275.007,
   32,       78.3,    181.044,     281.147,    278.667,
   33,       80.8,    181.022,     285.877,    282.229,
   34,       83.3,    180.891,     288.848,    285.692,
   35,       85.8,    180.943,     292.080,    289.063,
   36,       88.3,    180.958,     295.372,    292.341,
   37,       90.8,    180.962,     300.063,    295.528,
   38,       93.3,    181.040,     304.076,    298.626,
   39,       95.8,    180.958,     306.701,    301.635,
   40,       98.3,    180.958,     308.911,    304.558,
   41,      100.8,    180.969,     311.931,    307.396,
   42,      103.3,    180.988,     313.833,    310.151,
   43,      105.8,    181.063,     317.017,    312.826,
   44,      108.3,    181.007,     320.430,    315.420,
   45,      110.8,    181.003,     322.370,    317.936,
   46,      113.3,    180.947,     324.404,    320.375,
   47,      115.8,    180.947,     326.891,    322.738,
   48,      118.3,    180.969,     328.508,    325.029,
   49,      120.8,    180.969,     330.995,    327.248,
   50,      123.3,    181.014,     332.847,    329.398,
   51,      125.8,    181.040,     334.456,    331.479,
   52,      128.3,    180.984,     336.769,    333.494,
   53,      130.8,    180.992,     337.860,    335.443,
   54,      133.3,    181.029,     342.210,    337.329,
   55,      135.8,    181.070,     343.789,    339.153,
   56,      138.3,    180.966,     342.883,    340.916,
   57,      140.8,    181.033,     344.136,    342.621,
   58,      143.3,    180.932,     345.710,    344.267,
   59,      145.8,    180.992,     346.148,    345.858,
   60,      148.3,    180.973,     348.394,    347.394,
   61,      150.8,    181.011,     348.875,    348.878,
   62,      153.3,    181.074,     351.514,    350.310,
   63,      155.8,    181.055,     350.998,    351.692,
   64,      158.3,    181.029,     352.982,    353.026,
   65,      160.8,    181.040,     355.169,    354.311,
   66,      163.3,    181.022,     355.482,    355.551,
   67,      165.8,    181.040,     356.274,    356.746,
   68,      168.3,    181.025,     355.751,    357.897,
   69,      170.8,    180.966,     357.250,    359.005,
   70,      175.8,    179.912,     357.855,    359.812,
----,
DateTime:        , 2025/11/20, 14:23:27, 1763663007673,
RFID_EPC:        ,--Not Acquired--,
RFID_UserData:   ,--Not Acquired--,
Barcode:         ,--Not Acquired--,
PIF:,            0.00,
PARs:,            0.0,     0.0,     0.0,     0.0,     0.0,     0.0,
Light:,           0.0,     0.0,     0.0,     0.0,     0.0,     0.0,
Cycles:,            1,
                    1,      69,      70,      70,
Lamps:,        #10000,
Gain:,              2,     100, 
SNR_raw:,     183.19,
Position:,        0.0,              0.0,   NoData,
DataPt,      Time(us),   EX,         EM,       Fit,
==========,==========,==========,==========,=========,
    0,        0.0,      0.000,       0.000,    105.433,
    1,        0.8,    161.940,     116.093,    111.936,
    2,        3.3,    180.687,     125.941,    119.135,
    3,        5.8,    180.680,     134.769,    126.230,
    4,        8.3,    180.706,     139.730,    133.211,
    5,       10.8,    180.755,     144.118,    140.077,
    6,       13.3,    180.758,     147.711,    146.825,
    7,       15.8,    180.829,     152.907,    153.458,
    8,       18.3,    180.841,     158.427,    159.972,
    9,       20.8,    180.833,     163.134,    166.366,
   10,       23.3,    180.807,     169.241,    172.638,
   11,       25.8,    180.781,     174.244,    178.789,
   12,       28.3,    180.766,     179.514,    184.818,
   13,       30.8,    180.882,     186.586,    190.730,
   14,       33.3,    180.956,     190.654,    196.524,
   15,       35.8,    180.927,     197.870,    202.195,
   16,       38.3,    180.889,     202.887,    207.744,
   17,       40.8,    180.938,     208.635,    213.174,
   18,       43.3,    180.893,     214.491,    218.483,
   19,       45.8,    180.956,     219.113,    223.674,
   20,       48.3,    180.942,     224.382,    228.746,
   21,       50.8,    180.856,     230.847,    233.697,
   22,       53.3,    180.956,     235.968,    238.534,
   23,       55.8,    180.956,     240.666,    243.255,
   24,       58.3,    180.975,     245.061,    247.861,
   25,       60.8,    181.001,     252.484,    252.354,
   26,       63.3,    181.027,     256.038,    256.734,
   27,       65.8,    180.960,     261.383,    261.001,
   28,       68.3,    180.994,     266.860,    265.159,
   29,       70.8,    180.983,     269.915,    269.207,
   30,       73.3,    181.001,     275.136,    273.149,
   31,       75.8,    180.983,     277.651,    276.984,
   32,       78.3,    180.915,     283.005,    280.713,
   33,       80.8,    180.923,     286.863,    284.339,
   34,       83.3,    180.908,     291.032,    287.864,
   35,       85.8,    181.016,     294.449,    291.292,
   36,       88.3,    181.050,     296.879,    294.623,
   37,       90.8,    181.013,     302.465,    297.856,
   38,       93.3,    180.971,     305.849,    300.995,
   39,       95.8,    181.050,     307.926,    304.042,
   40,       98.3,    181.024,     310.180,    306.998,
   41,      100.8,    181.042,     312.910,    309.866,
   42,      103.3,    180.949,     315.558,    312.644,
   43,      105.8,    181.016,     318.203,    315.339,
   44,      108.3,    180.904,     321.717,    317.948,
   45,      110.8,    180.986,     324.334,    320.476,
   46,      113.3,    180.960,     326.315,    322.924,
   47,      115.8,    181.009,     329.542,    325.295,
   48,      118.3,    181.009,     331.199,    327.590,
   49,      120.8,    181.076,     332.181,    329.810,
   50,      123.3,    180.953,     333.512,    331.957,
   51,      125.8,    181.069,     337.441,    334.033,
   52,      128.3,    181.042,     338.595,    336.041,
   53,      130.8,    180.983,     339.812,    337.979,
   54,      133.3,    181.027,     341.385,    339.853,
   55,      135.8,    180.968,     344.813,    341.662,
   56,      138.3,    180.923,     345.451,    343.408,
   57,      140.8,    180.956,     346.216,    345.093,
   58,      143.3,    181.009,     348.049,    346.720,
   59,      145.8,    181.084,     349.286,    348.290,
   60,      148.3,    180.956,     350.913,    349.802,
   61,      150.8,    181.080,     351.779,    351.262,
   62,      153.3,    181.005,     352.753,    352.667,
   63,      155.8,    181.016,     353.007,    354.022,
   64,      158.3,    181.005,     356.620,    355.326,
   65,      160.8,    181.013,     356.329,    356.581,
   66,      163.3,    180.960,     357.537,    357.790,
   67,      165.8,    180.900,     357.655,    358.951,
   68,      168.3,    181.020,     357.971,    360.070,
   69,      170.8,    181.020,     359.353,    361.145,
   70,      175.8,    179.929,     359.881,    361.924,
----,
DateTime:        , 2025/11/20, 14:23:30, 1763663010383,
RFID_EPC:        ,--Not Acquired--,
RFID_UserData:   ,--Not Acquired--,
Barcode:         ,--Not Acquired--,
PIF:,            0.00,
PARs:,            0.0,     0.0,     0.0,     0.0,     0.0,     0.0,
Light:,           0.0,     0.0,     0.0,     0.0,     0.0,     0.0,
Cycles:,            1,
                    1,      69,      70,      70,
Lamps:,        #10000,
Gain:,              2,     100, 
SNR_raw:,     237.20,
Position:,        0.0,              0.0,   NoData,
DataPt,      Time(us),   EX,         EM,       Fit,
==========,==========,==========,==========,=========,
    0,        0.0,      0.000,       0.000,    117.597,
    1,        0.8,    162.052,     117.246,    122.104,
    2,        3.3,    180.672,     127.195,    127.269,
    3,        5.8,    180.728,     136.116,    132.572,
    4,        8.3,    180.739,     140.534,    137.986,
    5,       10.8,    180.717,     145.532,    143.491,
    6,       13.3,    180.762,     150.474,    149.067,
    7,       15.8,    180.732,     156.309,    154.696,
    8,       18.3,    180.784,     160.412,    160.363,
    9,       20.8,    180.825,     165.630,    166.053,
   10,       23.3,    180.896,     171.646,    171.752,
   11,       25.8,    180.810,     175.322,    177.443,
   12,       28.3,    180.904,     182.418,    183.120,
   13,       30.8,    180.896,     186.571,    188.769,
   14,       33.3,    180.806,     193.301,    194.379,
   15,       35.8,    180.881,     198.196,    199.943,
   16,       38.3,    180.907,     203.696,    205.454,
   17,       40.8,    180.933,     209.746,    210.902,
   18,       43.3,    180.844,     215.379,    216.278,
   19,       45.8,    180.881,     221.140,    221.580,
   20,       48.3,    180.948,     225.479,    226.801,
   21,       50.8,    181.034,     231.724,    231.938,
   22,       53.3,    180.952,     236.250,    236.981,
   23,       55.8,    180.896,     241.575,    241.928,
   24,       58.3,    180.870,     246.033,    246.775,
   25,       60.8,    180.952,     252.277,    251.521,
   26,       63.3,    180.948,     256.703,    256.162,
   27,       65.8,    180.840,     261.004,    260.693,
   28,       68.3,    180.915,     266.147,    265.117,
   29,       70.8,    180.930,     269.994,    269.429,
   30,       73.3,    180.978,     272.961,    273.629,
   31,       75.8,    180.989,     279.851,    277.716,
   32,       78.3,    181.034,     283.096,    281.690,
   33,       80.8,    181.023,     286.980,    285.549,
   34,       83.3,    180.915,     291.297,    289.293,
   35,       85.8,    180.952,     294.277,    292.923,
   36,       88.3,    180.989,     296.979,    296.439,
   37,       90.8,    181.001,     300.828,    299.843,
   38,       93.3,    180.904,     303.477,    303.133,
   39,       95.8,    180.952,     307.540,    306.313,
   40,       98.3,    180.907,     310.656,    309.382,
   41,      100.8,    180.915,     312.855,    312.343,
   42,      103.3,    181.001,     315.192,    315.198,
   43,      105.8,    181.064,     317.843,    317.948,
   44,      108.3,    181.042,     320.368,    320.594,
   45,      110.8,    181.098,     323.582,    323.139,
   46,      113.3,    181.001,     324.584,    325.585,
   47,      115.8,    180.982,     328.209,    327.933,
   48,      118.3,    180.978,     329.321,    330.185,
   49,      120.8,    180.963,     332.112,    332.345,
   50,      123.3,    181.012,     333.127,    334.414,
   51,      125.8,    180.952,     335.448,    336.394,
   52,      128.3,    181.027,     336.690,    338.288,
   53,      130.8,    181.001,     338.397,    340.099,
   54,      133.3,    181.075,     341.018,    341.828,
   55,      135.8,    181.053,     342.441,    343.478,
   56,      138.3,    181.079,     344.601,    345.051,
   57,      140.8,    181.102,     346.215,    346.550,
   58,      143.3,    181.087,     346.243,    347.977,
   59,      145.8,    180.960,     348.973,    349.335,
   60,      148.3,    181.083,     349.564,    350.625,
   61,      150.8,    181.038,     351.860,    351.850,
   62,      153.3,    181.001,     352.209,    353.013,
   63,      155.8,    180.993,     354.709,    354.114,
   64,      158.3,    181.045,     354.055,    355.157,
   65,      160.8,    181.023,     355.203,    356.143,
   66,      163.3,    181.012,     357.711,    357.075,
   67,      165.8,    181.023,     357.965,    357.955,
   68,      168.3,    180.975,     359.995,    358.785,
   69,      170.8,    180.997,     361.885,    359.566,
   70,      175.8,    179.921,     362.346,    361.916,
----,
DateTime:        , 2025/11/20, 14:23:33, 1763663013179,
RFID_EPC:        ,--Not Acquired--,
RFID_UserData:   ,--Not Acquired--,
Barcode:         ,--Not Acquired--,
PIF:,            0.00,
PARs:,            0.0,     0.0,     0.0,     0.0,     0.0,     0.0,
Light:,           0.0,     0.0,     0.0,     0.0,     0.0,     0.0,
Cycles:,            1,
                    1,      69,      70,      70,
Lamps:,        #10000,
Gain:,              2,     100, 
SNR_raw:,     189.46,
Position:,        0.0,              0.0,   NoData,
DataPt,      Time(us),   EX,         EM,       Fit,
==========,==========,==========,==========,=========,
    0,        0.0,      0.000,       0.000,    105.694,
    1,        0.8,    162.050,     116.939,    112.311,
    2,        3.3,    180.618,     127.229,    119.616,
    3,        5.8,    180.640,     136.459,    126.806,
    4,        8.3,    180.734,     140.538,    133.872,
    5,       10.8,    180.771,     144.935,    140.812,
    6,       13.3,    180.805,     149.885,    147.624,
    7,       15.8,    180.883,     155.072,    154.309,
    8,       18.3,    180.823,     159.548,    160.863,
    9,       20.8,    180.831,     166.177,    167.287,
   10,       23.3,    180.764,     170.665,    173.579,
   11,       25.8,    180.861,     176.102,    179.745,
   12,       28.3,    180.808,     181.131,    185.779,
   13,       30.8,    180.853,     186.339,    191.686,
   14,       33.3,    180.853,     192.698,    197.465,
   15,       35.8,    180.943,     198.405,    203.118,
   16,       38.3,    180.921,     203.128,    208.643,
   17,       40.8,    180.954,     209.722,    214.042,
   18,       43.3,    180.924,     213.902,    219.315,
   19,       45.8,    180.887,     219.198,    224.462,
   20,       48.3,    180.917,     223.307,    229.486,
   21,       50.8,    180.924,     229.930,    234.387,
   22,       53.3,    180.898,     235.215,    239.167,
   23,       55.8,    180.924,     242.090,    243.827,
   24,       58.3,    180.924,     246.512,    248.369,
   25,       60.8,    180.973,     252.248,    252.795,
   26,       63.3,    181.025,     256.594,    257.106,
   27,       65.8,    181.025,     261.290,    261.303,
   28,       68.3,    180.969,     265.239,    265.387,
   29,       70.8,    180.969,     269.383,    269.359,
   30,       73.3,    181.021,     274.829,    273.224,
   31,       75.8,    180.995,     277.355,    276.980,
   32,       78.3,    181.006,     282.034,    280.632,
   33,       80.8,    180.936,     285.737,    284.178,
   34,       83.3,    180.932,     290.717,    287.621,
   35,       85.8,    180.898,     294.641,    290.965,
   36,       88.3,    180.958,     297.583,    294.211,
   37,       90.8,    180.973,     301.979,    297.361,
   38,       93.3,    180.962,     303.655,    300.417,
   39,       95.8,    181.044,     305.451,    303.382,
   40,       98.3,    180.988,     308.584,    306.255,
   41,      100.8,    181.021,     312.394,    309.041,
   42,      103.3,    180.965,     314.977,    311.738,
   43,      105.8,    180.917,     318.102,    314.350,
   44,      108.3,    180.943,     319.990,    316.880,
   45,      110.8,    180.936,     322.767,    319.329,
   46,      113.3,    180.947,     324.681,    321.698,
   47,      115.8,    181.014,     327.047,    323.992,
   48,      118.3,    180.965,     329.068,    326.209,
   49,      120.8,    180.947,     332.142,    328.353,
   50,      123.3,    181.115,     332.662,    330.428,
   51,      125.8,    181.018,     336.984,    332.431,
   52,      128.3,    181.059,     336.907,    334.366,
   53,      130.8,    181.040,     339.151,    336.236,
   54,      133.3,    181.036,     341.644,    338.040,
   55,      135.8,    180.917,     342.146,    339.780,
   56,      138.3,    181.051,     342.721,    341.461,
   57,      140.8,    180.947,     344.577,    343.081,
   58,      143.3,    181.040,     345.780,    344.644,
   59,      145.8,    181.044,     347.430,    346.151,
   60,      148.3,    181.051,     349.901,    347.603,
   61,      150.8,    181.074,     349.305,    349.002,
   62,      153.3,    181.025,     351.332,    350.349,
   63,      155.8,    181.070,     352.350,    351.646,
   64,      158.3,    180.995,     353.600,    352.894,
   65,      160.8,    180.980,     354.458,    354.095,
   66,      163.3,    180.932,     355.383,    355.249,
   67,      165.8,    180.984,     356.385,    356.359,
   68,      168.3,    180.962,     356.153,    357.426,
   69,      170.8,    181.066,     358.432,    358.452,
   70,      175.8,    179.953,     356.236,    359.159,
----,
DateTime:        , 2025/11/20, 14:23:36, 1763663015906,
RFID_EPC:        ,--Not Acquired--,
RFID_UserData:   ,--Not Acquired--,
Barcode:         ,--Not Acquired--,
PIF:,            0.00,
PARs:,            0.0,     0.0,     0.0,     0.0,     0.0,     0.0,
Light:,           0.0,     0.0,     0.0,     0.0,     0.0,     0.0,
Cycles:,            1,
                    1,      69,      70,      70,
Lamps:,        #10000,
Gain:,              2,     100, 
SNR_raw:,     192.32,
Position:,        0.0,              0.0,   NoData,
DataPt,      Time(us),   EX,         EM,       Fit,
==========,==========,==========,==========,=========,
    0,        0.0,      0.000,       0.000,    116.326,
    1,        0.8,    162.124,     116.577,    121.057,
    2,        3.3,    180.651,     126.879,    126.401,
    3,        5.8,    180.722,     136.121,    131.816,
    4,        8.3,    180.718,     139.167,    137.289,
    5,       10.8,    180.748,     144.400,    142.812,
    6,       13.3,    180.782,     149.075,    148.373,
    7,       15.8,    180.740,     154.088,    153.962,
    8,       18.3,    180.819,     159.552,    159.573,
    9,       20.8,    180.793,     164.000,    165.194,
   10,       23.3,    180.826,     170.606,    170.818,
   11,       25.8,    180.811,     175.044,    176.436,
   12,       28.3,    180.871,     181.621,    182.041,
   13,       30.8,    180.901,     188.224,    187.625,
   14,       33.3,    180.909,     193.468,    193.180,
   15,       35.8,    180.935,     197.861,    198.698,
   16,       38.3,    180.942,     204.209,    204.172,
   17,       40.8,    180.879,     209.256,    209.594,
   18,       43.3,    180.931,     214.723,    214.959,
   19,       45.8,    180.894,     220.848,    220.260,
   20,       48.3,    180.894,     224.441,    225.491,
   21,       50.8,    180.931,     229.922,    230.647,
   22,       53.3,    180.983,     235.381,    235.724,
   23,       55.8,    180.976,     240.087,    240.715,
   24,       58.3,    180.890,     244.348,    245.613,
   25,       60.8,    180.983,     250.576,    250.418,
   26,       63.3,    180.957,     254.204,    255.123,
   27,       65.8,    180.950,     260.293,    259.725,
   28,       68.3,    180.845,     265.144,    264.219,
   29,       70.8,    180.980,     269.644,    268.607,
   30,       73.3,    180.957,     272.993,    272.882,
   31,       75.8,    180.916,     278.582,    277.043,
   32,       78.3,    181.043,     281.701,    281.090,
   33,       80.8,    180.953,     286.814,    285.019,
   34,       83.3,    181.028,     288.905,    288.830,
   35,       85.8,    181.013,     293.349,    292.522,
   36,       88.3,    180.968,     297.566,    296.093,
   37,       90.8,    180.976,     300.593,    299.545,
   38,       93.3,    180.991,     303.054,    302.877,
   39,       95.8,    180.965,     306.137,    306.089,
   40,       98.3,    180.972,     309.716,    309.183,
   41,      100.8,    180.946,     312.524,    312.158,
   42,      103.3,    180.942,     315.018,    315.018,
   43,      105.8,    180.987,     316.597,    317.763,
   44,      108.3,    180.987,     320.741,    320.395,
   45,      110.8,    181.062,     322.818,    322.916,
   46,      113.3,    181.024,     324.542,    325.327,
   47,      115.8,    181.028,     326.745,    327.631,
   48,      118.3,    181.006,     330.653,    329.830,
   49,      120.8,    180.998,     330.943,    331.927,
   50,      123.3,    180.987,     334.278,    333.923,
   51,      125.8,    181.036,     333.636,    335.822,
   52,      128.3,    180.972,     338.174,    337.626,
   53,      130.8,    180.938,     338.237,    339.337,
   54,      133.3,    180.972,     341.489,    340.960,
   55,      135.8,    181.036,     342.198,    342.497,
   56,      138.3,    181.047,     343.005,    343.950,
   57,      140.8,    181.047,     345.215,    345.322,
   58,      143.3,    181.021,     345.265,    346.616,
   59,      145.8,    181.092,     347.614,    347.835,
   60,      148.3,    180.968,     347.575,    348.981,
   61,      150.8,    180.946,     350.105,    350.057,
   62,      153.3,    181.009,     351.363,    351.066,
   63,      155.8,    180.980,     352.250,    352.011,
   64,      158.3,    180.980,     352.802,    352.894,
   65,      160.8,    180.983,     353.348,    353.718,
   66,      163.3,    181.021,     354.656,    354.485,
   67,      165.8,    181.077,     355.098,    355.198,
   68,      168.3,    181.028,     356.851,    355.858,
   69,      170.8,    181.017,     357.425,    356.469,
   70,      175.8,    179.900,     357.246,    357.140,
----,
DateTime:        , 2025/11/20, 14:23:38, 1763663018660,
RFID_EPC:        ,--Not Acquired--,
RFID_UserData:   ,--Not Acquired--,
Barcode:         ,--Not Acquired--,
PIF:,            0.00,
PARs:,            0.0,     0.0,     0.0,     0.0,     0.0,     0.0,
Light:,           0.0,     0.0,     0.0,     0.0,     0.0,     0.0,
Cycles:,            1,
                    1,      69,      70,      70,
Lamps:,        #10000,
Gain:,              2,     100, 
SNR_raw:,     215.74,
Position:,        0.0,              0.0,   NoData,
DataPt,      Time(us),   EX,         EM,       Fit,
==========,==========,==========,==========,=========,
    0,        0.0,      0.000,       0.000,    116.890,
    1,        0.8,    162.031,     116.644,    121.406,
    2,        3.3,    180.569,     127.216,    126.571,
    3,        5.8,    180.692,     136.696,    131.867,
    4,        8.3,    180.745,     140.806,    137.270,
    5,       10.8,    180.692,     145.551,    142.759,
    6,       13.3,    180.760,     150.753,    148.318,
    7,       15.8,    180.823,     154.847,    153.931,
    8,       18.3,    180.879,     160.328,    159.583,
    9,       20.8,    180.909,     164.724,    165.260,
   10,       23.3,    180.838,     170.871,    170.945,
   11,       25.8,    180.857,     175.830,    176.629,
   12,       28.3,    180.812,     180.851,    182.300,
   13,       30.8,    180.842,     186.904,    187.948,
   14,       33.3,    180.849,     193.808,    193.564,
   15,       35.8,    180.838,     198.797,    199.138,
   16,       38.3,    180.834,     204.331,    204.661,
   17,       40.8,    180.894,     209.791,    210.129,
   18,       43.3,    180.917,     215.016,    215.531,
   19,       45.8,    180.913,     220.272,    220.862,
   20,       48.3,    180.928,     224.952,    226.116,
   21,       50.8,    180.958,     229.888,    231.286,
   22,       53.3,    180.935,     234.614,    236.367,
   23,       55.8,    180.887,     240.482,    241.353,
   24,       58.3,    180.913,     246.804,    246.241,
   25,       60.8,    180.939,     251.190,    251.028,
   26,       63.3,    180.950,     256.424,    255.711,
   27,       65.8,    180.924,     260.054,    260.284,
   28,       68.3,    180.961,     266.079,    264.747,
   29,       70.8,    180.973,     269.102,    269.097,
   30,       73.3,    181.047,     274.790,    273.333,
   31,       75.8,    180.954,     279.077,    277.451,
   32,       78.3,    181.032,     281.441,    281.452,
   33,       80.8,    180.909,     287.161,    285.333,
   34,       83.3,    180.928,     291.000,    289.095,
   35,       85.8,    180.984,     294.225,    292.738,
   36,       88.3,    180.932,     298.179,    296.262,
   37,       90.8,    181.017,     300.800,    299.668,
   38,       93.3,    180.935,     304.805,    302.955,
   39,       95.8,    181.025,     306.311,    306.126,
   40,       98.3,    181.055,     309.299,    309.180,
   41,      100.8,    181.006,     312.144,    312.120,
   42,      103.3,    180.961,     314.984,    314.946,
   43,      105.8,    181.055,     317.860,    317.661,
   44,      108.3,    180.991,     321.010,    320.266,
   45,      110.8,    180.950,     323.293,    322.763,
   46,      113.3,    181.036,     325.073,    325.155,
   47,      115.8,    181.006,     325.956,    327.443,
   48,      118.3,    180.991,     328.745,    329.630,
   49,      120.8,    181.029,     331.439,    331.719,
   50,      123.3,    181.014,     332.295,    333.712,
   51,      125.8,    181.029,     334.477,    335.611,
   52,      128.3,    181.062,     337.453,    337.419,
   53,      130.8,    181.059,     338.565,    339.139,
   54,      133.3,    181.148,     340.053,    340.774,
   55,      135.8,    181.092,     341.815,    342.325,
   56,      138.3,    180.950,     342.636,    343.796,
   57,      140.8,    180.973,     343.975,    345.189,
   58,      143.3,    180.946,     345.130,    346.507,
   59,      145.8,    180.939,     346.802,    347.752,
   60,      148.3,    180.958,     349.806,    348.927,
   61,      150.8,    181.017,     350.243,    350.035,
   62,      153.3,    180.999,     350.555,    351.078,
   63,      155.8,    181.047,     352.118,    352.058,
   64,      158.3,    181.029,     352.707,    352.978,
   65,      160.8,    181.085,     353.150,    353.841,
   66,      163.3,    181.014,     354.669,    354.649,
   67,      165.8,    181.032,     356.290,    355.403,
   68,      168.3,    180.954,     357.826,    356.106,
   69,      170.8,    181.036,     358.768,    356.761,
   70,      175.8,    179.912,     358.458,    358.336,
----,
DateTime:        , 2025/11/20, 14:23:41, 1763663021431,
RFID_EPC:        ,--Not Acquired--,
RFID_UserData:   ,--Not Acquired--,
Barcode:         ,--Not Acquired--,
PIF:,            0.00,
PARs:,            0.0,     0.0,     0.0,     0.0,     0.0,     0.0,
Light:,           0.0,     0.0,     0.0,     0.0,     0.0,     0.0,
Cycles:,            1,
                    1,      69,      70,      70,
Lamps:,        #10000,
Gain:,              2,     100, 
SNR_raw:,     232.73,
Position:,        0.0,              0.0,   NoData,
DataPt,      Time(us),   EX,         EM,       Fit,
==========,==========,==========,==========,=========,
    0,        0.0,      0.000,       0.000,    115.856,
    1,        0.8,    162.106,     115.048,    120.559,
    2,        3.3,    180.599,     125.754,    125.927,
    3,        5.8,    180.625,     135.363,    131.414,
    4,        8.3,    180.726,     140.544,    136.999,
    5,       10.8,    180.719,     144.700,    142.655,
    6,       13.3,    180.767,     149.087,    148.366,
    7,       15.8,    180.793,     154.320,    154.114,
    8,       18.3,    180.782,     159.861,    159.880,
    9,       20.8,    180.734,     163.777,    165.651,
   10,       23.3,    180.793,     169.807,    171.417,
   11,       25.8,    180.842,     175.015,    177.165,
   12,       28.3,    180.879,     180.507,    182.886,
   13,       30.8,    180.969,     187.601,    188.571,
   14,       33.3,    180.909,     192.362,    194.207,
   15,       35.8,    180.932,     197.865,    199.790,
   16,       38.3,    180.943,     204.208,    205.311,
   17,       40.8,    180.976,     209.419,    210.765,
   18,       43.3,    180.887,     215.052,    216.143,
   19,       45.8,    180.838,     220.639,    221.441,
   20,       48.3,    180.846,     225.054,    226.656,
   21,       50.8,    180.909,     230.779,    231.783,
   22,       53.3,    180.988,     235.375,    236.820,
   23,       55.8,    180.950,     240.397,    241.760,
   24,       58.3,    180.950,     245.924,    246.602,
   25,       60.8,    180.988,     250.017,    251.343,
   26,       63.3,    180.947,     256.429,    255.979,
   27,       65.8,    180.984,     260.244,    260.510,
   28,       68.3,    181.006,     265.736,    264.933,
   29,       70.8,    180.962,     269.947,    269.246,
   30,       73.3,    180.950,     273.832,    273.449,
   31,       75.8,    180.943,     277.712,    277.540,
   32,       78.3,    181.021,     284.221,    281.520,
   33,       80.8,    181.040,     286.401,    285.388,
   34,       83.3,    180.976,     291.198,    289.142,
   35,       85.8,    181.006,     294.741,    292.784,
   36,       88.3,    180.939,     296.509,    296.314,
   37,       90.8,    180.999,     300.002,    299.732,
   38,       93.3,    180.898,     303.209,    303.038,
   39,       95.8,    181.006,     307.724,    306.235,
   40,       98.3,    180.943,     310.043,    309.322,
   41,      100.8,    180.947,     311.970,    312.302,
   42,      103.3,    180.920,     315.885,    315.174,
   43,      105.8,    180.973,     318.556,    317.942,
   44,      108.3,    180.999,     320.720,    320.607,
   45,      110.8,    181.033,     323.699,    323.170,
   46,      113.3,    181.033,     325.632,    325.633,
   47,      115.8,    181.044,     327.269,    327.997,
   48,      118.3,    181.025,     330.341,    330.266,
   49,      120.8,    181.036,     332.254,    332.440,
   50,      123.3,    180.928,     334.940,    334.522,
   51,      125.8,    181.010,     336.722,    336.514,
   52,      128.3,    180.935,     338.795,    338.419,
   53,      130.8,    180.935,     339.624,    340.237,
   54,      133.3,    180.842,     341.182,    341.973,
   55,      135.8,    181.047,     342.452,    343.627,
   56,      138.3,    181.074,     343.507,    345.203,
   57,      140.8,    181.014,     346.659,    346.702,
   58,      143.3,    181.126,     346.996,    348.127,
   59,      145.8,    181.077,     348.746,    349.480,
   60,      148.3,    181.025,     350.228,    350.764,
   61,      150.8,    181.010,     350.257,    351.980,
   62,      153.3,    181.018,     353.557,    353.130,
   63,      155.8,    180.962,     354.219,    354.217,
   64,      158.3,    180.932,     355.383,    355.244,
   65,      160.8,    180.980,     356.393,    356.211,
   66,      163.3,    181.059,     357.067,    357.122,
   67,      165.8,    181.118,     358.605,    357.977,
   68,      168.3,    181.074,     359.798,    358.780,
   69,      170.8,    180.995,     359.678,    359.532,
   70,      175.8,    179.957,     361.481,    361.500,
----,
DateTime:        , 2025/11/20, 14:23:44, 1763663024436,
RFID_EPC:        ,--Not Acquired--,
RFID_UserData:   ,--Not Acquired--,
Barcode:         ,--Not Acquired--,
PIF:,            0.00,
PARs:,            0.0,     0.0,     0.0,     0.0,     0.0,     0.0,
Light:,           0.0,     0.0,     0.0,     0.0,     0.0,     0.0,
Cycles:,            1,
                    1,      69,      70,      70,
Lamps:,        #10000,
Gain:,              2,     100, 
SNR_raw:,     206.13,
Position:,        0.0,              0.0,   NoData,
DataPt,      Time(us),   EX,         EM,       Fit,
==========,==========,==========,==========,=========,
    0,        0.0,      0.000,       0.000,    117.328,
    1,        0.8,    162.036,     118.183,    122.081,
    2,        3.3,    180.698,     127.668,    127.467,
    3,        5.8,    180.649,     136.175,    132.932,
    4,        8.3,    180.758,     141.073,    138.465,
    5,       10.8,    180.776,     146.590,    144.051,
    6,       13.3,    180.825,     150.698,    149.678,
    7,       15.8,    180.799,     154.868,    155.331,
    8,       18.3,    180.761,     160.986,    161.000,
    9,       20.8,    180.780,     165.671,    166.676,
   10,       23.3,    180.791,     171.745,    172.347,
   11,       25.8,    180.855,     176.938,    178.008,
   12,       28.3,    180.870,     181.622,    183.647,
   13,       30.8,    180.866,     188.537,    189.256,
   14,       33.3,    180.877,     193.225,    194.827,
   15,       35.8,    180.937,     199.793,    200.354,
   16,       38.3,    180.948,     205.584,    205.829,
   17,       40.8,    180.918,     210.869,    211.245,
   18,       43.3,    180.881,     216.164,    216.594,
   19,       45.8,    180.896,     221.122,    221.872,
   20,       48.3,    180.918,     226.069,    227.075,
   21,       50.8,    180.948,     230.453,    232.197,
   22,       53.3,    180.926,     236.838,    237.232,
   23,       55.8,    180.929,     242.636,    242.176,
   24,       58.3,    181.000,     247.237,    247.027,
   25,       60.8,    180.982,     253.893,    251.780,
   26,       63.3,    180.937,     256.719,    256.430,
   27,       65.8,    180.956,     261.666,    260.976,
   28,       68.3,    180.959,     266.911,    265.415,
   29,       70.8,    180.870,     271.466,    269.743,
   30,       73.3,    180.922,     276.362,    273.961,
   31,       75.8,    180.978,     279.039,    278.068,
   32,       78.3,    180.952,     283.224,    282.059,
   33,       80.8,    180.982,     286.769,    285.937,
   34,       83.3,    181.008,     290.043,    289.700,
   35,       85.8,    180.971,     293.418,    293.346,
   36,       88.3,    181.008,     298.053,    296.876,
   37,       90.8,    181.027,     300.232,    300.292,
   38,       93.3,    181.038,     303.804,    303.592,
   39,       95.8,    180.959,     308.080,    306.777,
   40,       98.3,    180.978,     309.706,    309.848,
   41,      100.8,    180.993,     312.996,    312.807,
   42,      103.3,    180.903,     315.638,    315.654,
   43,      105.8,    180.956,     318.863,    318.392,
   44,      108.3,    180.993,     320.454,    321.022,
   45,      110.8,    181.004,     323.749,    323.547,
   46,      113.3,    180.959,     324.659,    325.967,
   47,      115.8,    181.042,     326.721,    328.286,
   48,      118.3,    181.008,     328.439,    330.504,
   49,      120.8,    181.109,     332.949,    332.626,
   50,      123.3,    180.993,     334.267,    334.652,
   51,      125.8,    180.941,     336.022,    336.584,
   52,      128.3,    181.015,     335.883,    338.427,
   53,      130.8,    180.997,     338.680,    340.181,
   54,      133.3,    180.896,     339.975,    341.850,
   55,      135.8,    180.963,     343.440,    343.436,
   56,      138.3,    181.053,     344.651,    344.943,
   57,      140.8,    181.075,     346.541,    346.372,
   58,      143.3,    181.045,     347.703,    347.726,
   59,      145.8,    180.963,     349.795,    349.007,
   60,      148.3,    181.075,     349.855,    350.218,
   61,      150.8,    181.034,     349.934,    351.362,
   62,      153.3,    180.997,     351.664,    352.440,
   63,      155.8,    180.963,     352.834,    353.456,
   64,      158.3,    181.008,     354.681,    354.412,
   65,      160.8,    180.900,     355.722,    355.309,
   66,      163.3,    180.982,     356.942,    356.151,
   67,      165.8,    181.057,     359.280,    356.939,
   68,      168.3,    181.030,     359.608,    357.677,
   69,      170.8,    181.038,     359.593,    358.365,
   70,      175.8,    180.040,     359.258,    359.269,
----,
DateTime:        , 2025/11/20, 14:23:47, 1763663027151,
RFID_EPC:        ,--Not Acquired--,
RFID_UserData:   ,--Not Acquired--,
Barcode:         ,--Not Acquired--,
PIF:,            0.00,
PARs:,            0.0,     0.0,     0.0,     0.0,     0.0,     0.0,
Light:,           0.0,     0.0,     0.0,     0.0,     0.0,     0.0,
Cycles:,            1,
                    1,      69,      70,      70,
Lamps:,        #10000,
Gain:,              2,     100, 
SNR_raw:,     255.20,
Position:,        0.0,              0.0,   NoData,
DataPt,      Time(us),   EX,         EM,       Fit,
==========,==========,==========,==========,=========,
    0,        0.0,      0.000,       0.000,    109.934,
    1,        0.8,    162.137,     116.260,    115.973,
    2,        3.3,    180.634,     127.578,    122.677,
    3,        5.8,    180.791,     137.728,    129.313,
    4,        8.3,    180.724,     141.376,    135.864,
    5,       10.8,    180.739,     145.237,    142.329,
    6,       13.3,    180.784,     150.733,    148.707,
    7,       15.8,    180.772,     155.444,    154.994,
    8,       18.3,    180.746,     159.893,    161.188,
    9,       20.8,    180.772,     164.848,    167.290,
   10,       23.3,    180.761,     170.391,    173.296,
   11,       25.8,    180.832,     176.130,    179.207,
   12,       28.3,    180.885,     182.160,    185.022,
   13,       30.8,    180.963,     187.607,    190.741,
   14,       33.3,    180.937,     192.885,    196.358,
   15,       35.8,    180.918,     198.985,    201.874,
   16,       38.3,    180.892,     206.200,    207.287,
   17,       40.8,    180.877,     211.746,    212.597,
   18,       43.3,    180.855,     215.090,    217.803,
   19,       45.8,    180.896,     221.122,    222.906,
   20,       48.3,    180.899,     225.263,    227.906,
   21,       50.8,    180.918,     228.833,    232.802,
   22,       53.3,    181.023,     235.606,    237.597,
   23,       55.8,    180.963,     240.933,    242.286,
   24,       58.3,    180.978,     246.715,    246.871,
   25,       60.8,    180.974,     251.693,    251.353,
   26,       63.3,    180.970,     256.119,    255.731,
   27,       65.8,    180.989,     260.789,    260.006,
   28,       68.3,    180.937,     266.115,    264.178,
   29,       70.8,    180.952,     271.619,    268.248,
   30,       73.3,    181.019,     275.662,    272.219,
   31,       75.8,    180.933,     279.938,    276.088,
   32,       78.3,    180.974,     284.018,    279.858,
   33,       80.8,    180.959,     286.529,    283.530,
   34,       83.3,    180.989,     289.520,    287.105,
   35,       85.8,    181.030,     294.150,    290.584,
   36,       88.3,    180.974,     298.109,    293.968,
   37,       90.8,    180.989,     301.676,    297.258,
   38,       93.3,    180.967,     303.647,    300.455,
   39,       95.8,    181.049,     307.099,    303.563,
   40,       98.3,    180.982,     309.976,    306.579,
   41,      100.8,    180.855,     312.958,    309.506,
   42,      103.3,    180.926,     316.705,    312.346,
   43,      105.8,    180.959,     319.962,    315.102,
   44,      108.3,    180.952,     321.909,    317.774,
   45,      110.8,    181.012,     324.012,    320.364,
   46,      113.3,    181.019,     325.656,    322.874,
   47,      115.8,    181.086,     328.297,    325.306,
   48,      118.3,    181.071,     329.428,    327.660,
   49,      120.8,    180.937,     331.884,    329.936,
   50,      123.3,    180.993,     333.715,    332.139,
   51,      125.8,    180.914,     336.070,    334.268,
   52,      128.3,    180.963,     338.467,    336.326,
   53,      130.8,    180.982,     340.366,    338.315,
   54,      133.3,    181.012,     341.967,    340.237,
   55,      135.8,    180.985,     344.227,    342.093,
   56,      138.3,    181.045,     344.941,    343.884,
   57,      140.8,    181.038,     346.337,    345.612,
   58,      143.3,    181.053,     347.965,    347.279,
   59,      145.8,    181.023,     349.404,    348.886,
   60,      148.3,    181.071,     350.690,    350.435,
   61,      150.8,    180.978,     351.424,    351.926,
   62,      153.3,    180.978,     352.253,    353.362,
   63,      155.8,    180.982,     353.351,    354.745,
   64,      158.3,    180.911,     355.424,    356.074,
   65,      160.8,    180.944,     356.740,    357.353,
   66,      163.3,    180.985,     357.487,    358.583,
   67,      165.8,    181.060,     358.997,    359.766,
   68,      168.3,    181.049,     359.847,    360.902,
   69,      170.8,    181.098,     360.303,    361.993,
   70,      175.8,    179.936,     360.993,    362.802,
----,
DateTime:        , 2025/11/20, 14:23:50, 1763663029958,
RFID_EPC:        ,--Not Acquired--,
RFID_UserData:   ,--Not Acquired--,
Barcode:         ,--Not Acquired--,
PIF:,            0.00,
PARs:,            0.0,     0.0,     0.0,     0.0,     0.0,     0.0,
Light:,           0.0,     0.0,     0.0,     0.0,     0.0,     0.0,
Cycles:,            1,
                    1,      69,      70,      70,
Lamps:,        #10000,
Gain:,              2,     100, 
SNR_raw:,     238.66,
Position:,        0.0,              0.0,   NoData,
DataPt,      Time(us),   EX,         EM,       Fit,
==========,==========,==========,==========,=========,
    0,        0.0,      0.000,       0.000,    116.312,
    1,        0.8,    162.019,     116.653,    121.281,
    2,        3.3,    180.582,     127.356,    126.854,
    3,        5.8,    180.720,     136.952,    132.462,
    4,        8.3,    180.679,     140.857,    138.094,
    5,       10.8,    180.750,     145.228,    143.747,
    6,       13.3,    180.825,     150.975,    149.414,
    7,       15.8,    180.825,     157.058,    155.088,
    8,       18.3,    180.840,     161.469,    160.763,
    9,       20.8,    180.754,     166.801,    166.428,
   10,       23.3,    180.754,     171.504,    172.081,
   11,       25.8,    180.855,     177.767,    177.719,
   12,       28.3,    180.851,     181.641,    183.332,
   13,       30.8,    180.855,     187.996,    188.914,
   14,       33.3,    180.900,     193.478,    194.461,
   15,       35.8,    180.926,     198.700,    199.966,
   16,       38.3,    180.956,     204.746,    205.424,
   17,       40.8,    180.952,     210.001,    210.827,
   18,       43.3,    180.840,     214.278,    216.168,
   19,       45.8,    180.885,     220.859,    221.445,
   20,       48.3,    180.941,     226.317,    226.654,
   21,       50.8,    180.888,     230.805,    231.786,
   22,       53.3,    180.956,     235.141,    236.840,
   23,       55.8,    180.978,     241.742,    241.811,
   24,       58.3,    180.997,     246.690,    246.695,
   25,       60.8,    181.000,     252.486,    251.486,
   26,       63.3,    180.944,     256.432,    256.179,
   27,       65.8,    180.959,     260.832,    260.774,
   28,       68.3,    180.993,     267.137,    265.267,
   29,       70.8,    180.952,     272.172,    269.654,
   30,       73.3,    180.926,     275.251,    273.933,
   31,       75.8,    180.929,     280.496,    278.102,
   32,       78.3,    180.937,     283.524,    282.160,
   33,       80.8,    180.944,     287.105,    286.105,
   34,       83.3,    180.956,     291.232,    289.936,
   35,       85.8,    181.030,     294.978,    293.654,
   36,       88.3,    180.963,     297.851,    297.255,
   37,       90.8,    181.038,     301.594,    300.741,
   38,       93.3,    181.000,     305.800,    304.110,
   39,       95.8,    181.086,     307.588,    307.365,
   40,       98.3,    180.952,     311.132,    310.502,
   41,      100.8,    180.993,     313.824,    313.526,
   42,      103.3,    180.896,     315.928,    316.434,
   43,      105.8,    180.959,     319.685,    319.232,
   44,      108.3,    181.004,     321.540,    321.919,
   45,      110.8,    180.985,     323.783,    324.496,
   46,      113.3,    181.012,     326.498,    326.967,
   47,      115.8,    180.989,     328.196,    329.331,
   48,      118.3,    181.045,     331.409,    331.593,
   49,      120.8,    181.090,     333.536,    333.754,
   50,      123.3,    181.038,     336.118,    335.815,
   51,      125.8,    181.030,     336.960,    337.779,
   52,      128.3,    181.015,     340.026,    339.648,
   53,      130.8,    180.956,     340.415,    341.425,
   54,      133.3,    181.008,     342.526,    343.114,
   55,      135.8,    180.997,     343.929,    344.716,
   56,      138.3,    181.042,     345.501,    346.234,
   57,      140.8,    181.042,     346.882,    347.670,
   58,      143.3,    180.997,     346.691,    349.028,
   59,      145.8,    181.000,     349.170,    350.310,
   60,      148.3,    180.915,     350.995,    351.517,
   61,      150.8,    181.012,     349.977,    352.654,
   62,      153.3,    180.907,     352.667,    353.723,
   63,      155.8,    181.000,     354.419,    354.726,
   64,      158.3,    181.000,     355.248,    355.666,
   65,      160.8,    181.027,     356.577,    356.545,
   66,      163.3,    180.993,     358.577,    357.366,
   67,      165.8,    181.083,     359.228,    358.131,
   68,      168.3,    181.000,     359.944,    358.842,
   69,      170.8,    180.985,     360.802,    359.501,
   70,      175.8,    180.044,     360.419,    360.106,
----,
DateTime:        , 2025/11/20, 14:23:52, 1763663032700,
RFID_EPC:        ,--Not Acquired--,
RFID_UserData:   ,--Not Acquired--,
Barcode:         ,--Not Acquired--,
PIF:,            0.00,
PARs:,            0.0,     0.0,     0.0,     0.0,     0.0,     0.0,
Light:,           0.0,     0.0,     0.0,     0.0,     0.0,     0.0,
Cycles:,            1,
                    1,      69,      70,      70,
Lamps:,        #10000,
Gain:,              2,     100, 
SNR_raw:,     285.55,
Position:,        0.0,              0.0,   NoData,
DataPt,      Time(us),   EX,         EM,       Fit,
==========,==========,==========,==========,=========,
    0,        0.0,      0.000,       0.000,    117.563,
    1,        0.8,    162.065,     117.545,    122.207,
    2,        3.3,    180.638,     127.360,    127.473,
    3,        5.8,    180.664,     136.165,    132.827,
    4,        8.3,    180.716,     140.829,    138.257,
    5,       10.8,    180.753,     145.779,    143.751,
    6,       13.3,    180.757,     150.201,    149.295,
    7,       15.8,    180.828,     156.226,    154.880,
    8,       18.3,    180.791,     159.300,    160.493,
    9,       20.8,    180.791,     166.214,    166.124,
   10,       23.3,    180.866,     171.398,    171.766,
   11,       25.8,    180.884,     177.462,    177.407,
   12,       28.3,    180.892,     183.259,    183.039,
   13,       30.8,    180.854,     187.997,    188.650,
   14,       33.3,    180.810,     193.021,    194.233,
   15,       35.8,    180.851,     199.612,    199.781,
   16,       38.3,    180.817,     204.627,    205.285,
   17,       40.8,    180.944,     210.286,    210.742,
   18,       43.3,    180.910,     215.300,    216.140,
   19,       45.8,    180.933,     220.800,    221.475,
   20,       48.3,    181.004,     224.857,    226.741,
   21,       50.8,    181.000,     231.492,    231.930,
   22,       53.3,    180.974,     235.669,    237.036,
   23,       55.8,    180.989,     240.623,    242.056,
   24,       58.3,    180.918,     246.797,    246.981,
   25,       60.8,    180.899,     252.351,    251.810,
   26,       63.3,    180.925,     256.736,    256.539,
   27,       65.8,    180.914,     261.726,    261.164,
   28,       68.3,    180.966,     266.900,    265.682,
   29,       70.8,    181.071,     271.717,    270.093,
   30,       73.3,    181.022,     274.828,    274.389,
   31,       75.8,    181.015,     279.259,    278.570,
   32,       78.3,    180.989,     283.719,    282.635,
   33,       80.8,    181.041,     287.780,    286.582,
   34,       83.3,    180.989,     291.731,    290.409,
   35,       85.8,    181.008,     294.739,    294.117,
   36,       88.3,    180.951,     298.975,    297.704,
   37,       90.8,    180.955,     302.008,    301.171,
   38,       93.3,    180.914,     304.841,    304.518,
   39,       95.8,    180.966,     308.344,    307.746,
   40,       98.3,    180.937,     310.606,    310.855,
   41,      100.8,    181.011,     314.621,    313.848,
   42,      103.3,    180.996,     317.410,    316.724,
   43,      105.8,    181.075,     319.757,    319.487,
   44,      108.3,    181.004,     322.093,    322.136,
   45,      110.8,    181.034,     324.525,    324.673,
   46,      113.3,    180.955,     326.876,    327.101,
   47,      115.8,    181.045,     328.372,    329.423,
   48,      118.3,    180.899,     331.124,    331.639,
   49,      120.8,    180.993,     333.439,    333.754,
   50,      123.3,    181.015,     335.331,    335.769,
   51,      125.8,    181.022,     336.975,    337.686,
   52,      128.3,    181.034,     339.163,    339.509,
   53,      130.8,    180.985,     340.636,    341.240,
   54,      133.3,    181.030,     340.551,    342.882,
   55,      135.8,    181.011,     344.177,    344.438,
   56,      138.3,    180.989,     345.049,    345.910,
   57,      140.8,    180.996,     346.416,    347.300,
   58,      143.3,    180.940,     346.800,    348.613,
   59,      145.8,    180.955,     348.981,    349.850,
   60,      148.3,    181.030,     349.666,    351.014,
   61,      150.8,    181.004,     353.031,    352.109,
   62,      153.3,    181.090,     352.588,    353.136,
   63,      155.8,    181.022,     354.100,    354.098,
   64,      158.3,    181.000,     354.420,    354.998,
   65,      160.8,    181.034,     356.563,    355.838,
   66,      163.3,    181.045,     356.541,    356.620,
   67,      165.8,    181.034,     357.392,    357.348,
   68,      168.3,    181.008,     359.377,    358.023,
   69,      170.8,    180.832,     359.726,    358.648,
   70,      175.8,    179.902,     360.725,    360.081,
----,
DateTime:        , 2025/11/20, 14:23:55, 1763663035485,
RFID_EPC:        ,--Not Acquired--,
RFID_UserData:   ,--Not Acquired--,
Barcode:         ,--Not Acquired--,
PIF:,            0.00,
PARs:,            0.0,     0.0,     0.0,     0.0,     0.0,     0.0,
Light:,           0.0,     0.0,     0.0,     0.0,     0.0,     0.0,
Cycles:,            1,
                    1,      69,      70,      70,
Lamps:,        #10000,
Gain:,              2,     100, 
SNR_raw:,     171.26,
Position:,        0.0,              0.0,   NoData,
DataPt,      Time(us),   EX,         EM,       Fit,
==========,==========,==========,==========,=========,
    0,        0.0,      0.000,       0.000,    116.535,
    1,        0.8,    162.153,     117.790,    121.354,
    2,        3.3,    180.575,     127.895,    126.825,
    3,        5.8,    180.706,     136.963,    132.395,
    4,        8.3,    180.698,     141.672,    138.042,
    5,       10.8,    180.695,     146.379,    143.746,
    6,       13.3,    180.687,     150.536,    149.492,
    7,       15.8,    180.755,     156.013,    155.266,
    8,       18.3,    180.867,     160.616,    161.056,
    9,       20.8,    180.859,     167.534,    166.847,
   10,       23.3,    180.863,     172.230,    172.627,
   11,       25.8,    180.855,     177.213,    178.386,
   12,       28.3,    180.874,     181.895,    184.114,
   13,       30.8,    180.852,     188.829,    189.802,
   14,       33.3,    180.863,     194.623,    195.443,
   15,       35.8,    180.900,     200.663,    201.030,
   16,       38.3,    180.938,     206.148,    206.556,
   17,       40.8,    180.826,     209.871,    212.011,
   18,       43.3,    180.919,     216.119,    217.394,
   19,       45.8,    180.926,     219.979,    222.698,
   20,       48.3,    180.949,     227.689,    227.918,
   21,       50.8,    180.893,     231.353,    233.047,
   22,       53.3,    180.915,     236.299,    238.085,
   23,       55.8,    180.960,     241.766,    243.027,
   24,       58.3,    180.941,     247.318,    247.868,
   25,       60.8,    180.960,     252.818,    252.608,
   26,       63.3,    180.949,     258.084,    257.241,
   27,       65.8,    180.882,     263.156,    261.767,
   28,       68.3,    180.926,     267.788,    266.183,
   29,       70.8,    181.042,     272.036,    270.491,
   30,       73.3,    180.945,     274.669,    274.685,
   31,       75.8,    180.960,     278.515,    278.766,
   32,       78.3,    180.923,     284.099,    282.732,
   33,       80.8,    181.027,     288.078,    286.586,
   34,       83.3,    181.042,     292.749,    290.326,
   35,       85.8,    180.926,     294.871,    293.950,
   36,       88.3,    180.960,     297.856,    297.460,
   37,       90.8,    180.945,     301.196,    300.857,
   38,       93.3,    180.945,     303.960,    304.141,
   39,       95.8,    180.975,     307.225,    307.314,
   40,       98.3,    181.016,     310.746,    310.377,
   41,      100.8,    181.031,     313.206,    313.330,
   42,      103.3,    181.061,     316.468,    316.176,
   43,      105.8,    181.035,     318.723,    318.916,
   44,      108.3,    181.020,     321.788,    321.551,
   45,      110.8,    180.967,     324.091,    324.082,
   46,      113.3,    180.990,     327.090,    326.514,
   47,      115.8,    181.005,     328.997,    328.846,
   48,      118.3,    180.979,     330.978,    331.082,
   49,      120.8,    181.020,     332.284,    333.224,
   50,      123.3,    180.915,     334.964,    335.273,
   51,      125.8,    181.095,     337.945,    337.233,
   52,      128.3,    181.139,     338.414,    339.106,
   53,      130.8,    180.967,     340.945,    340.893,
   54,      133.3,    181.053,     341.612,    342.598,
   55,      135.8,    181.057,     344.366,    344.222,
   56,      138.3,    180.982,     346.166,    345.768,
   57,      140.8,    181.046,     346.045,    347.238,
   58,      143.3,    180.997,     347.795,    348.635,
   59,      145.8,    180.971,     349.227,    349.961,
   60,      148.3,    180.949,     350.375,    351.218,
   61,      150.8,    180.982,     351.415,    352.410,
   62,      153.3,    181.087,     353.697,    353.537,
   63,      155.8,    181.024,     355.755,    354.603,
   64,      158.3,    181.020,     356.591,    355.609,
   65,      160.8,    181.050,     356.808,    356.558,
   66,      163.3,    181.042,     359.032,    357.452,
   67,      165.8,    181.065,     357.331,    358.293,
   68,      168.3,    181.001,     360.495,    359.082,
   69,      170.8,    180.926,     360.920,    359.823,
   70,      175.8,    179.832,     361.198,    361.171,
----,
DateTime:        , 2025/11/20, 14:23:58, 1763663038225,
RFID_EPC:        ,--Not Acquired--,
RFID_UserData:   ,--Not Acquired--,
Barcode:         ,--Not Acquired--,
PIF:,            0.00,
PARs:,            0.0,     0.0,     0.0,     0.0,     0.0,     0.0,
Light:,           0.0,     0.0,     0.0,     0.0,     0.0,     0.0,
Cycles:,            1,
                    1,      69,      70,      70,
Lamps:,        #10000,
Gain:,              2,     100, 
SNR_raw:,     241.32,
Position:,        0.0,              0.0,   NoData,
DataPt,      Time(us),   EX,         EM,       Fit,
==========,==========,==========,==========,=========,
    0,        0.0,      0.000,       0.000,    118.675,
    1,        0.8,    162.061,     118.165,    123.062,
    2,        3.3,    180.495,     128.100,    128.124,
    3,        5.8,    180.641,     137.012,    133.357,
    4,        8.3,    180.726,     140.544,    138.731,
    5,       10.8,    180.801,     146.846,    144.221,
    6,       13.3,    180.790,     150.727,    149.799,
    7,       15.8,    180.749,     156.847,    155.445,
    8,       18.3,    180.868,     159.785,    161.142,
    9,       20.8,    180.820,     165.634,    166.870,
   10,       23.3,    180.820,     172.547,    172.612,
   11,       25.8,    180.805,     177.263,    178.356,
   12,       28.3,    180.835,     182.487,    184.087,
   13,       30.8,    180.827,     187.748,    189.793,
   14,       33.3,    180.857,     194.352,    195.465,
   15,       35.8,    180.936,     199.795,    201.092,
   16,       38.3,    180.928,     206.988,    206.664,
   17,       40.8,    180.913,     211.980,    212.173,
   18,       43.3,    180.958,     214.967,    217.611,
   19,       45.8,    181.044,     222.598,    222.974,
   20,       48.3,    180.966,     227.115,    228.251,
   21,       50.8,    180.977,     232.627,    233.440,
   22,       53.3,    180.999,     237.570,    238.534,
   23,       55.8,    180.895,     244.065,    243.527,
   24,       58.3,    180.883,     248.226,    248.418,
   25,       60.8,    180.928,     252.863,    253.203,
   26,       63.3,    180.954,     259.181,    257.880,
   27,       65.8,    181.040,     261.820,    262.446,
   28,       68.3,    180.951,     267.200,    266.897,
   29,       70.8,    181.003,     271.819,    271.234,
   30,       73.3,    180.984,     275.438,    275.455,
   31,       75.8,    181.044,     279.490,    279.558,
   32,       78.3,    180.999,     284.808,    283.543,
   33,       80.8,    180.980,     288.705,    287.409,
   34,       83.3,    180.980,     290.915,    291.157,
   35,       85.8,    180.954,     295.655,    294.787,
   36,       88.3,    180.932,     299.837,    298.298,
   37,       90.8,    180.928,     302.883,    301.693,
   38,       93.3,    181.108,     305.067,    304.973,
   39,       95.8,    180.995,     308.571,    308.138,
   40,       98.3,    180.995,     311.334,    311.190,
   41,      100.8,    180.969,     313.589,    314.130,
   42,      103.3,    181.033,     316.517,    316.960,
   43,      105.8,    180.995,     320.450,    319.681,
   44,      108.3,    180.939,     321.931,    322.296,
   45,      110.8,    180.992,     324.877,    324.807,
   46,      113.3,    180.939,     326.076,    327.216,
   47,      115.8,    181.003,     327.343,    329.526,
   48,      118.3,    181.081,     331.895,    331.738,
   49,      120.8,    181.018,     333.393,    333.854,
   50,      123.3,    180.980,     335.119,    335.878,
   51,      125.8,    180.980,     337.053,    337.812,
   52,      128.3,    181.010,     338.931,    339.658,
   53,      130.8,    181.025,     340.284,    341.419,
   54,      133.3,    180.932,     342.118,    343.097,
   55,      135.8,    180.980,     345.065,    344.695,
   56,      138.3,    180.910,     345.477,    346.215,
   57,      140.8,    180.936,     345.979,    347.660,
   58,      143.3,    180.947,     348.721,    349.032,
   59,      145.8,    181.037,     350.206,    350.333,
   60,      148.3,    181.074,     351.514,    351.566,
   61,      150.8,    181.111,     352.270,    352.733,
   62,      153.3,    181.029,     352.430,    353.837,
   63,      155.8,    181.066,     354.842,    354.880,
   64,      158.3,    181.085,     355.082,    355.865,
   65,      160.8,    180.977,     357.504,    356.793,
   66,      163.3,    180.999,     357.460,    357.667,
   67,      165.8,    180.943,     359.505,    358.489,
   68,      168.3,    180.992,     360.238,    359.260,
   69,      170.8,    180.962,     361.402,    359.983,
   70,      175.8,    179.882,     362.733,    362.394,
----,
DateTime:        , 2025/11/20, 14:24:01, 1763663041057,
RFID_EPC:        ,--Not Acquired--,
RFID_UserData:   ,--Not Acquired--,
Barcode:         ,--Not Acquired--,
PIF:,            0.00,
PARs:,            0.0,     0.0,     0.0,     0.0,     0.0,     0.0,
Light:,           0.0,     0.0,     0.0,     0.0,     0.0,     0.0,
Cycles:,            1,
                    1,      69,      70,      70,
Lamps:,        #10000,
Gain:,              2,     100, 
SNR_raw:,     273.34,
Position:,        0.0,              0.0,   NoData,
DataPt,      Time(us),   EX,         EM,       Fit,
==========,==========,==========,==========,=========,
    0,        0.0,      0.000,       0.000,    116.428,
    1,        0.8,    162.016,     116.347,    121.264,
    2,        3.3,    180.662,     127.521,    126.748,
    3,        5.8,    180.674,     137.541,    132.317,
    4,        8.3,    180.741,     141.363,    137.955,
    5,       10.8,    180.726,     146.631,    143.646,
    6,       13.3,    180.756,     150.756,    149.375,
    7,       15.8,    180.711,     155.774,    155.127,
    8,       18.3,    180.804,     160.394,    160.894,
    9,       20.8,    180.759,     165.413,    166.661,
   10,       23.3,    180.741,     171.516,    172.418,
   11,       25.8,    180.868,     177.754,    178.158,
   12,       28.3,    180.942,     183.207,    183.871,
   13,       30.8,    180.901,     189.053,    189.546,
   14,       33.3,    180.920,     193.179,    195.176,
   15,       35.8,    180.961,     200.319,    200.754,
   16,       38.3,    180.995,     204.978,    206.273,
   17,       40.8,    180.909,     210.327,    211.723,
   18,       43.3,    180.864,     215.632,    217.100,
   19,       45.8,    180.827,     220.930,    222.399,
   20,       48.3,    180.924,     226.338,    227.617,
   21,       50.8,    180.991,     231.227,    232.749,
   22,       53.3,    181.010,     235.623,    237.789,
   23,       55.8,    181.002,     240.881,    242.734,
   24,       58.3,    180.935,     247.603,    247.578,
   25,       60.8,    180.984,     251.680,    252.321,
   26,       63.3,    181.017,     256.882,    256.960,
   27,       65.8,    180.946,     261.956,    261.490,
   28,       68.3,    180.969,     266.068,    265.911,
   29,       70.8,    180.916,     271.120,    270.220,
   30,       73.3,    180.991,     276.257,    274.418,
   31,       75.8,    180.942,     279.371,    278.501,
   32,       78.3,    180.946,     283.786,    282.470,
   33,       80.8,    181.010,     288.382,    286.325,
   34,       83.3,    181.002,     291.157,    290.065,
   35,       85.8,    181.032,     295.804,    293.690,
   36,       88.3,    180.999,     297.516,    297.199,
   37,       90.8,    181.013,     300.530,    300.594,
   38,       93.3,    180.991,     304.435,    303.876,
   39,       95.8,    180.980,     308.045,    307.044,
   40,       98.3,    180.995,     312.164,    310.100,
   41,      100.8,    181.002,     314.084,    313.047,
   42,      103.3,    180.969,     314.972,    315.884,
   43,      105.8,    180.984,     319.090,    318.613,
   44,      108.3,    180.961,     321.616,    321.237,
   45,      110.8,    181.047,     323.397,    323.758,
   46,      113.3,    181.058,     325.862,    326.177,
   47,      115.8,    180.928,     328.032,    328.495,
   48,      118.3,    181.028,     329.782,    330.717,
   49,      120.8,    180.976,     331.812,    332.842,
   50,      123.3,    181.021,     333.663,    334.875,
   51,      125.8,    180.942,     336.018,    336.816,
   52,      128.3,    180.969,     338.456,    338.669,
   53,      130.8,    180.905,     339.681,    340.436,
   54,      133.3,    180.969,     341.219,    342.119,
   55,      135.8,    181.040,     341.914,    343.722,
   56,      138.3,    181.070,     343.791,    345.246,
   57,      140.8,    181.028,     346.078,    346.693,
   58,      143.3,    180.995,     347.248,    348.066,
   59,      145.8,    181.010,     348.876,    349.368,
   60,      148.3,    181.062,     349.880,    350.601,
   61,      150.8,    180.984,     351.966,    351.767,
   62,      153.3,    180.957,     353.122,    352.869,
   63,      155.8,    180.946,     353.973,    353.908,
   64,      158.3,    181.006,     354.684,    354.887,
   65,      160.8,    180.965,     356.423,    355.809,
   66,      163.3,    181.006,     356.342,    356.676,
   67,      165.8,    181.006,     357.723,    357.488,
   68,      168.3,    180.984,     358.596,    358.250,
   69,      170.8,    181.043,     359.582,    358.962,
   70,      175.8,    179.967,     360.837,    360.434,
----,
DateTime:        , 2025/11/20, 14:24:04, 1763663043887,
RFID_EPC:        ,--Not Acquired--,
RFID_UserData:   ,--Not Acquired--,
Barcode:         ,--Not Acquired--,
PIF:,            0.00,
PARs:,            0.0,     0.0,     0.0,     0.0,     0.0,     0.0,
Light:,           0.0,     0.0,     0.0,     0.0,     0.0,     0.0,
Cycles:,            1,
                    1,      69,      70,      70,
Lamps:,        #10000,
Gain:,              2,     100, 
SNR_raw:,     291.87,
Position:,        0.0,              0.0,   NoData,
DataPt,      Time(us),   EX,         EM,       Fit,
==========,==========,==========,==========,=========,
    0,        0.0,      0.000,       0.000,    115.306,
    1,        0.8,    162.049,     117.249,    120.336,
    2,        3.3,    180.755,     127.489,    126.021,
    3,        5.8,    180.725,     136.672,    131.729,
    4,        8.3,    180.699,     140.012,    137.443,
    5,       10.8,    180.699,     145.823,    143.161,
    6,       13.3,    180.766,     149.365,    148.880,
    7,       15.8,    180.781,     154.607,    154.593,
    8,       18.3,    180.758,     159.605,    160.296,
    9,       20.8,    180.728,     165.442,    165.982,
   10,       23.3,    180.848,     170.309,    171.653,
   11,       25.8,    180.840,     175.569,    177.299,
   12,       28.3,    180.874,     180.512,    182.916,
   13,       30.8,    180.945,     186.521,    188.501,
   14,       33.3,    180.990,     193.381,    194.048,
   15,       35.8,    180.882,     197.643,    199.547,
   16,       38.3,    180.889,     203.992,    204.996,
   17,       40.8,    180.897,     209.788,    210.390,
   18,       43.3,    180.911,     215.299,    215.726,
   19,       45.8,    180.844,     219.802,    220.994,
   20,       48.3,    180.848,     226.433,    226.194,
   21,       50.8,    180.874,     230.824,    231.321,
   22,       53.3,    180.938,     236.546,    236.371,
   23,       55.8,    180.994,     241.169,    241.340,
   24,       58.3,    180.964,     247.011,    246.221,
   25,       60.8,    181.031,     251.614,    251.014,
   26,       63.3,    181.027,     257.420,    255.712,
   27,       65.8,    180.930,     261.980,    260.310,
   28,       68.3,    180.949,     266.097,    264.807,
   29,       70.8,    180.968,     270.491,    269.202,
   30,       73.3,    180.934,     274.133,    273.489,
   31,       75.8,    180.964,     278.785,    277.669,
   32,       78.3,    180.938,     283.247,    281.737,
   33,       80.8,    180.975,     287.056,    285.694,
   34,       83.3,    181.009,     290.594,    289.539,
   35,       85.8,    180.975,     294.240,    293.268,
   36,       88.3,    181.012,     295.836,    296.883,
   37,       90.8,    181.005,     301.097,    300.382,
   38,       93.3,    181.046,     304.343,    303.765,
   39,       95.8,    181.009,     306.891,    307.032,
   40,       98.3,    180.994,     310.232,    310.183,
   41,      100.8,    181.012,     313.515,    313.219,
   42,      103.3,    180.964,     316.085,    316.140,
   43,      105.8,    180.923,     318.092,    318.947,
   44,      108.3,    180.956,     320.796,    321.644,
   45,      110.8,    181.035,     324.799,    324.231,
   46,      113.3,    180.960,     325.210,    326.709,
   47,      115.8,    181.042,     328.653,    329.081,
   48,      118.3,    180.953,     330.197,    331.348,
   49,      120.8,    180.979,     332.360,    333.512,
   50,      123.3,    180.930,     334.936,    335.575,
   51,      125.8,    181.027,     336.413,    337.541,
   52,      128.3,    181.001,     339.501,    339.412,
   53,      130.8,    181.020,     341.675,    341.189,
   54,      133.3,    180.975,     342.312,    342.876,
   55,      135.8,    181.031,     344.416,    344.475,
   56,      138.3,    181.053,     345.202,    345.990,
   57,      140.8,    181.050,     346.314,    347.421,
   58,      143.3,    181.050,     347.418,    348.773,
   59,      145.8,    181.035,     349.104,    350.048,
   60,      148.3,    180.975,     350.048,    351.247,
   61,      150.8,    180.997,     352.491,    352.375,
   62,      153.3,    180.971,     354.476,    353.433,
   63,      155.8,    180.923,     354.571,    354.425,
   64,      158.3,    180.994,     355.261,    355.353,
   65,      160.8,    180.971,     356.686,    356.219,
   66,      163.3,    181.035,     357.114,    357.027,
   67,      165.8,    181.050,     358.189,    357.778,
   68,      168.3,    181.057,     360.107,    358.475,
   69,      170.8,    181.068,     360.637,    359.120,
   70,      175.8,    179.903,     359.738,    359.192,
----,
DateTime:        , 2025/11/20, 14:24:06, 1763663046614,
RFID_EPC:        ,--Not Acquired--,
RFID_UserData:   ,--Not Acquired--,
Barcode:         ,--Not Acquired--,
PIF:,            0.00,
PARs:,            0.0,     0.0,     0.0,     0.0,     0.0,     0.0,
Light:,           0.0,     0.0,     0.0,     0.0,     0.0,     0.0,
Cycles:,            1,
                    1,      69,      70,      70,
Lamps:,        #10000,
Gain:,              2,     100, 
SNR_raw:,     221.30,
Position:,        0.0,              0.0,   NoData,
DataPt,      Time(us),   EX,         EM,       Fit,
==========,==========,==========,==========,=========,
    0,        0.0,      0.000,       0.000,    109.532,
    1,        0.8,    161.986,     116.060,    115.565,
    2,        3.3,    180.655,     126.780,    122.271,
    3,        5.8,    180.733,     136.389,    128.909,
    4,        8.3,    180.763,     141.068,    135.466,
    5,       10.8,    180.748,     144.953,    141.938,
    6,       13.3,    180.771,     148.807,    148.324,
    7,       15.8,    180.831,     155.118,    154.623,
    8,       18.3,    180.797,     160.401,    160.830,
    9,       20.8,    180.804,     167.031,    166.944,
   10,       23.3,    180.819,     170.889,    172.965,
   11,       25.8,    180.846,     176.394,    178.891,
   12,       28.3,    180.864,     181.628,    184.720,
   13,       30.8,    180.898,     187.399,    190.451,
   14,       33.3,    180.954,     192.314,    196.085,
   15,       35.8,    180.902,     199.003,    201.617,
   16,       38.3,    180.913,     204.795,    207.047,
   17,       40.8,    180.894,     208.962,    212.374,
   18,       43.3,    180.931,     213.893,    217.599,
   19,       45.8,    180.846,     219.524,    222.718,
   20,       48.3,    180.909,     223.593,    227.735,
   21,       50.8,    180.928,     230.755,    232.648,
   22,       53.3,    180.946,     236.534,    237.457,
   23,       55.8,    180.928,     241.257,    242.162,
   24,       58.3,    180.894,     246.000,    246.761,
   25,       60.8,    181.058,     251.852,    251.260,
   26,       63.3,    180.980,     256.658,    255.653,
   27,       65.8,    181.025,     261.290,    259.944,
   28,       68.3,    180.995,     266.306,    264.131,
   29,       70.8,    180.999,     269.891,    268.215,
   30,       73.3,    180.931,     274.413,    272.196,
   31,       75.8,    180.958,     277.966,    276.077,
   32,       78.3,    180.887,     282.221,    279.856,
   33,       80.8,    180.920,     286.867,    283.537,
   34,       83.3,    180.917,     291.018,    287.120,
   35,       85.8,    181.021,     294.717,    290.608,
   36,       88.3,    180.999,     296.963,    294.000,
   37,       90.8,    181.088,     300.682,    297.298,
   38,       93.3,    181.021,     303.556,    300.502,
   39,       95.8,    180.965,     308.347,    303.613,
   40,       98.3,    181.051,     309.857,    306.635,
   41,      100.8,    180.980,     313.018,    309.566,
   42,      103.3,    180.905,     316.464,    312.409,
   43,      105.8,    180.969,     318.839,    315.166,
   44,      108.3,    180.902,     319.787,    317.837,
   45,      110.8,    180.973,     324.635,    320.427,
   46,      113.3,    181.044,     324.784,    322.936,
   47,      115.8,    180.976,     327.391,    325.364,
   48,      118.3,    181.017,     331.184,    327.714,
   49,      120.8,    181.002,     332.592,    329.987,
   50,      123.3,    181.058,     334.975,    332.186,
   51,      125.8,    180.999,     335.085,    334.311,
   52,      128.3,    180.969,     336.522,    336.364,
   53,      130.8,    180.950,     339.044,    338.346,
   54,      133.3,    180.943,     341.821,    340.259,
   55,      135.8,    180.943,     342.097,    342.106,
   56,      138.3,    180.920,     343.798,    343.888,
   57,      140.8,    181.070,     345.999,    345.607,
   58,      143.3,    180.995,     347.523,    347.264,
   59,      145.8,    181.040,     348.818,    348.860,
   60,      148.3,    181.017,     350.519,    350.398,
   61,      150.8,    181.107,     352.002,    351.879,
   62,      153.3,    180.991,     353.608,    353.303,
   63,      155.8,    180.965,     354.765,    354.673,
   64,      158.3,    181.058,     355.134,    355.991,
   65,      160.8,    180.958,     356.161,    357.257,
   66,      163.3,    180.991,     358.305,    358.474,
   67,      165.8,    180.987,     358.312,    359.642,
   68,      168.3,    181.047,     358.470,    360.764,
   69,      170.8,    181.040,     359.589,    361.840,
   70,      175.8,    180.009,     360.846,    362.681,
----,
DateTime:        , 2025/11/20, 14:24:09, 1763663049346,
RFID_EPC:        ,--Not Acquired--,
RFID_UserData:   ,--Not Acquired--,
Barcode:         ,--Not Acquired--,
PIF:,            0.00,
PARs:,            0.0,     0.0,     0.0,     0.0,     0.0,     0.0,
Light:,           0.0,     0.0,     0.0,     0.0,     0.0,     0.0,
Cycles:,            1,
                    1,      69,      70,      70,
Lamps:,        #10000,
Gain:,              2,     100, 
SNR_raw:,     226.46,
Position:,        0.0,              0.0,   NoData,
DataPt,      Time(us),   EX,         EM,       Fit,
==========,==========,==========,==========,=========,
    0,        0.0,      0.000,       0.000,    116.954,
    1,        0.8,    162.019,     119.122,    121.851,
    2,        3.3,    180.609,     129.319,    127.396,
    3,        5.8,    180.545,     138.470,    133.018,
    4,        8.3,    180.743,     141.084,    138.706,
    5,       10.8,    180.713,     147.748,    144.437,
    6,       13.3,    180.777,     150.738,    150.201,
    7,       15.8,    180.818,     156.235,    155.982,
    8,       18.3,    180.836,     161.472,    161.768,
    9,       20.8,    180.807,     166.753,    167.547,
   10,       23.3,    180.855,     171.684,    173.312,
   11,       25.8,    180.866,     177.479,    179.050,
   12,       28.3,    180.881,     183.546,    184.755,
   13,       30.8,    180.870,     188.533,    190.417,
   14,       33.3,    180.818,     194.948,    196.027,
   15,       35.8,    180.896,     199.285,    201.583,
   16,       38.3,    180.911,     206.455,    207.077,
   17,       40.8,    180.975,     209.698,    212.503,
   18,       43.3,    180.889,     216.155,    217.853,
   19,       45.8,    180.836,     221.194,    223.122,
   20,       48.3,    180.941,     225.488,    228.311,
   21,       50.8,    180.964,     231.538,    233.411,
   22,       53.3,    180.937,     236.822,    238.420,
   23,       55.8,    180.859,     242.454,    243.331,
   24,       58.3,    180.881,     247.123,    248.144,
   25,       60.8,    180.945,     253.116,    252.857,
   26,       63.3,    180.990,     256.368,    257.467,
   27,       65.8,    181.034,     261.829,    261.973,
   28,       68.3,    180.975,     266.888,    266.369,
   29,       70.8,    180.986,     271.292,    270.656,
   30,       73.3,    181.008,     275.954,    274.833,
   31,       75.8,    180.986,     279.856,    278.897,
   32,       78.3,    180.885,     285.540,    282.848,
   33,       80.8,    180.982,     288.426,    286.687,
   34,       83.3,    181.008,     292.804,    290.414,
   35,       85.8,    180.945,     295.670,    294.026,
   36,       88.3,    180.941,     299.269,    297.526,
   37,       90.8,    180.937,     301.762,    300.914,
   38,       93.3,    181.068,     306.514,    304.192,
   39,       95.8,    181.008,     309.102,    307.358,
   40,       98.3,    181.031,     311.825,    310.415,
   41,      100.8,    181.042,     314.844,    313.364,
   42,      103.3,    180.997,     316.303,    316.205,
   43,      105.8,    181.027,     319.842,    318.942,
   44,      108.3,    180.941,     322.204,    321.573,
   45,      110.8,    180.978,     324.348,    324.103,
   46,      113.3,    180.930,     325.817,    326.532,
   47,      115.8,    180.956,     328.257,    328.863,
   48,      118.3,    180.863,     329.808,    331.098,
   49,      120.8,    181.012,     332.298,    333.240,
   50,      123.3,    181.061,     334.971,    335.291,
   51,      125.8,    181.023,     336.421,    337.251,
   52,      128.3,    181.094,     338.498,    339.126,
   53,      130.8,    181.087,     340.168,    340.915,
   54,      133.3,    181.102,     341.797,    342.622,
   55,      135.8,    181.020,     343.333,    344.248,
   56,      138.3,    181.034,     345.238,    345.797,
   57,      140.8,    181.016,     346.655,    347.269,
   58,      143.3,    180.986,     348.646,    348.669,
   59,      145.8,    180.889,     349.110,    349.997,
   60,      148.3,    180.952,     350.645,    351.258,
   61,      150.8,    181.053,     351.554,    352.452,
   62,      153.3,    181.072,     353.451,    353.583,
   63,      155.8,    181.079,     353.989,    354.652,
   64,      158.3,    181.046,     354.883,    355.662,
   65,      160.8,    181.020,     357.144,    356.614,
   66,      163.3,    181.008,     358.271,    357.512,
   67,      165.8,    181.064,     359.264,    358.356,
   68,      168.3,    180.952,     360.592,    359.149,
   69,      170.8,    181.001,     361.048,    359.893,
   70,      175.8,    179.917,     360.672,    360.890,
----,
DateTime:        , 2025/11/20, 14:24:12, 1763663052135,
RFID_EPC:        ,--Not Acquired--,
RFID_UserData:   ,--Not Acquired--,
Barcode:         ,--Not Acquired--,
PIF:,            0.00,
PARs:,            0.0,     0.0,     0.0,     0.0,     0.0,     0.0,
Light:,           0.0,     0.0,     0.0,     0.0,     0.0,     0.0,
Cycles:,            1,
                    1,      69,      70,      70,
Lamps:,        #10000,
Gain:,              2,     100, 
SNR_raw:,     259.76,
Position:,        0.0,              0.0,   NoData,
DataPt,      Time(us),   EX,         EM,       Fit,
==========,==========,==========,==========,=========,
    0,        0.0,      0.000,       0.000,    115.695,
    1,        0.8,    162.042,     116.945,    120.635,
    2,        3.3,    180.573,     126.817,    126.201,
    3,        5.8,    180.576,     135.677,    131.821,
    4,        8.3,    180.737,     141.366,    137.489,
    5,       10.8,    180.793,     143.811,    143.190,
    6,       13.3,    180.831,     149.035,    148.915,
    7,       15.8,    180.845,     155.934,    154.652,
    8,       18.3,    180.827,     160.651,    160.391,
    9,       20.8,    180.782,     165.393,    166.124,
   10,       23.3,    180.827,     170.882,    171.843,
   11,       25.8,    180.808,     176.154,    177.541,
   12,       28.3,    180.857,     181.912,    183.210,
   13,       30.8,    180.868,     187.983,    188.843,
   14,       33.3,    180.875,     192.398,    194.432,
   15,       35.8,    180.943,     198.405,    199.974,
   16,       38.3,    180.909,     203.694,    205.458,
   17,       40.8,    180.935,     210.020,    210.882,
   18,       43.3,    180.958,     214.691,    216.238,
   19,       45.8,    180.928,     220.530,    221.520,
   20,       48.3,    180.890,     224.722,    226.723,
   21,       50.8,    180.950,     230.450,    231.846,
   22,       53.3,    180.905,     236.035,    236.881,
   23,       55.8,    180.898,     241.297,    241.824,
   24,       58.3,    180.887,     245.734,    246.673,
   25,       60.8,    180.950,     251.727,    251.425,
   26,       63.3,    181.017,     257.434,    256.077,
   27,       65.8,    181.025,     260.185,    260.626,
   28,       68.3,    181.010,     266.008,    265.068,
   29,       70.8,    181.006,     268.775,    269.401,
   30,       73.3,    180.976,     274.345,    273.623,
   31,       75.8,    180.939,     279.376,    277.733,
   32,       78.3,    180.916,     282.174,    281.729,
   33,       80.8,    180.950,     285.714,    285.612,
   34,       83.3,    180.954,     289.577,    289.380,
   35,       85.8,    180.924,     294.599,    293.032,
   36,       88.3,    180.984,     298.093,    296.570,
   37,       90.8,    181.058,     301.836,    299.995,
   38,       93.3,    181.006,     304.133,    303.303,
   39,       95.8,    180.976,     306.946,    306.498,
   40,       98.3,    181.051,     309.858,    309.580,
   41,      100.8,    180.991,     311.894,    312.549,
   42,      103.3,    180.999,     316.024,    315.407,
   43,      105.8,    180.954,     318.037,    318.155,
   44,      108.3,    180.958,     320.517,    320.795,
   45,      110.8,    180.995,     323.766,    323.330,
   46,      113.3,    181.040,     325.067,    325.760,
   47,      115.8,    180.946,     328.550,    328.088,
   48,      118.3,    181.055,     329.735,    330.316,
   49,      120.8,    181.047,     332.234,    332.446,
   50,      123.3,    181.062,     333.863,    334.480,
   51,      125.8,    181.055,     335.258,    336.421,
   52,      128.3,    181.029,     337.516,    338.271,
   53,      130.8,    180.946,     339.880,    340.031,
   54,      133.3,    181.002,     340.603,    341.706,
   55,      135.8,    180.965,     342.331,    343.297,
   56,      138.3,    180.972,     343.699,    344.807,
   57,      140.8,    180.958,     343.727,    346.238,
   58,      143.3,    181.010,     347.219,    347.593,
   59,      145.8,    181.010,     348.324,    348.875,
   60,      148.3,    180.991,     348.360,    350.086,
   61,      150.8,    180.995,     351.115,    351.228,
   62,      153.3,    181.051,     352.111,    352.305,
   63,      155.8,    181.077,     352.612,    353.318,
   64,      158.3,    181.006,     354.960,    354.269,
   65,      160.8,    181.017,     355.491,    355.161,
   66,      163.3,    180.980,     356.669,    355.996,
   67,      165.8,    181.029,     357.126,    356.777,
   68,      168.3,    180.902,     359.035,    357.506,
   69,      170.8,    181.058,     359.829,    358.184,
   70,      175.8,    179.915,     358.923,    358.981,
----,
DateTime:        , 2025/11/20, 14:24:14, 1763663054841,
RFID_EPC:        ,--Not Acquired--,
RFID_UserData:   ,--Not Acquired--,
Barcode:         ,--Not Acquired--,
PIF:,            0.00,
PARs:,            0.0,     0.0,     0.0,     0.0,     0.0,     0.0,
Light:,           0.0,     0.0,     0.0,     0.0,     0.0,     0.0,
Cycles:,            1,
                    1,      69,      70,      70,
Lamps:,        #10000,
Gain:,              2,     100, 
SNR_raw:,     231.56,
Position:,        0.0,              0.0,   NoData,
DataPt,      Time(us),   EX,         EM,       Fit,
==========,==========,==========,==========,=========,
    0,        0.0,      0.000,       0.000,    115.949,
    1,        0.8,    162.046,     116.017,    120.768,
    2,        3.3,    180.681,     127.055,    126.220,
    3,        5.8,    180.718,     136.953,    131.748,
    4,        8.3,    180.617,     139.245,    137.331,
    5,       10.8,    180.711,     143.876,    142.963,
    6,       13.3,    180.804,     149.333,    148.631,
    7,       15.8,    180.771,     154.616,    154.321,
    8,       18.3,    180.864,     157.853,    160.025,
    9,       20.8,    180.860,     165.045,    165.730,
   10,       23.3,    180.909,     169.975,    171.430,
   11,       25.8,    180.823,     174.204,    177.110,
   12,       28.3,    180.797,     181.143,    182.766,
   13,       30.8,    180.834,     186.912,    188.389,
   14,       33.3,    180.830,     191.893,    193.973,
   15,       35.8,    180.901,     197.345,    199.512,
   16,       38.3,    180.883,     203.170,    204.996,
   17,       40.8,    180.886,     208.418,    210.421,
   18,       43.3,    180.927,     215.003,    215.781,
   19,       45.8,    180.886,     220.028,    221.069,
   20,       48.3,    180.969,     225.177,    226.282,
   21,       50.8,    181.028,     229.798,    231.415,
   22,       53.3,    180.939,     235.163,    236.459,
   23,       55.8,    180.853,     241.909,    241.411,
   24,       58.3,    180.913,     246.528,    246.270,
   25,       60.8,    180.954,     250.340,    251.032,
   26,       63.3,    180.931,     255.346,    255.692,
   27,       65.8,    180.939,     261.414,    260.249,
   28,       68.3,    180.976,     264.952,    264.699,
   29,       70.8,    180.980,     271.025,    269.041,
   30,       73.3,    180.991,     274.599,    273.272,
   31,       75.8,    180.954,     277.419,    277.390,
   32,       78.3,    181.002,     282.869,    281.395,
   33,       80.8,    180.954,     287.366,    285.284,
   34,       83.3,    181.028,     290.286,    289.058,
   35,       85.8,    181.002,     294.472,    292.717,
   36,       88.3,    180.987,     297.535,    296.259,
   37,       90.8,    180.920,     300.962,    299.683,
   38,       93.3,    180.939,     303.141,    302.993,
   39,       95.8,    180.965,     305.860,    306.188,
   40,       98.3,    181.032,     310.442,    309.269,
   41,      100.8,    181.025,     312.112,    312.238,
   42,      103.3,    181.013,     314.618,    315.095,
   43,      105.8,    181.032,     318.176,    317.841,
   44,      108.3,    181.010,     320.149,    320.479,
   45,      110.8,    180.998,     323.207,    323.009,
   46,      113.3,    180.984,     324.891,    325.434,
   47,      115.8,    180.987,     328.752,    327.756,
   48,      118.3,    180.946,     330.485,    329.977,
   49,      120.8,    180.987,     332.620,    332.100,
   50,      123.3,    180.961,     334.326,    334.126,
   51,      125.8,    181.028,     335.859,    336.059,
   52,      128.3,    181.021,     337.806,    337.901,
   53,      130.8,    181.062,     338.558,    339.654,
   54,      133.3,    180.991,     341.177,    341.320,
   55,      135.8,    180.954,     341.800,    342.902,
   56,      138.3,    181.021,     343.331,    344.403,
   57,      140.8,    180.995,     345.866,    345.826,
   58,      143.3,    181.066,     346.559,    347.173,
   59,      145.8,    180.965,     347.305,    348.445,
   60,      148.3,    181.055,     347.961,    349.648,
   61,      150.8,    181.025,     349.676,    350.781,
   62,      153.3,    181.077,     351.784,    351.849,
   63,      155.8,    181.077,     351.784,    352.854,
   64,      158.3,    181.017,     353.834,    353.797,
   65,      160.8,    181.010,     356.335,    354.681,
   66,      163.3,    181.058,     356.239,    355.509,
   67,      165.8,    180.965,     356.975,    356.283,
   68,      168.3,    180.965,     359.186,    357.005,
   69,      170.8,    180.950,     359.215,    357.676,
   70,      175.8,    179.952,     358.201,    358.420,
----,
DateTime:        , 2025/11/20, 14:24:17, 1763663057555,
RFID_EPC:        ,--Not Acquired--,
RFID_UserData:   ,--Not Acquired--,
Barcode:         ,--Not Acquired--,
PIF:,            0.00,
PARs:,            0.0,     0.0,     0.0,     0.0,     0.0,     0.0,
Light:,           0.0,     0.0,     0.0,     0.0,     0.0,     0.0,
Cycles:,            1,
                    1,      69,      70,      70,
Lamps:,        #10000,
Gain:,              2,     100, 
SNR_raw:,     213.39,
Position:,        0.0,              0.0,   NoData,
DataPt,      Time(us),   EX,         EM,       Fit,
==========,==========,==========,==========,=========,
    0,        0.0,      0.000,       0.000,    116.261,
    1,        0.8,    162.125,     115.652,    120.778,
    2,        3.3,    180.625,     126.456,    125.936,
    3,        5.8,    180.681,     136.151,    131.215,
    4,        8.3,    180.764,     138.855,    136.597,
    5,       10.8,    180.696,     144.165,    142.060,
    6,       13.3,    180.741,     149.385,    147.592,
    7,       15.8,    180.764,     152.962,    153.176,
    8,       18.3,    180.793,     159.574,    158.798,
    9,       20.8,    180.741,     164.600,    164.442,
   10,       23.3,    180.846,     169.758,    170.102,
   11,       25.8,    180.872,     174.709,    175.762,
   12,       28.3,    180.909,     180.201,    181.414,
   13,       30.8,    180.924,     185.989,    187.045,
   14,       33.3,    180.965,     192.302,    192.647,
   15,       35.8,    180.939,     196.751,    198.209,
   16,       38.3,    180.820,     203.518,    203.722,
   17,       40.8,    180.876,     208.430,    209.180,
   18,       43.3,    180.812,     213.758,    214.576,
   19,       45.8,    180.924,     218.876,    219.905,
   20,       48.3,    180.924,     224.127,    225.158,
   21,       50.8,    180.950,     229.621,    230.332,
   22,       53.3,    180.958,     235.138,    235.419,
   23,       55.8,    181.014,     240.589,    240.417,
   24,       58.3,    180.965,     245.351,    245.317,
   25,       60.8,    181.003,     251.101,    250.119,
   26,       63.3,    181.021,     254.666,    254.818,
   27,       65.8,    180.965,     260.823,    259.410,
   28,       68.3,    180.921,     263.928,    263.891,
   29,       70.8,    180.909,     269.472,    268.261,
   30,       73.3,    180.921,     273.324,    272.517,
   31,       75.8,    180.902,     278.051,    276.657,
   32,       78.3,    180.988,     282.063,    280.683,
   33,       80.8,    181.036,     286.959,    284.591,
   34,       83.3,    180.898,     289.666,    288.379,
   35,       85.8,    180.973,     292.585,    292.050,
   36,       88.3,    181.059,     297.417,    295.603,
   37,       90.8,    180.977,     301.420,    299.036,
   38,       93.3,    180.947,     302.023,    302.352,
   39,       95.8,    180.965,     305.307,    305.551,
   40,       98.3,    180.977,     308.327,    308.633,
   41,      100.8,    180.973,     311.373,    311.601,
   42,      103.3,    180.935,     313.924,    314.455,
   43,      105.8,    181.014,     316.274,    317.198,
   44,      108.3,    181.036,     318.997,    319.831,
   45,      110.8,    180.973,     322.700,    322.356,
   46,      113.3,    180.995,     323.213,    324.775,
   47,      115.8,    181.070,     326.669,    327.090,
   48,      118.3,    180.995,     327.909,    329.303,
   49,      120.8,    180.984,     330.140,    331.417,
   50,      123.3,    180.973,     332.370,    333.434,
   51,      125.8,    180.991,     335.375,    335.357,
   52,      128.3,    180.965,     335.976,    337.188,
   53,      130.8,    180.984,     338.428,    338.930,
   54,      133.3,    180.921,     340.757,    340.586,
   55,      135.8,    181.040,     342.742,    342.158,
   56,      138.3,    181.059,     342.706,    343.648,
   57,      140.8,    181.033,     343.308,    345.060,
   58,      143.3,    181.141,     345.311,    346.396,
   59,      145.8,    181.048,     347.699,    347.659,
   60,      148.3,    181.044,     348.811,    348.851,
   61,      150.8,    180.977,     348.940,    349.975,
   62,      153.3,    180.935,     350.678,    351.033,
   63,      155.8,    180.965,     351.449,    352.028,
   64,      158.3,    180.943,     353.150,    352.962,
   65,      160.8,    181.003,     355.796,    353.837,
   66,      163.3,    181.040,     356.551,    354.657,
   67,      165.8,    181.036,     356.282,    355.422,
   68,      168.3,    180.991,     356.094,    356.136,
   69,      170.8,    181.074,     357.865,    356.800,
   70,      175.8,    179.972,     358.694,    358.460,
----,
DateTime:        , 2025/11/20, 14:24:20, 1763663060276,
RFID_EPC:        ,--Not Acquired--,
RFID_UserData:   ,--Not Acquired--,
Barcode:         ,--Not Acquired--,
PIF:,            0.00,
PARs:,            0.0,     0.0,     0.0,     0.0,     0.0,     0.0,
Light:,           0.0,     0.0,     0.0,     0.0,     0.0,     0.0,
Cycles:,            1,
                    1,      69,      70,      70,
Lamps:,        #10000,
Gain:,              2,     100, 
SNR_raw:,     245.61,
Position:,        0.0,              0.0,   NoData,
DataPt,      Time(us),   EX,         EM,       Fit,
==========,==========,==========,==========,=========,
    0,        0.0,      0.000,       0.000,    110.368,
    1,        0.8,    162.128,     115.341,    115.976,
    2,        3.3,    180.569,     126.005,    122.243,
    3,        5.8,    180.715,     135.573,    128.487,
    4,        8.3,    180.737,     139.706,    134.690,
    5,       10.8,    180.756,     144.394,    140.847,
    6,       13.3,    180.786,     148.795,    146.955,
    7,       15.8,    180.763,     153.239,    153.010,
    8,       18.3,    180.790,     159.025,    159.008,
    9,       20.8,    180.790,     163.450,    164.946,
   10,       23.3,    180.875,     168.901,    170.823,
   11,       25.8,    180.797,     174.782,    176.630,
   12,       28.3,    180.890,     180.772,    182.371,
   13,       30.8,    180.849,     187.449,    188.036,
   14,       33.3,    180.898,     192.374,    193.627,
   15,       35.8,    180.827,     197.426,    199.137,
   16,       38.3,    180.928,     202.567,    204.568,
   17,       40.8,    180.857,     208.176,    209.912,
   18,       43.3,    180.902,     212.270,    215.170,
   19,       45.8,    180.913,     219.166,    220.340,
   20,       48.3,    181.029,     223.998,    225.421,
   21,       50.8,    180.988,     228.745,    230.408,
   22,       53.3,    180.913,     235.749,    235.297,
   23,       55.8,    180.920,     239.608,    240.090,
   24,       58.3,    180.928,     244.849,    244.784,
   25,       60.8,    180.961,     250.330,    249.380,
   26,       63.3,    180.946,     255.048,    253.874,
   27,       65.8,    180.961,     259.724,    258.267,
   28,       68.3,    180.950,     264.990,    262.557,
   29,       70.8,    180.902,     269.483,    266.743,
   30,       73.3,    180.861,     273.692,    270.824,
   31,       75.8,    180.991,     278.743,    274.804,
   32,       78.3,    181.092,     281.072,    278.683,
   33,       80.8,    181.010,     286.448,    282.456,
   34,       83.3,    181.059,     290.238,    286.126,
   35,       85.8,    180.958,     293.163,    289.690,
   36,       88.3,    181.006,     296.122,    293.153,
   37,       90.8,    180.965,     300.334,    296.513,
   38,       93.3,    180.932,     303.706,    299.770,
   39,       95.8,    180.976,     306.670,    302.928,
   40,       98.3,    180.969,     309.445,    305.987,
   41,      100.8,    180.950,     313.346,    308.947,
   42,      103.3,    180.950,     314.727,    311.810,
   43,      105.8,    180.988,     317.701,    314.577,
   44,      108.3,    180.976,     320.208,    317.251,
   45,      110.8,    181.032,     322.870,    319.832,
   46,      113.3,    181.059,     323.652,    322.323,
   47,      115.8,    181.047,     327.262,    324.724,
   48,      118.3,    180.961,     329.628,    327.035,
   49,      120.8,    181.002,     332.040,    329.261,
   50,      123.3,    180.991,     333.994,    331.403,
   51,      125.8,    180.864,     333.952,    333.461,
   52,      128.3,    180.991,     337.033,    335.439,
   53,      130.8,    180.939,     338.788,    337.339,
   54,      133.3,    181.014,     340.306,    339.162,
   55,      135.8,    181.092,     341.815,    340.912,
   56,      138.3,    181.006,     343.635,    342.587,
   57,      140.8,    181.100,     344.286,    344.193,
   58,      143.3,    180.991,     345.044,    345.728,
   59,      145.8,    181.002,     345.852,    347.197,
   60,      148.3,    181.044,     347.154,    348.600,
   61,      150.8,    181.014,     349.145,    349.940,
   62,      153.3,    180.984,     350.308,    351.218,
   63,      155.8,    181.055,     352.656,    352.438,
   64,      158.3,    181.025,     351.885,    353.599,
   65,      160.8,    181.017,     354.386,    354.705,
   66,      163.3,    181.021,     356.036,    355.757,
   67,      165.8,    181.085,     357.291,    356.757,
   68,      168.3,    181.059,     358.171,    357.706,
   69,      170.8,    180.954,     357.550,    358.605,
   70,      175.8,    179.900,     359.246,    359.067,
