----,
DateTime:        , 2025/11/19, 16:40:56, 1763584856343,
RFID_EPC:        ,--Not Acquired--,
RFID_UserData:   ,--Not Acquired--,
Barcode:         ,--Not Acquired--,
PIF:,            0.00,
PARs:,            0.0,     0.0,     0.0,     0.0,     0.0,     0.0,
Light:,           0.0,     0.0,     0.0,     0.0,     0.0,     0.0,
Cycles:,            1,
                    1,      69,      70,      70,
Lamps:,        #10000,
Gain:,              2,      50, 
SNR_raw:,     386.93,
Position:,        0.0,              0.0,   NoData,
DataPt,      Time(us),   EX,         EM,       Fit,
==========,==========,==========,==========,=========,
    0,        0.0,      0.000,       0.000,    123.617,
    1,        0.8,    160.821,     124.672,    128.843,
    2,        3.3,    179.907,     136.496,    135.164,
    3,        5.8,    180.214,     147.047,    141.926,
    4,        8.3,    180.258,     153.391,    149.027,
    5,       10.8,    180.105,     159.074,    156.380,
    6,       13.3,    180.353,     165.508,    163.932,
    7,       15.8,    180.653,     172.706,    171.630,
    8,       18.3,    180.588,     177.753,    179.416,
    9,       20.8,    180.485,     186.719,    187.249,
   10,       23.3,    180.668,     193.172,    195.103,
   11,       25.8,    180.456,     201.711,    202.937,
   12,       28.3,    180.522,     208.839,    210.735,
   13,       30.8,    180.544,     215.460,    218.472,
   14,       33.3,    180.719,     223.828,    226.134,
   15,       35.8,    180.551,     230.406,    233.696,
   16,       38.3,    180.880,     237.174,    241.155,
   17,       40.8,    180.792,     247.245,    248.488,
   18,       43.3,    180.924,     253.698,    255.689,
   19,       45.8,    180.888,     260.659,    262.744,
   20,       48.3,    181.056,     268.702,    269.650,
   21,       50.8,    180.917,     275.265,    276.392,
   22,       53.3,    180.946,     283.786,    282.968,
   23,       55.8,    180.924,     289.072,    289.371,
   24,       58.3,    180.946,     296.497,    295.598,
   25,       60.8,    180.997,     303.596,    301.645,
   26,       63.3,    181.041,     310.151,    307.512,
   27,       65.8,    180.844,     314.360,    313.191,
   28,       68.3,    180.990,     321.289,    318.687,
   29,       70.8,    181.027,     325.367,    323.998,
   30,       73.3,    181.253,     331.580,    329.127,
   31,       75.8,    181.056,     334.704,    334.069,
   32,       78.3,    181.151,     340.048,    338.830,
   33,       80.8,    181.209,     344.077,    343.411,
   34,       83.3,    181.151,     349.156,    347.813,
   35,       85.8,    180.917,     353.201,    352.038,
   36,       88.3,    181.180,     357.379,    356.092,
   37,       90.8,    181.136,     361.054,    359.976,
   38,       93.3,    181.158,     365.979,    363.696,
   39,       95.8,    181.034,     368.439,    367.254,
   40,       98.3,    181.151,     370.686,    370.656,
   41,      100.8,    181.165,     373.415,    373.905,
   42,      103.3,    181.078,     377.738,    377.006,
   43,      105.8,    181.114,     379.595,    379.964,
   44,      108.3,    181.151,     382.830,    382.783,
   45,      110.8,    181.129,     385.637,    385.468,
   46,      113.3,    181.151,     387.522,    388.024,
   47,      115.8,    181.056,     389.107,    390.456,
   48,      118.3,    181.165,     393.011,    392.768,
   49,      120.8,    181.136,     394.178,    394.965,
   50,      123.3,    181.114,     395.330,    397.052,
   51,      125.8,    181.180,     397.395,    399.033,
   52,      128.3,    181.202,     399.002,    400.912,
   53,      130.8,    181.261,     400.252,    402.694,
   54,      133.3,    181.078,     402.590,    404.385,
   55,      135.8,    181.085,     405.611,    405.987,
   56,      138.3,    181.202,     406.452,    407.504,
   57,      140.8,    181.034,     407.935,    408.942,
   58,      143.3,    181.078,     409.217,    410.302,
   59,      145.8,    181.187,     410.624,    411.588,
   60,      148.3,    181.268,     412.925,    412.804,
   61,      150.8,    181.217,     413.593,    413.955,
   62,      153.3,    181.356,     415.482,    415.042,
   63,      155.8,    181.290,     417.288,    416.070,
   64,      158.3,    181.334,     416.911,    417.041,
   65,      160.8,    181.326,     418.582,    417.959,
   66,      163.3,    181.239,     419.612,    418.827,
   67,      165.8,    181.114,     420.453,    419.648,
   68,      168.3,    181.195,     421.370,    420.422,
   69,      170.8,    181.261,     423.424,    421.152,
   70,      175.8,    179.622,     425.616,    424.183,
----,
DateTime:        , 2025/11/19, 16:40:59, 1763584858877,
RFID_EPC:        ,--Not Acquired--,
RFID_UserData:   ,--Not Acquired--,
Barcode:         ,--Not Acquired--,
PIF:,            0.00,
PARs:,            0.0,     0.0,     0.0,     0.0,     0.0,     0.0,
Light:,           0.0,     0.0,     0.0,     0.0,     0.0,     0.0,
Cycles:,            1,
                    1,      69,      70,      70,
Lamps:,        #10000,
Gain:,              2,      50, 
SNR_raw:,     380.53,
Position:,        0.0,              0.0,   NoData,
DataPt,      Time(us),   EX,         EM,       Fit,
==========,==========,==========,==========,=========,
    0,        0.0,      0.000,       0.000,    147.181,
    1,        0.8,    161.112,     147.103,    152.579,
    2,        3.3,    180.139,     158.626,    158.763,
    3,        5.8,    180.256,     168.926,    165.089,
    4,        8.3,    180.308,     173.869,    171.527,
    5,       10.8,    180.344,     180.211,    178.052,
    6,       13.3,    180.315,     186.063,    184.636,
    7,       15.8,    180.439,     191.754,    191.264,
    8,       18.3,    180.593,     198.513,    197.917,
    9,       20.8,    180.381,     204.567,    204.565,
   10,       23.3,    180.534,     210.209,    211.200,
   11,       25.8,    180.586,     216.518,    217.806,
   12,       28.3,    180.747,     223.241,    224.369,
   13,       30.8,    180.710,     229.926,    230.871,
   14,       33.3,    180.791,     236.461,    237.302,
   15,       35.8,    180.871,     242.714,    243.650,
   16,       38.3,    180.812,     248.324,    249.901,
   17,       40.8,    180.644,     255.475,    256.042,
   18,       43.3,    180.849,     262.374,    262.075,
   19,       45.8,    180.849,     267.350,    267.986,
   20,       48.3,    180.900,     273.355,    273.770,
   21,       50.8,    181.003,     279.001,    279.421,
   22,       53.3,    180.988,     284.549,    284.931,
   23,       55.8,    180.871,     289.986,    290.293,
   24,       58.3,    180.798,     295.634,    295.506,
   25,       60.8,    180.966,     301.161,    300.570,
   26,       63.3,    180.915,     306.774,    305.479,
   27,       65.8,    180.995,     311.610,    310.234,
   28,       68.3,    180.878,     315.682,    314.831,
   29,       70.8,    180.944,     319.712,    319.271,
   30,       73.3,    180.856,     324.290,    323.554,
   31,       75.8,    181.149,     327.631,    327.685,
   32,       78.3,    181.039,     332.525,    331.659,
   33,       80.8,    181.025,     335.866,    335.480,
   34,       83.3,    181.054,     339.954,    339.149,
   35,       85.8,    181.061,     342.702,    342.670,
   36,       88.3,    181.076,     346.540,    346.045,
   37,       90.8,    181.105,     349.797,    349.277,
   38,       93.3,    181.054,     352.934,    352.369,
   39,       95.8,    181.076,     356.480,    355.325,
   40,       98.3,    181.164,     358.516,    358.148,
   41,      100.8,    181.164,     359.896,    360.843,
   42,      103.3,    181.251,     362.756,    363.412,
   43,      105.8,    181.149,     367.101,    365.861,
   44,      108.3,    181.076,     367.802,    368.192,
   45,      110.8,    181.164,     370.107,    370.410,
   46,      113.3,    181.134,     372.099,    372.519,
   47,      115.8,    181.171,     373.956,    374.524,
   48,      118.3,    181.222,     374.954,    376.429,
   49,      120.8,    181.303,     378.924,    378.237,
   50,      123.3,    181.193,     379.154,    379.952,
   51,      125.8,    181.142,     380.641,    381.579,
   52,      128.3,    181.061,     382.467,    383.121,
   53,      130.8,    181.164,     383.907,    384.581,
   54,      133.3,    181.339,     385.465,    385.965,
   55,      135.8,    181.200,     386.589,    387.274,
   56,      138.3,    181.142,     387.542,    388.513,
   57,      140.8,    181.090,     389.308,    389.686,
   58,      143.3,    181.376,     390.625,    390.794,
   59,      145.8,    181.112,     390.365,    391.842,
   60,      148.3,    181.127,     393.370,    392.832,
   61,      150.8,    181.244,     394.220,    393.767,
   62,      153.3,    181.229,     393.148,    394.650,
   63,      155.8,    181.149,     395.807,    395.484,
   64,      158.3,    181.178,     397.123,    396.272,
   65,      160.8,    181.076,     396.519,    397.015,
   66,      163.3,    181.142,     398.307,    397.716,
   67,      165.8,    181.310,     398.489,    398.377,
   68,      168.3,    181.186,     399.590,    399.000,
   69,      170.8,    181.156,     401.311,    399.589,
   70,      175.8,    179.752,     401.943,    401.352,
----,
DateTime:        , 2025/11/19, 16:41:01, 1763584861443,
RFID_EPC:        ,--Not Acquired--,
RFID_UserData:   ,--Not Acquired--,
Barcode:         ,--Not Acquired--,
PIF:,            0.00,
PARs:,            0.0,     0.0,     0.0,     0.0,     0.0,     0.0,
Light:,           0.0,     0.0,     0.0,     0.0,     0.0,     0.0,
Cycles:,            1,
                    1,      69,      70,      70,
Lamps:,        #10000,
Gain:,              2,      50, 
SNR_raw:,     346.08,
Position:,        0.0,              0.0,   NoData,
DataPt,      Time(us),   EX,         EM,       Fit,
==========,==========,==========,==========,=========,
    0,        0.0,      0.000,       0.000,    151.378,
    1,        0.8,    161.250,     150.388,    156.321,
    2,        3.3,    180.006,     161.788,    162.008,
    3,        5.8,    180.247,     171.986,    167.859,
    4,        8.3,    180.211,     176.737,    173.835,
    5,       10.8,    180.255,     181.687,    179.912,
    6,       13.3,    180.321,     187.999,    186.065,
    7,       15.8,    180.628,     191.831,    192.276,
    8,       18.3,    180.430,     198.137,    198.510,
    9,       20.8,    180.547,     206.040,    204.754,
   10,       23.3,    180.599,     210.411,    210.989,
   11,       25.8,    180.577,     217.636,    217.195,
   12,       28.3,    180.884,     222.795,    223.364,
   13,       30.8,    180.745,     227.669,    229.471,
   14,       33.3,    180.855,     234.166,    235.507,
   15,       35.8,    180.935,     239.312,    241.459,
   16,       38.3,    180.752,     246.193,    247.310,
   17,       40.8,    180.862,     252.403,    253.055,
   18,       43.3,    180.818,     257.718,    258.684,
   19,       45.8,    180.869,     262.897,    264.188,
   20,       48.3,    180.818,     269.055,    269.560,
   21,       50.8,    180.833,     274.010,    274.793,
   22,       53.3,    180.994,     280.120,    279.886,
   23,       55.8,    181.059,     284.989,    284.833,
   24,       58.3,    180.994,     291.171,    289.627,
   25,       60.8,    181.016,     294.174,    294.267,
   26,       63.3,    180.986,     299.747,    298.751,
   27,       65.8,    180.884,     304.063,    303.076,
   28,       68.3,    180.920,     308.147,    307.245,
   29,       70.8,    180.891,     311.790,    311.255,
   30,       73.3,    181.059,     315.642,    315.112,
   31,       75.8,    180.920,     319.754,    318.812,
   32,       78.3,    181.067,     323.914,    322.360,
   33,       80.8,    181.155,     326.241,    325.759,
   34,       83.3,    180.986,     329.859,    329.007,
   35,       85.8,    181.016,     333.121,    332.111,
   36,       88.3,    180.979,     334.846,    335.073,
   37,       90.8,    181.001,     338.672,    337.897,
   38,       93.3,    181.103,     341.242,    340.588,
   39,       95.8,    181.045,     344.390,    343.148,
   40,       98.3,    181.125,     346.445,    345.583,
   41,      100.8,    181.037,     347.994,    347.896,
   42,      103.3,    180.898,     350.196,    350.091,
   43,      105.8,    181.169,     351.053,    352.174,
   44,      108.3,    181.264,     353.076,    354.148,
   45,      110.8,    181.030,     354.913,    356.018,
   46,      113.3,    181.147,     357.996,    357.788,
   47,      115.8,    181.067,     357.879,    359.462,
   48,      118.3,    181.008,     359.652,    361.045,
   49,      120.8,    181.067,     362.297,    362.541,
   50,      123.3,    181.228,     364.183,    363.954,
   51,      125.8,    181.125,     364.113,    365.288,
   52,      128.3,    181.191,     366.188,    366.546,
   53,      130.8,    181.111,     366.903,    367.733,
   54,      133.3,    181.272,     366.853,    368.852,
   55,      135.8,    181.220,     368.612,    369.906,
   56,      138.3,    181.264,     370.729,    370.899,
   57,      140.8,    181.250,     371.035,    371.834,
   58,      143.3,    181.279,     371.803,    372.714,
   59,      145.8,    181.315,     373.934,    373.542,
   60,      148.3,    180.964,     374.383,    374.323,
   61,      150.8,    181.147,     375.109,    375.056,
   62,      153.3,    181.176,     376.153,    375.746,
   63,      155.8,    181.264,     376.246,    376.393,
   64,      158.3,    181.162,     377.563,    377.002,
   65,      160.8,    181.118,     377.931,    377.575,
   66,      163.3,    181.272,     378.438,    378.112,
   67,      165.8,    181.198,     378.866,    378.617,
   68,      168.3,    181.228,     379.357,    379.090,
   69,      170.8,    181.396,     381.486,    379.534,
   70,      175.8,    179.691,     382.044,    381.326,
----,
DateTime:        , 2025/11/19, 16:41:04, 1763584863991,
RFID_EPC:        ,--Not Acquired--,
RFID_UserData:   ,--Not Acquired--,
Barcode:         ,--Not Acquired--,
PIF:,            0.00,
PARs:,            0.0,     0.0,     0.0,     0.0,     0.0,     0.0,
Light:,           0.0,     0.0,     0.0,     0.0,     0.0,     0.0,
Cycles:,            1,
                    1,      69,      70,      70,
Lamps:,        #10000,
Gain:,              2,      50, 
SNR_raw:,     264.91,
Position:,        0.0,              0.0,   NoData,
DataPt,      Time(us),   EX,         EM,       Fit,
==========,==========,==========,==========,=========,
    0,        0.0,      0.000,       0.000,    140.025,
    1,        0.8,    161.157,     138.684,    144.683,
    2,        3.3,    180.034,     150.352,    150.236,
    3,        5.8,    180.041,     160.796,    156.114,
    4,        8.3,    180.188,     165.661,    162.257,
    5,       10.8,    180.195,     170.649,    168.606,
    6,       13.3,    180.253,     176.141,    175.116,
    7,       15.8,    180.422,     182.905,    181.747,
    8,       18.3,    180.422,     188.170,    188.458,
    9,       20.8,    180.465,     194.774,    195.218,
   10,       23.3,    180.531,     201.627,    201.998,
   11,       25.8,    180.751,     208.851,    208.777,
   12,       28.3,    180.824,     214.297,    215.529,
   13,       30.8,    180.721,     221.612,    222.227,
   14,       33.3,    180.729,     227.689,    228.858,
   15,       35.8,    180.897,     232.453,    235.407,
   16,       38.3,    180.743,     239.843,    241.853,
   17,       40.8,    180.985,     246.982,    248.192,
   18,       43.3,    180.780,     252.517,    254.402,
   19,       45.8,    180.824,     259.645,    260.479,
   20,       48.3,    180.955,     265.811,    266.416,
   21,       50.8,    180.817,     270.993,    272.199,
   22,       53.3,    180.853,     278.126,    277.826,
   23,       55.8,    180.904,     283.023,    283.291,
   24,       58.3,    181.124,     289.305,    288.594,
   25,       60.8,    180.934,     294.583,    293.724,
   26,       63.3,    181.087,     301.512,    298.683,
   27,       65.8,    181.014,     303.844,    303.469,
   28,       68.3,    181.051,     310.134,    308.080,
   29,       70.8,    181.080,     313.122,    312.518,
   30,       73.3,    180.963,     316.640,    316.781,
   31,       75.8,    181.029,     320.944,    320.873,
   32,       78.3,    181.029,     325.363,    324.795,
   33,       80.8,    181.007,     328.165,    328.549,
   34,       83.3,    180.955,     334.613,    332.138,
   35,       85.8,    180.970,     335.967,    335.566,
   36,       88.3,    181.138,     341.176,    338.838,
   37,       90.8,    180.999,     341.714,    341.956,
   38,       93.3,    181.211,     345.453,    344.925,
   39,       95.8,    181.314,     346.912,    347.750,
   40,       98.3,    180.999,     351.659,    350.435,
   41,      100.8,    181.175,     352.422,    352.984,
   42,      103.3,    181.065,     355.397,    355.403,
   43,      105.8,    181.124,     356.938,    357.696,
   44,      108.3,    180.926,     360.092,    359.869,
   45,      110.8,    181.124,     360.803,    361.926,
   46,      113.3,    181.263,     363.561,    363.871,
   47,      115.8,    181.175,     364.289,    365.711,
   48,      118.3,    181.263,     367.147,    367.450,
   49,      120.8,    181.292,     368.191,    369.091,
   50,      123.3,    181.116,     370.756,    370.642,
   51,      125.8,    181.116,     371.860,    372.104,
   52,      128.3,    181.277,     374.289,    373.482,
   53,      130.8,    181.233,     373.000,    374.781,
   54,      133.3,    181.138,     376.232,    376.006,
   55,      135.8,    181.248,     376.832,    377.158,
   56,      138.3,    181.094,     376.323,    378.244,
   57,      140.8,    181.358,     379.361,    379.264,
   58,      143.3,    181.109,     380.158,    380.226,
   59,      145.8,    181.065,     380.526,    381.130,
   60,      148.3,    181.285,     381.720,    381.978,
   61,      150.8,    181.277,     383.666,    382.776,
   62,      153.3,    181.138,     383.409,    383.526,
   63,      155.8,    181.080,     384.361,    384.232,
   64,      158.3,    181.065,     384.668,    384.894,
   65,      160.8,    181.277,     384.770,    385.514,
   66,      163.3,    181.080,     386.570,    386.098,
   67,      165.8,    181.321,     388.261,    386.643,
   68,      168.3,    181.138,     387.549,    387.157,
   69,      170.8,    181.248,     389.246,    387.638,
   70,      175.8,    179.734,     390.299,    390.106,
----,
DateTime:        , 2025/11/19, 16:41:06, 1763584866538,
RFID_EPC:        ,--Not Acquired--,
RFID_UserData:   ,--Not Acquired--,
Barcode:         ,--Not Acquired--,
PIF:,            0.00,
PARs:,            0.0,     0.0,     0.0,     0.0,     0.0,     0.0,
Light:,           0.0,     0.0,     0.0,     0.0,     0.0,     0.0,
Cycles:,            1,
                    1,      69,      70,      70,
Lamps:,        #10000,
Gain:,              2,      50, 
SNR_raw:,     392.56,
Position:,        0.0,              0.0,   NoData,
DataPt,      Time(us),   EX,         EM,       Fit,
==========,==========,==========,==========,=========,
    0,        0.0,      0.000,       0.000,    133.275,
    1,        0.8,    161.349,     133.561,    138.198,
    2,        3.3,    179.942,     144.115,    143.934,
    3,        5.8,    180.044,     153.573,    149.906,
    4,        8.3,    180.271,     159.205,    156.083,
    5,       10.8,    180.322,     164.982,    162.427,
    6,       13.3,    180.417,     169.607,    168.907,
    7,       15.8,    180.410,     174.879,    175.492,
    8,       18.3,    180.373,     182.399,    182.155,
    9,       20.8,    180.476,     187.283,    188.875,
   10,       23.3,    180.410,     195.111,    195.626,
   11,       25.8,    180.578,     201.021,    202.392,
   12,       28.3,    180.607,     208.463,    209.150,
   13,       30.8,    180.754,     215.210,    215.885,
   14,       33.3,    180.790,     220.974,    222.576,
   15,       35.8,    180.695,     228.008,    229.202,
   16,       38.3,    180.790,     235.079,    235.755,
   17,       40.8,    180.790,     240.610,    242.217,
   18,       43.3,    180.863,     247.701,    248.578,
   19,       45.8,    180.900,     254.837,    254.825,
   20,       48.3,    180.849,     260.439,    260.945,
   21,       50.8,    180.893,     267.838,    266.931,
   22,       53.3,    180.929,     272.206,    272.774,
   23,       55.8,    181.119,     278.269,    278.469,
   24,       58.3,    180.812,     284.826,    284.001,
   25,       60.8,    181.017,     290.028,    289.373,
   26,       63.3,    181.112,     296.225,    294.580,
   27,       65.8,    180.980,     301.137,    299.613,
   28,       68.3,    181.127,     305.863,    304.475,
   29,       70.8,    181.083,     310.907,    309.161,
   30,       73.3,    180.885,     314.840,    313.668,
   31,       75.8,    181.178,     319.023,    318.004,
   32,       78.3,    180.937,     323.870,    322.161,
   33,       80.8,    181.090,     326.909,    326.146,
   34,       83.3,    181.097,     329.657,    329.960,
   35,       85.8,    181.097,     334.074,    333.605,
   36,       88.3,    181.127,     337.057,    337.084,
   37,       90.8,    181.061,     340.493,    340.400,
   38,       93.3,    181.068,     343.793,    343.558,
   39,       95.8,    181.339,     345.762,    346.563,
   40,       98.3,    180.980,     349.485,    349.417,
   41,      100.8,    180.973,     350.881,    352.125,
   42,      103.3,    181.258,     354.466,    354.694,
   43,      105.8,    180.959,     357.541,    357.128,
   44,      108.3,    181.163,     358.240,    359.431,
   45,      110.8,    181.258,     360.811,    361.610,
   46,      113.3,    181.229,     361.697,    363.669,
   47,      115.8,    181.193,     365.081,    365.614,
   48,      118.3,    181.302,     366.515,    367.448,
   49,      120.8,    181.207,     368.915,    369.179,
   50,      123.3,    181.171,     369.541,    370.809,
   51,      125.8,    181.163,     371.764,    372.345,
   52,      128.3,    181.112,     372.697,    373.791,
   53,      130.8,    181.097,     374.936,    375.151,
   54,      133.3,    181.002,     377.343,    376.430,
   55,      135.8,    181.178,     377.805,    377.632,
   56,      138.3,    181.083,     377.728,    378.761,
   57,      140.8,    181.215,     378.281,    379.821,
   58,      143.3,    181.383,     380.135,    380.815,
   59,      145.8,    181.163,     381.424,    381.748,
   60,      148.3,    181.258,     382.603,    382.624,
   61,      150.8,    181.273,     383.951,    383.445,
   62,      153.3,    181.141,     384.506,    384.215,
   63,      155.8,    181.083,     385.735,    384.937,
   64,      158.3,    181.178,     386.085,    385.613,
   65,      160.8,    181.090,     387.376,    386.246,
   66,      163.3,    180.973,     387.627,    386.840,
   67,      165.8,    181.207,     388.230,    387.395,
   68,      168.3,    181.332,     388.791,    387.913,
   69,      170.8,    181.193,     389.641,    388.399,
   70,      175.8,    179.796,     390.722,    390.413,
----,
DateTime:        , 2025/11/19, 16:41:09, 1763584869066,
RFID_EPC:        ,--Not Acquired--,
RFID_UserData:   ,--Not Acquired--,
Barcode:         ,--Not Acquired--,
PIF:,            0.00,
PARs:,            0.0,     0.0,     0.0,     0.0,     0.0,     0.0,
Light:,           0.0,     0.0,     0.0,     0.0,     0.0,     0.0,
Cycles:,            1,
                    1,      69,      70,      70,
Lamps:,        #10000,
Gain:,              2,      50, 
SNR_raw:,     367.31,
Position:,        0.0,              0.0,   NoData,
DataPt,      Time(us),   EX,         EM,       Fit,
==========,==========,==========,==========,=========,
    0,        0.0,      0.000,       0.000,    136.184,
    1,        0.8,    161.155,     135.273,    140.995,
    2,        3.3,    180.048,     146.293,    146.648,
    3,        5.8,    180.282,     156.144,    152.563,
    4,        8.3,    180.114,     161.009,    158.676,
    5,       10.8,    180.311,     167.766,    164.951,
    6,       13.3,    180.428,     172.368,    171.348,
    7,       15.8,    180.253,     178.916,    177.823,
    8,       18.3,    180.421,     186.231,    184.354,
    9,       20.8,    180.377,     190.712,    190.910,
   10,       23.3,    180.567,     196.880,    197.472,
   11,       25.8,    180.465,     203.641,    204.012,
   12,       28.3,    180.750,     210.235,    210.521,
   13,       30.8,    180.904,     215.308,    216.978,
   14,       33.3,    180.735,     222.425,    223.361,
   15,       35.8,    180.823,     227.570,    229.662,
   16,       38.3,    180.787,     234.531,    235.866,
   17,       40.8,    180.735,     240.130,    241.962,
   18,       43.3,    180.772,     246.996,    247.942,
   19,       45.8,    180.889,     252.088,    253.800,
   20,       48.3,    180.743,     258.378,    259.523,
   21,       50.8,    180.838,     264.602,    265.110,
   22,       53.3,    180.933,     270.266,    270.555,
   23,       55.8,    180.933,     276.069,    275.852,
   24,       58.3,    180.852,     281.445,    280.996,
   25,       60.8,    181.035,     286.961,    285.989,
   26,       63.3,    181.057,     291.068,    290.826,
   27,       65.8,    181.050,     295.223,    295.505,
   28,       68.3,    180.984,     300.855,    300.024,
   29,       70.8,    181.167,     306.347,    304.387,
   30,       73.3,    181.123,     308.906,    308.591,
   31,       75.8,    180.896,     314.821,    312.635,
   32,       78.3,    180.947,     317.495,    316.524,
   33,       80.8,    180.991,     321.839,    320.260,
   34,       83.3,    181.108,     324.668,    323.845,
   35,       85.8,    181.123,     326.298,    327.281,
   36,       88.3,    181.006,     331.481,    330.571,
   37,       90.8,    181.182,     334.195,    333.719,
   38,       93.3,    181.203,     337.466,    336.728,
   39,       95.8,    181.211,     339.660,    339.602,
   40,       98.3,    181.064,     343.800,    342.343,
   41,      100.8,    181.028,     344.698,    344.956,
   42,      103.3,    181.160,     347.484,    347.446,
   43,      105.8,    181.182,     349.373,    349.816,
   44,      108.3,    180.940,     351.774,    352.071,
   45,      110.8,    181.182,     353.789,    354.214,
   46,      113.3,    181.043,     355.994,    356.251,
   47,      115.8,    181.050,     358.189,    358.184,
   48,      118.3,    181.218,     359.788,    360.019,
   49,      120.8,    181.196,     360.935,    361.759,
   50,      123.3,    181.342,     362.574,    363.409,
   51,      125.8,    181.189,     365.365,    364.972,
   52,      128.3,    181.160,     365.700,    366.452,
   53,      130.8,    181.138,     367.676,    367.854,
   54,      133.3,    181.160,     368.184,    369.180,
   55,      135.8,    181.138,     370.161,    370.434,
   56,      138.3,    181.196,     370.041,    371.620,
   57,      140.8,    181.196,     372.525,    372.740,
   58,      143.3,    181.350,     373.036,    373.798,
   59,      145.8,    181.189,     373.919,    374.798,
   60,      148.3,    181.064,     374.176,    375.743,
   61,      150.8,    181.116,     376.003,    376.635,
   62,      153.3,    181.123,     376.816,    377.476,
   63,      155.8,    181.108,     377.951,    378.270,
   64,      158.3,    181.291,     380.051,    379.017,
   65,      160.8,    181.320,     380.266,    379.722,
   66,      163.3,    181.247,     381.247,    380.387,
   67,      165.8,    181.284,     381.722,    381.014,
   68,      168.3,    181.386,     381.782,    381.603,
   69,      170.8,    181.182,     383.593,    382.161,
   70,      175.8,    179.763,     385.509,    384.331,
----,
DateTime:        , 2025/11/19, 16:41:11, 1763584871615,
RFID_EPC:        ,--Not Acquired--,
RFID_UserData:   ,--Not Acquired--,
Barcode:         ,--Not Acquired--,
PIF:,            0.00,
PARs:,            0.0,     0.0,     0.0,     0.0,     0.0,     0.0,
Light:,           0.0,     0.0,     0.0,     0.0,     0.0,     0.0,
Cycles:,            1,
                    1,      69,      70,      70,
Lamps:,        #10000,
Gain:,              2,      50, 
SNR_raw:,     307.98,
Position:,        0.0,              0.0,   NoData,
DataPt,      Time(us),   EX,         EM,       Fit,
==========,==========,==========,==========,=========,
    0,        0.0,      0.000,       0.000,    141.208,
    1,        0.8,    161.155,     139.617,    146.154,
    2,        3.3,    179.880,     152.005,    151.825,
    3,        5.8,    180.282,     163.078,    157.649,
    4,        8.3,    180.318,     166.650,    163.589,
    5,       10.8,    180.443,     170.968,    169.627,
    6,       13.3,    180.282,     176.668,    175.730,
    7,       15.8,    180.582,     181.635,    181.892,
    8,       18.3,    180.560,     188.026,    188.084,
    9,       20.8,    180.531,     193.873,    194.289,
   10,       23.3,    180.567,     200.756,    200.491,
   11,       25.8,    180.670,     205.624,    206.677,
   12,       28.3,    180.472,     212.498,    212.822,
   13,       30.8,    180.808,     218.740,    218.927,
   14,       33.3,    180.772,     224.869,    224.970,
   15,       35.8,    180.867,     229.727,    230.942,
   16,       38.3,    180.874,     233.035,    236.828,
   17,       40.8,    180.940,     240.964,    242.620,
   18,       43.3,    180.889,     246.837,    248.305,
   19,       45.8,    180.977,     253.624,    253.878,
   20,       48.3,    180.918,     260.062,    259.327,
   21,       50.8,    180.911,     264.771,    264.648,
   22,       53.3,    180.904,     270.033,    269.832,
   23,       55.8,    180.926,     275.251,    274.877,
   24,       58.3,    180.874,     280.582,    279.776,
   25,       60.8,    180.984,     285.661,    284.528,
   26,       63.3,    180.896,     291.051,    289.127,
   27,       65.8,    181.079,     293.794,    293.576,
   28,       68.3,    181.050,     298.260,    297.870,
   29,       70.8,    181.064,     303.207,    302.009,
   30,       73.3,    181.130,     306.409,    305.993,
   31,       75.8,    181.189,     309.346,    309.823,
   32,       78.3,    180.999,     314.091,    313.497,
   33,       80.8,    180.838,     317.412,    317.016,
   34,       83.3,    181.013,     320.142,    320.388,
   35,       85.8,    181.094,     323.313,    323.613,
   36,       88.3,    180.926,     326.654,    326.692,
   37,       90.8,    180.947,     331.588,    329.630,
   38,       93.3,    181.035,     330.875,    332.432,
   39,       95.8,    181.233,     334.929,    335.101,
   40,       98.3,    181.182,     337.507,    337.640,
   41,      100.8,    181.182,     340.818,    340.053,
   42,      103.3,    181.211,     342.695,    342.345,
   43,      105.8,    181.167,     344.158,    344.519,
   44,      108.3,    181.211,     346.558,    346.580,
   45,      110.8,    181.064,     348.218,    348.532,
   46,      113.3,    181.064,     350.980,    350.380,
   47,      115.8,    181.145,     352.756,    352.128,
   48,      118.3,    181.050,     354.046,    353.780,
   49,      120.8,    181.108,     355.036,    355.342,
   50,      123.3,    181.130,     356.097,    356.816,
   51,      125.8,    181.108,     358.349,    358.207,
   52,      128.3,    181.152,     358.262,    359.519,
   53,      130.8,    181.086,     361.154,    360.756,
   54,      133.3,    181.247,     361.385,    361.922,
   55,      135.8,    181.101,     362.781,    363.020,
   56,      138.3,    181.203,     362.300,    364.054,
   57,      140.8,    181.182,     365.103,    365.027,
   58,      143.3,    181.079,     365.034,    365.942,
   59,      145.8,    181.057,     366.735,    366.803,
   60,      148.3,    181.116,     368.549,    367.613,
   61,      150.8,    181.225,     368.602,    368.373,
   62,      153.3,    181.028,     368.175,    369.088,
   63,      155.8,    181.247,     370.488,    369.759,
   64,      158.3,    181.262,     370.734,    370.389,
   65,      160.8,    181.306,     370.920,    370.980,
   66,      163.3,    181.160,     372.324,    371.536,
   67,      165.8,    181.211,     373.322,    372.057,
   68,      168.3,    181.116,     372.414,    372.546,
   69,      170.8,    181.086,     374.131,    373.005,
   70,      175.8,    179.836,     374.509,    374.336,
----,
DateTime:        , 2025/11/19, 16:41:14, 1763584874069,
RFID_EPC:        ,--Not Acquired--,
RFID_UserData:   ,--Not Acquired--,
Barcode:         ,--Not Acquired--,
PIF:,            0.00,
PARs:,            0.0,     0.0,     0.0,     0.0,     0.0,     0.0,
Light:,           0.0,     0.0,     0.0,     0.0,     0.0,     0.0,
Cycles:,            1,
                    1,      69,      70,      70,
Lamps:,        #10000,
Gain:,              2,      50, 
SNR_raw:,     334.51,
Position:,        0.0,              0.0,   NoData,
DataPt,      Time(us),   EX,         EM,       Fit,
==========,==========,==========,==========,=========,
    0,        0.0,      0.000,       0.000,    136.933,
    1,        0.8,    161.164,     137.748,    142.195,
    2,        3.3,    179.716,     148.812,    148.187,
    3,        5.8,    180.206,     158.708,    154.308,
    4,        8.3,    180.176,     162.896,    160.524,
    5,       10.8,    180.264,     167.809,    166.817,
    6,       13.3,    180.396,     173.785,    173.174,
    7,       15.8,    180.476,     179.248,    179.573,
    8,       18.3,    180.557,     186.368,    186.001,
    9,       20.8,    180.520,     192.499,    192.436,
   10,       23.3,    180.652,     197.064,    198.870,
   11,       25.8,    180.557,     204.922,    205.281,
   12,       28.3,    180.615,     211.500,    211.660,
   13,       30.8,    180.739,     216.334,    217.996,
   14,       33.3,    180.783,     223.749,    224.274,
   15,       35.8,    180.696,     229.115,    230.477,
   16,       38.3,    180.769,     235.107,    236.599,
   17,       40.8,    180.798,     241.430,    242.627,
   18,       43.3,    180.871,     248.243,    248.554,
   19,       45.8,    180.747,     253.947,    254.364,
   20,       48.3,    180.959,     260.004,    260.057,
   21,       50.8,    180.908,     264.223,    265.619,
   22,       53.3,    180.937,     271.642,    271.045,
   23,       55.8,    181.010,     277.609,    276.329,
   24,       58.3,    181.076,     282.202,    281.465,
   25,       60.8,    181.083,     287.437,    286.448,
   26,       63.3,    180.966,     292.596,    291.272,
   27,       65.8,    181.083,     295.997,    295.937,
   28,       68.3,    180.995,     300.837,    300.439,
   29,       70.8,    181.025,     305.207,    304.777,
   30,       73.3,    180.981,     309.702,    308.951,
   31,       75.8,    181.010,     313.519,    312.961,
   32,       78.3,    180.871,     317.077,    316.805,
   33,       80.8,    180.995,     319.898,    320.489,
   34,       83.3,    181.098,     323.582,    324.016,
   35,       85.8,    181.061,     328.066,    327.384,
   36,       88.3,    181.025,     332.552,    330.598,
   37,       90.8,    181.127,     333.744,    333.662,
   38,       93.3,    181.134,     337.595,    336.578,
   39,       95.8,    181.288,     338.964,    339.352,
   40,       98.3,    181.076,     342.122,    341.984,
   41,      100.8,    181.076,     344.607,    344.482,
   42,      103.3,    181.047,     346.872,    346.848,
   43,      105.8,    181.134,     347.532,    349.090,
   44,      108.3,    181.083,     350.668,    351.210,
   45,      110.8,    181.193,     352.387,    353.215,
   46,      113.3,    181.061,     354.853,    355.107,
   47,      115.8,    181.273,     357.196,    356.895,
   48,      118.3,    181.156,     359.082,    358.580,
   49,      120.8,    181.142,     359.939,    360.168,
   50,      123.3,    181.288,     360.752,    361.665,
   51,      125.8,    181.164,     363.484,    363.072,
   52,      128.3,    181.266,     363.554,    364.397,
   53,      130.8,    181.317,     365.382,    365.642,
   54,      133.3,    181.105,     366.362,    366.811,
   55,      135.8,    181.105,     367.466,    367.909,
   56,      138.3,    181.142,     369.048,    368.940,
   57,      140.8,    180.966,     370.235,    369.907,
   58,      143.3,    181.185,     370.063,    370.815,
   59,      145.8,    181.178,     372.010,    371.665,
   60,      148.3,    181.054,     373.093,    372.463,
   61,      150.8,    181.259,     372.672,    373.210,
   62,      153.3,    181.346,     374.697,    373.910,
   63,      155.8,    181.164,     375.076,    374.565,
   64,      158.3,    181.244,     376.288,    375.179,
   65,      160.8,    181.310,     376.979,    375.753,
   66,      163.3,    181.120,     376.547,    376.290,
   67,      165.8,    181.273,     377.331,    376.793,
   68,      168.3,    181.244,     377.116,    377.263,
   69,      170.8,    181.193,     377.499,    377.702,
   70,      175.8,    179.708,     378.113,    378.228,
----,
DateTime:        , 2025/11/19, 16:41:16, 1763584876525,
RFID_EPC:        ,--Not Acquired--,
RFID_UserData:   ,--Not Acquired--,
Barcode:         ,--Not Acquired--,
PIF:,            0.00,
PARs:,            0.0,     0.0,     0.0,     0.0,     0.0,     0.0,
Light:,           0.0,     0.0,     0.0,     0.0,     0.0,     0.0,
Cycles:,            1,
                    1,      69,      70,      70,
Lamps:,        #10000,
Gain:,              2,      50, 
SNR_raw:,     381.87,
Position:,        0.0,              0.0,   NoData,
DataPt,      Time(us),   EX,         EM,       Fit,
==========,==========,==========,==========,=========,
    0,        0.0,      0.000,       0.000,    133.309,
    1,        0.8,    161.363,     133.240,    138.640,
    2,        3.3,    179.986,     144.549,    144.748,
    3,        5.8,    180.044,     154.684,    151.008,
    4,        8.3,    180.278,     160.862,    157.397,
    5,       10.8,    180.242,     166.720,    163.882,
    6,       13.3,    180.403,     172.946,    170.442,
    7,       15.8,    180.476,     176.478,    177.054,
    8,       18.3,    180.483,     183.951,    183.692,
    9,       20.8,    180.564,     188.576,    190.340,
   10,       23.3,    180.798,     196.629,    196.983,
   11,       25.8,    180.790,     202.168,    203.597,
   12,       28.3,    180.725,     209.158,    210.164,
   13,       30.8,    180.761,     215.754,    216.671,
   14,       33.3,    180.754,     220.742,    223.103,
   15,       35.8,    180.615,     228.110,    229.444,
   16,       38.3,    180.747,     234.583,    235.690,
   17,       40.8,    180.849,     240.532,    241.828,
   18,       43.3,    180.842,     246.348,    247.846,
   19,       45.8,    180.842,     252.984,    253.735,
   20,       48.3,    180.849,     259.609,    259.489,
   21,       50.8,    181.105,     265.592,    265.105,
   22,       53.3,    180.944,     269.973,    270.569,
   23,       55.8,    181.083,     277.221,    275.882,
   24,       58.3,    180.907,     282.465,    281.033,
   25,       60.8,    181.207,     286.964,    286.029,
   26,       63.3,    181.046,     291.638,    290.858,
   27,       65.8,    180.959,     296.753,    295.521,
   28,       68.3,    181.010,     301.365,    300.019,
   29,       70.8,    180.915,     305.945,    304.350,
   30,       73.3,    181.068,     310.104,    308.517,
   31,       75.8,    181.032,     313.481,    312.520,
   32,       78.3,    180.937,     316.409,    316.360,
   33,       80.8,    181.032,     319.833,    320.040,
   34,       83.3,    181.076,     323.622,    323.563,
   35,       85.8,    181.039,     327.830,    326.931,
   36,       88.3,    181.288,     331.517,    330.150,
   37,       90.8,    181.163,     333.677,    333.221,
   38,       93.3,    180.937,     336.029,    336.146,
   39,       95.8,    181.083,     339.071,    338.932,
   40,       98.3,    181.010,     341.418,    341.583,
   41,      100.8,    181.024,     344.429,    344.103,
   42,      103.3,    181.024,     346.638,    346.496,
   43,      105.8,    181.061,     348.225,    348.768,
   44,      108.3,    181.061,     348.777,    350.923,
   45,      110.8,    181.061,     351.263,    352.965,
   46,      113.3,    181.120,     355.014,    354.900,
   47,      115.8,    181.024,     356.305,    356.731,
   48,      118.3,    181.068,     356.771,    358.463,
   49,      120.8,    181.017,     359.082,    360.100,
   50,      123.3,    181.207,     360.913,    361.647,
   51,      125.8,    180.878,     362.399,    363.109,
   52,      128.3,    181.229,     363.904,    364.488,
   53,      130.8,    181.149,     365.169,    365.790,
   54,      133.3,    181.251,     366.066,    367.017,
   55,      135.8,    181.127,     367.422,    368.174,
   56,      138.3,    181.237,     368.579,    369.265,
   57,      140.8,    181.090,     369.429,    370.292,
   58,      143.3,    181.142,     371.257,    371.260,
   59,      145.8,    181.061,     372.802,    372.171,
   60,      148.3,    181.237,     372.993,    373.028,
   61,      150.8,    181.039,     373.952,    373.834,
   62,      153.3,    181.046,     375.870,    374.593,
   63,      155.8,    181.295,     374.803,    375.306,
   64,      158.3,    181.185,     376.962,    375.976,
   65,      160.8,    181.295,     377.561,    376.606,
   66,      163.3,    181.354,     378.266,    377.197,
   67,      165.8,    181.215,     378.281,    377.753,
   68,      168.3,    181.317,     379.446,    378.275,
   69,      170.8,    181.346,     379.660,    378.765,
   70,      175.8,    179.788,     380.726,    380.542,
----,
DateTime:        , 2025/11/19, 16:41:19, 1763584879075,
RFID_EPC:        ,--Not Acquired--,
RFID_UserData:   ,--Not Acquired--,
Barcode:         ,--Not Acquired--,
PIF:,            0.00,
PARs:,            0.0,     0.0,     0.0,     0.0,     0.0,     0.0,
Light:,           0.0,     0.0,     0.0,     0.0,     0.0,     0.0,
Cycles:,            1,
                    1,      69,      70,      70,
Lamps:,        #10000,
Gain:,              2,      50, 
SNR_raw:,     359.89,
Position:,        0.0,              0.0,   NoData,
DataPt,      Time(us),   EX,         EM,       Fit,
==========,==========,==========,==========,=========,
    0,        0.0,      0.000,       0.000,    135.285,
    1,        0.8,    161.288,     134.852,    140.433,
    2,        3.3,    180.026,     146.128,    146.327,
    3,        5.8,    180.194,     156.221,    152.368,
    4,        8.3,    180.267,     161.705,    158.531,
    5,       10.8,    180.311,     166.934,    164.792,
    6,       13.3,    180.311,     173.035,    171.129,
    7,       15.8,    180.377,     177.684,    177.526,
    8,       18.3,    180.523,     183.356,    183.967,
    9,       20.8,    180.559,     189.688,    190.429,
   10,       23.3,    180.633,     195.147,    196.897,
   11,       25.8,    180.603,     204.038,    203.351,
   12,       28.3,    180.677,     208.383,    209.779,
   13,       30.8,    180.647,     216.167,    216.163,
   14,       33.3,    180.655,     221.417,    222.490,
   15,       35.8,    180.757,     227.930,    228.750,
   16,       38.3,    180.874,     233.312,    234.930,
   17,       40.8,    180.786,     239.233,    241.013,
   18,       43.3,    180.845,     246.897,    246.991,
   19,       45.8,    180.823,     252.457,    252.854,
   20,       48.3,    180.815,     258.551,    258.592,
   21,       50.8,    181.086,     263.963,    264.204,
   22,       53.3,    180.940,     269.979,    269.672,
   23,       55.8,    180.976,     275.174,    274.995,
   24,       58.3,    180.991,     279.296,    280.167,
   25,       60.8,    181.115,     285.730,    285.185,
   26,       63.3,    180.925,     291.557,    290.039,
   27,       65.8,    180.976,     295.895,    294.732,
   28,       68.3,    180.896,     299.896,    299.258,
   29,       70.8,    181.035,     304.637,    303.622,
   30,       73.3,    180.984,     308.591,    307.819,
   31,       75.8,    181.028,     312.107,    311.851,
   32,       78.3,    181.130,     316.347,    315.720,
   33,       80.8,    181.108,     319.699,    319.425,
   34,       83.3,    181.079,     323.892,    322.969,
   35,       85.8,    181.108,     326.601,    326.355,
   36,       88.3,    181.035,     331.152,    329.586,
   37,       90.8,    180.889,     332.525,    332.662,
   38,       93.3,    180.984,     337.047,    335.592,
   39,       95.8,    180.991,     337.862,    338.379,
   40,       98.3,    181.035,     340.542,    341.026,
   41,      100.8,    181.093,     343.469,    343.539,
   42,      103.3,    181.093,     346.506,    345.921,
   43,      105.8,    181.203,     347.124,    348.179,
   44,      108.3,    181.181,     348.822,    350.315,
   45,      110.8,    181.364,     352.606,    352.336,
   46,      113.3,    181.240,     353.675,    354.246,
   47,      115.8,    181.123,     356.112,    356.048,
   48,      118.3,    181.196,     356.796,    357.749,
   49,      120.8,    181.269,     358.859,    359.353,
   50,      123.3,    181.057,     360.108,    360.864,
   51,      125.8,    181.159,     361.836,    362.288,
   52,      128.3,    181.123,     363.290,    363.628,
   53,      130.8,    181.130,     364.655,    364.888,
   54,      133.3,    181.174,     366.223,    366.074,
   55,      135.8,    181.174,     366.775,    367.188,
   56,      138.3,    181.152,     368.199,    368.234,
   57,      140.8,    181.174,     369.259,    369.217,
   58,      143.3,    181.203,     370.027,    370.140,
   59,      145.8,    181.240,     370.504,    371.006,
   60,      148.3,    181.159,     371.772,    371.818,
   61,      150.8,    181.196,     373.629,    372.580,
   62,      153.3,    181.276,     372.636,    373.293,
   63,      155.8,    181.115,     374.623,    373.963,
   64,      158.3,    181.218,     376.067,    374.590,
   65,      160.8,    181.123,     375.988,    375.177,
   66,      163.3,    181.210,     375.806,    375.727,
   67,      165.8,    181.262,     376.252,    376.242,
   68,      168.3,    181.159,     378.120,    376.724,
   69,      170.8,    181.057,     377.230,    377.176,
   70,      175.8,    179.799,     378.757,    378.516,
----,
DateTime:        , 2025/11/19, 16:41:21, 1763584881534,
RFID_EPC:        ,--Not Acquired--,
RFID_UserData:   ,--Not Acquired--,
Barcode:         ,--Not Acquired--,
PIF:,            0.00,
PARs:,            0.0,     0.0,     0.0,     0.0,     0.0,     0.0,
Light:,           0.0,     0.0,     0.0,     0.0,     0.0,     0.0,
Cycles:,            1,
                    1,      69,      70,      70,
Lamps:,        #10000,
Gain:,              2,      50, 
SNR_raw:,     357.89,
Position:,        0.0,              0.0,   NoData,
DataPt,      Time(us),   EX,         EM,       Fit,
==========,==========,==========,==========,=========,
    0,        0.0,      0.000,       0.000,    137.740,
    1,        0.8,    161.226,     136.764,    142.533,
    2,        3.3,    179.966,     147.944,    148.163,
    3,        5.8,    180.119,     157.951,    154.054,
    4,        8.3,    180.229,     163.958,    160.150,
    5,       10.8,    180.419,     168.219,    166.406,
    6,       13.3,    180.390,     174.344,    172.775,
    7,       15.8,    180.522,     179.757,    179.224,
    8,       18.3,    180.375,     186.278,    185.715,
    9,       20.8,    180.507,     192.236,    192.226,
   10,       23.3,    180.749,     198.895,    198.737,
   11,       25.8,    180.610,     204.031,    205.215,
   12,       28.3,    180.478,     210.829,    211.641,
   13,       30.8,    180.741,     216.608,    218.008,
   14,       33.3,    180.770,     223.211,    224.295,
   15,       35.8,    180.895,     227.757,    230.490,
   16,       38.3,    180.770,     235.935,    236.576,
   17,       40.8,    180.917,     240.995,    242.549,
   18,       43.3,    180.807,     246.395,    248.394,
   19,       45.8,    180.880,     252.653,    254.106,
   20,       48.3,    180.814,     259.382,    259.677,
   21,       50.8,    180.902,     266.442,    265.102,
   22,       53.3,    180.990,     270.457,    270.379,
   23,       55.8,    180.983,     274.888,    275.501,
   24,       58.3,    181.070,     280.278,    280.467,
   25,       60.8,    180.961,     284.592,    285.271,
   26,       63.3,    180.961,     291.224,    289.915,
   27,       65.8,    181.100,     295.694,    294.399,
   28,       68.3,    181.070,     300.160,    298.721,
   29,       70.8,    180.961,     303.381,    302.881,
   30,       73.3,    181.100,     307.842,    306.883,
   31,       75.8,    180.983,     311.356,    310.726,
   32,       78.3,    181.202,     314.566,    314.416,
   33,       80.8,    181.048,     318.423,    317.950,
   34,       83.3,    181.114,     322.172,    321.335,
   35,       85.8,    180.858,     324.840,    324.572,
   36,       88.3,    181.122,     327.957,    327.666,
   37,       90.8,    181.078,     332.454,    330.620,
   38,       93.3,    181.180,     333.646,    333.438,
   39,       95.8,    181.085,     337.135,    336.124,
   40,       98.3,    181.048,     338.031,    338.682,
   41,      100.8,    181.202,     340.504,    341.117,
   42,      103.3,    180.975,     343.141,    343.432,
   43,      105.8,    181.136,     345.872,    345.633,
   44,      108.3,    180.983,     346.995,    347.722,
   45,      110.8,    181.041,     349.921,    349.706,
   46,      113.3,    181.034,     351.316,    351.587,
   47,      115.8,    181.041,     353.511,    353.371,
   48,      118.3,    181.070,     354.282,    355.060,
   49,      120.8,    181.107,     356.143,    356.661,
   50,      123.3,    181.143,     357.727,    358.175,
   51,      125.8,    181.202,     358.716,    359.608,
   52,      128.3,    181.070,     360.909,    360.964,
   53,      130.8,    181.304,     361.547,    362.245,
   54,      133.3,    181.239,     363.609,    363.455,
   55,      135.8,    181.158,     364.599,    364.599,
   56,      138.3,    181.195,     364.801,    365.679,
   57,      140.8,    181.187,     367.299,    366.699,
   58,      143.3,    181.005,     367.670,    367.662,
   59,      145.8,    181.239,     368.851,    368.569,
   60,      148.3,    181.268,     368.791,    369.424,
   61,      150.8,    181.261,     369.634,    370.231,
   62,      153.3,    181.034,     371.478,    370.993,
   63,      155.8,    181.451,     371.175,    371.708,
   64,      158.3,    181.136,     371.820,    372.384,
   65,      160.8,    181.304,     373.405,    373.020,
   66,      163.3,    181.107,     374.641,    373.620,
   67,      165.8,    181.180,     374.213,    374.184,
   68,      168.3,    181.261,     375.426,    374.715,
   69,      170.8,    181.151,     375.930,    375.216,
   70,      175.8,    179.717,     377.816,    377.440,
----,
DateTime:        , 2025/11/19, 16:41:24, 1763584884060,
RFID_EPC:        ,--Not Acquired--,
RFID_UserData:   ,--Not Acquired--,
Barcode:         ,--Not Acquired--,
PIF:,            0.00,
PARs:,            0.0,     0.0,     0.0,     0.0,     0.0,     0.0,
Light:,           0.0,     0.0,     0.0,     0.0,     0.0,     0.0,
Cycles:,            1,
                    1,      69,      70,      70,
Lamps:,        #10000,
Gain:,              2,      50, 
SNR_raw:,     328.22,
Position:,        0.0,              0.0,   NoData,
DataPt,      Time(us),   EX,         EM,       Fit,
==========,==========,==========,==========,=========,
    0,        0.0,      0.000,       0.000,    136.537,
    1,        0.8,    161.105,     135.936,    141.489,
    2,        3.3,    180.072,     147.128,    147.256,
    3,        5.8,    180.094,     157.140,    153.241,
    4,        8.3,    180.328,     163.036,    159.405,
    5,       10.8,    180.248,     167.547,    165.702,
    6,       13.3,    180.328,     173.849,    172.103,
    7,       15.8,    180.497,     178.951,    178.580,
    8,       18.3,    180.563,     185.254,    185.101,
    9,       20.8,    180.482,     190.601,    191.638,
   10,       23.3,    180.482,     197.527,    198.172,
   11,       25.8,    180.563,     204.084,    204.682,
   12,       28.3,    180.855,     210.942,    211.159,
   13,       30.8,    180.701,     215.826,    217.571,
   14,       33.3,    180.738,     222.698,    223.911,
   15,       35.8,    180.789,     228.719,    230.163,
   16,       38.3,    180.804,     234.785,    236.315,
   17,       40.8,    180.797,     241.155,    242.357,
   18,       43.3,    180.840,     247.456,    248.278,
   19,       45.8,    180.906,     253.446,    254.071,
   20,       48.3,    180.943,     259.474,    259.729,
   21,       50.8,    180.877,     265.374,    265.242,
   22,       53.3,    181.023,     270.960,    270.609,
   23,       55.8,    180.826,     275.403,    275.819,
   24,       58.3,    181.082,     281.917,    280.878,
   25,       60.8,    180.862,     285.853,    285.773,
   26,       63.3,    181.140,     290.383,    290.511,
   27,       65.8,    180.914,     295.445,    295.084,
   28,       68.3,    181.089,     299.576,    299.497,
   29,       70.8,    181.082,     304.006,    303.746,
   30,       73.3,    181.038,     309.604,    307.833,
   31,       75.8,    180.789,     312.242,    311.757,
   32,       78.3,    181.067,     317.285,    315.526,
   33,       80.8,    181.075,     320.310,    319.138,
   34,       83.3,    181.104,     323.571,    322.597,
   35,       85.8,    181.214,     327.238,    325.906,
   36,       88.3,    181.235,     328.302,    329.068,
   37,       90.8,    181.104,     332.958,    332.086,
   38,       93.3,    181.170,     334.769,    334.964,
   39,       95.8,    181.301,     338.111,    337.707,
   40,       98.3,    181.001,     341.434,    340.318,
   41,      100.8,    180.943,     342.650,    342.801,
   42,      103.3,    181.235,     344.579,    345.163,
   43,      105.8,    180.979,     348.382,    347.405,
   44,      108.3,    181.177,     349.106,    349.534,
   45,      110.8,    181.162,     350.514,    351.553,
   46,      113.3,    181.148,     352.475,    353.467,
   47,      115.8,    181.031,     354.360,    355.280,
   48,      118.3,    181.199,     356.790,    356.997,
   49,      120.8,    181.331,     357.634,    358.622,
   50,      123.3,    181.096,     359.201,    360.159,
   51,      125.8,    181.096,     360.305,    361.612,
   52,      128.3,    180.987,     363.010,    362.985,
   53,      130.8,    181.140,     362.426,    364.282,
   54,      133.3,    181.133,     366.029,    365.506,
   55,      135.8,    180.972,     366.631,    366.662,
   56,      138.3,    181.177,     367.596,    367.752,
   57,      140.8,    181.155,     369.573,    368.780,
   58,      143.3,    181.206,     369.469,    369.748,
   59,      145.8,    181.170,     370.371,    370.662,
   60,      148.3,    181.279,     370.974,    371.521,
   61,      150.8,    181.184,     372.273,    372.332,
   62,      153.3,    181.206,     372.780,    373.095,
   63,      155.8,    181.214,     374.144,    373.814,
   64,      158.3,    181.177,     374.220,    374.490,
   65,      160.8,    181.067,     374.723,    375.128,
   66,      163.3,    181.162,     376.734,    375.726,
   67,      165.8,    181.140,     377.332,    376.290,
   68,      168.3,    181.192,     377.777,    376.819,
   69,      170.8,    181.331,     378.315,    377.316,
   70,      175.8,    179.780,     379.631,    379.380,
----,
DateTime:        , 2025/11/19, 16:41:26, 1763584886606,
RFID_EPC:        ,--Not Acquired--,
RFID_UserData:   ,--Not Acquired--,
Barcode:         ,--Not Acquired--,
PIF:,            0.00,
PARs:,            0.0,     0.0,     0.0,     0.0,     0.0,     0.0,
Light:,           0.0,     0.0,     0.0,     0.0,     0.0,     0.0,
Cycles:,            1,
                    1,      69,      70,      70,
Lamps:,        #10000,
Gain:,              2,      50, 
SNR_raw:,     258.11,
Position:,        0.0,              0.0,   NoData,
DataPt,      Time(us),   EX,         EM,       Fit,
==========,==========,==========,==========,=========,
    0,        0.0,      0.000,       0.000,    136.331,
    1,        0.8,    161.281,     136.098,    141.391,
    2,        3.3,    179.956,     147.351,    147.200,
    3,        5.8,    180.081,     157.430,    153.171,
    4,        8.3,    180.315,     161.385,    159.283,
    5,       10.8,    180.249,     167.269,    165.502,
    6,       13.3,    180.344,     173.003,    171.813,
    7,       15.8,    180.541,     178.629,    178.197,
    8,       18.3,    180.519,     185.299,    184.628,
    9,       20.8,    180.527,     189.723,    191.088,
   10,       23.3,    180.746,     198.898,    197.564,
   11,       25.8,    180.534,     202.732,    204.026,
   12,       28.3,    180.885,     209.525,    210.475,
   13,       30.8,    180.834,     215.944,    216.883,
   14,       33.3,    180.841,     222.571,    223.236,
   15,       35.8,    180.761,     228.202,    229.519,
   16,       38.3,    180.900,     233.555,    235.724,
   17,       40.8,    180.732,     240.412,    241.830,
   18,       43.3,    180.871,     245.756,    247.835,
   19,       45.8,    180.834,     252.165,    253.724,
   20,       48.3,    180.871,     259.025,    259.489,
   21,       50.8,    180.922,     265.584,    265.123,
   22,       53.3,    181.097,     270.849,    270.619,
   23,       55.8,    180.900,     276.120,    275.965,
   24,       58.3,    180.973,     282.086,    281.159,
   25,       60.8,    180.914,     288.258,    286.195,
   26,       63.3,    180.929,     291.551,    291.071,
   27,       65.8,    181.053,     297.150,    295.786,
   28,       68.3,    180.936,     301.487,    300.333,
   29,       70.8,    181.061,     306.527,    304.716,
   30,       73.3,    180.863,     310.456,    308.928,
   31,       75.8,    181.075,     313.129,    312.978,
   32,       78.3,    180.922,     318.370,    316.860,
   33,       80.8,    181.258,     321.089,    320.583,
   34,       83.3,    181.046,     324.227,    324.142,
   35,       85.8,    181.039,     329.211,    327.541,
   36,       88.3,    181.083,     330.236,    330.786,
   37,       90.8,    181.280,     333.737,    333.880,
   38,       93.3,    180.922,     337.162,    336.822,
   39,       95.8,    180.914,     340.492,    339.621,
   40,       98.3,    181.090,     342.923,    342.280,
   41,      100.8,    181.112,     343.986,    344.805,
   42,      103.3,    181.068,     347.935,    347.198,
   43,      105.8,    181.222,     349.296,    349.466,
   44,      108.3,    181.127,     351.136,    351.613,
   45,      110.8,    181.024,     352.163,    353.643,
   46,      113.3,    181.163,     354.377,    355.561,
   47,      115.8,    181.105,     354.767,    357.373,
   48,      118.3,    181.068,     357.876,    359.083,
   49,      120.8,    181.127,     359.417,    360.696,
   50,      123.3,    181.075,     361.176,    362.217,
   51,      125.8,    181.039,     363.182,    363.649,
   52,      128.3,    181.075,     365.317,    364.997,
   53,      130.8,    181.236,     364.993,    366.266,
   54,      133.3,    181.090,     365.288,    367.459,
   55,      135.8,    181.258,     367.156,    368.581,
   56,      138.3,    181.112,     369.937,    369.636,
   57,      140.8,    181.244,     370.496,    370.626,
   58,      143.3,    181.331,     371.144,    371.555,
   59,      145.8,    181.178,     373.666,    372.428,
   60,      148.3,    181.141,     373.466,    373.248,
   61,      150.8,    181.178,     374.770,    374.016,
   62,      153.3,    181.266,     375.140,    374.736,
   63,      155.8,    181.024,     374.259,    375.412,
   64,      158.3,    181.097,     377.421,    376.046,
   65,      160.8,    181.141,     375.950,    376.639,
   66,      163.3,    181.266,     380.381,    377.194,
   67,      165.8,    181.288,     378.680,    377.714,
   68,      168.3,    181.222,     378.818,    378.201,
   69,      170.8,    181.280,     379.799,    378.657,
   70,      175.8,    179.744,     380.541,    380.378,
----,
DateTime:        , 2025/11/19, 16:41:29, 1763584889153,
RFID_EPC:        ,--Not Acquired--,
RFID_UserData:   ,--Not Acquired--,
Barcode:         ,--Not Acquired--,
PIF:,            0.00,
PARs:,            0.0,     0.0,     0.0,     0.0,     0.0,     0.0,
Light:,           0.0,     0.0,     0.0,     0.0,     0.0,     0.0,
Cycles:,            1,
                    1,      69,      70,      70,
Lamps:,        #10000,
Gain:,              2,      50, 
SNR_raw:,     360.38,
Position:,        0.0,              0.0,   NoData,
DataPt,      Time(us),   EX,         EM,       Fit,
==========,==========,==========,==========,=========,
    0,        0.0,      0.000,       0.000,    136.251,
    1,        0.8,    161.275,     135.483,    141.379,
    2,        3.3,    179.969,     147.855,    147.291,
    3,        5.8,    180.276,     158.923,    153.389,
    4,        8.3,    180.232,     162.568,    159.630,
    5,       10.8,    180.452,     167.081,    165.989,
    6,       13.3,    180.174,     173.444,    172.425,
    7,       15.8,    180.430,     179.571,    178.926,
    8,       18.3,    180.371,     185.174,    185.461,
    9,       20.8,    180.532,     192.210,    192.015,
   10,       23.3,    180.635,     198.190,    198.564,
   11,       25.8,    180.605,     202.929,    205.088,
   12,       28.3,    180.752,     210.233,    211.574,
   13,       30.8,    180.605,     217.048,    217.999,
   14,       33.3,    180.803,     223.171,    224.356,
   15,       35.8,    180.810,     229.799,    230.628,
   16,       38.3,    180.810,     235.606,    236.803,
   17,       40.8,    180.766,     241.472,    242.869,
   18,       43.3,    180.752,     247.577,    248.816,
   19,       45.8,    180.825,     254.390,    254.637,
   20,       48.3,    180.722,     258.961,    260.322,
   21,       50.8,    180.817,     265.738,    265.867,
   22,       53.3,    181.117,     270.819,    271.271,
   23,       55.8,    181.037,     276.739,    276.522,
   24,       58.3,    181.044,     281.423,    281.616,
   25,       60.8,    181.044,     288.604,    286.550,
   26,       63.3,    181.146,     292.305,    291.325,
   27,       65.8,    181.037,     297.177,    295.934,
   28,       68.3,    181.015,     301.909,    300.378,
   29,       70.8,    180.781,     304.789,    304.655,
   30,       73.3,    181.008,     309.656,    308.771,
   31,       75.8,    180.971,     313.586,    312.725,
   32,       78.3,    180.964,     317.743,    316.517,
   33,       80.8,    180.978,     321.309,    320.151,
   34,       83.3,    181.139,     324.336,    323.631,
   35,       85.8,    181.300,     327.358,    326.959,
   36,       88.3,    181.073,     330.529,    330.135,
   37,       90.8,    181.066,     333.028,    333.165,
   38,       93.3,    181.256,     336.264,    336.054,
   39,       95.8,    181.051,     339.130,    338.804,
   40,       98.3,    181.044,     342.734,    341.419,
   41,      100.8,    181.059,     345.192,    343.905,
   42,      103.3,    181.066,     347.111,    346.266,
   43,      105.8,    181.125,     347.827,    348.507,
   44,      108.3,    181.315,     350.771,    350.633,
   45,      110.8,    180.956,     351.742,    352.646,
   46,      113.3,    181.242,     353.948,    354.552,
   47,      115.8,    181.278,     355.531,    356.357,
   48,      118.3,    181.154,     357.155,    358.064,
   49,      120.8,    181.073,     359.247,    359.677,
   50,      123.3,    181.051,     360.395,    361.200,
   51,      125.8,    181.088,     361.427,    362.639,
   52,      128.3,    181.183,     363.169,    363.997,
   53,      130.8,    181.183,     365.100,    365.277,
   54,      133.3,    181.176,     366.219,    366.485,
   55,      135.8,    181.022,     367.635,    367.624,
   56,      138.3,    181.183,     366.756,    368.696,
   57,      140.8,    181.168,     368.994,    369.706,
   58,      143.3,    181.322,     369.508,    370.656,
   59,      145.8,    181.168,     371.754,    371.551,
   60,      148.3,    181.329,     372.527,    372.393,
   61,      150.8,    181.117,     373.515,    373.185,
   62,      153.3,    181.015,     375.660,    373.930,
   63,      155.8,    181.095,     374.665,    374.631,
   64,      158.3,    181.081,     376.352,    375.289,
   65,      160.8,    181.242,     376.845,    375.907,
   66,      163.3,    181.227,     377.427,    376.487,
   67,      165.8,    181.417,     378.685,    377.031,
   68,      168.3,    181.307,     378.363,    377.543,
   69,      170.8,    181.168,     379.481,    378.025,
   70,      175.8,    179.706,     379.788,    379.691,
----,
DateTime:        , 2025/11/19, 16:41:31, 1763584891641,
RFID_EPC:        ,--Not Acquired--,
RFID_UserData:   ,--Not Acquired--,
Barcode:         ,--Not Acquired--,
PIF:,            0.00,
PARs:,            0.0,     0.0,     0.0,     0.0,     0.0,     0.0,
Light:,           0.0,     0.0,     0.0,     0.0,     0.0,     0.0,
Cycles:,            1,
                    1,      69,      70,      70,
Lamps:,        #10000,
Gain:,              2,      50, 
SNR_raw:,     347.48,
Position:,        0.0,              0.0,   NoData,
DataPt,      Time(us),   EX,         EM,       Fit,
==========,==========,==========,==========,=========,
    0,        0.0,      0.000,       0.000,    136.647,
    1,        0.8,    161.274,     136.103,    141.799,
    2,        3.3,    179.973,     148.066,    147.710,
    3,        5.8,    180.126,     158.777,    153.777,
    4,        8.3,    180.163,     162.075,    159.970,
    5,       10.8,    180.309,     167.767,    166.269,
    6,       13.3,    180.382,     173.520,    172.648,
    7,       15.8,    180.178,     178.435,    179.075,
    8,       18.3,    180.529,     185.289,    185.549,
    9,       20.8,    180.551,     193.021,    192.039,
   10,       23.3,    180.536,     198.575,    198.527,
   11,       25.8,    180.660,     205.635,    204.998,
   12,       28.3,    180.733,     210.254,    211.435,
   13,       30.8,    180.807,     216.806,    217.823,
   14,       33.3,    180.712,     222.177,    224.142,
   15,       35.8,    180.719,     227.978,    230.383,
   16,       38.3,    180.807,     235.058,    236.536,
   17,       40.8,    180.551,     241.484,    242.579,
   18,       43.3,    180.843,     247.452,    248.517,
   19,       45.8,    180.865,     253.504,    254.333,
   20,       48.3,    180.763,     259.733,    260.016,
   21,       50.8,    180.872,     265.657,    265.565,
   22,       53.3,    180.953,     271.065,    270.970,
   23,       55.8,    180.997,     277.353,    276.227,
   24,       58.3,    181.077,     282.752,    281.331,
   25,       60.8,    181.231,     286.375,    286.280,
   26,       63.3,    181.099,     291.277,    291.065,
   27,       65.8,    180.814,     297.544,    295.682,
   28,       68.3,    180.887,     301.293,    300.136,
   29,       70.8,    180.865,     306.306,    304.425,
   30,       73.3,    180.858,     309.359,    308.550,
   31,       75.8,    181.055,     313.716,    312.513,
   32,       78.3,    181.011,     317.660,    316.315,
   33,       80.8,    181.063,     320.055,    319.956,
   34,       83.3,    181.106,     323.567,    323.440,
   35,       85.8,    181.136,     325.999,    326.770,
   36,       88.3,    181.238,     329.677,    329.949,
   37,       90.8,    181.055,     333.048,    332.978,
   38,       93.3,    181.106,     336.266,    335.864,
   39,       95.8,    181.223,     339.084,    338.610,
   40,       98.3,    181.011,     340.586,    341.219,
   41,      100.8,    181.077,     343.776,    343.698,
   42,      103.3,    180.982,     345.891,    346.049,
   43,      105.8,    181.223,     349.293,    348.279,
   44,      108.3,    181.114,     350.056,    350.392,
   45,      110.8,    181.136,     351.946,    352.392,
   46,      113.3,    181.180,     352.965,    354.283,
   47,      115.8,    181.289,     354.958,    356.072,
   48,      118.3,    181.165,     357.133,    357.762,
   49,      120.8,    181.158,     359.080,    359.357,
   50,      123.3,    181.136,     360.503,    360.862,
   51,      125.8,    181.092,     362.247,    362.282,
   52,      128.3,    181.165,     362.929,    363.620,
   53,      130.8,    181.194,     363.974,    364.881,
   54,      133.3,    181.253,     365.788,    366.068,
   55,      135.8,    181.370,     366.103,    367.185,
   56,      138.3,    181.223,     366.950,    368.237,
   57,      140.8,    181.201,     367.823,    369.226,
   58,      143.3,    181.158,     370.120,    370.157,
   59,      145.8,    181.216,     369.724,    371.031,
   60,      148.3,    181.055,     371.158,    371.853,
   61,      150.8,    181.260,     373.773,    372.624,
   62,      153.3,    181.223,     374.400,    373.349,
   63,      155.8,    181.114,     374.074,    374.029,
   64,      158.3,    181.106,     374.918,    374.668,
   65,      160.8,    181.245,     374.630,    375.267,
   66,      163.3,    181.340,     376.088,    375.828,
   67,      165.8,    181.172,     377.541,    376.355,
   68,      168.3,    181.348,     378.555,    376.849,
   69,      170.8,    181.121,     379.028,    377.313,
   70,      175.8,    179.746,     379.424,    379.025,
----,
DateTime:        , 2025/11/19, 16:41:34, 1763584894192,
RFID_EPC:        ,--Not Acquired--,
RFID_UserData:   ,--Not Acquired--,
Barcode:         ,--Not Acquired--,
PIF:,            0.00,
PARs:,            0.0,     0.0,     0.0,     0.0,     0.0,     0.0,
Light:,           0.0,     0.0,     0.0,     0.0,     0.0,     0.0,
Cycles:,            1,
                    1,      69,      70,      70,
Lamps:,        #10000,
Gain:,              2,      50, 
SNR_raw:,     327.10,
Position:,        0.0,              0.0,   NoData,
DataPt,      Time(us),   EX,         EM,       Fit,
==========,==========,==========,==========,=========,
    0,        0.0,      0.000,       0.000,    136.780,
    1,        0.8,    161.193,     136.483,    141.692,
    2,        3.3,    179.930,     146.980,    147.340,
    3,        5.8,    180.011,     156.380,    153.148,
    4,        8.3,    180.223,     161.189,    159.099,
    5,       10.8,    180.259,     167.536,    165.166,
    6,       13.3,    180.333,     171.905,    171.329,
    7,       15.8,    180.362,     177.698,    177.567,
    8,       18.3,    180.472,     185.625,    183.864,
    9,       20.8,    180.618,     189.627,    190.203,
   10,       23.3,    180.493,     196.683,    196.557,
   11,       25.8,    180.669,     202.580,    202.920,
   12,       28.3,    180.603,     208.745,    209.267,
   13,       30.8,    180.735,     215.232,    215.589,
   14,       33.3,    180.647,     221.426,    221.864,
   15,       35.8,    180.801,     227.322,    228.085,
   16,       38.3,    180.618,     232.258,    234.230,
   17,       40.8,    180.910,     239.345,    240.300,
   18,       43.3,    180.888,     244.902,    246.272,
   19,       45.8,    180.881,     251.270,    252.138,
   20,       48.3,    180.940,     257.268,    257.889,
   21,       50.8,    180.947,     263.337,    263.515,
   22,       53.3,    180.830,     268.761,    269.003,
   23,       55.8,    180.991,     274.047,    274.355,
   24,       58.3,    180.815,     279.844,    279.555,
   25,       60.8,    180.954,     285.155,    284.606,
   26,       63.3,    181.086,     289.365,    289.503,
   27,       65.8,    180.925,     294.045,    294.237,
   28,       68.3,    180.991,     300.292,    298.808,
   29,       70.8,    181.042,     304.073,    303.216,
   30,       73.3,    181.042,     307.663,    307.458,
   31,       75.8,    181.137,     312.471,    311.536,
   32,       78.3,    180.998,     317.130,    315.447,
   33,       80.8,    181.057,     319.789,    319.195,
   34,       83.3,    181.049,     325.050,    322.780,
   35,       85.8,    181.137,     326.548,    326.207,
   36,       88.3,    181.203,     329.741,    329.477,
   37,       90.8,    181.042,     333.624,    332.592,
   38,       93.3,    181.210,     335.798,    335.559,
   39,       95.8,    180.859,     337.556,    338.376,
   40,       98.3,    181.283,     340.627,    341.056,
   41,      100.8,    181.093,     343.470,    343.596,
   42,      103.3,    181.079,     345.430,    346.004,
   43,      105.8,    181.218,     349.028,    348.285,
   44,      108.3,    181.203,     349.332,    350.442,
   45,      110.8,    181.166,     352.163,    352.482,
   46,      113.3,    181.196,     355.141,    354.408,
   47,      115.8,    181.086,     355.356,    356.225,
   48,      118.3,    181.276,     357.190,    357.939,
   49,      120.8,    181.159,     359.905,    359.554,
   50,      123.3,    181.027,     360.167,    361.075,
   51,      125.8,    181.159,     362.665,    362.507,
   52,      128.3,    181.283,     362.692,    363.854,
   53,      130.8,    181.239,     363.883,    365.120,
   54,      133.3,    181.269,     367.135,    366.309,
   55,      135.8,    181.232,     365.277,    367.426,
   56,      138.3,    181.137,     367.953,    368.475,
   57,      140.8,    181.079,     368.348,    369.460,
   58,      143.3,    181.005,     370.155,    370.383,
   59,      145.8,    181.093,     370.527,    371.249,
   60,      148.3,    181.181,     372.280,    372.059,
   61,      150.8,    181.174,     372.571,    372.819,
   62,      153.3,    181.122,     373.228,    373.531,
   63,      155.8,    181.225,     374.673,    374.197,
   64,      158.3,    181.298,     375.073,    374.821,
   65,      160.8,    181.342,     375.258,    375.404,
   66,      163.3,    181.159,     376.741,    375.950,
   67,      165.8,    181.276,     377.049,    376.461,
   68,      168.3,    181.356,     377.709,    376.938,
   69,      170.8,    181.181,     378.627,    377.385,
   70,      175.8,    179.704,     379.514,    378.995,
----,
DateTime:        , 2025/11/19, 16:41:36, 1763584896746,
RFID_EPC:        ,--Not Acquired--,
RFID_UserData:   ,--Not Acquired--,
Barcode:         ,--Not Acquired--,
PIF:,            0.00,
PARs:,            0.0,     0.0,     0.0,     0.0,     0.0,     0.0,
Light:,           0.0,     0.0,     0.0,     0.0,     0.0,     0.0,
Cycles:,            1,
                    1,      69,      70,      70,
Lamps:,        #10000,
Gain:,              2,      50, 
SNR_raw:,     335.59,
Position:,        0.0,              0.0,   NoData,
DataPt,      Time(us),   EX,         EM,       Fit,
==========,==========,==========,==========,=========,
    0,        0.0,      0.000,       0.000,    135.381,
    1,        0.8,    161.066,     134.727,    140.358,
    2,        3.3,    179.944,     145.578,    146.099,
    3,        5.8,    179.988,     155.288,    152.015,
    4,        8.3,    180.120,     161.004,    158.080,
    5,       10.8,    180.325,     166.367,    164.273,
    6,       13.3,    180.456,     171.510,    170.565,
    7,       15.8,    180.427,     179.020,    176.931,
    8,       18.3,    180.559,     184.428,    183.353,
    9,       20.8,    180.734,     189.505,    189.813,
   10,       23.3,    180.581,     195.757,    196.282,
   11,       25.8,    180.624,     202.354,    202.747,
   12,       28.3,    180.712,     208.619,    209.193,
   13,       30.8,    180.698,     214.723,    215.601,
   14,       33.3,    180.551,     220.990,    221.951,
   15,       35.8,    180.800,     225.387,    228.241,
   16,       38.3,    180.771,     232.615,    234.449,
   17,       40.8,    180.807,     238.652,    240.565,
   18,       43.3,    180.968,     245.071,    246.580,
   19,       45.8,    180.946,     250.903,    252.480,
   20,       48.3,    180.961,     258.067,    258.255,
   21,       50.8,    181.056,     263.454,    263.900,
   22,       53.3,    180.954,     268.853,    269.402,
   23,       55.8,    180.910,     276.105,    274.755,
   24,       58.3,    180.917,     281.621,    279.956,
   25,       60.8,    180.873,     286.389,    284.998,
   26,       63.3,    180.888,     291.894,    289.880,
   27,       65.8,    180.917,     294.887,    294.599,
   28,       68.3,    181.122,     300.074,    299.155,
   29,       70.8,    180.917,     305.112,    303.541,
   30,       73.3,    181.107,     309.209,    307.763,
   31,       75.8,    180.917,     311.469,    311.815,
   32,       78.3,    181.253,     315.856,    315.705,
   33,       80.8,    181.005,     320.710,    319.428,
   34,       83.3,    180.961,     323.827,    322.989,
   35,       85.8,    181.122,     327.680,    326.391,
   36,       88.3,    180.990,     330.957,    329.636,
   37,       90.8,    180.961,     332.668,    332.728,
   38,       93.3,    180.983,     335.943,    335.671,
   39,       95.8,    181.056,     338.017,    338.471,
   40,       98.3,    181.071,     341.303,    341.129,
   41,      100.8,    181.078,     342.394,    343.652,
   42,      103.3,    181.122,     344.519,    346.044,
   43,      105.8,    181.107,     348.965,    348.310,
   44,      108.3,    181.202,     349.057,    350.454,
   45,      110.8,    181.107,     352.830,    352.482,
   46,      113.3,    181.210,     353.734,    354.398,
   47,      115.8,    181.049,     356.258,    356.206,
   48,      118.3,    181.078,     357.029,    357.913,
   49,      120.8,    181.275,     358.019,    359.522,
   50,      123.3,    181.319,     360.965,    361.038,
   51,      125.8,    181.239,     361.953,    362.466,
   52,      128.3,    181.261,     362.737,    363.810,
   53,      130.8,    181.144,     364.351,    365.075,
   54,      133.3,    181.180,     365.934,    366.264,
   55,      135.8,    181.173,     365.948,    367.381,
   56,      138.3,    181.210,     368.082,    368.431,
   57,      140.8,    181.166,     368.723,    369.417,
   58,      143.3,    181.239,     370.781,    370.342,
   59,      145.8,    181.049,     371.447,    371.211,
   60,      148.3,    181.210,     371.669,    372.025,
   61,      150.8,    181.305,     372.026,    372.788,
   62,      153.3,    181.312,     373.941,    373.504,
   63,      155.8,    181.327,     374.187,    374.174,
   64,      158.3,    181.378,     374.357,    374.802,
   65,      160.8,    181.136,     376.512,    375.391,
   66,      163.3,    181.210,     376.360,    375.943,
   67,      165.8,    181.071,     376.925,    376.460,
   68,      168.3,    181.180,     377.248,    376.943,
   69,      170.8,    181.085,     377.999,    377.396,
   70,      175.8,    179.761,     379.948,    379.095,
----,
DateTime:        , 2025/11/19, 16:41:39, 1763584899277,
RFID_EPC:        ,--Not Acquired--,
RFID_UserData:   ,--Not Acquired--,
Barcode:         ,--Not Acquired--,
PIF:,            0.00,
PARs:,            0.0,     0.0,     0.0,     0.0,     0.0,     0.0,
Light:,           0.0,     0.0,     0.0,     0.0,     0.0,     0.0,
Cycles:,            1,
                    1,      69,      70,      70,
Lamps:,        #10000,
Gain:,              2,      50, 
SNR_raw:,     402.76,
Position:,        0.0,              0.0,   NoData,
DataPt,      Time(us),   EX,         EM,       Fit,
==========,==========,==========,==========,=========,
    0,        0.0,      0.000,       0.000,    136.335,
    1,        0.8,    161.200,     136.167,    141.291,
    2,        3.3,    180.005,     147.101,    147.011,
    3,        5.8,    180.063,     156.889,    152.906,
    4,        8.3,    180.297,     162.787,    158.952,
    5,       10.8,    180.305,     167.217,    165.115,
    6,       13.3,    180.400,     172.118,    171.371,
    7,       15.8,    180.444,     177.618,    177.697,
    8,       18.3,    180.531,     184.732,    184.071,
    9,       20.8,    180.634,     190.441,    190.474,
   10,       23.3,    180.700,     195.352,    196.886,
   11,       25.8,    180.568,     202.694,    203.283,
   12,       28.3,    180.619,     208.726,    209.654,
   13,       30.8,    180.714,     214.980,    215.984,
   14,       33.3,    180.795,     220.139,    222.259,
   15,       35.8,    180.729,     227.136,    228.461,
   16,       38.3,    180.824,     233.929,    234.582,
   17,       40.8,    180.817,     239.746,    240.608,
   18,       43.3,    180.861,     245.217,    246.529,
   19,       45.8,    180.839,     252.159,    252.333,
   20,       48.3,    180.875,     256.531,    258.014,
   21,       50.8,    180.970,     263.579,    263.564,
   22,       53.3,    181.007,     269.051,    268.976,
   23,       55.8,    180.926,     274.145,    274.240,
   24,       58.3,    181.029,     278.961,    279.356,
   25,       60.8,    180.868,     284.185,    284.314,
   26,       63.3,    180.985,     290.356,    289.115,
   27,       65.8,    181.029,     294.152,    293.757,
   28,       68.3,    180.985,     299.196,    298.235,
   29,       70.8,    180.926,     303.991,    302.549,
   30,       73.3,    181.131,     308.616,    306.702,
   31,       75.8,    181.014,     311.578,    310.690,
   32,       78.3,    180.999,     314.642,    314.516,
   33,       80.8,    180.999,     318.785,    318.180,
   34,       83.3,    180.926,     322.231,    321.686,
   35,       85.8,    181.109,     326.599,    325.038,
   36,       88.3,    180.963,     329.902,    328.235,
   37,       90.8,    181.102,     331.029,    331.285,
   38,       93.3,    181.307,     333.965,    334.191,
   39,       95.8,    181.102,     337.931,    336.953,
   40,       98.3,    181.226,     339.631,    339.579,
   41,      100.8,    181.102,     341.244,    342.071,
   42,      103.3,    181.307,     344.720,    344.435,
   43,      105.8,    181.087,     346.518,    346.675,
   44,      108.3,    181.204,     348.778,    348.796,
   45,      110.8,    181.241,     350.638,    350.802,
   46,      113.3,    181.102,     352.840,    352.699,
   47,      115.8,    181.109,     354.758,    354.490,
   48,      118.3,    181.065,     355.673,    356.181,
   49,      120.8,    181.175,     356.837,    357.776,
   50,      123.3,    181.153,     358.813,    359.280,
   51,      125.8,    181.212,     360.628,    360.697,
   52,      128.3,    181.102,     361.123,    362.032,
   53,      130.8,    181.270,     362.994,    363.288,
   54,      133.3,    181.117,     363.578,    364.470,
   55,      135.8,    181.124,     364.944,    365.581,
   56,      138.3,    181.168,     365.407,    366.625,
   57,      140.8,    181.219,     367.511,    367.607,
   58,      143.3,    180.948,     369.166,    368.529,
   59,      145.8,    181.029,     369.278,    369.394,
   60,      148.3,    181.204,     370.300,    370.206,
   61,      150.8,    181.351,     371.656,    370.967,
   62,      153.3,    181.014,     371.242,    371.682,
   63,      155.8,    181.204,     372.508,    372.352,
   64,      158.3,    181.153,     372.889,    372.980,
   65,      160.8,    181.043,     374.772,    373.569,
   66,      163.3,    181.146,     375.112,    374.121,
   67,      165.8,    181.263,     375.698,    374.637,
   68,      168.3,    181.255,     375.989,    375.121,
   69,      170.8,    181.234,     377.138,    375.573,
   70,      175.8,    179.778,     376.854,    376.840,
----,
DateTime:        , 2025/11/19, 16:41:41, 1763584901767,
RFID_EPC:        ,--Not Acquired--,
RFID_UserData:   ,--Not Acquired--,
Barcode:         ,--Not Acquired--,
PIF:,            0.00,
PARs:,            0.0,     0.0,     0.0,     0.0,     0.0,     0.0,
Light:,           0.0,     0.0,     0.0,     0.0,     0.0,     0.0,
Cycles:,            1,
                    1,      69,      70,      70,
Lamps:,        #10000,
Gain:,              2,      50, 
SNR_raw:,     300.44,
Position:,        0.0,              0.0,   NoData,
DataPt,      Time(us),   EX,         EM,       Fit,
==========,==========,==========,==========,=========,
    0,        0.0,      0.000,       0.000,    136.738,
    1,        0.8,    161.435,     135.968,    141.627,
    2,        3.3,    179.777,     147.494,    147.279,
    3,        5.8,    180.274,     157.815,    153.141,
    4,        8.3,    180.259,     160.879,    159.164,
    5,       10.8,    180.406,     167.123,    165.321,
    6,       13.3,    180.216,     173.403,    171.573,
    7,       15.8,    180.574,     179.151,    177.909,
    8,       18.3,    180.552,     184.158,    184.295,
    9,       20.8,    180.735,     190.334,    190.713,
   10,       23.3,    180.559,     196.057,    197.132,
   11,       25.8,    180.603,     202.931,    203.540,
   12,       28.3,    180.713,     209.448,    209.920,
   13,       30.8,    180.647,     216.721,    216.251,
   14,       33.3,    180.669,     220.846,    222.521,
   15,       35.8,    180.713,     226.326,    228.717,
   16,       38.3,    180.925,     232.970,    234.829,
   17,       40.8,    180.903,     238.249,    240.841,
   18,       43.3,    180.918,     246.521,    246.742,
   19,       45.8,    180.896,     251.526,    252.523,
   20,       48.3,    181.057,     257.378,    258.179,
   21,       50.8,    180.845,     263.763,    263.694,
   22,       53.3,    180.874,     268.419,    269.069,
   23,       55.8,    181.013,     275.947,    274.298,
   24,       58.3,    180.830,     279.545,    279.372,
   25,       60.8,    181.100,     284.649,    284.295,
   26,       63.3,    181.035,     290.276,    289.059,
   27,       65.8,    180.962,     294.261,    293.661,
   28,       68.3,    180.918,     299.031,    298.101,
   29,       70.8,    181.005,     302.753,    302.381,
   30,       73.3,    180.947,     308.101,    306.498,
   31,       75.8,    181.042,     311.254,    310.455,
   32,       78.3,    181.093,     314.755,    314.253,
   33,       80.8,    180.998,     320.445,    317.893,
   34,       83.3,    180.983,     322.958,    321.377,
   35,       85.8,    180.859,     325.944,    324.708,
   36,       88.3,    181.057,     328.903,    327.892,
   37,       90.8,    181.079,     331.624,    330.929,
   38,       93.3,    181.064,     333.308,    333.825,
   39,       95.8,    181.100,     335.725,    336.582,
   40,       98.3,    181.283,     339.524,    339.207,
   41,      100.8,    181.247,     341.523,    341.702,
   42,      103.3,    181.349,     344.088,    344.072,
   43,      105.8,    181.086,     345.140,    346.320,
   44,      108.3,    180.947,     347.892,    348.452,
   45,      110.8,    181.093,     349.544,    350.472,
   46,      113.3,    181.064,     352.086,    352.385,
   47,      115.8,    180.940,     352.604,    354.195,
   48,      118.3,    181.064,     354.571,    355.907,
   49,      120.8,    181.057,     356.518,    357.525,
   50,      123.3,    181.144,     358.830,    359.053,
   51,      125.8,    181.269,     360.239,    360.496,
   52,      128.3,    181.247,     361.110,    361.857,
   53,      130.8,    181.327,     362.604,    363.141,
   54,      133.3,    181.144,     363.522,    364.352,
   55,      135.8,    181.174,     364.291,    365.493,
   56,      138.3,    181.108,     365.252,    366.569,
   57,      140.8,    181.144,     367.939,    367.581,
   58,      143.3,    181.035,     367.609,    368.534,
   59,      145.8,    181.203,     369.475,    369.431,
   60,      148.3,    181.144,     370.699,    370.274,
   61,      150.8,    181.261,     370.735,    371.066,
   62,      153.3,    181.174,     372.571,    371.812,
   63,      155.8,    181.349,     371.659,    372.512,
   64,      158.3,    181.166,     375.070,    373.170,
   65,      160.8,    181.166,     373.966,    373.789,
   66,      163.3,    181.247,     375.731,    374.370,
   67,      165.8,    181.196,     377.217,    374.915,
   68,      168.3,    181.254,     375.716,    375.427,
   69,      170.8,    181.093,     376.050,    375.909,
   70,      175.8,    179.594,     378.075,    377.843,
----,
DateTime:        , 2025/11/19, 16:41:44, 1763584904301,
RFID_EPC:        ,--Not Acquired--,
RFID_UserData:   ,--Not Acquired--,
Barcode:         ,--Not Acquired--,
PIF:,            0.00,
PARs:,            0.0,     0.0,     0.0,     0.0,     0.0,     0.0,
Light:,           0.0,     0.0,     0.0,     0.0,     0.0,     0.0,
Cycles:,            1,
                    1,      69,      70,      70,
Lamps:,        #10000,
Gain:,              2,      50, 
SNR_raw:,     331.53,
Position:,        0.0,              0.0,   NoData,
DataPt,      Time(us),   EX,         EM,       Fit,
==========,==========,==========,==========,=========,
    0,        0.0,      0.000,       0.000,    137.736,
    1,        0.8,    161.229,     136.452,    142.287,
    2,        3.3,    180.076,     147.780,    147.675,
    3,        5.8,    180.156,     157.919,    153.348,
    4,        8.3,    180.090,     160.753,    159.248,
    5,       10.8,    180.339,     167.185,    165.337,
    6,       13.3,    180.390,     173.513,    171.569,
    7,       15.8,    180.339,     178.830,    177.903,
    8,       18.3,    180.515,     185.027,    184.313,
    9,       20.8,    180.573,     190.505,    190.768,
   10,       23.3,    180.719,     196.161,    197.242,
   11,       25.8,    180.668,     203.965,    203.708,
   12,       28.3,    180.829,     209.590,    210.149,
   13,       30.8,    180.749,     216.046,    216.541,
   14,       33.3,    180.785,     221.810,    222.870,
   15,       35.8,    180.719,     227.148,    229.117,
   16,       38.3,    180.749,     232.644,    235.272,
   17,       40.8,    180.822,     240.292,    241.322,
   18,       43.3,    180.800,     245.852,    247.254,
   19,       45.8,    180.844,     252.704,    253.060,
   20,       48.3,    180.873,     257.639,    258.732,
   21,       50.8,    181.129,     264.453,    264.266,
   22,       53.3,    181.136,     270.239,    269.652,
   23,       55.8,    181.100,     274.435,    274.882,
   24,       58.3,    181.012,     279.816,    279.953,
   25,       60.8,    180.902,     284.408,    284.861,
   26,       63.3,    181.019,     290.853,    289.606,
   27,       65.8,    181.034,     295.249,    294.186,
   28,       68.3,    180.873,     298.829,    298.597,
   29,       70.8,    181.034,     305.192,    302.844,
   30,       73.3,    180.851,     307.988,    306.923,
   31,       75.8,    181.326,     311.593,    310.843,
   32,       78.3,    181.085,     314.217,    314.597,
   33,       80.8,    180.917,     318.378,    318.190,
   34,       83.3,    181.136,     322.685,    321.627,
   35,       85.8,    181.129,     325.183,    324.910,
   36,       88.3,    181.122,     328.233,    328.042,
   37,       90.8,    181.005,     331.483,    331.026,
   38,       93.3,    181.107,     335.437,    333.867,
   39,       95.8,    180.983,     337.049,    336.570,
   40,       98.3,    180.880,     338.622,    339.138,
   41,      100.8,    180.917,     342.423,    341.576,
   42,      103.3,    181.282,     343.938,    343.889,
   43,      105.8,    181.048,     346.040,    346.082,
   44,      108.3,    181.136,     347.529,    348.160,
   45,      110.8,    181.136,     349.737,    350.126,
   46,      113.3,    181.129,     350.855,    351.986,
   47,      115.8,    181.100,     352.844,    353.745,
   48,      118.3,    181.019,     354.106,    355.406,
   49,      120.8,    181.348,     356.221,    356.974,
   50,      123.3,    181.114,     358.061,    358.454,
   51,      125.8,    181.114,     359.442,    359.851,
   52,      128.3,    181.239,     360.574,    361.166,
   53,      130.8,    181.282,     362.418,    362.406,
   54,      133.3,    181.092,     363.351,    363.575,
   55,      135.8,    181.209,     363.392,    364.674,
   56,      138.3,    181.246,     366.077,    365.709,
   57,      140.8,    181.012,     366.827,    366.684,
   58,      143.3,    181.165,     367.068,    367.599,
   59,      145.8,    180.997,     369.066,    368.461,
   60,      148.3,    181.100,     369.686,    369.271,
   61,      150.8,    181.063,     370.589,    370.031,
   62,      153.3,    181.253,     371.855,    370.744,
   63,      155.8,    181.070,     371.955,    371.415,
   64,      158.3,    181.297,     371.490,    372.043,
   65,      160.8,    181.151,     372.618,    372.634,
   66,      163.3,    181.261,     372.392,    373.188,
   67,      165.8,    181.282,     374.554,    373.707,
   68,      168.3,    181.261,     374.599,    374.194,
   69,      170.8,    181.151,     374.550,    374.653,
   70,      175.8,    179.681,     377.336,    376.898,
----,
DateTime:        , 2025/11/19, 16:41:47, 1763584906838,
RFID_EPC:        ,--Not Acquired--,
RFID_UserData:   ,--Not Acquired--,
Barcode:         ,--Not Acquired--,
PIF:,            0.00,
PARs:,            0.0,     0.0,     0.0,     0.0,     0.0,     0.0,
Light:,           0.0,     0.0,     0.0,     0.0,     0.0,     0.0,
Cycles:,            1,
                    1,      69,      70,      70,
Lamps:,        #10000,
Gain:,              2,      50, 
SNR_raw:,     377.71,
Position:,        0.0,              0.0,   NoData,
DataPt,      Time(us),   EX,         EM,       Fit,
==========,==========,==========,==========,=========,
    0,        0.0,      0.000,       0.000,    135.857,
    1,        0.8,    161.169,     134.642,    140.548,
    2,        3.3,    179.968,     146.341,    146.037,
    3,        5.8,    180.158,     156.807,    151.769,
    4,        8.3,    180.217,     160.640,    157.698,
    5,       10.8,    180.180,     166.223,    163.784,
    6,       13.3,    180.370,     171.592,    169.999,
    7,       15.8,    180.524,     176.708,    176.313,
    8,       18.3,    180.634,     182.690,    182.696,
    9,       20.8,    180.773,     189.465,    189.124,
   10,       23.3,    180.597,     194.355,    195.564,
   11,       25.8,    180.575,     201.578,    202.001,
   12,       28.3,    180.531,     206.336,    208.413,
   13,       30.8,    180.751,     213.277,    214.790,
   14,       33.3,    180.553,     219.880,    221.104,
   15,       35.8,    180.875,     224.464,    227.354,
   16,       38.3,    180.765,     232.346,    233.515,
   17,       40.8,    180.955,     237.904,    239.581,
   18,       43.3,    180.882,     244.358,    245.536,
   19,       45.8,    180.831,     251.616,    251.368,
   20,       48.3,    180.941,     256.990,    257.074,
   21,       50.8,    180.992,     262.443,    262.642,
   22,       53.3,    181.029,     267.637,    268.067,
   23,       55.8,    180.831,     273.183,    273.338,
   24,       58.3,    181.021,     278.697,    278.456,
   25,       60.8,    180.999,     285.636,    283.415,
   26,       63.3,    181.109,     288.776,    288.213,
   27,       65.8,    181.087,     293.781,    292.846,
   28,       68.3,    180.860,     298.296,    297.309,
   29,       70.8,    181.109,     301.476,    301.610,
   30,       73.3,    181.043,     306.833,    305.743,
   31,       75.8,    181.007,     310.762,    309.710,
   32,       78.3,    181.051,     312.896,    313.513,
   33,       80.8,    181.058,     317.578,    317.154,
   34,       83.3,    181.087,     321.392,    320.636,
   35,       85.8,    181.072,     325.008,    323.961,
   36,       88.3,    180.948,     327.995,    327.131,
   37,       90.8,    181.124,     330.437,    330.154,
   38,       93.3,    181.292,     334.543,    333.031,
   39,       95.8,    181.138,     336.207,    335.766,
   40,       98.3,    181.226,     338.803,    338.365,
   41,      100.8,    181.109,     341.783,    340.831,
   42,      103.3,    181.058,     343.261,    343.169,
   43,      105.8,    180.985,     345.057,    345.383,
   44,      108.3,    181.087,     348.175,    347.479,
   45,      110.8,    181.036,     349.378,    349.462,
   46,      113.3,    181.109,     351.722,    351.336,
   47,      115.8,    181.124,     352.798,    353.107,
   48,      118.3,    181.072,     354.830,    354.778,
   49,      120.8,    181.080,     356.197,    356.354,
   50,      123.3,    181.241,     356.708,    357.840,
   51,      125.8,    181.219,     358.407,    359.240,
   52,      128.3,    181.109,     359.452,    360.559,
   53,      130.8,    181.219,     361.442,    361.801,
   54,      133.3,    181.175,     363.185,    362.969,
   55,      135.8,    181.102,     363.608,    364.068,
   56,      138.3,    181.065,     364.234,    365.101,
   57,      140.8,    181.094,     365.003,    366.072,
   58,      143.3,    181.094,     365.831,    366.983,
   59,      145.8,    181.226,     367.773,    367.839,
   60,      148.3,    181.182,     367.586,    368.643,
   61,      150.8,    181.277,     368.772,    369.396,
   62,      153.3,    181.168,     369.547,    370.104,
   63,      155.8,    181.211,     371.113,    370.767,
   64,      158.3,    181.109,     372.704,    371.390,
   65,      160.8,    181.197,     373.351,    371.973,
   66,      163.3,    181.263,     373.215,    372.519,
   67,      165.8,    181.153,     375.097,    373.032,
   68,      168.3,    181.189,     375.022,    373.512,
   69,      170.8,    181.153,     375.925,    373.962,
   70,      175.8,    179.763,     376.050,    375.836,
----,
DateTime:        , 2025/11/19, 16:41:49, 1763584909289,
RFID_EPC:        ,--Not Acquired--,
RFID_UserData:   ,--Not Acquired--,
Barcode:         ,--Not Acquired--,
PIF:,            0.00,
PARs:,            0.0,     0.0,     0.0,     0.0,     0.0,     0.0,
Light:,           0.0,     0.0,     0.0,     0.0,     0.0,     0.0,
Cycles:,            1,
                    1,      69,      70,      70,
Lamps:,        #10000,
Gain:,              2,      50, 
SNR_raw:,     389.53,
Position:,        0.0,              0.0,   NoData,
DataPt,      Time(us),   EX,         EM,       Fit,
==========,==========,==========,==========,=========,
    0,        0.0,      0.000,       0.000,    135.521,
    1,        0.8,    161.358,     135.414,    140.491,
    2,        3.3,    179.986,     146.564,    146.196,
    3,        5.8,    180.132,     156.552,    152.059,
    4,        8.3,    180.081,     159.928,    158.049,
    5,       10.8,    180.337,     165.523,    164.151,
    6,       13.3,    180.169,     170.951,    170.330,
    7,       15.8,    180.293,     176.657,    176.574,
    8,       18.3,    180.593,     183.008,    182.870,
    9,       20.8,    180.666,     188.469,    189.191,
   10,       23.3,    180.505,     194.731,    195.514,
   11,       25.8,    180.710,     201.151,    201.832,
   12,       28.3,    180.747,     207.750,    208.125,
   13,       30.8,    180.608,     213.723,    214.374,
   14,       33.3,    180.842,     220.635,    220.575,
   15,       35.8,    180.842,     226.165,    226.708,
   16,       38.3,    180.710,     231.033,    232.757,
   17,       40.8,    180.820,     238.636,    238.719,
   18,       43.3,    180.878,     244.087,    244.582,
   19,       45.8,    180.915,     249.289,    250.334,
   20,       48.3,    180.798,     255.258,    255.964,
   21,       50.8,    180.885,     260.939,    261.470,
   22,       53.3,    181.017,     267.102,    266.844,
   23,       55.8,    180.805,     271.840,    272.074,
   24,       58.3,    180.981,     278.207,    277.164,
   25,       60.8,    181.112,     282.698,    282.106,
   26,       63.3,    180.951,     287.646,    286.893,
   27,       65.8,    180.907,     291.862,    291.524,
   28,       68.3,    181.046,     296.609,    296.000,
   29,       70.8,    181.120,     301.458,    300.319,
   30,       73.3,    181.024,     304.931,    304.478,
   31,       75.8,    181.061,     310.116,    308.479,
   32,       78.3,    181.302,     311.910,    312.325,
   33,       80.8,    181.112,     316.655,    316.013,
   34,       83.3,    181.068,     319.769,    319.545,
   35,       85.8,    181.178,     322.887,    322.927,
   36,       88.3,    181.076,     326.383,    326.158,
   37,       90.8,    181.141,     328.473,    329.244,
   38,       93.3,    181.098,     333.246,    332.186,
   39,       95.8,    181.046,     335.826,    334.989,
   40,       98.3,    181.024,     338.352,    337.656,
   41,      100.8,    181.141,     340.066,    340.193,
   42,      103.3,    181.339,     342.728,    342.605,
   43,      105.8,    181.076,     344.884,    344.892,
   44,      108.3,    181.185,     346.606,    347.062,
   45,      110.8,    181.163,     348.856,    349.118,
   46,      113.3,    181.185,     350.194,    351.065,
   47,      115.8,    181.207,     352.911,    352.908,
   48,      118.3,    181.054,     355.143,    354.650,
   49,      120.8,    181.105,     356.423,    356.296,
   50,      123.3,    181.127,     356.932,    357.851,
   51,      125.8,    181.120,     358.879,    359.319,
   52,      128.3,    181.098,     360.027,    360.703,
   53,      130.8,    181.098,     361.960,    362.009,
   54,      133.3,    181.258,     362.190,    363.239,
   55,      135.8,    181.332,     363.974,    364.398,
   56,      138.3,    181.076,     364.765,    365.490,
   57,      140.8,    181.090,     366.116,    366.517,
   58,      143.3,    181.273,     367.677,    367.483,
   59,      145.8,    181.046,     368.966,    368.392,
   60,      148.3,    181.156,     368.191,    369.247,
   61,      150.8,    181.302,     369.824,    370.050,
   62,      153.3,    181.156,     371.503,    370.805,
   63,      155.8,    181.156,     370.675,    371.514,
   64,      158.3,    181.171,     373.129,    372.179,
   65,      160.8,    181.105,     373.817,    372.804,
   66,      163.3,    181.134,     374.032,    373.391,
   67,      165.8,    181.229,     375.215,    373.941,
   68,      168.3,    181.185,     375.582,    374.458,
   69,      170.8,    181.134,     375.136,    374.942,
   70,      175.8,    179.554,     376.766,    376.482,
----,
DateTime:        , 2025/11/19, 16:41:51, 1763584911762,
RFID_EPC:        ,--Not Acquired--,
RFID_UserData:   ,--Not Acquired--,
Barcode:         ,--Not Acquired--,
PIF:,            0.00,
PARs:,            0.0,     0.0,     0.0,     0.0,     0.0,     0.0,
Light:,           0.0,     0.0,     0.0,     0.0,     0.0,     0.0,
Cycles:,            1,
                    1,      69,      70,      70,
Lamps:,        #10000,
Gain:,              2,      50, 
SNR_raw:,     372.66,
Position:,        0.0,              0.0,   NoData,
DataPt,      Time(us),   EX,         EM,       Fit,
==========,==========,==========,==========,=========,
    0,        0.0,      0.000,       0.000,    134.892,
    1,        0.8,    161.234,     133.656,    140.061,
    2,        3.3,    180.152,     145.602,    145.982,
    3,        5.8,    180.108,     156.295,    152.038,
    4,        8.3,    180.430,     161.005,    158.219,
    5,       10.8,    180.400,     166.020,    164.489,
    6,       13.3,    180.400,     173.503,    170.830,
    7,       15.8,    180.386,     177.952,    177.219,
    8,       18.3,    180.554,     185.540,    183.644,
    9,       20.8,    180.408,     189.848,    190.077,
   10,       23.3,    180.634,     196.530,    196.513,
   11,       25.8,    180.642,     202.057,    202.927,
   12,       28.3,    180.591,     207.929,    209.304,
   13,       30.8,    180.766,     214.919,    215.634,
   14,       33.3,    180.927,     220.255,    221.905,
   15,       35.8,    180.722,     226.038,    228.092,
   16,       38.3,    180.744,     231.819,    234.191,
   17,       40.8,    180.803,     238.935,    240.190,
   18,       43.3,    180.817,     244.169,    246.080,
   19,       45.8,    180.971,     251.145,    251.853,
   20,       48.3,    180.795,     256.644,    257.494,
   21,       50.8,    180.898,     263.132,    263.001,
   22,       53.3,    180.825,     267.939,    268.365,
   23,       55.8,    180.942,     273.569,    273.584,
   24,       58.3,    181.125,     279.090,    278.654,
   25,       60.8,    181.015,     283.955,    283.565,
   26,       63.3,    180.971,     289.826,    288.317,
   27,       65.8,    181.081,     293.792,    292.909,
   28,       68.3,    180.978,     298.655,    297.337,
   29,       70.8,    180.971,     303.087,    301.601,
   30,       73.3,    180.861,     307.418,    305.700,
   31,       75.8,    181.183,     311.563,    309.642,
   32,       78.3,    181.051,     312.895,    313.420,
   33,       80.8,    181.125,     318.289,    317.040,
   34,       83.3,    181.117,     321.891,    320.503,
   35,       85.8,    180.993,     323.770,    323.810,
   36,       88.3,    181.271,     327.411,    326.969,
   37,       90.8,    181.022,     330.623,    329.978,
   38,       93.3,    181.249,     332.692,    332.846,
   39,       95.8,    181.007,     335.622,    335.572,
   40,       98.3,    181.037,     338.053,    338.162,
   41,      100.8,    180.956,     340.137,    340.621,
   42,      103.3,    181.088,     342.651,    342.955,
   43,      105.8,    180.971,     345.359,    345.166,
   44,      108.3,    181.007,     346.671,    347.261,
   45,      110.8,    181.220,     348.748,    349.244,
   46,      113.3,    181.161,     351.069,    351.119,
   47,      115.8,    181.066,     353.462,    352.891,
   48,      118.3,    181.344,     355.678,    354.564,
   49,      120.8,    181.154,     355.499,    356.144,
   50,      123.3,    181.198,     357.345,    357.633,
   51,      125.8,    181.227,     357.839,    359.038,
   52,      128.3,    181.176,     360.424,    360.361,
   53,      130.8,    181.044,     360.686,    361.607,
   54,      133.3,    181.161,     361.833,    362.780,
   55,      135.8,    180.971,     363.594,    363.883,
   56,      138.3,    181.146,     364.898,    364.921,
   57,      140.8,    181.081,     365.583,    365.897,
   58,      143.3,    181.351,     366.416,    366.813,
   59,      145.8,    181.110,     366.352,    367.675,
   60,      148.3,    181.249,     367.175,    368.484,
   61,      150.8,    181.190,     369.225,    369.243,
   62,      153.3,    181.088,     369.710,    369.956,
   63,      155.8,    181.190,     370.605,    370.625,
   64,      158.3,    181.242,     372.431,    371.252,
   65,      160.8,    181.146,     373.179,    371.841,
   66,      163.3,    181.073,     373.329,    372.393,
   67,      165.8,    181.227,     374.117,    372.910,
   68,      168.3,    181.220,     374.408,    373.394,
   69,      170.8,    181.190,     375.848,    373.849,
   70,      175.8,    179.749,     375.523,    375.227,
----,
DateTime:        , 2025/11/19, 16:41:54, 1763584914233,
RFID_EPC:        ,--Not Acquired--,
RFID_UserData:   ,--Not Acquired--,
Barcode:         ,--Not Acquired--,
PIF:,            0.00,
PARs:,            0.0,     0.0,     0.0,     0.0,     0.0,     0.0,
Light:,           0.0,     0.0,     0.0,     0.0,     0.0,     0.0,
Cycles:,            1,
                    1,      69,      70,      70,
Lamps:,        #10000,
Gain:,              2,      50, 
SNR_raw:,     331.72,
Position:,        0.0,              0.0,   NoData,
DataPt,      Time(us),   EX,         EM,       Fit,
==========,==========,==========,==========,=========,
    0,        0.0,      0.000,       0.000,    135.573,
    1,        0.8,    161.128,     134.986,    140.714,
    2,        3.3,    179.985,     146.335,    146.587,
    3,        5.8,    180.212,     156.482,    152.592,
    4,        8.3,    180.219,     162.025,    158.700,
    5,       10.8,    180.358,     166.613,    164.897,
    6,       13.3,    180.402,     172.393,    171.160,
    7,       15.8,    180.534,     177.252,    177.475,
    8,       18.3,    180.439,     184.550,    183.817,
    9,       20.8,    180.651,     189.869,    190.178,
   10,       23.3,    180.636,     196.528,    196.536,
   11,       25.8,    180.709,     202.812,    202.878,
   12,       28.3,    180.651,     207.860,    209.185,
   13,       30.8,    180.592,     214.295,    215.444,
   14,       33.3,    180.878,     220.315,    221.651,
   15,       35.8,    180.739,     227.124,    227.781,
   16,       38.3,    180.746,     232.094,    233.828,
   17,       40.8,    180.863,     237.473,    239.783,
   18,       43.3,    181.141,     245.113,    245.639,
   19,       45.8,    180.995,     250.836,    251.378,
   20,       48.3,    180.892,     257.059,    256.991,
   21,       50.8,    180.892,     262.587,    262.473,
   22,       53.3,    180.936,     268.050,    267.820,
   23,       55.8,    180.951,     273.831,    273.024,
   24,       58.3,    180.921,     278.850,    278.080,
   25,       60.8,    180.863,     283.917,    282.983,
   26,       63.3,    181.046,     288.601,    287.735,
   27,       65.8,    181.024,     292.779,    292.328,
   28,       68.3,    181.053,     296.874,    296.764,
   29,       70.8,    181.090,     302.060,    301.039,
   30,       73.3,    181.119,     306.152,    305.155,
   31,       75.8,    181.156,     309.679,    309.112,
   32,       78.3,    181.031,     313.206,    312.907,
   33,       80.8,    181.141,     316.604,    316.547,
   34,       83.3,    180.951,     321.358,    320.030,
   35,       85.8,    181.163,     323.190,    323.362,
   36,       88.3,    181.024,     326.476,    326.543,
   37,       90.8,    181.068,     329.987,    329.578,
   38,       93.3,    180.863,     332.849,    332.468,
   39,       95.8,    180.914,     335.518,    335.220,
   40,       98.3,    181.156,     338.383,    337.840,
   41,      100.8,    181.156,     340.039,    340.328,
   42,      103.3,    181.075,     342.676,    342.690,
   43,      105.8,    181.097,     343.738,    344.930,
   44,      108.3,    181.082,     348.460,    347.053,
   45,      110.8,    181.024,     348.849,    349.064,
   46,      113.3,    180.958,     351.186,    350.965,
   47,      115.8,    181.068,     351.250,    352.764,
   48,      118.3,    181.119,     353.635,    354.464,
   49,      120.8,    181.060,     355.130,    356.069,
   50,      123.3,    181.068,     356.220,    357.584,
   51,      125.8,    181.141,     357.457,    359.013,
   52,      128.3,    181.134,     360.783,    360.360,
   53,      130.8,    181.031,     361.264,    361.629,
   54,      133.3,    181.163,     362.105,    362.824,
   55,      135.8,    181.309,     362.916,    363.950,
   56,      138.3,    181.324,     365.369,    365.008,
   57,      140.8,    181.258,     365.777,    366.004,
   58,      143.3,    181.148,     367.103,    366.941,
   59,      145.8,    181.082,     366.960,    367.821,
   60,      148.3,    181.214,     368.625,    368.648,
   61,      150.8,    181.170,     370.646,    369.425,
   62,      153.3,    181.294,     370.392,    370.154,
   63,      155.8,    181.273,     370.161,    370.839,
   64,      158.3,    181.192,     370.325,    371.482,
   65,      160.8,    181.199,     372.518,    372.085,
   66,      163.3,    181.177,     372.839,    372.650,
   67,      165.8,    181.082,     373.035,    373.181,
   68,      168.3,    181.302,     375.617,    373.678,
   69,      170.8,    181.229,     375.217,    374.144,
   70,      175.8,    179.641,     376.027,    375.653,
----,
DateTime:        , 2025/11/19, 16:41:56, 1763584916811,
RFID_EPC:        ,--Not Acquired--,
RFID_UserData:   ,--Not Acquired--,
Barcode:         ,--Not Acquired--,
PIF:,            0.00,
PARs:,            0.0,     0.0,     0.0,     0.0,     0.0,     0.0,
Light:,           0.0,     0.0,     0.0,     0.0,     0.0,     0.0,
Cycles:,            1,
                    1,      69,      70,      70,
Lamps:,        #10000,
Gain:,              2,      50, 
SNR_raw:,     341.06,
Position:,        0.0,              0.0,   NoData,
DataPt,      Time(us),   EX,         EM,       Fit,
==========,==========,==========,==========,=========,
    0,        0.0,      0.000,       0.000,    133.738,
    1,        0.8,    161.092,     132.222,    138.779,
    2,        3.3,    180.052,     144.230,    144.612,
    3,        5.8,    180.030,     154.974,    150.630,
    4,        8.3,    180.323,     159.436,    156.807,
    5,       10.8,    180.345,     165.516,    163.105,
    6,       13.3,    180.191,     170.930,    169.489,
    7,       15.8,    180.359,     176.315,    175.942,
    8,       18.3,    180.476,     183.681,    182.440,
    9,       20.8,    180.550,     188.868,    188.959,
   10,       23.3,    180.652,     196.510,    195.479,
   11,       25.8,    180.637,     201.786,    201.979,
   12,       28.3,    180.630,     206.776,    208.441,
   13,       30.8,    180.645,     213.679,    214.850,
   14,       33.3,    180.732,     219.385,    221.194,
   15,       35.8,    180.696,     225.240,    227.456,
   16,       38.3,    180.879,     231.923,    233.630,
   17,       40.8,    180.681,     238.265,    239.693,
   18,       43.3,    180.791,     245.034,    245.646,
   19,       45.8,    180.791,     250.566,    251.474,
   20,       48.3,    180.981,     256.933,    257.176,
   21,       50.8,    180.871,     262.341,    262.737,
   22,       53.3,    181.084,     268.384,    268.157,
   23,       55.8,    181.025,     273.167,    273.427,
   24,       58.3,    181.054,     279.198,    278.543,
   25,       60.8,    180.952,     283.777,    283.500,
   26,       63.3,    180.864,     288.338,    288.296,
   27,       65.8,    181.047,     294.399,    292.933,
   28,       68.3,    180.952,     298.698,    297.405,
   29,       70.8,    180.981,     303.070,    301.715,
   30,       73.3,    180.893,     306.811,    305.862,
   31,       75.8,    181.135,     310.818,    309.850,
   32,       78.3,    181.025,     314.597,    313.676,
   33,       80.8,    181.120,     318.021,    317.345,
   34,       83.3,    181.135,     321.860,    320.858,
   35,       85.8,    181.120,     325.199,    324.218,
   36,       88.3,    181.098,     328.551,    327.427,
   37,       90.8,    181.208,     331.387,    330.492,
   38,       93.3,    180.930,     333.555,    333.411,
   39,       95.8,    181.105,     337.096,    336.193,
   40,       98.3,    181.040,     338.324,    338.841,
   41,      100.8,    181.142,     340.893,    341.358,
   42,      103.3,    180.974,     344.249,    343.749,
   43,      105.8,    181.054,     344.372,    346.019,
   44,      108.3,    181.113,     347.850,    348.173,
   45,      110.8,    181.244,     349.528,    350.214,
   46,      113.3,    181.076,     350.405,    352.148,
   47,      115.8,    181.237,     352.853,    353.979,
   48,      118.3,    181.208,     356.221,    355.710,
   49,      120.8,    181.164,     356.583,    357.348,
   50,      123.3,    181.076,     359.517,    358.895,
   51,      125.8,    181.215,     359.793,    360.356,
   52,      128.3,    181.149,     361.856,    361.736,
   53,      130.8,    181.230,     363.075,    363.037,
   54,      133.3,    181.237,     362.784,    364.264,
   55,      135.8,    181.208,     363.119,    365.421,
   56,      138.3,    181.303,     366.238,    366.511,
   57,      140.8,    181.084,     367.234,    367.539,
   58,      143.3,    181.223,     367.780,    368.506,
   59,      145.8,    181.266,     369.346,    369.416,
   60,      148.3,    181.098,     369.965,    370.273,
   61,      150.8,    181.149,     370.965,    371.079,
   62,      153.3,    181.252,     372.134,    371.837,
   63,      155.8,    181.127,     371.286,    372.550,
   64,      158.3,    181.325,     372.536,    373.219,
   65,      160.8,    181.405,     373.473,    373.848,
   66,      163.3,    181.127,     374.598,    374.440,
   67,      165.8,    181.208,     375.536,    374.995,
   68,      168.3,    181.303,     376.166,    375.517,
   69,      170.8,    181.252,     375.996,    376.007,
   70,      175.8,    179.577,     378.947,    377.817,
----,
DateTime:        , 2025/11/19, 16:41:59, 1763584919348,
RFID_EPC:        ,--Not Acquired--,
RFID_UserData:   ,--Not Acquired--,
Barcode:         ,--Not Acquired--,
PIF:,            0.00,
PARs:,            0.0,     0.0,     0.0,     0.0,     0.0,     0.0,
Light:,           0.0,     0.0,     0.0,     0.0,     0.0,     0.0,
Cycles:,            1,
                    1,      69,      70,      70,
Lamps:,        #10000,
Gain:,              2,      50, 
SNR_raw:,     309.45,
Position:,        0.0,              0.0,   NoData,
DataPt,      Time(us),   EX,         EM,       Fit,
==========,==========,==========,==========,=========,
    0,        0.0,      0.000,       0.000,    134.162,
    1,        0.8,    161.110,     134.690,    139.466,
    2,        3.3,    180.065,     146.184,    145.533,
    3,        5.8,    180.241,     156.457,    151.734,
    4,        8.3,    180.358,     160.792,    158.039,
    5,       10.8,    180.285,     167.513,    164.420,
    6,       13.3,    180.423,     171.264,    170.862,
    7,       15.8,    180.372,     178.520,    177.337,
    8,       18.3,    180.555,     183.877,    183.836,
    9,       20.8,    180.621,     189.347,    190.336,
   10,       23.3,    180.628,     194.875,    196.819,
   11,       25.8,    180.482,     202.790,    203.266,
   12,       28.3,    180.716,     208.061,    209.675,
   13,       30.8,    180.665,     214.762,    216.021,
   14,       33.3,    180.731,     221.047,    222.298,
   15,       35.8,    180.650,     226.681,    228.489,
   16,       38.3,    180.811,     232.840,    234.590,
   17,       40.8,    180.906,     239.627,    240.589,
   18,       43.3,    180.877,     245.194,    246.474,
   19,       45.8,    180.899,     251.245,    252.238,
   20,       48.3,    180.935,     256.721,    257.873,
   21,       50.8,    180.943,     263.067,    263.372,
   22,       53.3,    181.052,     267.050,    268.732,
   23,       55.8,    180.804,     275.437,    273.939,
   24,       58.3,    180.987,     280.131,    278.999,
   25,       60.8,    180.877,     283.618,    283.902,
   26,       63.3,    180.994,     288.960,    288.650,
   27,       65.8,    180.935,     295.409,    293.239,
   28,       68.3,    180.753,     299.581,    297.663,
   29,       70.8,    180.965,     302.269,    301.930,
   30,       73.3,    180.979,     306.112,    306.038,
   31,       75.8,    181.030,     310.721,    309.986,
   32,       78.3,    181.206,     314.559,    313.779,
   33,       80.8,    181.147,     317.973,    317.414,
   34,       83.3,    181.184,     322.324,    320.894,
   35,       85.8,    181.067,     323.913,    324.221,
   36,       88.3,    181.067,     329.160,    327.398,
   37,       90.8,    181.118,     330.999,    330.431,
   38,       93.3,    180.994,     333.713,    333.320,
   39,       95.8,    180.965,     337.359,    336.071,
   40,       98.3,    180.987,     338.975,    338.688,
   41,      100.8,    180.979,     341.199,    341.175,
   42,      103.3,    181.206,     343.532,    343.540,
   43,      105.8,    181.118,     345.907,    345.782,
   44,      108.3,    181.140,     347.521,    347.908,
   45,      110.8,    181.206,     350.154,    349.923,
   46,      113.3,    181.104,     350.904,    351.829,
   47,      115.8,    181.228,     354.250,    353.634,
   48,      118.3,    181.243,     354.773,    355.340,
   49,      120.8,    181.133,     356.920,    356.951,
   50,      123.3,    181.111,     356.688,    358.472,
   51,      125.8,    181.111,     358.344,    359.907,
   52,      128.3,    180.928,     360.641,    361.261,
   53,      130.8,    181.228,     361.975,    362.538,
   54,      133.3,    181.235,     363.616,    363.741,
   55,      135.8,    181.228,     364.182,    364.874,
   56,      138.3,    181.257,     365.503,    365.941,
   57,      140.8,    181.272,     367.404,    366.946,
   58,      143.3,    181.286,     367.926,    367.890,
   59,      145.8,    181.140,     368.499,    368.779,
   60,      148.3,    181.235,     369.961,    369.614,
   61,      150.8,    181.147,     370.416,    370.399,
   62,      153.3,    181.082,     371.932,    371.136,
   63,      155.8,    181.067,     373.066,    371.828,
   64,      158.3,    181.206,     373.332,    372.479,
   65,      160.8,    181.250,     373.518,    373.089,
   66,      163.3,    181.177,     375.048,    373.662,
   67,      165.8,    181.140,     374.020,    374.200,
   68,      168.3,    181.345,     374.976,    374.705,
   69,      170.8,    181.191,     375.846,    375.178,
   70,      175.8,    179.824,     375.923,    376.015,
----,
DateTime:        , 2025/11/19, 16:42:01, 1763584921817,
RFID_EPC:        ,--Not Acquired--,
RFID_UserData:   ,--Not Acquired--,
Barcode:         ,--Not Acquired--,
PIF:,            0.00,
PARs:,            0.0,     0.0,     0.0,     0.0,     0.0,     0.0,
Light:,           0.0,     0.0,     0.0,     0.0,     0.0,     0.0,
Cycles:,            1,
                    1,      69,      70,      70,
Lamps:,        #10000,
Gain:,              2,      50, 
SNR_raw:,     332.81,
Position:,        0.0,              0.0,   NoData,
DataPt,      Time(us),   EX,         EM,       Fit,
==========,==========,==========,==========,=========,
    0,        0.0,      0.000,       0.000,    134.032,
    1,        0.8,    161.168,     132.781,    139.410,
    2,        3.3,    180.008,     145.040,    145.510,
    3,        5.8,    180.118,     156.009,    151.702,
    4,        8.3,    180.139,     160.986,    157.969,
    5,       10.8,    180.359,     166.612,    164.302,
    6,       13.3,    180.447,     172.350,    170.684,
    7,       15.8,    180.703,     177.917,    177.106,
    8,       18.3,    180.578,     183.577,    183.541,
    9,       20.8,    180.542,     190.538,    189.979,
   10,       23.3,    180.651,     195.127,    196.411,
   11,       25.8,    180.622,     202.910,    202.818,
   12,       28.3,    180.732,     208.873,    209.193,
   13,       30.8,    180.549,     214.623,    215.513,
   14,       33.3,    180.629,     220.617,    221.775,
   15,       35.8,    180.761,     226.819,    227.967,
   16,       38.3,    180.812,     232.285,    234.078,
   17,       40.8,    180.885,     238.825,    240.095,
   18,       43.3,    180.761,     245.628,    246.004,
   19,       45.8,    180.849,     249.656,    251.801,
   20,       48.3,    181.076,     257.075,    257.481,
   21,       50.8,    180.937,     262.523,    263.026,
   22,       53.3,    180.805,     268.245,    268.429,
   23,       55.8,    180.893,     274.748,    273.691,
   24,       58.3,    180.929,     278.009,    278.804,
   25,       60.8,    181.083,     284.952,    283.766,
   26,       63.3,    180.981,     289.810,    288.568,
   27,       65.8,    181.141,     293.141,    293.213,
   28,       68.3,    181.039,     298.554,    297.693,
   29,       70.8,    181.024,     302.445,    302.008,
   30,       73.3,    181.002,     306.902,    306.157,
   31,       75.8,    180.937,     311.159,    310.142,
   32,       78.3,    181.032,     314.862,    313.964,
   33,       80.8,    181.098,     318.889,    317.626,
   34,       83.3,    181.156,     322.374,    321.128,
   35,       85.8,    180.981,     324.068,    324.470,
   36,       88.3,    181.032,     327.843,    327.659,
   37,       90.8,    181.010,     332.302,    330.696,
   38,       93.3,    181.200,     333.333,    333.588,
   39,       95.8,    181.237,     336.853,    336.337,
   40,       98.3,    181.156,     338.934,    338.947,
   41,      100.8,    181.083,     341.556,    341.420,
   42,      103.3,    181.032,     344.415,    343.763,
   43,      105.8,    181.098,     345.670,    345.982,
   44,      108.3,    181.134,     346.980,    348.081,
   45,      110.8,    181.061,     349.882,    350.064,
   46,      113.3,    181.193,     351.560,    351.937,
   47,      115.8,    181.310,     355.193,    353.705,
   48,      118.3,    180.995,     355.258,    355.369,
   49,      120.8,    181.185,     356.817,    356.939,
   50,      123.3,    181.178,     357.935,    358.417,
   51,      125.8,    181.266,     359.141,    359.808,
   52,      128.3,    181.280,     359.664,    361.116,
   53,      130.8,    180.944,     362.543,    362.344,
   54,      133.3,    181.127,     362.177,    363.498,
   55,      135.8,    180.966,     363.328,    364.581,
   56,      138.3,    181.083,     364.474,    365.598,
   57,      140.8,    181.119,     365.505,    366.553,
   58,      143.3,    181.178,     367.318,    367.448,
   59,      145.8,    181.010,     368.212,    368.287,
   60,      148.3,    181.471,     368.655,    369.074,
   61,      150.8,    181.200,     370.033,    369.810,
   62,      153.3,    181.258,     371.293,    370.500,
   63,      155.8,    181.215,     371.659,    371.146,
   64,      158.3,    181.222,     371.644,    371.751,
   65,      160.8,    181.266,     372.657,    372.316,
   66,      163.3,    181.185,     374.203,    372.846,
   67,      165.8,    181.119,     375.719,    373.340,
   68,      168.3,    181.258,     374.879,    373.803,
   69,      170.8,    181.134,     375.136,    374.236,
   70,      175.8,    179.569,     375.065,    374.909,
----,
DateTime:        , 2025/11/19, 16:42:04, 1763584924312,
RFID_EPC:        ,--Not Acquired--,
RFID_UserData:   ,--Not Acquired--,
Barcode:         ,--Not Acquired--,
PIF:,            0.00,
PARs:,            0.0,     0.0,     0.0,     0.0,     0.0,     0.0,
Light:,           0.0,     0.0,     0.0,     0.0,     0.0,     0.0,
Cycles:,            1,
                    1,      69,      70,      70,
Lamps:,        #10000,
Gain:,              2,      50, 
SNR_raw:,     270.62,
Position:,        0.0,              0.0,   NoData,
DataPt,      Time(us),   EX,         EM,       Fit,
==========,==========,==========,==========,=========,
    0,        0.0,      0.000,       0.000,    135.241,
    1,        0.8,    161.093,     134.704,    140.109,
    2,        3.3,    179.856,     145.644,    145.779,
    3,        5.8,    180.148,     155.427,    151.677,
    4,        8.3,    180.317,     160.828,    157.760,
    5,       10.8,    180.192,     166.489,    163.980,
    6,       13.3,    180.346,     171.892,    170.312,
    7,       15.8,    180.463,     176.490,    176.727,
    8,       18.3,    180.624,     183.530,    183.197,
    9,       20.8,    180.500,     189.474,    189.689,
   10,       23.3,    180.682,     195.924,    196.191,
   11,       25.8,    180.492,     201.671,    202.669,
   12,       28.3,    180.756,     209.399,    209.119,
   13,       30.8,    180.704,     214.715,    215.514,
   14,       33.3,    180.639,     220.606,    221.839,
   15,       35.8,    180.639,     225.312,    228.081,
   16,       38.3,    180.960,     232.648,    234.235,
   17,       40.8,    180.924,     238.222,    240.281,
   18,       43.3,    180.924,     244.854,    246.209,
   19,       45.8,    180.851,     250.759,    252.008,
   20,       48.3,    181.019,     256.603,    257.676,
   21,       50.8,    180.924,     262.818,    263.199,
   22,       53.3,    180.770,     268.850,    268.572,
   23,       55.8,    181.004,     274.303,    273.796,
   24,       58.3,    180.895,     279.721,    278.861,
   25,       60.8,    181.048,     284.731,    283.769,
   26,       63.3,    180.953,     289.578,    288.513,
   27,       65.8,    181.063,     293.545,    293.094,
   28,       68.3,    181.195,     298.298,    297.513,
   29,       70.8,    181.129,     303.099,    301.766,
   30,       73.3,    181.114,     306.989,    305.855,
   31,       75.8,    181.077,     311.745,    309.780,
   32,       78.3,    181.019,     314.884,    313.544,
   33,       80.8,    181.165,     318.494,    317.151,
   34,       83.3,    180.968,     322.157,    320.600,
   35,       85.8,    180.953,     326.604,    323.895,
   36,       88.3,    180.997,     327.353,    327.042,
   37,       90.8,    181.158,     328.719,    330.044,
   38,       93.3,    181.136,     332.899,    332.904,
   39,       95.8,    181.136,     335.107,    335.626,
   40,       98.3,    181.195,     336.931,    338.215,
   41,      100.8,    181.246,     340.698,    340.675,
   42,      103.3,    181.041,     341.912,    343.011,
   43,      105.8,    181.004,     346.124,    345.226,
   44,      108.3,    181.063,     347.669,    347.326,
   45,      110.8,    181.070,     349.588,    349.316,
   46,      113.3,    181.070,     350.969,    351.200,
   47,      115.8,    181.180,     350.480,    352.982,
   48,      118.3,    181.136,     353.602,    354.667,
   49,      120.8,    181.187,     355.709,    356.259,
   50,      123.3,    181.260,     356.393,    357.763,
   51,      125.8,    181.224,     356.741,    359.183,
   52,      128.3,    181.129,     359.137,    360.523,
   53,      130.8,    181.187,     362.332,    361.786,
   54,      133.3,    181.165,     362.652,    362.978,
   55,      135.8,    181.121,     363.844,    364.100,
   56,      138.3,    181.012,     364.617,    365.158,
   57,      140.8,    181.099,     365.269,    366.154,
   58,      143.3,    181.187,     367.300,    367.091,
   59,      145.8,    181.187,     368.404,    367.972,
   60,      148.3,    181.282,     368.486,    368.801,
   61,      150.8,    181.246,     369.388,    369.581,
   62,      153.3,    181.202,     370.305,    370.315,
   63,      155.8,    181.187,     371.163,    371.004,
   64,      158.3,    181.290,     371.781,    371.651,
   65,      160.8,    180.975,     373.256,    372.262,
   66,      163.3,    181.209,     373.601,    372.833,
   67,      165.8,    181.151,     373.446,    373.370,
   68,      168.3,    181.099,     374.104,    373.875,
   69,      170.8,    181.216,     377.173,    374.348,
   70,      175.8,    179.746,     376.642,    376.399,
----,
DateTime:        , 2025/11/19, 16:42:07, 1763584926834,
RFID_EPC:        ,--Not Acquired--,
RFID_UserData:   ,--Not Acquired--,
Barcode:         ,--Not Acquired--,
PIF:,            0.00,
PARs:,            0.0,     0.0,     0.0,     0.0,     0.0,     0.0,
Light:,           0.0,     0.0,     0.0,     0.0,     0.0,     0.0,
Cycles:,            1,
                    1,      69,      70,      70,
Lamps:,        #10000,
Gain:,              2,      50, 
SNR_raw:,     293.30,
Position:,        0.0,              0.0,   NoData,
DataPt,      Time(us),   EX,         EM,       Fit,
==========,==========,==========,==========,=========,
    0,        0.0,      0.000,       0.000,    135.340,
    1,        0.8,    161.221,     134.288,    139.995,
    2,        3.3,    179.966,     145.238,    145.473,
    3,        5.8,    180.288,     155.030,    151.225,
    4,        8.3,    180.273,     159.758,    157.192,
    5,       10.8,    180.244,     165.331,    163.332,
    6,       13.3,    180.434,     171.254,    169.613,
    7,       15.8,    180.478,     176.476,    175.996,
    8,       18.3,    180.624,     182.977,    182.455,
    9,       20.8,    180.522,     189.451,    188.955,
   10,       23.3,    180.478,     195.869,    195.472,
   11,       25.8,    180.639,     202.337,    201.989,
   12,       28.3,    180.734,     207.211,    208.484,
   13,       30.8,    180.580,     213.755,    214.932,
   14,       33.3,    180.617,     221.186,    221.319,
   15,       35.8,    180.778,     224.862,    227.635,
   16,       38.3,    180.822,     231.720,    233.861,
   17,       40.8,    180.763,     237.880,    239.983,
   18,       43.3,    180.807,     244.459,    245.991,
   19,       45.8,    180.800,     250.277,    251.873,
   20,       48.3,    181.056,     256.551,    257.627,
   21,       50.8,    180.924,     263.094,    263.236,
   22,       53.3,    180.953,     269.683,    268.697,
   23,       55.8,    180.829,     274.292,    274.000,
   24,       58.3,    180.961,     280.448,    279.146,
   25,       60.8,    181.122,     284.063,    284.131,
   26,       63.3,    181.078,     289.931,    288.949,
   27,       65.8,    180.961,     294.263,    293.597,
   28,       68.3,    180.888,     298.528,    298.075,
   29,       70.8,    180.975,     303.909,    302.383,
   30,       73.3,    180.909,     307.336,    306.522,
   31,       75.8,    180.880,     311.532,    310.492,
   32,       78.3,    180.880,     315.126,    314.295,
   33,       80.8,    181.231,     319.481,    317.937,
   34,       83.3,    181.078,     321.133,    321.417,
   35,       85.8,    181.100,     326.064,    324.738,
   36,       88.3,    181.122,     326.852,    327.903,
   37,       90.8,    181.085,     330.508,    330.918,
   38,       93.3,    181.195,     333.895,    333.786,
   39,       95.8,    181.224,     335.496,    336.512,
   40,       98.3,    181.085,     341.276,    339.099,
   41,      100.8,    181.180,     341.373,    341.554,
   42,      103.3,    181.144,     345.030,    343.879,
   43,      105.8,    180.946,     345.959,    346.081,
   44,      108.3,    181.239,     347.884,    348.164,
   45,      110.8,    181.290,     349.440,    350.134,
   46,      113.3,    181.158,     351.626,    351.994,
   47,      115.8,    181.122,     354.458,    353.751,
   48,      118.3,    181.027,     354.368,    355.409,
   49,      120.8,    181.129,     356.100,    356.971,
   50,      123.3,    181.165,     356.856,    358.443,
   51,      125.8,    181.209,     358.701,    359.830,
   52,      128.3,    181.063,     360.924,    361.135,
   53,      130.8,    181.070,     362.566,    362.364,
   54,      133.3,    181.063,     362.581,    363.519,
   55,      135.8,    181.041,     365.110,    364.605,
   56,      138.3,    181.063,     365.618,    365.625,
   57,      140.8,    181.239,     367.471,    366.582,
   58,      143.3,    181.209,     368.083,    367.482,
   59,      145.8,    181.217,     369.171,    368.326,
   60,      148.3,    181.414,     369.321,    369.117,
   61,      150.8,    181.304,     369.544,    369.859,
   62,      153.3,    181.224,     370.536,    370.556,
   63,      155.8,    181.224,     370.812,    371.210,
   64,      158.3,    181.275,     372.086,    371.822,
   65,      160.8,    181.268,     372.653,    372.396,
   66,      163.3,    181.041,     372.567,    372.936,
   67,      165.8,    181.122,     373.230,    373.440,
   68,      168.3,    181.253,     375.166,    373.911,
   69,      170.8,    181.151,     375.102,    374.354,
   70,      175.8,    179.747,     376.641,    376.396,
----,
DateTime:        , 2025/11/19, 16:42:09, 1763584929317,
RFID_EPC:        ,--Not Acquired--,
RFID_UserData:   ,--Not Acquired--,
Barcode:         ,--Not Acquired--,
PIF:,            0.00,
PARs:,            0.0,     0.0,     0.0,     0.0,     0.0,     0.0,
Light:,           0.0,     0.0,     0.0,     0.0,     0.0,     0.0,
Cycles:,            1,
                    1,      69,      70,      70,
Lamps:,        #10000,
Gain:,              2,      50, 
SNR_raw:,     359.03,
Position:,        0.0,              0.0,   NoData,
DataPt,      Time(us),   EX,         EM,       Fit,
==========,==========,==========,==========,=========,
    0,        0.0,      0.000,       0.000,    135.563,
    1,        0.8,    161.168,     135.573,    140.518,
    2,        3.3,    179.916,     147.020,    146.266,
    3,        5.8,    180.282,     157.253,    152.226,
    4,        8.3,    180.443,     161.547,    158.353,
    5,       10.8,    180.282,     166.960,    164.601,
    6,       13.3,    180.421,     171.543,    170.948,
    7,       15.8,    180.348,     178.266,    177.357,
    8,       18.3,    180.421,     182.905,    183.809,
    9,       20.8,    180.575,     189.395,    190.281,
   10,       23.3,    180.458,     195.891,    196.745,
   11,       25.8,    180.546,     202.442,    203.188,
   12,       28.3,    180.728,     207.770,    209.594,
   13,       30.8,    180.750,     214.107,    215.944,
   14,       33.3,    180.904,     221.112,    222.226,
   15,       35.8,    180.860,     226.418,    228.422,
   16,       38.3,    180.860,     232.500,    234.520,
   17,       40.8,    180.889,     239.373,    240.512,
   18,       43.3,    180.794,     246.136,    246.384,
   19,       45.8,    180.911,     251.228,    252.133,
   20,       48.3,    180.867,     257.371,    257.748,
   21,       50.8,    180.845,     262.102,    263.222,
   22,       53.3,    180.970,     268.277,    268.554,
   23,       55.8,    180.875,     273.670,    273.734,
   24,       58.3,    181.021,     279.249,    278.764,
   25,       60.8,    180.948,     284.612,    283.635,
   26,       63.3,    180.999,     289.780,    288.349,
   27,       65.8,    181.021,     293.336,    292.903,
   28,       68.3,    180.897,     299.066,    297.294,
   29,       70.8,    181.036,     301.874,    301.527,
   30,       73.3,    180.911,     307.886,    305.597,
   31,       75.8,    180.948,     310.587,    309.510,
   32,       78.3,    180.955,     314.719,    313.265,
   33,       80.8,    181.197,     316.783,    316.867,
   34,       83.3,    181.109,     321.906,    320.316,
   35,       85.8,    181.138,     324.890,    323.616,
   36,       88.3,    181.072,     328.322,    326.768,
   37,       90.8,    181.321,     330.353,    329.779,
   38,       93.3,    180.948,     332.692,    332.649,
   39,       95.8,    181.197,     336.927,    335.384,
   40,       98.3,    181.006,     337.833,    337.987,
   41,      100.8,    181.021,     341.673,    340.463,
   42,      103.3,    181.080,     342.115,    342.817,
   43,      105.8,    180.999,     343.924,    345.052,
   44,      108.3,    181.072,     347.375,    347.173,
   45,      110.8,    181.160,     348.311,    349.186,
   46,      113.3,    181.314,     349.670,    351.093,
   47,      115.8,    181.226,     351.495,    352.899,
   48,      118.3,    181.211,     354.283,    354.609,
   49,      120.8,    181.021,     355.760,    356.227,
   50,      123.3,    181.145,     357.172,    357.757,
   51,      125.8,    181.211,     358.697,    359.202,
   52,      128.3,    181.153,     359.365,    360.568,
   53,      130.8,    181.182,     361.791,    361.857,
   54,      133.3,    181.116,     362.475,    363.074,
   55,      135.8,    181.145,     363.796,    364.222,
   56,      138.3,    181.167,     364.580,    365.305,
   57,      140.8,    181.109,     366.906,    366.326,
   58,      143.3,    181.219,     366.960,    367.287,
   59,      145.8,    181.241,     368.019,    368.193,
   60,      148.3,    181.248,     368.832,    369.046,
   61,      150.8,    181.241,     369.675,    369.849,
   62,      153.3,    181.138,     371.264,    370.605,
   63,      155.8,    180.999,     371.825,    371.318,
   64,      158.3,    181.211,     372.493,    371.987,
   65,      160.8,    181.219,     373.582,    372.616,
   66,      163.3,    181.233,     374.931,    373.208,
   67,      165.8,    181.123,     374.606,    373.765,
   68,      168.3,    181.262,     376.250,    374.288,
   69,      170.8,    181.292,     376.189,    374.779,
   70,      175.8,    179.602,     376.388,    376.486,
----,
DateTime:        , 2025/11/19, 16:42:11, 1763584931784,
RFID_EPC:        ,--Not Acquired--,
RFID_UserData:   ,--Not Acquired--,
Barcode:         ,--Not Acquired--,
PIF:,            0.00,
PARs:,            0.0,     0.0,     0.0,     0.0,     0.0,     0.0,
Light:,           0.0,     0.0,     0.0,     0.0,     0.0,     0.0,
Cycles:,            1,
                    1,      69,      70,      70,
Lamps:,        #10000,
Gain:,              2,      50, 
SNR_raw:,     290.31,
Position:,        0.0,              0.0,   NoData,
DataPt,      Time(us),   EX,         EM,       Fit,
==========,==========,==========,==========,=========,
    0,        0.0,      0.000,       0.000,    136.874,
    1,        0.8,    161.290,     137.640,    142.093,
    2,        3.3,    179.959,     147.604,    148.026,
    3,        5.8,    180.164,     156.524,    154.070,
    4,        8.3,    180.179,     163.726,    160.202,
    5,       10.8,    180.288,     167.232,    166.409,
    6,       13.3,    180.391,     174.067,    172.676,
    7,       15.8,    180.486,     178.961,    178.986,
    8,       18.3,    180.369,     185.453,    185.319,
    9,       20.8,    180.318,     192.438,    191.660,
   10,       23.3,    180.610,     198.217,    198.006,
   11,       25.8,    180.720,     203.353,    204.338,
   12,       28.3,    180.354,     210.142,    210.627,
   13,       30.8,    180.639,     216.177,    216.879,
   14,       33.3,    180.830,     223.415,    223.079,
   15,       35.8,    180.786,     227.064,    229.206,
   16,       38.3,    180.968,     234.019,    235.258,
   17,       40.8,    180.873,     238.841,    241.213,
   18,       43.3,    180.866,     246.868,    247.065,
   19,       45.8,    181.027,     251.896,    252.808,
   20,       48.3,    180.808,     257.733,    258.423,
   21,       50.8,    181.020,     264.336,    263.914,
   22,       53.3,    180.764,     269.136,    269.262,
   23,       55.8,    180.808,     274.048,    274.469,
   24,       58.3,    180.976,     280.977,    279.531,
   25,       60.8,    181.166,     285.098,    284.445,
   26,       63.3,    180.903,     289.935,    289.197,
   27,       65.8,    181.137,     294.805,    293.795,
   28,       68.3,    181.064,     298.790,    298.230,
   29,       70.8,    181.064,     303.208,    302.502,
   30,       73.3,    181.012,     306.333,    306.611,
   31,       75.8,    181.005,     312.146,    310.558,
   32,       78.3,    181.166,     315.181,    314.346,
   33,       80.8,    181.085,     318.082,    317.972,
   34,       83.3,    181.181,     321.227,    321.442,
   35,       85.8,    181.071,     325.839,    324.755,
   36,       88.3,    181.064,     328.890,    327.916,
   37,       90.8,    181.012,     333.126,    330.926,
   38,       93.3,    181.129,     333.739,    333.793,
   39,       95.8,    181.151,     337.287,    336.519,
   40,       98.3,    181.151,     338.115,    339.108,
   41,      100.8,    181.195,     342.172,    341.565,
   42,      103.3,    181.107,     345.099,    343.893,
   43,      105.8,    181.064,     344.907,    346.097,
   44,      108.3,    181.085,     348.454,    348.182,
   45,      110.8,    181.027,     349.119,    350.153,
   46,      113.3,    181.115,     351.435,    352.016,
   47,      115.8,    181.056,     354.310,    353.774,
   48,      118.3,    181.298,     356.044,    355.433,
   49,      120.8,    181.129,     355.547,    356.997,
   50,      123.3,    181.129,     358.031,    358.470,
   51,      125.8,    181.246,     358.628,    359.857,
   52,      128.3,    181.100,     360.022,    361.162,
   53,      130.8,    181.312,     360.704,    362.389,
   54,      133.3,    181.085,     363.916,    363.543,
   55,      135.8,    181.012,     364.340,    364.626,
   56,      138.3,    181.173,     364.568,    365.644,
   57,      140.8,    181.203,     365.613,    366.600,
   58,      143.3,    181.254,     366.613,    367.496,
   59,      145.8,    181.210,     367.254,    368.337,
   60,      148.3,    181.085,     368.887,    369.126,
   61,      150.8,    181.232,     369.692,    369.865,
   62,      153.3,    181.261,     372.115,    370.558,
   63,      155.8,    181.166,     372.035,    371.207,
   64,      158.3,    181.224,     372.190,    371.815,
   65,      160.8,    181.085,     372.476,    372.384,
   66,      163.3,    181.173,     373.951,    372.917,
   67,      165.8,    181.078,     374.424,    373.416,
   68,      168.3,    181.268,     375.410,    373.882,
   69,      170.8,    181.217,     376.344,    374.319,
   70,      175.8,    179.755,     375.790,    375.482,
----,
DateTime:        , 2025/11/19, 16:42:14, 1763584934269,
RFID_EPC:        ,--Not Acquired--,
RFID_UserData:   ,--Not Acquired--,
Barcode:         ,--Not Acquired--,
PIF:,            0.00,
PARs:,            0.0,     0.0,     0.0,     0.0,     0.0,     0.0,
Light:,           0.0,     0.0,     0.0,     0.0,     0.0,     0.0,
Cycles:,            1,
                    1,      69,      70,      70,
Lamps:,        #10000,
Gain:,              2,      50, 
SNR_raw:,     356.32,
Position:,        0.0,              0.0,   NoData,
DataPt,      Time(us),   EX,         EM,       Fit,
==========,==========,==========,==========,=========,
    0,        0.0,      0.000,       0.000,    134.681,
    1,        0.8,    161.300,     134.532,    139.854,
    2,        3.3,    179.957,     146.108,    145.775,
    3,        5.8,    180.228,     156.468,    151.846,
    4,        8.3,    180.330,     160.539,    158.037,
    5,       10.8,    180.177,     165.948,    164.317,
    6,       13.3,    180.272,     171.962,    170.673,
    7,       15.8,    180.338,     176.613,    177.082,
    8,       18.3,    180.396,     183.208,    183.525,
    9,       20.8,    180.521,     190.283,    189.986,
   10,       23.3,    180.565,     194.667,    196.445,
   11,       25.8,    180.535,     202.177,    202.884,
   12,       28.3,    180.674,     208.940,    209.291,
   13,       30.8,    180.703,     214.716,    215.649,
   14,       33.3,    180.938,     221.347,    221.950,
   15,       35.8,    181.003,     226.515,    228.177,
   16,       38.3,    180.762,     233.456,    234.308,
   17,       40.8,    180.923,     237.947,    240.343,
   18,       43.3,    180.872,     246.307,    246.268,
   19,       45.8,    180.784,     252.235,    252.071,
   20,       48.3,    180.842,     256.853,    257.748,
   21,       50.8,    180.952,     263.329,    263.293,
   22,       53.3,    180.967,     268.558,    268.697,
   23,       55.8,    180.769,     275.489,    273.950,
   24,       58.3,    180.872,     278.927,    279.054,
   25,       60.8,    180.952,     285.158,    284.003,
   26,       63.3,    180.959,     289.291,    288.795,
   27,       65.8,    181.084,     293.787,    293.428,
   28,       68.3,    180.967,     299.226,    297.897,
   29,       70.8,    180.967,     304.200,    302.203,
   30,       73.3,    181.018,     307.704,    306.348,
   31,       75.8,    180.974,     311.094,    310.329,
   32,       78.3,    181.142,     315.222,    314.153,
   33,       80.8,    180.916,     318.657,    317.814,
   34,       83.3,    181.106,     322.464,    321.320,
   35,       85.8,    180.989,     324.882,    324.671,
   36,       88.3,    181.113,     327.144,    327.873,
   37,       90.8,    181.084,     330.510,    330.926,
   38,       93.3,    181.033,     333.642,    333.835,
   39,       95.8,    181.164,     337.263,    336.605,
   40,       98.3,    180.974,     338.446,    339.239,
   41,      100.8,    181.033,     340.823,    341.741,
   42,      103.3,    181.076,     344.054,    344.116,
   43,      105.8,    181.084,     346.801,    346.370,
   44,      108.3,    181.354,     347.662,    348.506,
   45,      110.8,    181.223,     350.398,    350.529,
   46,      113.3,    181.128,     352.790,    352.443,
   47,      115.8,    181.076,     353.166,    354.253,
   48,      118.3,    181.157,     354.941,    355.964,
   49,      120.8,    181.113,     357.235,    357.579,
   50,      123.3,    181.186,     358.471,    359.104,
   51,      125.8,    181.157,     360.461,    360.542,
   52,      128.3,    181.274,     361.056,    361.899,
   53,      130.8,    181.098,     362.786,    363.177,
   54,      133.3,    181.230,     363.626,    364.381,
   55,      135.8,    181.303,     365.686,    365.515,
   56,      138.3,    181.362,     367.222,    366.582,
   57,      140.8,    181.259,     367.154,    367.586,
   58,      143.3,    181.311,     369.808,    368.530,
   59,      145.8,    181.172,     368.987,    369.418,
   60,      148.3,    181.106,     370.778,    370.252,
   61,      150.8,    181.186,     370.613,    371.036,
   62,      153.3,    180.930,     372.519,    371.773,
   63,      155.8,    180.974,     371.600,    372.465,
   64,      158.3,    181.069,     372.786,    373.114,
   65,      160.8,    181.259,     374.326,    373.722,
   66,      163.3,    181.296,     375.629,    374.293,
   67,      165.8,    181.157,     375.365,    374.829,
   68,      168.3,    181.252,     376.548,    375.331,
   69,      170.8,    181.376,     377.392,    375.802,
   70,      175.8,    179.877,     377.480,    377.308,
