----,
DateTime:        , 2025/11/19, 16:19:43, 1763583583772,
RFID_EPC:        ,--Not Acquired--,
RFID_UserData:   ,--Not Acquired--,
Barcode:         ,--Not Acquired--,
PIF:,            0.00,
PARs:,            0.0,     0.0,     0.0,     0.0,     0.0,     0.0,
Light:,           0.0,     0.0,     0.0,     0.0,     0.0,     0.0,
Cycles:,            1,
                    1,      69,      70,      70,
Lamps:,        #10000,
Gain:,              2,      50, 
SNR_raw:,     292.66,
Position:,        0.0,              0.0,   NoData,
DataPt,      Time(us),   EX,         EM,       Fit,
==========,==========,==========,==========,=========,
    0,        0.0,      0.000,       0.000,     72.204,
    1,        0.8,    160.914,      71.777,     75.928,
    2,        3.3,    179.791,      80.763,     80.326,
    3,        5.8,    180.207,      88.787,     84.958,
    4,        8.3,    180.331,      91.498,     89.774,
    5,       10.8,    180.382,      96.462,     94.734,
    6,       13.3,    180.448,     101.137,     99.805,
    7,       15.8,    180.397,     104.769,    104.955,
    8,       18.3,    180.514,     109.410,    110.161,
    9,       20.8,    180.557,     115.753,    115.397,
   10,       23.3,    180.565,     119.348,    120.642,
   11,       25.8,    180.557,     124.614,    125.878,
   12,       28.3,    180.638,     128.711,    131.089,
   13,       30.8,    180.667,     135.885,    136.260,
   14,       33.3,    180.689,     140.573,    141.378,
   15,       35.8,    180.740,     145.236,    146.432,
   16,       38.3,    180.798,     150.997,    151.412,
   17,       40.8,    180.988,     156.087,    156.311,
   18,       43.3,    180.944,     160.823,    161.118,
   19,       45.8,    180.937,     164.974,    165.828,
   20,       48.3,    180.725,     171.531,    170.430,
   21,       50.8,    180.974,     174.611,    174.928,
   22,       53.3,    180.733,     178.717,    179.310,
   23,       55.8,    180.835,     183.593,    183.577,
   24,       58.3,    180.820,     188.032,    187.727,
   25,       60.8,    181.120,     192.690,    191.758,
   26,       63.3,    181.054,     196.350,    195.668,
   27,       65.8,    180.988,     200.565,    199.456,
   28,       68.3,    181.010,     205.237,    203.121,
   29,       70.8,    180.930,     207.539,    206.662,
   30,       73.3,    181.010,     211.314,    210.083,
   31,       75.8,    181.010,     214.353,    213.382,
   32,       78.3,    181.018,     217.106,    216.562,
   33,       80.8,    181.098,     220.323,    219.624,
   34,       83.3,    181.112,     223.066,    222.570,
   35,       85.8,    181.047,     225.632,    225.401,
   36,       88.3,    181.229,     228.164,    228.120,
   37,       90.8,    181.134,     231.320,    230.730,
   38,       93.3,    181.164,     232.663,    233.232,
   39,       95.8,    181.237,     235.880,    235.630,
   40,       98.3,    181.222,     238.382,    237.927,
   41,      100.8,    180.966,     240.376,    240.125,
   42,      103.3,    181.149,     242.618,    242.226,
   43,      105.8,    181.178,     244.235,    244.235,
   44,      108.3,    181.258,     245.506,    246.154,
   45,      110.8,    181.105,     247.646,    247.986,
   46,      113.3,    181.156,     248.404,    249.734,
   47,      115.8,    181.156,     251.164,    251.401,
   48,      118.3,    181.149,     253.107,    252.991,
   49,      120.8,    181.288,     254.292,    254.505,
   50,      123.3,    181.127,     253.965,    255.948,
   51,      125.8,    181.273,     257.071,    257.320,
   52,      128.3,    181.127,     257.554,    258.628,
   53,      130.8,    181.185,     258.851,    259.871,
   54,      133.3,    181.091,     260.919,    261.054,
   55,      135.8,    181.105,     261.174,    262.178,
   56,      138.3,    180.937,     262.246,    263.248,
   57,      140.8,    181.149,     264.699,    264.263,
   58,      143.3,    181.171,     266.047,    265.226,
   59,      145.8,    181.200,     266.004,    266.141,
   60,      148.3,    181.288,     266.703,    267.008,
   61,      150.8,    181.142,     266.642,    267.833,
   62,      153.3,    181.317,     268.866,    268.614,
   63,      155.8,    181.164,     269.370,    269.356,
   64,      158.3,    181.368,     271.547,    270.058,
   65,      160.8,    181.127,     271.909,    270.726,
   66,      163.3,    181.142,     272.163,    271.359,
   67,      165.8,    181.149,     272.704,    271.959,
   68,      168.3,    181.193,     273.742,    272.527,
   69,      170.8,    181.222,     273.698,    273.065,
   70,      175.8,    179.783,     276.166,    275.541,
----,
DateTime:        , 2025/11/19, 16:19:46, 1763583586325,
RFID_EPC:        ,--Not Acquired--,
RFID_UserData:   ,--Not Acquired--,
Barcode:         ,--Not Acquired--,
PIF:,            0.00,
PARs:,            0.0,     0.0,     0.0,     0.0,     0.0,     0.0,
Light:,           0.0,     0.0,     0.0,     0.0,     0.0,     0.0,
Cycles:,            1,
                    1,      69,      70,      70,
Lamps:,        #10000,
Gain:,              2,      50, 
SNR_raw:,     213.67,
Position:,        0.0,              0.0,   NoData,
DataPt,      Time(us),   EX,         EM,       Fit,
==========,==========,==========,==========,=========,
    0,        0.0,      0.000,       0.000,     86.224,
    1,        0.8,    161.223,      86.216,     90.237,
    2,        3.3,    179.898,      94.902,     94.796,
    3,        5.8,    180.183,     102.674,     99.432,
    4,        8.3,    180.197,     106.827,    104.119,
    5,       10.8,    180.212,     110.148,    108.838,
    6,       13.3,    180.336,     114.509,    113.575,
    7,       15.8,    180.321,     118.954,    118.311,
    8,       18.3,    180.372,     121.970,    123.034,
    9,       20.8,    180.679,     126.744,    127.738,
   10,       23.3,    180.540,     131.827,    132.402,
   11,       25.8,    180.686,     135.594,    137.021,
   12,       28.3,    180.686,     141.129,    141.583,
   13,       30.8,    180.774,     144.932,    146.082,
   14,       33.3,    180.511,     150.683,    150.503,
   15,       35.8,    180.810,     154.305,    154.850,
   16,       38.3,    180.745,     157.404,    159.112,
   17,       40.8,    180.840,     161.746,    163.285,
   18,       43.3,    181.059,     167.073,    167.367,
   19,       45.8,    181.029,     171.243,    171.350,
   20,       48.3,    181.088,     174.777,    175.233,
   21,       50.8,    180.927,     179.907,    179.008,
   22,       53.3,    181.081,     183.068,    182.679,
   23,       55.8,    180.891,     185.748,    186.239,
   24,       58.3,    180.752,     191.146,    189.687,
   25,       60.8,    181.000,     192.817,    193.029,
   26,       63.3,    180.927,     197.870,    196.260,
   27,       65.8,    181.008,     201.097,    199.382,
   28,       68.3,    181.095,     203.760,    202.394,
   29,       70.8,    181.015,     206.613,    205.297,
   30,       73.3,    181.073,     209.031,    208.092,
   31,       75.8,    181.110,     210.922,    210.782,
   32,       78.3,    181.059,     213.743,    213.365,
   33,       80.8,    180.993,     215.202,    215.846,
   34,       83.3,    181.000,     217.956,    218.225,
   35,       85.8,    181.081,     220.344,    220.506,
   36,       88.3,    181.044,     222.322,    222.690,
   37,       90.8,    181.059,     225.618,    224.780,
   38,       93.3,    181.088,     225.581,    226.779,
   39,       95.8,    181.102,     228.600,    228.689,
   40,       98.3,    181.088,     230.551,    230.513,
   41,      100.8,    181.132,     230.495,    232.253,
   42,      103.3,    181.044,     233.921,    233.913,
   43,      105.8,    181.059,     235.283,    235.494,
   44,      108.3,    181.307,     235.788,    237.002,
   45,      110.8,    181.110,     237.425,    238.436,
   46,      113.3,    181.102,     239.920,    239.801,
   47,      115.8,    181.124,     240.167,    241.099,
   48,      118.3,    181.205,     242.543,    242.333,
   49,      120.8,    181.008,     245.294,    243.506,
   50,      123.3,    180.993,     244.761,    244.619,
   51,      125.8,    181.088,     245.737,    245.676,
   52,      128.3,    181.044,     245.797,    246.679,
   53,      130.8,    181.248,     248.278,    247.631,
   54,      133.3,    181.314,     248.188,    248.533,
   55,      135.8,    181.132,     249.266,    249.389,
   56,      138.3,    181.088,     249.603,    250.199,
   57,      140.8,    181.256,     251.302,    250.967,
   58,      143.3,    181.219,     250.801,    251.695,
   59,      145.8,    181.241,     252.978,    252.384,
   60,      148.3,    181.146,     253.662,    253.036,
   61,      150.8,    181.248,     253.244,    253.653,
   62,      153.3,    181.263,     254.602,    254.236,
   63,      155.8,    181.278,     254.858,    254.789,
   64,      158.3,    181.256,     255.992,    255.311,
   65,      160.8,    181.270,     255.695,    255.805,
   66,      163.3,    181.139,     255.605,    256.272,
   67,      165.8,    181.190,     256.637,    256.713,
   68,      168.3,    181.263,     257.085,    257.130,
   69,      170.8,    181.154,     258.620,    257.524,
   70,      175.8,    179.701,     258.764,    258.681,
----,
DateTime:        , 2025/11/19, 16:19:49, 1763583588914,
RFID_EPC:        ,--Not Acquired--,
RFID_UserData:   ,--Not Acquired--,
Barcode:         ,--Not Acquired--,
PIF:,            0.00,
PARs:,            0.0,     0.0,     0.0,     0.0,     0.0,     0.0,
Light:,           0.0,     0.0,     0.0,     0.0,     0.0,     0.0,
Cycles:,            1,
                    1,      69,      70,      70,
Lamps:,        #10000,
Gain:,              2,      50, 
SNR_raw:,     229.39,
Position:,        0.0,              0.0,   NoData,
DataPt,      Time(us),   EX,         EM,       Fit,
==========,==========,==========,==========,=========,
    0,        0.0,      0.000,       0.000,     87.718,
    1,        0.8,    161.069,      86.919,     91.630,
    2,        3.3,    180.173,      95.991,     96.056,
    3,        5.8,    180.107,     104.105,    100.522,
    4,        8.3,    180.268,     107.618,    105.020,
    5,       10.8,    180.348,     110.897,    109.534,
    6,       13.3,    180.312,     115.079,    114.049,
    7,       15.8,    180.428,     119.715,    118.556,
    8,       18.3,    180.458,     123.298,    123.042,
    9,       20.8,    180.596,     127.356,    127.501,
   10,       23.3,    180.662,     130.354,    131.919,
   11,       25.8,    180.713,     135.574,    136.289,
   12,       28.3,    180.691,     138.081,    140.600,
   13,       30.8,    180.611,     144.786,    144.844,
   14,       33.3,    180.604,     147.561,    149.015,
   15,       35.8,    180.772,     152.126,    153.111,
   16,       38.3,    181.012,     156.619,    157.128,
   17,       40.8,    180.852,     160.629,    161.052,
   18,       43.3,    180.823,     165.355,    164.882,
   19,       45.8,    180.918,     167.756,    168.616,
   20,       48.3,    180.874,     172.496,    172.250,
   21,       50.8,    180.852,     174.452,    175.780,
   22,       53.3,    180.954,     179.051,    179.206,
   23,       55.8,    180.932,     181.836,    182.526,
   24,       58.3,    181.151,     186.308,    185.741,
   25,       60.8,    181.056,     189.996,    188.846,
   26,       63.3,    180.910,     193.190,    191.841,
   27,       65.8,    180.910,     195.401,    194.727,
   28,       68.3,    180.939,     198.962,    197.506,
   29,       70.8,    180.918,     200.920,    200.179,
   30,       73.3,    180.954,     204.472,    202.746,
   31,       75.8,    181.093,     205.420,    205.211,
   32,       78.3,    181.005,     208.281,    207.572,
   33,       80.8,    180.976,     209.696,    209.833,
   34,       83.3,    181.093,     211.218,    211.997,
   35,       85.8,    181.283,     215.134,    214.067,
   36,       88.3,    180.998,     217.130,    216.042,
   37,       90.8,    181.005,     217.950,    217.926,
   38,       93.3,    180.925,     219.704,    219.721,
   39,       95.8,    181.224,     222.101,    221.434,
   40,       98.3,    181.071,     223.117,    223.063,
   41,      100.8,    181.107,     225.557,    224.613,
   42,      103.3,    181.319,     225.569,    226.088,
   43,      105.8,    181.297,     226.700,    227.489,
   44,      108.3,    181.180,     229.054,    228.818,
   45,      110.8,    181.217,     230.939,    230.080,
   46,      113.3,    181.326,     230.799,    231.277,
   47,      115.8,    181.210,     231.776,    232.411,
   48,      118.3,    181.093,     231.925,    233.485,
   49,      120.8,    181.107,     234.391,    234.503,
   50,      123.3,    181.137,     235.182,    235.466,
   51,      125.8,    180.976,     235.667,    236.377,
   52,      128.3,    181.049,     236.400,    237.238,
   53,      130.8,    181.129,     236.847,    238.053,
   54,      133.3,    181.173,     237.618,    238.823,
   55,      135.8,    181.217,     239.492,    239.551,
   56,      138.3,    181.137,     239.598,    240.238,
   57,      140.8,    181.166,     240.940,    240.886,
   58,      143.3,    181.151,     241.787,    241.499,
   59,      145.8,    181.217,     242.251,    242.076,
   60,      148.3,    181.173,     242.310,    242.622,
   61,      150.8,    181.283,     243.267,    243.136,
   62,      153.3,    181.100,     243.512,    243.620,
   63,      155.8,    181.137,     245.119,    244.077,
   64,      158.3,    181.283,     244.646,    244.508,
   65,      160.8,    181.246,     245.523,    244.914,
   66,      163.3,    181.173,     245.621,    245.296,
   67,      165.8,    181.158,     245.641,    245.657,
   68,      168.3,    181.056,     247.161,    245.996,
   69,      170.8,    181.137,     248.983,    246.316,
   70,      175.8,    179.706,     247.349,    247.229,
----,
DateTime:        , 2025/11/19, 16:19:51, 1763583591378,
RFID_EPC:        ,--Not Acquired--,
RFID_UserData:   ,--Not Acquired--,
Barcode:         ,--Not Acquired--,
PIF:,            0.00,
PARs:,            0.0,     0.0,     0.0,     0.0,     0.0,     0.0,
Light:,           0.0,     0.0,     0.0,     0.0,     0.0,     0.0,
Cycles:,            1,
                    1,      69,      70,      70,
Lamps:,        #10000,
Gain:,              2,      50, 
SNR_raw:,     233.87,
Position:,        0.0,              0.0,   NoData,
DataPt,      Time(us),   EX,         EM,       Fit,
==========,==========,==========,==========,=========,
    0,        0.0,      0.000,       0.000,     80.876,
    1,        0.8,    161.207,      80.952,     84.749,
    2,        3.3,    179.804,      89.011,     89.172,
    3,        5.8,    180.322,      96.217,     93.702,
    4,        8.3,    180.322,     101.208,     98.303,
    5,       10.8,    180.315,     104.539,    102.956,
    6,       13.3,    180.373,     108.386,    107.644,
    7,       15.8,    180.527,     112.726,    112.351,
    8,       18.3,    180.439,     117.491,    117.058,
    9,       20.8,    180.629,     121.243,    121.757,
   10,       23.3,    180.658,     125.928,    126.432,
   11,       25.8,    180.497,     130.196,    131.067,
   12,       28.3,    180.665,     133.949,    135.659,
   13,       30.8,    180.804,     139.654,    140.197,
   14,       33.3,    180.863,     143.479,    144.671,
   15,       35.8,    180.841,     148.197,    149.073,
   16,       38.3,    180.738,     152.154,    153.392,
   17,       40.8,    180.724,     156.039,    157.626,
   18,       43.3,    180.870,     161.718,    161.771,
   19,       45.8,    180.950,     166.344,    165.821,
   20,       48.3,    180.914,     169.694,    169.771,
   21,       50.8,    180.753,     173.441,    173.614,
   22,       53.3,    180.877,     177.745,    177.353,
   23,       55.8,    180.950,     180.713,    180.984,
   24,       58.3,    180.943,     183.760,    184.504,
   25,       60.8,    180.921,     188.756,    187.912,
   26,       63.3,    181.082,     192.455,    191.209,
   27,       65.8,    181.023,     195.555,    194.393,
   28,       68.3,    180.943,     197.300,    197.463,
   29,       70.8,    180.921,     201.746,    200.420,
   30,       73.3,    181.104,     204.855,    203.267,
   31,       75.8,    180.870,     206.502,    206.002,
   32,       78.3,    180.994,     209.952,    208.629,
   33,       80.8,    180.972,     211.635,    211.149,
   34,       83.3,    180.957,     213.862,    213.564,
   35,       85.8,    180.987,     216.314,    215.876,
   36,       88.3,    180.972,     218.818,    218.088,
   37,       90.8,    181.271,     220.388,    220.203,
   38,       93.3,    181.162,     223.005,    222.222,
   39,       95.8,    181.279,     223.413,    224.149,
   40,       98.3,    181.118,     224.991,    225.985,
   41,      100.8,    181.169,     226.860,    227.735,
   42,      103.3,    181.045,     228.948,    229.401,
   43,      105.8,    181.118,     231.341,    230.985,
   44,      108.3,    181.038,     231.720,    232.491,
   45,      110.8,    181.147,     233.788,    233.923,
   46,      113.3,    180.972,     235.672,    235.282,
   47,      115.8,    181.074,     236.643,    236.572,
   48,      118.3,    181.169,     238.451,    237.796,
   49,      120.8,    181.206,     238.403,    238.956,
   50,      123.3,    181.366,     239.019,    240.056,
   51,      125.8,    181.410,     239.512,    241.098,
   52,      128.3,    181.279,     241.617,    242.084,
   53,      130.8,    181.206,     241.438,    243.018,
   54,      133.3,    181.206,     244.198,    243.901,
   55,      135.8,    181.096,     243.517,    244.736,
   56,      138.3,    181.038,     245.529,    245.526,
   57,      140.8,    181.191,     244.769,    246.272,
   58,      143.3,    181.184,     246.987,    246.977,
   59,      145.8,    181.118,     247.076,    247.643,
   60,      148.3,    181.140,     248.703,    248.272,
   61,      150.8,    181.264,     248.808,    248.865,
   62,      153.3,    181.206,     250.268,    249.425,
   63,      155.8,    181.315,     249.841,    249.954,
   64,      158.3,    181.220,     249.696,    250.452,
   65,      160.8,    181.096,     251.800,    250.923,
   66,      163.3,    181.206,     251.372,    251.366,
   67,      165.8,    181.177,     252.792,    251.784,
   68,      168.3,    181.060,     252.403,    252.179,
   69,      170.8,    181.250,     254.621,    252.550,
   70,      175.8,    179.672,     254.073,    253.754,
----,
DateTime:        , 2025/11/19, 16:19:54, 1763583593907,
RFID_EPC:        ,--Not Acquired--,
RFID_UserData:   ,--Not Acquired--,
Barcode:         ,--Not Acquired--,
PIF:,            0.00,
PARs:,            0.0,     0.0,     0.0,     0.0,     0.0,     0.0,
Light:,           0.0,     0.0,     0.0,     0.0,     0.0,     0.0,
Cycles:,            1,
                    1,      69,      70,      70,
Lamps:,        #10000,
Gain:,              2,      50, 
SNR_raw:,     261.39,
Position:,        0.0,              0.0,   NoData,
DataPt,      Time(us),   EX,         EM,       Fit,
==========,==========,==========,==========,=========,
    0,        0.0,      0.000,       0.000,     76.896,
    1,        0.8,    161.121,      76.961,     80.692,
    2,        3.3,    180.034,      85.712,     85.042,
    3,        5.8,    180.136,      93.540,     89.496,
    4,        8.3,    180.268,      96.246,     94.035,
    5,       10.8,    180.268,     100.406,     98.640,
    6,       13.3,    180.414,     102.542,    103.297,
    7,       15.8,    180.268,     108.450,    107.986,
    8,       18.3,    180.479,     111.093,    112.700,
    9,       20.8,    180.589,     116.563,    117.425,
   10,       23.3,    180.472,     121.902,    122.141,
   11,       25.8,    180.560,     126.274,    126.843,
   12,       28.3,    180.640,     129.816,    131.519,
   13,       30.8,    180.793,     134.684,    136.160,
   14,       33.3,    180.896,     139.583,    140.757,
   15,       35.8,    180.786,     143.816,    145.294,
   16,       38.3,    180.720,     150.509,    149.764,
   17,       40.8,    180.786,     153.220,    154.164,
   18,       43.3,    180.830,     157.883,    158.484,
   19,       45.8,    180.874,     163.374,    162.720,
   20,       48.3,    181.027,     166.826,    166.865,
   21,       50.8,    180.969,     171.853,    170.913,
   22,       53.3,    180.830,     175.579,    174.856,
   23,       55.8,    181.093,     178.914,    178.698,
   24,       58.3,    180.844,     183.307,    182.427,
   25,       60.8,    181.056,     187.235,    186.047,
   26,       63.3,    181.042,     190.012,    189.553,
   27,       65.8,    180.947,     193.427,    192.942,
   28,       68.3,    180.961,     197.280,    196.215,
   29,       70.8,    180.990,     200.563,    199.371,
   30,       73.3,    180.866,     202.636,    202.408,
   31,       75.8,    181.012,     206.340,    205.330,
   32,       78.3,    181.034,     208.800,    208.137,
   33,       80.8,    181.012,     211.312,    210.828,
   34,       83.3,    181.056,     213.746,    213.407,
   35,       85.8,    180.990,     216.310,    215.874,
   36,       88.3,    180.998,     218.511,    218.231,
   37,       90.8,    180.990,     219.625,    220.482,
   38,       93.3,    181.188,     222.146,    222.630,
   39,       95.8,    181.027,     224.552,    224.675,
   40,       98.3,    181.107,     225.557,    226.622,
   41,      100.8,    180.990,     227.913,    228.474,
   42,      103.3,    181.151,     229.643,    230.233,
   43,      105.8,    181.129,     230.499,    231.904,
   44,      108.3,    181.042,     233.648,    233.488,
   45,      110.8,    181.202,     235.097,    234.990,
   46,      113.3,    181.341,     234.917,    236.414,
   47,      115.8,    181.261,     237.228,    237.760,
   48,      118.3,    181.173,     236.790,    239.034,
   49,      120.8,    181.115,     240.179,    240.238,
   50,      123.3,    181.202,     241.443,    241.376,
   51,      125.8,    181.078,     241.332,    242.450,
   52,      128.3,    181.166,     243.424,    243.464,
   53,      130.8,    180.998,     245.031,    244.420,
   54,      133.3,    181.297,     245.729,    245.321,
   55,      135.8,    181.115,     247.357,    246.171,
   56,      138.3,    181.136,     247.327,    246.971,
   57,      140.8,    181.195,     247.524,    247.725,
   58,      143.3,    181.151,     248.135,    248.434,
   59,      145.8,    181.217,     247.770,    249.101,
   60,      148.3,    181.290,     250.152,    249.729,
   61,      150.8,    181.122,     250.660,    250.319,
   62,      153.3,    181.290,     251.255,    250.874,
   63,      155.8,    181.202,     251.377,    251.396,
   64,      158.3,    181.173,     252.797,    251.886,
   65,      160.8,    181.275,     252.655,    252.346,
   66,      163.3,    181.319,     253.421,    252.778,
   67,      165.8,    181.239,     253.533,    253.184,
   68,      168.3,    181.304,     255.372,    253.565,
   69,      170.8,    181.217,     255.219,    253.922,
   70,      175.8,    179.837,     254.675,    254.878,
----,
DateTime:        , 2025/11/19, 16:19:56, 1763583596361,
RFID_EPC:        ,--Not Acquired--,
RFID_UserData:   ,--Not Acquired--,
Barcode:         ,--Not Acquired--,
PIF:,            0.00,
PARs:,            0.0,     0.0,     0.0,     0.0,     0.0,     0.0,
Light:,           0.0,     0.0,     0.0,     0.0,     0.0,     0.0,
Cycles:,            1,
                    1,      69,      70,      70,
Lamps:,        #10000,
Gain:,              2,      50, 
SNR_raw:,     230.81,
Position:,        0.0,              0.0,   NoData,
DataPt,      Time(us),   EX,         EM,       Fit,
==========,==========,==========,==========,=========,
    0,        0.0,      0.000,       0.000,     79.445,
    1,        0.8,    161.053,      79.167,     83.320,
    2,        3.3,    180.050,      88.230,     87.703,
    3,        5.8,    180.101,      96.335,     92.134,
    4,        8.3,    180.269,      98.741,     96.603,
    5,       10.8,    180.210,     101.825,    101.092,
    6,       13.3,    180.371,     105.893,    105.597,
    7,       15.8,    180.444,     110.838,    110.104,
    8,       18.3,    180.546,     115.206,    114.606,
    9,       20.8,    180.634,     119.302,    119.092,
   10,       23.3,    180.524,     121.867,    123.550,
   11,       25.8,    180.802,     126.935,    127.979,
   12,       28.3,    180.517,     132.397,    132.360,
   13,       30.8,    180.846,     135.198,    136.699,
   14,       33.3,    180.860,     138.505,    140.981,
   15,       35.8,    180.882,     144.293,    145.202,
   16,       38.3,    180.816,     147.664,    149.352,
   17,       40.8,    180.794,     152.106,    153.427,
   18,       43.3,    180.977,     157.202,    157.427,
   19,       45.8,    180.736,     160.455,    161.338,
   20,       48.3,    180.948,     165.517,    165.166,
   21,       50.8,    180.838,     169.212,    168.899,
   22,       53.3,    180.962,     171.859,    172.540,
   23,       55.8,    180.838,     176.954,    176.081,
   24,       58.3,    181.079,     181.412,    179.527,
   25,       60.8,    180.897,     183.807,    182.867,
   26,       63.3,    181.101,     187.464,    186.108,
   27,       65.8,    180.955,     188.721,    189.243,
   28,       68.3,    181.086,     193.278,    192.275,
   29,       70.8,    181.043,     195.810,    195.201,
   30,       73.3,    181.108,     198.500,    198.024,
   31,       75.8,    180.933,     203.114,    200.740,
   32,       78.3,    180.992,     204.706,    203.353,
   33,       80.8,    180.853,     205.969,    205.863,
   34,       83.3,    180.875,     208.708,    208.272,
   35,       85.8,    181.057,     210.431,    210.584,
   36,       88.3,    180.970,     212.743,    212.798,
   37,       90.8,    181.086,     214.814,    214.918,
   38,       93.3,    181.021,     215.997,    216.944,
   39,       95.8,    181.196,     218.548,    218.882,
   40,       98.3,    181.211,     219.358,    220.730,
   41,      100.8,    181.079,     221.726,    222.492,
   42,      103.3,    181.086,     224.202,    224.171,
   43,      105.8,    181.130,     225.804,    225.770,
   44,      108.3,    181.269,     226.183,    227.293,
   45,      110.8,    181.116,     229.135,    228.739,
   46,      113.3,    181.035,     230.066,    230.113,
   47,      115.8,    181.181,     230.432,    231.418,
   48,      118.3,    181.145,     233.239,    232.657,
   49,      120.8,    181.247,     233.107,    233.832,
   50,      123.3,    181.298,     235.248,    234.946,
   51,      125.8,    181.189,     235.114,    236.001,
   52,      128.3,    181.189,     236.494,    237.000,
   53,      130.8,    180.962,     237.895,    237.945,
   54,      133.3,    181.247,     238.900,    238.840,
   55,      135.8,    181.094,     240.207,    239.685,
   56,      138.3,    181.225,     240.585,    240.485,
   57,      140.8,    181.240,     241.117,    241.241,
   58,      143.3,    181.306,     242.684,    241.955,
   59,      145.8,    181.145,     243.728,    242.629,
   60,      148.3,    181.233,     243.058,    243.266,
   61,      150.8,    181.225,     243.344,    243.866,
   62,      153.3,    181.138,     244.565,    244.433,
   63,      155.8,    181.079,     244.644,    244.967,
   64,      158.3,    181.240,     245.807,    245.471,
   65,      160.8,    181.167,     246.182,    245.946,
   66,      163.3,    181.174,     247.000,    246.393,
   67,      165.8,    181.189,     248.084,    246.815,
   68,      168.3,    180.999,     246.687,    247.212,
   69,      170.8,    181.247,     247.728,    247.586,
   70,      175.8,    179.845,     247.991,    248.122,
----,
DateTime:        , 2025/11/19, 16:19:59, 1763583599411,
RFID_EPC:        ,--Not Acquired--,
RFID_UserData:   ,--Not Acquired--,
Barcode:         ,--Not Acquired--,
PIF:,            0.00,
PARs:,            0.0,     0.0,     0.0,     0.0,     0.0,     0.0,
Light:,           0.0,     0.0,     0.0,     0.0,     0.0,     0.0,
Cycles:,            1,
                    1,      69,      70,      70,
Lamps:,        #10000,
Gain:,              2,      50, 
SNR_raw:,     310.65,
Position:,        0.0,              0.0,   NoData,
DataPt,      Time(us),   EX,         EM,       Fit,
==========,==========,==========,==========,=========,
    0,        0.0,      0.000,       0.000,     79.831,
    1,        0.8,    161.238,      78.145,     83.811,
    2,        3.3,    179.948,      87.870,     88.292,
    3,        5.8,    180.174,      96.573,     92.812,
    4,        8.3,    180.160,     100.466,     97.353,
    5,       10.8,    180.306,     105.099,    101.910,
    6,       13.3,    180.313,     107.868,    106.467,
    7,       15.8,    180.452,     112.495,    111.019,
    8,       18.3,    180.452,     114.989,    115.553,
    9,       20.8,    180.591,     118.777,    120.063,
   10,       23.3,    180.620,     123.741,    124.538,
   11,       25.8,    180.569,     127.652,    128.967,
   12,       28.3,    180.510,     131.848,    133.343,
   13,       30.8,    180.810,     136.055,    137.666,
   14,       33.3,    180.839,     141.010,    141.923,
   15,       35.8,    180.802,     144.357,    146.107,
   16,       38.3,    180.758,     149.094,    150.211,
   17,       40.8,    180.919,     153.384,    154.234,
   18,       43.3,    180.853,     158.416,    158.168,
   19,       45.8,    180.897,     161.970,    162.010,
   20,       48.3,    180.875,     165.860,    165.754,
   21,       50.8,    180.941,     168.840,    169.400,
   22,       53.3,    181.029,     173.177,    172.945,
   23,       55.8,    180.868,     176.648,    176.382,
   24,       58.3,    180.941,     180.722,    179.714,
   25,       60.8,    181.036,     184.218,    182.939,
   26,       63.3,    181.043,     187.248,    186.057,
   27,       65.8,    181.007,     189.496,    189.065,
   28,       68.3,    180.868,     192.406,    191.962,
   29,       70.8,    181.065,     195.234,    194.754,
   30,       73.3,    180.912,     198.439,    197.437,
   31,       75.8,    181.145,     201.496,    200.016,
   32,       78.3,    181.072,     202.681,    202.489,
   33,       80.8,    180.963,     205.567,    204.858,
   34,       83.3,    181.065,     208.212,    207.127,
   35,       85.8,    181.058,     209.602,    209.297,
   36,       88.3,    180.926,     211.688,    211.369,
   37,       90.8,    181.065,     213.183,    213.348,
   38,       93.3,    181.021,     215.444,    215.236,
   39,       95.8,    180.999,     216.852,    217.034,
   40,       98.3,    181.072,     217.593,    218.747,
   41,      100.8,    181.226,     220.443,    220.377,
   42,      103.3,    181.189,     221.592,    221.926,
   43,      105.8,    181.226,     222.651,    223.399,
   44,      108.3,    181.269,     224.528,    224.797,
   45,      110.8,    181.087,     224.754,    226.123,
   46,      113.3,    181.087,     227.515,    227.380,
   47,      115.8,    181.196,     228.481,    228.571,
   48,      118.3,    180.985,     229.025,    229.699,
   49,      120.8,    181.072,     230.295,    230.767,
   50,      123.3,    181.138,     231.591,    231.778,
   51,      125.8,    181.175,     232.649,    232.734,
   52,      128.3,    181.189,     232.078,    233.638,
   53,      130.8,    181.138,     233.800,    234.492,
   54,      133.3,    181.094,     234.961,    235.298,
   55,      135.8,    181.321,     235.495,    236.060,
   56,      138.3,    181.248,     236.693,    236.779,
   57,      140.8,    181.189,     236.769,    237.457,
   58,      143.3,    181.240,     238.082,    238.097,
   59,      145.8,    181.131,     239.054,    238.700,
   60,      148.3,    181.080,     239.674,    239.269,
   61,      150.8,    181.218,     240.042,    239.804,
   62,      153.3,    181.299,     240.211,    240.309,
   63,      155.8,    181.255,     239.994,    240.785,
   64,      158.3,    181.196,     240.899,    241.232,
   65,      160.8,    181.262,     242.191,    241.654,
   66,      163.3,    181.269,     243.560,    242.051,
   67,      165.8,    181.189,     243.668,    242.424,
   68,      168.3,    181.109,     242.948,    242.776,
   69,      170.8,    181.175,     244.240,    243.107,
   70,      175.8,    179.766,     244.207,    243.976,
----,
DateTime:        , 2025/11/19, 16:20:02, 1763583601947,
RFID_EPC:        ,--Not Acquired--,
RFID_UserData:   ,--Not Acquired--,
Barcode:         ,--Not Acquired--,
PIF:,            0.00,
PARs:,            0.0,     0.0,     0.0,     0.0,     0.0,     0.0,
Light:,           0.0,     0.0,     0.0,     0.0,     0.0,     0.0,
Cycles:,            1,
                    1,      69,      70,      70,
Lamps:,        #10000,
Gain:,              2,      50, 
SNR_raw:,     252.97,
Position:,        0.0,              0.0,   NoData,
DataPt,      Time(us),   EX,         EM,       Fit,
==========,==========,==========,==========,=========,
    0,        0.0,      0.000,       0.000,     78.779,
    1,        0.8,    161.188,      78.790,     82.697,
    2,        3.3,    179.919,      87.615,     87.129,
    3,        5.8,    180.080,      95.513,     91.619,
    4,        8.3,    180.182,      97.957,     96.150,
    5,       10.8,    180.196,     101.556,    100.710,
    6,       13.3,    180.540,     104.132,    105.292,
    7,       15.8,    180.510,     111.351,    109.878,
    8,       18.3,    180.642,     114.038,    114.459,
    9,       20.8,    180.664,     119.282,    119.024,
   10,       23.3,    180.598,     123.756,    123.559,
   11,       25.8,    180.583,     126.811,    128.057,
   12,       28.3,    180.532,     131.002,    132.509,
   13,       30.8,    180.766,     135.811,    136.913,
   14,       33.3,    180.707,     140.559,    141.254,
   15,       35.8,    180.905,     145.104,    145.531,
   16,       38.3,    180.934,     149.226,    149.733,
   17,       40.8,    180.963,     153.070,    153.855,
   18,       43.3,    181.109,     157.640,    157.894,
   19,       45.8,    180.861,     160.068,    161.837,
   20,       48.3,    180.963,     165.780,    165.687,
   21,       50.8,    180.999,     169.614,    169.438,
   22,       53.3,    180.985,     174.048,    173.087,
   23,       55.8,    180.810,     176.429,    176.629,
   24,       58.3,    180.919,     181.020,    180.065,
   25,       60.8,    180.919,     184.060,    183.394,
   26,       63.3,    180.970,     186.771,    186.613,
   27,       65.8,    180.970,     191.192,    189.722,
   28,       68.3,    180.934,     193.165,    192.721,
   29,       70.8,    181.109,     196.291,    195.612,
   30,       73.3,    181.014,     199.156,    198.392,
   31,       75.8,    181.007,     201.926,    201.064,
   32,       78.3,    180.897,     205.089,    203.627,
   33,       80.8,    180.956,     206.957,    206.085,
   34,       83.3,    180.970,     209.979,    208.440,
   35,       85.8,    180.941,     211.395,    210.692,
   36,       88.3,    180.956,     212.759,    212.845,
   37,       90.8,    180.956,     215.246,    214.902,
   38,       93.3,    181.116,     216.712,    216.865,
   39,       95.8,    181.233,     217.676,    218.736,
   40,       98.3,    181.102,     220.318,    220.518,
   41,      100.8,    181.043,     222.046,    222.214,
   42,      103.3,    181.167,     224.102,    223.827,
   43,      105.8,    181.072,     223.391,    225.359,
   44,      108.3,    181.124,     225.537,    226.814,
   45,      110.8,    181.372,     227.985,    228.195,
   46,      113.3,    181.058,     229.209,    229.505,
   47,      115.8,    181.116,     230.239,    230.745,
   48,      118.3,    181.138,     231.591,    231.921,
   49,      120.8,    181.277,     231.138,    233.034,
   50,      123.3,    181.277,     234.448,    234.087,
   51,      125.8,    181.386,     235.409,    235.084,
   52,      128.3,    181.197,     235.380,    236.025,
   53,      130.8,    181.204,     236.750,    236.915,
   54,      133.3,    181.116,     237.141,    237.755,
   55,      135.8,    181.058,     239.150,    238.548,
   56,      138.3,    181.175,     239.824,    239.297,
   57,      140.8,    181.124,     240.168,    240.003,
   58,      143.3,    181.102,     240.197,    240.669,
   59,      145.8,    181.262,     240.811,    241.297,
   60,      148.3,    181.065,     242.454,    241.889,
   61,      150.8,    181.160,     242.879,    242.447,
   62,      153.3,    181.262,     242.191,    242.972,
   63,      155.8,    181.255,     244.407,    243.467,
   64,      158.3,    181.211,     244.742,    243.933,
   65,      160.8,    181.087,     244.910,    244.371,
   66,      163.3,    181.233,     245.264,    244.784,
   67,      165.8,    181.029,     245.817,    245.173,
   68,      168.3,    181.189,     246.427,    245.538,
   69,      170.8,    181.160,     247.019,    245.882,
   70,      175.8,    179.678,     246.830,    246.762,
----,
DateTime:        , 2025/11/19, 16:20:04, 1763583604455,
RFID_EPC:        ,--Not Acquired--,
RFID_UserData:   ,--Not Acquired--,
Barcode:         ,--Not Acquired--,
PIF:,            0.00,
PARs:,            0.0,     0.0,     0.0,     0.0,     0.0,     0.0,
Light:,           0.0,     0.0,     0.0,     0.0,     0.0,     0.0,
Cycles:,            1,
                    1,      69,      70,      70,
Lamps:,        #10000,
Gain:,              2,      50, 
SNR_raw:,     233.35,
Position:,        0.0,              0.0,   NoData,
DataPt,      Time(us),   EX,         EM,       Fit,
==========,==========,==========,==========,=========,
    0,        0.0,      0.000,       0.000,     77.417,
    1,        0.8,    161.265,      75.962,     81.200,
    2,        3.3,    179.801,      85.546,     85.546,
    3,        5.8,    180.071,      94.130,     90.011,
    4,        8.3,    180.275,      97.351,     94.566,
    5,       10.8,    180.275,     101.234,     99.182,
    6,       13.3,    180.224,     104.592,    103.835,
    7,       15.8,    180.392,     109.484,    108.511,
    8,       18.3,    180.494,     113.577,    113.191,
    9,       20.8,    180.538,     117.427,    117.860,
   10,       23.3,    180.428,     121.655,    122.499,
   11,       25.8,    180.720,     125.885,    127.107,
   12,       28.3,    180.691,     130.056,    131.665,
   13,       30.8,    180.852,     135.747,    136.168,
   14,       33.3,    180.771,     138.573,    140.602,
   15,       35.8,    180.866,     143.753,    144.964,
   16,       38.3,    180.801,     147.953,    149.244,
   17,       40.8,    180.735,     152.156,    153.436,
   18,       43.3,    180.808,     157.349,    157.538,
   19,       45.8,    181.005,     161.321,    161.548,
   20,       48.3,    180.976,     165.215,    165.457,
   21,       50.8,    180.866,     169.186,    169.262,
   22,       53.3,    180.837,     174.190,    172.962,
   23,       55.8,    180.983,     175.707,    176.556,
   24,       58.3,    180.859,     179.698,    180.041,
   25,       60.8,    180.990,     183.435,    183.418,
   26,       63.3,    180.990,     186.474,    186.685,
   27,       65.8,    180.947,     190.940,    189.842,
   28,       68.3,    181.107,     193.808,    192.891,
   29,       70.8,    180.874,     197.099,    195.828,
   30,       73.3,    180.998,     200.555,    198.659,
   31,       75.8,    181.027,     202.732,    201.383,
   32,       78.3,    180.786,     204.938,    203.999,
   33,       80.8,    181.122,     207.595,    206.514,
   34,       83.3,    181.129,     208.691,    208.928,
   35,       85.8,    180.917,     211.699,    211.241,
   36,       88.3,    180.947,     212.770,    213.456,
   37,       90.8,    181.012,     216.284,    215.577,
   38,       93.3,    181.056,     216.507,    217.605,
   39,       95.8,    181.144,     218.611,    219.544,
   40,       98.3,    181.056,     221.478,    221.395,
   41,      100.8,    181.056,     223.964,    223.162,
   42,      103.3,    181.107,     224.729,    224.847,
   43,      105.8,    181.173,     226.579,    226.453,
   44,      108.3,    181.312,     228.336,    227.984,
   45,      110.8,    181.202,     228.750,    229.440,
   46,      113.3,    181.020,     230.085,    230.826,
   47,      115.8,    181.224,     232.585,    232.144,
   48,      118.3,    181.202,     233.717,    233.397,
   49,      120.8,    181.115,     233.830,    234.587,
   50,      123.3,    181.107,     234.115,    235.717,
   51,      125.8,    181.034,     235.867,    236.790,
   52,      128.3,    181.158,     237.361,    237.808,
   53,      130.8,    181.224,     238.931,    238.774,
   54,      133.3,    181.319,     239.909,    239.689,
   55,      135.8,    181.304,     240.755,    240.556,
   56,      138.3,    181.304,     241.307,    241.378,
   57,      140.8,    181.100,     241.855,    242.157,
   58,      143.3,    181.319,     241.839,    242.894,
   59,      145.8,    181.137,     243.463,    243.592,
   60,      148.3,    181.158,     244.813,    244.253,
   61,      150.8,    181.180,     244.232,    244.878,
   62,      153.3,    181.166,     246.459,    245.469,
   63,      155.8,    181.304,     246.271,    246.028,
   64,      158.3,    181.246,     247.454,    246.556,
   65,      160.8,    181.341,     246.773,    247.055,
   66,      163.3,    181.312,     247.088,    247.527,
   67,      165.8,    181.341,     247.876,    247.973,
   68,      168.3,    181.056,     248.818,    248.395,
   69,      170.8,    181.363,     249.224,    248.793,
   70,      175.8,    179.676,     250.450,    250.078,
----,
DateTime:        , 2025/11/19, 16:20:07, 1763583606996,
RFID_EPC:        ,--Not Acquired--,
RFID_UserData:   ,--Not Acquired--,
Barcode:         ,--Not Acquired--,
PIF:,            0.00,
PARs:,            0.0,     0.0,     0.0,     0.0,     0.0,     0.0,
Light:,           0.0,     0.0,     0.0,     0.0,     0.0,     0.0,
Cycles:,            1,
                    1,      69,      70,      70,
Lamps:,        #10000,
Gain:,              2,      50, 
SNR_raw:,     228.70,
Position:,        0.0,              0.0,   NoData,
DataPt,      Time(us),   EX,         EM,       Fit,
==========,==========,==========,==========,=========,
    0,        0.0,      0.000,       0.000,     78.933,
    1,        0.8,    161.262,      77.514,     82.905,
    2,        3.3,    179.881,      87.726,     87.422,
    3,        5.8,    180.143,      96.867,     92.021,
    4,        8.3,    180.355,      99.249,     96.679,
    5,       10.8,    180.399,     103.105,    101.373,
    6,       13.3,    180.377,     106.166,    106.083,
    7,       15.8,    180.443,     110.838,    110.795,
    8,       18.3,    180.633,     115.428,    115.499,
    9,       20.8,    180.567,     119.346,    120.175,
   10,       23.3,    180.647,     124.829,    124.814,
   11,       25.8,    180.523,     128.515,    129.403,
   12,       28.3,    180.728,     133.073,    133.938,
   13,       30.8,    180.523,     135.994,    138.402,
   14,       33.3,    180.779,     142.716,    142.797,
   15,       35.8,    180.764,     146.323,    147.111,
   16,       38.3,    180.961,     150.032,    151.341,
   17,       40.8,    180.866,     155.087,    155.477,
   18,       43.3,    180.947,     158.610,    159.518,
   19,       45.8,    180.947,     163.584,    163.458,
   20,       48.3,    180.859,     168.087,    167.292,
   21,       50.8,    180.910,     170.527,    171.020,
   22,       53.3,    180.881,     174.701,    174.638,
   23,       55.8,    180.939,     178.789,    178.147,
   24,       58.3,    180.888,     180.775,    181.544,
   25,       60.8,    180.954,     184.854,    184.830,
   26,       63.3,    181.151,     189.621,    188.006,
   27,       65.8,    181.122,     191.032,    191.069,
   28,       68.3,    180.990,     193.933,    194.019,
   29,       70.8,    181.056,     197.729,    196.859,
   30,       73.3,    181.085,     200.458,    199.591,
   31,       75.8,    181.115,     202.358,    202.215,
   32,       78.3,    181.071,     205.997,    204.732,
   33,       80.8,    180.903,     208.676,    207.145,
   34,       83.3,    181.020,     210.198,    209.456,
   35,       85.8,    180.903,     213.098,    211.668,
   36,       88.3,    181.056,     213.194,    213.783,
   37,       90.8,    180.976,     216.051,    215.804,
   38,       93.3,    181.158,     217.213,    217.734,
   39,       95.8,    181.188,     220.214,    219.576,
   40,       98.3,    181.027,     222.066,    221.332,
   41,      100.8,    181.049,     221.211,    223.004,
   42,      103.3,    181.085,     225.032,    224.597,
   43,      105.8,    181.078,     225.041,    226.112,
   44,      108.3,    181.100,     227.223,    227.553,
   45,      110.8,    181.063,     228.925,    228.923,
   46,      113.3,    181.056,     230.315,    230.224,
   47,      115.8,    181.085,     231.383,    231.460,
   48,      118.3,    181.129,     232.431,    232.632,
   49,      120.8,    181.100,     232.744,    233.745,
   50,      123.3,    181.078,     234.705,    234.799,
   51,      125.8,    181.195,     234.278,    235.799,
   52,      128.3,    181.144,     236.276,    236.746,
   53,      130.8,    181.334,     236.856,    237.643,
   54,      133.3,    181.290,     237.189,    238.492,
   55,      135.8,    181.085,     239.942,    239.296,
   56,      138.3,    181.136,     240.150,    240.057,
   57,      140.8,    181.224,     240.586,    240.776,
   58,      143.3,    181.246,     241.109,    241.456,
   59,      145.8,    181.151,     242.063,    242.099,
   60,      148.3,    181.370,     241.771,    242.707,
   61,      150.8,    181.158,     243.433,    243.281,
   62,      153.3,    181.173,     244.794,    243.824,
   63,      155.8,    181.144,     244.281,    244.336,
   64,      158.3,    181.188,     245.050,    244.820,
   65,      160.8,    181.136,     245.119,    245.276,
   66,      163.3,    181.297,     246.281,    245.707,
   67,      165.8,    181.085,     246.293,    246.114,
   68,      168.3,    181.151,     247.583,    246.498,
   69,      170.8,    181.217,     247.494,    246.860,
   70,      175.8,    179.654,     248.255,    248.004,
----,
DateTime:        , 2025/11/19, 16:20:09, 1763583609549,
RFID_EPC:        ,--Not Acquired--,
RFID_UserData:   ,--Not Acquired--,
Barcode:         ,--Not Acquired--,
PIF:,            0.00,
PARs:,            0.0,     0.0,     0.0,     0.0,     0.0,     0.0,
Light:,           0.0,     0.0,     0.0,     0.0,     0.0,     0.0,
Cycles:,            1,
                    1,      69,      70,      70,
Lamps:,        #10000,
Gain:,              2,      50, 
SNR_raw:,     233.54,
Position:,        0.0,              0.0,   NoData,
DataPt,      Time(us),   EX,         EM,       Fit,
==========,==========,==========,==========,=========,
    0,        0.0,      0.000,       0.000,     79.449,
    1,        0.8,    161.312,      80.589,     83.664,
    2,        3.3,    180.150,      89.255,     88.378,
    3,        5.8,    180.405,      97.004,     93.100,
    4,        8.3,    180.281,     100.121,     97.810,
    5,       10.8,    180.289,     104.277,    102.504,
    6,       13.3,    180.238,     108.745,    107.174,
    7,       15.8,    180.427,     111.125,    111.818,
    8,       18.3,    180.383,     115.864,    116.423,
    9,       20.8,    180.493,     119.672,    120.987,
   10,       23.3,    180.566,     123.777,    125.502,
   11,       25.8,    180.624,     129.827,    129.961,
   12,       28.3,    180.807,     133.845,    134.362,
   13,       30.8,    180.792,     137.727,    138.694,
   14,       33.3,    180.931,     140.938,    142.956,
   15,       35.8,    180.967,     145.883,    147.140,
   16,       38.3,    180.902,     150.082,    151.239,
   17,       40.8,    180.792,     153.768,    155.249,
   18,       43.3,    180.880,     156.457,    159.171,
   19,       45.8,    180.646,     162.195,    162.994,
   20,       48.3,    180.712,     167.670,    166.721,
   21,       50.8,    180.763,     170.665,    170.350,
   22,       53.3,    181.018,     174.015,    173.883,
   23,       55.8,    180.909,     176.332,    177.311,
   24,       58.3,    180.894,     180.216,    180.634,
   25,       60.8,    181.157,     185.474,    183.857,
   26,       63.3,    181.106,     187.459,    186.972,
   27,       65.8,    181.259,     191.163,    189.985,
   28,       68.3,    181.018,     193.627,    192.887,
   29,       70.8,    180.960,     196.728,    195.683,
   30,       73.3,    181.033,     198.859,    198.376,
   31,       75.8,    180.967,     201.694,    200.965,
   32,       78.3,    181.055,     205.186,    203.453,
   33,       80.8,    181.011,     206.893,    205.840,
   34,       83.3,    180.858,     209.557,    208.126,
   35,       85.8,    181.179,     211.117,    210.320,
   36,       88.3,    181.143,     212.816,    212.419,
   37,       90.8,    180.967,     214.956,    214.424,
   38,       93.3,    181.099,     217.561,    216.340,
   39,       95.8,    181.113,     219.200,    218.169,
   40,       98.3,    181.172,     219.405,    219.915,
   41,      100.8,    181.062,     220.918,    221.577,
   42,      103.3,    181.048,     222.041,    223.160,
   43,      105.8,    181.026,     224.277,    224.666,
   44,      108.3,    181.310,     225.580,    226.101,
   45,      110.8,    181.099,     227.224,    227.463,
   46,      113.3,    181.062,     227.546,    228.757,
   47,      115.8,    181.011,     228.991,    229.984,
   48,      118.3,    181.216,     230.113,    231.150,
   49,      120.8,    181.070,     231.679,    232.255,
   50,      123.3,    181.018,     232.021,    233.302,
   51,      125.8,    181.121,     234.374,    234.295,
   52,      128.3,    181.259,     235.298,    235.236,
   53,      130.8,    181.011,     235.068,    236.125,
   54,      133.3,    181.179,     236.506,    236.967,
   55,      135.8,    181.186,     237.601,    237.764,
   56,      138.3,    181.135,     239.600,    238.517,
   57,      140.8,    181.172,     239.000,    239.229,
   58,      143.3,    181.296,     239.939,    239.902,
   59,      145.8,    181.164,     240.113,    240.538,
   60,      148.3,    181.121,     241.000,    241.138,
   61,      150.8,    181.194,     242.282,    241.704,
   62,      153.3,    181.040,     241.935,    242.238,
   63,      155.8,    181.099,     242.961,    242.742,
   64,      158.3,    181.164,     244.253,    243.218,
   65,      160.8,    181.121,     245.140,    243.667,
   66,      163.3,    181.281,     244.923,    244.090,
   67,      165.8,    181.186,     245.052,    244.489,
   68,      168.3,    181.347,     245.110,    244.866,
   69,      170.8,    181.135,     245.673,    245.220,
   70,      175.8,    179.785,     244.737,    245.348,
----,
DateTime:        , 2025/11/19, 16:20:12, 1763583612025,
RFID_EPC:        ,--Not Acquired--,
RFID_UserData:   ,--Not Acquired--,
Barcode:         ,--Not Acquired--,
PIF:,            0.00,
PARs:,            0.0,     0.0,     0.0,     0.0,     0.0,     0.0,
Light:,           0.0,     0.0,     0.0,     0.0,     0.0,     0.0,
Cycles:,            1,
                    1,      69,      70,      70,
Lamps:,        #10000,
Gain:,              2,      50, 
SNR_raw:,     237.17,
Position:,        0.0,              0.0,   NoData,
DataPt,      Time(us),   EX,         EM,       Fit,
==========,==========,==========,==========,=========,
    0,        0.0,      0.000,       0.000,     80.485,
    1,        0.8,    161.244,      79.383,     83.973,
    2,        3.3,    180.086,      88.847,     88.080,
    3,        5.8,    180.356,      97.307,     92.381,
    4,        8.3,    180.437,     100.312,     96.826,
    5,       10.8,    180.429,     102.810,    101.372,
    6,       13.3,    180.422,     106.971,    105.986,
    7,       15.8,    180.561,     110.766,    110.642,
    8,       18.3,    180.481,     114.417,    115.313,
    9,       20.8,    180.386,     118.358,    119.977,
   10,       23.3,    180.627,     123.736,    124.622,
   11,       25.8,    180.510,     127.971,    129.227,
   12,       28.3,    180.685,     132.274,    133.783,
   13,       30.8,    180.575,     137.062,    138.274,
   14,       33.3,    180.846,     141.281,    142.698,
   15,       35.8,    180.897,     146.769,    147.041,
   16,       38.3,    180.955,     149.485,    151.297,
   17,       40.8,    180.977,     153.334,    155.459,
   18,       43.3,    180.999,     158.841,    159.521,
   19,       45.8,    180.984,     162.721,    163.480,
   20,       48.3,    180.867,     166.973,    167.329,
   21,       50.8,    180.970,     171.023,    171.069,
   22,       53.3,    180.948,     174.636,    174.697,
   23,       55.8,    180.802,     178.096,    178.209,
   24,       58.3,    180.860,     181.909,    181.607,
   25,       60.8,    181.028,     185.607,    184.892,
   26,       63.3,    180.977,     188.146,    188.060,
   27,       65.8,    181.043,     191.391,    191.115,
   28,       68.3,    181.043,     195.810,    194.055,
   29,       70.8,    181.028,     198.588,    196.883,
   30,       73.3,    181.050,     201.326,    199.599,
   31,       75.8,    181.101,     204.030,    202.206,
   32,       78.3,    181.203,     207.226,    204.706,
   33,       80.8,    181.086,     207.912,    207.100,
   34,       83.3,    180.948,     211.111,    209.390,
   35,       85.8,    181.079,     211.234,    211.581,
   36,       88.3,    180.955,     213.865,    213.673,
   37,       90.8,    180.984,     215.212,    215.670,
   38,       93.3,    181.013,     217.387,    217.575,
   39,       95.8,    181.013,     218.768,    219.391,
   40,       98.3,    181.065,     220.363,    221.120,
   41,      100.8,    181.079,     222.555,    222.767,
   42,      103.3,    181.218,     224.040,    224.333,
   43,      105.8,    181.050,     225.352,    225.822,
   44,      108.3,    181.130,     226.356,    227.237,
   45,      110.8,    181.123,     227.746,    228.581,
   46,      113.3,    181.196,     229.310,    229.856,
   47,      115.8,    181.116,     231.068,    231.067,
   48,      118.3,    181.203,     232.612,    232.214,
   49,      120.8,    181.123,     232.991,    233.302,
   50,      123.3,    180.955,     233.760,    234.332,
   51,      125.8,    181.123,     235.751,    235.308,
   52,      128.3,    181.013,     235.342,    236.232,
   53,      130.8,    181.167,     236.798,    237.106,
   54,      133.3,    181.101,     236.608,    237.933,
   55,      135.8,    180.992,     239.238,    238.715,
   56,      138.3,    181.159,     239.568,    239.454,
   57,      140.8,    181.269,     239.147,    240.152,
   58,      143.3,    181.189,     241.185,    240.812,
   59,      145.8,    181.189,     242.013,    241.435,
   60,      148.3,    181.196,     241.727,    242.024,
   61,      150.8,    181.291,     242.428,    242.579,
   62,      153.3,    181.152,     243.442,    243.104,
   63,      155.8,    180.955,     243.431,    243.601,
   64,      158.3,    181.218,     243.629,    244.068,
   65,      160.8,    181.043,     244.141,    244.509,
   66,      163.3,    181.079,     244.921,    244.925,
   67,      165.8,    181.152,     246.478,    245.317,
   68,      168.3,    181.196,     245.866,    245.686,
   69,      170.8,    181.203,     247.236,    246.034,
   70,      175.8,    179.802,     248.051,    247.598,
----,
DateTime:        , 2025/11/19, 16:20:14, 1763583614585,
RFID_EPC:        ,--Not Acquired--,
RFID_UserData:   ,--Not Acquired--,
Barcode:         ,--Not Acquired--,
PIF:,            0.00,
PARs:,            0.0,     0.0,     0.0,     0.0,     0.0,     0.0,
Light:,           0.0,     0.0,     0.0,     0.0,     0.0,     0.0,
Cycles:,            1,
                    1,      69,      70,      70,
Lamps:,        #10000,
Gain:,              2,      50, 
SNR_raw:,     224.52,
Position:,        0.0,              0.0,   NoData,
DataPt,      Time(us),   EX,         EM,       Fit,
==========,==========,==========,==========,=========,
    0,        0.0,      0.000,       0.000,     77.478,
    1,        0.8,    161.198,      76.924,     81.627,
    2,        3.3,    179.893,      85.838,     86.296,
    3,        5.8,    180.141,      93.815,     91.004,
    4,        8.3,    180.367,      98.133,     95.740,
    5,       10.8,    180.287,     103.724,    100.487,
    6,       13.3,    180.258,     106.792,    105.235,
    7,       15.8,    180.550,     109.942,    109.983,
    8,       18.3,    180.360,     115.325,    114.708,
    9,       20.8,    180.659,     119.009,    119.415,
   10,       23.3,    180.572,     123.220,    124.085,
   11,       25.8,    180.579,     127.922,    128.712,
   12,       28.3,    180.798,     132.745,    133.293,
   13,       30.8,    180.718,     136.954,    137.813,
   14,       33.3,    180.988,     141.170,    142.273,
   15,       35.8,    180.856,     144.866,    146.657,
   16,       38.3,    180.827,     148.761,    150.962,
   17,       40.8,    180.856,     154.266,    155.183,
   18,       43.3,    180.776,     158.207,    159.312,
   19,       45.8,    180.937,     161.935,    163.351,
   20,       48.3,    180.878,     166.963,    167.290,
   21,       50.8,    181.039,     170.958,    171.130,
   22,       53.3,    180.980,     175.157,    174.864,
   23,       55.8,    181.134,     179.978,    178.492,
   24,       58.3,    180.958,     183.191,    182.008,
   25,       60.8,    181.075,     186.387,    185.415,
   26,       63.3,    180.988,     190.344,    188.708,
   27,       65.8,    180.980,     192.839,    191.888,
   28,       68.3,    180.885,     196.533,    194.954,
   29,       70.8,    180.966,     198.933,    197.909,
   30,       73.3,    180.922,     200.915,    200.751,
   31,       75.8,    181.031,     204.384,    203.483,
   32,       78.3,    181.112,     207.331,    206.106,
   33,       80.8,    181.112,     210.367,    208.621,
   34,       83.3,    181.126,     211.179,    211.030,
   35,       85.8,    181.053,     214.301,    213.334,
   36,       88.3,    181.031,     215.156,    215.536,
   37,       90.8,    181.002,     217.124,    217.639,
   38,       93.3,    180.995,     219.067,    219.644,
   39,       95.8,    181.031,     219.851,    221.557,
   40,       98.3,    181.148,     222.470,    223.379,
   41,      100.8,    181.097,     225.293,    225.112,
   42,      103.3,    181.002,     226.240,    226.760,
   43,      105.8,    181.207,     227.641,    228.326,
   44,      108.3,    181.061,     230.310,    229.813,
   45,      110.8,    181.090,     231.101,    231.225,
   46,      113.3,    181.112,     232.177,    232.563,
   47,      115.8,    181.258,     233.645,    233.832,
   48,      118.3,    181.185,     234.291,    235.033,
   49,      120.8,    181.039,     236.413,    236.170,
   50,      123.3,    181.134,     237.670,    237.246,
   51,      125.8,    181.163,     238.735,    238.264,
   52,      128.3,    181.199,     238.687,    239.226,
   53,      130.8,    181.163,     239.011,    240.135,
   54,      133.3,    181.148,     240.963,    240.994,
   55,      135.8,    181.214,     240.876,    241.804,
   56,      138.3,    181.097,     241.583,    242.569,
   57,      140.8,    181.177,     242.580,    243.290,
   58,      143.3,    181.236,     244.709,    243.971,
   59,      145.8,    180.980,     243.949,    244.612,
   60,      148.3,    181.031,     244.433,    245.217,
   61,      150.8,    181.134,     246.503,    245.787,
   62,      153.3,    181.192,     245.596,    246.323,
   63,      155.8,    181.199,     249.173,    246.829,
   64,      158.3,    181.112,     248.189,    247.305,
   65,      160.8,    181.192,     248.631,    247.753,
   66,      163.3,    181.250,     247.999,    248.174,
   67,      165.8,    181.360,     249.228,    248.571,
   68,      168.3,    181.280,     249.339,    248.944,
   69,      170.8,    181.185,     250.573,    249.295,
   70,      175.8,    179.637,     250.227,    250.069,
----,
DateTime:        , 2025/11/19, 16:20:17, 1763583617081,
RFID_EPC:        ,--Not Acquired--,
RFID_UserData:   ,--Not Acquired--,
Barcode:         ,--Not Acquired--,
PIF:,            0.00,
PARs:,            0.0,     0.0,     0.0,     0.0,     0.0,     0.0,
Light:,           0.0,     0.0,     0.0,     0.0,     0.0,     0.0,
Cycles:,            1,
                    1,      69,      70,      70,
Lamps:,        #10000,
Gain:,              2,      50, 
SNR_raw:,     214.48,
Position:,        0.0,              0.0,   NoData,
DataPt,      Time(us),   EX,         EM,       Fit,
==========,==========,==========,==========,=========,
    0,        0.0,      0.000,       0.000,     79.309,
    1,        0.8,    161.237,      79.076,     83.036,
    2,        3.3,    180.003,      87.564,     87.320,
    3,        5.8,    180.229,      95.157,     91.721,
    4,        8.3,    180.346,      99.808,     96.209,
    5,       10.8,    180.266,     102.904,    100.755,
    6,       13.3,    180.383,     106.163,    105.343,
    7,       15.8,    180.441,     110.008,    109.953,
    8,       18.3,    180.383,     113.093,    114.566,
    9,       20.8,    180.594,     118.498,    119.172,
   10,       23.3,    180.492,     122.997,    123.752,
   11,       25.8,    180.660,     126.757,    128.299,
   12,       28.3,    180.762,     131.388,    132.801,
   13,       30.8,    180.784,     135.521,    137.248,
   14,       33.3,    180.711,     139.172,    141.629,
   15,       35.8,    180.959,     145.613,    145.943,
   16,       38.3,    180.762,     149.368,    150.175,
   17,       40.8,    180.806,     152.926,    154.324,
   18,       43.3,    180.784,     157.647,    158.383,
   19,       45.8,    181.032,     162.402,    162.352,
   20,       48.3,    181.054,     166.249,    166.224,
   21,       50.8,    180.901,     170.535,    169.993,
   22,       53.3,    180.791,     174.787,    173.657,
   23,       55.8,    180.842,     178.056,    177.218,
   24,       58.3,    181.003,     181.489,    180.673,
   25,       60.8,    180.886,     184.370,    184.020,
   26,       63.3,    180.806,     189.153,    187.258,
   27,       65.8,    180.945,     191.771,    190.389,
   28,       68.3,    180.923,     193.453,    193.412,
   29,       70.8,    180.937,     197.030,    196.327,
   30,       73.3,    181.120,     199.592,    199.138,
   31,       75.8,    181.025,     203.563,    201.842,
   32,       78.3,    181.142,     206.468,    204.443,
   33,       80.8,    181.083,     207.915,    206.941,
   34,       83.3,    181.076,     208.476,    209.338,
   35,       85.8,    180.821,     210.983,    211.635,
   36,       88.3,    181.040,     214.042,    213.837,
   37,       90.8,    180.952,     215.803,    215.945,
   38,       93.3,    181.113,     216.164,    217.961,
   39,       95.8,    180.988,     219.904,    219.888,
   40,       98.3,    181.047,     220.937,    221.729,
   41,      100.8,    181.259,     222.886,    223.487,
   42,      103.3,    181.229,     224.853,    225.164,
   43,      105.8,    181.273,     225.902,    226.762,
   44,      108.3,    181.178,     227.952,    228.285,
   45,      110.8,    181.310,     230.821,    229.735,
   46,      113.3,    181.251,     231.447,    231.115,
   47,      115.8,    181.105,     232.462,    232.427,
   48,      118.3,    181.061,     232.794,    233.675,
   49,      120.8,    180.864,     233.324,    234.860,
   50,      123.3,    181.047,     235.574,    235.985,
   51,      125.8,    181.237,     236.431,    237.054,
   52,      128.3,    181.186,     238.154,    238.068,
   53,      130.8,    181.229,     238.096,    239.030,
   54,      133.3,    181.113,     240.458,    239.942,
   55,      135.8,    181.054,     241.364,    240.807,
   56,      138.3,    181.244,     242.215,    241.626,
   57,      140.8,    181.266,     241.082,    242.402,
   58,      143.3,    181.149,     242.342,    243.137,
   59,      145.8,    181.105,     242.953,    243.833,
   60,      148.3,    181.302,     244.619,    244.491,
   61,      150.8,    181.229,     245.545,    245.115,
   62,      153.3,    181.134,     246.502,    245.705,
   63,      155.8,    181.353,     247.583,    246.262,
   64,      158.3,    181.069,     247.144,    246.790,
   65,      160.8,    181.229,     248.304,    247.288,
   66,      163.3,    181.207,     247.782,    247.759,
   67,      165.8,    181.178,     248.650,    248.204,
   68,      168.3,    181.134,     248.710,    248.625,
   69,      170.8,    181.273,     249.347,    249.023,
   70,      175.8,    179.799,     250.280,    250.320,
----,
DateTime:        , 2025/11/19, 16:20:19, 1763583619632,
RFID_EPC:        ,--Not Acquired--,
RFID_UserData:   ,--Not Acquired--,
Barcode:         ,--Not Acquired--,
PIF:,            0.00,
PARs:,            0.0,     0.0,     0.0,     0.0,     0.0,     0.0,
Light:,           0.0,     0.0,     0.0,     0.0,     0.0,     0.0,
Cycles:,            1,
                    1,      69,      70,      70,
Lamps:,        #10000,
Gain:,              2,      50, 
SNR_raw:,     220.95,
Position:,        0.0,              0.0,   NoData,
DataPt,      Time(us),   EX,         EM,       Fit,
==========,==========,==========,==========,=========,
    0,        0.0,      0.000,       0.000,     78.182,
    1,        0.8,    161.360,      76.227,     82.226,
    2,        3.3,    180.046,      86.224,     86.766,
    3,        5.8,    180.192,      95.176,     91.333,
    4,        8.3,    180.272,      99.017,     95.920,
    5,       10.8,    180.418,     103.925,    100.523,
    6,       13.3,    180.455,     105.844,    105.130,
    7,       15.8,    180.447,     110.836,    109.735,
    8,       18.3,    180.382,     114.202,    114.329,
    9,       20.8,    180.528,     117.710,    118.911,
   10,       23.3,    180.593,     123.205,    123.470,
   11,       25.8,    180.586,     125.702,    127.998,
   12,       28.3,    180.601,     130.952,    132.489,
   13,       30.8,    180.601,     136.212,    136.934,
   14,       33.3,    180.944,     141.204,    141.335,
   15,       35.8,    180.805,     144.354,    145.673,
   16,       38.3,    180.827,     149.590,    149.946,
   17,       40.8,    180.827,     153.185,    154.146,
   18,       43.3,    180.834,     159.815,    158.269,
   19,       45.8,    180.659,     163.014,    162.303,
   20,       48.3,    180.907,     165.554,    166.254,
   21,       50.8,    180.805,     169.243,    170.109,
   22,       53.3,    181.010,     174.300,    173.870,
   23,       55.8,    180.915,     177.984,    177.527,
   24,       58.3,    180.966,     180.973,    181.079,
   25,       60.8,    180.820,     184.438,    184.521,
   26,       63.3,    180.988,     188.687,    187.856,
   27,       65.8,    180.805,     190.813,    191.076,
   28,       68.3,    180.871,     194.338,    194.184,
   29,       70.8,    180.893,     197.355,    197.178,
   30,       73.3,    180.966,     200.590,    200.060,
   31,       75.8,    180.973,     203.621,    202.828,
   32,       78.3,    181.199,     207.506,    205.487,
   33,       80.8,    181.156,     208.936,    208.033,
   34,       83.3,    180.937,     210.571,    210.465,
   35,       85.8,    180.995,     212.161,    212.790,
   36,       88.3,    181.170,     214.991,    215.010,
   37,       90.8,    181.119,     216.432,    217.125,
   38,       93.3,    181.272,     218.732,    219.140,
   39,       95.8,    181.097,     221.152,    221.054,
   40,       98.3,    181.075,     223.112,    222.872,
   41,      100.8,    180.900,     224.986,    224.594,
   42,      103.3,    181.046,     227.014,    226.229,
   43,      105.8,    181.148,     227.162,    227.778,
   44,      108.3,    181.119,     229.683,    229.244,
   45,      110.8,    181.287,     230.850,    230.631,
   46,      113.3,    181.170,     231.550,    231.940,
   47,      115.8,    181.236,     232.570,    233.177,
   48,      118.3,    181.024,     233.118,    234.341,
   49,      120.8,    181.097,     233.852,    235.440,
   50,      123.3,    181.090,     234.138,    236.475,
   51,      125.8,    181.199,     237.308,    237.449,
   52,      128.3,    180.973,     238.157,    238.365,
   53,      130.8,    181.068,     239.413,    239.227,
   54,      133.3,    181.302,     240.483,    240.039,
   55,      135.8,    181.280,     241.064,    240.801,
   56,      138.3,    181.207,     242.541,    241.517,
   57,      140.8,    181.455,     243.036,    242.190,
   58,      143.3,    181.126,     243.200,    242.819,
   59,      145.8,    181.258,     243.024,    243.410,
   60,      148.3,    181.323,     242.385,    243.965,
   61,      150.8,    181.068,     244.383,    244.484,
   62,      153.3,    181.148,     245.103,    244.970,
   63,      155.8,    181.148,     246.207,    245.425,
   64,      158.3,    181.126,     246.789,    245.852,
   65,      160.8,    181.440,     247.464,    246.252,
   66,      163.3,    181.316,     246.531,    246.627,
   67,      165.8,    181.280,     248.235,    246.977,
   68,      168.3,    181.353,     247.584,    247.305,
   69,      170.8,    181.141,     248.977,    247.611,
   70,      175.8,    179.557,     247.275,    247.613,
----,
DateTime:        , 2025/11/19, 16:20:22, 1763583622111,
RFID_EPC:        ,--Not Acquired--,
RFID_UserData:   ,--Not Acquired--,
Barcode:         ,--Not Acquired--,
PIF:,            0.00,
PARs:,            0.0,     0.0,     0.0,     0.0,     0.0,     0.0,
Light:,           0.0,     0.0,     0.0,     0.0,     0.0,     0.0,
Cycles:,            1,
                    1,      69,      70,      70,
Lamps:,        #10000,
Gain:,              2,      50, 
SNR_raw:,     194.90,
Position:,        0.0,              0.0,   NoData,
DataPt,      Time(us),   EX,         EM,       Fit,
==========,==========,==========,==========,=========,
    0,        0.0,      0.000,       0.000,     80.379,
    1,        0.8,    161.163,      79.423,     84.194,
    2,        3.3,    179.925,      88.350,     88.535,
    3,        5.8,    180.093,      96.339,     92.957,
    4,        8.3,    180.283,     100.398,     97.443,
    5,       10.8,    180.393,     104.494,    101.980,
    6,       13.3,    180.371,     108.111,    106.548,
    7,       15.8,    180.480,     111.924,    111.138,
    8,       18.3,    180.663,     114.855,    115.740,
    9,       20.8,    180.685,     120.652,    120.336,
   10,       23.3,    180.488,     123.831,    124.912,
   11,       25.8,    180.677,     128.406,    129.464,
   12,       28.3,    180.743,     131.402,    133.979,
   13,       30.8,    180.736,     137.494,    138.447,
   14,       33.3,    180.685,     140.576,    142.857,
   15,       35.8,    180.816,     144.899,    147.204,
   16,       38.3,    180.860,     151.775,    151.479,
   17,       40.8,    180.860,     155.369,    155.673,
   18,       43.3,    180.670,     158.576,    159.778,
   19,       45.8,    180.911,     164.722,    163.794,
   20,       48.3,    180.926,     167.472,    167.712,
   21,       50.8,    180.962,     170.201,    171.529,
   22,       53.3,    180.882,     175.805,    175.238,
   23,       55.8,    180.896,     178.555,    178.838,
   24,       58.3,    181.028,     183.397,    182.328,
   25,       60.8,    180.911,     187.661,    185.702,
   26,       63.3,    181.035,     190.571,    188.962,
   27,       65.8,    180.999,     193.648,    192.106,
   28,       68.3,    181.050,     197.460,    195.133,
   29,       70.8,    181.028,     198.312,    198.044,
   30,       73.3,    181.159,     201.204,    200.840,
   31,       75.8,    181.013,     204.958,    203.520,
   32,       78.3,    181.035,     207.418,    206.087,
   33,       80.8,    181.064,     209.594,    208.542,
   34,       83.3,    181.050,     212.097,    210.887,
   35,       85.8,    180.984,     213.279,    213.125,
   36,       88.3,    180.969,     214.954,    215.258,
   37,       90.8,    180.991,     217.138,    217.289,
   38,       93.3,    181.101,     219.767,    219.222,
   39,       95.8,    181.123,     220.569,    221.060,
   40,       98.3,    181.072,     223.392,    222.804,
   41,      100.8,    181.232,     223.470,    224.459,
   42,      103.3,    181.079,     225.592,    226.028,
   43,      105.8,    181.101,     226.946,    227.513,
   44,      108.3,    181.101,     228.326,    228.919,
   45,      110.8,    181.166,     229.071,    230.250,
   46,      113.3,    181.093,     229.992,    231.506,
   47,      115.8,    181.028,     231.456,    232.693,
   48,      118.3,    181.225,     232.032,    233.814,
   49,      120.8,    181.247,     233.384,    234.872,
   50,      123.3,    181.166,     235.143,    235.869,
   51,      125.8,    181.079,     237.742,    236.808,
   52,      128.3,    181.057,     236.390,    237.693,
   53,      130.8,    181.145,     238.760,    238.526,
   54,      133.3,    181.174,     239.825,    239.311,
   55,      135.8,    181.130,     240.435,    240.048,
   56,      138.3,    181.342,     241.809,    240.742,
   57,      140.8,    181.123,     242.101,    241.394,
   58,      143.3,    181.079,     242.436,    242.007,
   59,      145.8,    181.108,     241.016,    242.583,
   60,      148.3,    181.269,     242.182,    243.123,
   61,      150.8,    181.283,     244.921,    243.631,
   62,      153.3,    181.210,     245.295,    244.107,
   63,      155.8,    181.305,     244.615,    244.554,
   64,      158.3,    181.101,     244.339,    244.974,
   65,      160.8,    181.218,     246.113,    245.367,
   66,      163.3,    181.115,     245.976,    245.736,
   67,      165.8,    181.283,     247.679,    246.082,
   68,      168.3,    181.093,     247.938,    246.406,
   69,      170.8,    181.203,     248.340,    246.710,
   70,      175.8,    179.670,     247.955,    247.763,
----,
DateTime:        , 2025/11/19, 16:20:24, 1763583624657,
RFID_EPC:        ,--Not Acquired--,
RFID_UserData:   ,--Not Acquired--,
Barcode:         ,--Not Acquired--,
PIF:,            0.00,
PARs:,            0.0,     0.0,     0.0,     0.0,     0.0,     0.0,
Light:,           0.0,     0.0,     0.0,     0.0,     0.0,     0.0,
Cycles:,            1,
                    1,      69,      70,      70,
Lamps:,        #10000,
Gain:,              2,      50, 
SNR_raw:,     239.88,
Position:,        0.0,              0.0,   NoData,
DataPt,      Time(us),   EX,         EM,       Fit,
==========,==========,==========,==========,=========,
    0,        0.0,      0.000,       0.000,     78.397,
    1,        0.8,    161.120,      77.892,     82.342,
    2,        3.3,    180.106,      87.610,     86.848,
    3,        5.8,    180.164,      96.301,     91.440,
    4,        8.3,    180.215,      98.216,     96.095,
    5,       10.8,    180.369,     102.013,    100.794,
    6,       13.3,    180.566,     107.440,    105.521,
    7,       15.8,    180.449,     109.726,    110.250,
    8,       18.3,    180.420,     114.455,    114.970,
    9,       20.8,    180.434,     117.771,    119.667,
   10,       23.3,    180.777,     123.080,    124.337,
   11,       25.8,    180.493,     126.875,    128.955,
   12,       28.3,    180.515,     132.399,    133.517,
   13,       30.8,    180.675,     137.263,    138.017,
   14,       33.3,    180.777,     141.057,    142.446,
   15,       35.8,    180.777,     145.206,    146.796,
   16,       38.3,    180.683,     149.987,    151.057,
   17,       40.8,    180.792,     154.874,    155.228,
   18,       43.3,    180.829,     159.267,    159.303,
   19,       45.8,    180.785,     163.731,    163.276,
   20,       48.3,    181.077,     167.332,    167.150,
   21,       50.8,    181.011,     172.365,    170.916,
   22,       53.3,    180.902,     174.681,    174.570,
   23,       55.8,    180.902,     179.103,    178.114,
   24,       58.3,    181.296,     182.299,    181.550,
   25,       60.8,    180.931,     186.812,    184.868,
   26,       63.3,    180.945,     188.178,    188.074,
   27,       65.8,    180.909,     190.980,    191.165,
   28,       68.3,    181.004,     194.747,    194.145,
   29,       70.8,    180.909,     198.443,    197.013,
   30,       73.3,    180.938,     200.069,    199.770,
   31,       75.8,    180.975,     203.620,    202.419,
   32,       78.3,    181.157,     205.623,    204.962,
   33,       80.8,    180.953,     207.237,    207.398,
   34,       83.3,    181.084,     210.123,    209.732,
   35,       85.8,    181.011,     212.970,    211.966,
   36,       88.3,    181.077,     214.826,    214.101,
   37,       90.8,    181.164,     216.654,    216.142,
   38,       93.3,    180.967,     218.548,    218.088,
   39,       95.8,    180.865,     218.395,    219.945,
   40,       98.3,    181.091,     221.987,    221.715,
   41,      100.8,    181.026,     222.897,    223.401,
   42,      103.3,    181.135,     224.694,    225.007,
   43,      105.8,    181.157,     225.495,    226.534,
   44,      108.3,    181.193,     226.553,    227.987,
   45,      110.8,    181.208,     230.398,    229.367,
   46,      113.3,    181.150,     229.644,    230.677,
   47,      115.8,    181.303,     231.381,    231.921,
   48,      118.3,    181.208,     232.606,    233.102,
   49,      120.8,    181.186,     233.737,    234.221,
   50,      123.3,    181.172,     234.860,    235.282,
   51,      125.8,    181.434,     235.622,    236.287,
   52,      128.3,    181.026,     237.535,    237.239,
   53,      130.8,    181.339,     236.573,    238.140,
   54,      133.3,    181.142,     238.486,    238.993,
   55,      135.8,    181.193,     239.799,    239.800,
   56,      138.3,    181.172,     240.932,    240.563,
   57,      140.8,    181.274,     241.623,    241.285,
   58,      143.3,    181.120,     242.932,    241.967,
   59,      145.8,    181.347,     242.078,    242.611,
   60,      148.3,    181.150,     243.721,    243.220,
   61,      150.8,    181.230,     244.717,    243.795,
   62,      153.3,    181.091,     244.628,    244.339,
   63,      155.8,    181.106,     244.884,    244.851,
   64,      158.3,    181.259,     245.229,    245.335,
   65,      160.8,    181.120,     246.521,    245.792,
   66,      163.3,    181.245,     246.352,    246.222,
   67,      165.8,    181.252,     248.273,    246.629,
   68,      168.3,    181.215,     248.323,    247.012,
   69,      170.8,    181.084,     248.227,    247.374,
   70,      175.8,    179.551,     248.397,    248.491,
----,
DateTime:        , 2025/11/19, 16:20:27, 1763583627140,
RFID_EPC:        ,--Not Acquired--,
RFID_UserData:   ,--Not Acquired--,
Barcode:         ,--Not Acquired--,
PIF:,            0.00,
PARs:,            0.0,     0.0,     0.0,     0.0,     0.0,     0.0,
Light:,           0.0,     0.0,     0.0,     0.0,     0.0,     0.0,
Cycles:,            1,
                    1,      69,      70,      70,
Lamps:,        #10000,
Gain:,              2,      50, 
SNR_raw:,     247.18,
Position:,        0.0,              0.0,   NoData,
DataPt,      Time(us),   EX,         EM,       Fit,
==========,==========,==========,==========,=========,
    0,        0.0,      0.000,       0.000,     80.274,
    1,        0.8,    161.308,      79.971,     84.112,
    2,        3.3,    180.075,      88.873,     88.466,
    3,        5.8,    180.192,      96.841,     92.888,
    4,        8.3,    180.257,      98.748,     97.363,
    5,       10.8,    180.411,     102.267,    101.881,
    6,       13.3,    180.418,     107.251,    106.428,
    7,       15.8,    180.739,     112.040,    110.999,
    8,       18.3,    180.549,     115.758,    115.570,
    9,       20.8,    180.498,     120.500,    120.134,
   10,       23.3,    180.535,     124.076,    124.683,
   11,       25.8,    180.622,     127.061,    129.208,
   12,       28.3,    180.644,     132.581,    133.696,
   13,       30.8,    180.805,     137.441,    138.142,
   14,       33.3,    180.695,     142.782,    142.532,
   15,       35.8,    180.878,     145.679,    146.862,
   16,       38.3,    180.761,     149.645,    151.119,
   17,       40.8,    180.995,     154.701,    155.302,
   18,       43.3,    180.987,     158.575,    159.400,
   19,       45.8,    180.739,     164.049,    163.402,
   20,       48.3,    180.739,     166.815,    167.307,
   21,       50.8,    180.878,     170.834,    171.114,
   22,       53.3,    181.046,     175.370,    174.818,
   23,       55.8,    180.929,     177.694,    178.410,
   24,       58.3,    180.922,     182.676,    181.890,
   25,       60.8,    180.995,     186.470,    185.257,
   26,       63.3,    181.221,     188.720,    188.511,
   27,       65.8,    180.965,     192.855,    191.644,
   28,       68.3,    181.068,     194.955,    194.660,
   29,       70.8,    181.228,     198.921,    197.560,
   30,       73.3,    180.973,     200.583,    200.340,
   31,       75.8,    180.922,     203.956,    203.002,
   32,       78.3,    181.002,     206.628,    205.551,
   33,       80.8,    180.746,     209.963,    207.983,
   34,       83.3,    180.878,     211.192,    210.305,
   35,       85.8,    181.002,     213.258,    212.520,
   36,       88.3,    180.995,     215.476,    214.628,
   37,       90.8,    181.002,     217.125,    216.632,
   38,       93.3,    181.024,     218.480,    218.536,
   39,       95.8,    181.111,     220.030,    220.344,
   40,       98.3,    181.075,     221.455,    222.057,
   41,      100.8,    181.089,     222.542,    223.680,
   42,      103.3,    181.009,     224.022,    225.214,
   43,      105.8,    180.987,     226.535,    226.665,
   44,      108.3,    181.250,     228.138,    228.037,
   45,      110.8,    181.089,     229.445,    229.331,
   46,      113.3,    181.177,     229.886,    230.552,
   47,      115.8,    181.148,     230.751,    231.703,
   48,      118.3,    181.119,     231.892,    232.787,
   49,      120.8,    181.148,     233.787,    233.807,
   50,      123.3,    181.162,     233.492,    234.767,
   51,      125.8,    181.016,     234.785,    235.669,
   52,      128.3,    181.250,     236.138,    236.518,
   53,      130.8,    181.286,     237.194,    237.315,
   54,      133.3,    181.060,     237.490,    238.063,
   55,      135.8,    181.068,     239.690,    238.766,
   56,      138.3,    181.068,     239.137,    239.425,
   57,      140.8,    181.192,     240.353,    240.043,
   58,      143.3,    181.082,     239.946,    240.622,
   59,      145.8,    181.199,     241.171,    241.165,
   60,      148.3,    181.221,     241.418,    241.673,
   61,      150.8,    181.199,     241.171,    242.150,
   62,      153.3,    181.272,     244.108,    242.596,
   63,      155.8,    181.286,     244.089,    243.013,
   64,      158.3,    181.213,     243.359,    243.404,
   65,      160.8,    181.265,     244.394,    243.769,
   66,      163.3,    181.148,     244.552,    244.111,
   67,      165.8,    181.089,     246.011,    244.431,
   68,      168.3,    181.126,     245.685,    244.731,
   69,      170.8,    181.367,     247.289,    245.010,
   70,      175.8,    179.790,     245.842,    245.710,
----,
DateTime:        , 2025/11/19, 16:20:29, 1763583629616,
RFID_EPC:        ,--Not Acquired--,
RFID_UserData:   ,--Not Acquired--,
Barcode:         ,--Not Acquired--,
PIF:,            0.00,
PARs:,            0.0,     0.0,     0.0,     0.0,     0.0,     0.0,
Light:,           0.0,     0.0,     0.0,     0.0,     0.0,     0.0,
Cycles:,            1,
                    1,      69,      70,      70,
Lamps:,        #10000,
Gain:,              2,      50, 
SNR_raw:,     217.10,
Position:,        0.0,              0.0,   NoData,
DataPt,      Time(us),   EX,         EM,       Fit,
==========,==========,==========,==========,=========,
    0,        0.0,      0.000,       0.000,     79.105,
    1,        0.8,    161.027,      78.558,     83.022,
    2,        3.3,    180.176,      88.198,     87.493,
    3,        5.8,    180.249,      96.810,     92.043,
    4,        8.3,    180.366,      99.243,     96.650,
    5,       10.8,    180.461,     102.515,    101.293,
    6,       13.3,    180.468,     107.498,    105.952,
    7,       15.8,    180.308,     110.921,    110.608,
    8,       18.3,    180.541,     115.209,    115.256,
    9,       20.8,    180.498,     118.838,    119.875,
   10,       23.3,    180.636,     123.729,    124.460,
   11,       25.8,    180.527,     127.405,    128.994,
   12,       28.3,    180.614,     131.772,    133.472,
   13,       30.8,    180.760,     136.645,    137.888,
   14,       33.3,    180.680,     139.750,    142.230,
   15,       35.8,    181.031,     145.556,    146.500,
   16,       38.3,    180.804,     148.780,    150.681,
   17,       40.8,    180.965,     153.621,    154.775,
   18,       43.3,    180.987,     157.470,    158.776,
   19,       45.8,    180.724,     162.956,    162.674,
   20,       48.3,    180.790,     166.215,    166.474,
   21,       50.8,    180.819,     169.783,    170.171,
   22,       53.3,    181.052,     174.259,    173.766,
   23,       55.8,    180.914,     177.156,    177.253,
   24,       58.3,    180.899,     181.317,    180.633,
   25,       60.8,    181.060,     184.469,    183.906,
   26,       63.3,    180.870,     187.704,    187.069,
   27,       65.8,    181.133,     191.572,    190.127,
   28,       68.3,    180.914,     194.568,    193.074,
   29,       70.8,    181.031,     198.033,    195.917,
   30,       73.3,    180.965,     200.591,    198.652,
   31,       75.8,    181.155,     201.209,    201.286,
   32,       78.3,    180.987,     206.092,    203.815,
   33,       80.8,    181.031,     207.700,    206.243,
   34,       83.3,    181.060,     208.771,    208.573,
   35,       85.8,    181.125,     210.904,    210.807,
   36,       88.3,    181.147,     213.086,    212.946,
   37,       90.8,    180.965,     214.406,    214.992,
   38,       93.3,    181.250,     214.621,    216.950,
   39,       95.8,    181.031,     218.748,    218.820,
   40,       98.3,    181.074,     219.799,    220.606,
   41,      100.8,    180.863,     221.439,    222.309,
   42,      103.3,    181.104,     223.905,    223.934,
   43,      105.8,    181.111,     226.381,    225.483,
   44,      108.3,    181.184,     226.841,    226.959,
   45,      110.8,    181.184,     228.497,    228.364,
   46,      113.3,    181.016,     229.538,    229.701,
   47,      115.8,    181.118,     230.236,    230.972,
   48,      118.3,    181.242,     231.458,    232.181,
   49,      120.8,    181.206,     232.884,    233.329,
   50,      123.3,    181.125,     233.540,    234.420,
   51,      125.8,    181.140,     234.625,    235.456,
   52,      128.3,    181.096,     237.167,    236.438,
   53,      130.8,    181.045,     236.957,    237.371,
   54,      133.3,    181.242,     238.907,    238.255,
   55,      135.8,    181.250,     239.725,    239.093,
   56,      138.3,    181.111,     239.356,    239.887,
   57,      140.8,    181.052,     240.814,    240.640,
   58,      143.3,    181.220,     241.143,    241.352,
   59,      145.8,    180.965,     241.207,    242.027,
   60,      148.3,    181.352,     242.622,    242.666,
   61,      150.8,    181.352,     244.001,    243.270,
   62,      153.3,    181.169,     245.075,    243.842,
   63,      155.8,    181.125,     244.306,    244.383,
   64,      158.3,    181.177,     245.617,    244.895,
   65,      160.8,    181.213,     245.843,    245.379,
   66,      163.3,    181.074,     246.032,    245.837,
   67,      165.8,    181.191,     246.425,    246.269,
   68,      168.3,    181.213,     246.395,    246.678,
   69,      170.8,    181.155,     247.579,    247.064,
   70,      175.8,    179.811,     248.038,    248.075,
----,
DateTime:        , 2025/11/19, 16:20:32, 1763583632093,
RFID_EPC:        ,--Not Acquired--,
RFID_UserData:   ,--Not Acquired--,
Barcode:         ,--Not Acquired--,
PIF:,            0.00,
PARs:,            0.0,     0.0,     0.0,     0.0,     0.0,     0.0,
Light:,           0.0,     0.0,     0.0,     0.0,     0.0,     0.0,
Cycles:,            1,
                    1,      69,      70,      70,
Lamps:,        #10000,
Gain:,              2,      50, 
SNR_raw:,     271.17,
Position:,        0.0,              0.0,   NoData,
DataPt,      Time(us),   EX,         EM,       Fit,
==========,==========,==========,==========,=========,
    0,        0.0,      0.000,       0.000,     78.401,
    1,        0.8,    161.280,      77.195,     82.317,
    2,        3.3,    180.026,      87.010,     86.764,
    3,        5.8,    180.062,      95.800,     91.280,
    4,        8.3,    180.113,      97.716,     95.849,
    5,       10.8,    180.201,     103.218,    100.455,
    6,       13.3,    180.339,     105.911,    105.086,
    7,       15.8,    180.420,     110.298,    109.727,
    8,       18.3,    180.471,     114.700,    114.365,
    9,       20.8,    180.522,     118.268,    118.987,
   10,       23.3,    180.558,     122.121,    123.582,
   11,       25.8,    180.653,     127.039,    128.142,
   12,       28.3,    180.741,     130.574,    132.656,
   13,       30.8,    180.712,     134.745,    137.114,
   14,       33.3,    180.872,     140.154,    141.511,
   15,       35.8,    180.887,     145.671,    145.836,
   16,       38.3,    180.763,     150.473,    150.080,
   17,       40.8,    180.814,     153.196,    154.241,
   18,       43.3,    180.770,     157.382,    158.311,
   19,       45.8,    180.821,     160.932,    162.286,
   20,       48.3,    180.734,     166.267,    166.162,
   21,       50.8,    180.923,     169.961,    169.938,
   22,       53.3,    180.975,     173.229,    173.609,
   23,       55.8,    181.018,     177.606,    177.172,
   24,       58.3,    181.062,     181.429,    180.627,
   25,       60.8,    180.923,     184.885,    183.968,
   26,       63.3,    181.113,     189.384,    187.199,
   27,       65.8,    180.967,     191.747,    190.316,
   28,       68.3,    181.113,     195.182,    193.322,
   29,       70.8,    180.829,     197.701,    196.213,
   30,       73.3,    180.807,     199.661,    198.992,
   31,       75.8,    180.945,     203.100,    201.663,
   32,       78.3,    180.909,     204.799,    204.225,
   33,       80.8,    180.989,     206.919,    206.680,
   34,       83.3,    181.033,     210.459,    209.032,
   35,       85.8,    181.026,     211.296,    211.281,
   36,       88.3,    181.077,     212.617,    213.430,
   37,       90.8,    181.274,     215.696,    215.482,
   38,       93.3,    181.135,     216.689,    217.439,
   39,       95.8,    181.121,     219.191,    219.304,
   40,       98.3,    181.172,     220.785,    221.080,
   41,      100.8,    181.245,     222.903,    222.769,
   42,      103.3,    181.113,     222.789,    224.375,
   43,      105.8,    181.106,     225.283,    225.901,
   44,      108.3,    181.201,     227.372,    227.350,
   45,      110.8,    181.201,     228.752,    228.725,
   46,      113.3,    181.157,     229.359,    230.028,
   47,      115.8,    181.245,     230.076,    231.264,
   48,      118.3,    181.062,     232.241,    232.434,
   49,      120.8,    181.128,     232.433,    233.541,
   50,      123.3,    181.150,     233.233,    234.590,
   51,      125.8,    181.194,     234.832,    235.581,
   52,      128.3,    181.099,     235.231,    236.518,
   53,      130.8,    180.938,     237.374,    237.404,
   54,      133.3,    181.150,     237.373,    238.240,
   55,      135.8,    181.332,     238.788,    239.030,
   56,      138.3,    181.186,     239.533,    239.775,
   57,      140.8,    181.026,     240.850,    240.479,
   58,      143.3,    181.121,     240.448,    241.142,
   59,      145.8,    181.091,     240.763,    241.768,
   60,      148.3,    181.113,     243.218,    242.358,
   61,      150.8,    181.237,     243.327,    242.914,
   62,      153.3,    181.172,     243.692,    243.438,
   63,      155.8,    181.325,     244.037,    243.931,
   64,      158.3,    181.186,     244.776,    244.396,
   65,      160.8,    181.318,     245.150,    244.833,
   66,      163.3,    181.252,     245.791,    245.245,
   67,      165.8,    181.325,     247.898,    245.633,
   68,      168.3,    181.223,     246.382,    245.998,
   69,      170.8,    181.383,     247.542,    246.341,
   70,      175.8,    179.755,     247.559,    247.409,
----,
DateTime:        , 2025/11/19, 16:20:34, 1763583634648,
RFID_EPC:        ,--Not Acquired--,
RFID_UserData:   ,--Not Acquired--,
Barcode:         ,--Not Acquired--,
PIF:,            0.00,
PARs:,            0.0,     0.0,     0.0,     0.0,     0.0,     0.0,
Light:,           0.0,     0.0,     0.0,     0.0,     0.0,     0.0,
Cycles:,            1,
                    1,      69,      70,      70,
Lamps:,        #10000,
Gain:,              2,      50, 
SNR_raw:,     211.73,
Position:,        0.0,              0.0,   NoData,
DataPt,      Time(us),   EX,         EM,       Fit,
==========,==========,==========,==========,=========,
    0,        0.0,      0.000,       0.000,     78.826,
    1,        0.8,    161.353,      77.780,     82.431,
    2,        3.3,    180.055,      86.368,     86.625,
    3,        5.8,    180.209,      94.058,     90.975,
    4,        8.3,    180.231,      98.207,     95.443,
    5,       10.8,    180.362,     102.294,     99.998,
    6,       13.3,    180.311,     106.760,    104.611,
    7,       15.8,    180.420,     109.189,    109.260,
    8,       18.3,    180.435,     114.723,    113.924,
    9,       20.8,    180.523,     118.268,    118.585,
   10,       23.3,    180.683,     121.483,    123.229,
   11,       25.8,    180.742,     127.253,    127.840,
   12,       28.3,    180.632,     131.483,    132.403,
   13,       30.8,    180.800,     135.232,    136.910,
   14,       33.3,    180.822,     140.193,    141.351,
   15,       35.8,    180.785,     144.093,    145.714,
   16,       38.3,    180.712,     150.239,    149.993,
   17,       40.8,    180.837,     153.177,    154.185,
   18,       43.3,    180.844,     156.212,    158.280,
   19,       45.8,    180.939,     161.381,    162.277,
   20,       48.3,    180.785,     165.943,    166.167,
   21,       50.8,    180.822,     168.674,    169.950,
   22,       53.3,    180.975,     173.781,    173.625,
   23,       55.8,    181.048,     177.301,    177.188,
   24,       58.3,    180.931,     181.560,    180.636,
   25,       60.8,    181.012,     184.795,    183.970,
   26,       63.3,    180.968,     188.707,    187.188,
   27,       65.8,    181.107,     191.600,    190.293,
   28,       68.3,    180.975,     193.673,    193.282,
   29,       70.8,    181.172,     197.878,    196.159,
   30,       73.3,    181.004,     199.995,    198.921,
   31,       75.8,    181.114,     202.083,    201.573,
   32,       78.3,    181.077,     204.609,    204.116,
   33,       80.8,    181.041,     206.859,    206.551,
   34,       83.3,    180.953,     209.999,    208.881,
   35,       85.8,    181.026,     209.638,    211.108,
   36,       88.3,    180.895,     213.936,    213.235,
   37,       90.8,    180.771,     215.190,    215.264,
   38,       93.3,    180.924,     216.665,    217.199,
   39,       95.8,    181.158,     217.214,    219.043,
   40,       98.3,    181.231,     222.368,    220.799,
   41,      100.8,    181.099,     222.530,    222.470,
   42,      103.3,    181.267,     224.530,    224.059,
   43,      105.8,    181.282,     225.891,    225.568,
   44,      108.3,    181.158,     226.598,    227.001,
   45,      110.8,    181.289,     229.192,    228.361,
   46,      113.3,    181.275,     228.934,    229.651,
   47,      115.8,    181.114,     229.966,    230.874,
   48,      118.3,    181.085,     232.488,    232.032,
   49,      120.8,    181.158,     232.394,    233.129,
   50,      123.3,    181.041,     234.201,    234.167,
   51,      125.8,    181.165,     233.213,    235.149,
   52,      128.3,    181.012,     235.620,    236.078,
   53,      130.8,    181.238,     236.153,    236.956,
   54,      133.3,    181.158,     237.086,    237.786,
   55,      135.8,    181.282,     239.406,    238.569,
   56,      138.3,    181.231,     239.474,    239.309,
   57,      140.8,    181.209,     239.227,    240.007,
   58,      143.3,    181.333,     240.993,    240.666,
   59,      145.8,    181.187,     240.911,    241.289,
   60,      148.3,    181.012,     242.249,    241.876,
   61,      150.8,    180.946,     242.614,    242.431,
   62,      153.3,    181.202,     243.099,    242.952,
   63,      155.8,    180.939,     243.729,    243.444,
   64,      158.3,    181.107,     243.227,    243.908,
   65,      160.8,    181.318,     244.597,    244.343,
   66,      163.3,    181.209,     245.297,    244.754,
   67,      165.8,    181.143,     244.834,    245.141,
   68,      168.3,    181.202,     246.411,    245.506,
   69,      170.8,    181.143,     245.938,    245.849,
   70,      175.8,    179.712,     247.618,    247.245,
----,
DateTime:        , 2025/11/19, 16:20:37, 1763583637190,
RFID_EPC:        ,--Not Acquired--,
RFID_UserData:   ,--Not Acquired--,
Barcode:         ,--Not Acquired--,
PIF:,            0.00,
PARs:,            0.0,     0.0,     0.0,     0.0,     0.0,     0.0,
Light:,           0.0,     0.0,     0.0,     0.0,     0.0,     0.0,
Cycles:,            1,
                    1,      69,      70,      70,
Lamps:,        #10000,
Gain:,              2,      50, 
SNR_raw:,     241.35,
Position:,        0.0,              0.0,   NoData,
DataPt,      Time(us),   EX,         EM,       Fit,
==========,==========,==========,==========,=========,
    0,        0.0,      0.000,       0.000,     77.916,
    1,        0.8,    161.117,      76.963,     81.590,
    2,        3.3,    180.016,      85.713,     85.824,
    3,        5.8,    180.140,      93.539,     90.179,
    4,        8.3,    180.213,      97.662,     94.630,
    5,       10.8,    180.315,     100.657,     99.157,
    6,       13.3,    180.410,     105.316,    103.739,
    7,       15.8,    180.359,     108.672,    108.356,
    8,       18.3,    180.410,     112.522,    112.993,
    9,       20.8,    180.629,     116.814,    117.639,
   10,       23.3,    180.344,     121.989,    122.268,
   11,       25.8,    180.505,     126.313,    126.878,
   12,       28.3,    180.658,     130.357,    131.457,
   13,       30.8,    180.826,     135.213,    135.993,
   14,       33.3,    180.724,     138.609,    140.472,
   15,       35.8,    180.738,     144.408,    144.887,
   16,       38.3,    180.840,     148.750,    149.231,
   17,       40.8,    181.045,     153.001,    153.498,
   18,       43.3,    180.804,     157.076,    157.674,
   19,       45.8,    180.760,     160.987,    161.756,
   20,       48.3,    180.840,     163.404,    165.740,
   21,       50.8,    180.804,     168.691,    169.622,
   22,       53.3,    180.870,     173.053,    173.398,
   23,       55.8,    181.023,     177.049,    177.066,
   24,       58.3,    181.140,     181.628,    180.623,
   25,       60.8,    180.921,     185.164,    184.063,
   26,       63.3,    181.191,     188.199,    187.390,
   27,       65.8,    181.045,     191.389,    190.599,
   28,       68.3,    181.045,     195.808,    193.691,
   29,       70.8,    181.059,     198.277,    196.666,
   30,       73.3,    181.132,     200.130,    199.526,
   31,       75.8,    180.972,     204.175,    202.269,
   32,       78.3,    180.877,     207.323,    204.897,
   33,       80.8,    180.928,     208.094,    207.414,
   34,       83.3,    180.884,     210.908,    209.820,
   35,       85.8,    181.045,     212.378,    212.120,
   36,       88.3,    180.950,     214.700,    214.314,
   37,       90.8,    181.096,     217.012,    216.406,
   38,       93.3,    181.205,     218.537,    218.399,
   39,       95.8,    181.059,     220.922,    220.295,
   40,       98.3,    181.198,     221.581,    222.097,
   41,      100.8,    181.132,     223.041,    223.809,
   42,      103.3,    181.198,     225.168,    225.434,
   43,      105.8,    181.016,     225.119,    226.975,
   44,      108.3,    181.074,     227.255,    228.434,
   45,      110.8,    181.162,     229.629,    229.817,
   46,      113.3,    181.118,     229.685,    231.126,
   47,      115.8,    181.286,     231.679,    232.363,
   48,      118.3,    181.191,     232.628,    233.533,
   49,      120.8,    181.096,     233.302,    234.638,
   50,      123.3,    181.081,     233.873,    235.681,
   51,      125.8,    181.059,     235.834,    236.665,
   52,      128.3,    181.381,     237.622,    237.594,
   53,      130.8,    181.016,     237.825,    238.469,
   54,      133.3,    181.169,     238.452,    239.294,
   55,      135.8,    181.308,     240.200,    240.071,
   56,      138.3,    181.140,     240.422,    240.803,
   57,      140.8,    181.286,     242.159,    241.492,
   58,      143.3,    181.329,     241.825,    242.140,
   59,      145.8,    181.300,     241.588,    242.749,
   60,      148.3,    181.162,     243.153,    243.323,
   61,      150.8,    181.278,     243.548,    243.862,
   62,      153.3,    181.059,     244.947,    244.369,
   63,      155.8,    181.264,     244.671,    244.845,
   64,      158.3,    181.052,     246.338,    245.293,
   65,      160.8,    181.308,     246.267,    245.713,
   66,      163.3,    181.154,     247.027,    246.107,
   67,      165.8,    181.191,     249.185,    246.478,
   68,      168.3,    181.308,     247.094,    246.825,
   69,      170.8,    181.198,     246.139,    247.151,
   70,      175.8,    179.753,     248.953,    248.359,
----,
DateTime:        , 2025/11/19, 16:20:39, 1763583639761,
RFID_EPC:        ,--Not Acquired--,
RFID_UserData:   ,--Not Acquired--,
Barcode:         ,--Not Acquired--,
PIF:,            0.00,
PARs:,            0.0,     0.0,     0.0,     0.0,     0.0,     0.0,
Light:,           0.0,     0.0,     0.0,     0.0,     0.0,     0.0,
Cycles:,            1,
                    1,      69,      70,      70,
Lamps:,        #10000,
Gain:,              2,      50, 
SNR_raw:,     222.51,
Position:,        0.0,              0.0,   NoData,
DataPt,      Time(us),   EX,         EM,       Fit,
==========,==========,==========,==========,=========,
    0,        0.0,      0.000,       0.000,     80.080,
    1,        0.8,    161.265,      79.992,     84.016,
    2,        3.3,    180.092,      88.699,     88.452,
    3,        5.8,    180.340,      96.484,     92.931,
    4,        8.3,    180.158,      99.635,     97.433,
    5,       10.8,    180.282,     102.894,    101.957,
    6,       13.3,    180.421,     107.527,    106.493,
    7,       15.8,    180.362,     110.611,    111.030,
    8,       18.3,    180.377,     115.314,    115.561,
    9,       20.8,    180.486,     119.954,    120.078,
   10,       23.3,    180.618,     123.465,    124.574,
   11,       25.8,    180.851,     128.282,    129.044,
   12,       28.3,    180.661,     133.399,    133.470,
   13,       30.8,    180.786,     137.456,    137.851,
   14,       33.3,    180.859,     139.335,    142.179,
   15,       35.8,    180.844,     145.429,    146.444,
   16,       38.3,    180.983,     150.567,    150.644,
   17,       40.8,    180.873,     153.975,    154.766,
   18,       43.3,    180.756,     159.607,    158.806,
   19,       45.8,    180.815,     161.768,    162.760,
   20,       48.3,    180.924,     166.368,    166.626,
   21,       50.8,    181.026,     171.246,    170.398,
   22,       53.3,    180.990,     174.872,    174.070,
   23,       55.8,    180.873,     178.855,    177.638,
   24,       58.3,    181.026,     181.741,    181.103,
   25,       60.8,    180.924,     184.055,    184.458,
   26,       63.3,    180.910,     188.215,    187.703,
   27,       65.8,    181.012,     191.700,    190.840,
   28,       68.3,    180.932,     194.549,    193.864,
   29,       70.8,    180.822,     196.602,    196.775,
   30,       73.3,    180.983,     200.572,    199.576,
   31,       75.8,    180.997,     202.765,    202.267,
   32,       78.3,    181.340,     206.242,    204.852,
   33,       80.8,    181.099,     207.897,    207.325,
   34,       83.3,    181.085,     210.122,    209.690,
   35,       85.8,    181.078,     212.064,    211.950,
   36,       88.3,    180.888,     213.945,    214.105,
   37,       90.8,    180.990,     214.929,    216.160,
   38,       93.3,    181.099,     217.284,    218.118,
   39,       95.8,    181.019,     220.142,    219.981,
   40,       98.3,    181.114,     221.407,    221.752,
   41,      100.8,    180.975,     222.959,    223.432,
   42,      103.3,    181.151,     224.123,    225.027,
   43,      105.8,    181.260,     225.367,    226.540,
   44,      108.3,    181.158,     227.702,    227.972,
   45,      110.8,    181.180,     229.606,    229.328,
   46,      113.3,    181.056,     231.421,    230.609,
   47,      115.8,    181.085,     231.659,    231.819,
   48,      118.3,    180.968,     231.533,    232.962,
   49,      120.8,    181.063,     233.620,    234.041,
   50,      123.3,    181.063,     235.830,    235.058,
   51,      125.8,    181.245,     235.868,    236.019,
   52,      128.3,    181.129,     237.676,    236.923,
   53,      130.8,    181.172,     236.239,    237.774,
   54,      133.3,    181.143,     237.933,    238.576,
   55,      135.8,    181.224,     238.655,    239.330,
   56,      138.3,    181.224,     239.483,    240.039,
   57,      140.8,    181.114,     240.456,    240.706,
   58,      143.3,    181.143,     242.626,    241.332,
   59,      145.8,    180.990,     240.897,    241.920,
   60,      148.3,    181.143,     244.006,    242.473,
   61,      150.8,    181.143,     243.454,    242.991,
   62,      153.3,    181.129,     244.025,    243.478,
   63,      155.8,    181.289,     244.361,    243.935,
   64,      158.3,    181.151,     244.272,    244.364,
   65,      160.8,    181.172,     244.794,    244.765,
   66,      163.3,    181.318,     244.873,    245.142,
   67,      165.8,    181.267,     246.597,    245.496,
   68,      168.3,    181.399,     246.694,    245.827,
   69,      170.8,    181.209,     246.952,    246.137,
   70,      175.8,    179.676,     246.277,    246.452,
----,
DateTime:        , 2025/11/19, 16:20:42, 1763583642223,
RFID_EPC:        ,--Not Acquired--,
RFID_UserData:   ,--Not Acquired--,
Barcode:         ,--Not Acquired--,
PIF:,            0.00,
PARs:,            0.0,     0.0,     0.0,     0.0,     0.0,     0.0,
Light:,           0.0,     0.0,     0.0,     0.0,     0.0,     0.0,
Cycles:,            1,
                    1,      69,      70,      70,
Lamps:,        #10000,
Gain:,              2,      50, 
SNR_raw:,     264.55,
Position:,        0.0,              0.0,   NoData,
DataPt,      Time(us),   EX,         EM,       Fit,
==========,==========,==========,==========,=========,
    0,        0.0,      0.000,       0.000,     78.538,
    1,        0.8,    161.265,      76.892,     82.340,
    2,        3.3,    180.012,      86.564,     86.689,
    3,        5.8,    180.099,      95.225,     91.135,
    4,        8.3,    180.165,      99.076,     95.658,
    5,       10.8,    180.282,     102.062,    100.239,
    6,       13.3,    180.545,     105.791,    104.863,
    7,       15.8,    180.435,     110.012,    109.507,
    8,       18.3,    180.691,     114.560,    114.162,
    9,       20.8,    180.545,     118.253,    118.807,
   10,       23.3,    180.749,     123.376,    123.435,
   11,       25.8,    180.705,     126.449,    128.031,
   12,       28.3,    180.793,     131.642,    132.585,
   13,       30.8,    180.639,     135.906,    137.083,
   14,       33.3,    180.764,     139.132,    141.520,
   15,       35.8,    180.698,     143.610,    145.886,
   16,       38.3,    180.939,     148.393,    150.178,
   17,       40.8,    180.749,     153.251,    154.382,
   18,       43.3,    180.931,     158.071,    158.497,
   19,       45.8,    180.910,     162.789,    162.516,
   20,       48.3,    180.807,     167.029,    166.431,
   21,       50.8,    180.946,     170.769,    170.244,
   22,       53.3,    180.961,     174.624,    173.949,
   23,       55.8,    181.012,     178.441,    177.543,
   24,       58.3,    180.946,     181.269,    181.024,
   25,       60.8,    181.019,     185.063,    184.390,
   26,       63.3,    181.085,     188.862,    187.642,
   27,       65.8,    181.048,     192.490,    190.777,
   28,       68.3,    181.289,     194.717,    193.799,
   29,       70.8,    181.216,     197.554,    196.704,
   30,       73.3,    180.990,     199.735,    199.493,
   31,       75.8,    180.968,     202.522,    202.167,
   32,       78.3,    181.026,     205.771,    204.731,
   33,       80.8,    180.983,     208.031,    207.184,
   34,       83.3,    181.085,     210.399,    209.530,
   35,       85.8,    180.983,     212.728,    211.770,
   36,       88.3,    181.150,     213.911,    213.908,
   37,       90.8,    181.026,     215.438,    215.946,
   38,       93.3,    181.129,     218.077,    217.887,
   39,       95.8,    181.172,     219.680,    219.734,
   40,       98.3,    181.289,     220.090,    221.490,
   41,      100.8,    181.209,     223.499,    223.158,
   42,      103.3,    181.165,     224.381,    224.742,
   43,      105.8,    181.143,     225.788,    226.244,
   44,      108.3,    180.953,     227.130,    227.667,
   45,      110.8,    180.975,     229.037,    229.015,
   46,      113.3,    180.997,     229.562,    230.291,
   47,      115.8,    181.077,     231.393,    231.498,
   48,      118.3,    181.092,     231.926,    232.640,
   49,      120.8,    181.114,     233.555,    233.719,
   50,      123.3,    181.202,     234.270,    234.739,
   51,      125.8,    181.267,     234.185,    235.701,
   52,      128.3,    181.121,     234.373,    236.610,
   53,      130.8,    181.238,     236.981,    237.466,
   54,      133.3,    181.026,     238.639,    238.274,
   55,      135.8,    181.048,     238.334,    239.036,
   56,      138.3,    181.114,     238.800,    239.754,
   57,      140.8,    181.063,     240.248,    240.429,
   58,      143.3,    181.019,     241.687,    241.066,
   59,      145.8,    180.953,     241.222,    241.665,
   60,      148.3,    181.026,     242.782,    242.229,
   61,      150.8,    181.136,     242.912,    242.759,
   62,      153.3,    181.209,     243.366,    243.258,
   63,      155.8,    181.194,     243.661,    243.727,
   64,      158.3,    181.245,     243.868,    244.167,
   65,      160.8,    181.180,     243.957,    244.582,
   66,      163.3,    181.136,     245.672,    244.971,
   67,      165.8,    181.099,     246.550,    245.337,
   68,      168.3,    181.253,     245.238,    245.681,
   69,      170.8,    181.194,     247.800,    246.004,
   70,      175.8,    179.705,     247.906,    247.143,
----,
DateTime:        , 2025/11/19, 16:20:44, 1763583644791,
RFID_EPC:        ,--Not Acquired--,
RFID_UserData:   ,--Not Acquired--,
Barcode:         ,--Not Acquired--,
PIF:,            0.00,
PARs:,            0.0,     0.0,     0.0,     0.0,     0.0,     0.0,
Light:,           0.0,     0.0,     0.0,     0.0,     0.0,     0.0,
Cycles:,            1,
                    1,      69,      70,      70,
Lamps:,        #10000,
Gain:,              2,      50, 
SNR_raw:,     224.43,
Position:,        0.0,              0.0,   NoData,
DataPt,      Time(us),   EX,         EM,       Fit,
==========,==========,==========,==========,=========,
    0,        0.0,      0.000,       0.000,     77.941,
    1,        0.8,    161.175,      76.935,     81.786,
    2,        3.3,    180.084,      86.584,     86.206,
    3,        5.8,    180.113,      95.218,     90.735,
    4,        8.3,    180.303,      99.000,     95.347,
    5,       10.8,    180.281,     101.786,    100.012,
    6,       13.3,    180.449,     105.847,    104.713,
    7,       15.8,    180.646,     109.883,    109.429,
    8,       18.3,    180.507,     113.846,    114.137,
    9,       20.8,    180.631,     118.473,    118.827,
   10,       23.3,    180.661,     123.159,    123.484,
   11,       25.8,    180.683,     126.742,    128.096,
   12,       28.3,    180.653,     130.360,    132.650,
   13,       30.8,    180.741,     135.276,    137.142,
   14,       33.3,    180.799,     139.658,    141.560,
   15,       35.8,    180.843,     144.877,    145.900,
   16,       38.3,    180.821,     149.872,    150.152,
   17,       40.8,    180.821,     152.360,    154.312,
   18,       43.3,    180.916,     156.979,    158.377,
   19,       45.8,    180.909,     160.854,    162.342,
   20,       48.3,    180.931,     166.086,    166.204,
   21,       50.8,    180.894,     170.265,    169.959,
   22,       53.3,    180.807,     172.283,    173.605,
   23,       55.8,    180.982,     176.813,    177.144,
   24,       58.3,    180.982,     180.681,    180.572,
   25,       60.8,    181.040,     184.766,    183.889,
   26,       63.3,    180.953,     188.447,    187.095,
   27,       65.8,    180.887,     191.003,    190.188,
   28,       68.3,    181.084,     194.661,    193.174,
   29,       70.8,    180.836,     197.417,    196.047,
   30,       73.3,    181.084,     200.183,    198.815,
   31,       75.8,    180.982,     202.783,    201.475,
   32,       78.3,    180.902,     205.360,    204.030,
   33,       80.8,    181.055,     207.120,    206.482,
   34,       83.3,    180.967,     208.601,    208.834,
   35,       85.8,    181.113,     212.850,    211.087,
   36,       88.3,    181.040,     213.765,    213.244,
   37,       90.8,    181.048,     215.689,    215.308,
   38,       93.3,    181.106,     215.344,    217.280,
   39,       95.8,    180.916,     218.333,    219.164,
   40,       98.3,    180.996,     221.551,    220.962,
   41,      100.8,    180.953,     222.987,    222.677,
   42,      103.3,    181.121,     224.712,    224.313,
   43,      105.8,    181.106,     226.111,    225.871,
   44,      108.3,    180.960,     227.398,    227.355,
   45,      110.8,    181.194,     229.589,    228.768,
   46,      113.3,    181.135,     230.491,    230.112,
   47,      115.8,    181.281,     230.857,    231.389,
   48,      118.3,    181.325,     231.353,    232.604,
   49,      120.8,    181.157,     233.223,    233.758,
   50,      123.3,    181.347,     233.530,    234.853,
   51,      125.8,    181.150,     234.889,    235.893,
   52,      128.3,    181.245,     236.145,    236.879,
   53,      130.8,    181.062,     237.764,    237.815,
   54,      133.3,    180.982,     238.974,    238.702,
   55,      135.8,    181.040,     238.897,    239.543,
   56,      138.3,    181.172,     240.104,    240.339,
   57,      140.8,    181.091,     240.762,    241.094,
   58,      143.3,    181.208,     241.435,    241.808,
   59,      145.8,    181.208,     243.367,    242.484,
   60,      148.3,    181.318,     244.323,    243.124,
   61,      150.8,    181.347,     244.283,    243.729,
   62,      153.3,    181.303,     245.721,    244.302,
   63,      155.8,    181.128,     245.131,    244.844,
   64,      158.3,    181.267,     245.219,    245.356,
   65,      160.8,    181.142,     245.663,    245.841,
   66,      163.3,    181.062,     246.048,    246.300,
   67,      165.8,    181.077,     246.857,    246.733,
   68,      168.3,    181.179,     247.269,    247.142,
   69,      170.8,    181.186,     247.811,    247.528,
   70,      175.8,    179.814,     248.869,    248.778,
----,
DateTime:        , 2025/11/19, 16:20:47, 1763583647292,
RFID_EPC:        ,--Not Acquired--,
RFID_UserData:   ,--Not Acquired--,
Barcode:         ,--Not Acquired--,
PIF:,            0.00,
PARs:,            0.0,     0.0,     0.0,     0.0,     0.0,     0.0,
Light:,           0.0,     0.0,     0.0,     0.0,     0.0,     0.0,
Cycles:,            1,
                    1,      69,      70,      70,
Lamps:,        #10000,
Gain:,              2,      50, 
SNR_raw:,     231.62,
Position:,        0.0,              0.0,   NoData,
DataPt,      Time(us),   EX,         EM,       Fit,
==========,==========,==========,==========,=========,
    0,        0.0,      0.000,       0.000,     79.186,
    1,        0.8,    161.121,      78.202,     82.900,
    2,        3.3,    179.890,      87.327,     87.126,
    3,        5.8,    180.124,      95.490,     91.432,
    4,        8.3,    180.365,      97.857,     95.805,
    5,       10.8,    180.182,     101.286,    100.225,
    6,       13.3,    180.212,     105.987,    104.683,
    7,       15.8,    180.474,     109.988,    109.173,
    8,       18.3,    180.372,     113.654,    113.676,
    9,       20.8,    180.555,     118.247,    118.186,
   10,       23.3,    180.598,     121.263,    122.691,
   11,       25.8,    180.650,     126.211,    127.180,
   12,       28.3,    180.686,     130.613,    131.642,
   13,       30.8,    180.701,     134.477,    136.069,
   14,       33.3,    180.796,     139.384,    140.453,
   15,       35.8,    180.890,     144.010,    144.784,
   16,       38.3,    180.781,     147.693,    149.052,
   17,       40.8,    180.708,     152.456,    153.249,
   18,       43.3,    180.832,     156.775,    157.372,
   19,       45.8,    180.766,     161.534,    161.412,
   20,       48.3,    180.664,     166.331,    165.361,
   21,       50.8,    181.015,     169.600,    169.223,
   22,       53.3,    181.015,     172.914,    172.987,
   23,       55.8,    180.942,     176.853,    176.648,
   24,       58.3,    180.985,     180.678,    180.204,
   25,       60.8,    181.073,     184.180,    183.654,
   26,       63.3,    180.949,     186.793,    186.991,
   27,       65.8,    181.022,     190.308,    190.217,
   28,       68.3,    181.066,     194.128,    193.331,
   29,       70.8,    180.912,     198.162,    196.329,
   30,       73.3,    180.934,     200.625,    199.214,
   31,       75.8,    180.912,     203.690,    201.985,
   32,       78.3,    181.073,     204.890,    204.645,
   33,       80.8,    180.971,     208.597,    207.194,
   34,       83.3,    181.175,     210.570,    209.634,
   35,       85.8,    180.927,     212.517,    211.964,
   36,       88.3,    181.124,     213.942,    214.190,
   37,       90.8,    180.993,     216.307,    216.312,
   38,       93.3,    180.949,     218.570,    218.333,
   39,       95.8,    181.015,     220.424,    220.256,
   40,       98.3,    181.044,     221.770,    222.085,
   41,      100.8,    181.168,     223.274,    223.822,
   42,      103.3,    181.124,     224.984,    225.470,
   43,      105.8,    181.131,     227.183,    227.033,
   44,      108.3,    181.248,     227.037,    228.513,
   45,      110.8,    181.234,     229.814,    229.915,
   46,      113.3,    181.175,     230.716,    231.240,
   47,      115.8,    181.234,     230.642,    232.492,
   48,      118.3,    181.080,     233.874,    233.675,
   49,      120.8,    181.088,     233.865,    234.791,
   50,      123.3,    181.212,     235.084,    235.845,
   51,      125.8,    181.197,     236.759,    236.838,
   52,      128.3,    181.277,     237.481,    237.773,
   53,      130.8,    181.168,     238.453,    238.655,
   54,      133.3,    181.161,     238.738,    239.484,
   55,      135.8,    181.095,     239.929,    240.265,
   56,      138.3,    181.263,     241.362,    240.999,
   57,      140.8,    181.263,     242.466,    241.690,
   58,      143.3,    181.394,     242.290,    242.338,
   59,      145.8,    181.153,     243.716,    242.948,
   60,      148.3,    181.051,     243.025,    243.520,
   61,      150.8,    181.277,     244.101,    244.058,
   62,      153.3,    181.146,     244.278,    244.562,
   63,      155.8,    181.161,     245.638,    245.035,
   64,      158.3,    181.292,     245.460,    245.479,
   65,      160.8,    181.256,     246.337,    245.896,
   66,      163.3,    181.365,     246.189,    246.286,
   67,      165.8,    181.321,     248.454,    246.652,
   68,      168.3,    181.204,     249.442,    246.995,
   69,      170.8,    181.329,     247.341,    247.316,
   70,      175.8,    179.671,     248.509,    248.294,
----,
DateTime:        , 2025/11/19, 16:20:50, 1763583649844,
RFID_EPC:        ,--Not Acquired--,
RFID_UserData:   ,--Not Acquired--,
Barcode:         ,--Not Acquired--,
PIF:,            0.00,
PARs:,            0.0,     0.0,     0.0,     0.0,     0.0,     0.0,
Light:,           0.0,     0.0,     0.0,     0.0,     0.0,     0.0,
Cycles:,            1,
                    1,      69,      70,      70,
Lamps:,        #10000,
Gain:,              2,      50, 
SNR_raw:,     275.66,
Position:,        0.0,              0.0,   NoData,
DataPt,      Time(us),   EX,         EM,       Fit,
==========,==========,==========,==========,=========,
    0,        0.0,      0.000,       0.000,     79.595,
    1,        0.8,    161.194,      79.097,     83.585,
    2,        3.3,    179.968,      87.895,     88.087,
    3,        5.8,    180.121,      95.769,     92.632,
    4,        8.3,    180.340,      99.811,     97.212,
    5,       10.8,    180.245,     104.025,    101.809,
    6,       13.3,    180.479,     106.384,    106.420,
    7,       15.8,    180.654,     112.093,    111.034,
    8,       18.3,    180.369,     116.151,    115.631,
    9,       20.8,    180.471,     119.964,    120.210,
   10,       23.3,    180.515,     124.366,    124.762,
   11,       25.8,    180.727,     128.924,    129.280,
   12,       28.3,    180.807,     133.291,    133.755,
   13,       30.8,    180.734,     135.835,    138.174,
   14,       33.3,    180.836,     140.735,    142.535,
   15,       35.8,    180.851,     145.147,    146.829,
   16,       38.3,    180.793,     150.172,    151.047,
   17,       40.8,    180.814,     154.025,    155.186,
   18,       43.3,    180.902,     159.202,    159.241,
   19,       45.8,    180.763,     162.367,    163.204,
   20,       48.3,    180.939,     166.908,    167.075,
   21,       50.8,    180.887,     171.377,    170.848,
   22,       53.3,    180.931,     175.481,    174.520,
   23,       55.8,    181.033,     177.592,    178.090,
   24,       58.3,    180.982,     181.786,    181.552,
   25,       60.8,    181.033,     185.877,    184.907,
   26,       63.3,    180.982,     188.969,    188.153,
   27,       65.8,    181.048,     192.214,    191.289,
   28,       68.3,    180.968,     196.444,    194.314,
   29,       70.8,    181.085,     198.250,    197.230,
   30,       73.3,    180.975,     200.856,    200.035,
   31,       75.8,    180.968,     203.351,    202.731,
   32,       78.3,    180.822,     206.557,    205.318,
   33,       80.8,    180.953,     208.065,    207.800,
   34,       83.3,    181.012,     211.036,    210.178,
   35,       85.8,    181.136,     212.548,    212.455,
   36,       88.3,    181.114,     215.058,    214.632,
   37,       90.8,    181.085,     216.197,    216.710,
   38,       93.3,    180.990,     218.245,    218.693,
   39,       95.8,    181.033,     220.401,    220.583,
   40,       98.3,    181.099,     222.806,    222.384,
   41,      100.8,    181.012,     222.362,    224.097,
   42,      103.3,    181.238,     225.394,    225.727,
   43,      105.8,    181.150,     226.884,    227.276,
   44,      108.3,    181.092,     227.509,    228.747,
   45,      110.8,    181.267,     230.047,    230.143,
   46,      113.3,    181.026,     231.458,    231.466,
   47,      115.8,    181.267,     231.702,    232.720,
   48,      118.3,    181.165,     234.041,    233.908,
   49,      120.8,    181.033,     234.211,    235.032,
   50,      123.3,    180.997,     236.468,    236.096,
   51,      125.8,    181.231,     235.887,    237.102,
   52,      128.3,    181.026,     237.811,    238.053,
   53,      130.8,    181.048,     238.335,    238.951,
   54,      133.3,    181.136,     238.771,    239.800,
   55,      135.8,    181.150,     240.960,    240.601,
   56,      138.3,    181.223,     241.691,    241.357,
   57,      140.8,    181.209,     241.710,    242.070,
   58,      143.3,    181.289,     242.155,    242.742,
   59,      145.8,    181.158,     243.711,    243.376,
   60,      148.3,    181.172,     243.691,    243.973,
   61,      150.8,    181.231,     244.440,    244.536,
   62,      153.3,    181.252,     244.686,    245.066,
   63,      155.8,    181.128,     246.234,    245.565,
   64,      158.3,    181.187,     247.259,    246.035,
   65,      160.8,    181.136,     247.329,    246.477,
   66,      163.3,    181.245,     247.731,    246.893,
   67,      165.8,    181.245,     247.455,    247.284,
   68,      168.3,    181.231,     247.751,    247.652,
   69,      170.8,    181.311,     249.020,    247.998,
   70,      175.8,    179.690,     249.040,    248.883,
----,
DateTime:        , 2025/11/19, 16:20:52, 1763583652397,
RFID_EPC:        ,--Not Acquired--,
RFID_UserData:   ,--Not Acquired--,
Barcode:         ,--Not Acquired--,
PIF:,            0.00,
PARs:,            0.0,     0.0,     0.0,     0.0,     0.0,     0.0,
Light:,           0.0,     0.0,     0.0,     0.0,     0.0,     0.0,
Cycles:,            1,
                    1,      69,      70,      70,
Lamps:,        #10000,
Gain:,              2,      50, 
SNR_raw:,     225.04,
Position:,        0.0,              0.0,   NoData,
DataPt,      Time(us),   EX,         EM,       Fit,
==========,==========,==========,==========,=========,
    0,        0.0,      0.000,       0.000,     78.738,
    1,        0.8,    161.211,      77.538,     82.532,
    2,        3.3,    179.949,      86.720,     86.873,
    3,        5.8,    180.117,      94.938,     91.317,
    4,        8.3,    180.285,      99.010,     95.841,
    5,       10.8,    180.365,     102.015,    100.423,
    6,       13.3,    180.423,     105.862,    105.046,
    7,       15.8,    180.321,     109.804,    109.688,
    8,       18.3,    180.598,     113.788,    114.343,
    9,       20.8,    180.452,     117.760,    118.988,
   10,       23.3,    180.752,     123.650,    123.619,
   11,       25.8,    180.686,     127.016,    128.218,
   12,       28.3,    180.759,     131.944,    132.775,
   13,       30.8,    180.759,     137.199,    137.280,
   14,       33.3,    180.963,     140.636,    141.727,
   15,       35.8,    180.730,     145.244,    146.101,
   16,       38.3,    180.723,     149.677,    150.396,
   17,       40.8,    180.825,     154.570,    154.611,
   18,       43.3,    180.825,     158.441,    158.735,
   19,       45.8,    180.869,     161.167,    162.765,
   20,       48.3,    180.920,     165.819,    166.696,
   21,       50.8,    181.066,     170.380,    170.526,
   22,       53.3,    180.971,     173.509,    174.248,
   23,       55.8,    181.102,     177.248,    177.863,
   24,       58.3,    181.044,     181.172,    181.365,
   25,       60.8,    180.890,     185.471,    184.753,
   26,       63.3,    180.985,     189.794,    188.027,
   27,       65.8,    181.073,     192.464,    191.188,
   28,       68.3,    180.963,     194.514,    194.234,
   29,       70.8,    180.774,     198.867,    197.164,
   30,       73.3,    181.022,     201.081,    199.983,
   31,       75.8,    181.015,     202.470,    202.689,
   32,       78.3,    181.139,     206.748,    205.287,
   33,       80.8,    180.861,     209.276,    207.773,
   34,       83.3,    181.036,     211.007,    210.154,
   35,       85.8,    181.022,     212.958,    212.430,
   36,       88.3,    181.066,     214.287,    214.605,
   37,       90.8,    180.876,     215.341,    216.679,
   38,       93.3,    181.124,     218.635,    218.657,
   39,       95.8,    181.131,     219.730,    220.542,
   40,       98.3,    181.109,     222.241,    222.337,
   41,      100.8,    181.109,     223.622,    224.043,
   42,      103.3,    181.073,     224.495,    225.665,
   43,      105.8,    181.007,     225.129,    227.204,
   44,      108.3,    181.066,     227.818,    228.666,
   45,      110.8,    181.219,     230.108,    230.052,
   46,      113.3,    181.204,     230.679,    231.367,
   47,      115.8,    181.029,     232.835,    232.611,
   48,      118.3,    181.234,     233.952,    233.790,
   49,      120.8,    181.175,     234.856,    234.905,
   50,      123.3,    181.066,     236.102,    235.960,
   51,      125.8,    181.248,     236.968,    236.957,
   52,      128.3,    180.978,     237.322,    237.899,
   53,      130.8,    181.511,     238.278,    238.789,
   54,      133.3,    181.292,     240.772,    239.629,
   55,      135.8,    181.255,     240.820,    240.422,
   56,      138.3,    181.117,     242.109,    241.170,
   57,      140.8,    181.248,     242.761,    241.876,
   58,      143.3,    180.985,     242.009,    242.541,
   59,      145.8,    181.095,     243.795,    243.168,
   60,      148.3,    181.168,     243.973,    243.759,
   61,      150.8,    180.920,     244.584,    244.316,
   62,      153.3,    181.204,     243.924,    244.840,
   63,      155.8,    181.197,     244.761,    245.333,
   64,      158.3,    181.292,     246.012,    245.797,
   65,      160.8,    181.263,     246.603,    246.234,
   66,      163.3,    181.161,     247.570,    246.645,
   67,      165.8,    181.175,     246.447,    247.032,
   68,      168.3,    181.234,     246.919,    247.396,
   69,      170.8,    181.226,     247.757,    247.738,
   70,      175.8,    179.650,     249.096,    248.909,
----,
DateTime:        , 2025/11/19, 16:20:55, 1763583654960,
RFID_EPC:        ,--Not Acquired--,
RFID_UserData:   ,--Not Acquired--,
Barcode:         ,--Not Acquired--,
PIF:,            0.00,
PARs:,            0.0,     0.0,     0.0,     0.0,     0.0,     0.0,
Light:,           0.0,     0.0,     0.0,     0.0,     0.0,     0.0,
Cycles:,            1,
                    1,      69,      70,      70,
Lamps:,        #10000,
Gain:,              2,      50, 
SNR_raw:,     206.46,
Position:,        0.0,              0.0,   NoData,
DataPt,      Time(us),   EX,         EM,       Fit,
==========,==========,==========,==========,=========,
    0,        0.0,      0.000,       0.000,     78.317,
    1,        0.8,    161.224,      78.152,     82.433,
    2,        3.3,    180.036,      87.592,     87.074,
    3,        5.8,    180.131,      96.041,     91.756,
    4,        8.3,    180.233,      99.593,     96.466,
    5,       10.8,    180.438,     102.251,    101.194,
    6,       13.3,    180.445,     106.681,    105.926,
    7,       15.8,    180.372,     110.605,    110.648,
    8,       18.3,    180.489,     115.520,    115.356,
    9,       20.8,    180.606,     120.151,    120.041,
   10,       23.3,    180.708,     123.127,    124.692,
   11,       25.8,    180.650,     127.872,    129.298,
   12,       28.3,    180.693,     132.545,    133.852,
   13,       30.8,    180.737,     136.386,    138.349,
   14,       33.3,    180.869,     142.092,    142.782,
   15,       35.8,    180.825,     145.721,    147.141,
   16,       38.3,    180.898,     149.808,    151.422,
   17,       40.8,    180.723,     154.657,    155.615,
   18,       43.3,    180.774,     158.762,    159.719,
   19,       45.8,    180.898,     164.181,    163.731,
   20,       48.3,    180.912,     167.208,    167.645,
   21,       50.8,    180.876,     171.388,    171.456,
   22,       53.3,    181.015,     174.019,    175.164,
   23,       55.8,    181.015,     179.267,    178.765,
   24,       58.3,    181.029,     182.291,    182.256,
   25,       60.8,    181.036,     185.874,    185.635,
   26,       63.3,    180.934,     190.953,    188.901,
   27,       65.8,    181.015,     195.012,    192.054,
   28,       68.3,    180.861,     196.836,    195.092,
   29,       70.8,    181.153,     199.831,    198.022,
   30,       73.3,    180.847,     200.999,    200.834,
   31,       75.8,    180.985,     203.884,    203.538,
   32,       78.3,    181.066,     206.831,    206.132,
   33,       80.8,    181.015,     209.099,    208.617,
   34,       83.3,    180.971,     211.360,    210.994,
   35,       85.8,    181.044,     213.760,    213.268,
   36,       88.3,    181.161,     216.107,    215.442,
   37,       90.8,    181.058,     217.057,    217.514,
   38,       93.3,    181.153,     217.771,    219.491,
   39,       95.8,    181.058,     221.752,    221.372,
   40,       98.3,    180.971,     223.517,    223.161,
   41,      100.8,    181.146,     224.681,    224.864,
   42,      103.3,    181.080,     225.867,    226.481,
   43,      105.8,    181.058,     227.827,    228.015,
   44,      108.3,    181.241,     228.425,    229.472,
   45,      110.8,    181.015,     229.540,    230.851,
   46,      113.3,    181.058,     231.141,    232.158,
   47,      115.8,    181.255,     232.821,    233.397,
   48,      118.3,    181.080,     233.598,    234.567,
   49,      120.8,    181.102,     234.674,    235.674,
   50,      123.3,    181.073,     237.197,    236.720,
   51,      125.8,    181.022,     238.369,    237.707,
   52,      128.3,    181.109,     238.806,    238.640,
   53,      130.8,    181.029,     240.293,    239.520,
   54,      133.3,    181.139,     239.319,    240.350,
   55,      135.8,    181.139,     239.871,    241.133,
   56,      138.3,    181.328,     242.378,    241.872,
   57,      140.8,    181.321,     241.836,    242.568,
   58,      143.3,    181.175,     243.135,    243.223,
   59,      145.8,    181.307,     243.510,    243.840,
   60,      148.3,    181.219,     243.904,    244.420,
   61,      150.8,    181.102,     245.442,    244.966,
   62,      153.3,    181.182,     246.989,    245.479,
   63,      155.8,    180.956,     247.021,    245.962,
   64,      158.3,    181.204,     247.235,    246.416,
   65,      160.8,    181.248,     246.899,    246.843,
   66,      163.3,    181.241,     248.564,    247.244,
   67,      165.8,    181.307,     247.095,    247.621,
   68,      168.3,    181.343,     248.424,    247.976,
   69,      170.8,    181.182,     249.196,    248.308,
   70,      175.8,    179.613,     248.312,    248.615,
----,
DateTime:        , 2025/11/19, 16:20:57, 1763583657462,
RFID_EPC:        ,--Not Acquired--,
RFID_UserData:   ,--Not Acquired--,
Barcode:         ,--Not Acquired--,
PIF:,            0.00,
PARs:,            0.0,     0.0,     0.0,     0.0,     0.0,     0.0,
Light:,           0.0,     0.0,     0.0,     0.0,     0.0,     0.0,
Cycles:,            1,
                    1,      69,      70,      70,
Lamps:,        #10000,
Gain:,              2,      50, 
SNR_raw:,     242.06,
Position:,        0.0,              0.0,   NoData,
DataPt,      Time(us),   EX,         EM,       Fit,
==========,==========,==========,==========,=========,
    0,        0.0,      0.000,       0.000,     78.473,
    1,        0.8,    161.244,      77.832,     82.566,
    2,        3.3,    179.895,      87.492,     87.183,
    3,        5.8,    179.931,      96.148,     91.845,
    4,        8.3,    180.252,      98.473,     96.546,
    5,       10.8,    180.457,     103.072,    101.270,
    6,       13.3,    180.340,     107.575,    105.998,
    7,       15.8,    180.391,     110.870,    110.722,
    8,       18.3,    180.552,     116.310,    115.436,
    9,       20.8,    180.457,     118.311,    120.121,
   10,       23.3,    180.763,     123.642,    124.779,
   11,       25.8,    180.552,     128.218,    129.388,
   12,       28.3,    180.749,     132.781,    133.950,
   13,       30.8,    180.902,     136.814,    138.455,
   14,       33.3,    180.807,     141.587,    142.890,
   15,       35.8,    180.836,     145.988,    147.251,
   16,       38.3,    180.909,     150.352,    151.534,
   17,       40.8,    180.814,     155.684,    155.729,
   18,       43.3,    180.924,     159.736,    159.834,
   19,       45.8,    180.836,     162.301,    163.842,
   20,       48.3,    180.931,     167.191,    167.752,
   21,       50.8,    180.698,     172.387,    171.555,
   22,       53.3,    180.975,     175.715,    175.256,
   23,       55.8,    181.055,     179.227,    178.851,
   24,       58.3,    181.041,     182.279,    182.335,
   25,       60.8,    181.041,     187.527,    185.708,
   26,       63.3,    181.150,     190.174,    188.970,
   27,       65.8,    181.012,     193.082,    192.116,
   28,       68.3,    180.939,     196.752,    195.149,
   29,       70.8,    181.055,     199.939,    198.071,
   30,       73.3,    180.946,     201.718,    200.880,
   31,       75.8,    181.033,     204.382,    203.580,
   32,       78.3,    180.939,     208.082,    206.169,
   33,       80.8,    180.953,     209.723,    208.652,
   34,       83.3,    180.968,     211.364,    211.029,
   35,       85.8,    181.128,     213.385,    213.304,
   36,       88.3,    180.946,     215.258,    215.477,
   37,       90.8,    180.953,     217.183,    217.552,
   38,       93.3,    181.026,     217.924,    219.532,
   39,       95.8,    181.136,     220.553,    221.420,
   40,       98.3,    180.982,     222.950,    223.217,
   41,      100.8,    181.012,     224.848,    224.927,
   42,      103.3,    181.194,     226.277,    226.554,
   43,      105.8,    181.172,     227.684,    228.100,
   44,      108.3,    181.077,     228.356,    229.568,
   45,      110.8,    181.099,     231.089,    230.961,
   46,      113.3,    181.172,     232.100,    232.282,
   47,      115.8,    181.325,     233.006,    233.535,
   48,      118.3,    181.121,     233.545,    234.721,
   49,      120.8,    181.165,     234.317,    235.844,
   50,      123.3,    181.026,     237.259,    236.906,
   51,      125.8,    181.128,     237.401,    237.912,
   52,      128.3,    181.216,     237.010,    238.862,
   53,      130.8,    181.289,     239.948,    239.760,
   54,      133.3,    181.201,     240.064,    240.609,
   55,      135.8,    181.201,     240.892,    241.410,
   56,      138.3,    181.077,     241.057,    242.166,
   57,      140.8,    181.172,     243.139,    242.880,
   58,      143.3,    181.260,     243.021,    243.553,
   59,      145.8,    181.158,     244.539,    244.187,
   60,      148.3,    181.165,     245.357,    244.786,
   61,      150.8,    181.085,     244.085,    245.350,
   62,      153.3,    181.143,     245.938,    245.881,
   63,      155.8,    181.121,     246.796,    246.381,
   64,      158.3,    181.231,     248.303,    246.853,
   65,      160.8,    180.968,     248.111,    247.297,
   66,      163.3,    181.223,     249.416,    247.714,
   67,      165.8,    181.318,     248.458,    248.108,
   68,      168.3,    181.406,     249.441,    248.478,
   69,      170.8,    181.296,     250.695,    248.826,
   70,      175.8,    179.661,     249.358,    249.554,
----,
DateTime:        , 2025/11/19, 16:21:00, 1763583659949,
RFID_EPC:        ,--Not Acquired--,
RFID_UserData:   ,--Not Acquired--,
Barcode:         ,--Not Acquired--,
PIF:,            0.00,
PARs:,            0.0,     0.0,     0.0,     0.0,     0.0,     0.0,
Light:,           0.0,     0.0,     0.0,     0.0,     0.0,     0.0,
Cycles:,            1,
                    1,      69,      70,      70,
Lamps:,        #10000,
Gain:,              2,      50, 
SNR_raw:,     228.32,
Position:,        0.0,              0.0,   NoData,
DataPt,      Time(us),   EX,         EM,       Fit,
==========,==========,==========,==========,=========,
    0,        0.0,      0.000,       0.000,     79.191,
    1,        0.8,    161.228,      79.391,     83.053,
    2,        3.3,    179.891,      87.298,     87.459,
    3,        5.8,    180.132,      94.375,     91.960,
    4,        8.3,    180.249,      98.198,     96.531,
    5,       10.8,    180.351,     103.132,    101.154,
    6,       13.3,    180.366,     107.282,    105.811,
    7,       15.8,    180.358,     110.890,    110.485,
    8,       18.3,    180.577,     115.186,    115.167,
    9,       20.8,    180.504,     120.219,    119.837,
   10,       23.3,    180.687,     123.418,    124.488,
   11,       25.8,    180.650,     128.148,    129.105,
   12,       28.3,    180.702,     133.092,    133.678,
   13,       30.8,    180.702,     136.136,    138.198,
   14,       33.3,    180.804,     142.143,    142.656,
   15,       35.8,    180.782,     146.586,    147.043,
   16,       38.3,    180.920,     150.619,    151.353,
   17,       40.8,    180.680,     154.694,    155.574,
   18,       43.3,    180.774,     159.315,    159.705,
   19,       45.8,    180.774,     163.463,    163.740,
   20,       48.3,    181.227,     167.745,    167.682,
   21,       50.8,    181.037,     171.512,    171.515,
   22,       53.3,    181.037,     176.483,    175.240,
   23,       55.8,    180.964,     178.765,    178.852,
   24,       58.3,    180.935,     181.281,    182.351,
   25,       60.8,    181.066,     185.567,    185.736,
   26,       63.3,    181.066,     189.157,    189.006,
   27,       65.8,    181.030,     192.233,    192.159,
   28,       68.3,    180.972,     196.716,    195.195,
   29,       70.8,    180.899,     198.730,    198.113,
   30,       73.3,    180.847,     202.657,    200.917,
   31,       75.8,    181.030,     203.557,    203.608,
   32,       78.3,    181.008,     206.621,    206.187,
   33,       80.8,    180.891,     209.242,    208.654,
   34,       83.3,    180.964,     211.920,    211.014,
   35,       85.8,    181.169,     212.785,    213.269,
   36,       88.3,    181.169,     215.545,    215.421,
   37,       90.8,    181.161,     216.934,    217.472,
   38,       93.3,    180.979,     219.915,    219.424,
   39,       95.8,    181.125,     222.498,    221.282,
   40,       98.3,    181.132,     223.594,    223.049,
   41,      100.8,    181.169,     224.101,    224.727,
   42,      103.3,    181.088,     226.409,    226.319,
   43,      105.8,    181.278,     226.723,    227.830,
   44,      108.3,    181.066,     229.750,    229.261,
   45,      110.8,    181.125,     229.400,    230.616,
   46,      113.3,    181.271,     231.422,    231.900,
   47,      115.8,    181.125,     231.884,    233.114,
   48,      118.3,    181.096,     234.130,    234.261,
   49,      120.8,    181.271,     235.283,    235.346,
   50,      123.3,    181.110,     236.044,    236.369,
   51,      125.8,    181.030,     237.254,    237.336,
   52,      128.3,    181.132,     238.500,    238.248,
   53,      130.8,    181.176,     239.546,    239.108,
   54,      133.3,    181.300,     240.761,    239.918,
   55,      135.8,    181.220,     240.592,    240.682,
   56,      138.3,    181.169,     240.384,    241.402,
   57,      140.8,    180.979,     241.741,    242.080,
   58,      143.3,    181.132,     243.469,    242.717,
   59,      145.8,    181.139,     242.631,    243.318,
   60,      148.3,    181.103,     243.508,    243.882,
   61,      150.8,    181.052,     244.681,    244.413,
   62,      153.3,    181.096,     244.898,    244.913,
   63,      155.8,    181.008,     245.845,    245.382,
   64,      158.3,    181.315,     245.706,    245.823,
   65,      160.8,    181.307,     246.818,    246.237,
   66,      163.3,    181.329,     247.616,    246.626,
   67,      165.8,    181.147,     247.589,    246.992,
   68,      168.3,    181.344,     247.872,    247.335,
   69,      170.8,    181.066,     246.871,    247.658,
   70,      175.8,    179.716,     248.726,    248.596,
----,
DateTime:        , 2025/11/19, 16:21:02, 1763583662409,
RFID_EPC:        ,--Not Acquired--,
RFID_UserData:   ,--Not Acquired--,
Barcode:         ,--Not Acquired--,
PIF:,            0.00,
PARs:,            0.0,     0.0,     0.0,     0.0,     0.0,     0.0,
Light:,           0.0,     0.0,     0.0,     0.0,     0.0,     0.0,
Cycles:,            1,
                    1,      69,      70,      70,
Lamps:,        #10000,
Gain:,              2,      50, 
SNR_raw:,     247.89,
Position:,        0.0,              0.0,   NoData,
DataPt,      Time(us),   EX,         EM,       Fit,
==========,==========,==========,==========,=========,
    0,        0.0,      0.000,       0.000,     78.892,
    1,        0.8,    161.220,      78.154,     82.846,
    2,        3.3,    179.911,      87.486,     87.364,
    3,        5.8,    179.976,      95.846,     91.973,
    4,        8.3,    180.210,      99.051,     96.654,
    5,       10.8,    180.334,     102.865,    101.381,
    6,       13.3,    180.414,     107.530,    106.133,
    7,       15.8,    180.429,     111.678,    110.890,
    8,       18.3,    180.414,     115.567,    115.637,
    9,       20.8,    180.480,     119.681,    120.361,
   10,       23.3,    180.706,     123.958,    125.052,
   11,       25.8,    180.663,     128.970,    129.693,
   12,       28.3,    180.685,     132.275,    134.276,
   13,       30.8,    180.721,     136.951,    138.792,
   14,       33.3,    180.794,     142.151,    143.234,
   15,       35.8,    180.750,     147.164,    147.591,
   16,       38.3,    180.736,     150.773,    151.860,
   17,       40.8,    180.845,     154.829,    156.035,
   18,       43.3,    180.750,     159.889,    160.110,
   19,       45.8,    180.838,     164.236,    164.084,
   20,       48.3,    181.035,     168.200,    167.954,
   21,       50.8,    180.984,     171.010,    171.714,
   22,       53.3,    180.911,     176.054,    175.363,
   23,       55.8,    181.028,     178.978,    178.901,
   24,       58.3,    180.918,     182.403,    182.324,
   25,       60.8,    180.918,     186.825,    185.632,
   26,       63.3,    181.101,     189.674,    188.830,
   27,       65.8,    180.904,     192.920,    191.911,
   28,       68.3,    181.086,     195.763,    194.881,
   29,       70.8,    181.006,     199.165,    197.739,
   30,       73.3,    180.984,     202.228,    200.486,
   31,       75.8,    181.042,     204.925,    203.124,
   32,       78.3,    181.013,     205.786,    205.655,
   33,       80.8,    181.064,     209.042,    208.082,
   34,       83.3,    181.064,     210.699,    210.406,
   35,       85.8,    181.020,     213.236,    212.630,
   36,       88.3,    180.947,     214.151,    214.755,
   37,       90.8,    181.086,     217.024,    216.786,
   38,       93.3,    181.144,     218.334,    218.726,
   39,       95.8,    180.962,     220.765,    220.575,
   40,       98.3,    181.006,     222.369,    222.338,
   41,      100.8,    181.123,     224.434,    224.019,
   42,      103.3,    180.933,     224.116,    225.618,
   43,      105.8,    181.217,     225.972,    227.140,
   44,      108.3,    181.086,     227.516,    228.587,
   45,      110.8,    181.174,     229.062,    229.963,
   46,      113.3,    181.298,     230.284,    231.270,
   47,      115.8,    181.181,     232.088,    232.511,
   48,      118.3,    181.123,     233.820,    233.688,
   49,      120.8,    181.101,     235.228,    234.805,
   50,      123.3,    181.144,     235.999,    235.864,
   51,      125.8,    180.998,     237.295,    236.868,
   52,      128.3,    181.188,     237.874,    237.819,
   53,      130.8,    181.108,     237.704,    238.720,
   54,      133.3,    181.320,     239.356,    239.572,
   55,      135.8,    181.181,     239.264,    240.379,
   56,      138.3,    181.123,     239.065,    241.143,
   57,      140.8,    181.101,     241.026,    241.865,
   58,      143.3,    181.217,     241.974,    242.548,
   59,      145.8,    181.210,     243.088,    243.194,
   60,      148.3,    181.247,     243.867,    243.804,
   61,      150.8,    181.239,     243.876,    244.380,
   62,      153.3,    181.203,     244.477,    244.925,
   63,      155.8,    181.196,     246.419,    245.439,
   64,      158.3,    181.261,     246.054,    245.925,
   65,      160.8,    181.254,     246.891,    246.384,
   66,      163.3,    181.203,     247.789,    246.817,
   67,      165.8,    181.385,     247.264,    247.225,
   68,      168.3,    181.239,     248.015,    247.610,
   69,      170.8,    181.276,     248.792,    247.974,
   70,      175.8,    179.772,     250.039,    249.184,
