----,
DateTime:        , 2025/11/20, 16:40:45, 1763671245575,
RFID_EPC:        ,--Not Acquired--,
RFID_UserData:   ,--Not Acquired--,
Barcode:         ,--Not Acquired--,
PIF:,            0.00,
PARs:,            0.0,     0.0,     0.0,     0.0,     0.0,     0.0,
Light:,           0.0,     0.0,     0.0,     0.0,     0.0,     0.0,
Cycles:,            1,
                    1,      69,      70,      70,
Lamps:,        #10000,
Gain:,              2,     100, 
SNR_raw:,     252.39,
Position:,        0.0,              0.0,   NoData,
DataPt,      Time(us),   EX,         EM,       Fit,
==========,==========,==========,==========,=========,
    0,        0.0,      0.000,       0.000,    133.253,
    1,        0.8,    161.850,     132.530,    137.884,
    2,        3.3,    180.606,     143.638,    143.373,
    3,        5.8,    180.677,     153.589,    149.181,
    4,        8.3,    180.648,     158.873,    155.264,
    5,       10.8,    180.835,     164.791,    161.592,
    6,       13.3,    180.853,     169.751,    168.126,
    7,       15.8,    180.730,     175.677,    174.831,
    8,       18.3,    180.737,     182.862,    181.681,
    9,       20.8,    180.831,     188.851,    188.651,
   10,       23.3,    180.850,     195.743,    195.716,
   11,       25.8,    180.752,     201.657,    202.847,
   12,       28.3,    180.771,     208.275,    210.027,
   13,       30.8,    180.801,     215.983,    217.235,
   14,       33.3,    180.917,     223.031,    224.456,
   15,       35.8,    180.853,     229.468,    231.665,
   16,       38.3,    180.943,     237.091,    238.851,
   17,       40.8,    180.917,     245.417,    245.995,
   18,       43.3,    180.887,     250.433,    253.083,
   19,       45.8,    180.850,     259.332,    260.101,
   20,       48.3,    180.898,     266.725,    267.038,
   21,       50.8,    180.872,     273.951,    273.880,
   22,       53.3,    180.876,     281.685,    280.619,
   23,       55.8,    180.943,     286.831,    287.245,
   24,       58.3,    180.928,     295.145,    293.749,
   25,       60.8,    181.033,     300.774,    300.123,
   26,       63.3,    180.977,     307.498,    306.357,
   27,       65.8,    181.010,     315.175,    312.448,
   28,       68.3,    180.973,     318.832,    318.387,
   29,       70.8,    181.052,     325.874,    324.172,
   30,       73.3,    180.943,     331.872,    329.796,
   31,       75.8,    180.939,     336.853,    335.257,
   32,       78.3,    180.966,     341.225,    340.552,
   33,       80.8,    180.969,     347.849,    345.679,
   34,       83.3,    180.887,     352.430,    350.636,
   35,       85.8,    180.954,     356.444,    355.424,
   36,       88.3,    181.014,     359.917,    360.042,
   37,       90.8,    181.040,     364.836,    364.490,
   38,       93.3,    181.010,     369.868,    368.769,
   39,       95.8,    181.018,     373.444,    372.880,
   40,       98.3,    181.010,     377.326,    376.825,
   41,      100.8,    181.022,     381.170,    380.606,
   42,      103.3,    181.055,     384.137,    384.225,
   43,      105.8,    180.980,     387.887,    387.686,
   44,      108.3,    181.018,     388.912,    390.990,
   45,      110.8,    180.898,     392.762,    394.143,
   46,      113.3,    181.022,     397.466,    397.146,
   47,      115.8,    181.018,     397.751,    400.005,
   48,      118.3,    181.052,     401.543,    402.722,
   49,      120.8,    181.089,     404.221,    405.303,
   50,      123.3,    181.081,     406.171,    407.750,
   51,      125.8,    181.093,     408.078,    410.069,
   52,      128.3,    181.063,     410.355,    412.264,
   53,      130.8,    181.018,     412.943,    414.338,
   54,      133.3,    180.977,     415.799,    416.297,
   55,      135.8,    181.022,     415.696,    418.143,
   56,      138.3,    180.962,     418.320,    419.883,
   57,      140.8,    180.947,     420.566,    421.519,
   58,      143.3,    181.052,     421.703,    423.056,
   59,      145.8,    181.052,     422.532,    424.498,
   60,      148.3,    181.025,     425.631,    425.849,
   61,      150.8,    181.007,     427.885,    427.114,
   62,      153.3,    181.085,     429.080,    428.294,
   63,      155.8,    181.074,     430.211,    429.395,
   64,      158.3,    180.995,     429.845,    430.421,
   65,      160.8,    181.003,     432.037,    431.375,
   66,      163.3,    180.999,     433.980,    432.260,
   67,      165.8,    180.966,     434.889,    433.079,
   68,      168.3,    181.003,     435.905,    433.836,
   69,      170.8,    181.044,     437.186,    434.532,
   70,      175.8,    179.959,     437.575,    437.492,
----,
DateTime:        , 2025/11/20, 16:40:54, 1763671254343,
RFID_EPC:        ,--Not Acquired--,
RFID_UserData:   ,--Not Acquired--,
Barcode:         ,--Not Acquired--,
PIF:,            0.00,
PARs:,            0.0,     0.0,     0.0,     0.0,     0.0,     0.0,
Light:,           0.0,     0.0,     0.0,     0.0,     0.0,     0.0,
Cycles:,            1,
                    1,      69,      70,      70,
Lamps:,        #10000,
Gain:,              2,     100, 
SNR_raw:,     219.93,
Position:,        0.0,              0.0,   NoData,
DataPt,      Time(us),   EX,         EM,       Fit,
==========,==========,==========,==========,=========,
    0,        0.0,      0.000,       0.000,    143.731,
    1,        0.8,    161.964,     142.006,    148.481,
    2,        3.3,    180.538,     153.401,    154.052,
    3,        5.8,    180.602,     163.620,    159.890,
    4,        8.3,    180.576,     170.289,    165.948,
    5,       10.8,    180.564,     174.730,    172.188,
    6,       13.3,    180.688,     180.145,    178.580,
    7,       15.8,    180.763,     185.879,    185.090,
    8,       18.3,    180.796,     191.652,    191.690,
    9,       20.8,    180.838,     197.968,    198.355,
   10,       23.3,    180.871,     205.118,    205.061,
   11,       25.8,    180.871,     210.924,    211.787,
   12,       28.3,    180.905,     217.241,    218.516,
   13,       30.8,    180.909,     223.594,    225.230,
   14,       33.3,    180.897,     228.859,    231.913,
   15,       35.8,    180.875,     235.245,    238.551,
   16,       38.3,    180.845,     241.643,    245.131,
   17,       40.8,    180.830,     249.682,    251.642,
   18,       43.3,    180.871,     255.983,    258.076,
   19,       45.8,    180.886,     263.149,    264.421,
   20,       48.3,    180.972,     268.273,    270.672,
   21,       50.8,    180.976,     276.556,    276.820,
   22,       53.3,    181.017,     282.570,    282.857,
   23,       55.8,    181.073,     289.110,    288.779,
   24,       58.3,    181.028,     296.086,    294.577,
   25,       60.8,    181.002,     301.930,    300.249,
   26,       63.3,    180.965,     308.347,    305.789,
   27,       65.8,    180.983,     313.288,    311.196,
   28,       68.3,    180.942,     316.123,    316.464,
   29,       70.8,    180.939,     323.591,    321.593,
   30,       73.3,    180.939,     326.907,    326.581,
   31,       75.8,    180.976,     332.641,    331.427,
   32,       78.3,    180.950,     337.386,    336.129,
   33,       80.8,    181.006,     342.807,    340.688,
   34,       83.3,    181.010,     346.114,    345.102,
   35,       85.8,    181.021,     350.788,    349.373,
   36,       88.3,    181.047,     354.328,    353.501,
   37,       90.8,    180.957,     358.372,    357.485,
   38,       93.3,    180.995,     361.613,    361.329,
   39,       95.8,    180.968,     365.257,    365.032,
   40,       98.3,    181.036,     368.988,    368.598,
   41,      100.8,    180.965,     371.619,    372.028,
   42,      103.3,    181.055,     374.749,    375.324,
   43,      105.8,    181.036,     379.207,    378.488,
   44,      108.3,    180.995,     380.398,    381.523,
   45,      110.8,    180.983,     385.118,    384.432,
   46,      113.3,    181.032,     388.053,    387.217,
   47,      115.8,    180.976,     388.726,    389.881,
   48,      118.3,    180.968,     391.781,    392.427,
   49,      120.8,    180.995,     393.934,    394.858,
   50,      123.3,    180.987,     396.161,    397.178,
   51,      125.8,    180.983,     397.826,    399.389,
   52,      128.3,    181.025,     399.117,    401.494,
   53,      130.8,    181.069,     402.608,    403.497,
   54,      133.3,    181.028,     404.633,    405.401,
   55,      135.8,    181.073,     406.742,    407.209,
   56,      138.3,    180.983,     408.601,    408.924,
   57,      140.8,    181.077,     410.047,    410.549,
   58,      143.3,    180.972,     411.389,    412.089,
   59,      145.8,    181.013,     413.782,    413.544,
   60,      148.3,    180.961,     415.007,    414.920,
   61,      150.8,    180.980,     416.898,    416.217,
   62,      153.3,    180.980,     416.345,    417.440,
   63,      155.8,    181.006,     418.218,    418.591,
   64,      158.3,    181.043,     420.341,    419.673,
   65,      160.8,    181.055,     420.868,    420.689,
   66,      163.3,    181.073,     421.653,    421.641,
   67,      165.8,    181.036,     424.502,    422.533,
   68,      168.3,    181.077,     424.405,    423.366,
   69,      170.8,    181.002,     426.238,    424.143,
   70,      175.8,    179.880,     427.126,    427.037,
----,
DateTime:        , 2025/11/20, 16:41:03, 1763671263118,
RFID_EPC:        ,--Not Acquired--,
RFID_UserData:   ,--Not Acquired--,
Barcode:         ,--Not Acquired--,
PIF:,            0.00,
PARs:,            0.0,     0.0,     0.0,     0.0,     0.0,     0.0,
Light:,           0.0,     0.0,     0.0,     0.0,     0.0,     0.0,
Cycles:,            1,
                    1,      69,      70,      70,
Lamps:,        #10000,
Gain:,              2,     100, 
SNR_raw:,     225.55,
Position:,        0.0,              0.0,   NoData,
DataPt,      Time(us),   EX,         EM,       Fit,
==========,==========,==========,==========,=========,
    0,        0.0,      0.000,       0.000,    142.594,
    1,        0.8,    161.892,     141.761,    147.480,
    2,        3.3,    180.552,     153.107,    153.123,
    3,        5.8,    180.680,     163.272,    158.956,
    4,        8.3,    180.702,     168.786,    164.948,
    5,       10.8,    180.766,     172.599,    171.072,
    6,       13.3,    180.758,     179.798,    177.303,
    7,       15.8,    180.766,     185.599,    183.617,
    8,       18.3,    180.784,     190.559,    189.996,
    9,       20.8,    180.695,     197.848,    196.417,
   10,       23.3,    180.721,     201.969,    202.865,
   11,       25.8,    180.710,     208.622,    209.323,
   12,       28.3,    180.927,     213.623,    215.783,
   13,       30.8,    180.900,     220.840,    222.223,
   14,       33.3,    180.893,     225.271,    228.632,
   15,       35.8,    180.904,     232.444,    234.997,
   16,       38.3,    180.915,     240.168,    241.308,
   17,       40.8,    180.893,     245.173,    247.553,
   18,       43.3,    180.904,     252.896,    253.724,
   19,       45.8,    180.912,     258.137,    259.812,
   20,       48.3,    180.878,     266.202,    265.808,
   21,       50.8,    180.855,     270.658,    271.704,
   22,       53.3,    180.923,     276.637,    277.496,
   23,       55.8,    180.971,     284.575,    283.179,
   24,       58.3,    180.994,     288.960,    288.744,
   25,       60.8,    181.013,     294.455,    294.189,
   26,       63.3,    180.990,     300.293,    299.507,
   27,       65.8,    180.964,     306.138,    304.694,
   28,       68.3,    180.930,     310.341,    309.749,
   29,       70.8,    180.960,     314.986,    314.668,
   30,       73.3,    180.956,     321.348,    319.450,
   31,       75.8,    180.863,     325.661,    324.091,
   32,       78.3,    180.986,     330.412,    328.593,
   33,       80.8,    181.024,     335.039,    332.955,
   34,       83.3,    181.069,     338.269,    337.176,
   35,       85.8,    181.005,     341.703,    341.254,
   36,       88.3,    181.080,     347.084,    345.193,
   37,       90.8,    181.009,     350.259,    348.990,
   38,       93.3,    180.983,     353.349,    352.647,
   39,       95.8,    180.968,     355.865,    356.167,
   40,       98.3,    180.971,     360.002,    359.550,
   41,      100.8,    180.968,     363.325,    362.799,
   42,      103.3,    180.960,     364.721,    365.916,
   43,      105.8,    180.878,     368.204,    368.902,
   44,      108.3,    181.016,     372.066,    371.762,
   45,      110.8,    181.039,     375.334,    374.497,
   46,      113.3,    181.057,     376.676,    377.110,
   47,      115.8,    181.020,     379.792,    379.604,
   48,      118.3,    181.005,     380.652,    381.982,
   49,      120.8,    181.069,     383.556,    384.247,
   50,      123.3,    180.990,     386.485,    386.402,
   51,      125.8,    181.031,     386.950,    388.451,
   52,      128.3,    181.024,     388.623,    390.397,
   53,      130.8,    180.998,     390.889,    392.242,
   54,      133.3,    180.934,     392.132,    393.991,
   55,      135.8,    180.986,     395.057,    395.646,
   56,      138.3,    181.028,     395.796,    397.211,
   57,      140.8,    181.069,     396.811,    398.689,
   58,      143.3,    181.076,     399.832,    400.083,
   59,      145.8,    181.042,     401.287,    401.396,
   60,      148.3,    181.121,     402.493,    402.631,
   61,      150.8,    181.117,     402.502,    403.792,
   62,      153.3,    180.990,     403.889,    404.882,
   63,      155.8,    181.020,     405.756,    405.902,
   64,      158.3,    180.986,     405.555,    406.857,
   65,      160.8,    180.949,     408.126,    407.749,
   66,      163.3,    181.020,     407.966,    408.580,
   67,      165.8,    181.069,     410.065,    409.353,
   68,      168.3,    181.110,     411.629,    410.070,
   69,      170.8,    181.054,     412.032,    410.735,
   70,      175.8,    179.909,     412.933,    412.735,
----,
DateTime:        , 2025/11/20, 16:41:12, 1763671271910,
RFID_EPC:        ,--Not Acquired--,
RFID_UserData:   ,--Not Acquired--,
Barcode:         ,--Not Acquired--,
PIF:,            0.00,
PARs:,            0.0,     0.0,     0.0,     0.0,     0.0,     0.0,
Light:,           0.0,     0.0,     0.0,     0.0,     0.0,     0.0,
Cycles:,            1,
                    1,      69,      70,      70,
Lamps:,        #10000,
Gain:,              2,     100, 
SNR_raw:,     248.36,
Position:,        0.0,              0.0,   NoData,
DataPt,      Time(us),   EX,         EM,       Fit,
==========,==========,==========,==========,=========,
    0,        0.0,      0.000,       0.000,    136.017,
    1,        0.8,    161.791,     135.360,    140.887,
    2,        3.3,    180.549,     146.876,    146.540,
    3,        5.8,    180.676,     157.187,    152.408,
    4,        8.3,    180.755,     161.821,    158.459,
    5,       10.8,    180.706,     167.399,    164.661,
    6,       13.3,    180.818,     171.166,    170.993,
    7,       15.8,    180.803,     178.094,    177.427,
    8,       18.3,    180.826,     183.879,    183.944,
    9,       20.8,    180.736,     188.673,    190.520,
   10,       23.3,    180.788,     196.639,    197.140,
   11,       25.8,    180.830,     202.124,    203.788,
   12,       28.3,    180.871,     208.989,    210.447,
   13,       30.8,    180.916,     216.676,    217.102,
   14,       33.3,    180.826,     220.654,    223.737,
   15,       35.8,    180.904,     227.468,    230.342,
   16,       38.3,    180.994,     233.157,    236.905,
   17,       40.8,    181.002,     240.606,    243.414,
   18,       43.3,    180.923,     248.448,    249.854,
   19,       45.8,    180.904,     254.002,    256.219,
   20,       48.3,    180.889,     262.315,    262.498,
   21,       50.8,    180.848,     268.457,    268.682,
   22,       53.3,    180.946,     274.668,    274.768,
   23,       55.8,    180.964,     280.718,    280.745,
   24,       58.3,    180.871,     286.669,    286.605,
   25,       60.8,    180.990,     292.281,    292.345,
   26,       63.3,    181.028,     297.744,    297.960,
   27,       65.8,    180.987,     304.442,    303.443,
   28,       68.3,    180.979,     311.085,    308.789,
   29,       70.8,    181.009,     315.454,    313.996,
   30,       73.3,    180.964,     321.610,    319.059,
   31,       75.8,    180.990,     326.813,    323.977,
   32,       78.3,    180.972,     330.991,    328.748,
   33,       80.8,    180.946,     334.907,    333.368,
   34,       83.3,    180.987,     338.423,    337.840,
   35,       85.8,    180.942,     342.375,    342.160,
   36,       88.3,    180.975,     346.456,    346.329,
   37,       90.8,    180.968,     351.996,    350.348,
   38,       93.3,    181.020,     354.932,    354.218,
   39,       95.8,    181.095,     358.651,    357.939,
   40,       98.3,    181.076,     362.554,    361.513,
   41,      100.8,    181.047,     365.928,    364.941,
   42,      103.3,    180.889,     370.392,    368.224,
   43,      105.8,    180.979,     372.971,    371.366,
   44,      108.3,    180.975,     374.084,    374.369,
   45,      110.8,    180.972,     376.302,    377.236,
   46,      113.3,    180.983,     379.870,    379.971,
   47,      115.8,    181.039,     381.962,    382.575,
   48,      118.3,    181.058,     384.132,    385.053,
   49,      120.8,    181.088,     386.553,    387.408,
   50,      123.3,    180.987,     388.426,    389.642,
   51,      125.8,    181.013,     390.856,    391.760,
   52,      128.3,    181.073,     393.764,    393.765,
   53,      130.8,    180.990,     394.772,    395.662,
   54,      133.3,    181.024,     396.080,    397.452,
   55,      135.8,    180.882,     399.155,    399.141,
   56,      138.3,    181.020,     400.231,    400.732,
   57,      140.8,    181.065,     401.513,    402.228,
   58,      143.3,    181.013,     403.286,    403.633,
   59,      145.8,    180.968,     405.044,    404.951,
   60,      148.3,    181.005,     406.618,    406.185,
   61,      150.8,    181.080,     406.450,    407.339,
   62,      153.3,    181.088,     408.918,    408.415,
   63,      155.8,    181.065,     408.969,    409.418,
   64,      158.3,    180.972,     410.838,    410.351,
   65,      160.8,    181.054,     410.375,    411.215,
   66,      163.3,    180.972,     413.877,    412.016,
   67,      165.8,    180.990,     413.558,    412.755,
   68,      168.3,    180.964,     414.999,    413.435,
   69,      170.8,    180.968,     415.543,    414.059,
   70,      175.8,    179.909,     415.876,    415.843,
----,
DateTime:        , 2025/11/20, 16:41:20, 1763671280638,
RFID_EPC:        ,--Not Acquired--,
RFID_UserData:   ,--Not Acquired--,
Barcode:         ,--Not Acquired--,
PIF:,            0.00,
PARs:,            0.0,     0.0,     0.0,     0.0,     0.0,     0.0,
Light:,           0.0,     0.0,     0.0,     0.0,     0.0,     0.0,
Cycles:,            1,
                    1,      69,      70,      70,
Lamps:,        #10000,
Gain:,              2,     100, 
SNR_raw:,     323.44,
Position:,        0.0,              0.0,   NoData,
DataPt,      Time(us),   EX,         EM,       Fit,
==========,==========,==========,==========,=========,
    0,        0.0,      0.000,       0.000,    129.579,
    1,        0.8,    161.861,     130.050,    134.716,
    2,        3.3,    180.532,     142.355,    140.653,
    3,        5.8,    180.592,     153.385,    146.789,
    4,        8.3,    180.737,     157.411,    153.096,
    5,       10.8,    180.775,     163.740,    159.539,
    6,       13.3,    180.741,     168.750,    166.090,
    7,       15.8,    180.853,     174.727,    172.729,
    8,       18.3,    180.850,     179.707,    179.431,
    9,       20.8,    180.790,     184.468,    186.173,
   10,       23.3,    180.771,     190.296,    192.937,
   11,       25.8,    180.794,     198.569,    199.710,
   12,       28.3,    180.749,     204.428,    206.472,
   13,       30.8,    180.794,     211.014,    213.212,
   14,       33.3,    180.838,     217.598,    219.917,
   15,       35.8,    180.895,     223.611,    226.575,
   16,       38.3,    180.861,     230.011,    233.173,
   17,       40.8,    181.033,     237.250,    239.706,
   18,       43.3,    180.981,     244.501,    246.158,
   19,       45.8,    180.939,     249.807,    252.521,
   20,       48.3,    180.962,     257.236,    258.790,
   21,       50.8,    180.973,     263.575,    264.955,
   22,       53.3,    180.962,     269.117,    271.011,
   23,       55.8,    180.910,     275.552,    276.951,
   24,       58.3,    180.921,     282.444,    282.770,
   25,       60.8,    180.850,     288.638,    288.463,
   26,       63.3,    180.947,     294.009,    294.028,
   27,       65.8,    181.014,     301.081,    299.462,
   28,       68.3,    181.037,     306.291,    304.760,
   29,       70.8,    181.037,     311.539,    309.919,
   30,       73.3,    180.951,     315.279,    314.936,
   31,       75.8,    181.007,     321.535,    319.812,
   32,       78.3,    180.973,     326.015,    324.544,
   33,       80.8,    181.048,     330.575,    329.133,
   34,       83.3,    180.984,     334.283,    333.576,
   35,       85.8,    180.939,     338.787,    337.874,
   36,       88.3,    180.954,     344.009,    342.028,
   37,       90.8,    180.966,     346.751,    346.038,
   38,       93.3,    180.973,     350.605,    349.906,
   39,       95.8,    181.040,     354.617,    353.633,
   40,       98.3,    181.040,     357.655,    357.221,
   41,      100.8,    181.007,     361.036,    360.670,
   42,      103.3,    181.018,     364.605,    363.983,
   43,      105.8,    181.052,     366.470,    367.163,
   44,      108.3,    180.962,     369.691,    370.211,
   45,      110.8,    180.966,     373.552,    373.130,
   46,      113.3,    181.014,     375.385,    375.924,
   47,      115.8,    180.973,     379.062,    378.594,
   48,      118.3,    180.992,     380.404,    381.144,
   49,      120.8,    181.059,     382.196,    383.576,
   50,      123.3,    181.070,     384.933,    385.895,
   51,      125.8,    181.044,     387.751,    388.103,
   52,      128.3,    181.011,     389.756,    390.203,
   53,      130.8,    181.037,     391.357,    392.198,
   54,      133.3,    181.059,     393.518,    394.092,
   55,      135.8,    181.025,     394.972,    395.887,
   56,      138.3,    180.962,     397.045,    397.588,
   57,      140.8,    180.996,     398.905,    399.197,
   58,      143.3,    180.992,     400.294,    400.718,
   59,      145.8,    180.984,     402.245,    402.153,
   60,      148.3,    181.011,     404.120,    403.506,
   61,      150.8,    181.025,     405.744,    404.780,
   62,      153.3,    181.085,     406.714,    405.977,
   63,      155.8,    181.119,     406.915,    407.101,
   64,      158.3,    181.007,     408.548,    408.155,
   65,      160.8,    181.007,     407.996,    409.142,
   66,      163.3,    181.055,     410.924,    410.064,
   67,      165.8,    181.014,     411.570,    410.924,
   68,      168.3,    180.951,     411.991,    411.724,
   69,      170.8,    180.988,     414.116,    412.468,
   70,      175.8,    179.843,     415.482,    414.839,
----,
DateTime:        , 2025/11/20, 16:41:29, 1763671289427,
RFID_EPC:        ,--Not Acquired--,
RFID_UserData:   ,--Not Acquired--,
Barcode:         ,--Not Acquired--,
PIF:,            0.00,
PARs:,            0.0,     0.0,     0.0,     0.0,     0.0,     0.0,
Light:,           0.0,     0.0,     0.0,     0.0,     0.0,     0.0,
Cycles:,            1,
                    1,      69,      70,      70,
Lamps:,        #10000,
Gain:,              2,     100, 
SNR_raw:,     253.39,
Position:,        0.0,              0.0,   NoData,
DataPt,      Time(us),   EX,         EM,       Fit,
==========,==========,==========,==========,=========,
    0,        0.0,      0.000,       0.000,    133.324,
    1,        0.8,    161.870,     132.514,    138.191,
    2,        3.3,    180.542,     143.512,    143.774,
    3,        5.8,    180.609,     153.370,    149.514,
    4,        8.3,    180.744,     158.512,    155.394,
    5,       10.8,    180.714,     163.241,    161.395,
    6,       13.3,    180.830,     169.220,    167.504,
    7,       15.8,    180.781,     175.073,    173.702,
    8,       18.3,    180.781,     180.605,    179.975,
    9,       20.8,    180.796,     186.121,    186.310,
   10,       23.3,    180.822,     191.348,    192.693,
   11,       25.8,    180.759,     198.054,    199.109,
   12,       28.3,    180.744,     204.433,    205.546,
   13,       30.8,    180.845,     210.954,    211.994,
   14,       33.3,    180.860,     217.848,    218.440,
   15,       35.8,    181.006,     222.645,    224.875,
   16,       38.3,    180.927,     231.032,    231.282,
   17,       40.8,    181.054,     235.288,    237.654,
   18,       43.3,    180.965,     241.484,    243.976,
   19,       45.8,    180.931,     248.714,    250.239,
   20,       48.3,    180.871,     254.878,    256.432,
   21,       50.8,    180.938,     262.520,    262.550,
   22,       53.3,    180.886,     268.401,    268.580,
   23,       55.8,    180.994,     275.146,    274.518,
   24,       58.3,    180.871,     280.034,    280.351,
   25,       60.8,    180.875,     286.662,    286.075,
   26,       63.3,    180.991,     292.004,    291.685,
   27,       65.8,    181.036,     298.560,    297.175,
   28,       68.3,    181.009,     304.680,    302.535,
   29,       70.8,    180.994,     309.402,    307.762,
   30,       73.3,    181.077,     314.231,    312.854,
   31,       75.8,    181.039,     318.439,    317.804,
   32,       78.3,    180.961,     323.827,    322.608,
   33,       80.8,    180.938,     328.841,    327.265,
   34,       83.3,    180.886,     332.530,    331.772,
   35,       85.8,    180.856,     336.732,    336.128,
   36,       88.3,    180.987,     340.908,    340.334,
   37,       90.8,    181.013,     344.174,    344.389,
   38,       93.3,    181.002,     348.615,    348.292,
   39,       95.8,    181.062,     351.814,    352.045,
   40,       98.3,    181.058,     356.239,    355.646,
   41,      100.8,    181.051,     359.292,    359.099,
   42,      103.3,    180.994,     362.442,    362.403,
   43,      105.8,    180.972,     364.697,    365.561,
   44,      108.3,    180.916,     367.298,    368.575,
   45,      110.8,    181.013,     370.691,    371.450,
   46,      113.3,    180.890,     373.708,    374.186,
   47,      115.8,    180.980,     376.838,    376.789,
   48,      118.3,    180.998,     378.457,    379.260,
   49,      120.8,    180.998,     381.219,    381.604,
   50,      123.3,    181.006,     383.413,    383.823,
   51,      125.8,    181.081,     385.188,    385.923,
   52,      128.3,    181.021,     385.868,    387.905,
   53,      130.8,    181.092,     389.305,    389.774,
   54,      133.3,    181.058,     390.759,    391.535,
   55,      135.8,    181.002,     392.537,    393.190,
   56,      138.3,    181.039,     393.561,    394.744,
   57,      140.8,    180.912,     396.048,    396.200,
   58,      143.3,    181.047,     397.687,    397.563,
   59,      145.8,    180.961,     397.600,    398.837,
   60,      148.3,    181.084,     400.090,    400.024,
   61,      150.8,    181.036,     398.817,    401.129,
   62,      153.3,    181.043,     401.562,    402.155,
   63,      155.8,    181.092,     403.939,    403.106,
   64,      158.3,    181.028,     403.252,    403.986,
   65,      160.8,    180.976,     406.408,    404.797,
   66,      163.3,    180.994,     405.813,    405.543,
   67,      165.8,    180.942,     406.207,    406.227,
   68,      168.3,    181.024,     408.232,    406.851,
   69,      170.8,    181.073,     409.227,    407.420,
   70,      175.8,    179.951,     409.306,    408.947,
----,
DateTime:        , 2025/11/20, 16:41:38, 1763671298164,
RFID_EPC:        ,--Not Acquired--,
RFID_UserData:   ,--Not Acquired--,
Barcode:         ,--Not Acquired--,
PIF:,            0.00,
PARs:,            0.0,     0.0,     0.0,     0.0,     0.0,     0.0,
Light:,           0.0,     0.0,     0.0,     0.0,     0.0,     0.0,
Cycles:,            1,
                    1,      69,      70,      70,
Lamps:,        #10000,
Gain:,              2,     100, 
SNR_raw:,     215.46,
Position:,        0.0,              0.0,   NoData,
DataPt,      Time(us),   EX,         EM,       Fit,
==========,==========,==========,==========,=========,
    0,        0.0,      0.000,       0.000,    133.904,
    1,        0.8,    161.910,     133.716,    138.449,
    2,        3.3,    180.640,     144.192,    143.744,
    3,        5.8,    180.688,     153.579,    149.259,
    4,        8.3,    180.741,     159.621,    154.962,
    5,       10.8,    180.737,     162.667,    160.824,
    6,       13.3,    180.726,     169.871,    166.820,
    7,       15.8,    180.733,     174.843,    172.926,
    8,       18.3,    180.696,     179.860,    179.119,
    9,       20.8,    180.718,     185.371,    185.382,
   10,       23.3,    180.763,     191.134,    191.695,
   11,       25.8,    180.860,     196.561,    198.044,
   12,       28.3,    180.864,     204.297,    204.410,
   13,       30.8,    180.883,     209.528,    210.779,
   14,       33.3,    180.872,     215.899,    217.135,
   15,       35.8,    180.909,     222.211,    223.467,
   16,       38.3,    180.905,     227.467,    229.762,
   17,       40.8,    180.838,     234.188,    236.007,
   18,       43.3,    180.830,     239.174,    242.194,
   19,       45.8,    180.909,     247.086,    248.313,
   20,       48.3,    180.842,     254.366,    254.354,
   21,       50.8,    181.010,     259.654,    260.312,
   22,       53.3,    180.969,     266.068,    266.176,
   23,       55.8,    181.032,     272.051,    271.940,
   24,       58.3,    181.006,     278.167,    277.597,
   25,       60.8,    180.988,     283.997,    283.139,
   26,       63.3,    180.905,     288.825,    288.562,
   27,       65.8,    180.999,     295.030,    293.863,
   28,       68.3,    181.029,     301.886,    299.037,
   29,       70.8,    180.980,     304.730,    304.079,
   30,       73.3,    180.980,     309.703,    308.987,
   31,       75.8,    180.973,     316.899,    313.757,
   32,       78.3,    180.961,     320.510,    318.389,
   33,       80.8,    181.010,     323.739,    322.881,
   34,       83.3,    181.002,     329.553,    327.232,
   35,       85.8,    181.025,     332.275,    331.440,
   36,       88.3,    181.010,     336.446,    335.506,
   37,       90.8,    181.006,     340.596,    339.429,
   38,       93.3,    180.931,     343.777,    343.210,
   39,       95.8,    180.943,     346.795,    346.850,
   40,       98.3,    181.010,     351.086,    350.351,
   41,      100.8,    181.025,     353.542,    353.714,
   42,      103.3,    180.988,     357.483,    356.940,
   43,      105.8,    181.025,     359.067,    360.032,
   44,      108.3,    181.006,     362.695,    362.992,
   45,      110.8,    181.044,     366.210,    365.822,
   46,      113.3,    181.059,     367.561,    368.526,
   47,      115.8,    181.047,     370.345,    371.106,
   48,      118.3,    180.980,     373.522,    373.564,
   49,      120.8,    180.995,     374.872,    375.904,
   50,      123.3,    180.973,     377.405,    378.130,
   51,      125.8,    181.002,     379.553,    380.244,
   52,      128.3,    181.006,     381.202,    382.249,
   53,      130.8,    180.980,     384.020,    384.150,
   54,      133.3,    181.010,     384.509,    385.949,
   55,      135.8,    181.029,     386.955,    387.650,
   56,      138.3,    181.089,     387.932,    389.256,
   57,      140.8,    181.032,     389.709,    390.771,
   58,      143.3,    181.077,     391.545,    392.198,
   59,      145.8,    181.096,     392.333,    393.540,
   60,      148.3,    181.055,     393.803,    394.801,
   61,      150.8,    181.047,     394.648,    395.983,
   62,      153.3,    180.973,     396.745,    397.091,
   63,      155.8,    180.943,     397.087,    398.127,
   64,      158.3,    180.943,     400.127,    399.093,
   65,      160.8,    180.973,     400.337,    399.994,
   66,      163.3,    181.040,     401.293,    400.831,
   67,      165.8,    181.025,     400.497,    401.608,
   68,      168.3,    180.976,     403.920,    402.327,
   69,      170.8,    181.081,     403.963,    402.990,
   70,      175.8,    179.850,     405.197,    405.103,
----,
DateTime:        , 2025/11/20, 16:41:47, 1763671306961,
RFID_EPC:        ,--Not Acquired--,
RFID_UserData:   ,--Not Acquired--,
Barcode:         ,--Not Acquired--,
PIF:,            0.00,
PARs:,            0.0,     0.0,     0.0,     0.0,     0.0,     0.0,
Light:,           0.0,     0.0,     0.0,     0.0,     0.0,     0.0,
Cycles:,            1,
                    1,      69,      70,      70,
Lamps:,        #10000,
Gain:,              2,     100, 
SNR_raw:,     274.52,
Position:,        0.0,              0.0,   NoData,
DataPt,      Time(us),   EX,         EM,       Fit,
==========,==========,==========,==========,=========,
    0,        0.0,      0.000,       0.000,    133.655,
    1,        0.8,    161.805,     132.567,    138.246,
    2,        3.3,    180.573,     143.234,    143.581,
    3,        5.8,    180.640,     152.790,    149.125,
    4,        8.3,    180.670,     158.023,    154.850,
    5,       10.8,    180.651,     162.744,    160.730,
    6,       13.3,    180.779,     168.991,    166.746,
    7,       15.8,    180.838,     173.912,    172.875,
    8,       18.3,    180.797,     179.206,    179.095,
    9,       20.8,    180.861,     186.331,    185.388,
   10,       23.3,    180.872,     190.466,    191.736,
   11,       25.8,    180.917,     196.499,    198.123,
   12,       28.3,    180.853,     204.586,    204.531,
   13,       30.8,    180.824,     209.873,    210.945,
   14,       33.3,    180.850,     215.925,    217.352,
   15,       35.8,    180.764,     222.666,    223.736,
   16,       38.3,    180.906,     228.848,    230.092,
   17,       40.8,    180.981,     234.555,    236.404,
   18,       43.3,    180.921,     239.608,    242.659,
   19,       45.8,    180.954,     247.576,    248.848,
   20,       48.3,    180.906,     253.723,    254.960,
   21,       50.8,    181.018,     259.919,    260.989,
   22,       53.3,    180.932,     266.675,    266.922,
   23,       55.8,    180.910,     272.512,    272.753,
   24,       58.3,    180.925,     278.016,    278.474,
   25,       60.8,    180.932,     284.361,    284.080,
   26,       63.3,    180.861,     291.108,    289.563,
   27,       65.8,    181.003,     296.128,    294.922,
   28,       68.3,    180.999,     301.382,    300.149,
   29,       70.8,    181.082,     306.492,    305.241,
   30,       73.3,    180.984,     309.971,    310.193,
   31,       75.8,    180.988,     316.319,    315.002,
   32,       78.3,    180.954,     320.799,    319.666,
   33,       80.8,    180.951,     325.227,    324.183,
   34,       83.3,    180.861,     328.706,    328.551,
   35,       85.8,    180.939,     334.366,    332.771,
   36,       88.3,    180.932,     337.696,    336.843,
   37,       90.8,    180.984,     341.742,    340.766,
   38,       93.3,    180.951,     344.569,    344.541,
   39,       95.8,    180.936,     349.019,    348.168,
   40,       98.3,    181.037,     351.862,    351.651,
   41,      100.8,    181.029,     356.296,    354.989,
   42,      103.3,    181.026,     357.961,    358.186,
   43,      105.8,    181.029,     361.820,    361.242,
   44,      108.3,    181.063,     364.790,    364.161,
   45,      110.8,    181.055,     365.910,    366.946,
   46,      113.3,    180.988,     369.085,    369.599,
   47,      115.8,    180.898,     371.756,    372.123,
   48,      118.3,    181.026,     372.876,    374.523,
   49,      120.8,    180.973,     376.575,    376.801,
   50,      123.3,    181.044,     377.808,    378.960,
   51,      125.8,    181.085,     379.931,    381.006,
   52,      128.3,    181.089,     382.408,    382.940,
   53,      130.8,    181.089,     384.065,    384.768,
   54,      133.3,    181.104,     385.690,    386.492,
   55,      135.8,    181.026,     386.686,    388.116,
   56,      138.3,    181.011,     388.928,    389.643,
   57,      140.8,    180.954,     390.430,    391.079,
   58,      143.3,    180.996,     392.275,    392.426,
   59,      145.8,    181.007,     392.803,    393.687,
   60,      148.3,    181.022,     393.875,    394.866,
   61,      150.8,    181.074,     395.970,    395.967,
   62,      153.3,    181.022,     396.914,    396.993,
   63,      155.8,    181.026,     398.010,    397.948,
   64,      158.3,    181.033,     398.270,    398.834,
   65,      160.8,    181.100,     399.226,    399.654,
   66,      163.3,    181.033,     401.584,    400.413,
   67,      165.8,    181.048,     401.827,    401.112,
   68,      168.3,    180.943,     403.441,    401.754,
   69,      170.8,    181.044,     403.493,    402.343,
   70,      175.8,    179.821,     404.771,    404.394,
----,
DateTime:        , 2025/11/20, 16:41:55, 1763671315709,
RFID_EPC:        ,--Not Acquired--,
RFID_UserData:   ,--Not Acquired--,
Barcode:         ,--Not Acquired--,
PIF:,            0.00,
PARs:,            0.0,     0.0,     0.0,     0.0,     0.0,     0.0,
Light:,           0.0,     0.0,     0.0,     0.0,     0.0,     0.0,
Cycles:,            1,
                    1,      69,      70,      70,
Lamps:,        #10000,
Gain:,              2,     100, 
SNR_raw:,     240.81,
Position:,        0.0,              0.0,   NoData,
DataPt,      Time(us),   EX,         EM,       Fit,
==========,==========,==========,==========,=========,
    0,        0.0,      0.000,       0.000,    131.248,
    1,        0.8,    161.842,     131.610,    135.923,
    2,        3.3,    180.590,     143.063,    141.378,
    3,        5.8,    180.665,     153.322,    147.066,
    4,        8.3,    180.688,     156.624,    152.953,
    5,       10.8,    180.706,     162.695,    159.006,
    6,       13.3,    180.699,     167.129,    165.197,
    7,       15.8,    180.684,     171.570,    171.501,
    8,       18.3,    180.714,     178.459,    177.895,
    9,       20.8,    180.807,     183.898,    184.359,
   10,       23.3,    180.800,     190.542,    190.871,
   11,       25.8,    180.878,     196.817,    197.415,
   12,       28.3,    180.860,     203.473,    203.971,
   13,       30.8,    180.908,     209.775,    210.526,
   14,       33.3,    180.875,     214.790,    217.064,
   15,       35.8,    180.852,     221.728,    223.570,
   16,       38.3,    180.822,     227.295,    230.033,
   17,       40.8,    180.987,     234.548,    236.445,
   18,       43.3,    180.934,     240.142,    242.791,
   19,       45.8,    180.957,     246.468,    249.063,
   20,       48.3,    180.972,     254.183,    255.251,
   21,       50.8,    180.987,     260.516,    261.347,
   22,       53.3,    180.994,     266.583,    267.343,
   23,       55.8,    180.953,     273.552,    273.231,
   24,       58.3,    181.017,     278.427,    279.006,
   25,       60.8,    180.878,     284.445,    284.660,
   26,       63.3,    180.931,     291.548,    290.191,
   27,       65.8,    180.961,     297.026,    295.593,
   28,       68.3,    180.961,     302.276,    300.862,
   29,       70.8,    180.871,     307.955,    305.994,
   30,       73.3,    180.968,     312.486,    310.988,
   31,       75.8,    180.942,     316.124,    315.841,
   32,       78.3,    181.054,     323.384,    320.552,
   33,       80.8,    181.032,     326.738,    325.119,
   34,       83.3,    181.009,     330.370,    329.539,
   35,       85.8,    181.050,     335.266,    333.815,
   36,       88.3,    180.994,     339.790,    337.944,
   37,       90.8,    180.972,     343.147,    341.927,
   38,       93.3,    180.931,     347.647,    345.765,
   39,       95.8,    180.972,     350.331,    349.460,
   40,       98.3,    180.972,     353.923,    353.012,
   41,      100.8,    180.968,     357.245,    356.425,
   42,      103.3,    180.979,     359.710,    359.698,
   43,      105.8,    181.013,     362.405,    362.836,
   44,      108.3,    180.998,     365.750,    365.839,
   45,      110.8,    181.080,     368.621,    368.712,
   46,      113.3,    181.050,     371.720,    371.456,
   47,      115.8,    181.043,     373.668,    374.074,
   48,      118.3,    181.077,     378.017,    376.570,
   49,      120.8,    180.983,     376.831,    378.946,
   50,      123.3,    180.938,     381.069,    381.206,
   51,      125.8,    180.927,     383.304,    383.354,
   52,      128.3,    180.976,     385.411,    385.392,
   53,      130.8,    181.002,     386.737,    387.323,
   54,      133.3,    181.069,     387.697,    389.153,
   55,      135.8,    181.024,     390.279,    390.883,
   56,      138.3,    181.035,     390.255,    392.517,
   57,      140.8,    181.032,     392.197,    394.060,
   58,      143.3,    181.073,     394.317,    395.513,
   59,      145.8,    181.039,     395.771,    396.881,
   60,      148.3,    180.961,     397.048,    398.166,
   61,      150.8,    181.032,     397.997,    399.373,
   62,      153.3,    181.013,     400.524,    400.503,
   63,      155.8,    180.976,     401.435,    401.561,
   64,      158.3,    180.968,     403.110,    402.549,
   65,      160.8,    181.106,     403.906,    403.470,
   66,      163.3,    181.062,     405.111,    404.327,
   67,      165.8,    181.017,     406.869,    405.123,
   68,      168.3,    181.047,     406.525,    405.860,
   69,      170.8,    181.110,     408.039,    406.542,
   70,      175.8,    179.917,     408.939,    408.815,
----,
DateTime:        , 2025/11/20, 16:42:04, 1763671324441,
RFID_EPC:        ,--Not Acquired--,
RFID_UserData:   ,--Not Acquired--,
Barcode:         ,--Not Acquired--,
PIF:,            0.00,
PARs:,            0.0,     0.0,     0.0,     0.0,     0.0,     0.0,
Light:,           0.0,     0.0,     0.0,     0.0,     0.0,     0.0,
Cycles:,            1,
                    1,      69,      70,      70,
Lamps:,        #10000,
Gain:,              2,     100, 
SNR_raw:,     270.34,
Position:,        0.0,              0.0,   NoData,
DataPt,      Time(us),   EX,         EM,       Fit,
==========,==========,==========,==========,=========,
    0,        0.0,      0.000,       0.000,    130.214,
    1,        0.8,    161.845,     132.843,    135.473,
    2,        3.3,    180.548,     143.530,    141.470,
    3,        5.8,    180.593,     153.107,    147.594,
    4,        8.3,    180.615,     158.624,    153.826,
    5,       10.8,    180.698,     162.979,    160.149,
    6,       13.3,    180.750,     168.465,    166.546,
    7,       15.8,    180.757,     174.267,    172.999,
    8,       18.3,    180.806,     180.304,    179.497,
    9,       20.8,    180.821,     185.819,    186.023,
   10,       23.3,    180.930,     191.235,    192.569,
   11,       25.8,    180.881,     199.026,    199.116,
   12,       28.3,    180.873,     203.734,    205.655,
   13,       30.8,    180.873,     210.921,    212.175,
   14,       33.3,    180.843,     217.591,    218.664,
   15,       35.8,    180.825,     222.038,    225.113,
   16,       38.3,    180.907,     229.123,    231.516,
   17,       40.8,    180.989,     237.030,    237.863,
   18,       43.3,    180.930,     242.636,    244.142,
   19,       45.8,    180.944,     248.695,    250.347,
   20,       48.3,    180.982,     254.998,    256.471,
   21,       50.8,    180.971,     262.197,    262.505,
   22,       53.3,    181.008,     269.049,    268.445,
   23,       55.8,    180.941,     273.570,    274.280,
   24,       58.3,    180.997,     279.839,    280.009,
   25,       60.8,    180.933,     286.846,    285.622,
   26,       63.3,    180.944,     291.526,    291.118,
   27,       65.8,    180.911,     297.937,    296.491,
   28,       68.3,    181.012,     302.190,    301.739,
   29,       70.8,    181.016,     307.432,    306.857,
   30,       73.3,    181.016,     312.680,    311.843,
   31,       75.8,    180.933,     317.797,    316.691,
   32,       78.3,    181.023,     322.611,    321.403,
   33,       80.8,    181.008,     326.781,    325.975,
   34,       83.3,    180.974,     331.262,    330.406,
   35,       85.8,    180.959,     337.368,    334.695,
   36,       88.3,    180.896,     339.975,    338.841,
   37,       90.8,    180.944,     343.752,    342.847,
   38,       93.3,    180.997,     348.901,    346.711,
   39,       95.8,    181.016,     351.627,    350.435,
   40,       98.3,    181.019,     354.658,    354.019,
   41,      100.8,    181.068,     357.601,    357.464,
   42,      103.3,    181.016,     361.019,    360.772,
   43,      105.8,    181.053,     363.982,    363.945,
   44,      108.3,    180.989,     366.320,    366.985,
   45,      110.8,    180.986,     369.919,    369.893,
   46,      113.3,    180.941,     371.669,    372.672,
   47,      115.8,    180.959,     374.670,    375.326,
   48,      118.3,    180.986,     378.759,    377.857,
   49,      120.8,    180.930,     379.982,    380.267,
   50,      123.3,    180.971,     381.830,    382.562,
   51,      125.8,    181.049,     384.150,    384.743,
   52,      128.3,    181.064,     385.222,    386.813,
   53,      130.8,    181.094,     387.368,    388.777,
   54,      133.3,    181.027,     389.998,    390.636,
   55,      135.8,    181.008,     391.971,    392.395,
   56,      138.3,    181.019,     393.052,    394.056,
   57,      140.8,    180.963,     395.661,    395.624,
   58,      143.3,    181.001,     396.131,    397.100,
   59,      145.8,    180.997,     399.178,    398.490,
   60,      148.3,    181.016,     399.689,    399.796,
   61,      150.8,    181.016,     400.794,    401.021,
   62,      153.3,    180.903,     402.148,    402.168,
   63,      155.8,    181.087,     403.398,    403.241,
   64,      158.3,    180.993,     405.264,    404.243,
   65,      160.8,    181.094,     405.590,    405.176,
   66,      163.3,    181.008,     406.888,    406.044,
   67,      165.8,    181.053,     408.720,    406.850,
   68,      168.3,    181.031,     409.047,    407.595,
   69,      170.8,    181.012,     409.918,    408.283,
   70,      175.8,    179.938,     409.314,    409.338,
----,
DateTime:        , 2025/11/20, 16:42:13, 1763671333166,
RFID_EPC:        ,--Not Acquired--,
RFID_UserData:   ,--Not Acquired--,
Barcode:         ,--Not Acquired--,
PIF:,            0.00,
PARs:,            0.0,     0.0,     0.0,     0.0,     0.0,     0.0,
Light:,           0.0,     0.0,     0.0,     0.0,     0.0,     0.0,
Cycles:,            1,
                    1,      69,      70,      70,
Lamps:,        #10000,
Gain:,              2,     100, 
SNR_raw:,     219.90,
Position:,        0.0,              0.0,   NoData,
DataPt,      Time(us),   EX,         EM,       Fit,
==========,==========,==========,==========,=========,
    0,        0.0,      0.000,       0.000,    134.329,
    1,        0.8,    161.907,     134.027,    139.078,
    2,        3.3,    180.649,     144.945,    144.591,
    3,        5.8,    180.637,     154.730,    150.313,
    4,        8.3,    180.607,     160.846,    156.212,
    5,       10.8,    180.682,     165.484,    162.264,
    6,       13.3,    180.708,     169.334,    168.442,
    7,       15.8,    180.750,     175.934,    174.723,
    8,       18.3,    180.776,     180.334,    181.086,
    9,       20.8,    180.821,     187.479,    187.510,
   10,       23.3,    180.851,     192.148,    193.976,
   11,       25.8,    180.892,     199.014,    200.468,
   12,       28.3,    180.929,     205.605,    206.969,
   13,       30.8,    180.839,     211.790,    213.461,
   14,       33.3,    180.903,     218.625,    219.933,
   15,       35.8,    180.851,     224.218,    226.370,
   16,       38.3,    180.862,     229.733,    232.761,
   17,       40.8,    180.910,     237.410,    239.096,
   18,       43.3,    180.869,     242.717,    245.362,
   19,       45.8,    180.888,     249.326,    251.551,
   20,       48.3,    180.914,     257.304,    257.655,
   21,       50.8,    180.978,     263.016,    263.665,
   22,       53.3,    180.967,     269.663,    269.573,
   23,       55.8,    181.023,     274.551,    275.374,
   24,       58.3,    181.019,     281.738,    281.059,
   25,       60.8,    180.978,     287.328,    286.623,
   26,       63.3,    180.952,     291.791,    292.061,
   27,       65.8,    180.929,     298.183,    297.369,
   28,       68.3,    180.881,     305.174,    302.543,
   29,       70.8,    180.940,     310.323,    307.581,
   30,       73.3,    180.914,     313.408,    312.480,
   31,       75.8,    181.049,     319.251,    317.239,
   32,       78.3,    181.053,     322.834,    321.856,
   33,       80.8,    181.034,     328.115,    326.328,
   34,       83.3,    180.978,     332.361,    330.656,
   35,       85.8,    180.963,     337.086,    334.838,
   36,       88.3,    181.045,     339.970,    338.877,
   37,       90.8,    180.967,     345.091,    342.771,
   38,       93.3,    181.041,     348.815,    346.522,
   39,       95.8,    180.989,     351.126,    350.132,
   40,       98.3,    180.944,     354.529,    353.600,
   41,      100.8,    180.974,     358.339,    356.931,
   42,      103.3,    181.034,     360.706,    360.126,
   43,      105.8,    181.000,     362.154,    363.186,
   44,      108.3,    181.053,     365.363,    366.116,
   45,      110.8,    180.974,     368.837,    368.916,
   46,      113.3,    181.011,     371.247,    371.591,
   47,      115.8,    181.045,     373.388,    374.142,
   48,      118.3,    181.034,     375.620,    376.575,
   49,      120.8,    180.948,     378.286,    378.890,
   50,      123.3,    180.970,     380.449,    381.092,
   51,      125.8,    180.967,     381.562,    383.184,
   52,      128.3,    181.026,     384.198,    385.170,
   53,      130.8,    180.989,     386.488,    387.052,
   54,      133.3,    181.023,     386.968,    388.835,
   55,      135.8,    181.015,     388.089,    390.521,
   56,      138.3,    181.000,     391.436,    392.114,
   57,      140.8,    181.094,     393.443,    393.618,
   58,      143.3,    181.011,     394.174,    395.035,
   59,      145.8,    180.978,     397.010,    396.370,
   60,      148.3,    181.079,     395.960,    397.624,
   61,      150.8,    181.000,     399.723,    398.802,
   62,      153.3,    180.963,     399.530,    399.906,
   63,      155.8,    180.993,     401.950,    400.940,
   64,      158.3,    181.000,     402.486,    401.906,
   65,      160.8,    181.045,     402.662,    402.808,
   66,      163.3,    180.997,     404.151,    403.647,
   67,      165.8,    181.015,     406.319,    404.428,
   68,      168.3,    181.056,     405.399,    405.151,
   69,      170.8,    181.109,     407.214,    405.821,
   70,      175.8,    179.908,     408.422,    408.170,
----,
DateTime:        , 2025/11/20, 16:42:22, 1763671342024,
RFID_EPC:        ,--Not Acquired--,
RFID_UserData:   ,--Not Acquired--,
Barcode:         ,--Not Acquired--,
PIF:,            0.00,
PARs:,            0.0,     0.0,     0.0,     0.0,     0.0,     0.0,
Light:,           0.0,     0.0,     0.0,     0.0,     0.0,     0.0,
Cycles:,            1,
                    1,      69,      70,      70,
Lamps:,        #10000,
Gain:,              2,     100, 
SNR_raw:,     273.30,
Position:,        0.0,              0.0,   NoData,
DataPt,      Time(us),   EX,         EM,       Fit,
==========,==========,==========,==========,=========,
    0,        0.0,      0.000,       0.000,    134.564,
    1,        0.8,    161.917,     133.711,    139.366,
    2,        3.3,    180.639,     144.899,    144.920,
    3,        5.8,    180.736,     154.922,    150.669,
    4,        8.3,    180.702,     160.208,    156.583,
    5,       10.8,    180.650,     164.406,    162.638,
    6,       13.3,    180.758,     171.500,    168.814,
    7,       15.8,    180.740,     174.837,    175.089,
    8,       18.3,    180.594,     181.623,    181.437,
    9,       20.8,    180.781,     186.967,    187.851,
   10,       23.3,    180.822,     192.731,    194.309,
   11,       25.8,    180.897,     199.285,    200.795,
   12,       28.3,    180.867,     207.058,    207.292,
   13,       30.8,    180.901,     212.824,    213.788,
   14,       33.3,    180.931,     219.421,    220.267,
   15,       35.8,    180.897,     224.714,    226.716,
   16,       38.3,    180.859,     231.672,    233.123,
   17,       40.8,    180.919,     237.951,    239.479,
   18,       43.3,    180.901,     243.780,    245.772,
   19,       45.8,    180.919,     250.388,    251.992,
   20,       48.3,    180.904,     256.766,    258.129,
   21,       50.8,    180.945,     264.168,    264.176,
   22,       53.3,    180.975,     270.202,    270.126,
   23,       55.8,    180.975,     275.728,    275.969,
   24,       58.3,    180.987,     282.065,    281.700,
   25,       60.8,    180.979,     288.155,    287.312,
   26,       63.3,    180.972,     295.350,    292.800,
   27,       65.8,    180.916,     299.035,    298.158,
   28,       68.3,    180.949,     305.058,    303.383,
   29,       70.8,    180.942,     310.321,    308.471,
   30,       73.3,    180.923,     314.498,    313.419,
   31,       75.8,    180.923,     319.197,    318.224,
   32,       78.3,    180.919,     323.901,    322.884,
   33,       80.8,    181.002,     329.831,    327.400,
   34,       83.3,    181.020,     332.283,    331.769,
   35,       85.8,    181.031,     336.129,    335.991,
   36,       88.3,    181.035,     341.094,    340.065,
   37,       90.8,    181.002,     344.748,    343.991,
   38,       93.3,    181.017,     348.311,    347.771,
   39,       95.8,    180.953,     351.473,    351.405,
   40,       98.3,    180.938,     355.370,    354.895,
   41,      100.8,    180.972,     359.725,    358.242,
   42,      103.3,    181.050,     362.883,    361.451,
   43,      105.8,    181.002,     365.190,    364.521,
   44,      108.3,    181.017,     367.370,    367.456,
   45,      110.8,    180.975,     369.664,    370.258,
   46,      113.3,    180.987,     372.403,    372.931,
   47,      115.8,    181.017,     374.551,    375.477,
   48,      118.3,    181.039,     376.438,    377.901,
   49,      120.8,    180.972,     379.617,    380.204,
   50,      123.3,    180.972,     381.551,    382.391,
   51,      125.8,    181.050,     382.767,    384.465,
   52,      128.3,    181.076,     385.197,    386.430,
   53,      130.8,    181.013,     385.884,    388.289,
   54,      133.3,    181.031,     389.435,    390.046,
   55,      135.8,    181.061,     389.647,    391.704,
   56,      138.3,    181.028,     391.929,    393.267,
   57,      140.8,    181.099,     393.984,    394.738,
   58,      143.3,    181.017,     394.715,    396.122,
   59,      145.8,    181.058,     397.111,    397.421,
   60,      148.3,    181.005,     398.331,    398.639,
   61,      150.8,    181.028,     399.939,    399.779,
   62,      153.3,    180.972,     401.168,    400.845,
   63,      155.8,    180.968,     402.281,    401.840,
   64,      158.3,    181.013,     402.182,    402.766,
   65,      160.8,    181.013,     403.839,    403.627,
   66,      163.3,    181.024,     405.195,    404.426,
   67,      165.8,    181.103,     406.952,    405.165,
   68,      168.3,    181.002,     408.008,    405.848,
   69,      170.8,    181.054,     408.994,    406.477,
   70,      175.8,    179.849,     408.360,    408.259,
----,
DateTime:        , 2025/11/20, 16:42:30, 1763671350740,
RFID_EPC:        ,--Not Acquired--,
RFID_UserData:   ,--Not Acquired--,
Barcode:         ,--Not Acquired--,
PIF:,            0.00,
PARs:,            0.0,     0.0,     0.0,     0.0,     0.0,     0.0,
Light:,           0.0,     0.0,     0.0,     0.0,     0.0,     0.0,
Cycles:,            1,
                    1,      69,      70,      70,
Lamps:,        #10000,
Gain:,              2,     100, 
SNR_raw:,     227.99,
Position:,        0.0,              0.0,   NoData,
DataPt,      Time(us),   EX,         EM,       Fit,
==========,==========,==========,==========,=========,
    0,        0.0,      0.000,       0.000,    133.654,
    1,        0.8,    161.910,     132.481,    138.540,
    2,        3.3,    180.520,     144.084,    144.151,
    3,        5.8,    180.599,     154.486,    149.925,
    4,        8.3,    180.632,     158.610,    155.841,
    5,       10.8,    180.692,     164.368,    161.880,
    6,       13.3,    180.793,     170.084,    168.026,
    7,       15.8,    180.767,     174.811,    174.258,
    8,       18.3,    180.838,     180.548,    180.563,
    9,       20.8,    180.924,     185.990,    186.925,
   10,       23.3,    180.894,     192.378,    193.327,
   11,       25.8,    180.831,     199.634,    199.753,
   12,       28.3,    180.774,     205.505,    206.191,
   13,       30.8,    180.786,     212.130,    212.628,
   14,       33.3,    180.845,     216.207,    219.056,
   15,       35.8,    180.883,     223.073,    225.461,
   16,       38.3,    180.842,     228.653,    231.829,
   17,       40.8,    181.003,     235.356,    238.156,
   18,       43.3,    180.887,     243.799,    244.424,
   19,       45.8,    180.946,     248.692,    250.629,
   20,       48.3,    180.976,     255.558,    256.759,
   21,       50.8,    181.047,     261.810,    262.809,
   22,       53.3,    180.909,     268.920,    268.763,
   23,       55.8,    180.958,     275.202,    274.621,
   24,       58.3,    180.898,     280.269,    280.371,
   25,       60.8,    180.894,     286.908,    286.009,
   26,       63.3,    181.003,     291.156,    291.533,
   27,       65.8,    180.980,     298.375,    296.932,
   28,       68.3,    180.991,     302.224,    302.205,
   29,       70.8,    180.913,     307.883,    307.344,
   30,       73.3,    180.991,     314.380,    312.349,
   31,       75.8,    180.991,     318.800,    317.215,
   32,       78.3,    180.980,     323.516,    321.941,
   33,       80.8,    180.969,     326.852,    326.523,
   34,       83.3,    180.976,     332.364,    330.961,
   35,       85.8,    180.935,     336.584,    335.252,
   36,       88.3,    181.021,     340.015,    339.399,
   37,       90.8,    180.954,     344.286,    343.398,
   38,       93.3,    181.003,     347.509,    347.252,
   39,       95.8,    181.096,     350.919,    350.962,
   40,       98.3,    181.070,     355.111,    354.528,
   41,      100.8,    181.066,     358.156,    357.950,
   42,      103.3,    181.062,     362.030,    361.232,
   43,      105.8,    181.029,     363.478,    364.373,
   44,      108.3,    180.991,     367.145,    367.378,
   45,      110.8,    180.969,     368.019,    370.249,
   46,      113.3,    180.905,     373.952,    372.987,
   47,      115.8,    180.973,     375.471,    375.597,
   48,      118.3,    181.036,     376.720,    378.083,
   49,      120.8,    180.988,     379.584,    380.445,
   50,      123.3,    181.070,     380.516,    382.690,
   51,      125.8,    181.036,     384.177,    384.818,
   52,      128.3,    181.044,     385.818,    386.835,
   53,      130.8,    180.991,     389.245,    388.742,
   54,      133.3,    181.051,     389.945,    390.545,
   55,      135.8,    180.991,     391.455,    392.247,
   56,      138.3,    180.965,     392.341,    393.851,
   57,      140.8,    181.051,     394.087,    395.360,
   58,      143.3,    181.021,     396.362,    396.779,
   59,      145.8,    180.939,     396.819,    398.111,
   60,      148.3,    180.984,     399.207,    399.359,
   61,      150.8,    181.006,     400.262,    400.527,
   62,      153.3,    181.081,     402.582,    401.617,
   63,      155.8,    181.025,     402.431,    402.635,
   64,      158.3,    181.077,     404.247,    403.581,
   65,      160.8,    181.066,     404.272,    404.460,
   66,      163.3,    181.014,     406.046,    405.275,
   67,      165.8,    181.033,     407.385,    406.029,
   68,      168.3,    180.935,     409.262,    406.724,
   69,      170.8,    181.044,     408.465,    407.363,
   70,      175.8,    179.832,     409.301,    409.019,
----,
DateTime:        , 2025/11/20, 16:42:39, 1763671359449,
RFID_EPC:        ,--Not Acquired--,
RFID_UserData:   ,--Not Acquired--,
Barcode:         ,--Not Acquired--,
PIF:,            0.00,
PARs:,            0.0,     0.0,     0.0,     0.0,     0.0,     0.0,
Light:,           0.0,     0.0,     0.0,     0.0,     0.0,     0.0,
Cycles:,            1,
                    1,      69,      70,      70,
Lamps:,        #10000,
Gain:,              2,     100, 
SNR_raw:,     255.14,
Position:,        0.0,              0.0,   NoData,
DataPt,      Time(us),   EX,         EM,       Fit,
==========,==========,==========,==========,=========,
    0,        0.0,      0.000,       0.000,    134.466,
    1,        0.8,    161.990,     133.033,    139.105,
    2,        3.3,    180.560,     144.178,    144.492,
    3,        5.8,    180.642,     154.172,    150.096,
    4,        8.3,    180.597,     158.917,    155.884,
    5,       10.8,    180.773,     164.295,    161.838,
    6,       13.3,    180.627,     169.133,    167.926,
    7,       15.8,    180.758,     175.373,    174.131,
    8,       18.3,    180.743,     180.643,    180.431,
    9,       20.8,    180.866,     186.049,    186.808,
   10,       23.3,    180.866,     191.854,    193.242,
   11,       25.8,    180.956,     198.114,    199.716,
   12,       28.3,    180.937,     204.491,    206.213,
   13,       30.8,    180.859,     211.491,    212.714,
   14,       33.3,    180.881,     216.993,    219.207,
   15,       35.8,    180.776,     224.310,    225.676,
   16,       38.3,    180.851,     229.747,    232.113,
   17,       40.8,    180.881,     236.896,    238.503,
   18,       43.3,    180.956,     243.153,    244.837,
   19,       45.8,    180.911,     250.399,    251.101,
   20,       48.3,    180.956,     256.968,    257.287,
   21,       50.8,    180.967,     263.031,    263.385,
   22,       53.3,    181.001,     268.783,    269.387,
   23,       55.8,    181.016,     274.285,    275.284,
   24,       58.3,    181.080,     280.264,    281.071,
   25,       60.8,    180.971,     287.339,    286.737,
   26,       63.3,    180.960,     292.606,    292.278,
   27,       65.8,    180.915,     299.036,    297.688,
   28,       68.3,    180.993,     304.155,    302.965,
   29,       70.8,    180.836,     309.396,    308.102,
   30,       73.3,    180.975,     313.580,    313.098,
   31,       75.8,    180.975,     319.382,    317.950,
   32,       78.3,    181.008,     323.742,    322.656,
   33,       80.8,    181.035,     327.838,    327.214,
   34,       83.3,    181.057,     333.044,    331.623,
   35,       85.8,    181.016,     337.539,    335.881,
   36,       88.3,    181.008,     340.592,    339.989,
   37,       90.8,    181.001,     344.750,    343.946,
   38,       93.3,    180.975,     347.562,    347.754,
   39,       95.8,    180.952,     352.026,    351.414,
   40,       98.3,    180.915,     354.587,    354.927,
   41,      100.8,    180.997,     357.464,    358.296,
   42,      103.3,    181.046,     361.234,    361.522,
   43,      105.8,    181.042,     363.728,    364.608,
   44,      108.3,    181.001,     367.401,    367.557,
   45,      110.8,    180.971,     371.330,    370.370,
   46,      113.3,    180.990,     371.844,    373.052,
   47,      115.8,    181.008,     374.016,    375.605,
   48,      118.3,    180.971,     377.408,    378.034,
   49,      120.8,    180.907,     380.029,    380.340,
   50,      123.3,    180.941,     381.892,    382.528,
   51,      125.8,    181.023,     383.652,    384.602,
   52,      128.3,    181.020,     385.317,    386.565,
   53,      130.8,    181.023,     388.900,    388.421,
   54,      133.3,    181.050,     389.396,    390.174,
   55,      135.8,    181.023,     390.005,    391.826,
   56,      138.3,    181.035,     392.466,    393.383,
   57,      140.8,    181.136,     393.352,    394.847,
   58,      143.3,    181.012,     395.830,    396.222,
   59,      145.8,    180.975,     395.359,    397.513,
   60,      148.3,    180.945,     398.188,    398.721,
   61,      150.8,    181.008,     399.981,    399.851,
   62,      153.3,    180.960,     400.641,    400.907,
   63,      155.8,    181.038,     402.401,    401.890,
   64,      158.3,    180.964,     403.120,    402.804,
   65,      160.8,    181.042,     403.774,    403.653,
   66,      163.3,    181.065,     404.828,    404.439,
   67,      165.8,    181.027,     405.188,    405.166,
   68,      168.3,    181.038,     406.820,    405.836,
   69,      170.8,    181.012,     407.984,    406.453,
   70,      175.8,    179.886,     409.173,    408.815,
----,
DateTime:        , 2025/11/20, 16:42:48, 1763671368223,
RFID_EPC:        ,--Not Acquired--,
RFID_UserData:   ,--Not Acquired--,
Barcode:         ,--Not Acquired--,
PIF:,            0.00,
PARs:,            0.0,     0.0,     0.0,     0.0,     0.0,     0.0,
Light:,           0.0,     0.0,     0.0,     0.0,     0.0,     0.0,
Cycles:,            1,
                    1,      69,      70,      70,
Lamps:,        #10000,
Gain:,              2,     100, 
SNR_raw:,     187.03,
Position:,        0.0,              0.0,   NoData,
DataPt,      Time(us),   EX,         EM,       Fit,
==========,==========,==========,==========,=========,
    0,        0.0,      0.000,       0.000,    132.492,
    1,        0.8,    161.862,     132.829,    137.399,
    2,        3.3,    180.491,     143.934,    143.073,
    3,        5.8,    180.655,     153.884,    148.946,
    4,        8.3,    180.659,     159.416,    154.984,
    5,       10.8,    180.790,     162.343,    161.162,
    6,       13.3,    180.842,     168.379,    167.452,
    7,       15.8,    180.850,     174.454,    173.831,
    8,       18.3,    180.831,     180.002,    180.275,
    9,       20.8,    180.790,     186.128,    186.765,
   10,       23.3,    180.846,     191.323,    193.287,
   11,       25.8,    180.775,     198.866,    199.819,
   12,       28.3,    180.681,     203.950,    206.346,
   13,       30.8,    180.839,     209.856,    212.862,
   14,       33.3,    180.835,     216.496,    219.348,
   15,       35.8,    180.943,     223.274,    225.797,
   16,       38.3,    180.951,     227.963,    232.194,
   17,       40.8,    181.041,     234.202,    238.531,
   18,       43.3,    181.011,     243.356,    244.795,
   19,       45.8,    180.932,     247.607,    250.976,
   20,       48.3,    180.999,     255.802,    257.071,
   21,       50.8,    180.947,     260.573,    263.068,
   22,       53.3,    180.962,     268.012,    268.963,
   23,       55.8,    180.898,     273.911,    274.747,
   24,       58.3,    180.977,     279.317,    280.418,
   25,       60.8,    180.932,     284.361,    285.968,
   26,       63.3,    180.999,     291.990,    291.396,
   27,       65.8,    181.007,     296.674,    296.695,
   28,       68.3,    180.996,     302.493,    301.863,
   29,       70.8,    180.992,     306.367,    306.897,
   30,       73.3,    180.970,     313.865,    311.793,
   31,       75.8,    180.973,     317.727,    316.550,
   32,       78.3,    180.940,     322.207,    321.167,
   33,       80.8,    180.951,     327.990,    325.643,
   34,       83.3,    180.984,     331.796,    329.977,
   35,       85.8,    180.962,     336.811,    334.169,
   36,       88.3,    180.977,     338.993,    338.219,
   37,       90.8,    181.029,     342.486,    342.129,
   38,       93.3,    180.999,     347.239,    345.897,
   39,       95.8,    181.037,     350.757,    349.527,
   40,       98.3,    180.973,     353.367,    353.017,
   41,      100.8,    181.007,     357.445,    356.372,
   42,      103.3,    180.887,     361.551,    359.591,
   43,      105.8,    181.003,     363.253,    362.678,
   44,      108.3,    180.936,     365.876,    365.635,
   45,      110.8,    180.988,     369.085,    368.466,
   46,      113.3,    180.992,     371.563,    371.171,
   47,      115.8,    181.003,     373.750,    373.755,
   48,      118.3,    181.029,     375.906,    376.219,
   49,      120.8,    181.022,     377.855,    378.568,
   50,      123.3,    181.014,     380.909,    380.804,
   51,      125.8,    181.026,     381.990,    382.930,
   52,      128.3,    181.037,     384.728,    384.949,
   53,      130.8,    180.973,     384.864,    386.865,
   54,      133.3,    180.925,     388.007,    388.682,
   55,      135.8,    181.018,     389.188,    390.401,
   56,      138.3,    181.033,     392.746,    392.027,
   57,      140.8,    181.044,     393.550,    393.563,
   58,      143.3,    181.041,     394.111,    395.012,
   59,      145.8,    181.029,     396.345,    396.377,
   60,      148.3,    181.052,     396.848,    397.662,
   61,      150.8,    180.992,     399.189,    398.869,
   62,      153.3,    181.048,     399.618,    400.001,
   63,      155.8,    181.104,     400.046,    401.062,
   64,      158.3,    181.104,     401.979,    402.054,
   65,      160.8,    181.007,     404.404,    402.980,
   66,      163.3,    180.947,     403.986,    403.844,
   67,      165.8,    180.977,     405.024,    404.647,
   68,      168.3,    180.981,     408.331,    405.393,
   69,      170.8,    180.970,     406.975,    406.083,
   70,      175.8,    179.881,     408.143,    408.043,
----,
DateTime:        , 2025/11/20, 16:42:57, 1763671376975,
RFID_EPC:        ,--Not Acquired--,
RFID_UserData:   ,--Not Acquired--,
Barcode:         ,--Not Acquired--,
PIF:,            0.00,
PARs:,            0.0,     0.0,     0.0,     0.0,     0.0,     0.0,
Light:,           0.0,     0.0,     0.0,     0.0,     0.0,     0.0,
Cycles:,            1,
                    1,      69,      70,      70,
Lamps:,        #10000,
Gain:,              2,     100, 
SNR_raw:,     282.86,
Position:,        0.0,              0.0,   NoData,
DataPt,      Time(us),   EX,         EM,       Fit,
==========,==========,==========,==========,=========,
    0,        0.0,      0.000,       0.000,    134.758,
    1,        0.8,    161.846,     135.314,    139.523,
    2,        3.3,    180.593,     145.710,    145.053,
    3,        5.8,    180.616,     155.025,    150.789,
    4,        8.3,    180.627,     159.721,    156.700,
    5,       10.8,    180.650,     164.683,    162.757,
    6,       13.3,    180.650,     170.219,    168.936,
    7,       15.8,    180.938,     175.751,    175.220,
    8,       18.3,    180.825,     180.561,    181.578,
    9,       20.8,    180.833,     188.572,    187.992,
   10,       23.3,    180.911,     192.912,    194.448,
   11,       25.8,    180.822,     200.750,    200.924,
   12,       28.3,    180.837,     206.540,    207.407,
   13,       30.8,    180.769,     212.149,    213.880,
   14,       33.3,    180.855,     218.407,    220.335,
   15,       35.8,    180.788,     225.126,    226.755,
   16,       38.3,    180.863,     230.009,    233.133,
   17,       40.8,    180.938,     236.546,    239.458,
   18,       43.3,    180.960,     243.700,    245.719,
   19,       45.8,    180.863,     250.466,    251.903,
   20,       48.3,    180.938,     255.889,    258.006,
   21,       50.8,    181.016,     262.684,    264.020,
   22,       53.3,    180.960,     268.844,    269.935,
   23,       55.8,    180.915,     275.267,    275.745,
   24,       58.3,    180.908,     282.188,    281.444,
   25,       60.8,    180.938,     287.392,    287.027,
   26,       63.3,    180.897,     294.091,    292.489,
   27,       65.8,    180.889,     298.802,    297.825,
   28,       68.3,    180.953,     305.052,    303.033,
   29,       70.8,    181.027,     309.345,    308.110,
   30,       73.3,    180.986,     314.665,    313.050,
   31,       75.8,    181.039,     318.440,    317.854,
   32,       78.3,    181.072,     323.904,    322.519,
   33,       80.8,    181.009,     328.713,    327.042,
   34,       83.3,    180.934,     333.271,    331.421,
   35,       85.8,    180.975,     336.510,    335.658,
   36,       88.3,    181.001,     339.777,    339.753,
   37,       90.8,    180.998,     345.309,    343.706,
   38,       93.3,    181.016,     348.035,    347.516,
   39,       95.8,    180.964,     351.728,    351.185,
   40,       98.3,    181.024,     354.650,    354.715,
   41,      100.8,    181.005,     358.277,    358.107,
   42,      103.3,    180.986,     361.353,    361.362,
   43,      105.8,    180.990,     365.490,    364.482,
   44,      108.3,    181.035,     367.609,    367.471,
   45,      110.8,    180.983,     370.201,    370.330,
   46,      113.3,    180.956,     373.018,    373.061,
   47,      115.8,    181.020,     375.373,    375.669,
   48,      118.3,    180.979,     377.392,    378.155,
   49,      120.8,    180.926,     379.712,    380.522,
   50,      123.3,    181.009,     382.302,    382.775,
   51,      125.8,    181.057,     384.132,    384.916,
   52,      128.3,    181.106,     385.962,    386.949,
   53,      130.8,    181.072,     387.414,    388.876,
   54,      133.3,    181.091,     388.479,    390.701,
   55,      135.8,    181.042,     390.792,    392.427,
   56,      138.3,    181.012,     392.514,    394.058,
   57,      140.8,    180.994,     393.936,    395.597,
   58,      143.3,    180.930,     396.285,    397.047,
   59,      145.8,    181.080,     398.995,    398.411,
   60,      148.3,    181.012,     398.591,    399.694,
   61,      150.8,    181.084,     399.815,    400.897,
   62,      153.3,    181.072,     402.049,    402.025,
   63,      155.8,    181.054,     403.748,    403.080,
   64,      158.3,    181.042,     404.601,    404.064,
   65,      160.8,    181.087,     405.329,    404.982,
   66,      163.3,    181.016,     407.974,    405.837,
   67,      165.8,    181.072,     407.572,    406.629,
   68,      168.3,    181.020,     408.242,    407.364,
   69,      170.8,    180.956,     410.044,    408.042,
   70,      175.8,    179.868,     409.962,    409.967,
----,
DateTime:        , 2025/11/20, 16:43:05, 1763671385710,
RFID_EPC:        ,--Not Acquired--,
RFID_UserData:   ,--Not Acquired--,
Barcode:         ,--Not Acquired--,
PIF:,            0.00,
PARs:,            0.0,     0.0,     0.0,     0.0,     0.0,     0.0,
Light:,           0.0,     0.0,     0.0,     0.0,     0.0,     0.0,
Cycles:,            1,
                    1,      69,      70,      70,
Lamps:,        #10000,
Gain:,              2,     100, 
SNR_raw:,     314.51,
Position:,        0.0,              0.0,   NoData,
DataPt,      Time(us),   EX,         EM,       Fit,
==========,==========,==========,==========,=========,
    0,        0.0,      0.000,       0.000,    134.891,
    1,        0.8,    161.868,     134.678,    139.504,
    2,        3.3,    180.655,     145.530,    144.871,
    3,        5.8,    180.674,     155.252,    150.453,
    4,        8.3,    180.741,     159.344,    156.221,
    5,       10.8,    180.692,     164.368,    162.144,
    6,       13.3,    180.801,     168.971,    168.201,
    7,       15.8,    180.733,     174.290,    174.366,
    8,       18.3,    180.677,     180.709,    180.617,
    9,       20.8,    180.752,     186.720,    186.938,
   10,       23.3,    180.760,     191.414,    193.309,
   11,       25.8,    180.849,     199.337,    199.716,
   12,       28.3,    180.771,     205.232,    206.139,
   13,       30.8,    180.958,     211.375,    212.568,
   14,       33.3,    180.868,     217.009,    218.985,
   15,       35.8,    180.853,     223.109,    225.377,
   16,       38.3,    180.939,     228.806,    231.735,
   17,       40.8,    180.999,     235.360,    238.047,
   18,       43.3,    180.868,     242.995,    244.297,
   19,       45.8,    180.861,     248.810,    250.480,
   20,       48.3,    180.917,     255.366,    256.587,
   21,       50.8,    180.935,     260.590,    262.608,
   22,       53.3,    180.913,     268.638,    268.536,
   23,       55.8,    180.898,     274.741,    274.362,
   24,       58.3,    180.969,     279.882,    280.081,
   25,       60.8,    181.025,     287.253,    285.689,
   26,       63.3,    180.988,     292.285,    291.176,
   27,       65.8,    181.059,     297.693,    296.541,
   28,       68.3,    181.048,     301.854,    301.776,
   29,       70.8,    180.947,     308.931,    306.878,
   30,       73.3,    180.988,     313.281,    311.844,
   31,       75.8,    180.962,     318.023,    316.672,
   32,       78.3,    180.965,     323.266,    321.359,
   33,       80.8,    180.909,     327.236,    325.902,
   34,       83.3,    180.980,     332.357,    330.304,
   35,       85.8,    181.048,     335.271,    334.562,
   36,       88.3,    181.059,     339.392,    338.675,
   37,       90.8,    181.010,     343.903,    342.643,
   38,       93.3,    181.044,     347.430,    346.468,
   39,       95.8,    181.036,     350.758,    350.149,
   40,       98.3,    181.021,     353.826,    353.688,
   41,      100.8,    180.958,     357.266,    357.085,
   42,      103.3,    180.999,     360.776,    360.345,
   43,      105.8,    180.962,     362.784,    363.467,
   44,      108.3,    180.917,     365.362,    366.454,
   45,      110.8,    181.078,     367.798,    369.311,
   46,      113.3,    181.025,     370.390,    372.038,
   47,      115.8,    181.010,     374.012,    374.639,
   48,      118.3,    181.059,     375.845,    377.117,
   49,      120.8,    181.092,     377.431,    379.475,
   50,      123.3,    180.969,     380.176,    381.716,
   51,      125.8,    180.995,     382.607,    383.843,
   52,      128.3,    181.036,     385.005,    385.860,
   53,      130.8,    180.969,     386.806,    387.771,
   54,      133.3,    181.006,     388.936,    389.578,
   55,      135.8,    180.984,     390.366,    391.286,
   56,      138.3,    180.969,     391.780,    392.897,
   57,      140.8,    181.040,     393.007,    394.416,
   58,      143.3,    181.089,     395.386,    395.845,
   59,      145.8,    181.036,     397.158,    397.189,
   60,      148.3,    181.063,     397.653,    398.450,
   61,      150.8,    181.096,     398.959,    399.631,
   62,      153.3,    181.040,     401.292,    400.737,
   63,      155.8,    180.958,     402.027,    401.770,
   64,      158.3,    180.935,     402.906,    402.734,
   65,      160.8,    180.965,     403.669,    403.630,
   66,      163.3,    180.887,     404.950,    404.463,
   67,      165.8,    180.999,     406.080,    405.234,
   68,      168.3,    181.074,     406.188,    405.947,
   69,      170.8,    181.044,     409.017,    406.605,
   70,      175.8,    179.907,     408.569,    408.562,
----,
DateTime:        , 2025/11/20, 16:43:14, 1763671394479,
RFID_EPC:        ,--Not Acquired--,
RFID_UserData:   ,--Not Acquired--,
Barcode:         ,--Not Acquired--,
PIF:,            0.00,
PARs:,            0.0,     0.0,     0.0,     0.0,     0.0,     0.0,
Light:,           0.0,     0.0,     0.0,     0.0,     0.0,     0.0,
Cycles:,            1,
                    1,      69,      70,      70,
Lamps:,        #10000,
Gain:,              2,     100, 
SNR_raw:,     230.22,
Position:,        0.0,              0.0,   NoData,
DataPt,      Time(us),   EX,         EM,       Fit,
==========,==========,==========,==========,=========,
    0,        0.0,      0.000,       0.000,    132.541,
    1,        0.8,    161.841,     132.229,    137.534,
    2,        3.3,    180.692,     144.082,    143.282,
    3,        5.8,    180.673,     154.699,    149.195,
    4,        8.3,    180.711,     159.371,    155.251,
    5,       10.8,    180.801,     163.163,    161.428,
    6,       13.3,    180.801,     170.353,    167.701,
    7,       15.8,    180.767,     175.641,    174.050,
    8,       18.3,    180.741,     181.475,    180.456,
    9,       20.8,    180.838,     187.184,    186.907,
   10,       23.3,    180.853,     191.592,    193.385,
   11,       25.8,    180.808,     198.553,    199.872,
   12,       28.3,    180.793,     204.377,    206.357,
   13,       30.8,    180.827,     209.593,    212.828,
   14,       33.3,    180.950,     217.463,    219.275,
   15,       35.8,    180.909,     223.317,    225.683,
   16,       38.3,    180.984,     227.368,    232.046,
   17,       40.8,    180.928,     234.900,    238.348,
   18,       43.3,    180.976,     242.297,    244.585,
   19,       45.8,    180.924,     249.000,    250.744,
   20,       48.3,    180.905,     255.106,    256.820,
   21,       50.8,    180.778,     260.540,    262.802,
   22,       53.3,    180.890,     267.289,    268.689,
   23,       55.8,    180.823,     273.195,    274.471,
   24,       58.3,    180.999,     278.455,    280.148,
   25,       60.8,    180.995,     286.472,    285.710,
   26,       63.3,    180.973,     291.757,    291.153,
   27,       65.8,    181.025,     297.749,    296.474,
   28,       68.3,    181.010,     303.298,    301.668,
   29,       70.8,    180.924,     308.693,    306.730,
   30,       73.3,    180.902,     313.707,    311.659,
   31,       75.8,    180.935,     316.412,    316.454,
   32,       78.3,    180.917,     323.354,    321.112,
   33,       80.8,    180.969,     326.299,    325.633,
   34,       83.3,    180.935,     332.716,    330.015,
   35,       85.8,    180.995,     335.921,    334.258,
   36,       88.3,    180.984,     338.152,    338.361,
   37,       90.8,    180.935,     344.322,    342.324,
   38,       93.3,    181.003,     347.785,    346.149,
   39,       95.8,    181.036,     350.206,    349.837,
   40,       98.3,    180.976,     354.190,    353.386,
   41,      100.8,    180.984,     356.938,    356.801,
   42,      103.3,    180.999,     360.500,    360.081,
   43,      105.8,    180.973,     362.486,    363.229,
   44,      108.3,    181.025,     366.248,    366.248,
   45,      110.8,    180.961,     367.758,    369.139,
   46,      113.3,    181.074,     371.396,    371.905,
   47,      115.8,    181.066,     373.896,    374.549,
   48,      118.3,    181.029,     377.288,    377.073,
   49,      120.8,    181.089,     377.716,    379.480,
   50,      123.3,    181.062,     381.084,    381.773,
   51,      125.8,    180.984,     383.183,    383.954,
   52,      128.3,    181.047,     385.534,    386.028,
   53,      130.8,    180.976,     387.343,    387.998,
   54,      133.3,    181.010,     390.034,    389.865,
   55,      135.8,    180.958,     390.699,    391.635,
   56,      138.3,    180.946,     392.934,    393.309,
   57,      140.8,    181.066,     393.779,    394.891,
   58,      143.3,    180.995,     395.315,    396.385,
   59,      145.8,    181.021,     397.191,    397.793,
   60,      148.3,    181.066,     397.645,    399.118,
   61,      150.8,    181.074,     400.942,    400.365,
   62,      153.3,    181.021,     401.058,    401.534,
   63,      155.8,    180.995,     403.326,    402.631,
   64,      158.3,    181.010,     404.121,    403.657,
   65,      160.8,    181.066,     405.377,    404.615,
   66,      163.3,    180.984,     405.561,    405.509,
   67,      165.8,    180.976,     407.788,    406.340,
   68,      168.3,    181.018,     407.972,    407.112,
   69,      170.8,    181.051,     407.896,    407.827,
   70,      175.8,    179.948,     409.930,    409.725,
----,
DateTime:        , 2025/11/20, 16:43:23, 1763671403332,
RFID_EPC:        ,--Not Acquired--,
RFID_UserData:   ,--Not Acquired--,
Barcode:         ,--Not Acquired--,
PIF:,            0.00,
PARs:,            0.0,     0.0,     0.0,     0.0,     0.0,     0.0,
Light:,           0.0,     0.0,     0.0,     0.0,     0.0,     0.0,
Cycles:,            1,
                    1,      69,      70,      70,
Lamps:,        #10000,
Gain:,              2,     100, 
SNR_raw:,     261.08,
Position:,        0.0,              0.0,   NoData,
DataPt,      Time(us),   EX,         EM,       Fit,
==========,==========,==========,==========,=========,
    0,        0.0,      0.000,       0.000,    135.065,
    1,        0.8,    161.849,     133.767,    139.706,
    2,        3.3,    180.599,     144.973,    145.103,
    3,        5.8,    180.629,     155.014,    150.715,
    4,        8.3,    180.674,     159.680,    156.513,
    5,       10.8,    180.682,     164.654,    162.466,
    6,       13.3,    180.801,     170.629,    168.553,
    7,       15.8,    180.835,     176.404,    174.748,
    8,       18.3,    180.771,     181.168,    181.026,
    9,       20.8,    180.719,     187.031,    187.367,
   10,       23.3,    180.745,     192.536,    193.754,
   11,       25.8,    180.790,     198.573,    200.171,
   12,       28.3,    180.843,     204.874,    206.601,
   13,       30.8,    180.820,     212.089,    213.028,
   14,       33.3,    180.917,     219.437,    219.441,
   15,       35.8,    180.932,     223.564,    225.823,
   16,       38.3,    180.914,     229.668,    232.163,
   17,       40.8,    180.947,     236.257,    238.450,
   18,       43.3,    180.962,     242.868,    244.673,
   19,       45.8,    180.914,     249.843,    250.821,
   20,       48.3,    180.880,     256.247,    256.886,
   21,       50.8,    180.872,     262.892,    262.860,
   22,       53.3,    180.988,     267.697,    268.738,
   23,       55.8,    180.895,     275.298,    274.508,
   24,       58.3,    180.932,     279.939,    280.168,
   25,       60.8,    180.944,     287.106,    285.711,
   26,       63.3,    181.003,     291.431,    291.134,
   27,       65.8,    180.981,     297.269,    296.429,
   28,       68.3,    181.037,     303.253,    301.596,
   29,       70.8,    180.988,     308.583,    306.629,
   30,       73.3,    181.104,     313.355,    311.527,
   31,       75.8,    181.045,     317.049,    316.287,
   32,       78.3,    180.940,     322.759,    320.906,
   33,       80.8,    180.970,     326.298,    325.384,
   34,       83.3,    180.929,     331.623,    329.720,
   35,       85.8,    180.970,     335.415,    333.915,
   36,       88.3,    180.992,     339.241,    337.968,
   37,       90.8,    181.011,     342.797,    341.880,
   38,       93.3,    181.018,     346.097,    345.652,
   39,       95.8,    181.037,     350.481,    349.284,
   40,       98.3,    181.071,     353.177,    352.778,
   41,      100.8,    180.974,     356.129,    356.136,
   42,      103.3,    180.996,     360.505,    359.359,
   43,      105.8,    180.977,     361.648,    362.450,
   44,      108.3,    181.033,     365.678,    365.412,
   45,      110.8,    180.974,     367.457,    368.246,
   46,      113.3,    180.985,     371.578,    370.956,
   47,      115.8,    181.071,     373.335,    373.544,
   48,      118.3,    180.992,     375.154,    376.013,
   49,      120.8,    181.075,     376.641,    378.367,
   50,      123.3,    180.992,     380.679,    380.609,
   51,      125.8,    181.060,     381.090,    382.741,
   52,      128.3,    180.981,     384.571,    384.767,
   53,      130.8,    181.052,     387.458,    386.691,
   54,      133.3,    180.959,     388.210,    388.515,
   55,      135.8,    181.007,     388.935,    390.243,
   56,      138.3,    180.988,     390.909,    391.878,
   57,      140.8,    180.985,     393.956,    393.423,
   58,      143.3,    180.981,     393.411,    394.882,
   59,      145.8,    181.078,     396.238,    396.258,
   60,      148.3,    181.089,     396.489,    397.553,
   61,      150.8,    181.052,     398.780,    398.772,
   62,      153.3,    181.026,     399.943,    399.917,
   63,      155.8,    181.067,     401.509,    400.991,
   64,      158.3,    181.018,     401.893,    401.997,
   65,      160.8,    180.959,     404.236,    402.938,
   66,      163.3,    181.000,     404.144,    403.817,
   67,      165.8,    180.985,     404.730,    404.636,
   68,      168.3,    180.977,     408.615,    405.398,
   69,      170.8,    180.940,     407.318,    406.106,
   70,      175.8,    179.975,     408.973,    408.656,
----,
DateTime:        , 2025/11/20, 16:43:32, 1763671412136,
RFID_EPC:        ,--Not Acquired--,
RFID_UserData:   ,--Not Acquired--,
Barcode:         ,--Not Acquired--,
PIF:,            0.00,
PARs:,            0.0,     0.0,     0.0,     0.0,     0.0,     0.0,
Light:,           0.0,     0.0,     0.0,     0.0,     0.0,     0.0,
Cycles:,            1,
                    1,      69,      70,      70,
Lamps:,        #10000,
Gain:,              2,     100, 
SNR_raw:,     233.76,
Position:,        0.0,              0.0,   NoData,
DataPt,      Time(us),   EX,         EM,       Fit,
==========,==========,==========,==========,=========,
    0,        0.0,      0.000,       0.000,    132.651,
    1,        0.8,    161.781,     132.896,    137.739,
    2,        3.3,    180.465,     145.133,    143.575,
    3,        5.8,    180.664,     156.091,    149.572,
    4,        8.3,    180.750,     160.166,    155.702,
    5,       10.8,    180.731,     165.163,    161.938,
    6,       13.3,    180.742,     169.302,    168.261,
    7,       15.8,    180.780,     175.075,    174.652,
    8,       18.3,    180.735,     181.205,    181.092,
    9,       20.8,    180.798,     187.225,    187.567,
   10,       23.3,    180.795,     194.143,    194.059,
   11,       25.8,    180.806,     198.832,    200.556,
   12,       28.3,    180.836,     204.329,    207.045,
   13,       30.8,    180.817,     211.263,    213.511,
   14,       33.3,    180.862,     217.846,    219.947,
   15,       35.8,    180.903,     223.324,    226.339,
   16,       38.3,    180.948,     231.006,    232.680,
   17,       40.8,    180.959,     235.965,    238.959,
   18,       43.3,    180.929,     242.636,    245.166,
   19,       45.8,    180.925,     248.998,    251.294,
   20,       48.3,    180.940,     255.885,    257.336,
   21,       50.8,    180.828,     262.404,    263.282,
   22,       53.3,    180.911,     266.706,    269.131,
   23,       55.8,    180.877,     273.943,    274.874,
   24,       58.3,    180.963,     279.339,    280.509,
   25,       60.8,    180.978,     286.223,    286.029,
   26,       63.3,    181.034,     292.210,    291.431,
   27,       65.8,    181.053,     296.599,    296.711,
   28,       68.3,    180.985,     303.892,    301.863,
   29,       70.8,    181.034,     308.229,    306.887,
   30,       73.3,    181.004,     312.148,    311.780,
   31,       75.8,    180.963,     316.640,    316.538,
   32,       78.3,    180.933,     322.495,    321.161,
   33,       80.8,    180.914,     326.674,    325.648,
   34,       83.3,    180.955,     330.468,    330.000,
   35,       85.8,    180.918,     336.064,    334.213,
   36,       88.3,    180.982,     338.708,    338.291,
   37,       90.8,    181.012,     343.348,    342.233,
   38,       93.3,    181.075,     345.713,    346.039,
   39,       95.8,    181.041,     351.025,    349.709,
   40,       98.3,    181.071,     354.556,    353.246,
   41,      100.8,    181.045,     357.922,    356.650,
   42,      103.3,    181.041,     360.415,    359.923,
   43,      105.8,    181.041,     362.900,    363.067,
   44,      108.3,    181.019,     365.984,    366.084,
   45,      110.8,    180.948,     368.891,    368.975,
   46,      113.3,    180.982,     372.414,    371.744,
   47,      115.8,    180.993,     375.429,    374.393,
   48,      118.3,    181.068,     375.826,    376.926,
   49,      120.8,    181.094,     377.981,    379.344,
   50,      123.3,    181.056,     380.821,    381.650,
   51,      125.8,    181.030,     383.638,    383.847,
   52,      128.3,    181.064,     385.499,    385.939,
   53,      130.8,    181.026,     388.341,    387.927,
   54,      133.3,    181.008,     390.591,    389.816,
   55,      135.8,    180.993,     390.623,    391.608,
   56,      138.3,    180.967,     392.890,    393.306,
   57,      140.8,    180.937,     393.231,    394.914,
   58,      143.3,    180.974,     396.742,    396.434,
   59,      145.8,    181.109,     396.723,    397.869,
   60,      148.3,    181.015,     398.309,    399.223,
   61,      150.8,    181.056,     399.875,    400.499,
   62,      153.3,    181.053,     401.541,    401.698,
   63,      155.8,    181.019,     402.996,    402.825,
   64,      158.3,    181.045,     403.214,    403.882,
   65,      160.8,    180.985,     404.729,    404.871,
   66,      163.3,    180.944,     405.650,    405.796,
   67,      165.8,    180.937,     407.048,    406.659,
   68,      168.3,    181.023,     406.579,    407.463,
   69,      170.8,    181.041,     409.299,    408.209,
   70,      175.8,    179.990,     410.627,    410.242,
----,
DateTime:        , 2025/11/20, 16:43:41, 1763671420907,
RFID_EPC:        ,--Not Acquired--,
RFID_UserData:   ,--Not Acquired--,
Barcode:         ,--Not Acquired--,
PIF:,            0.00,
PARs:,            0.0,     0.0,     0.0,     0.0,     0.0,     0.0,
Light:,           0.0,     0.0,     0.0,     0.0,     0.0,     0.0,
Cycles:,            1,
                    1,      69,      70,      70,
Lamps:,        #10000,
Gain:,              2,     100, 
SNR_raw:,     230.34,
Position:,        0.0,              0.0,   NoData,
DataPt,      Time(us),   EX,         EM,       Fit,
==========,==========,==========,==========,=========,
    0,        0.0,      0.000,       0.000,    135.947,
    1,        0.8,    161.721,     135.418,    140.533,
    2,        3.3,    180.584,     146.070,    145.873,
    3,        5.8,    180.581,     155.609,    151.427,
    4,        8.3,    180.704,     158.823,    157.168,
    5,       10.8,    180.749,     165.976,    163.067,
    6,       13.3,    180.824,     171.161,    169.100,
    7,       15.8,    180.768,     175.916,    175.240,
    8,       18.3,    180.917,     181.575,    181.472,
    9,       20.8,    180.839,     187.736,    187.769,
   10,       23.3,    180.835,     193.823,    194.115,
   11,       25.8,    180.708,     199.493,    200.490,
   12,       28.3,    180.865,     206.231,    206.886,
   13,       30.8,    180.772,     211.316,    213.281,
   14,       33.3,    180.828,     217.611,    219.665,
   15,       35.8,    180.809,     222.611,    226.024,
   16,       38.3,    180.899,     230.516,    232.348,
   17,       40.8,    180.992,     237.303,    238.626,
   18,       43.3,    180.951,     242.054,    244.844,
   19,       45.8,    181.015,     249.980,    250.996,
   20,       48.3,    180.977,     256.386,    257.068,
   21,       50.8,    180.932,     263.082,    263.054,
   22,       53.3,    180.947,     268.586,    268.946,
   23,       55.8,    180.977,     275.173,    274.738,
   24,       58.3,    180.959,     279.898,    280.423,
   25,       60.8,    180.970,     286.512,    285.994,
   26,       63.3,    180.944,     291.527,    291.446,
   27,       65.8,    180.992,     297.527,    296.776,
   28,       68.3,    180.989,     303.058,    301.978,
   29,       70.8,    180.940,     307.008,    307.048,
   30,       73.3,    181.097,     313.920,    311.988,
   31,       75.8,    180.996,     317.134,    316.788,
   32,       78.3,    180.974,     322.423,    321.450,
   33,       80.8,    181.063,     328.062,    325.972,
   34,       83.3,    180.977,     332.086,    330.353,
   35,       85.8,    181.007,     334.793,    334.591,
   36,       88.3,    180.966,     340.395,    338.687,
   37,       90.8,    181.018,     343.335,    342.641,
   38,       93.3,    181.000,     347.238,    346.453,
   39,       95.8,    181.093,     350.372,    350.126,
   40,       98.3,    181.026,     354.369,    353.658,
   41,      100.8,    181.048,     357.363,    357.053,
   42,      103.3,    180.936,     360.348,    360.311,
   43,      105.8,    181.097,     362.789,    363.435,
   44,      108.3,    180.992,     365.209,    366.427,
   45,      110.8,    181.000,     368.509,    369.290,
   46,      113.3,    180.947,     371.102,    372.026,
   47,      115.8,    180.974,     373.535,    374.638,
   48,      118.3,    180.996,     377.080,    377.129,
   49,      120.8,    181.037,     378.652,    379.503,
   50,      123.3,    181.003,     380.103,    381.761,
   51,      125.8,    181.041,     381.682,    383.909,
   52,      128.3,    181.011,     383.678,    385.948,
   53,      130.8,    181.003,     387.285,    387.882,
   54,      133.3,    181.026,     387.790,    389.714,
   55,      135.8,    180.824,     390.435,    391.449,
   56,      138.3,    180.985,     392.298,    393.088,
   57,      140.8,    181.015,     392.786,    394.637,
   58,      143.3,    180.955,     395.955,    396.097,
   59,      145.8,    180.970,     395.922,    397.472,
   60,      148.3,    181.033,     397.717,    398.765,
   61,      150.8,    181.030,     399.106,    399.981,
   62,      153.3,    181.105,     401.150,    401.120,
   63,      155.8,    181.048,     400.998,    402.188,
   64,      158.3,    181.030,     404.906,    403.187,
   65,      160.8,    181.119,     403.601,    404.119,
   66,      163.3,    181.022,     406.028,    404.988,
   67,      165.8,    180.929,     406.237,    405.797,
   68,      168.3,    180.974,     408.347,    406.548,
   69,      170.8,    180.959,     408.104,    407.244,
   70,      175.8,    179.885,     409.448,    409.344,
----,
DateTime:        , 2025/11/20, 16:43:49, 1763671429700,
RFID_EPC:        ,--Not Acquired--,
RFID_UserData:   ,--Not Acquired--,
Barcode:         ,--Not Acquired--,
PIF:,            0.00,
PARs:,            0.0,     0.0,     0.0,     0.0,     0.0,     0.0,
Light:,           0.0,     0.0,     0.0,     0.0,     0.0,     0.0,
Cycles:,            1,
                    1,      69,      70,      70,
Lamps:,        #10000,
Gain:,              2,     100, 
SNR_raw:,     219.96,
Position:,        0.0,              0.0,   NoData,
DataPt,      Time(us),   EX,         EM,       Fit,
==========,==========,==========,==========,=========,
    0,        0.0,      0.000,       0.000,    132.619,
    1,        0.8,    161.900,     134.342,    138.043,
    2,        3.3,    180.632,     145.660,    144.177,
    3,        5.8,    180.677,     155.803,    150.391,
    4,        8.3,    180.640,     161.094,    156.670,
    5,       10.8,    180.715,     165.454,    163.006,
    6,       13.3,    180.715,     170.988,    169.385,
    7,       15.8,    180.681,     176.001,    175.797,
    8,       18.3,    180.767,     181.173,    182.236,
    9,       20.8,    180.816,     188.037,    188.690,
   10,       23.3,    180.868,     192.406,    195.150,
   11,       25.8,    180.819,     198.541,    201.604,
   12,       28.3,    180.864,     205.956,    208.045,
   13,       30.8,    180.857,     213.152,    214.465,
   14,       33.3,    180.924,     217.771,    220.855,
   15,       35.8,    180.890,     225.827,    227.206,
   16,       38.3,    180.890,     230.526,    233.510,
   17,       40.8,    180.898,     236.045,    239.760,
   18,       43.3,    180.857,     243.839,    245.946,
   19,       45.8,    180.804,     251.100,    252.061,
   20,       48.3,    180.950,     258.082,    258.105,
   21,       50.8,    180.976,     263.847,    264.066,
   22,       53.3,    180.928,     270.550,    269.937,
   23,       55.8,    181.018,     275.940,    275.715,
   24,       58.3,    180.954,     282.669,    281.391,
   25,       60.8,    180.984,     287.318,    286.960,
   26,       63.3,    180.984,     292.844,    292.419,
   27,       65.8,    180.954,     298.695,    297.760,
   28,       68.3,    180.909,     304.020,    302.980,
   29,       70.8,    180.954,     310.024,    308.078,
   30,       73.3,    180.939,     315.023,    313.048,
   31,       75.8,    181.036,     320.378,    317.890,
   32,       78.3,    181.003,     326.515,    322.598,
   33,       80.8,    181.029,     329.782,    327.171,
   34,       83.3,    181.018,     333.669,    331.608,
   35,       85.8,    180.999,     337.295,    335.906,
   36,       88.3,    181.025,     340.561,    340.066,
   37,       90.8,    181.006,     344.739,    344.086,
   38,       93.3,    180.928,     347.929,    347.964,
   39,       95.8,    180.913,     352.656,    351.703,
   40,       98.3,    180.887,     355.471,    355.303,
   41,      100.8,    180.950,     360.044,    358.766,
   42,      103.3,    181.025,     361.000,    362.093,
   43,      105.8,    181.047,     363.717,    365.286,
   44,      108.3,    181.092,     367.492,    368.346,
   45,      110.8,    180.999,     370.444,    371.272,
   46,      113.3,    181.107,     373.535,    374.071,
   47,      115.8,    181.029,     375.907,    376.742,
   48,      118.3,    180.995,     378.187,    379.288,
   49,      120.8,    180.984,     380.973,    381.713,
   50,      123.3,    181.018,     384.217,    384.019,
   51,      125.8,    180.969,     385.702,    386.210,
   52,      128.3,    180.980,     385.954,    388.288,
   53,      130.8,    181.066,     389.913,    390.257,
   54,      133.3,    180.988,     390.634,    392.120,
   55,      135.8,    181.081,     392.642,    393.881,
   56,      138.3,    181.066,     394.331,    395.542,
   57,      140.8,    181.062,     395.996,    397.108,
   58,      143.3,    181.036,     396.882,    398.580,
   59,      145.8,    181.010,     398.597,    399.963,
   60,      148.3,    180.965,     400.630,    401.260,
   61,      150.8,    180.999,     401.384,    402.473,
   62,      153.3,    181.003,     402.757,    403.608,
   63,      155.8,    181.051,     404.582,    404.666,
   64,      158.3,    181.047,     405.971,    405.651,
   65,      160.8,    180.999,     406.632,    406.566,
   66,      163.3,    181.107,     406.665,    407.413,
   67,      165.8,    181.014,     409.085,    408.197,
   68,      168.3,    181.033,     407.938,    408.918,
   69,      170.8,    180.954,     408.668,    409.581,
   70,      175.8,    179.918,     411.215,    410.199,
----,
DateTime:        , 2025/11/20, 16:43:58, 1763671438448,
RFID_EPC:        ,--Not Acquired--,
RFID_UserData:   ,--Not Acquired--,
Barcode:         ,--Not Acquired--,
PIF:,            0.00,
PARs:,            0.0,     0.0,     0.0,     0.0,     0.0,     0.0,
Light:,           0.0,     0.0,     0.0,     0.0,     0.0,     0.0,
Cycles:,            1,
                    1,      69,      70,      70,
Lamps:,        #10000,
Gain:,              2,     100, 
SNR_raw:,     242.05,
Position:,        0.0,              0.0,   NoData,
DataPt,      Time(us),   EX,         EM,       Fit,
==========,==========,==========,==========,=========,
    0,        0.0,      0.000,       0.000,    135.747,
    1,        0.8,    161.834,     133.779,    140.246,
    2,        3.3,    180.506,     145.000,    145.513,
    3,        5.8,    180.581,     155.055,    151.025,
    4,        8.3,    180.711,     161.584,    156.753,
    5,       10.8,    180.659,     164.675,    162.662,
    6,       13.3,    180.820,     171.441,    168.729,
    7,       15.8,    180.842,     175.567,    174.927,
    8,       18.3,    180.872,     181.620,    181.231,
    9,       20.8,    180.831,     186.915,    187.618,
   10,       23.3,    180.764,     192.793,    194.066,
   11,       25.8,    180.865,     198.767,    200.560,
   12,       28.3,    180.831,     206.270,    207.080,
   13,       30.8,    180.809,     211.826,    213.609,
   14,       33.3,    180.753,     219.084,    220.130,
   15,       35.8,    180.820,     225.362,    226.632,
   16,       38.3,    180.865,     230.835,    233.101,
   17,       40.8,    180.973,     237.604,    239.525,
   18,       43.3,    180.985,     244.496,    245.890,
   19,       45.8,    181.007,     250.267,    252.187,
   20,       48.3,    180.861,     256.550,    258.400,
   21,       50.8,    180.921,     264.756,    264.526,
   22,       53.3,    180.869,     270.638,    270.552,
   23,       55.8,    180.955,     277.141,    276.475,
   24,       58.3,    180.913,     283.008,    282.284,
   25,       60.8,    180.925,     288.241,    287.975,
   26,       63.3,    181.033,     293.593,    293.542,
   27,       65.8,    180.951,     299.252,    298.978,
   28,       68.3,    181.048,     304.339,    304.282,
   29,       70.8,    181.037,     311.815,    309.448,
   30,       73.3,    180.992,     315.483,    314.471,
   31,       75.8,    180.973,     320.765,    319.351,
   32,       78.3,    180.936,     325.253,    324.085,
   33,       80.8,    180.981,     329.317,    328.672,
   34,       83.3,    180.955,     334.891,    333.110,
   35,       85.8,    180.940,     337.958,    337.400,
   36,       88.3,    181.011,     342.521,    341.542,
   37,       90.8,    181.011,     346.112,    345.535,
   38,       93.3,    181.052,     349.624,    349.381,
   39,       95.8,    181.037,     354.071,    353.081,
   40,       98.3,    181.052,     356.528,    356.636,
   41,      100.8,    181.014,     359.087,    360.047,
   42,      103.3,    181.052,     364.260,    363.318,
   43,      105.8,    181.033,     366.507,    366.450,
   44,      108.3,    180.925,     369.214,    369.445,
   45,      110.8,    180.951,     371.924,    372.308,
   46,      113.3,    180.928,     373.076,    375.040,
   47,      115.8,    180.958,     378.264,    377.644,
   48,      118.3,    181.059,     378.605,    380.125,
   49,      120.8,    181.014,     381.737,    382.484,
   50,      123.3,    181.082,     384.357,    384.727,
   51,      125.8,    181.074,     386.858,    386.855,
   52,      128.3,    181.112,     388.434,    388.873,
   53,      130.8,    181.056,     391.040,    390.785,
   54,      133.3,    180.988,     391.462,    392.593,
   55,      135.8,    181.037,     392.185,    394.302,
   56,      138.3,    180.973,     395.915,    395.915,
   57,      140.8,    181.033,     395.784,    397.434,
   58,      143.3,    180.992,     397.808,    398.865,
   59,      145.8,    180.985,     400.034,    400.211,
   60,      148.3,    181.044,     401.283,    401.473,
   61,      150.8,    180.988,     401.131,    402.657,
   62,      153.3,    181.074,     403.978,    403.765,
   63,      155.8,    181.071,     404.262,    404.800,
   64,      158.3,    180.992,     405.266,    405.766,
   65,      160.8,    181.022,     406.580,    406.665,
   66,      163.3,    180.981,     407.778,    407.502,
   67,      165.8,    181.063,     409.250,    408.277,
   68,      168.3,    181.029,     409.878,    408.994,
   69,      170.8,    180.981,     410.817,    409.656,
   70,      175.8,    179.907,     413.216,    412.724,
